3.000000000000000000e+01 0.000000000000000000e+00 0.000000000000000000e+00 5.586572449791911140e-11
3.100000000000000000e+01 0.000000000000000000e+00 0.000000000000000000e+00 5.240888625715147875e-11
3.200000000000000000e+01 0.000000000000000000e+00 0.000000000000000000e+00 4.926663023241119316e-11
3.300000000000000000e+01 0.000000000000000000e+00 0.000000000000000000e+00 4.640189871941240071e-11
3.400000000000000000e+01 0.000000000000000000e+00 0.000000000000000000e+00 4.378292764148893650e-11
3.500000000000000000e+01 0.000000000000000000e+00 0.000000000000000000e+00 4.138238039955329121e-11
3.600000000000000000e+01 0.000000000000000000e+00 0.000000000000000000e+00 3.917661216448620550e-11
3.700000000000000000e+01 0.000000000000000000e+00 0.000000000000000000e+00 3.714510105633480431e-11
3.800000000000000000e+01 0.000000000000000000e+00 0.000000000000000000e+00 3.526995305403909882e-11
3.900000000000000000e+01 0.000000000000000000e+00 0.000000000000000000e+00 3.353551978981380062e-11
4.000000000000000000e+01 0.000000000000000000e+00 0.000000000000000000e+00 3.192805791789339649e-11
4.100000000000000000e+01 0.000000000000000000e+00 0.000000000000000000e+00 3.043546728161652261e-11
4.200000000000000000e+01 0.000000000000000000e+00 0.000000000000000000e+00 2.904705127057906601e-11
4.300000000000000000e+01 0.000000000000000000e+00 0.000000000000000000e+00 2.775333463368969338e-11
4.400000000000000000e+01 0.000000000000000000e+00 0.000000000000000000e+00 2.654589165603790132e-11
4.500000000000000000e+01 0.000000000000000000e+00 0.000000000000000000e+00 2.541721726863874992e-11
4.600000000000000000e+01 0.000000000000000000e+00 0.000000000000000000e+00 2.436060170606006935e-11
4.700000000000000000e+01 0.000000000000000000e+00 0.000000000000000000e+00 2.337003830088688168e-11
4.800000000000000000e+01 0.000000000000000000e+00 0.000000000000000000e+00 2.244013031683014612e-11
4.900000000000000000e+01 0.000000000000000000e+00 0.000000000000000000e+00 2.156602435545031599e-11
5.000000000000000000e+01 0.000000000000000000e+00 0.000000000000000000e+00 2.074334009398121091e-11
5.100000000000000000e+01 0.000000000000000000e+00 0.000000000000000000e+00 1.996812152981789774e-11
5.200000000000000000e+01 0.000000000000000000e+00 0.000000000000000000e+00 1.923678339289750161e-11
5.300000000000000000e+01 0.000000000000000000e+00 0.000000000000000000e+00 1.854607512268713686e-11
5.400000000000000000e+01 0.000000000000000000e+00 0.000000000000000000e+00 1.789303944683115261e-11
5.500000000000000000e+01 0.000000000000000000e+00 0.000000000000000000e+00 1.727498552041727110e-11
5.600000000000000000e+01 0.000000000000000000e+00 0.000000000000000000e+00 1.668945652995170173e-11
5.700000000000000000e+01 0.000000000000000000e+00 0.000000000000000000e+00 1.613420956565605262e-11
5.800000000000000000e+01 0.000000000000000000e+00 0.000000000000000000e+00 1.560718994582903853e-11
5.900000000000000000e+01 0.000000000000000000e+00 0.000000000000000000e+00 1.510651614689987280e-11
6.000000000000000000e+01 0.000000000000000000e+00 0.000000000000000000e+00 1.463045919231914554e-11
6.100000000000000000e+01 0.000000000000000000e+00 0.000000000000000000e+00 1.417743120578784897e-11
6.200000000000000000e+01 0.000000000000000000e+00 0.000000000000000000e+00 1.374596883172984571e-11
6.300000000000000000e+01 0.000000000000000000e+00 0.000000000000000000e+00 1.333472458002557637e-11
6.400000000000000000e+01 0.000000000000000000e+00 0.000000000000000000e+00 1.294245320831199414e-11
6.500000000000000000e+01 0.000000000000000000e+00 0.000000000000000000e+00 1.256800522090840235e-11
6.600000000000000000e+01 0.000000000000000000e+00 0.000000000000000000e+00 1.221031560530037818e-11
6.700000000000000000e+01 0.000000000000000000e+00 0.000000000000000000e+00 1.186839893567500247e-11
6.800000000000000000e+01 0.000000000000000000e+00 0.000000000000000000e+00 1.154134002271636293e-11
6.900000000000000000e+01 0.000000000000000000e+00 0.000000000000000000e+00 1.122829021336628684e-11
7.000000000000000000e+01 0.000000000000000000e+00 0.000000000000000000e+00 1.092845951935299446e-11
7.100000000000000000e+01 0.000000000000000000e+00 0.000000000000000000e+00 1.064111390838169827e-11
7.200000000000000000e+01 0.000000000000000000e+00 0.000000000000000000e+00 1.036556858778545347e-11
7.300000000000000000e+01 0.000000000000000000e+00 0.000000000000000000e+00 1.010118605598975763e-11
7.400000000000000000e+01 0.000000000000000000e+00 0.000000000000000000e+00 9.847370351221363753e-12
7.500000000000000000e+01 0.000000000000000000e+00 0.000000000000000000e+00 9.603565648516339647e-12
7.600000000000000000e+01 0.000000000000000000e+00 0.000000000000000000e+00 9.369251334176260922e-12
7.700000000000000000e+01 0.000000000000000000e+00 0.000000000000000000e+00 9.143941032303516596e-12
7.800000000000000000e+01 0.000000000000000000e+00 0.000000000000000000e+00 8.927178323166428739e-12
7.900000000000000000e+01 0.000000000000000000e+00 0.000000000000000000e+00 8.718536110057294761e-12
8.000000000000000000e+01 0.000000000000000000e+00 0.000000000000000000e+00 8.517612904500371595e-12
8.100000000000000000e+01 0.000000000000000000e+00 0.000000000000000000e+00 8.324032437143816571e-12
8.200000000000000000e+01 0.000000000000000000e+00 0.000000000000000000e+00 8.137440396603070872e-12
8.300000000000000000e+01 0.000000000000000000e+00 0.000000000000000000e+00 7.957504248913631955e-12
8.400000000000000000e+01 0.000000000000000000e+00 0.000000000000000000e+00 7.783910356700334113e-12
8.500000000000000000e+01 0.000000000000000000e+00 0.000000000000000000e+00 7.616363959300975449e-12
8.600000000000000000e+01 0.000000000000000000e+00 0.000000000000000000e+00 7.454586619951813370e-12
8.700000000000000000e+01 0.000000000000000000e+00 0.000000000000000000e+00 7.298316322595595829e-12
8.800000000000000000e+01 0.000000000000000000e+00 0.000000000000000000e+00 7.147305181430988583e-12
8.900000000000000000e+01 0.000000000000000000e+00 0.000000000000000000e+00 7.001319658024874233e-12
9.000000000000000000e+01 0.000000000000000000e+00 0.000000000000000000e+00 6.860138480358565084e-12
9.100000000000000000e+01 0.000000000000000000e+00 0.000000000000000000e+00 6.723552948211610119e-12
9.200000000000000000e+01 0.000000000000000000e+00 0.000000000000000000e+00 6.591365049822871453e-12
9.300000000000000000e+01 0.000000000000000000e+00 0.000000000000000000e+00 6.463387817519268886e-12
9.400000000000000000e+01 0.000000000000000000e+00 0.000000000000000000e+00 6.339443625863056713e-12
9.500000000000000000e+01 0.000000000000000000e+00 0.000000000000000000e+00 6.219364572879178867e-12
9.600000000000000000e+01 0.000000000000000000e+00 0.000000000000000000e+00 6.102990946436222963e-12
9.700000000000000000e+01 0.000000000000000000e+00 0.000000000000000000e+00 5.990171634347172264e-12
9.800000000000000000e+01 0.000000000000000000e+00 0.000000000000000000e+00 5.880762709175437956e-12
9.900000000000000000e+01 0.000000000000000000e+00 0.000000000000000000e+00 5.774627868000891206e-12
1.000000000000000000e+02 0.000000000000000000e+00 0.000000000000000000e+00 5.671637133539482065e-12
1.010000000000000000e+02 0.000000000000000000e+00 0.000000000000000000e+00 5.571667302024540183e-12
1.020000000000000000e+02 0.000000000000000000e+00 0.000000000000000000e+00 5.474600746171685084e-12
1.030000000000000000e+02 0.000000000000000000e+00 0.000000000000000000e+00 5.380325882212664357e-12
1.040000000000000000e+02 0.000000000000000000e+00 0.000000000000000000e+00 5.288736056638599481e-12
1.050000000000000000e+02 0.000000000000000000e+00 0.000000000000000000e+00 5.199730004232815368e-12
1.060000000000000000e+02 0.000000000000000000e+00 0.000000000000000000e+00 5.113210837916977242e-12
1.070000000000000000e+02 0.000000000000000000e+00 0.000000000000000000e+00 5.029086491419593639e-12
1.080000000000000000e+02 0.000000000000000000e+00 0.000000000000000000e+00 4.947268782602725943e-12
1.090000000000000000e+02 0.000000000000000000e+00 0.000000000000000000e+00 4.867673860459672793e-12
1.100000000000000000e+02 0.000000000000000000e+00 0.000000000000000000e+00 4.790221324566874536e-12
1.110000000000000000e+02 0.000000000000000000e+00 0.000000000000000000e+00 4.714834678250546659e-12
1.120000000000000000e+02 0.000000000000000000e+00 0.000000000000000000e+00 4.641440487725987056e-12
1.130000000000000000e+02 0.000000000000000000e+00 0.000000000000000000e+00 4.569968846224910764e-12
1.140000000000000000e+02 0.000000000000000000e+00 0.000000000000000000e+00 4.500352579530408212e-12
1.150000000000000000e+02 0.000000000000000000e+00 0.000000000000000000e+00 4.432527696347637099e-12
1.160000000000000000e+02 0.000000000000000000e+00 0.000000000000000000e+00 4.366432651212460097e-12
1.170000000000000000e+02 0.000000000000000000e+00 0.000000000000000000e+00 4.302008780008174170e-12
1.180000000000000000e+02 0.000000000000000000e+00 0.000000000000000000e+00 4.239199603527611608e-12
1.190000000000000000e+02 0.000000000000000000e+00 0.000000000000000000e+00 4.177951259562918234e-12
1.200000000000000000e+02 0.000000000000000000e+00 0.000000000000000000e+00 4.118211846710973512e-12
1.210000000000000000e+02 0.000000000000000000e+00 0.000000000000000000e+00 4.059931839266078166e-12
1.220000000000000000e+02 0.000000000000000000e+00 0.000000000000000000e+00 4.003063472078928894e-12
1.230000000000000000e+02 0.000000000000000000e+00 0.000000000000000000e+00 3.947561142766539855e-12
1.240000000000000000e+02 0.000000000000000000e+00 0.000000000000000000e+00 3.893380833274629150e-12
1.250000000000000000e+02 0.000000000000000000e+00 0.000000000000000000e+00 3.840480496601076185e-12
1.260000000000000000e+02 0.000000000000000000e+00 0.000000000000000000e+00 3.788819512134304306e-12
1.270000000000000000e+02 0.000000000000000000e+00 0.000000000000000000e+00 3.738359061975358778e-12
1.280000000000000000e+02 0.000000000000000000e+00 0.000000000000000000e+00 3.689061611459947765e-12
1.290000000000000000e+02 0.000000000000000000e+00 0.000000000000000000e+00 3.640891279076505777e-12
1.300000000000000000e+02 0.000000000000000000e+00 0.000000000000000000e+00 3.593813337672874608e-12
1.310000000000000000e+02 0.000000000000000000e+00 0.000000000000000000e+00 3.547794579660711586e-12
1.320000000000000000e+02 0.000000000000000000e+00 0.000000000000000000e+00 3.502802834063272966e-12
1.330000000000000000e+02 0.000000000000000000e+00 0.000000000000000000e+00 3.458807331810282948e-12
1.340000000000000000e+02 0.000000000000000000e+00 0.000000000000000000e+00 3.415778236941428524e-12
1.350000000000000000e+02 0.000000000000000000e+00 0.000000000000000000e+00 3.373687005424654719e-12
1.360000000000000000e+02 0.000000000000000000e+00 0.000000000000000000e+00 3.332505935833368372e-12
1.370000000000000000e+02 0.000000000000000000e+00 0.000000000000000000e+00 3.292208516306721241e-12
1.380000000000000000e+02 0.000000000000000000e+00 0.000000000000000000e+00 3.252768999142802900e-12
1.390000000000000000e+02 0.000000000000000000e+00 0.000000000000000000e+00 3.214162733413756525e-12
1.400000000000000000e+02 0.000000000000000000e+00 0.000000000000000000e+00 3.176365761787474075e-12
1.410000000000000000e+02 0.000000000000000000e+00 0.000000000000000000e+00 3.139355139116996011e-12
1.420000000000000000e+02 0.000000000000000000e+00 0.000000000000000000e+00 3.103108550646267229e-12
1.430000000000000000e+02 0.000000000000000000e+00 0.000000000000000000e+00 3.067604616795952628e-12
1.440000000000000000e+02 0.000000000000000000e+00 0.000000000000000000e+00 3.032822528904557285e-12
1.450000000000000000e+02 0.000000000000000000e+00 0.000000000000000000e+00 2.998742348617781143e-12
1.460000000000000000e+02 0.000000000000000000e+00 0.000000000000000000e+00 2.965344653759164928e-12
1.470000000000000000e+02 0.000000000000000000e+00 0.000000000000000000e+00 2.932610829030231985e-12
1.480000000000000000e+02 0.000000000000000000e+00 0.000000000000000000e+00 2.900522727852686431e-12
1.490000000000000000e+02 0.000000000000000000e+00 0.000000000000000000e+00 2.869062956248954902e-12
1.500000000000000000e+02 0.000000000000000000e+00 0.000000000000000000e+00 2.838214542906991357e-12
1.510000000000000000e+02 0.000000000000000000e+00 0.000000000000000000e+00 2.807961218566587824e-12
1.520000000000000000e+02 0.000000000000000000e+00 0.000000000000000000e+00 2.778287097188446027e-12
1.530000000000000000e+02 0.000000000000000000e+00 0.000000000000000000e+00 2.749176946053384438e-12
1.540000000000000000e+02 0.000000000000000000e+00 0.000000000000000000e+00 2.720615880748864681e-12
1.550000000000000000e+02 0.000000000000000000e+00 0.000000000000000000e+00 2.692589628784013368e-12
1.560000000000000000e+02 0.000000000000000000e+00 0.000000000000000000e+00 2.665084231555381924e-12
1.570000000000000000e+02 0.000000000000000000e+00 0.000000000000000000e+00 2.638086303537435068e-12
1.580000000000000000e+02 0.000000000000000000e+00 0.000000000000000000e+00 2.611582742661848987e-12
1.590000000000000000e+02 0.000000000000000000e+00 0.000000000000000000e+00 2.585560985261267889e-12
1.600000000000000000e+02 0.000000000000000000e+00 0.000000000000000000e+00 2.560008722611282716e-12
1.610000000000000000e+02 0.000000000000000000e+00 0.000000000000000000e+00 2.534914151941203190e-12
1.620000000000000000e+02 0.000000000000000000e+00 0.000000000000000000e+00 2.510265700996015029e-12
1.630000000000000000e+02 0.000000000000000000e+00 0.000000000000000000e+00 2.486052272392523140e-12
1.640000000000000000e+02 0.000000000000000000e+00 0.000000000000000000e+00 2.462262976880958380e-12
1.650000000000000000e+02 0.000000000000000000e+00 0.000000000000000000e+00 2.438887371880800078e-12
1.660000000000000000e+02 0.000000000000000000e+00 0.000000000000000000e+00 2.415915203282874394e-12
1.670000000000000000e+02 0.000000000000000000e+00 0.000000000000000000e+00 2.393336636835410518e-12
1.680000000000000000e+02 0.000000000000000000e+00 0.000000000000000000e+00 2.371142008427301011e-12
1.690000000000000000e+02 0.000000000000000000e+00 0.000000000000000000e+00 2.349322050366244619e-12
1.700000000000000000e+02 0.000000000000000000e+00 0.000000000000000000e+00 2.327867646568728109e-12
1.710000000000000000e+02 0.000000000000000000e+00 0.000000000000000000e+00 2.306770057096955103e-12
1.720000000000000000e+02 0.000000000000000000e+00 0.000000000000000000e+00 2.286020677496748120e-12
1.730000000000000000e+02 0.000000000000000000e+00 0.000000000000000000e+00 2.265611257310167861e-12
1.740000000000000000e+02 0.000000000000000000e+00 0.000000000000000000e+00 2.245533670301487424e-12
1.750000000000000000e+02 0.000000000000000000e+00 0.000000000000000000e+00 2.225780123078912513e-12
1.760000000000000000e+02 0.000000000000000000e+00 0.000000000000000000e+00 2.206342934732767575e-12
1.770000000000000000e+02 0.000000000000000000e+00 0.000000000000000000e+00 2.187214739327935298e-12
1.780000000000000000e+02 0.000000000000000000e+00 0.000000000000000000e+00 2.168388270821836840e-12
1.790000000000000000e+02 0.000000000000000000e+00 0.000000000000000000e+00 2.149856563016909855e-12
1.800000000000000000e+02 0.000000000000000000e+00 0.000000000000000000e+00 2.131612737872408593e-12
1.810000000000000000e+02 0.000000000000000000e+00 0.000000000000000000e+00 2.113650202459679813e-12
1.820000000000000000e+02 0.000000000000000000e+00 0.000000000000000000e+00 2.095962441777151504e-12
1.830000000000000000e+02 0.000000000000000000e+00 0.000000000000000000e+00 2.078543212134857904e-12
1.840000000000000000e+02 0.000000000000000000e+00 0.000000000000000000e+00 2.061386338422492045e-12
1.850000000000000000e+02 0.000000000000000000e+00 0.000000000000000000e+00 2.044485904676276127e-12
1.860000000000000000e+02 0.000000000000000000e+00 0.000000000000000000e+00 2.027836054321552717e-12
1.870000000000000000e+02 0.000000000000000000e+00 0.000000000000000000e+00 2.011431178251912262e-12
1.880000000000000000e+02 0.000000000000000000e+00 0.000000000000000000e+00 1.995265718717730658e-12
1.890000000000000000e+02 0.000000000000000000e+00 0.000000000000000000e+00 1.979334354415063489e-12
1.900000000000000000e+02 0.000000000000000000e+00 0.000000000000000000e+00 1.963631808805422453e-12
1.910000000000000000e+02 0.000000000000000000e+00 0.000000000000000000e+00 1.948153030787408802e-12
1.920000000000000000e+02 0.000000000000000000e+00 0.000000000000000000e+00 1.932893007184211417e-12
1.930000000000000000e+02 0.000000000000000000e+00 0.000000000000000000e+00 1.917846940885703765e-12
1.940000000000000000e+02 0.000000000000000000e+00 0.000000000000000000e+00 1.903010067263604327e-12
1.950000000000000000e+02 0.000000000000000000e+00 0.000000000000000000e+00 1.888377828124053605e-12
1.960000000000000000e+02 0.000000000000000000e+00 0.000000000000000000e+00 1.873945692057495010e-12
1.970000000000000000e+02 0.000000000000000000e+00 0.000000000000000000e+00 1.859709326455377005e-12
1.980000000000000000e+02 0.000000000000000000e+00 0.000000000000000000e+00 1.845664419873988162e-12
1.990000000000000000e+02 0.000000000000000000e+00 0.000000000000000000e+00 1.831806851537140126e-12
2.000000000000000000e+02 0.000000000000000000e+00 0.000000000000000000e+00 1.818132518122766156e-12
2.010000000000000000e+02 0.000000000000000000e+00 0.000000000000000000e+00 1.804637498915293832e-12
2.020000000000000000e+02 0.000000000000000000e+00 0.000000000000000000e+00 1.791317886841031772e-12
2.030000000000000000e+02 0.000000000000000000e+00 0.000000000000000000e+00 1.778169949624422699e-12
2.040000000000000000e+02 0.000000000000000000e+00 0.000000000000000000e+00 1.765189966176050876e-12
2.050000000000000000e+02 0.000000000000000000e+00 0.000000000000000000e+00 1.752374383151557001e-12
2.060000000000000000e+02 0.000000000000000000e+00 0.000000000000000000e+00 1.739719654586034701e-12
2.070000000000000000e+02 0.000000000000000000e+00 0.000000000000000000e+00 1.727222395800876142e-12
2.080000000000000000e+02 0.000000000000000000e+00 0.000000000000000000e+00 1.714879227353518691e-12
2.090000000000000000e+02 0.000000000000000000e+00 0.000000000000000000e+00 1.702686924551009887e-12
2.100000000000000000e+02 0.000000000000000000e+00 0.000000000000000000e+00 1.690642265091244694e-12
2.110000000000000000e+02 0.000000000000000000e+00 0.000000000000000000e+00 1.678742176517955807e-12
2.120000000000000000e+02 0.000000000000000000e+00 0.000000000000000000e+00 1.666983585812663109e-12
2.130000000000000000e+02 0.000000000000000000e+00 0.000000000000000000e+00 1.655363564325773973e-12
2.140000000000000000e+02 0.000000000000000000e+00 0.000000000000000000e+00 1.643879180457503611e-12
2.150000000000000000e+02 0.000000000000000000e+00 0.000000000000000000e+00 1.632527643315745289e-12
2.160000000000000000e+02 0.000000000000000000e+00 0.000000000000000000e+00 1.621306155523798115e-12
2.170000000000000000e+02 0.000000000000000000e+00 0.000000000000000000e+00 1.610212056359669930e-12
2.180000000000000000e+02 0.000000000000000000e+00 0.000000000000000000e+00 1.599242677406377544e-12
2.190000000000000000e+02 0.000000000000000000e+00 0.000000000000000000e+00 1.588395481573380357e-12
2.200000000000000000e+02 0.000000000000000000e+00 0.000000000000000000e+00 1.577667922514024279e-12
2.210000000000000000e+02 0.000000000000000000e+00 0.000000000000000000e+00 1.567057581651617802e-12
2.220000000000000000e+02 0.000000000000000000e+00 0.000000000000000000e+00 1.556562028813134543e-12
2.230000000000000000e+02 0.000000000000000000e+00 0.000000000000000000e+00 1.546178957958051411e-12
2.240000000000000000e+02 0.000000000000000000e+00 0.000000000000000000e+00 1.535906050542583435e-12
2.250000000000000000e+02 0.000000000000000000e+00 0.000000000000000000e+00 1.525741107791165468e-12
2.260000000000000000e+02 0.000000000000000000e+00 0.000000000000000000e+00 1.515681917732724515e-12
2.270000000000000000e+02 0.000000000000000000e+00 0.000000000000000000e+00 1.505726384422412151e-12
2.280000000000000000e+02 0.000000000000000000e+00 0.000000000000000000e+00 1.495872397505496851e-12
2.290000000000000000e+02 0.000000000000000000e+00 0.000000000000000000e+00 1.486117959580625737e-12
2.300000000000000000e+02 0.000000000000000000e+00 0.000000000000000000e+00 1.476461057854631994e-12
2.310000000000000000e+02 0.000000000000000000e+00 0.000000000000000000e+00 1.466899789781604265e-12
2.320000000000000000e+02 0.000000000000000000e+00 0.000000000000000000e+00 1.457432235462117433e-12
2.330000000000000000e+02 0.000000000000000000e+00 0.000000000000000000e+00 1.448056583231464343e-12
2.340000000000000000e+02 0.000000000000000000e+00 0.000000000000000000e+00 1.438771003162569076e-12
2.350000000000000000e+02 0.000000000000000000e+00 0.000000000000000000e+00 1.429573770149751449e-12
2.360000000000000000e+02 0.000000000000000000e+00 0.000000000000000000e+00 1.420463140691005098e-12
2.370000000000000000e+02 0.000000000000000000e+00 0.000000000000000000e+00 1.411437473262195364e-12
2.380000000000000000e+02 0.000000000000000000e+00 0.000000000000000000e+00 1.402495107584708762e-12
2.390000000000000000e+02 0.000000000000000000e+00 0.000000000000000000e+00 1.393634482368317847e-12
2.400000000000000000e+02 0.000000000000000000e+00 0.000000000000000000e+00 1.384854017498703328e-12
2.410000000000000000e+02 0.000000000000000000e+00 0.000000000000000000e+00 1.376152229218184532e-12
2.420000000000000000e+02 0.000000000000000000e+00 0.000000000000000000e+00 1.367527614743547642e-12
2.430000000000000000e+02 0.000000000000000000e+00 0.000000000000000000e+00 1.358978764507723073e-12
2.440000000000000000e+02 0.000000000000000000e+00 0.000000000000000000e+00 1.350504250391774812e-12
2.450000000000000000e+02 0.000000000000000000e+00 0.000000000000000000e+00 1.342102735163571685e-12
2.460000000000000000e+02 0.000000000000000000e+00 0.000000000000000000e+00 1.333772862188805926e-12
2.470000000000000000e+02 0.000000000000000000e+00 0.000000000000000000e+00 1.325513364082233939e-12
2.480000000000000000e+02 0.000000000000000000e+00 0.000000000000000000e+00 1.317322953635506221e-12
2.490000000000000000e+02 0.000000000000000000e+00 0.000000000000000000e+00 1.309200430991045174e-12
2.500000000000000000e+02 0.000000000000000000e+00 0.000000000000000000e+00 1.301144575888949823e-12
2.510000000000000000e+02 0.000000000000000000e+00 0.000000000000000000e+00 1.293154253500738644e-12
2.520000000000000000e+02 0.000000000000000000e+00 0.000000000000000000e+00 1.285228308827510742e-12
2.530000000000000000e+02 0.000000000000000000e+00 0.000000000000000000e+00 1.277365669828202829e-12
2.540000000000000000e+02 0.000000000000000000e+00 0.000000000000000000e+00 1.269565244001382422e-12
2.550000000000000000e+02 0.000000000000000000e+00 0.000000000000000000e+00 1.261826020859509289e-12
2.560000000000000000e+02 0.000000000000000000e+00 0.000000000000000000e+00 1.254146968367296417e-12
2.570000000000000000e+02 0.000000000000000000e+00 0.000000000000000000e+00 1.246527134787144560e-12
2.580000000000000000e+02 0.000000000000000000e+00 0.000000000000000000e+00 1.238965546854787263e-12
2.590000000000000000e+02 0.000000000000000000e+00 0.000000000000000000e+00 1.231461309891892093e-12
2.600000000000000000e+02 0.000000000000000000e+00 0.000000000000000000e+00 1.224013507275258417e-12
2.610000000000000000e+02 0.000000000000000000e+00 0.000000000000000000e+00 1.216621299566598620e-12
2.620000000000000000e+02 0.000000000000000000e+00 0.000000000000000000e+00 1.209283825051114814e-12
2.630000000000000000e+02 0.000000000000000000e+00 0.000000000000000000e+00 1.202000297139335296e-12
2.640000000000000000e+02 0.000000000000000000e+00 0.000000000000000000e+00 1.194769907202701346e-12
2.650000000000000000e+02 0.000000000000000000e+00 0.000000000000000000e+00 1.187591919912749257e-12
2.660000000000000000e+02 0.000000000000000000e+00 0.000000000000000000e+00 1.180465577634269941e-12
2.670000000000000000e+02 0.000000000000000000e+00 0.000000000000000000e+00 1.173390194489147090e-12
2.680000000000000000e+02 0.000000000000000000e+00 0.000000000000000000e+00 1.166365061828328721e-12
2.690000000000000000e+02 0.000000000000000000e+00 0.000000000000000000e+00 1.159389541367528096e-12
2.700000000000000000e+02 0.000000000000000000e+00 0.000000000000000000e+00 1.152462971701235847e-12
2.710000000000000000e+02 0.000000000000000000e+00 0.000000000000000000e+00 1.145584759740836047e-12
2.720000000000000000e+02 0.000000000000000000e+00 0.000000000000000000e+00 1.138754289416024767e-12
2.730000000000000000e+02 0.000000000000000000e+00 0.000000000000000000e+00 1.131971010927442061e-12
2.740000000000000000e+02 0.000000000000000000e+00 0.000000000000000000e+00 1.125234351591237337e-12
2.750000000000000000e+02 0.000000000000000000e+00 0.000000000000000000e+00 1.118543803073944490e-12
2.760000000000000000e+02 0.000000000000000000e+00 0.000000000000000000e+00 1.111898833834497016e-12
2.770000000000000000e+02 0.000000000000000000e+00 0.000000000000000000e+00 1.105298975033811977e-12
2.780000000000000000e+02 0.000000000000000000e+00 0.000000000000000000e+00 1.098743734088910676e-12
2.790000000000000000e+02 0.000000000000000000e+00 0.000000000000000000e+00 1.092232679385321455e-12
2.800000000000000000e+02 0.000000000000000000e+00 0.000000000000000000e+00 1.085765355113613653e-12
2.810000000000000000e+02 0.000000000000000000e+00 0.000000000000000000e+00 1.079341365095179513e-12
2.820000000000000000e+02 0.000000000000000000e+00 0.000000000000000000e+00 1.072960288074071694e-12
2.830000000000000000e+02 0.000000000000000000e+00 0.000000000000000000e+00 1.066621760830497049e-12
2.840000000000000000e+02 0.000000000000000000e+00 0.000000000000000000e+00 1.060325394622974584e-12
2.850000000000000000e+02 0.000000000000000000e+00 0.000000000000000000e+00 1.054070856857029865e-12
2.860000000000000000e+02 0.000000000000000000e+00 0.000000000000000000e+00 1.047857789103364485e-12
2.870000000000000000e+02 0.000000000000000000e+00 0.000000000000000000e+00 1.041685886871133744e-12
2.880000000000000000e+02 0.000000000000000000e+00 0.000000000000000000e+00 1.035554819797920019e-12
2.890000000000000000e+02 0.000000000000000000e+00 0.000000000000000000e+00 1.029464309458412260e-12
2.900000000000000000e+02 0.000000000000000000e+00 0.000000000000000000e+00 1.023414051068649187e-12
2.910000000000000000e+02 0.000000000000000000e+00 0.000000000000000000e+00 1.017403789855804379e-12
2.920000000000000000e+02 0.000000000000000000e+00 0.000000000000000000e+00 1.011433244400838184e-12
2.930000000000000000e+02 0.000000000000000000e+00 0.000000000000000000e+00 1.005502181419179391e-12
2.940000000000000000e+02 0.000000000000000000e+00 0.000000000000000000e+00 9.996103403800797304e-13
2.950000000000000000e+02 0.000000000000000000e+00 0.000000000000000000e+00 9.937575070510325092e-13
2.960000000000000000e+02 0.000000000000000000e+00 0.000000000000000000e+00 9.879434396110001574e-13
2.970000000000000000e+02 0.000000000000000000e+00 0.000000000000000000e+00 9.821679405314784742e-13
2.980000000000000000e+02 0.000000000000000000e+00 0.000000000000000000e+00 9.764307844665549785e-13
2.990000000000000000e+02 0.000000000000000000e+00 0.000000000000000000e+00 9.707317884888833823e-13
3.000000000000000000e+02 0.000000000000000000e+00 0.000000000000000000e+00 9.650707411557433652e-13
3.010000000000000000e+02 0.000000000000000000e+00 0.000000000000000000e+00 9.594474721873113409e-13
3.020000000000000000e+02 0.000000000000000000e+00 0.000000000000000000e+00 9.538617818933069605e-13
3.030000000000000000e+02 0.000000000000000000e+00 0.000000000000000000e+00 9.483135101180098674e-13
3.040000000000000000e+02 0.000000000000000000e+00 0.000000000000000000e+00 9.428024670016748063e-13
3.050000000000000000e+02 0.000000000000000000e+00 0.000000000000000000e+00 9.373285008206877173e-13
3.060000000000000000e+02 0.000000000000000000e+00 0.000000000000000000e+00 9.318914294245283052e-13
3.070000000000000000e+02 0.000000000000000000e+00 0.000000000000000000e+00 9.264911073905225817e-13
3.080000000000000000e+02 0.000000000000000000e+00 0.000000000000000000e+00 9.211273585267540742e-13
3.090000000000000000e+02 0.000000000000000000e+00 0.000000000000000000e+00 9.158000418171707445e-13
3.100000000000000000e+02 0.000000000000000000e+00 0.000000000000000000e+00 9.105089853192269157e-13
3.110000000000000000e+02 0.000000000000000000e+00 0.000000000000000000e+00 9.052540508575867907e-13
3.120000000000000000e+02 0.000000000000000000e+00 0.000000000000000000e+00 9.000350689833703000e-13
3.130000000000000000e+02 0.000000000000000000e+00 0.000000000000000000e+00 8.948519027117091396e-13
3.140000000000000000e+02 0.000000000000000000e+00 0.000000000000000000e+00 8.897043835692982570e-13
3.150000000000000000e+02 0.000000000000000000e+00 0.000000000000000000e+00 8.845923744938127492e-13
3.160000000000000000e+02 0.000000000000000000e+00 0.000000000000000000e+00 8.795157069381725853e-13
3.170000000000000000e+02 0.000000000000000000e+00 0.000000000000000000e+00 8.744742422688968988e-13
3.180000000000000000e+02 0.000000000000000000e+00 0.000000000000000000e+00 8.694678105367410184e-13
3.190000000000000000e+02 0.000000000000000000e+00 0.000000000000000000e+00 8.644962706767588778e-13
3.200000000000000000e+02 0.000000000000000000e+00 0.000000000000000000e+00 8.595594504402815327e-13
3.210000000000000000e+02 0.000000000000000000e+00 0.000000000000000000e+00 8.546572054954816489e-13
3.220000000000000000e+02 0.000000000000000000e+00 0.000000000000000000e+00 8.497893603702267067e-13
3.230000000000000000e+02 0.000000000000000000e+00 0.000000000000000000e+00 8.449557667817699254e-13
3.240000000000000000e+02 0.000000000000000000e+00 0.000000000000000000e+00 8.401562454875575801e-13
3.250000000000000000e+02 0.000000000000000000e+00 0.000000000000000000e+00 8.353906437154866218e-13
3.260000000000000000e+02 0.000000000000000000e+00 0.000000000000000000e+00 8.306587778613381166e-13
3.270000000000000000e+02 0.000000000000000000e+00 0.000000000000000000e+00 8.259604901684407578e-13
3.280000000000000000e+02 0.000000000000000000e+00 0.000000000000000000e+00 8.212955924479120212e-13
3.290000000000000000e+02 0.000000000000000000e+00 0.000000000000000000e+00 8.166639218093075189e-13
3.300000000000000000e+02 0.000000000000000000e+00 0.000000000000000000e+00 8.120652853326978348e-13
3.310000000000000000e+02 0.000000000000000000e+00 0.000000000000000000e+00 8.074995149199416850e-13
3.320000000000000000e+02 0.000000000000000000e+00 0.000000000000000000e+00 8.029664127911228537e-13
3.330000000000000000e+02 0.000000000000000000e+00 0.000000000000000000e+00 7.984658057009818218e-13
3.340000000000000000e+02 0.000000000000000000e+00 0.000000000000000000e+00 7.939974910571818921e-13
3.350000000000000000e+02 0.000000000000000000e+00 0.000000000000000000e+00 7.895612906508288539e-13
3.360000000000000000e+02 0.000000000000000000e+00 0.000000000000000000e+00 7.851569974997708110e-13
3.370000000000000000e+02 0.000000000000000000e+00 0.000000000000000000e+00 7.807844285740101990e-13
3.380000000000000000e+02 0.000000000000000000e+00 0.000000000000000000e+00 7.764433727863185721e-13
3.390000000000000000e+02 0.000000000000000000e+00 0.000000000000000000e+00 7.721336426058561822e-13
3.400000000000000000e+02 0.000000000000000000e+00 0.000000000000000000e+00 7.678550233443729397e-13
3.410000000000000000e+02 0.000000000000000000e+00 0.000000000000000000e+00 7.636073233824909085e-13
3.420000000000000000e+02 0.000000000000000000e+00 0.000000000000000000e+00 7.593903248383309665e-13
3.430000000000000000e+02 0.000000000000000000e+00 0.000000000000000000e+00 7.552038326906065703e-13
3.440000000000000000e+02 0.000000000000000000e+00 0.000000000000000000e+00 7.510476262619164885e-13
3.450000000000000000e+02 0.000000000000000000e+00 0.000000000000000000e+00 7.469215076509576687e-13
3.460000000000000000e+02 0.000000000000000000e+00 0.000000000000000000e+00 7.428252538790489027e-13
3.470000000000000000e+02 0.000000000000000000e+00 0.000000000000000000e+00 7.387586648558018117e-13
3.480000000000000000e+02 0.000000000000000000e+00 0.000000000000000000e+00 7.347215159484474004e-13
3.490000000000000000e+02 0.000000000000000000e+00 0.000000000000000000e+00 7.307136053209784141e-13
3.500000000000000000e+02 0.000000000000000000e+00 0.000000000000000000e+00 7.267347072996560130e-13
3.510000000000000000e+02 0.000000000000000000e+00 0.000000000000000000e+00 7.227846190395113125e-13
3.520000000000000000e+02 0.000000000000000000e+00 0.000000000000000000e+00 7.188631143417205700e-13
3.530000000000000000e+02 0.000000000000000000e+00 0.000000000000000000e+00 7.149699899017579096e-13
3.540000000000000000e+02 0.000000000000000000e+00 0.000000000000000000e+00 7.111050196301952344e-13
3.550000000000000000e+02 0.000000000000000000e+00 0.000000000000000000e+00 7.072680003369127547e-13
3.560000000000000000e+02 0.000000000000000000e+00 0.000000000000000000e+00 7.034587067143437477e-13
3.570000000000000000e+02 0.000000000000000000e+00 0.000000000000000000e+00 6.996769362419834484e-13
3.580000000000000000e+02 0.000000000000000000e+00 0.000000000000000000e+00 6.959224647873289125e-13
3.590000000000000000e+02 0.000000000000000000e+00 0.000000000000000000e+00 6.921950910154076531e-13
3.600000000000000000e+02 0.000000000000000000e+00 0.000000000000000000e+00 6.884945927005939169e-13
3.610000000000000000e+02 0.000000000000000000e+00 0.000000000000000000e+00 6.848207700787150446e-13
3.620000000000000000e+02 0.000000000000000000e+00 0.000000000000000000e+00 6.811734031127410865e-13
3.630000000000000000e+02 0.000000000000000000e+00 0.000000000000000000e+00 6.775522942845340549e-13
3.640000000000000000e+02 0.000000000000000000e+00 0.000000000000000000e+00 6.739572261813427593e-13
3.650000000000000000e+02 0.000000000000000000e+00 0.000000000000000000e+00 6.703880037515467962e-13
3.660000000000000000e+02 0.000000000000000000e+00 0.000000000000000000e+00 6.668444125782744258e-13
3.670000000000000000e+02 0.000000000000000000e+00 0.000000000000000000e+00 6.633262605481327714e-13
3.680000000000000000e+02 0.000000000000000000e+00 0.000000000000000000e+00 6.598333366428510888e-13
3.690000000000000000e+02 0.000000000000000000e+00 0.000000000000000000e+00 6.563654518525491944e-13
3.700000000000000000e+02 0.000000000000000000e+00 0.000000000000000000e+00 6.529223988706808451e-13
3.710000000000000000e+02 0.000000000000000000e+00 0.000000000000000000e+00 6.495039921568500315e-13
3.720000000000000000e+02 0.000000000000000000e+00 0.000000000000000000e+00 6.461100281955938639e-13
3.730000000000000000e+02 0.000000000000000000e+00 0.000000000000000000e+00 6.427403250851874170e-13
3.740000000000000000e+02 0.000000000000000000e+00 0.000000000000000000e+00 6.393946833876064004e-13
3.750000000000000000e+02 0.000000000000000000e+00 0.000000000000000000e+00 6.360729250641890005e-13
3.760000000000000000e+02 0.000000000000000000e+00 0.000000000000000000e+00 6.327748548385899755e-13
3.770000000000000000e+02 0.000000000000000000e+00 0.000000000000000000e+00 6.295002985998802538e-13
3.780000000000000000e+02 0.000000000000000000e+00 0.000000000000000000e+00 6.262490653133234021e-13
3.790000000000000000e+02 0.000000000000000000e+00 0.000000000000000000e+00 6.230209848502248218e-13
3.800000000000000000e+02 0.000000000000000000e+00 0.000000000000000000e+00 6.198158705372131933e-13
3.810000000000000000e+02 0.000000000000000000e+00 0.000000000000000000e+00 6.166335563330861142e-13
3.820000000000000000e+02 0.000000000000000000e+00 0.000000000000000000e+00 6.134738598865739661e-13
3.830000000000000000e+02 0.000000000000000000e+00 0.000000000000000000e+00 6.103366191962585579e-13
3.840000000000000000e+02 0.000000000000000000e+00 0.000000000000000000e+00 6.072216563410864577e-13
3.850000000000000000e+02 0.000000000000000000e+00 0.000000000000000000e+00 6.041288133126473892e-13
3.860000000000000000e+02 0.000000000000000000e+00 0.000000000000000000e+00 6.010579164103194109e-13
3.870000000000000000e+02 0.000000000000000000e+00 0.000000000000000000e+00 5.980088116935155782e-13
3.880000000000000000e+02 0.000000000000000000e+00 0.000000000000000000e+00 5.949813296823610853e-13
3.890000000000000000e+02 0.000000000000000000e+00 0.000000000000000000e+00 5.919753203287127628e-13
3.900000000000000000e+02 0.000000000000000000e+00 0.000000000000000000e+00 5.889906183008737957e-13
3.910000000000000000e+02 0.000000000000000000e+00 0.000000000000000000e+00 5.860270773163052460e-13
3.920000000000000000e+02 0.000000000000000000e+00 0.000000000000000000e+00 5.830845360167056927e-13
3.930000000000000000e+02 0.000000000000000000e+00 0.000000000000000000e+00 5.801628518735463696e-13
3.940000000000000000e+02 0.000000000000000000e+00 0.000000000000000000e+00 5.772618674126819721e-13
3.950000000000000000e+02 0.000000000000000000e+00 0.000000000000000000e+00 5.743814435774539285e-13
3.960000000000000000e+02 0.000000000000000000e+00 0.000000000000000000e+00 5.715214266397832643e-13
3.970000000000000000e+02 0.000000000000000000e+00 0.000000000000000000e+00 5.686816810005129744e-13
3.980000000000000000e+02 0.000000000000000000e+00 0.000000000000000000e+00 5.658620564638518859e-13
3.990000000000000000e+02 0.000000000000000000e+00 0.000000000000000000e+00 5.630624206473093901e-13
4.000000000000000000e+02 0.000000000000000000e+00 0.000000000000000000e+00 5.602826268286164464e-13
4.010000000000000000e+02 0.000000000000000000e+00 0.000000000000000000e+00 5.575225457120197908e-13
4.020000000000000000e+02 0.000000000000000000e+00 0.000000000000000000e+00 5.547820337902901860e-13
4.030000000000000000e+02 0.000000000000000000e+00 0.000000000000000000e+00 5.520609646362009220e-13
4.040000000000000000e+02 0.000000000000000000e+00 0.000000000000000000e+00 5.493591978100803605e-13
4.050000000000000000e+02 0.000000000000000000e+00 0.000000000000000000e+00 5.466766096813176537e-13
4.060000000000000000e+02 0.000000000000000000e+00 0.000000000000000000e+00 5.440130627094990120e-13
4.070000000000000000e+02 0.000000000000000000e+00 0.000000000000000000e+00 5.413684357561649858e-13
4.080000000000000000e+02 0.000000000000000000e+00 0.000000000000000000e+00 5.387425940079058348e-13
4.090000000000000000e+02 0.000000000000000000e+00 0.000000000000000000e+00 5.361354187037281269e-13
4.100000000000000000e+02 0.000000000000000000e+00 0.000000000000000000e+00 5.335467775931027132e-13
4.110000000000000000e+02 0.000000000000000000e+00 0.000000000000000000e+00 5.309765542018736983e-13
4.120000000000000000e+02 0.000000000000000000e+00 0.000000000000000000e+00 5.284246186206323900e-13
4.130000000000000000e+02 0.000000000000000000e+00 0.000000000000000000e+00 5.258908564711440744e-13
4.140000000000000000e+02 0.000000000000000000e+00 0.000000000000000000e+00 5.233751400540565145e-13
4.150000000000000000e+02 0.000000000000000000e+00 0.000000000000000000e+00 5.208773568812440089e-13
4.160000000000000000e+02 0.000000000000000000e+00 0.000000000000000000e+00 5.183973813626294406e-13
4.170000000000000000e+02 0.000000000000000000e+00 0.000000000000000000e+00 5.159351028321899996e-13
4.180000000000000000e+02 0.000000000000000000e+00 0.000000000000000000e+00 5.134903975312322007e-13
4.190000000000000000e+02 0.000000000000000000e+00 0.000000000000000000e+00 5.110631565036124952e-13
4.200000000000000000e+02 0.000000000000000000e+00 0.000000000000000000e+00 5.086532577302073138e-13
4.210000000000000000e+02 0.000000000000000000e+00 0.000000000000000000e+00 5.062605937485196628e-13
4.220000000000000000e+02 0.000000000000000000e+00 0.000000000000000000e+00 5.038850442079150027e-13
4.230000000000000000e+02 0.000000000000000000e+00 0.000000000000000000e+00 5.015265029822359019e-13
4.240000000000000000e+02 0.000000000000000000e+00 0.000000000000000000e+00 4.991848512471717460e-13
4.250000000000000000e+02 0.000000000000000000e+00 0.000000000000000000e+00 4.968599841733435816e-13
4.260000000000000000e+02 0.000000000000000000e+00 0.000000000000000000e+00 4.945517843405813986e-13
4.270000000000000000e+02 0.000000000000000000e+00 0.000000000000000000e+00 4.922601480915350405e-13
4.280000000000000000e+02 0.000000000000000000e+00 0.000000000000000000e+00 4.899849592978878581e-13
4.290000000000000000e+02 0.000000000000000000e+00 0.000000000000000000e+00 4.877261153264867153e-13
4.300000000000000000e+02 0.000000000000000000e+00 0.000000000000000000e+00 4.854835012439976182e-13
4.310000000000000000e+02 0.000000000000000000e+00 0.000000000000000000e+00 4.832570154639692772e-13
4.320000000000000000e+02 0.000000000000000000e+00 0.000000000000000000e+00 4.810465441138394911e-13
4.330000000000000000e+02 0.000000000000000000e+00 0.000000000000000000e+00 4.788519864828062068e-13
4.340000000000000000e+02 0.000000000000000000e+00 0.000000000000000000e+00 4.766732297428814423e-13
4.350000000000000000e+02 0.000000000000000000e+00 0.000000000000000000e+00 4.745101739982401168e-13
4.360000000000000000e+02 0.000000000000000000e+00 0.000000000000000000e+00 4.723627073346032842e-13
4.370000000000000000e+02 0.000000000000000000e+00 0.000000000000000000e+00 4.702307306500586090e-13
4.380000000000000000e+02 0.000000000000000000e+00 0.000000000000000000e+00 4.681141328972523120e-13
4.390000000000000000e+02 0.000000000000000000e+00 0.000000000000000000e+00 4.660128156858602378e-13
4.400000000000000000e+02 0.000000000000000000e+00 0.000000000000000000e+00 4.639266688263908352e-13
4.410000000000000000e+02 0.000000000000000000e+00 0.000000000000000000e+00 4.618555945005990500e-13
4.420000000000000000e+02 0.000000000000000000e+00 0.000000000000000000e+00 4.597994833874294755e-13
4.430000000000000000e+02 0.000000000000000000e+00 0.000000000000000000e+00 4.577582382344732273e-13
4.440000000000000000e+02 0.000000000000000000e+00 0.000000000000000000e+00 4.557317504561660945e-13
4.450000000000000000e+02 0.000000000000000000e+00 0.000000000000000000e+00 4.537199233766869936e-13
4.460000000000000000e+02 0.000000000000000000e+00 0.000000000000000000e+00 4.517226490729748735e-13
4.470000000000000000e+02 0.000000000000000000e+00 0.000000000000000000e+00 4.497398314374576997e-13
4.480000000000000000e+02 0.000000000000000000e+00 0.000000000000000000e+00 4.477713631946225449e-13
4.490000000000000000e+02 0.000000000000000000e+00 0.000000000000000000e+00 4.458171487504785900e-13
4.500000000000000000e+02 0.000000000000000000e+00 0.000000000000000000e+00 4.438770814516626895e-13
4.510000000000000000e+02 0.000000000000000000e+00 0.000000000000000000e+00 4.419510661890915467e-13
4.520000000000000000e+02 0.000000000000000000e+00 0.000000000000000000e+00 4.400389969107260716e-13
4.530000000000000000e+02 0.000000000000000000e+00 0.000000000000000000e+00 4.381407789676112205e-13
4.540000000000000000e+02 0.000000000000000000e+00 0.000000000000000000e+00 4.362563069250217277e-13
4.550000000000000000e+02 0.000000000000000000e+00 0.000000000000000000e+00 4.343854865402490027e-13
4.560000000000000000e+02 0.000000000000000000e+00 0.000000000000000000e+00 4.325282129592393305e-13
4.570000000000000000e+02 0.000000000000000000e+00 0.000000000000000000e+00 4.306843923497139345e-13
4.580000000000000000e+02 0.000000000000000000e+00 0.000000000000000000e+00 4.288539204216819606e-13
4.590000000000000000e+02 0.000000000000000000e+00 0.000000000000000000e+00 4.270367037825018887e-13
4.600000000000000000e+02 0.000000000000000000e+00 0.000000000000000000e+00 4.252326386928813361e-13
4.610000000000000000e+02 0.000000000000000000e+00 0.000000000000000000e+00 4.234416321395084937e-13
4.620000000000000000e+02 0.000000000000000000e+00 0.000000000000000000e+00 4.216635809270923370e-13
4.630000000000000000e+02 0.000000000000000000e+00 0.000000000000000000e+00 4.198983924315965245e-13
4.640000000000000000e+02 0.000000000000000000e+00 0.000000000000000000e+00 4.181459640254491174e-13
4.650000000000000000e+02 0.000000000000000000e+00 0.000000000000000000e+00 4.164062034756646204e-13
4.660000000000000000e+02 0.000000000000000000e+00 0.000000000000000000e+00 4.146790086640856605e-13
4.670000000000000000e+02 0.000000000000000000e+00 0.000000000000000000e+00 4.129642877530608133e-13
4.680000000000000000e+02 0.000000000000000000e+00 0.000000000000000000e+00 4.112619391415898717e-13
4.690000000000000000e+02 0.000000000000000000e+00 0.000000000000000000e+00 4.095718714215483233e-13
4.700000000000000000e+02 0.000000000000000000e+00 0.000000000000000000e+00 4.078939834804200907e-13
4.710000000000000000e+02 0.000000000000000000e+00 0.000000000000000000e+00 4.062281843214104585e-13
4.720000000000000000e+02 0.000000000000000000e+00 0.000000000000000000e+00 4.045743733432487792e-13
4.730000000000000000e+02 0.000000000000000000e+00 0.000000000000000000e+00 4.029324599317648363e-13
4.740000000000000000e+02 0.000000000000000000e+00 0.000000000000000000e+00 4.013023440341784512e-13
4.750000000000000000e+02 0.000000000000000000e+00 0.000000000000000000e+00 3.996839354407161142e-13
4.760000000000000000e+02 0.000000000000000000e+00 0.000000000000000000e+00 3.980771346075504069e-13
4.770000000000000000e+02 0.000000000000000000e+00 0.000000000000000000e+00 3.964818517721667092e-13
4.780000000000000000e+02 0.000000000000000000e+00 0.000000000000000000e+00 3.948979879200255059e-13
4.790000000000000000e+02 0.000000000000000000e+00 0.000000000000000000e+00 3.933254536680520004e-13
4.800000000000000000e+02 0.000000000000000000e+00 0.000000000000000000e+00 3.917641505759540479e-13
4.810000000000000000e+02 0.000000000000000000e+00 0.000000000000000000e+00 3.902139896816368538e-13
4.820000000000000000e+02 0.000000000000000000e+00 0.000000000000000000e+00 3.886748730822320207e-13
4.830000000000000000e+02 0.000000000000000000e+00 0.000000000000000000e+00 3.871467122868759275e-13
4.840000000000000000e+02 0.000000000000000000e+00 0.000000000000000000e+00 3.856294099262777666e-13
4.850000000000000000e+02 0.000000000000000000e+00 0.000000000000000000e+00 3.841228779573303065e-13
4.860000000000000000e+02 0.000000000000000000e+00 0.000000000000000000e+00 3.826270195753038072e-13
4.870000000000000000e+02 0.000000000000000000e+00 0.000000000000000000e+00 3.811417472430145713e-13
4.880000000000000000e+02 0.000000000000000000e+00 0.000000000000000000e+00 3.796669647140226714e-13
4.890000000000000000e+02 0.000000000000000000e+00 0.000000000000000000e+00 3.782025849100378499e-13
4.900000000000000000e+02 0.000000000000000000e+00 0.000000000000000000e+00 3.767485122078436697e-13
4.910000000000000000e+02 0.000000000000000000e+00 0.000000000000000000e+00 3.753046600352213852e-13
4.920000000000000000e+02 0.000000000000000000e+00 0.000000000000000000e+00 3.738709334047689266e-13
4.930000000000000000e+02 0.000000000000000000e+00 0.000000000000000000e+00 3.724472462501615981e-13
4.940000000000000000e+02 0.000000000000000000e+00 0.000000000000000000e+00 3.710335042132582191e-13
4.950000000000000000e+02 0.000000000000000000e+00 0.000000000000000000e+00 3.696296217791992625e-13
4.960000000000000000e+02 0.000000000000000000e+00 0.000000000000000000e+00 3.682355052304824618e-13
4.970000000000000000e+02 0.000000000000000000e+00 0.000000000000000000e+00 3.668510696334739367e-13
4.980000000000000000e+02 0.000000000000000000e+00 0.000000000000000000e+00 3.654762219304389369e-13
4.990000000000000000e+02 0.000000000000000000e+00 0.000000000000000000e+00 3.641108777771281458e-13
5.000000000000000000e+02 0.000000000000000000e+00 0.000000000000000000e+00 3.627549448198631769e-13
5.010000000000000000e+02 0.000000000000000000e+00 0.000000000000000000e+00 3.614083393247860499e-13
5.020000000000000000e+02 0.000000000000000000e+00 0.000000000000000000e+00 3.600709696803990643e-13
5.030000000000000000e+02 0.000000000000000000e+00 0.000000000000000000e+00 3.587427527848425901e-13
5.040000000000000000e+02 0.000000000000000000e+00 0.000000000000000000e+00 3.574235977791460850e-13
5.050000000000000000e+02 0.000000000000000000e+00 0.000000000000000000e+00 3.561134222485110130e-13
5.060000000000000000e+02 0.000000000000000000e+00 0.000000000000000000e+00 3.548121361324639570e-13
5.070000000000000000e+02 0.000000000000000000e+00 0.000000000000000000e+00 3.535196576954139541e-13
5.080000000000000000e+02 0.000000000000000000e+00 0.000000000000000000e+00 3.522358977129306545e-13
5.090000000000000000e+02 0.000000000000000000e+00 0.000000000000000000e+00 3.509607751695644970e-13
5.100000000000000000e+02 0.000000000000000000e+00 0.000000000000000000e+00 3.496942016649397852e-13
5.110000000000000000e+02 0.000000000000000000e+00 0.000000000000000000e+00 3.484360969843381876e-13
5.120000000000000000e+02 0.000000000000000000e+00 0.000000000000000000e+00 3.471863735665183496e-13
5.130000000000000000e+02 0.000000000000000000e+00 0.000000000000000000e+00 3.459449520071195443e-13
5.140000000000000000e+02 0.000000000000000000e+00 0.000000000000000000e+00 3.447117456272927103e-13
5.150000000000000000e+02 0.000000000000000000e+00 0.000000000000000000e+00 3.434866758609136000e-13
5.160000000000000000e+02 0.000000000000000000e+00 0.000000000000000000e+00 3.422696569706817833e-13
5.170000000000000000e+02 0.000000000000000000e+00 0.000000000000000000e+00 3.410606112348694229e-13
5.180000000000000000e+02 0.000000000000000000e+00 0.000000000000000000e+00 3.398594539023901004e-13
5.190000000000000000e+02 0.000000000000000000e+00 0.000000000000000000e+00 3.386661081391232859e-13
5.200000000000000000e+02 0.000000000000000000e+00 0.000000000000000000e+00 3.374804901996983756e-13
5.210000000000000000e+02 0.000000000000000000e+00 0.000000000000000000e+00 3.363025241741535437e-13
5.220000000000000000e+02 0.000000000000000000e+00 0.000000000000000000e+00 3.351321273041166668e-13
5.230000000000000000e+02 0.000000000000000000e+00 0.000000000000000000e+00 3.339692246592856957e-13
5.240000000000000000e+02 0.000000000000000000e+00 0.000000000000000000e+00 3.328137345435964205e-13
5.250000000000000000e+02 0.000000000000000000e+00 0.000000000000000000e+00 3.316655829869500527e-13
5.260000000000000000e+02 0.000000000000000000e+00 0.000000000000000000e+00 3.305246893789029153e-13
5.270000000000000000e+02 0.000000000000000000e+00 0.000000000000000000e+00 3.293909807798249499e-13
5.280000000000000000e+02 0.000000000000000000e+00 0.000000000000000000e+00 3.282643776542871873e-13
5.290000000000000000e+02 0.000000000000000000e+00 0.000000000000000000e+00 3.271448081215098232e-13
5.300000000000000000e+02 0.000000000000000000e+00 0.000000000000000000e+00 3.260321937710859661e-13
5.310000000000000000e+02 0.000000000000000000e+00 0.000000000000000000e+00 3.249264638120316274e-13
5.320000000000000000e+02 0.000000000000000000e+00 0.000000000000000000e+00 3.238275409926464801e-13
5.330000000000000000e+02 0.000000000000000000e+00 0.000000000000000000e+00 3.227353556197419312e-13
5.340000000000000000e+02 0.000000000000000000e+00 0.000000000000000000e+00 3.216498316337613688e-13
5.350000000000000000e+02 0.000000000000000000e+00 0.000000000000000000e+00 3.205709004769936505e-13
5.360000000000000000e+02 0.000000000000000000e+00 0.000000000000000000e+00 3.194984873114861110e-13
5.370000000000000000e+02 0.000000000000000000e+00 0.000000000000000000e+00 3.184325247457843663e-13
5.380000000000000000e+02 0.000000000000000000e+00 0.000000000000000000e+00 3.173729389913569339e-13
5.390000000000000000e+02 0.000000000000000000e+00 0.000000000000000000e+00 3.163196640509205489e-13
5.400000000000000000e+02 0.000000000000000000e+00 0.000000000000000000e+00 3.152726273142762942e-13
5.410000000000000000e+02 0.000000000000000000e+00 0.000000000000000000e+00 3.142317639046025337e-13
5.420000000000000000e+02 0.000000000000000000e+00 0.000000000000000000e+00 3.131970026371773575e-13
5.430000000000000000e+02 0.000000000000000000e+00 0.000000000000000000e+00 3.121682798542828539e-13
5.440000000000000000e+02 0.000000000000000000e+00 0.000000000000000000e+00 3.111455255408218660e-13
5.450000000000000000e+02 0.000000000000000000e+00 0.000000000000000000e+00 3.101286772966020492e-13
5.460000000000000000e+02 0.000000000000000000e+00 0.000000000000000000e+00 3.091176665698184436e-13
5.470000000000000000e+02 0.000000000000000000e+00 0.000000000000000000e+00 3.081124320562667126e-13
5.480000000000000000e+02 0.000000000000000000e+00 0.000000000000000000e+00 3.071129064212982830e-13
5.490000000000000000e+02 0.000000000000000000e+00 0.000000000000000000e+00 3.061190297680865540e-13
5.500000000000000000e+02 0.000000000000000000e+00 0.000000000000000000e+00 3.051307362648990902e-13
5.510000000000000000e+02 0.000000000000000000e+00 0.000000000000000000e+00 3.041479671825753969e-13
5.520000000000000000e+02 0.000000000000000000e+00 0.000000000000000000e+00 3.031706579505843694e-13
5.530000000000000000e+02 0.000000000000000000e+00 0.000000000000000000e+00 3.021987512959979476e-13
5.540000000000000000e+02 0.000000000000000000e+00 0.000000000000000000e+00 3.012321838271817352e-13
5.550000000000000000e+02 0.000000000000000000e+00 0.000000000000000000e+00 3.002708996714179572e-13
5.560000000000000000e+02 0.000000000000000000e+00 0.000000000000000000e+00 2.993148369194555550e-13
5.570000000000000000e+02 0.000000000000000000e+00 0.000000000000000000e+00 2.983639410991972459e-13
5.580000000000000000e+02 0.000000000000000000e+00 0.000000000000000000e+00 2.974181515632010155e-13
5.590000000000000000e+02 0.000000000000000000e+00 0.000000000000000000e+00 2.964774150760586687e-13
5.600000000000000000e+02 0.000000000000000000e+00 0.000000000000000000e+00 2.955416725261563123e-13
5.610000000000000000e+02 0.000000000000000000e+00 0.000000000000000000e+00 2.946108720146441748e-13
5.620000000000000000e+02 0.000000000000000000e+00 0.000000000000000000e+00 2.936849559080999088e-13
5.630000000000000000e+02 0.000000000000000000e+00 0.000000000000000000e+00 2.927638735086203378e-13
5.640000000000000000e+02 0.000000000000000000e+00 0.000000000000000000e+00 2.918475686632309282e-13
5.650000000000000000e+02 0.000000000000000000e+00 0.000000000000000000e+00 2.909359921517443597e-13
5.660000000000000000e+02 0.000000000000000000e+00 0.000000000000000000e+00 2.900290891368885548e-13
5.670000000000000000e+02 0.000000000000000000e+00 0.000000000000000000e+00 2.891268118262357220e-13
5.680000000000000000e+02 0.000000000000000000e+00 0.000000000000000000e+00 2.882291067920467134e-13
5.690000000000000000e+02 0.000000000000000000e+00 0.000000000000000000e+00 2.873359275070336173e-13
5.700000000000000000e+02 0.000000000000000000e+00 0.000000000000000000e+00 2.864472221425939056e-13
5.710000000000000000e+02 0.000000000000000000e+00 0.000000000000000000e+00 2.855629455231331629e-13
5.720000000000000000e+02 0.000000000000000000e+00 0.000000000000000000e+00 2.846830471857210737e-13
5.730000000000000000e+02 0.000000000000000000e+00 0.000000000000000000e+00 2.838074833332684479e-13
5.740000000000000000e+02 0.000000000000000000e+00 0.000000000000000000e+00 2.829362049394902785e-13
5.750000000000000000e+02 0.000000000000000000e+00 0.000000000000000000e+00 2.820691695962358605e-13
5.760000000000000000e+02 0.000000000000000000e+00 0.000000000000000000e+00 2.812063295697868290e-13
5.770000000000000000e+02 0.000000000000000000e+00 0.000000000000000000e+00 2.803476440028676238e-13
5.780000000000000000e+02 0.000000000000000000e+00 0.000000000000000000e+00 2.794930665388158225e-13
5.790000000000000000e+02 0.000000000000000000e+00 0.000000000000000000e+00 2.786425576343646805e-13
5.800000000000000000e+02 0.000000000000000000e+00 0.000000000000000000e+00 2.777960723292736600e-13
5.810000000000000000e+02 0.000000000000000000e+00 0.000000000000000000e+00 2.769535724525342203e-13
5.820000000000000000e+02 0.000000000000000000e+00 0.000000000000000000e+00 2.761150145945657419e-13
5.830000000000000000e+02 0.000000000000000000e+00 0.000000000000000000e+00 2.752803616542301608e-13
5.840000000000000000e+02 0.000000000000000000e+00 0.000000000000000000e+00 2.744495716935131830e-13
5.850000000000000000e+02 0.000000000000000000e+00 0.000000000000000000e+00 2.736226089820344721e-13
5.860000000000000000e+02 0.000000000000000000e+00 0.000000000000000000e+00 2.727994330209487415e-13
5.870000000000000000e+02 0.000000000000000000e+00 0.000000000000000000e+00 2.719800092526892231e-13
5.880000000000000000e+02 0.000000000000000000e+00 0.000000000000000000e+00 2.711642984502736247e-13
5.890000000000000000e+02 0.000000000000000000e+00 0.000000000000000000e+00 2.703522674355152436e-13
5.900000000000000000e+02 0.000000000000000000e+00 0.000000000000000000e+00 2.695438783049847852e-13
5.910000000000000000e+02 0.000000000000000000e+00 0.000000000000000000e+00 2.687390990445324384e-13
5.920000000000000000e+02 0.000000000000000000e+00 0.000000000000000000e+00 2.679378930688462128e-13
5.930000000000000000e+02 0.000000000000000000e+00 0.000000000000000000e+00 2.671402295729866205e-13
5.940000000000000000e+02 0.000000000000000000e+00 0.000000000000000000e+00 2.663460732716254235e-13
5.950000000000000000e+02 0.000000000000000000e+00 0.000000000000000000e+00 2.655553945618700951e-13
5.960000000000000000e+02 0.000000000000000000e+00 0.000000000000000000e+00 2.647681594337352149e-13
5.970000000000000000e+02 0.000000000000000000e+00 0.000000000000000000e+00 2.639843394670648112e-13
5.980000000000000000e+02 0.000000000000000000e+00 0.000000000000000000e+00 2.632039017607999010e-13
5.990000000000000000e+02 0.000000000000000000e+00 0.000000000000000000e+00 2.624268189187453043e-13
6.000000000000000000e+02 0.000000000000000000e+00 0.000000000000000000e+00 2.616530593279510228e-13
6.010000000000000000e+02 0.000000000000000000e+00 0.000000000000000000e+00 2.608825967918702970e-13
6.020000000000000000e+02 0.000000000000000000e+00 0.000000000000000000e+00 2.601154007637894935e-13
6.030000000000000000e+02 0.000000000000000000e+00 0.000000000000000000e+00 2.593514460286632978e-13
6.040000000000000000e+02 0.000000000000000000e+00 0.000000000000000000e+00 2.585907030022260950e-13
6.050000000000000000e+02 0.000000000000000000e+00 0.000000000000000000e+00 2.578331477433590731e-13
6.060000000000000000e+02 0.000000000000000000e+00 0.000000000000000000e+00 2.570787515426599714e-13
6.070000000000000000e+02 0.000000000000000000e+00 0.000000000000000000e+00 2.563274914437763229e-13
6.080000000000000000e+02 0.000000000000000000e+00 0.000000000000000000e+00 2.555793397991629809e-13
6.090000000000000000e+02 0.000000000000000000e+00 0.000000000000000000e+00 2.548342746372779487e-13
6.100000000000000000e+02 0.000000000000000000e+00 0.000000000000000000e+00 2.540922691669835217e-13
6.110000000000000000e+02 0.000000000000000000e+00 0.000000000000000000e+00 2.533533023697378690e-13
6.120000000000000000e+02 0.000000000000000000e+00 0.000000000000000000e+00 2.526173484625350595e-13
6.130000000000000000e+02 0.000000000000000000e+00 0.000000000000000000e+00 2.518843870884970741e-13
6.140000000000000000e+02 0.000000000000000000e+00 0.000000000000000000e+00 2.511543933890612816e-13
6.150000000000000000e+02 0.000000000000000000e+00 0.000000000000000000e+00 2.504273478865208791e-13
6.160000000000000000e+02 0.000000000000000000e+00 0.000000000000000000e+00 2.497032265986825692e-13
6.170000000000000000e+02 0.000000000000000000e+00 0.000000000000000000e+00 2.489820106086372576e-13
6.180000000000000000e+02 0.000000000000000000e+00 0.000000000000000000e+00 2.482636767739266338e-13
6.190000000000000000e+02 0.000000000000000000e+00 0.000000000000000000e+00 2.475482070713292234e-13
6.200000000000000000e+02 0.000000000000000000e+00 0.000000000000000000e+00 2.468355789140340844e-13
6.210000000000000000e+02 0.000000000000000000e+00 0.000000000000000000e+00 2.461257750439680695e-13
6.220000000000000000e+02 0.000000000000000000e+00 0.000000000000000000e+00 2.454187735203028565e-13
6.230000000000000000e+02 0.000000000000000000e+00 0.000000000000000000e+00 2.447145577973558699e-13
6.240000000000000000e+02 0.000000000000000000e+00 0.000000000000000000e+00 2.440131065747751334e-13
6.250000000000000000e+02 0.000000000000000000e+00 0.000000000000000000e+00 2.433144038619384263e-13
6.260000000000000000e+02 0.000000000000000000e+00 0.000000000000000000e+00 2.426184290973613937e-13
6.270000000000000000e+02 0.000000000000000000e+00 0.000000000000000000e+00 2.419251668689190886e-13
6.280000000000000000e+02 0.000000000000000000e+00 0.000000000000000000e+00 2.412345971531905245e-13
6.290000000000000000e+02 0.000000000000000000e+00 0.000000000000000000e+00 2.405467049847446934e-13
6.300000000000000000e+02 0.000000000000000000e+00 0.000000000000000000e+00 2.398614710122615680e-13
6.310000000000000000e+02 0.000000000000000000e+00 0.000000000000000000e+00 2.391788808649915073e-13
6.320000000000000000e+02 0.000000000000000000e+00 0.000000000000000000e+00 2.384989155599875859e-13
6.330000000000000000e+02 0.000000000000000000e+00 0.000000000000000000e+00 2.378215612536389818e-13
6.340000000000000000e+02 0.000000000000000000e+00 0.000000000000000000e+00 2.371467995237593702e-13
6.350000000000000000e+02 0.000000000000000000e+00 0.000000000000000000e+00 2.364746169092881617e-13
6.360000000000000000e+02 0.000000000000000000e+00 0.000000000000000000e+00 2.358049954916251647e-13
6.370000000000000000e+02 0.000000000000000000e+00 0.000000000000000000e+00 2.351379222233830464e-13
6.380000000000000000e+02 0.000000000000000000e+00 0.000000000000000000e+00 2.344733796641172961e-13
6.390000000000000000e+02 0.000000000000000000e+00 0.000000000000000000e+00 2.338113550636312170e-13
6.400000000000000000e+02 0.000000000000000000e+00 0.000000000000000000e+00 2.331518315458308346e-13
6.410000000000000000e+02 0.000000000000000000e+00 0.000000000000000000e+00 2.324947966996147832e-13
6.420000000000000000e+02 0.000000000000000000e+00 0.000000000000000000e+00 2.318402340284426088e-13
6.430000000000000000e+02 0.000000000000000000e+00 0.000000000000000000e+00 2.311881314633148339e-13
6.440000000000000000e+02 0.000000000000000000e+00 0.000000000000000000e+00 2.305384729115159448e-13
6.450000000000000000e+02 0.000000000000000000e+00 0.000000000000000000e+00 2.298912466373181588e-13
6.460000000000000000e+02 0.000000000000000000e+00 0.000000000000000000e+00 2.292464369433320056e-13
6.470000000000000000e+02 0.000000000000000000e+00 0.000000000000000000e+00 2.286040324186434957e-13
6.480000000000000000e+02 0.000000000000000000e+00 0.000000000000000000e+00 2.279640176453981536e-13
6.490000000000000000e+02 0.000000000000000000e+00 0.000000000000000000e+00 2.273263815307865275e-13
6.500000000000000000e+02 0.000000000000000000e+00 0.000000000000000000e+00 2.266911089784143800e-13
6.510000000000000000e+02 0.000000000000000000e+00 0.000000000000000000e+00 2.260581893049391581e-13
6.520000000000000000e+02 0.000000000000000000e+00 0.000000000000000000e+00 2.254276077381597043e-13
6.530000000000000000e+02 0.000000000000000000e+00 0.000000000000000000e+00 2.247993537433868434e-13
6.540000000000000000e+02 0.000000000000000000e+00 0.000000000000000000e+00 2.241734129695889231e-13
6.550000000000000000e+02 0.000000000000000000e+00 0.000000000000000000e+00 2.235497751134392968e-13
6.560000000000000000e+02 0.000000000000000000e+00 0.000000000000000000e+00 2.229284261885776244e-13
6.570000000000000000e+02 0.000000000000000000e+00 0.000000000000000000e+00 2.223093562341275843e-13
6.580000000000000000e+02 0.000000000000000000e+00 0.000000000000000000e+00 2.216925514146288147e-13
6.590000000000000000e+02 0.000000000000000000e+00 0.000000000000000000e+00 2.210780020658999727e-13
6.600000000000000000e+02 0.000000000000000000e+00 0.000000000000000000e+00 2.204656946906613025e-13
6.610000000000000000e+02 0.000000000000000000e+00 0.000000000000000000e+00 2.198556198109590793e-13
6.620000000000000000e+02 0.000000000000000000e+00 0.000000000000000000e+00 2.192477643301636066e-13
6.630000000000000000e+02 0.000000000000000000e+00 0.000000000000000000e+00 2.186421189999136860e-13
6.640000000000000000e+02 0.000000000000000000e+00 0.000000000000000000e+00 2.180386708811036074e-13
6.650000000000000000e+02 0.000000000000000000e+00 0.000000000000000000e+00 2.174374110557851618e-13
6.660000000000000000e+02 0.000000000000000000e+00 0.000000000000000000e+00 2.168383269165604705e-13
6.670000000000000000e+02 0.000000000000000000e+00 0.000000000000000000e+00 2.162414097351764473e-13
6.680000000000000000e+02 0.000000000000000000e+00 0.000000000000000000e+00 2.156466471132005040e-13
6.690000000000000000e+02 0.000000000000000000e+00 0.000000000000000000e+00 2.150540307343934009e-13
6.700000000000000000e+02 0.000000000000000000e+00 0.000000000000000000e+00 2.144635483567133031e-13
6.710000000000000000e+02 0.000000000000000000e+00 0.000000000000000000e+00 2.138751918941167929e-13
6.720000000000000000e+02 0.000000000000000000e+00 0.000000000000000000e+00 2.132889494982449507e-13
6.730000000000000000e+02 0.000000000000000000e+00 0.000000000000000000e+00 2.127048132498431317e-13
6.740000000000000000e+02 0.000000000000000000e+00 0.000000000000000000e+00 2.121227715255885327e-13
6.750000000000000000e+02 0.000000000000000000e+00 0.000000000000000000e+00 2.115428167118647217e-13
6.760000000000000000e+02 0.000000000000000000e+00 0.000000000000000000e+00 2.109649374411635119e-13
6.770000000000000000e+02 0.000000000000000000e+00 0.000000000000000000e+00 2.103891263655647255e-13
6.780000000000000000e+02 0.000000000000000000e+00 0.000000000000000000e+00 2.098153723764859080e-13
6.790000000000000000e+02 0.000000000000000000e+00 0.000000000000000000e+00 2.092436683014163515e-13
6.800000000000000000e+02 0.000000000000000000e+00 0.000000000000000000e+00 2.086740033809651154e-13
6.810000000000000000e+02 0.000000000000000000e+00 0.000000000000000000e+00 2.081063705690230349e-13
6.820000000000000000e+02 0.000000000000000000e+00 0.000000000000000000e+00 2.075407594966134743e-13
6.830000000000000000e+02 0.000000000000000000e+00 0.000000000000000000e+00 2.069771633006805865e-13
6.840000000000000000e+02 0.000000000000000000e+00 0.000000000000000000e+00 2.064155718596383527e-13
6.850000000000000000e+02 0.000000000000000000e+00 0.000000000000000000e+00 2.058559785904639506e-13
6.860000000000000000e+02 0.000000000000000000e+00 0.000000000000000000e+00 2.052983736471051274e-13
6.870000000000000000e+02 0.000000000000000000e+00 0.000000000000000000e+00 2.047427506916625295e-13
6.880000000000000000e+02 0.000000000000000000e+00 0.000000000000000000e+00 2.041891000705208043e-13
6.890000000000000000e+02 0.000000000000000000e+00 0.000000000000000000e+00 2.036374158453499809e-13
6.900000000000000000e+02 0.000000000000000000e+00 0.000000000000000000e+00 2.030876885143158110e-13
6.910000000000000000e+02 0.000000000000000000e+00 0.000000000000000000e+00 2.025399123733671384e-13
6.920000000000000000e+02 0.000000000000000000e+00 0.000000000000000000e+00 2.019940782837747660e-13
6.930000000000000000e+02 0.000000000000000000e+00 0.000000000000000000e+00 2.014501807855377261e-13
6.940000000000000000e+02 0.000000000000000000e+00 0.000000000000000000e+00 2.009082109564259483e-13
6.950000000000000000e+02 0.000000000000000000e+00 0.000000000000000000e+00 2.003681635065719576e-13
6.960000000000000000e+02 0.000000000000000000e+00 0.000000000000000000e+00 1.998300299075662015e-13
6.970000000000000000e+02 0.000000000000000000e+00 0.000000000000000000e+00 1.992938050729792943e-13
6.980000000000000000e+02 0.000000000000000000e+00 0.000000000000000000e+00 1.987594807136990924e-13
6.990000000000000000e+02 0.000000000000000000e+00 0.000000000000000000e+00 1.982270520307951154e-13
7.000000000000000000e+02 0.000000000000000000e+00 0.000000000000000000e+00 1.976965109928286451e-13
7.010000000000000000e+02 0.000000000000000000e+00 0.000000000000000000e+00 1.971678530449916617e-13
7.020000000000000000e+02 0.000000000000000000e+00 0.000000000000000000e+00 1.966410704125242762e-13
7.030000000000000000e+02 0.000000000000000000e+00 0.000000000000000000e+00 1.961161587742758884e-13
7.040000000000000000e+02 0.000000000000000000e+00 0.000000000000000000e+00 1.955931106047123059e-13
7.050000000000000000e+02 0.000000000000000000e+00 0.000000000000000000e+00 1.950719218091771881e-13
7.060000000000000000e+02 0.000000000000000000e+00 0.000000000000000000e+00 1.945525851767929648e-13
7.070000000000000000e+02 0.000000000000000000e+00 0.000000000000000000e+00 1.940350968322799595e-13
7.080000000000000000e+02 0.000000000000000000e+00 0.000000000000000000e+00 1.935194497624148388e-13
7.090000000000000000e+02 0.000000000000000000e+00 0.000000000000000000e+00 1.930056403754134572e-13
7.100000000000000000e+02 0.000000000000000000e+00 0.000000000000000000e+00 1.924936618783940549e-13
7.110000000000000000e+02 0.000000000000000000e+00 0.000000000000000000e+00 1.919835108439929096e-13
7.120000000000000000e+02 0.000000000000000000e+00 0.000000000000000000e+00 1.914751807675274733e-13
7.130000000000000000e+02 0.000000000000000000e+00 0.000000000000000000e+00 1.909686684776344579e-13
7.140000000000000000e+02 0.000000000000000000e+00 0.000000000000000000e+00 1.904639677121949113e-13
7.150000000000000000e+02 0.000000000000000000e+00 0.000000000000000000e+00 1.899610754440800402e-13
7.160000000000000000e+02 0.000000000000000000e+00 0.000000000000000000e+00 1.894599856364492715e-13
7.170000000000000000e+02 0.000000000000000000e+00 0.000000000000000000e+00 1.889606954955156362e-13
7.180000000000000000e+02 0.000000000000000000e+00 0.000000000000000000e+00 1.884631992625333107e-13
7.190000000000000000e+02 0.000000000000000000e+00 0.000000000000000000e+00 1.879674942683657494e-13
7.200000000000000000e+02 0.000000000000000000e+00 0.000000000000000000e+00 1.874735749836282980e-13
7.210000000000000000e+02 0.000000000000000000e+00 0.000000000000000000e+00 1.869814389456716686e-13
7.220000000000000000e+02 0.000000000000000000e+00 0.000000000000000000e+00 1.864910808335128341e-13
7.230000000000000000e+02 0.000000000000000000e+00 0.000000000000000000e+00 1.860024982841501035e-13
7.240000000000000000e+02 0.000000000000000000e+00 0.000000000000000000e+00 1.855156862327513102e-13
7.250000000000000000e+02 0.000000000000000000e+00 0.000000000000000000e+00 1.850306424949430381e-13
7.260000000000000000e+02 0.000000000000000000e+00 0.000000000000000000e+00 1.845473621456802829e-13
7.270000000000000000e+02 0.000000000000000000e+00 0.000000000000000000e+00 1.840658432041533044e-13
7.280000000000000000e+02 0.000000000000000000e+00 0.000000000000000000e+00 1.835860808280895340e-13
7.290000000000000000e+02 0.000000000000000000e+00 0.000000000000000000e+00 1.831080732516426924e-13
7.300000000000000000e+02 0.000000000000000000e+00 0.000000000000000000e+00 1.826318157985780640e-13
7.310000000000000000e+02 0.000000000000000000e+00 0.000000000000000000e+00 1.821573067951525025e-13
7.320000000000000000e+02 0.000000000000000000e+00 0.000000000000000000e+00 1.816845417543790235e-13
7.330000000000000000e+02 0.000000000000000000e+00 0.000000000000000000e+00 1.812135190977618746e-13
7.340000000000000000e+02 0.000000000000000000e+00 0.000000000000000000e+00 1.807442344138859616e-13
7.350000000000000000e+02 0.000000000000000000e+00 0.000000000000000000e+00 1.802766862650636191e-13
7.360000000000000000e+02 0.000000000000000000e+00 0.000000000000000000e+00 1.798108703824320682e-13
7.370000000000000000e+02 0.000000000000000000e+00 0.000000000000000000e+00 1.793467854211507039e-13
7.380000000000000000e+02 0.000000000000000000e+00 0.000000000000000000e+00 1.788844271467934668e-13
7.390000000000000000e+02 0.000000000000000000e+00 0.000000000000000000e+00 1.784237943430664413e-13
7.400000000000000000e+02 0.000000000000000000e+00 0.000000000000000000e+00 1.779648828207850312e-13
7.410000000000000000e+02 0.000000000000000000e+00 0.000000000000000000e+00 1.775076914369729370e-13
7.420000000000000000e+02 0.000000000000000000e+00 0.000000000000000000e+00 1.770522161533259265e-13
7.430000000000000000e+02 0.000000000000000000e+00 0.000000000000000000e+00 1.765984558144606220e-13
7.440000000000000000e+02 0.000000000000000000e+00 0.000000000000000000e+00 1.761464063960146267e-13
7.450000000000000000e+02 0.000000000000000000e+00 0.000000000000000000e+00 1.756960668557766689e-13
7.460000000000000000e+02 0.000000000000000000e+00 0.000000000000000000e+00 1.752474331845956600e-13
7.470000000000000000e+02 0.000000000000000000e+00 0.000000000000000000e+00 1.748005043761892697e-13
7.480000000000000000e+02 0.000000000000000000e+00 0.000000000000000000e+00 1.743552764220494635e-13
7.490000000000000000e+02 0.000000000000000000e+00 0.000000000000000000e+00 1.739117483227953205e-13
7.500000000000000000e+02 0.000000000000000000e+00 0.000000000000000000e+00 1.734699161628517707e-13
7.510000000000000000e+02 0.000000000000000000e+00 0.000000000000000000e+00 1.730297788721662303e-13
7.520000000000000000e+02 0.000000000000000000e+00 0.000000000000000000e+00 1.725913324986776131e-13
7.530000000000000000e+02 0.000000000000000000e+00 0.000000000000000000e+00 1.721545760200870620e-13
7.540000000000000000e+02 0.000000000000000000e+00 0.000000000000000000e+00 1.717195054466827626e-13
7.550000000000000000e+02 0.000000000000000000e+00 0.000000000000000000e+00 1.712861196810068764e-13
7.560000000000000000e+02 0.000000000000000000e+00 0.000000000000000000e+00 1.708544147883356874e-13
7.570000000000000000e+02 0.000000000000000000e+00 0.000000000000000000e+00 1.704243895958509573e-13
7.580000000000000000e+02 0.000000000000000000e+00 0.000000000000000000e+00 1.699960401004073911e-13
7.590000000000000000e+02 0.000000000000000000e+00 0.000000000000000000e+00 1.695693650932718442e-13
7.600000000000000000e+02 0.000000000000000000e+00 0.000000000000000000e+00 1.691443605538512614e-13
7.610000000000000000e+02 0.000000000000000000e+00 0.000000000000000000e+00 1.687210251968994527e-13
7.620000000000000000e+02 0.000000000000000000e+00 0.000000000000000000e+00 1.682993548877898965e-13
7.630000000000000000e+02 0.000000000000000000e+00 0.000000000000000000e+00 1.678793482982541505e-13
7.640000000000000000e+02 0.000000000000000000e+00 0.000000000000000000e+00 1.674610012402915408e-13
7.650000000000000000e+02 0.000000000000000000e+00 0.000000000000000000e+00 1.670443122433725702e-13
7.660000000000000000e+02 0.000000000000000000e+00 0.000000000000000000e+00 1.666292770826279827e-13
7.670000000000000000e+02 0.000000000000000000e+00 0.000000000000000000e+00 1.662158941537338112e-13
7.680000000000000000e+02 0.000000000000000000e+00 0.000000000000000000e+00 1.658041592004890369e-13
7.690000000000000000e+02 0.000000000000000000e+00 0.000000000000000000e+00 1.653940704727177680e-13
7.700000000000000000e+02 0.000000000000000000e+00 0.000000000000000000e+00 1.649856235349405884e-13
7.710000000000000000e+02 0.000000000000000000e+00 0.000000000000000000e+00 1.645788166359667650e-13
7.720000000000000000e+02 0.000000000000000000e+00 0.000000000000000000e+00 1.641736451894310145e-13
7.730000000000000000e+02 0.000000000000000000e+00 0.000000000000000000e+00 1.637701072547231914e-13
7.740000000000000000e+02 0.000000000000000000e+00 0.000000000000000000e+00 1.633681981924372772e-13
7.750000000000000000e+02 0.000000000000000000e+00 0.000000000000000000e+00 1.629679159450073404e-13
7.760000000000000000e+02 0.000000000000000000e+00 0.000000000000000000e+00 1.625692557133884716e-13
7.770000000000000000e+02 0.000000000000000000e+00 0.000000000000000000e+00 1.621722153414929038e-13
7.780000000000000000e+02 0.000000000000000000e+00 0.000000000000000000e+00 1.617767898763269091e-13
7.790000000000000000e+02 0.000000000000000000e+00 0.000000000000000000e+00 1.613829769746431862e-13
7.800000000000000000e+02 0.000000000000000000e+00 0.000000000000000000e+00 1.609907716200882645e-13
7.810000000000000000e+02 0.000000000000000000e+00 0.000000000000000000e+00 1.606001712918127180e-13
7.820000000000000000e+02 0.000000000000000000e+00 0.000000000000000000e+00 1.602111708049901798e-13
7.830000000000000000e+02 0.000000000000000000e+00 0.000000000000000000e+00 1.598237675040108348e-13
7.840000000000000000e+02 0.000000000000000000e+00 0.000000000000000000e+00 1.594379560875788476e-13
7.850000000000000000e+02 0.000000000000000000e+00 0.000000000000000000e+00 1.590537336876506741e-13
7.860000000000000000e+02 0.000000000000000000e+00 0.000000000000000000e+00 1.586710948580738312e-13
7.870000000000000000e+02 0.000000000000000000e+00 0.000000000000000000e+00 1.582900366236504031e-13
7.880000000000000000e+02 0.000000000000000000e+00 0.000000000000000000e+00 1.579105533333820352e-13
7.890000000000000000e+02 0.000000000000000000e+00 0.000000000000000000e+00 1.575326418572362222e-13
7.900000000000000000e+02 0.000000000000000000e+00 0.000000000000000000e+00 1.571562964009054423e-13
7.910000000000000000e+02 0.000000000000000000e+00 0.000000000000000000e+00 1.567815136629700021e-13
7.920000000000000000e+02 0.000000000000000000e+00 0.000000000000000000e+00 1.564082876825228072e-13
7.930000000000000000e+02 0.000000000000000000e+00 0.000000000000000000e+00 1.560366150235409416e-13
7.940000000000000000e+02 0.000000000000000000e+00 0.000000000000000000e+00 1.556664895059418126e-13
7.950000000000000000e+02 0.000000000000000000e+00 0.000000000000000000e+00 1.552979075277129672e-13
7.960000000000000000e+02 0.000000000000000000e+00 0.000000000000000000e+00 1.549308627967382920e-13
7.970000000000000000e+02 0.000000000000000000e+00 0.000000000000000000e+00 1.545653514917540798e-13
7.980000000000000000e+02 0.000000000000000000e+00 0.000000000000000000e+00 1.542013671641046281e-13
7.990000000000000000e+02 0.000000000000000000e+00 0.000000000000000000e+00 1.538389058323964779e-13
8.000000000000000000e+02 0.000000000000000000e+00 0.000000000000000000e+00 1.534779608379699145e-13
8.010000000000000000e+02 0.000000000000000000e+00 0.000000000000000000e+00 1.531185280607571787e-13
8.020000000000000000e+02 0.000000000000000000e+00 0.000000000000000000e+00 1.527606006923960558e-13
8.030000000000000000e+02 0.000000000000000000e+00 0.000000000000000000e+00 1.524041743611696587e-13
8.040000000000000000e+02 0.000000000000000000e+00 0.000000000000000000e+00 1.520492421314351230e-13
8.050000000000000000e+02 0.000000000000000000e+00 0.000000000000000000e+00 1.516957994590969329e-13
8.060000000000000000e+02 0.000000000000000000e+00 0.000000000000000000e+00 1.513438392956529363e-13
8.070000000000000000e+02 0.000000000000000000e+00 0.000000000000000000e+00 1.509933568671037118e-13
8.080000000000000000e+02 0.000000000000000000e+00 0.000000000000000000e+00 1.506443449430857898e-13
8.090000000000000000e+02 0.000000000000000000e+00 0.000000000000000000e+00 1.502967986225971065e-13
8.100000000000000000e+02 0.000000000000000000e+00 0.000000000000000000e+00 1.499507105047551802e-13
8.110000000000000000e+02 0.000000000000000000e+00 0.000000000000000000e+00 1.496060754838164072e-13
8.120000000000000000e+02 0.000000000000000000e+00 0.000000000000000000e+00 1.492628859912212378e-13
8.130000000000000000e+02 0.000000000000000000e+00 0.000000000000000000e+00 1.489211367713879346e-13
8.140000000000000000e+02 0.000000000000000000e+00 0.000000000000000000e+00 1.485808201287443846e-13
8.150000000000000000e+02 0.000000000000000000e+00 0.000000000000000000e+00 1.482419306005916906e-13
8.160000000000000000e+02 0.000000000000000000e+00 0.000000000000000000e+00 1.479044603474197050e-13
8.170000000000000000e+02 0.000000000000000000e+00 0.000000000000000000e+00 1.475684037573515411e-13
8.180000000000000000e+02 0.000000000000000000e+00 0.000000000000000000e+00 1.472337528039623542e-13
8.190000000000000000e+02 0.000000000000000000e+00 0.000000000000000000e+00 1.469005017538372375e-13
8.200000000000000000e+02 0.000000000000000000e+00 0.000000000000000000e+00 1.465686424141259291e-13
8.210000000000000000e+02 0.000000000000000000e+00 0.000000000000000000e+00 1.462381688703258439e-13
8.220000000000000000e+02 0.000000000000000000e+00 0.000000000000000000e+00 1.459090728113112522e-13
8.230000000000000000e+02 0.000000000000000000e+00 0.000000000000000000e+00 1.455813481967651654e-13
8.240000000000000000e+02 0.000000000000000000e+00 0.000000000000000000e+00 1.452549865454363129e-13
8.250000000000000000e+02 0.000000000000000000e+00 0.000000000000000000e+00 1.449299816784273372e-13
8.260000000000000000e+02 0.000000000000000000e+00 0.000000000000000000e+00 1.446063249655902415e-13
8.270000000000000000e+02 0.000000000000000000e+00 0.000000000000000000e+00 1.442840100917517830e-13
8.280000000000000000e+02 0.000000000000000000e+00 0.000000000000000000e+00 1.439630283238805994e-13
8.290000000000000000e+02 0.000000000000000000e+00 0.000000000000000000e+00 1.436433731774801975e-13
8.300000000000000000e+02 0.000000000000000000e+00 0.000000000000000000e+00 1.433250358067343453e-13
8.310000000000000000e+02 0.000000000000000000e+00 0.000000000000000000e+00 1.430080096197162906e-13
8.320000000000000000e+02 0.000000000000000000e+00 0.000000000000000000e+00 1.426922856245431044e-13
8.330000000000000000e+02 0.000000000000000000e+00 0.000000000000000000e+00 1.423778571515576192e-13
8.340000000000000000e+02 0.000000000000000000e+00 0.000000000000000000e+00 1.420647150879450845e-13
8.350000000000000000e+02 0.000000000000000000e+00 0.000000000000000000e+00 1.417528526361832947e-13
8.360000000000000000e+02 0.000000000000000000e+00 0.000000000000000000e+00 1.414422606113528361e-13
8.370000000000000000e+02 0.000000000000000000e+00 0.000000000000000000e+00 1.411329320723601309e-13
8.380000000000000000e+02 0.000000000000000000e+00 0.000000000000000000e+00 1.408248577911451965e-13
8.390000000000000000e+02 0.000000000000000000e+00 0.000000000000000000e+00 1.405180307121626022e-13
8.400000000000000000e+02 0.000000000000000000e+00 0.000000000000000000e+00 1.402124415152595316e-13
8.410000000000000000e+02 0.000000000000000000e+00 0.000000000000000000e+00 1.399080830462458582e-13
8.420000000000000000e+02 0.000000000000000000e+00 0.000000000000000000e+00 1.396049459487055745e-13
8.430000000000000000e+02 0.000000000000000000e+00 0.000000000000000000e+00 1.393030229825397081e-13
8.440000000000000000e+02 0.000000000000000000e+00 0.000000000000000000e+00 1.390023047134606233e-13
8.450000000000000000e+02 0.000000000000000000e+00 0.000000000000000000e+00 1.387027838610780689e-13
8.460000000000000000e+02 0.000000000000000000e+00 0.000000000000000000e+00 1.384044509028894137e-13
8.470000000000000000e+02 0.000000000000000000e+00 0.000000000000000000e+00 1.381072985121666411e-13
8.480000000000000000e+02 0.000000000000000000e+00 0.000000000000000000e+00 1.378113171430545906e-13
8.490000000000000000e+02 0.000000000000000000e+00 0.000000000000000000e+00 1.375164993941460933e-13
8.500000000000000000e+02 0.000000000000000000e+00 0.000000000000000000e+00 1.372228356607982818e-13
8.510000000000000000e+02 0.000000000000000000e+00 0.000000000000000000e+00 1.369303185279543964e-13
8.520000000000000000e+02 0.000000000000000000e+00 0.000000000000000000e+00 1.366389383913222026e-13
8.530000000000000000e+02 0.000000000000000000e+00 0.000000000000000000e+00 1.363486877856563225e-13
8.540000000000000000e+02 0.000000000000000000e+00 0.000000000000000000e+00 1.360595570709251593e-13
8.550000000000000000e+02 0.000000000000000000e+00 0.000000000000000000e+00 1.357715387566482680e-13
8.560000000000000000e+02 0.000000000000000000e+00 0.000000000000000000e+00 1.354846232260115031e-13
8.570000000000000000e+02 0.000000000000000000e+00 0.000000000000000000e+00 1.351988029764676498e-13
8.580000000000000000e+02 0.000000000000000000e+00 0.000000000000000000e+00 1.349140683779610840e-13
8.590000000000000000e+02 0.000000000000000000e+00 0.000000000000000000e+00 1.346304119287813138e-13
8.600000000000000000e+02 0.000000000000000000e+00 0.000000000000000000e+00 1.343478240104156560e-13
8.610000000000000000e+02 0.000000000000000000e+00 0.000000000000000000e+00 1.340662971326285281e-13
8.620000000000000000e+02 0.000000000000000000e+00 0.000000000000000000e+00 1.337858217018476968e-13
8.630000000000000000e+02 0.000000000000000000e+00 0.000000000000000000e+00 1.335063902180211207e-13
8.640000000000000000e+02 0.000000000000000000e+00 0.000000000000000000e+00 1.332279931243130235e-13
8.650000000000000000e+02 0.000000000000000000e+00 0.000000000000000000e+00 1.329506229389866189e-13
8.660000000000000000e+02 0.000000000000000000e+00 0.000000000000000000e+00 1.326742701523210944e-13
8.670000000000000000e+02 0.000000000000000000e+00 0.000000000000000000e+00 1.323989273148304936e-13
8.680000000000000000e+02 0.000000000000000000e+00 0.000000000000000000e+00 1.321245849436180767e-13
8.690000000000000000e+02 0.000000000000000000e+00 0.000000000000000000e+00 1.318512356644547128e-13
8.700000000000000000e+02 0.000000000000000000e+00 0.000000000000000000e+00 1.315788700164484387e-13
8.710000000000000000e+02 0.000000000000000000e+00 0.000000000000000000e+00 1.313074806950564046e-13
8.720000000000000000e+02 0.000000000000000000e+00 0.000000000000000000e+00 1.310370582911317824e-13
8.730000000000000000e+02 0.000000000000000000e+00 0.000000000000000000e+00 1.307675955459769608e-13
8.740000000000000000e+02 0.000000000000000000e+00 0.000000000000000000e+00 1.304990831472610137e-13
8.750000000000000000e+02 0.000000000000000000e+00 0.000000000000000000e+00 1.302315138751759858e-13
8.760000000000000000e+02 0.000000000000000000e+00 0.000000000000000000e+00 1.299648784809623358e-13
8.770000000000000000e+02 0.000000000000000000e+00 0.000000000000000000e+00 1.296991698410298643e-13
8.780000000000000000e+02 0.000000000000000000e+00 0.000000000000000000e+00 1.294343787928986025e-13
8.790000000000000000e+02 0.000000000000000000e+00 0.000000000000000000e+00 1.291704982481842161e-13
8.800000000000000000e+02 0.000000000000000000e+00 0.000000000000000000e+00 1.289075191714706198e-13
8.810000000000000000e+02 0.000000000000000000e+00 0.000000000000000000e+00 1.286454345474349489e-13
8.820000000000000000e+02 0.000000000000000000e+00 0.000000000000000000e+00 1.283842354627488417e-13
8.830000000000000000e+02 0.000000000000000000e+00 0.000000000000000000e+00 1.281239149611081441e-13
8.840000000000000000e+02 0.000000000000000000e+00 0.000000000000000000e+00 1.278644642269798207e-13
8.850000000000000000e+02 0.000000000000000000e+00 0.000000000000000000e+00 1.276058764188688927e-13
8.860000000000000000e+02 0.000000000000000000e+00 0.000000000000000000e+00 1.273481428398599185e-13
8.870000000000000000e+02 0.000000000000000000e+00 0.000000000000000000e+00 1.270912567333266048e-13
8.880000000000000000e+02 0.000000000000000000e+00 0.000000000000000000e+00 1.268352095029911082e-13
8.890000000000000000e+02 0.000000000000000000e+00 0.000000000000000000e+00 1.265799944982381010e-13
8.900000000000000000e+02 0.000000000000000000e+00 0.000000000000000000e+00 1.263256032468812204e-13
8.910000000000000000e+02 0.000000000000000000e+00 0.000000000000000000e+00 1.260720292152248263e-13
8.920000000000000000e+02 0.000000000000000000e+00 0.000000000000000000e+00 1.258192640377008812e-13
8.930000000000000000e+02 0.000000000000000000e+00 0.000000000000000000e+00 1.255673013071458223e-13
8.940000000000000000e+02 0.000000000000000000e+00 0.000000000000000000e+00 1.253161327874333874e-13
8.950000000000000000e+02 0.000000000000000000e+00 0.000000000000000000e+00 1.250657521778823772e-13
8.960000000000000000e+02 0.000000000000000000e+00 0.000000000000000000e+00 1.248161513832097050e-13
8.970000000000000000e+02 0.000000000000000000e+00 0.000000000000000000e+00 1.245673242300418571e-13
8.980000000000000000e+02 0.000000000000000000e+00 0.000000000000000000e+00 1.243192627717958506e-13
8.990000000000000000e+02 0.000000000000000000e+00 0.000000000000000000e+00 1.240719609459788199e-13
9.000000000000000000e+02 0.000000000000000000e+00 0.000000000000000000e+00 1.238254109344034899e-13
9.010000000000000000e+02 0.000000000000000000e+00 0.000000000000000000e+00 1.235796068334654204e-13
9.020000000000000000e+02 0.000000000000000000e+00 0.000000000000000000e+00 1.233345409476066856e-13
9.030000000000000000e+02 0.000000000000000000e+00 0.000000000000000000e+00 1.230902075274764794e-13
9.040000000000000000e+02 0.000000000000000000e+00 0.000000000000000000e+00 1.228465990222077237e-13
9.050000000000000000e+02 0.000000000000000000e+00 0.000000000000000000e+00 1.226037097880660718e-13
9.060000000000000000e+02 0.000000000000000000e+00 0.000000000000000000e+00 1.223615324557210801e-13
9.070000000000000000e+02 0.000000000000000000e+00 0.000000000000000000e+00 1.221200614920090090e-13
9.080000000000000000e+02 0.000000000000000000e+00 0.000000000000000000e+00 1.218792897028268536e-13
9.090000000000000000e+02 0.000000000000000000e+00 0.000000000000000000e+00 1.216392116897319841e-13
9.100000000000000000e+02 0.000000000000000000e+00 0.000000000000000000e+00 1.213998204097738601e-13
9.110000000000000000e+02 0.000000000000000000e+00 0.000000000000000000e+00 1.211611106103821481e-13
9.120000000000000000e+02 0.000000000000000000e+00 0.000000000000000000e+00 1.209230754156649844e-13
9.130000000000000000e+02 0.000000000000000000e+00 0.000000000000000000e+00 1.206857096996648420e-13
9.140000000000000000e+02 0.000000000000000000e+00 0.000000000000000000e+00 1.204490067599599916e-13
9.150000000000000000e+02 0.000000000000000000e+00 0.000000000000000000e+00 1.202129615907660326e-13
9.160000000000000000e+02 0.000000000000000000e+00 0.000000000000000000e+00 1.199775676665781750e-13
9.170000000000000000e+02 0.000000000000000000e+00 0.000000000000000000e+00 1.197428201221894802e-13
9.180000000000000000e+02 0.000000000000000000e+00 0.000000000000000000e+00 1.195087125873756996e-13
9.190000000000000000e+02 0.000000000000000000e+00 0.000000000000000000e+00 1.192752403456896745e-13
9.200000000000000000e+02 0.000000000000000000e+00 0.000000000000000000e+00 1.190423971721800952e-13
9.210000000000000000e+02 0.000000000000000000e+00 0.000000000000000000e+00 1.188101785055021755e-13
9.220000000000000000e+02 0.000000000000000000e+00 0.000000000000000000e+00 1.185785782583814326e-13
9.230000000000000000e+02 0.000000000000000000e+00 0.000000000000000000e+00 1.183475920273820561e-13
9.240000000000000000e+02 0.000000000000000000e+00 0.000000000000000000e+00 1.181172138834206105e-13
9.250000000000000000e+02 0.000000000000000000e+00 0.000000000000000000e+00 1.178874395838991692e-13
9.260000000000000000e+02 0.000000000000000000e+00 0.000000000000000000e+00 1.176582633626563889e-13
9.270000000000000000e+02 0.000000000000000000e+00 0.000000000000000000e+00 1.174296810914567833e-13
9.280000000000000000e+02 0.000000000000000000e+00 0.000000000000000000e+00 1.172016871719167987e-13
9.290000000000000000e+02 0.000000000000000000e+00 0.000000000000000000e+00 1.169742776397064543e-13
9.300000000000000000e+02 0.000000000000000000e+00 0.000000000000000000e+00 1.167474470422493896e-13
9.310000000000000000e+02 0.000000000000000000e+00 0.000000000000000000e+00 1.165211915503696351e-13
9.320000000000000000e+02 0.000000000000000000e+00 0.000000000000000000e+00 1.162955058467274644e-13
9.330000000000000000e+02 0.000000000000000000e+00 0.000000000000000000e+00 1.160703862731585732e-13
9.340000000000000000e+02 0.000000000000000000e+00 0.000000000000000000e+00 1.158458276638969382e-13
9.350000000000000000e+02 0.000000000000000000e+00 0.000000000000000000e+00 1.156218264995528734e-13
9.360000000000000000e+02 0.000000000000000000e+00 0.000000000000000000e+00 1.153983777468839137e-13
9.370000000000000000e+02 0.000000000000000000e+00 0.000000000000000000e+00 1.151754780359664166e-13
9.380000000000000000e+02 0.000000000000000000e+00 0.000000000000000000e+00 1.149531224796236799e-13
9.390000000000000000e+02 0.000000000000000000e+00 0.000000000000000000e+00 1.147313078362506753e-13
9.400000000000000000e+02 0.000000000000000000e+00 0.000000000000000000e+00 1.145100293697614694e-13
9.410000000000000000e+02 0.000000000000000000e+00 0.000000000000000000e+00 1.142892840006036877e-13
9.420000000000000000e+02 0.000000000000000000e+00 0.000000000000000000e+00 1.140690671000443601e-13
9.430000000000000000e+02 0.000000000000000000e+00 0.000000000000000000e+00 1.138493757417301464e-13
9.440000000000000000e+02 0.000000000000000000e+00 0.000000000000000000e+00 1.136302054274757336e-13
9.450000000000000000e+02 0.000000000000000000e+00 0.000000000000000000e+00 1.134115533606042083e-13
9.460000000000000000e+02 0.000000000000000000e+00 0.000000000000000000e+00 1.131934152000765752e-13
9.470000000000000000e+02 0.000000000000000000e+00 0.000000000000000000e+00 1.129757882665391264e-13
9.480000000000000000e+02 0.000000000000000000e+00 0.000000000000000000e+00 1.127586683681643795e-13
9.490000000000000000e+02 0.000000000000000000e+00 0.000000000000000000e+00 1.125420529542249849e-13
9.500000000000000000e+02 0.000000000000000000e+00 0.000000000000000000e+00 1.123259379583004326e-13
9.510000000000000000e+02 0.000000000000000000e+00 0.000000000000000000e+00 1.121103209390303042e-13
9.520000000000000000e+02 0.000000000000000000e+00 0.000000000000000000e+00 1.118951979647002178e-13
9.530000000000000000e+02 0.000000000000000000e+00 0.000000000000000000e+00 1.116805667159056566e-13
9.540000000000000000e+02 0.000000000000000000e+00 0.000000000000000000e+00 1.114664233976296662e-13
9.550000000000000000e+02 0.000000000000000000e+00 0.000000000000000000e+00 1.112527658134631734e-13
9.560000000000000000e+02 0.000000000000000000e+00 0.000000000000000000e+00 1.110395902828889386e-13
9.570000000000000000e+02 0.000000000000000000e+00 0.000000000000000000e+00 1.108268947130510664e-13
9.580000000000000000e+02 0.000000000000000000e+00 0.000000000000000000e+00 1.106146755690326268e-13
9.590000000000000000e+02 0.000000000000000000e+00 0.000000000000000000e+00 1.104029308718060491e-13
9.600000000000000000e+02 0.000000000000000000e+00 0.000000000000000000e+00 1.101916572016734959e-13
9.610000000000000000e+02 0.000000000000000000e+00 0.000000000000000000e+00 1.099808526955513702e-13
9.620000000000000000e+02 0.000000000000000000e+00 0.000000000000000000e+00 1.097705140568164802e-13
9.630000000000000000e+02 0.000000000000000000e+00 0.000000000000000000e+00 1.095606395377090318e-13
9.640000000000000000e+02 0.000000000000000000e+00 0.000000000000000000e+00 1.093512259461429286e-13
9.650000000000000000e+02 0.000000000000000000e+00 0.000000000000000000e+00 1.091422716492664561e-13
9.660000000000000000e+02 0.000000000000000000e+00 0.000000000000000000e+00 1.089337735688262097e-13
9.670000000000000000e+02 0.000000000000000000e+00 0.000000000000000000e+00 1.087257301858639026e-13
9.680000000000000000e+02 0.000000000000000000e+00 0.000000000000000000e+00 1.085181385175307535e-13
9.690000000000000000e+02 0.000000000000000000e+00 0.000000000000000000e+00 1.083109971579749230e-13
9.700000000000000000e+02 0.000000000000000000e+00 0.000000000000000000e+00 1.081043032499482330e-13
9.710000000000000000e+02 0.000000000000000000e+00 0.000000000000000000e+00 1.078980554592688895e-13
9.720000000000000000e+02 0.000000000000000000e+00 0.000000000000000000e+00 1.076922510661856808e-13
9.730000000000000000e+02 0.000000000000000000e+00 0.000000000000000000e+00 1.074868888274405926e-13
9.740000000000000000e+02 0.000000000000000000e+00 0.000000000000000000e+00 1.072819661479937114e-13
9.750000000000000000e+02 0.000000000000000000e+00 0.000000000000000000e+00 1.070774818792048553e-13
9.760000000000000000e+02 0.000000000000000000e+00 0.000000000000000000e+00 1.068734335071546594e-13
9.770000000000000000e+02 0.000000000000000000e+00 0.000000000000000000e+00 1.066698199983007517e-13
9.780000000000000000e+02 0.000000000000000000e+00 0.000000000000000000e+00 1.064666389560173243e-13
9.790000000000000000e+02 0.000000000000000000e+00 0.000000000000000000e+00 1.062638894134934280e-13
9.800000000000000000e+02 0.000000000000000000e+00 0.000000000000000000e+00 1.060615691035028608e-13
9.810000000000000000e+02 0.000000000000000000e+00 0.000000000000000000e+00 1.058596771421866540e-13
9.820000000000000000e+02 0.000000000000000000e+00 0.000000000000000000e+00 1.056582113414488516e-13
9.830000000000000000e+02 0.000000000000000000e+00 0.000000000000000000e+00 1.054571709418897392e-13
9.840000000000000000e+02 0.000000000000000000e+00 0.000000000000000000e+00 1.052565538304019733e-13
9.850000000000000000e+02 0.000000000000000000e+00 0.000000000000000000e+00 1.050563593518101676e-13
9.860000000000000000e+02 0.000000000000000000e+00 0.000000000000000000e+00 1.048565855005388679e-13
9.870000000000000000e+02 0.000000000000000000e+00 0.000000000000000000e+00 1.046572316998389041e-13
9.880000000000000000e+02 0.000000000000000000e+00 0.000000000000000000e+00 1.044582960424134865e-13
9.890000000000000000e+02 0.000000000000000000e+00 0.000000000000000000e+00 1.042597780395711478e-13
9.900000000000000000e+02 0.000000000000000000e+00 0.000000000000000000e+00 1.040616758993909662e-13
9.910000000000000000e+02 0.000000000000000000e+00 0.000000000000000000e+00 1.038639892001527108e-13
9.920000000000000000e+02 0.000000000000000000e+00 0.000000000000000000e+00 1.036667162510965462e-13
9.930000000000000000e+02 0.000000000000000000e+00 0.000000000000000000e+00 1.034698567268686944e-13
9.940000000000000000e+02 0.000000000000000000e+00 0.000000000000000000e+00 1.032734090179743627e-13
9.950000000000000000e+02 0.000000000000000000e+00 0.000000000000000000e+00 1.030773728987866348e-13
9.960000000000000000e+02 0.000000000000000000e+00 0.000000000000000000e+00 1.028817468313881826e-13
9.970000000000000000e+02 0.000000000000000000e+00 0.000000000000000000e+00 1.026865306806849857e-13
9.980000000000000000e+02 0.000000000000000000e+00 0.000000000000000000e+00 1.024917230205807242e-13
9.990000000000000000e+02 0.000000000000000000e+00 0.000000000000000000e+00 1.022973237670856678e-13
1.000000000000000000e+03 0.000000000000000000e+00 0.000000000000000000e+00 1.021033316078994967e-13
1.001000000000000000e+03 0.000000000000000000e+00 0.000000000000000000e+00 1.019097465388125589e-13
1.002000000000000000e+03 0.000000000000000000e+00 0.000000000000000000e+00 1.017165673297879342e-13
1.003000000000000000e+03 0.000000000000000000e+00 0.000000000000000000e+00 1.015237940512204146e-13
1.004000000000000000e+03 0.000000000000000000e+00 0.000000000000000000e+00 1.013314255723948455e-13
1.005000000000000000e+03 0.000000000000000000e+00 0.000000000000000000e+00 1.011394620359483734e-13
1.006000000000000000e+03 0.000000000000000000e+00 0.000000000000000000e+00 1.009479023835966919e-13
1.007000000000000000e+03 0.000000000000000000e+00 0.000000000000000000e+00 1.007567468419128078e-13
1.008000000000000000e+03 0.000000000000000000e+00 0.000000000000000000e+00 1.005659944438149844e-13
1.009000000000000000e+03 0.000000000000000000e+00 0.000000000000000000e+00 1.003756454761087878e-13
1.010000000000000000e+03 0.000000000000000000e+00 0.000000000000000000e+00 1.001856990342394899e-13
1.011000000000000000e+03 0.000000000000000000e+00 0.000000000000000000e+00 9.999615550142141792e-14
1.012000000000000000e+03 0.000000000000000000e+00 0.000000000000000000e+00 9.980701405602078752e-14
1.013000000000000000e+03 0.000000000000000000e+00 0.000000000000000000e+00 9.961827513845809933e-14
1.014000000000000000e+03 0.000000000000000000e+00 0.000000000000000000e+00 9.942993798468936848e-14
1.015000000000000000e+03 0.000000000000000000e+00 0.000000000000000000e+00 9.924200312918032857e-14
1.016000000000000000e+03 0.000000000000000000e+00 0.000000000000000000e+00 9.905446986908938601e-14
1.017000000000000000e+03 0.000000000000000000e+00 0.000000000000000000e+00 9.886733881142912916e-14
1.018000000000000000e+03 0.000000000000000000e+00 0.000000000000000000e+00 9.868060932899197901e-14
1.019000000000000000e+03 0.000000000000000000e+00 0.000000000000000000e+00 9.849428209142005924e-14
1.020000000000000000e+03 0.000000000000000000e+00 0.000000000000000000e+00 9.830835653529400501e-14
1.021000000000000000e+03 0.000000000000000000e+00 0.000000000000000000e+00 9.812283338875267717e-14
1.022000000000000000e+03 0.000000000000000000e+00 0.000000000000000000e+00 9.793771216334096364e-14
1.023000000000000000e+03 0.000000000000000000e+00 0.000000000000000000e+00 9.775299364248975606e-14
1.024000000000000000e+03 0.000000000000000000e+00 0.000000000000000000e+00 9.756867741329503189e-14
1.025000000000000000e+03 0.000000000000000000e+00 0.000000000000000000e+00 9.738476430750612000e-14
1.026000000000000000e+03 0.000000000000000000e+00 0.000000000000000000e+00 9.720125395694173141e-14
1.027000000000000000e+03 0.000000000000000000e+00 0.000000000000000000e+00 9.701814725386181202e-14
1.028000000000000000e+03 0.000000000000000000e+00 0.000000000000000000e+00 9.683544389365291082e-14
1.029000000000000000e+03 0.000000000000000000e+00 0.000000000000000000e+00 9.665314483003506376e-14
1.030000000000000000e+03 0.000000000000000000e+00 0.000000000000000000e+00 9.647124981096719900e-14
1.031000000000000000e+03 0.000000000000000000e+00 0.000000000000000000e+00 9.628975982312571441e-14
1.032000000000000000e+03 0.000000000000000000e+00 0.000000000000000000e+00 9.610867467069518896e-14
1.033000000000000000e+03 0.000000000000000000e+00 0.000000000000000000e+00 9.592799538987167207e-14
1.034000000000000000e+03 0.000000000000000000e+00 0.000000000000000000e+00 9.574772184643132638e-14
1.035000000000000000e+03 0.000000000000000000e+00 0.000000000000000000e+00 9.556785510926944509e-14
1.036000000000000000e+03 0.000000000000000000e+00 0.000000000000000000e+00 9.538839507877952780e-14
1.037000000000000000e+03 0.000000000000000000e+00 0.000000000000000000e+00 9.520934288309680022e-14
1.038000000000000000e+03 0.000000000000000000e+00 0.000000000000000000e+00 9.503069845074924003e-14
1.039000000000000000e+03 0.000000000000000000e+00 0.000000000000000000e+00 9.485246296377310842e-14
1.040000000000000000e+03 0.000000000000000000e+00 0.000000000000000000e+00 9.467463637507826873e-14
1.041000000000000000e+03 0.000000000000000000e+00 0.000000000000000000e+00 9.449721990129594074e-14
1.042000000000000000e+03 0.000000000000000000e+00 0.000000000000000000e+00 9.432021354829908660e-14
1.043000000000000000e+03 0.000000000000000000e+00 0.000000000000000000e+00 9.414361854287448157e-14
1.044000000000000000e+03 0.000000000000000000e+00 0.000000000000000000e+00 9.396743493555666882e-14
1.045000000000000000e+03 0.000000000000000000e+00 0.000000000000000000e+00 9.379166397702102509e-14
1.046000000000000000e+03 0.000000000000000000e+00 0.000000000000000000e+00 9.361630573079068205e-14
1.047000000000000000e+03 0.000000000000000000e+00 0.000000000000000000e+00 9.344136149300174511e-14
1.048000000000000000e+03 0.000000000000000000e+00 0.000000000000000000e+00 9.326683133728813200e-14
1.049000000000000000e+03 0.000000000000000000e+00 0.000000000000000000e+00 9.309271658057146110e-14
1.050000000000000000e+03 0.000000000000000000e+00 0.000000000000000000e+00 9.291901734585593561e-14
1.051000000000000000e+03 0.000000000000000000e+00 0.000000000000000000e+00 9.274573494276692996e-14
1.052000000000000000e+03 0.000000000000000000e+00 0.000000000000000000e+00 9.257286952003577436e-14
1.053000000000000000e+03 0.000000000000000000e+00 0.000000000000000000e+00 9.240042239624676618e-14
1.054000000000000000e+03 0.000000000000000000e+00 0.000000000000000000e+00 9.222839372677682707e-14
1.055000000000000000e+03 0.000000000000000000e+00 0.000000000000000000e+00 9.205678485876862212e-14
1.056000000000000000e+03 0.000000000000000000e+00 0.000000000000000000e+00 9.188559594888145790e-14
1.057000000000000000e+03 0.000000000000000000e+00 0.000000000000000000e+00 9.171482834842690850e-14
1.058000000000000000e+03 0.000000000000000000e+00 0.000000000000000000e+00 9.154448223534815162e-14
1.059000000000000000e+03 0.000000000000000000e+00 0.000000000000000000e+00 9.137455893742652991e-14
1.060000000000000000e+03 0.000000000000000000e+00 0.000000000000000000e+00 9.120505865079086307e-14
1.061000000000000000e+03 0.000000000000000000e+00 0.000000000000000000e+00 9.103598271156977810e-14
1.062000000000000000e+03 0.000000000000000000e+00 0.000000000000000000e+00 9.086733129625195725e-14
1.063000000000000000e+03 0.000000000000000000e+00 0.000000000000000000e+00 9.069910574402900403e-14
1.064000000000000000e+03 0.000000000000000000e+00 0.000000000000000000e+00 9.053130622877094853e-14
1.065000000000000000e+03 0.000000000000000000e+00 0.000000000000000000e+00 9.036393406951734288e-14
1.066000000000000000e+03 0.000000000000000000e+00 0.000000000000000000e+00 9.019698945180618940e-14
1.067000000000000000e+03 0.000000000000000000e+00 0.000000000000000000e+00 9.003047367183763639e-14
1.068000000000000000e+03 0.000000000000000000e+00 0.000000000000000000e+00 8.986438689019965656e-14
1.069000000000000000e+03 0.000000000000000000e+00 0.000000000000000000e+00 8.969873039506883714e-14
1.070000000000000000e+03 0.000000000000000000e+00 0.000000000000000000e+00 8.953350434655730995e-14
1.071000000000000000e+03 0.000000000000000000e+00 0.000000000000000000e+00 8.936870999677537076e-14
1.072000000000000000e+03 0.000000000000000000e+00 0.000000000000000000e+00 8.920434747972481468e-14
1.073000000000000000e+03 0.000000000000000000e+00 0.000000000000000000e+00 8.904041803424499991e-14
1.074000000000000000e+03 0.000000000000000000e+00 0.000000000000000000e+00 8.887692176550260879e-14
1.075000000000000000e+03 0.000000000000000000e+00 0.000000000000000000e+00 8.871385988626456600e-14
1.076000000000000000e+03 0.000000000000000000e+00 0.000000000000000000e+00 8.855123246790242454e-14
1.077000000000000000e+03 0.000000000000000000e+00 0.000000000000000000e+00 8.838904069863859185e-14
1.078000000000000000e+03 0.000000000000000000e+00 0.000000000000000000e+00 8.822728462937369306e-14
1.079000000000000000e+03 0.000000000000000000e+00 0.000000000000000000e+00 8.806596539724275871e-14
1.080000000000000000e+03 0.000000000000000000e+00 0.000000000000000000e+00 8.790508303138951657e-14
1.081000000000000000e+03 0.000000000000000000e+00 0.000000000000000000e+00 8.774463862691277048e-14
1.082000000000000000e+03 0.000000000000000000e+00 0.000000000000000000e+00 8.758463217124683712e-14
1.083000000000000000e+03 0.000000000000000000e+00 0.000000000000000000e+00 8.742506471991225800e-14
1.084000000000000000e+03 0.000000000000000000e+00 0.000000000000000000e+00 8.726593622526641616e-14
1.085000000000000000e+03 0.000000000000000000e+00 0.000000000000000000e+00 8.710724769071395304e-14
1.086000000000000000e+03 0.000000000000000000e+00 0.000000000000000000e+00 8.694899904615263700e-14
1.087000000000000000e+03 0.000000000000000000e+00 0.000000000000000000e+00 8.679119123199539240e-14
1.088000000000000000e+03 0.000000000000000000e+00 0.000000000000000000e+00 8.663382412196676763e-14
1.089000000000000000e+03 0.000000000000000000e+00 0.000000000000000000e+00 8.647689861680013498e-14
1.090000000000000000e+03 0.000000000000000000e+00 0.000000000000000000e+00 8.632041454460749946e-14
1.091000000000000000e+03 0.000000000000000000e+00 0.000000000000000000e+00 8.616437274661108414e-14
1.092000000000000000e+03 0.000000000000000000e+00 0.000000000000000000e+00 8.600877300703000433e-14
1.093000000000000000e+03 0.000000000000000000e+00 0.000000000000000000e+00 8.585361611073347859e-14
1.094000000000000000e+03 0.000000000000000000e+00 0.000000000000000000e+00 8.569890178581525141e-14
1.095000000000000000e+03 0.000000000000000000e+00 0.000000000000000000e+00 8.554463076246451516e-14
1.096000000000000000e+03 0.000000000000000000e+00 0.000000000000000000e+00 8.539080271616894766e-14
1.097000000000000000e+03 0.000000000000000000e+00 0.000000000000000000e+00 8.523741829927731430e-14
1.098000000000000000e+03 0.000000000000000000e+00 0.000000000000000000e+00 8.508447713439347144e-14
1.099000000000000000e+03 0.000000000000000000e+00 0.000000000000000000e+00 8.493197981908024899e-14
1.100000000000000000e+03 0.000000000000000000e+00 0.000000000000000000e+00 8.477992591042988679e-14
1.101000000000000000e+03 0.000000000000000000e+00 0.000000000000000000e+00 8.462831593904715550e-14
1.102000000000000000e+03 0.000000000000000000e+00 0.000000000000000000e+00 8.447714938986216451e-14
1.103000000000000000e+03 0.000000000000000000e+00 0.000000000000000000e+00 8.432642673998782164e-14
1.104000000000000000e+03 0.000000000000000000e+00 0.000000000000000000e+00 8.417614740168323374e-14
1.105000000000000000e+03 0.000000000000000000e+00 0.000000000000000000e+00 8.402631178129676202e-14
1.106000000000000000e+03 0.000000000000000000e+00 0.000000000000000000e+00 8.387691923674032334e-14
1.107000000000000000e+03 0.000000000000000000e+00 0.000000000000000000e+00 8.372797008752621227e-14
1.108000000000000000e+03 0.000000000000000000e+00 0.000000000000000000e+00 8.357946363396455540e-14
1.109000000000000000e+03 0.000000000000000000e+00 0.000000000000000000e+00 8.343140013031810933e-14
1.110000000000000000e+03 0.000000000000000000e+00 0.000000000000000000e+00 8.328377879717382141e-14
1.111000000000000000e+03 0.000000000000000000e+00 0.000000000000000000e+00 8.313659982451344209e-14
1.112000000000000000e+03 0.000000000000000000e+00 0.000000000000000000e+00 8.298986235219160342e-14
1.113000000000000000e+03 0.000000000000000000e+00 0.000000000000000000e+00 8.284356650354129316e-14
1.114000000000000000e+03 0.000000000000000000e+00 0.000000000000000000e+00 8.269771134743979361e-14
1.115000000000000000e+03 0.000000000000000000e+00 0.000000000000000000e+00 8.255229692291053914e-14
1.116000000000000000e+03 0.000000000000000000e+00 0.000000000000000000e+00 8.240732222951544706e-14
1.117000000000000000e+03 0.000000000000000000e+00 0.000000000000000000e+00 8.226278723120411674e-14
1.118000000000000000e+03 0.000000000000000000e+00 0.000000000000000000e+00 8.211869085476958109e-14
1.119000000000000000e+03 0.000000000000000000e+00 0.000000000000000000e+00 8.197503298121776402e-14
1.120000000000000000e+03 0.000000000000000000e+00 0.000000000000000000e+00 8.183181247888671406e-14
1.121000000000000000e+03 0.000000000000000000e+00 0.000000000000000000e+00 8.168902913366688405e-14
1.122000000000000000e+03 0.000000000000000000e+00 0.000000000000000000e+00 8.154668174554353197e-14
1.123000000000000000e+03 0.000000000000000000e+00 0.000000000000000000e+00 8.140477003044674775e-14
1.124000000000000000e+03 0.000000000000000000e+00 0.000000000000000000e+00 8.126329271123355863e-14
1.125000000000000000e+03 0.000000000000000000e+00 0.000000000000000000e+00 8.112224942746748478e-14
1.126000000000000000e+03 0.000000000000000000e+00 0.000000000000000000e+00 8.098163882462280461e-14
1.127000000000000000e+03 0.000000000000000000e+00 0.000000000000000000e+00 8.084146046995029219e-14
1.128000000000000000e+03 0.000000000000000000e+00 0.000000000000000000e+00 8.070171293280077677e-14
1.129000000000000000e+03 0.000000000000000000e+00 0.000000000000000000e+00 8.056239570051595972e-14
1.130000000000000000e+03 0.000000000000000000e+00 0.000000000000000000e+00 8.042350727488001431e-14
1.131000000000000000e+03 0.000000000000000000e+00 0.000000000000000000e+00 8.028504707496666965e-14
1.132000000000000000e+03 0.000000000000000000e+00 0.000000000000000000e+00 8.014701351955482928e-14
1.133000000000000000e+03 0.000000000000000000e+00 0.000000000000000000e+00 8.000940595308933011e-14
1.134000000000000000e+03 0.000000000000000000e+00 0.000000000000000000e+00 7.987222272378705805e-14
1.135000000000000000e+03 0.000000000000000000e+00 0.000000000000000000e+00 7.973546309209855064e-14
1.136000000000000000e+03 0.000000000000000000e+00 0.000000000000000000e+00 7.959912535283031717e-14
1.137000000000000000e+03 0.000000000000000000e+00 0.000000000000000000e+00 7.946320868447540942e-14
1.138000000000000000e+03 0.000000000000000000e+00 0.000000000000000000e+00 7.932771131065718892e-14
1.139000000000000000e+03 0.000000000000000000e+00 0.000000000000000000e+00 7.919263234038870405e-14
1.140000000000000000e+03 0.000000000000000000e+00 0.000000000000000000e+00 7.905796993045930388e-14
1.141000000000000000e+03 0.000000000000000000e+00 0.000000000000000000e+00 7.892372311736816273e-14
1.142000000000000000e+03 0.000000000000000000e+00 0.000000000000000000e+00 7.878988999110528924e-14
1.143000000000000000e+03 0.000000000000000000e+00 0.000000000000000000e+00 7.865646952784460405e-14
1.144000000000000000e+03 0.000000000000000000e+00 0.000000000000000000e+00 7.852345975182168160e-14
1.145000000000000000e+03 0.000000000000000000e+00 0.000000000000000000e+00 7.839085956290525247e-14
1.146000000000000000e+03 0.000000000000000000e+00 0.000000000000000000e+00 7.825866693286348721e-14
1.147000000000000000e+03 0.000000000000000000e+00 0.000000000000000000e+00 7.812688069510615999e-14
1.148000000000000000e+03 0.000000000000000000e+00 0.000000000000000000e+00 7.799549876298232809e-14
1.149000000000000000e+03 0.000000000000000000e+00 0.000000000000000000e+00 7.786451990274626401e-14
1.150000000000000000e+03 0.000000000000000000e+00 0.000000000000000000e+00 7.773394196540218649e-14
1.151000000000000000e+03 0.000000000000000000e+00 0.000000000000000000e+00 7.760376366432206119e-14
1.152000000000000000e+03 0.000000000000000000e+00 0.000000000000000000e+00 7.747398280035438099e-14
1.153000000000000000e+03 0.000000000000000000e+00 0.000000000000000000e+00 7.734459802184938396e-14
1.154000000000000000e+03 0.000000000000000000e+00 0.000000000000000000e+00 7.721560707328654143e-14
1.155000000000000000e+03 0.000000000000000000e+00 0.000000000000000000e+00 7.708700854435652078e-14
1.156000000000000000e+03 0.000000000000000000e+00 0.000000000000000000e+00 7.695880014614719474e-14
1.157000000000000000e+03 0.000000000000000000e+00 0.000000000000000000e+00 7.683098040767205674e-14
1.158000000000000000e+03 0.000000000000000000e+00 0.000000000000000000e+00 7.670354698965705170e-14
1.159000000000000000e+03 0.000000000000000000e+00 0.000000000000000000e+00 7.657649836651450771e-14
1.160000000000000000e+03 0.000000000000000000e+00 0.000000000000000000e+00 7.644983215701887299e-14
1.161000000000000000e+03 0.000000000000000000e+00 0.000000000000000000e+00 7.632354679381258100e-14
1.162000000000000000e+03 0.000000000000000000e+00 0.000000000000000000e+00 7.619763985072303225e-14
1.163000000000000000e+03 0.000000000000000000e+00 0.000000000000000000e+00 7.607210970901446497e-14
1.164000000000000000e+03 0.000000000000000000e+00 0.000000000000000000e+00 7.594695390164729632e-14
1.165000000000000000e+03 0.000000000000000000e+00 0.000000000000000000e+00 7.582217076730333054e-14
1.166000000000000000e+03 0.000000000000000000e+00 0.000000000000000000e+00 7.569775779600196619e-14
1.167000000000000000e+03 0.000000000000000000e+00 0.000000000000000000e+00 7.557371329781562257e-14
1.168000000000000000e+03 0.000000000000000000e+00 0.000000000000000000e+00 7.545003472706119157e-14
1.169000000000000000e+03 0.000000000000000000e+00 0.000000000000000000e+00 7.532672035654183234e-14
1.170000000000000000e+03 0.000000000000000000e+00 0.000000000000000000e+00 7.520376760268692424e-14
1.171000000000000000e+03 0.000000000000000000e+00 0.000000000000000000e+00 7.508117470694596479e-14
1.172000000000000000e+03 0.000000000000000000e+00 0.000000000000000000e+00 7.495893906422727382e-14
1.173000000000000000e+03 0.000000000000000000e+00 0.000000000000000000e+00 7.483705888329609976e-14
1.174000000000000000e+03 0.000000000000000000e+00 0.000000000000000000e+00 7.471553153110629613e-14
1.175000000000000000e+03 0.000000000000000000e+00 0.000000000000000000e+00 7.459435518003671908e-14
1.176000000000000000e+03 0.000000000000000000e+00 0.000000000000000000e+00 7.447352717927651631e-14
1.177000000000000000e+03 0.000000000000000000e+00 0.000000000000000000e+00 7.435304568288841806e-14
1.178000000000000000e+03 0.000000000000000000e+00 0.000000000000000000e+00 7.423290800813493232e-14
1.179000000000000000e+03 0.000000000000000000e+00 0.000000000000000000e+00 7.411311229519217420e-14
1.180000000000000000e+03 0.000000000000000000e+00 0.000000000000000000e+00 7.399365584173726752e-14
1.181000000000000000e+03 0.000000000000000000e+00 0.000000000000000000e+00 7.387453676916212298e-14
1.182000000000000000e+03 0.000000000000000000e+00 0.000000000000000000e+00 7.375575236317439583e-14
1.183000000000000000e+03 0.000000000000000000e+00 0.000000000000000000e+00 7.363730071820730013e-14
1.184000000000000000e+03 0.000000000000000000e+00 0.000000000000000000e+00 7.351917912031707929e-14
1.185000000000000000e+03 0.000000000000000000e+00 0.000000000000000000e+00 7.340138565060847972e-14
1.186000000000000000e+03 0.000000000000000000e+00 0.000000000000000000e+00 7.328391758885096520e-14
1.187000000000000000e+03 0.000000000000000000e+00 0.000000000000000000e+00 7.316677299983990477e-14
1.188000000000000000e+03 0.000000000000000000e+00 0.000000000000000000e+00 7.304994915852290357e-14
1.189000000000000000e+03 0.000000000000000000e+00 0.000000000000000000e+00 7.293344412228828015e-14
1.190000000000000000e+03 0.000000000000000000e+00 0.000000000000000000e+00 7.281725515197402300e-14
1.191000000000000000e+03 0.000000000000000000e+00 0.000000000000000000e+00 7.270138031417508853e-14
1.192000000000000000e+03 0.000000000000000000e+00 0.000000000000000000e+00 7.258581686200448488e-14
1.193000000000000000e+03 0.000000000000000000e+00 0.000000000000000000e+00 7.247056285427592021e-14
1.194000000000000000e+03 0.000000000000000000e+00 0.000000000000000000e+00 7.235561554763651212e-14
1.195000000000000000e+03 0.000000000000000000e+00 0.000000000000000000e+00 7.224097299780827775e-14
1.196000000000000000e+03 0.000000000000000000e+00 0.000000000000000000e+00 7.212663247790423468e-14
1.197000000000000000e+03 0.000000000000000000e+00 0.000000000000000000e+00 7.201259203654276440e-14
1.198000000000000000e+03 0.000000000000000000e+00 0.000000000000000000e+00 7.189884895918082848e-14
1.199000000000000000e+03 0.000000000000000000e+00 0.000000000000000000e+00 7.178540130542252323e-14
1.200000000000000000e+03 0.000000000000000000e+00 0.000000000000000000e+00 7.167224635846555045e-14
1.201000000000000000e+03 0.000000000000000000e+00 0.000000000000000000e+00 7.155938219344109886e-14
1.202000000000000000e+03 0.000000000000000000e+00 0.000000000000000000e+00 7.144680611201963238e-14
1.203000000000000000e+03 0.000000000000000000e+00 0.000000000000000000e+00 7.133451618959166671e-14
1.204000000000000000e+03 0.000000000000000000e+00 0.000000000000000000e+00 7.122250974968114497e-14
1.205000000000000000e+03 0.000000000000000000e+00 0.000000000000000000e+00 7.111078488274472802e-14
1.206000000000000000e+03 0.000000000000000000e+00 0.000000000000000000e+00 7.099933891693880267e-14
1.207000000000000000e+03 0.000000000000000000e+00 0.000000000000000000e+00 7.088816996471393884e-14
1.208000000000000000e+03 0.000000000000000000e+00 0.000000000000000000e+00 7.077727537521217976e-14
1.209000000000000000e+03 0.000000000000000000e+00 0.000000000000000000e+00 7.066665327910545699e-14
1.210000000000000000e+03 0.000000000000000000e+00 0.000000000000000000e+00 7.055630104762691048e-14
1.211000000000000000e+03 0.000000000000000000e+00 0.000000000000000000e+00 7.044621682245554264e-14
1.212000000000000000e+03 0.000000000000000000e+00 0.000000000000000000e+00 7.033639800686958850e-14
1.213000000000000000e+03 0.000000000000000000e+00 0.000000000000000000e+00 7.022684276577055042e-14
1.214000000000000000e+03 0.000000000000000000e+00 0.000000000000000000e+00 7.011754852428000733e-14
1.215000000000000000e+03 0.000000000000000000e+00 0.000000000000000000e+00 7.000851346311600915e-14
1.216000000000000000e+03 0.000000000000000000e+00 0.000000000000000000e+00 6.989973504846501497e-14
1.217000000000000000e+03 0.000000000000000000e+00 0.000000000000000000e+00 6.979121148221312842e-14
1.218000000000000000e+03 0.000000000000000000e+00 0.000000000000000000e+00 6.968294025179636112e-14
1.219000000000000000e+03 0.000000000000000000e+00 0.000000000000000000e+00 6.957491959755322937e-14
1.220000000000000000e+03 0.000000000000000000e+00 0.000000000000000000e+00 6.946714703405096847e-14
1.221000000000000000e+03 0.000000000000000000e+00 0.000000000000000000e+00 6.935962082913243070e-14
1.222000000000000000e+03 0.000000000000000000e+00 0.000000000000000000e+00 6.925233853390115243e-14
1.223000000000000000e+03 0.000000000000000000e+00 0.000000000000000000e+00 6.914529844658818283e-14
1.224000000000000000e+03 0.000000000000000000e+00 0.000000000000000000e+00 6.903849813989444165e-14
1.225000000000000000e+03 0.000000000000000000e+00 0.000000000000000000e+00 6.893193595127761034e-14
1.226000000000000000e+03 0.000000000000000000e+00 0.000000000000000000e+00 6.882560949042392938e-14
1.227000000000000000e+03 0.000000000000000000e+00 0.000000000000000000e+00 6.871951711767134078e-14
1.228000000000000000e+03 0.000000000000000000e+00 0.000000000000000000e+00 6.861365647920436929e-14
1.229000000000000000e+03 0.000000000000000000e+00 0.000000000000000000e+00 6.850802597178022890e-14
1.230000000000000000e+03 0.000000000000000000e+00 0.000000000000000000e+00 6.840262327926042573e-14
1.231000000000000000e+03 0.000000000000000000e+00 0.000000000000000000e+00 6.829744683451218702e-14
1.232000000000000000e+03 0.000000000000000000e+00 0.000000000000000000e+00 6.819249436029952404e-14
1.233000000000000000e+03 0.000000000000000000e+00 0.000000000000000000e+00 6.808776432663529390e-14
1.234000000000000000e+03 0.000000000000000000e+00 0.000000000000000000e+00 6.798325449654440625e-14
1.235000000000000000e+03 0.000000000000000000e+00 0.000000000000000000e+00 6.787896337663375130e-14
1.236000000000000000e+03 0.000000000000000000e+00 0.000000000000000000e+00 6.777488877120298109e-14
1.237000000000000000e+03 0.000000000000000000e+00 0.000000000000000000e+00 6.767102922677418644e-14
1.238000000000000000e+03 0.000000000000000000e+00 0.000000000000000000e+00 6.756738258837425448e-14
1.239000000000000000e+03 0.000000000000000000e+00 0.000000000000000000e+00 6.746394743459459228e-14
1.240000000000000000e+03 0.000000000000000000e+00 0.000000000000000000e+00 6.736072165951543967e-14
1.241000000000000000e+03 0.000000000000000000e+00 0.000000000000000000e+00 6.725770387986763427e-14
1.242000000000000000e+03 0.000000000000000000e+00 0.000000000000000000e+00 6.715489202830877151e-14
1.243000000000000000e+03 0.000000000000000000e+00 0.000000000000000000e+00 6.705228476616756792e-14
1.244000000000000000e+03 0.000000000000000000e+00 0.000000000000000000e+00 6.694988006981177064e-14
1.245000000000000000e+03 0.000000000000000000e+00 0.000000000000000000e+00 6.684767663528425480e-14
1.246000000000000000e+03 0.000000000000000000e+00 0.000000000000000000e+00 6.674567248985668694e-14
1.247000000000000000e+03 0.000000000000000000e+00 0.000000000000000000e+00 6.664386637364539903e-14
1.248000000000000000e+03 0.000000000000000000e+00 0.000000000000000000e+00 6.654225636192151738e-14
1.249000000000000000e+03 0.000000000000000000e+00 0.000000000000000000e+00 6.644084123202042469e-14
1.250000000000000000e+03 0.000000000000000000e+00 0.000000000000000000e+00 6.633961909771073231e-14
1.251000000000000000e+03 0.000000000000000000e+00 0.000000000000000000e+00 6.623858879061271183e-14
1.252000000000000000e+03 0.000000000000000000e+00 0.000000000000000000e+00 6.613774845984925914e-14
1.253000000000000000e+03 0.000000000000000000e+00 0.000000000000000000e+00 6.603709697586036474e-14
1.254000000000000000e+03 0.000000000000000000e+00 0.000000000000000000e+00 6.593663253572904223e-14
1.255000000000000000e+03 0.000000000000000000e+00 0.000000000000000000e+00 6.583635404678385694e-14
1.256000000000000000e+03 0.000000000000000000e+00 0.000000000000000000e+00 6.573625974945880890e-14
1.257000000000000000e+03 0.000000000000000000e+00 0.000000000000000000e+00 6.563634859607357378e-14
1.258000000000000000e+03 0.000000000000000000e+00 0.000000000000000000e+00 6.553661887262743906e-14
1.259000000000000000e+03 0.000000000000000000e+00 0.000000000000000000e+00 6.543706957245548322e-14
1.260000000000000000e+03 0.000000000000000000e+00 0.000000000000000000e+00 6.533769903286897514e-14
1.261000000000000000e+03 0.000000000000000000e+00 0.000000000000000000e+00 6.523850628407004797e-14
1.262000000000000000e+03 0.000000000000000000e+00 0.000000000000000000e+00 6.513948970924951501e-14
1.263000000000000000e+03 0.000000000000000000e+00 0.000000000000000000e+00 6.504064838440465200e-14
1.264000000000000000e+03 0.000000000000000000e+00 0.000000000000000000e+00 6.494198073884369921e-14
1.265000000000000000e+03 0.000000000000000000e+00 0.000000000000000000e+00 6.484348588958387905e-14
1.266000000000000000e+03 0.000000000000000000e+00 0.000000000000000000e+00 6.474516231058923205e-14
1.267000000000000000e+03 0.000000000000000000e+00 0.000000000000000000e+00 6.464700916171737842e-14
1.268000000000000000e+03 0.000000000000000000e+00 0.000000000000000000e+00 6.454902496100300088e-14
1.269000000000000000e+03 0.000000000000000000e+00 0.000000000000000000e+00 6.445120890936795610e-14
1.270000000000000000e+03 0.000000000000000000e+00 0.000000000000000000e+00 6.435355956930674873e-14
1.271000000000000000e+03 0.000000000000000000e+00 0.000000000000000000e+00 6.425607618677250828e-14
1.272000000000000000e+03 0.000000000000000000e+00 0.000000000000000000e+00 6.415875736888240751e-14
1.273000000000000000e+03 0.000000000000000000e+00 0.000000000000000000e+00 6.406160240468167713e-14
1.274000000000000000e+03 0.000000000000000000e+00 0.000000000000000000e+00 6.396460995014240308e-14
1.275000000000000000e+03 0.000000000000000000e+00 0.000000000000000000e+00 6.386777933576632469e-14
1.276000000000000000e+03 0.000000000000000000e+00 0.000000000000000000e+00 6.377110926259465337e-14
1.277000000000000000e+03 0.000000000000000000e+00 0.000000000000000000e+00 6.367459910710550711e-14
1.278000000000000000e+03 0.000000000000000000e+00 0.000000000000000000e+00 6.357824760829503540e-14
1.279000000000000000e+03 0.000000000000000000e+00 0.000000000000000000e+00 6.348205418596351453e-14
1.280000000000000000e+03 0.000000000000000000e+00 0.000000000000000000e+00 6.338601762471919560e-14
1.281000000000000000e+03 0.000000000000000000e+00 0.000000000000000000e+00 6.329013738559276967e-14
1.282000000000000000e+03 0.000000000000000000e+00 0.000000000000000000e+00 6.319441229558567093e-14
1.283000000000000000e+03 0.000000000000000000e+00 0.000000000000000000e+00 6.309884184992085129e-14
1.284000000000000000e+03 0.000000000000000000e+00 0.000000000000000000e+00 6.300342492253404056e-14
1.285000000000000000e+03 0.000000000000000000e+00 0.000000000000000000e+00 6.290816104914565895e-14
1.286000000000000000e+03 0.000000000000000000e+00 0.000000000000000000e+00 6.281304914929894356e-14
1.287000000000000000e+03 0.000000000000000000e+00 0.000000000000000000e+00 6.271808880105872717e-14
1.288000000000000000e+03 0.000000000000000000e+00 0.000000000000000000e+00 6.262327896511173546e-14
1.289000000000000000e+03 0.000000000000000000e+00 0.000000000000000000e+00 6.252861927214443053e-14
1.290000000000000000e+03 0.000000000000000000e+00 0.000000000000000000e+00 6.243410872319051696e-14
1.291000000000000000e+03 0.000000000000000000e+00 0.000000000000000000e+00 6.233974699020193487e-14
1.292000000000000000e+03 0.000000000000000000e+00 0.000000000000000000e+00 6.224553312452760345e-14
1.293000000000000000e+03 0.000000000000000000e+00 0.000000000000000000e+00 6.215146683434298372e-14
1.294000000000000000e+03 0.000000000000000000e+00 0.000000000000000000e+00 6.205754721757481371e-14
1.295000000000000000e+03 0.000000000000000000e+00 0.000000000000000000e+00 6.196377402283767226e-14
1.296000000000000000e+03 0.000000000000000000e+00 0.000000000000000000e+00 6.187014639785745813e-14
1.297000000000000000e+03 0.000000000000000000e+00 0.000000000000000000e+00 6.177666412731631644e-14
1.298000000000000000e+03 0.000000000000000000e+00 0.000000000000000000e+00 6.168332640114085958e-14
1.299000000000000000e+03 0.000000000000000000e+00 0.000000000000000000e+00 6.159013304396645006e-14
1.300000000000000000e+03 0.000000000000000000e+00 0.000000000000000000e+00 6.149708329669572790e-14
1.301000000000000000e+03 0.000000000000000000e+00 0.000000000000000000e+00 6.140417701941926382e-14
1.302000000000000000e+03 0.000000000000000000e+00 0.000000000000000000e+00 6.131141350045653652e-14
1.303000000000000000e+03 0.000000000000000000e+00 0.000000000000000000e+00 6.121879263852930421e-14
1.304000000000000000e+03 0.000000000000000000e+00 0.000000000000000000e+00 6.112631376255880760e-14
1.305000000000000000e+03 0.000000000000000000e+00 0.000000000000000000e+00 6.103397681460496765e-14
1.306000000000000000e+03 0.000000000000000000e+00 0.000000000000000000e+00 6.094178116804981890e-14
1.307000000000000000e+03 0.000000000000000000e+00 0.000000000000000000e+00 6.084972680636211845e-14
1.308000000000000000e+03 0.000000000000000000e+00 0.000000000000000000e+00 6.075781313912699972e-14
1.309000000000000000e+03 0.000000000000000000e+00 0.000000000000000000e+00 6.066604019546764223e-14
1.310000000000000000e+03 0.000000000000000000e+00 0.000000000000000000e+00 6.057440742454556109e-14
1.311000000000000000e+03 0.000000000000000000e+00 0.000000000000000000e+00 6.048291489127613282e-14
1.312000000000000000e+03 0.000000000000000000e+00 0.000000000000000000e+00 6.039156208875208195e-14
1.313000000000000000e+03 0.000000000000000000e+00 0.000000000000000000e+00 6.030034911923050674e-14
1.314000000000000000e+03 0.000000000000000000e+00 0.000000000000000000e+00 6.020927551737022259e-14
1.315000000000000000e+03 0.000000000000000000e+00 0.000000000000000000e+00 6.011834141507075445e-14
1.316000000000000000e+03 0.000000000000000000e+00 0.000000000000000000e+00 6.002754638599979917e-14
1.317000000000000000e+03 0.000000000000000000e+00 0.000000000000000000e+00 5.993689059961906801e-14
1.318000000000000000e+03 0.000000000000000000e+00 0.000000000000000000e+00 5.984637366309553276e-14
1.319000000000000000e+03 0.000000000000000000e+00 0.000000000000000000e+00 5.975599578497078363e-14
1.320000000000000000e+03 0.000000000000000000e+00 0.000000000000000000e+00 5.966575660484769548e-14
1.321000000000000000e+03 0.000000000000000000e+00 0.000000000000000000e+00 5.957565636172687616e-14
1.322000000000000000e+03 0.000000000000000000e+00 0.000000000000000000e+00 5.948569473756780574e-14
1.323000000000000000e+03 0.000000000000000000e+00 0.000000000000000000e+00 5.939587200155414724e-14
1.324000000000000000e+03 0.000000000000000000e+00 0.000000000000000000e+00 5.930618787350313110e-14
1.325000000000000000e+03 0.000000000000000000e+00 0.000000000000000000e+00 5.921664265908046041e-14
1.326000000000000000e+03 0.000000000000000000e+00 0.000000000000000000e+00 5.912723610833888951e-14
1.327000000000000000e+03 0.000000000000000000e+00 0.000000000000000000e+00 5.903796855883622803e-14
1.328000000000000000e+03 0.000000000000000000e+00 0.000000000000000000e+00 5.894883979330108594e-14
1.329000000000000000e+03 0.000000000000000000e+00 0.000000000000000000e+00 5.885985017899150730e-14
1.330000000000000000e+03 0.000000000000000000e+00 0.000000000000000000e+00 5.877099952794590714e-14
1.331000000000000000e+03 0.000000000000000000e+00 0.000000000000000000e+00 5.868228823936377459e-14
1.332000000000000000e+03 0.000000000000000000e+00 0.000000000000000000e+00 5.859371615843671058e-14
1.333000000000000000e+03 0.000000000000000000e+00 0.000000000000000000e+00 5.850528371037084045e-14
1.334000000000000000e+03 0.000000000000000000e+00 0.000000000000000000e+00 5.841699076844834465e-14
1.335000000000000000e+03 0.000000000000000000e+00 0.000000000000000000e+00 5.832883778736708385e-14
1.336000000000000000e+03 0.000000000000000000e+00 0.000000000000000000e+00 5.824082467424942760e-14
1.337000000000000000e+03 0.000000000000000000e+00 0.000000000000000000e+00 5.815295190814761938e-14
1.338000000000000000e+03 0.000000000000000000e+00 0.000000000000000000e+00 5.806521941963103218e-14
1.339000000000000000e+03 0.000000000000000000e+00 0.000000000000000000e+00 5.797762771742996747e-14
1.340000000000000000e+03 0.000000000000000000e+00 0.000000000000000000e+00 5.789017676358532202e-14
1.341000000000000000e+03 0.000000000000000000e+00 0.000000000000000000e+00 5.780286708511488437e-14
1.342000000000000000e+03 0.000000000000000000e+00 0.000000000000000000e+00 5.771569867210071658e-14
1.343000000000000000e+03 0.000000000000000000e+00 0.000000000000000000e+00 5.762867207455384525e-14
1.344000000000000000e+03 0.000000000000000000e+00 0.000000000000000000e+00 5.754178730420894868e-14
1.345000000000000000e+03 0.000000000000000000e+00 0.000000000000000000e+00 5.745504493359467781e-14
1.346000000000000000e+03 0.000000000000000000e+00 0.000000000000000000e+00 5.736844499338464569e-14
1.347000000000000000e+03 0.000000000000000000e+00 0.000000000000000000e+00 5.728198807682817816e-14
1.348000000000000000e+03 0.000000000000000000e+00 0.000000000000000000e+00 5.719567424102884620e-14
1.349000000000000000e+03 0.000000000000000000e+00 0.000000000000000000e+00 5.710950409813839560e-14
1.350000000000000000e+03 0.000000000000000000e+00 0.000000000000000000e+00 5.702347772759472824e-14
1.351000000000000000e+03 0.000000000000000000e+00 0.000000000000000000e+00 5.693759575634602042e-14
1.352000000000000000e+03 0.000000000000000000e+00 0.000000000000000000e+00 5.685185828948923182e-14
1.353000000000000000e+03 0.000000000000000000e+00 0.000000000000000000e+00 5.676626597292621570e-14
1.354000000000000000e+03 0.000000000000000000e+00 0.000000000000000000e+00 5.668081893356846012e-14
1.355000000000000000e+03 0.000000000000000000e+00 0.000000000000000000e+00 5.659551782910025747e-14
1.356000000000000000e+03 0.000000000000000000e+00 0.000000000000000000e+00 5.651036280614098689e-14
1.357000000000000000e+03 0.000000000000000000e+00 0.000000000000000000e+00 5.642535454264811700e-14
1.358000000000000000e+03 0.000000000000000000e+00 0.000000000000000000e+00 5.634049319751399870e-14
1.359000000000000000e+03 0.000000000000000000e+00 0.000000000000000000e+00 5.625577946050344245e-14
1.360000000000000000e+03 0.000000000000000000e+00 0.000000000000000000e+00 5.617121350702591831e-14
1.361000000000000000e+03 0.000000000000000000e+00 0.000000000000000000e+00 5.608679603695299644e-14
1.362000000000000000e+03 0.000000000000000000e+00 0.000000000000000000e+00 5.600252724480675726e-14
1.363000000000000000e+03 0.000000000000000000e+00 0.000000000000000000e+00 5.591840783829785845e-14
1.364000000000000000e+03 0.000000000000000000e+00 0.000000000000000000e+00 5.583443802609343902e-14
1.365000000000000000e+03 0.000000000000000000e+00 0.000000000000000000e+00 5.575061852704852717e-14
1.366000000000000000e+03 0.000000000000000000e+00 0.000000000000000000e+00 5.566694956033261328e-14
1.367000000000000000e+03 0.000000000000000000e+00 0.000000000000000000e+00 5.558343185188889952e-14
1.368000000000000000e+03 0.000000000000000000e+00 0.000000000000000000e+00 5.550006563401756070e-14
1.369000000000000000e+03 0.000000000000000000e+00 0.000000000000000000e+00 5.541685163754056924e-14
1.370000000000000000e+03 0.000000000000000000e+00 0.000000000000000000e+00 5.533379009730028937e-14
1.371000000000000000e+03 0.000000000000000000e+00 0.000000000000000000e+00 5.525088175098389124e-14
1.372000000000000000e+03 0.000000000000000000e+00 0.000000000000000000e+00 5.516812684077771227e-14
1.373000000000000000e+03 0.000000000000000000e+00 0.000000000000000000e+00 5.508552610103519010e-14
1.374000000000000000e+03 0.000000000000000000e+00 0.000000000000000000e+00 5.500307977761984574e-14
1.375000000000000000e+03 0.000000000000000000e+00 0.000000000000000000e+00 5.492078860702701934e-14
1.376000000000000000e+03 0.000000000000000000e+00 0.000000000000000000e+00 5.483865283432357077e-14
1.377000000000000000e+03 0.000000000000000000e+00 0.000000000000000000e+00 5.475667320250305348e-14
1.378000000000000000e+03 0.000000000000000000e+00 0.000000000000000000e+00 5.467484995131919136e-14
1.379000000000000000e+03 0.000000000000000000e+00 0.000000000000000000e+00 5.459318382546118491e-14
1.380000000000000000e+03 0.000000000000000000e+00 0.000000000000000000e+00 5.451167506433763454e-14
1.381000000000000000e+03 0.000000000000000000e+00 0.000000000000000000e+00 5.443032440883585401e-14
1.382000000000000000e+03 0.000000000000000000e+00 0.000000000000000000e+00 5.434913209283944496e-14
1.383000000000000000e+03 0.000000000000000000e+00 0.000000000000000000e+00 5.426809885706302374e-14
1.384000000000000000e+03 0.000000000000000000e+00 0.000000000000000000e+00 5.418722493001926090e-14
1.385000000000000000e+03 0.000000000000000000e+00 0.000000000000000000e+00 5.410651104568027134e-14
1.386000000000000000e+03 0.000000000000000000e+00 0.000000000000000000e+00 5.402595742505768709e-14
1.387000000000000000e+03 0.000000000000000000e+00 0.000000000000000000e+00 5.394556479184750438e-14
1.388000000000000000e+03 0.000000000000000000e+00 0.000000000000000000e+00 5.386533336376893381e-14
1.389000000000000000e+03 0.000000000000000000e+00 0.000000000000000000e+00 5.378526385343013400e-14
1.390000000000000000e+03 0.000000000000000000e+00 0.000000000000000000e+00 5.370535646933570073e-14
1.391000000000000000e+03 0.000000000000000000e+00 0.000000000000000000e+00 5.362561190832151595e-14
1.392000000000000000e+03 0.000000000000000000e+00 0.000000000000000000e+00 5.354603037179640946e-14
1.393000000000000000e+03 0.000000000000000000e+00 0.000000000000000000e+00 5.346661254350269311e-14
1.394000000000000000e+03 0.000000000000000000e+00 0.000000000000000000e+00 5.338735861094981464e-14
1.395000000000000000e+03 0.000000000000000000e+00 0.000000000000000000e+00 5.330826924593794979e-14
1.396000000000000000e+03 0.000000000000000000e+00 0.000000000000000000e+00 5.322934462511311124e-14
1.397000000000000000e+03 0.000000000000000000e+00 0.000000000000000000e+00 5.315058539862321187e-14
1.398000000000000000e+03 0.000000000000000000e+00 0.000000000000000000e+00 5.307199173158604673e-14
1.399000000000000000e+03 0.000000000000000000e+00 0.000000000000000000e+00 5.299356425542421748e-14
1.400000000000000000e+03 0.000000000000000000e+00 0.000000000000000000e+00 5.291530312287626578e-14
1.401000000000000000e+03 0.000000000000000000e+00 0.000000000000000000e+00 5.283720894556945220e-14
1.402000000000000000e+03 0.000000000000000000e+00 0.000000000000000000e+00 5.275928185850980442e-14
1.403000000000000000e+03 0.000000000000000000e+00 0.000000000000000000e+00 5.268152245731059304e-14
1.404000000000000000e+03 0.000000000000000000e+00 0.000000000000000000e+00 5.260393085717764528e-14
1.405000000000000000e+03 0.000000000000000000e+00 0.000000000000000000e+00 5.252650763233501929e-14
1.406000000000000000e+03 0.000000000000000000e+00 0.000000000000000000e+00 5.244925287623271776e-14
1.407000000000000000e+03 0.000000000000000000e+00 0.000000000000000000e+00 5.237216714303740450e-14
1.408000000000000000e+03 0.000000000000000000e+00 0.000000000000000000e+00 5.229525050192040478e-14
1.409000000000000000e+03 0.000000000000000000e+00 0.000000000000000000e+00 5.221850348776693688e-14
1.410000000000000000e+03 0.000000000000000000e+00 0.000000000000000000e+00 5.214192614814164045e-14
1.411000000000000000e+03 0.000000000000000000e+00 0.000000000000000000e+00 5.206551898865479633e-14
1.412000000000000000e+03 0.000000000000000000e+00 0.000000000000000000e+00 5.198928204123444526e-14
1.413000000000000000e+03 0.000000000000000000e+00 0.000000000000000000e+00 5.191321578371006477e-14
1.414000000000000000e+03 0.000000000000000000e+00 0.000000000000000000e+00 5.183732022232242183e-14
1.415000000000000000e+03 0.000000000000000000e+00 0.000000000000000000e+00 5.176159581567728676e-14
1.416000000000000000e+03 0.000000000000000000e+00 0.000000000000000000e+00 5.168604254377584915e-14
1.417000000000000000e+03 0.000000000000000000e+00 0.000000000000000000e+00 5.161066083793548298e-14
1.418000000000000000e+03 0.000000000000000000e+00 0.000000000000000000e+00 5.153545065324534611e-14
1.419000000000000000e+03 0.000000000000000000e+00 0.000000000000000000e+00 5.146041239233697746e-14
1.420000000000000000e+03 0.000000000000000000e+00 0.000000000000000000e+00 5.138554598741809422e-14
1.421000000000000000e+03 0.000000000000000000e+00 0.000000000000000000e+00 5.131085181473019379e-14
1.422000000000000000e+03 0.000000000000000000e+00 0.000000000000000000e+00 5.123632977641548477e-14
1.423000000000000000e+03 0.000000000000000000e+00 0.000000000000000000e+00 5.116198021942484457e-14
1.424000000000000000e+03 0.000000000000000000e+00 0.000000000000000000e+00 5.108780302039417273e-14
1.425000000000000000e+03 0.000000000000000000e+00 0.000000000000000000e+00 5.101379850005067272e-14
1.426000000000000000e+03 0.000000000000000000e+00 0.000000000000000000e+00 5.093996650230930978e-14
1.427000000000000000e+03 0.000000000000000000e+00 0.000000000000000000e+00 5.086630732272139115e-14
1.428000000000000000e+03 0.000000000000000000e+00 0.000000000000000000e+00 5.079282077438518225e-14
1.429000000000000000e+03 0.000000000000000000e+00 0.000000000000000000e+00 5.071950712410180317e-14
1.430000000000000000e+03 0.000000000000000000e+00 0.000000000000000000e+00 5.064636616205564701e-14
1.431000000000000000e+03 0.000000000000000000e+00 0.000000000000000000e+00 5.057339811716259324e-14
1.432000000000000000e+03 0.000000000000000000e+00 0.000000000000000000e+00 5.050060275526835995e-14
1.433000000000000000e+03 0.000000000000000000e+00 0.000000000000000000e+00 5.042798027213239693e-14
1.434000000000000000e+03 0.000000000000000000e+00 0.000000000000000000e+00 5.035553040182565404e-14
1.435000000000000000e+03 0.000000000000000000e+00 0.000000000000000000e+00 5.028325331066833337e-14
1.436000000000000000e+03 0.000000000000000000e+00 0.000000000000000000e+00 5.021114870277129328e-14
1.437000000000000000e+03 0.000000000000000000e+00 0.000000000000000000e+00 5.013921671275470116e-14
1.438000000000000000e+03 0.000000000000000000e+00 0.000000000000000000e+00 5.006745701163702226e-14
1.439000000000000000e+03 0.000000000000000000e+00 0.000000000000000000e+00 4.999586970166089661e-14
1.440000000000000000e+03 0.000000000000000000e+00 0.000000000000000000e+00 4.992445442350738259e-14
1.441000000000000000e+03 0.000000000000000000e+00 0.000000000000000000e+00 4.985321125087717344e-14
1.442000000000000000e+03 0.000000000000000000e+00 0.000000000000000000e+00 4.978213979090996528e-14
1.443000000000000000e+03 0.000000000000000000e+00 0.000000000000000000e+00 4.971124008754863006e-14
1.444000000000000000e+03 0.000000000000000000e+00 0.000000000000000000e+00 4.964051172293128069e-14
1.445000000000000000e+03 0.000000000000000000e+00 0.000000000000000000e+00 4.956995470206997331e-14
1.446000000000000000e+03 0.000000000000000000e+00 0.000000000000000000e+00 4.949956858220385892e-14
1.447000000000000000e+03 0.000000000000000000e+00 0.000000000000000000e+00 4.942935333492218776e-14
1.448000000000000000e+03 0.000000000000000000e+00 0.000000000000000000e+00 4.935930848466629098e-14
1.449000000000000000e+03 0.000000000000000000e+00 0.000000000000000000e+00 4.928943397332361298e-14
1.450000000000000000e+03 0.000000000000000000e+00 0.000000000000000000e+00 4.921972929328203421e-14
1.451000000000000000e+03 0.000000000000000000e+00 0.000000000000000000e+00 4.915019435646637059e-14
1.452000000000000000e+03 0.000000000000000000e+00 0.000000000000000000e+00 4.908082862568069140e-14
1.453000000000000000e+03 0.000000000000000000e+00 0.000000000000000000e+00 4.901163198102846996e-14
1.454000000000000000e+03 0.000000000000000000e+00 0.000000000000000000e+00 4.894260385790239898e-14
1.455000000000000000e+03 0.000000000000000000e+00 0.000000000000000000e+00 4.887374410349093878e-14
1.456000000000000000e+03 0.000000000000000000e+00 0.000000000000000000e+00 4.880505212401579123e-14
1.457000000000000000e+03 0.000000000000000000e+00 0.000000000000000000e+00 4.873652773979986239e-14
1.458000000000000000e+03 0.000000000000000000e+00 0.000000000000000000e+00 4.866817032777822896e-14
1.459000000000000000e+03 0.000000000000000000e+00 0.000000000000000000e+00 4.859997967509555056e-14
1.460000000000000000e+03 0.000000000000000000e+00 0.000000000000000000e+00 4.853195513586603511e-14
1.461000000000000000e+03 0.000000000000000000e+00 0.000000000000000000e+00 4.846409646510966056e-14
1.462000000000000000e+03 0.000000000000000000e+00 0.000000000000000000e+00 4.839640298756005946e-14
1.463000000000000000e+03 0.000000000000000000e+00 0.000000000000000000e+00 4.832887443050240020e-14
1.464000000000000000e+03 0.000000000000000000e+00 0.000000000000000000e+00 4.826151009035889261e-14
1.465000000000000000e+03 0.000000000000000000e+00 0.000000000000000000e+00 4.819430966298783715e-14
1.466000000000000000e+03 0.000000000000000000e+00 0.000000000000000000e+00 4.812727242011794529e-14
1.467000000000000000e+03 0.000000000000000000e+00 0.000000000000000000e+00 4.806039803216891793e-14
1.468000000000000000e+03 0.000000000000000000e+00 0.000000000000000000e+00 4.799368573921454842e-14
1.469000000000000000e+03 0.000000000000000000e+00 0.000000000000000000e+00 4.792713518859955466e-14
1.470000000000000000e+03 0.000000000000000000e+00 0.000000000000000000e+00 4.786074559680004780e-14
1.471000000000000000e+03 0.000000000000000000e+00 0.000000000000000000e+00 4.779451658352311125e-14
1.472000000000000000e+03 0.000000000000000000e+00 0.000000000000000000e+00 4.772844734165614171e-14
1.473000000000000000e+03 0.000000000000000000e+00 0.000000000000000000e+00 4.766253746651757795e-14
1.474000000000000000e+03 0.000000000000000000e+00 0.000000000000000000e+00 4.759678612556562036e-14
1.475000000000000000e+03 0.000000000000000000e+00 0.000000000000000000e+00 4.753119289315426845e-14
1.476000000000000000e+03 0.000000000000000000e+00 0.000000000000000000e+00 4.746575691477000264e-14
1.477000000000000000e+03 0.000000000000000000e+00 0.000000000000000000e+00 4.740047773812941936e-14
1.478000000000000000e+03 0.000000000000000000e+00 0.000000000000000000e+00 4.733535449045657248e-14
1.479000000000000000e+03 0.000000000000000000e+00 0.000000000000000000e+00 4.727038669694642667e-14
1.480000000000000000e+03 0.000000000000000000e+00 0.000000000000000000e+00 4.720557346190646241e-14
1.481000000000000000e+03 0.000000000000000000e+00 0.000000000000000000e+00 4.714091429084673754e-14
1.482000000000000000e+03 0.000000000000000000e+00 0.000000000000000000e+00 4.707640826907650067e-14
1.483000000000000000e+03 0.000000000000000000e+00 0.000000000000000000e+00 4.701205488035149974e-14
1.484000000000000000e+03 0.000000000000000000e+00 0.000000000000000000e+00 4.694785319319267909e-14
1.485000000000000000e+03 0.000000000000000000e+00 0.000000000000000000e+00 4.688380267168240979e-14
1.486000000000000000e+03 0.000000000000000000e+00 0.000000000000000000e+00 4.681990236659800240e-14
1.487000000000000000e+03 0.000000000000000000e+00 0.000000000000000000e+00 4.675615172177400261e-14
1.488000000000000000e+03 0.000000000000000000e+00 0.000000000000000000e+00 4.669254977434369637e-14
1.489000000000000000e+03 0.000000000000000000e+00 0.000000000000000000e+00 4.662909595608392828e-14
1.490000000000000000e+03 0.000000000000000000e+00 0.000000000000000000e+00 4.656578928379140260e-14
1.491000000000000000e+03 0.000000000000000000e+00 0.000000000000000000e+00 4.650262917406513496e-14
1.492000000000000000e+03 0.000000000000000000e+00 0.000000000000000000e+00 4.643961463382430659e-14
1.493000000000000000e+03 0.000000000000000000e+00 0.000000000000000000e+00 4.637674506574520710e-14
1.494000000000000000e+03 0.000000000000000000e+00 0.000000000000000000e+00 4.631401946150993583e-14
1.495000000000000000e+03 0.000000000000000000e+00 0.000000000000000000e+00 4.625143720896234196e-14
1.496000000000000000e+03 0.000000000000000000e+00 0.000000000000000000e+00 4.618899729314441755e-14
1.497000000000000000e+03 0.000000000000000000e+00 0.000000000000000000e+00 4.612669908533511290e-14
1.498000000000000000e+03 0.000000000000000000e+00 0.000000000000000000e+00 4.606454156005774876e-14
1.499000000000000000e+03 0.000000000000000000e+00 0.000000000000000000e+00 4.600252407926552590e-14
1.500000000000000000e+03 0.000000000000000000e+00 0.000000000000000000e+00 4.594064560578514139e-14
1.501000000000000000e+03 0.000000000000000000e+00 0.000000000000000000e+00 4.587890549192397720e-14
1.502000000000000000e+03 0.000000000000000000e+00 0.000000000000000000e+00 4.581730269219052665e-14
1.503000000000000000e+03 0.000000000000000000e+00 0.000000000000000000e+00 4.575583655161249386e-14
1.504000000000000000e+03 0.000000000000000000e+00 0.000000000000000000e+00 4.569450601498014219e-14
1.505000000000000000e+03 0.000000000000000000e+00 0.000000000000000000e+00 4.563331042128859867e-14
1.506000000000000000e+03 0.000000000000000000e+00 0.000000000000000000e+00 4.557224870973556984e-14
1.507000000000000000e+03 0.000000000000000000e+00 0.000000000000000000e+00 4.551132021472176846e-14
1.508000000000000000e+03 0.000000000000000000e+00 0.000000000000000000e+00 4.545052386824405253e-14
1.509000000000000000e+03 0.000000000000000000e+00 0.000000000000000000e+00 4.538985900695504869e-14
1.510000000000000000e+03 0.000000000000000000e+00 0.000000000000000000e+00 4.532932455964603763e-14
1.511000000000000000e+03 0.000000000000000000e+00 0.000000000000000000e+00 4.526891982641321948e-14
1.512000000000000000e+03 0.000000000000000000e+00 0.000000000000000000e+00 4.520864376433435072e-14
1.513000000000000000e+03 0.000000000000000000e+00 0.000000000000000000e+00 4.514849568504124548e-14
1.514000000000000000e+03 0.000000000000000000e+00 0.000000000000000000e+00 4.508847451008325200e-14
1.515000000000000000e+03 0.000000000000000000e+00 0.000000000000000000e+00 4.502857955821314346e-14
1.516000000000000000e+03 0.000000000000000000e+00 0.000000000000000000e+00 4.496880974100648512e-14
1.517000000000000000e+03 0.000000000000000000e+00 0.000000000000000000e+00 4.490916438506307676e-14
1.518000000000000000e+03 0.000000000000000000e+00 0.000000000000000000e+00 4.484964242606702584e-14
1.519000000000000000e+03 0.000000000000000000e+00 0.000000000000000000e+00 4.479024317365324294e-14
1.520000000000000000e+03 0.000000000000000000e+00 0.000000000000000000e+00 4.473096555375227094e-14
1.521000000000000000e+03 0.000000000000000000e+00 0.000000000000000000e+00 4.467180887446295675e-14
1.522000000000000000e+03 0.000000000000000000e+00 0.000000000000000000e+00 4.461277209034631288e-14
1.523000000000000000e+03 0.000000000000000000e+00 0.000000000000000000e+00 4.455385448775838110e-14
1.524000000000000000e+03 0.000000000000000000e+00 0.000000000000000000e+00 4.449505501596598323e-14
1.525000000000000000e+03 0.000000000000000000e+00 0.000000000000000000e+00 4.443637298153060882e-14
1.526000000000000000e+03 0.000000000000000000e+00 0.000000000000000000e+00 4.437780734045109243e-14
1.527000000000000000e+03 0.000000000000000000e+00 0.000000000000000000e+00 4.431935738823442011e-14
1.528000000000000000e+03 0.000000000000000000e+00 0.000000000000000000e+00 4.426102209275943814e-14
1.529000000000000000e+03 0.000000000000000000e+00 0.000000000000000000e+00 4.420280075128745826e-14
1.530000000000000000e+03 0.000000000000000000e+00 0.000000000000000000e+00 4.414469232149212984e-14
1.531000000000000000e+03 0.000000000000000000e+00 0.000000000000000000e+00 4.408669610823981918e-14
1.532000000000000000e+03 0.000000000000000000e+00 0.000000000000000000e+00 4.402881109817685946e-14
1.533000000000000000e+03 0.000000000000000000e+00 0.000000000000000000e+00 4.397103658276376522e-14
1.534000000000000000e+03 0.000000000000000000e+00 0.000000000000000000e+00 4.391337154614309455e-14
1.535000000000000000e+03 0.000000000000000000e+00 0.000000000000000000e+00 4.385581530597827944e-14
1.536000000000000000e+03 0.000000000000000000e+00 0.000000000000000000e+00 4.379836685738930029e-14
1.537000000000000000e+03 0.000000000000000000e+00 0.000000000000000000e+00 4.374102551229273108e-14
1.538000000000000000e+03 0.000000000000000000e+00 0.000000000000000000e+00 4.368379028098865309e-14
1.539000000000000000e+03 0.000000000000000000e+00 0.000000000000000000e+00 4.362666045944038633e-14
1.540000000000000000e+03 0.000000000000000000e+00 0.000000000000000000e+00 4.356963510026563491e-14
1.541000000000000000e+03 0.000000000000000000e+00 0.000000000000000000e+00 4.351271349945193371e-14
1.542000000000000000e+03 0.000000000000000000e+00 0.000000000000000000e+00 4.345589469468970642e-14
1.543000000000000000e+03 0.000000000000000000e+00 0.000000000000000000e+00 4.339917803644261563e-14
1.544000000000000000e+03 0.000000000000000000e+00 0.000000000000000000e+00 4.334256254668983464e-14
1.545000000000000000e+03 0.000000000000000000e+00 0.000000000000000000e+00 4.328604756275751952e-14
1.546000000000000000e+03 0.000000000000000000e+00 0.000000000000000000e+00 4.322963213345624964e-14
1.547000000000000000e+03 0.000000000000000000e+00 0.000000000000000000e+00 4.317331562781333911e-14
1.548000000000000000e+03 0.000000000000000000e+00 0.000000000000000000e+00 4.311709709208565415e-14
1.549000000000000000e+03 0.000000000000000000e+00 0.000000000000000000e+00 4.306097592120049739e-14
1.550000000000000000e+03 0.000000000000000000e+00 0.000000000000000000e+00 4.300495114967982955e-14
1.551000000000000000e+03 0.000000000000000000e+00 0.000000000000000000e+00 4.294902219807385597e-14
1.552000000000000000e+03 0.000000000000000000e+00 0.000000000000000000e+00 4.289318810525676503e-14
1.553000000000000000e+03 0.000000000000000000e+00 0.000000000000000000e+00 4.283744831918649730e-14
1.554000000000000000e+03 0.000000000000000000e+00 0.000000000000000000e+00 4.278180188957584918e-14
1.555000000000000000e+03 0.000000000000000000e+00 0.000000000000000000e+00 4.272624824624434993e-14
1.556000000000000000e+03 0.000000000000000000e+00 0.000000000000000000e+00 4.267078650044346284e-14
1.557000000000000000e+03 0.000000000000000000e+00 0.000000000000000000e+00 4.261541606525101246e-14
1.558000000000000000e+03 0.000000000000000000e+00 0.000000000000000000e+00 4.256013607018678934e-14
1.559000000000000000e+03 0.000000000000000000e+00 0.000000000000000000e+00 4.250494597670166339e-14
1.560000000000000000e+03 0.000000000000000000e+00 0.000000000000000000e+00 4.244984489422206506e-14
1.561000000000000000e+03 0.000000000000000000e+00 0.000000000000000000e+00 4.239483229386336961e-14
1.562000000000000000e+03 0.000000000000000000e+00 0.000000000000000000e+00 4.233990731338849072e-14
1.563000000000000000e+03 0.000000000000000000e+00 0.000000000000000000e+00 4.228506944352568437e-14
1.564000000000000000e+03 0.000000000000000000e+00 0.000000000000000000e+00 4.223031782342695995e-14
1.565000000000000000e+03 0.000000000000000000e+00 0.000000000000000000e+00 4.217565196675401581e-14
1.566000000000000000e+03 0.000000000000000000e+00 0.000000000000000000e+00 4.212107102715633249e-14
1.567000000000000000e+03 0.000000000000000000e+00 0.000000000000000000e+00 4.206657454222204357e-14
1.568000000000000000e+03 0.000000000000000000e+00 0.000000000000000000e+00 4.201216166312178883e-14
1.569000000000000000e+03 0.000000000000000000e+00 0.000000000000000000e+00 4.195783195377372687e-14
1.570000000000000000e+03 0.000000000000000000e+00 0.000000000000000000e+00 4.190358459766565485e-14
1.571000000000000000e+03 0.000000000000000000e+00 0.000000000000000000e+00 4.184941916462512629e-14
1.572000000000000000e+03 0.000000000000000000e+00 0.000000000000000000e+00 4.179533486479627410e-14
1.573000000000000000e+03 0.000000000000000000e+00 0.000000000000000000e+00 4.174133126367177908e-14
1.574000000000000000e+03 0.000000000000000000e+00 0.000000000000000000e+00 4.168740759871294181e-14
1.575000000000000000e+03 0.000000000000000000e+00 0.000000000000000000e+00 4.163356346826954109e-14
1.576000000000000000e+03 0.000000000000000000e+00 0.000000000000000000e+00 4.157979811595798682e-14
1.577000000000000000e+03 0.000000000000000000e+00 0.000000000000000000e+00 4.152611114488131707e-14
1.578000000000000000e+03 0.000000000000000000e+00 0.000000000000000000e+00 4.147250183863079284e-14
1.579000000000000000e+03 0.000000000000000000e+00 0.000000000000000000e+00 4.141896979561652502e-14
1.580000000000000000e+03 0.000000000000000000e+00 0.000000000000000000e+00 4.136551433134155218e-14
1.581000000000000000e+03 0.000000000000000000e+00 0.000000000000000000e+00 4.131213507495519360e-14
1.582000000000000000e+03 0.000000000000000000e+00 0.000000000000000000e+00 4.125883133151189265e-14
1.583000000000000000e+03 0.000000000000000000e+00 0.000000000000000000e+00 4.120560277570567626e-14
1.584000000000000000e+03 0.000000000000000000e+00 0.000000000000000000e+00 4.115244872360126462e-14
1.585000000000000000e+03 0.000000000000000000e+00 0.000000000000000000e+00 4.109936886461248205e-14
1.586000000000000000e+03 0.000000000000000000e+00 0.000000000000000000e+00 4.104636253110760114e-14
1.587000000000000000e+03 0.000000000000000000e+00 0.000000000000000000e+00 4.099342943580074047e-14
1.588000000000000000e+03 0.000000000000000000e+00 0.000000000000000000e+00 4.094056893072839981e-14
1.589000000000000000e+03 0.000000000000000000e+00 0.000000000000000000e+00 4.088778073270372631e-14
1.590000000000000000e+03 0.000000000000000000e+00 0.000000000000000000e+00 4.083506423626010963e-14
1.591000000000000000e+03 0.000000000000000000e+00 0.000000000000000000e+00 4.078241915365975205e-14
1.592000000000000000e+03 0.000000000000000000e+00 0.000000000000000000e+00 4.072984491196703246e-14
1.593000000000000000e+03 0.000000000000000000e+00 0.000000000000000000e+00 4.067734123347522003e-14
1.594000000000000000e+03 0.000000000000000000e+00 0.000000000000000000e+00 4.062490757672967745e-14
1.595000000000000000e+03 0.000000000000000000e+00 0.000000000000000000e+00 4.057254367753921517e-14
1.596000000000000000e+03 0.000000000000000000e+00 0.000000000000000000e+00 4.052024900528071680e-14
1.597000000000000000e+03 0.000000000000000000e+00 0.000000000000000000e+00 4.046802333216242335e-14
1.598000000000000000e+03 0.000000000000000000e+00 0.000000000000000000e+00 4.041586612852783177e-14
1.599000000000000000e+03 0.000000000000000000e+00 0.000000000000000000e+00 4.036377721496062029e-14
1.600000000000000000e+03 0.000000000000000000e+00 0.000000000000000000e+00 4.031175605457860395e-14
1.601000000000000000e+03 0.000000000000000000e+00 0.000000000000000000e+00 4.025980250442191671e-14
1.602000000000000000e+03 0.000000000000000000e+00 0.000000000000000000e+00 4.020791605454916630e-14
1.603000000000000000e+03 0.000000000000000000e+00 0.000000000000000000e+00 4.015609655549525565e-14
1.604000000000000000e+03 0.000000000000000000e+00 0.000000000000000000e+00 4.010434353861113597e-14
1.605000000000000000e+03 0.000000000000000000e+00 0.000000000000000000e+00 4.005265686661389352e-14
1.606000000000000000e+03 0.000000000000000000e+00 0.000000000000000000e+00 4.000103608279723409e-14
1.607000000000000000e+03 0.000000000000000000e+00 0.000000000000000000e+00 3.994948108538664664e-14
1.608000000000000000e+03 0.000000000000000000e+00 0.000000000000000000e+00 3.989799143656420254e-14
1.609000000000000000e+03 0.000000000000000000e+00 0.000000000000000000e+00 3.984656706262280935e-14
1.610000000000000000e+03 0.000000000000000000e+00 0.000000000000000000e+00 3.979520752651402492e-14
1.611000000000000000e+03 0.000000000000000000e+00 0.000000000000000000e+00 3.974391278090757703e-14
1.612000000000000000e+03 0.000000000000000000e+00 0.000000000000000000e+00 3.969268243893310889e-14
1.613000000000000000e+03 0.000000000000000000e+00 0.000000000000000000e+00 3.964151643936428573e-14
1.614000000000000000e+03 0.000000000000000000e+00 0.000000000000000000e+00 3.959041440975051597e-14
1.615000000000000000e+03 0.000000000000000000e+00 0.000000000000000000e+00 3.953937633299338462e-14
1.616000000000000000e+03 0.000000000000000000e+00 0.000000000000000000e+00 3.948840185662314338e-14
1.617000000000000000e+03 0.000000000000000000e+00 0.000000000000000000e+00 3.943749095433362872e-14
1.618000000000000000e+03 0.000000000000000000e+00 0.000000000000000000e+00 3.938664331288284167e-14
1.619000000000000000e+03 0.000000000000000000e+00 0.000000000000000000e+00 3.933585893248841318e-14
1.620000000000000000e+03 0.000000000000000000e+00 0.000000000000000000e+00 3.928513751112648278e-14
1.621000000000000000e+03 0.000000000000000000e+00 0.000000000000000000e+00 3.923447906906346143e-14
1.622000000000000000e+03 0.000000000000000000e+00 0.000000000000000000e+00 3.918388330312703340e-14
1.623000000000000000e+03 0.000000000000000000e+00 0.000000000000000000e+00 3.913335027126098224e-14
1.624000000000000000e+03 0.000000000000000000e+00 0.000000000000000000e+00 3.908287969872039011e-14
1.625000000000000000e+03 0.000000000000000000e+00 0.000000000000000000e+00 3.903247167043676732e-14
1.626000000000000000e+03 0.000000000000000000e+00 0.000000000000000000e+00 3.898212591445756799e-14
1.627000000000000000e+03 0.000000000000000000e+00 0.000000000000000000e+00 3.893184252199686008e-14
1.628000000000000000e+03 0.000000000000000000e+00 0.000000000000000000e+00 3.888162126774693188e-14
1.629000000000000000e+03 0.000000000000000000e+00 0.000000000000000000e+00 3.883146223835064221e-14
1.630000000000000000e+03 0.000000000000000000e+00 0.000000000000000000e+00 3.878136523842524448e-14
1.631000000000000000e+03 0.000000000000000000e+00 0.000000000000000000e+00 3.873133037771980043e-14
1.632000000000000000e+03 0.000000000000000000e+00 0.000000000000000000e+00 3.868135748642993655e-14
1.633000000000000000e+03 0.000000000000000000e+00 0.000000000000000000e+00 3.863144667329165312e-14
1.634000000000000000e+03 0.000000000000000000e+00 0.000000000000000000e+00 3.858159779092107638e-14
1.635000000000000000e+03 0.000000000000000000e+00 0.000000000000000000e+00 3.853181099027424421e-14
1.636000000000000000e+03 0.000000000000000000e+00 0.000000000000000000e+00 3.848208610858621809e-14
1.637000000000000000e+03 0.000000000000000000e+00 0.000000000000000000e+00 3.843242332190346380e-14
1.638000000000000000e+03 0.000000000000000000e+00 0.000000000000000000e+00 3.838282250507201227e-14
1.639000000000000000e+03 0.000000000000000000e+00 0.000000000000000000e+00 3.833328383633153297e-14
1.640000000000000000e+03 0.000000000000000000e+00 0.000000000000000000e+00 3.828380721243090611e-14
1.641000000000000000e+03 0.000000000000000000e+00 0.000000000000000000e+00 3.823439282147559226e-14
1.642000000000000000e+03 0.000000000000000000e+00 0.000000000000000000e+00 3.818504057827524007e-14
1.643000000000000000e+03 0.000000000000000000e+00 0.000000000000000000e+00 3.813575068030926223e-14
1.644000000000000000e+03 0.000000000000000000e+00 0.000000000000000000e+00 3.808652307640649216e-14
1.645000000000000000e+03 0.000000000000000000e+00 0.000000000000000000e+00 3.803735797303436495e-14
1.646000000000000000e+03 0.000000000000000000e+00 0.000000000000000000e+00 3.798825534177670978e-14
1.647000000000000000e+03 0.000000000000000000e+00 0.000000000000000000e+00 3.793921539689685121e-14
1.648000000000000000e+03 0.000000000000000000e+00 0.000000000000000000e+00 3.789023812989893400e-14
1.649000000000000000e+03 0.000000000000000000e+00 0.000000000000000000e+00 3.784132377803418176e-14
1.650000000000000000e+03 0.000000000000000000e+00 0.000000000000000000e+00 3.779247233259045249e-14
1.651000000000000000e+03 0.000000000000000000e+00 0.000000000000000000e+00 3.774368404434599059e-14
1.652000000000000000e+03 0.000000000000000000e+00 0.000000000000000000e+00 3.769495892712180319e-14
1.653000000000000000e+03 0.000000000000000000e+00 0.000000000000000000e+00 3.764629725970443284e-14
1.654000000000000000e+03 0.000000000000000000e+00 0.000000000000000000e+00 3.759769905298677384e-14
1.655000000000000000e+03 0.000000000000000000e+00 0.000000000000000000e+00 3.754916460188163571e-14
1.656000000000000000e+03 0.000000000000000000e+00 0.000000000000000000e+00 3.750069392052960261e-14
1.657000000000000000e+03 0.000000000000000000e+00 0.000000000000000000e+00 3.745228733238103218e-14
1.658000000000000000e+03 0.000000000000000000e+00 0.000000000000000000e+00 3.740394487171081373e-14
1.659000000000000000e+03 0.000000000000000000e+00 0.000000000000000000e+00 3.735566686287701872e-14
1.660000000000000000e+03 0.000000000000000000e+00 0.000000000000000000e+00 3.730745334994889463e-14
1.661000000000000000e+03 0.000000000000000000e+00 0.000000000000000000e+00 3.725930467909579122e-14
1.662000000000000000e+03 0.000000000000000000e+00 0.000000000000000000e+00 3.721122090110900379e-14
1.663000000000000000e+03 0.000000000000000000e+00 0.000000000000000000e+00 3.716320237426305369e-14
1.664000000000000000e+03 0.000000000000000000e+00 0.000000000000000000e+00 3.711524917001463408e-14
1.665000000000000000e+03 0.000000000000000000e+00 0.000000000000000000e+00 3.706736163803036124e-14
1.666000000000000000e+03 0.000000000000000000e+00 0.000000000000000000e+00 3.701953987709202249e-14
1.667000000000000000e+03 0.000000000000000000e+00 0.000000000000000000e+00 3.697178424969889953e-14
1.668000000000000000e+03 0.000000000000000000e+00 0.000000000000000000e+00 3.692409485276618331e-14
1.669000000000000000e+03 0.000000000000000000e+00 0.000000000000000000e+00 3.687647205449989520e-14
1.670000000000000000e+03 0.000000000000000000e+00 0.000000000000000000e+00 3.682891596897335476e-14
1.671000000000000000e+03 0.000000000000000000e+00 0.000000000000000000e+00 3.678142698269852981e-14
1.672000000000000000e+03 0.000000000000000000e+00 0.000000000000000000e+00 3.673400521739078889e-14
1.673000000000000000e+03 0.000000000000000000e+00 0.000000000000000000e+00 3.668665105137333867e-14
1.674000000000000000e+03 0.000000000000000000e+00 0.000000000000000000e+00 3.663936462659219484e-14
1.675000000000000000e+03 0.000000000000000000e+00 0.000000000000000000e+00 3.659214633239285679e-14
1.676000000000000000e+03 0.000000000000000000e+00 0.000000000000000000e+00 3.654499632007509117e-14
1.677000000000000000e+03 0.000000000000000000e+00 0.000000000000000000e+00 3.649791498128237442e-14
1.678000000000000000e+03 0.000000000000000000e+00 0.000000000000000000e+00 3.645090247168568401e-14
1.679000000000000000e+03 0.000000000000000000e+00 0.000000000000000000e+00 3.640395918124224623e-14
1.680000000000000000e+03 0.000000000000000000e+00 0.000000000000000000e+00 3.635708528251134515e-14
1.681000000000000000e+03 0.000000000000000000e+00 0.000000000000000000e+00 3.631028117691195213e-14
1.682000000000000000e+03 0.000000000000000000e+00 0.000000000000000000e+00 3.626354702801648369e-14
1.683000000000000000e+03 0.000000000000000000e+00 0.000000000000000000e+00 3.621688325370902235e-14
1.684000000000000000e+03 0.000000000000000000e+00 0.000000000000000000e+00 3.617029001170351228e-14
1.685000000000000000e+03 0.000000000000000000e+00 0.000000000000000000e+00 3.612376772456810269e-14
1.686000000000000000e+03 0.000000000000000000e+00 0.000000000000000000e+00 3.607731655928496988e-14
1.687000000000000000e+03 0.000000000000000000e+00 0.000000000000000000e+00 3.603093693840225124e-14
1.688000000000000000e+03 0.000000000000000000e+00 0.000000000000000000e+00 3.598462902789431856e-14
1.689000000000000000e+03 0.000000000000000000e+00 0.000000000000000000e+00 3.593839326253322644e-14
1.690000000000000000e+03 0.000000000000000000e+00 0.000000000000000000e+00 3.589222981832868605e-14
1.691000000000000000e+03 0.000000000000000000e+00 0.000000000000000000e+00 3.584613911656842439e-14
1.692000000000000000e+03 0.000000000000000000e+00 0.000000000000000000e+00 3.580012133362593110e-14
1.693000000000000000e+03 0.000000000000000000e+00 0.000000000000000000e+00 3.575417691005241792e-14
1.694000000000000000e+03 0.000000000000000000e+00 0.000000000000000000e+00 3.570830601822427307e-14
1.695000000000000000e+03 0.000000000000000000e+00 0.000000000000000000e+00 3.566250908663914086e-14
1.696000000000000000e+03 0.000000000000000000e+00 0.000000000000000000e+00 3.561678629609414627e-14
1.697000000000000000e+03 0.000000000000000000e+00 0.000000000000000000e+00 3.557113807972703870e-14
1.698000000000000000e+03 0.000000000000000000e+00 0.000000000000000000e+00 3.552556460139715916e-14
1.699000000000000000e+03 0.000000000000000000e+00 0.000000000000000000e+00 3.548006632010875370e-14
1.700000000000000000e+03 0.000000000000000000e+00 0.000000000000000000e+00 3.543464338523035018e-14
1.701000000000000000e+03 0.000000000000000000e+00 0.000000000000000000e+00 3.538929624822923454e-14
1.702000000000000000e+03 0.000000000000000000e+00 0.000000000000000000e+00 3.534402507288476991e-14
1.703000000000000000e+03 0.000000000000000000e+00 0.000000000000000000e+00 3.529883028850419279e-14
1.704000000000000000e+03 0.000000000000000000e+00 0.000000000000000000e+00 3.525371207257903589e-14
1.705000000000000000e+03 0.000000000000000000e+00 0.000000000000000000e+00 3.520867085157259116e-14
1.706000000000000000e+03 0.000000000000000000e+00 0.000000000000000000e+00 3.516370680327174084e-14
1.707000000000000000e+03 0.000000000000000000e+00 0.000000000000000000e+00 3.511882034423406312e-14
1.708000000000000000e+03 0.000000000000000000e+00 0.000000000000000000e+00 3.507401164765568629e-14
1.709000000000000000e+03 0.000000000000000000e+00 0.000000000000000000e+00 3.502928113078382334e-14
1.710000000000000000e+03 0.000000000000000000e+00 0.000000000000000000e+00 3.498462895904785047e-14
1.711000000000000000e+03 0.000000000000000000e+00 0.000000000000000000e+00 3.494005555562472185e-14
1.712000000000000000e+03 0.000000000000000000e+00 0.000000000000000000e+00 3.489556107419507472e-14
1.713000000000000000e+03 0.000000000000000000e+00 0.000000000000000000e+00 3.485114593243139381e-14
1.714000000000000000e+03 0.000000000000000000e+00 0.000000000000000000e+00 3.480681028480861092e-14
1.715000000000000000e+03 0.000000000000000000e+00 0.000000000000000000e+00 3.476255453881026442e-14
1.716000000000000000e+03 0.000000000000000000e+00 0.000000000000000000e+00 3.471837883977702150e-14
1.717000000000000000e+03 0.000000000000000000e+00 0.000000000000000000e+00 3.467428359669254368e-14
1.718000000000000000e+03 0.000000000000000000e+00 0.000000000000000000e+00 3.463026894205106868e-14
1.719000000000000000e+03 0.000000000000000000e+00 0.000000000000000000e+00 3.458633529045958673e-14
1.720000000000000000e+03 0.000000000000000000e+00 0.000000000000000000e+00 3.454248275940344905e-14
1.721000000000000000e+03 0.000000000000000000e+00 0.000000000000000000e+00 3.449871174469745186e-14
1.722000000000000000e+03 0.000000000000000000e+00 0.000000000000000000e+00 3.445502236087247296e-14
1.723000000000000000e+03 0.000000000000000000e+00 0.000000000000000000e+00 3.441141500106370584e-14
1.724000000000000000e+03 0.000000000000000000e+00 0.000000000000000000e+00 3.436788978150685771e-14
1.725000000000000000e+03 0.000000000000000000e+00 0.000000000000000000e+00 3.432444708479185036e-14
1.726000000000000000e+03 0.000000000000000000e+00 0.000000000000000000e+00 3.428108700503797500e-14
1.727000000000000000e+03 0.000000000000000000e+00 0.000000000000000000e+00 3.423780992380004169e-14
1.728000000000000000e+03 0.000000000000000000e+00 0.000000000000000000e+00 3.419461593036204083e-14
1.729000000000000000e+03 0.000000000000000000e+00 0.000000000000000000e+00 3.415150538240848887e-14
1.730000000000000000e+03 0.000000000000000000e+00 0.000000000000000000e+00 3.410847836940107818e-14
1.731000000000000000e+03 0.000000000000000000e+00 0.000000000000000000e+00 3.406553524251446832e-14
1.732000000000000000e+03 0.000000000000000000e+00 0.000000000000000000e+00 3.402267608119249342e-14
1.733000000000000000e+03 0.000000000000000000e+00 0.000000000000000000e+00 3.397990122267818868e-14
1.734000000000000000e+03 0.000000000000000000e+00 0.000000000000000000e+00 3.393721074692794584e-14
1.735000000000000000e+03 0.000000000000000000e+00 0.000000000000000000e+00 3.389460497425975785e-14
1.736000000000000000e+03 0.000000000000000000e+00 0.000000000000000000e+00 3.385208396295623979e-14
1.737000000000000000e+03 0.000000000000000000e+00 0.000000000000000000e+00 3.380964802780855566e-14
1.738000000000000000e+03 0.000000000000000000e+00 0.000000000000000000e+00 3.376729722127124774e-14
1.739000000000000000e+03 0.000000000000000000e+00 0.000000000000000000e+00 3.372503185756985416e-14
1.740000000000000000e+03 0.000000000000000000e+00 0.000000000000000000e+00 3.368285196291384933e-14
1.741000000000000000e+03 0.000000000000000000e+00 0.000000000000000000e+00 3.364075782914909043e-14
1.742000000000000000e+03 0.000000000000000000e+00 0.000000000000000000e+00 3.359874948552267755e-14
1.743000000000000000e+03 0.000000000000000000e+00 0.000000000000000000e+00 3.355682721669982676e-14
1.744000000000000000e+03 0.000000000000000000e+00 0.000000000000000000e+00 3.351499102948477889e-14
1.745000000000000000e+03 0.000000000000000000e+00 0.000000000000000000e+00 3.347324119432952755e-14
1.746000000000000000e+03 0.000000000000000000e+00 0.000000000000000000e+00 3.343157771141205237e-14
1.747000000000000000e+03 0.000000000000000000e+00 0.000000000000000000e+00 3.339000084786787470e-14
1.748000000000000000e+03 0.000000000000000000e+00 0.000000000000000000e+00 3.334851057723532446e-14
1.749000000000000000e+03 0.000000000000000000e+00 0.000000000000000000e+00 3.330710715562160967e-14
1.750000000000000000e+03 0.000000000000000000e+00 0.000000000000000000e+00 3.326579054769018571e-14
1.751000000000000000e+03 0.000000000000000000e+00 0.000000000000000000e+00 3.322456098268151361e-14
1.752000000000000000e+03 0.000000000000000000e+00 0.000000000000000000e+00 3.318341842284397315e-14
1.753000000000000000e+03 0.000000000000000000e+00 0.000000000000000000e+00 3.314236308827447114e-14
1.754000000000000000e+03 0.000000000000000000e+00 0.000000000000000000e+00 3.310139493033233010e-14
1.755000000000000000e+03 0.000000000000000000e+00 0.000000000000000000e+00 3.306051415388889229e-14
1.756000000000000000e+03 0.000000000000000000e+00 0.000000000000000000e+00 3.301972069709000959e-14
1.757000000000000000e+03 0.000000000000000000e+00 0.000000000000000000e+00 3.297901474855176277e-14
1.758000000000000000e+03 0.000000000000000000e+00 0.000000000000000000e+00 3.293839623117649102e-14
1.759000000000000000e+03 0.000000000000000000e+00 0.000000000000000000e+00 3.289786531575715571e-14
1.760000000000000000e+03 0.000000000000000000e+00 0.000000000000000000e+00 3.285742192231968830e-14
1.761000000000000000e+03 0.000000000000000000e+00 0.000000000000000000e+00 3.281706621610119746e-14
1.762000000000000000e+03 0.000000000000000000e+00 0.000000000000000000e+00 3.277679808206555575e-14
1.763000000000000000e+03 0.000000000000000000e+00 0.000000000000000000e+00 3.273661768609762133e-14
1.764000000000000000e+03 0.000000000000000000e+00 0.000000000000000000e+00 3.269652490093295084e-14
1.765000000000000000e+03 0.000000000000000000e+00 0.000000000000000000e+00 3.265651987268571798e-14
1.766000000000000000e+03 0.000000000000000000e+00 0.000000000000000000e+00 3.261660245822307530e-14
1.767000000000000000e+03 0.000000000000000000e+00 0.000000000000000000e+00 3.257677279950944735e-14
1.768000000000000000e+03 0.000000000000000000e+00 0.000000000000000000e+00 3.253703073680228680e-14
1.769000000000000000e+03 0.000000000000000000e+00 0.000000000000000000e+00 3.249737640198698855e-14
1.770000000000000000e+03 0.000000000000000000e+00 0.000000000000000000e+00 3.245780961853081404e-14
1.771000000000000000e+03 0.000000000000000000e+00 0.000000000000000000e+00 3.241833049454468908e-14
1.772000000000000000e+03 0.000000000000000000e+00 0.000000000000000000e+00 3.237893884895404315e-14
1.773000000000000000e+03 0.000000000000000000e+00 0.000000000000000000e+00 3.233963478333356566e-14
1.774000000000000000e+03 0.000000000000000000e+00 0.000000000000000000e+00 3.230041809452527606e-14
1.775000000000000000e+03 0.000000000000000000e+00 0.000000000000000000e+00 3.226128886170945949e-14
1.776000000000000000e+03 0.000000000000000000e+00 0.000000000000000000e+00 3.222224688756389488e-14
1.777000000000000000e+03 0.000000000000000000e+00 0.000000000000000000e+00 3.218329222259758523e-14
1.778000000000000000e+03 0.000000000000000000e+00 0.000000000000000000e+00 3.214442466502831711e-14
1.779000000000000000e+03 0.000000000000000000e+00 0.000000000000000000e+00 3.210564424352826246e-14
1.780000000000000000e+03 0.000000000000000000e+00 0.000000000000000000e+00 3.206695075008316883e-14
1.781000000000000000e+03 0.000000000000000000e+00 0.000000000000000000e+00 3.202834420581489424e-14
1.782000000000000000e+03 0.000000000000000000e+00 0.000000000000000000e+00 3.198982438341668400e-14
1.783000000000000000e+03 0.000000000000000000e+00 0.000000000000000000e+00 3.195139130365620391e-14
1.784000000000000000e+03 0.000000000000000000e+00 0.000000000000000000e+00 3.191304471440018638e-14
1.785000000000000000e+03 0.000000000000000000e+00 0.000000000000000000e+00 3.187478461839007451e-14
1.786000000000000000e+03 0.000000000000000000e+00 0.000000000000000000e+00 3.183661075750909074e-14
1.787000000000000000e+03 0.000000000000000000e+00 0.000000000000000000e+00 3.179852313227765608e-14
1.788000000000000000e+03 0.000000000000000000e+00 0.000000000000000000e+00 3.176052146365363705e-14
1.789000000000000000e+03 0.000000000000000000e+00 0.000000000000000000e+00 3.172260573499475067e-14
1.790000000000000000e+03 0.000000000000000000e+00 0.000000000000000000e+00 3.168477566337153362e-14
1.791000000000000000e+03 0.000000000000000000e+00 0.000000000000000000e+00 3.164703121960710073e-14
1.792000000000000000e+03 0.000000000000000000e+00 0.000000000000000000e+00 3.160937210277588156e-14
1.793000000000000000e+03 0.000000000000000000e+00 0.000000000000000000e+00 3.157179827289013185e-14
1.794000000000000000e+03 0.000000000000000000e+00 0.000000000000000000e+00 3.153430942752015061e-14
1.795000000000000000e+03 0.000000000000000000e+00 0.000000000000000000e+00 3.149690550590669709e-14
1.796000000000000000e+03 0.000000000000000000e+00 0.000000000000000000e+00 3.145958620034543704e-14
1.797000000000000000e+03 0.000000000000000000e+00 0.000000000000000000e+00 3.142235143653573906e-14
1.798000000000000000e+03 0.000000000000000000e+00 0.000000000000000000e+00 3.138520089106132430e-14
1.799000000000000000e+03 0.000000000000000000e+00 0.000000000000000000e+00 3.134813448914569522e-14
1.800000000000000000e+03 0.000000000000000000e+00 0.000000000000000000e+00 3.131115189763695654e-14
1.801000000000000000e+03 0.000000000000000000e+00 0.000000000000000000e+00 3.127425302668203364e-14
1.802000000000000000e+03 0.000000000000000000e+00 0.000000000000000000e+00 3.123743753555696367e-14
1.803000000000000000e+03 0.000000000000000000e+00 0.000000000000000000e+00 3.120070532496379183e-14
1.804000000000000000e+03 0.000000000000000000e+00 0.000000000000000000e+00 3.116405604815157595e-14
1.805000000000000000e+03 0.000000000000000000e+00 0.000000000000000000e+00 3.112748958769973972e-14
1.806000000000000000e+03 0.000000000000000000e+00 0.000000000000000000e+00 3.109100558150855638e-14
1.807000000000000000e+03 0.000000000000000000e+00 0.000000000000000000e+00 3.105460391177883427e-14
1.808000000000000000e+03 0.000000000000000000e+00 0.000000000000000000e+00 3.101828421835788786e-14
1.809000000000000000e+03 0.000000000000000000e+00 0.000000000000000000e+00 3.098204635933451860e-14
1.810000000000000000e+03 0.000000000000000000e+00 0.000000000000000000e+00 3.094588996311101344e-14
1.811000000000000000e+03 0.000000000000000000e+00 0.000000000000000000e+00 3.090981488615089319e-14
1.812000000000000000e+03 0.000000000000000000e+00 0.000000000000000000e+00 3.087382074073017152e-14
1.813000000000000000e+03 0.000000000000000000e+00 0.000000000000000000e+00 3.083790737997332929e-14
1.814000000000000000e+03 0.000000000000000000e+00 0.000000000000000000e+00 3.080207441865848917e-14
1.815000000000000000e+03 0.000000000000000000e+00 0.000000000000000000e+00 3.076632168645681138e-14
1.816000000000000000e+03 0.000000000000000000e+00 0.000000000000000000e+00 3.073064879836975458e-14
1.817000000000000000e+03 0.000000000000000000e+00 0.000000000000000000e+00 3.069505558311275192e-14
1.818000000000000000e+03 0.000000000000000000e+00 0.000000000000000000e+00 3.065954163599122910e-14
1.819000000000000000e+03 0.000000000000000000e+00 0.000000000000000000e+00 3.062410678328600518e-14
1.820000000000000000e+03 0.000000000000000000e+00 0.000000000000000000e+00 3.058875061261325775e-14
1.821000000000000000e+03 0.000000000000000000e+00 0.000000000000000000e+00 3.055347294925643955e-14
1.822000000000000000e+03 0.000000000000000000e+00 0.000000000000000000e+00 3.051827336634487195e-14
1.823000000000000000e+03 0.000000000000000000e+00 0.000000000000000000e+00 3.048315167947230928e-14
1.824000000000000000e+03 0.000000000000000000e+00 0.000000000000000000e+00 3.044810746566647833e-14
1.825000000000000000e+03 0.000000000000000000e+00 0.000000000000000000e+00 3.041314052728229304e-14
1.826000000000000000e+03 0.000000000000000000e+00 0.000000000000000000e+00 3.037825043344901354e-14
1.827000000000000000e+03 0.000000000000000000e+00 0.000000000000000000e+00 3.034343698146456408e-14
1.828000000000000000e+03 0.000000000000000000e+00 0.000000000000000000e+00 3.030869973839610347e-14
1.829000000000000000e+03 0.000000000000000000e+00 0.000000000000000000e+00 3.027403849988032216e-14
1.830000000000000000e+03 0.000000000000000000e+00 0.000000000000000000e+00 3.023945282362155927e-14
1.831000000000000000e+03 0.000000000000000000e+00 0.000000000000000000e+00 3.020494250604000191e-14
1.832000000000000000e+03 0.000000000000000000e+00 0.000000000000000000e+00 3.017050709263755425e-14
1.833000000000000000e+03 0.000000000000000000e+00 0.000000000000000000e+00 3.013614637245820682e-14
1.834000000000000000e+03 0.000000000000000000e+00 0.000000000000000000e+00 3.010185988695094889e-14
1.835000000000000000e+03 0.000000000000000000e+00 0.000000000000000000e+00 3.006764741462714002e-14
1.836000000000000000e+03 0.000000000000000000e+00 0.000000000000000000e+00 3.003350849667917511e-14
1.837000000000000000e+03 0.000000000000000000e+00 0.000000000000000000e+00 2.999944290892980534e-14
1.838000000000000000e+03 0.000000000000000000e+00 0.000000000000000000e+00 2.996545018515936429e-14
1.839000000000000000e+03 0.000000000000000000e+00 0.000000000000000000e+00 2.993153009212077271e-14
1.840000000000000000e+03 0.000000000000000000e+00 0.000000000000000000e+00 2.989768216337432246e-14
1.841000000000000000e+03 0.000000000000000000e+00 0.000000000000000000e+00 2.986390616449430669e-14
1.842000000000000000e+03 0.000000000000000000e+00 0.000000000000000000e+00 2.983020162224822434e-14
1.843000000000000000e+03 0.000000000000000000e+00 0.000000000000000000e+00 2.979656830373904848e-14
1.844000000000000000e+03 0.000000000000000000e+00 0.000000000000000000e+00 2.976300572656472297e-14
1.845000000000000000e+03 0.000000000000000000e+00 0.000000000000000000e+00 2.972951365270956121e-14
1.846000000000000000e+03 0.000000000000000000e+00 0.000000000000000000e+00 2.969609160831435948e-14
1.847000000000000000e+03 0.000000000000000000e+00 0.000000000000000000e+00 2.966273933742782022e-14
1.848000000000000000e+03 0.000000000000000000e+00 0.000000000000000000e+00 2.962945637346906072e-14
1.849000000000000000e+03 0.000000000000000000e+00 0.000000000000000000e+00 2.959624245580948828e-14
1.850000000000000000e+03 0.000000000000000000e+00 0.000000000000000000e+00 2.956309711647075625e-14
1.851000000000000000e+03 0.000000000000000000e+00 0.000000000000000000e+00 2.953002009477983065e-14
1.852000000000000000e+03 0.000000000000000000e+00 0.000000000000000000e+00 2.949701091849908394e-14
1.853000000000000000e+03 0.000000000000000000e+00 0.000000000000000000e+00 2.946406932064314969e-14
1.854000000000000000e+03 0.000000000000000000e+00 0.000000000000000000e+00 2.943119483227291812e-14
1.855000000000000000e+03 0.000000000000000000e+00 0.000000000000000000e+00 2.939838718704685320e-14
1.856000000000000000e+03 0.000000000000000000e+00 0.000000000000000000e+00 2.936564591342823978e-14
1.857000000000000000e+03 0.000000000000000000e+00 0.000000000000000000e+00 2.933297073955364802e-14
1.858000000000000000e+03 0.000000000000000000e+00 0.000000000000000000e+00 2.930036118847595079e-14
1.859000000000000000e+03 0.000000000000000000e+00 0.000000000000000000e+00 2.926781699987000806e-14
1.860000000000000000e+03 0.000000000000000000e+00 0.000000000000000000e+00 2.923533768988232276e-14
1.861000000000000000e+03 0.000000000000000000e+00 0.000000000000000000e+00 2.920292299851782689e-14
1.862000000000000000e+03 0.000000000000000000e+00 0.000000000000000000e+00 2.917057244333172698e-14
1.863000000000000000e+03 0.000000000000000000e+00 0.000000000000000000e+00 2.913828576137205195e-14
1.864000000000000000e+03 0.000000000000000000e+00 0.000000000000000000e+00 2.910606247501748887e-14
1.865000000000000000e+03 0.000000000000000000e+00 0.000000000000000000e+00 2.907390232526388003e-14
1.866000000000000000e+03 0.000000000000000000e+00 0.000000000000000000e+00 2.904180482409437290e-14
1.867000000000000000e+03 0.000000000000000000e+00 0.000000000000000000e+00 2.900976971014793321e-14
1.868000000000000000e+03 0.000000000000000000e+00 0.000000000000000000e+00 2.897779650480483411e-14
1.869000000000000000e+03 0.000000000000000000e+00 0.000000000000000000e+00 2.894588494259102785e-14
1.870000000000000000e+03 0.000000000000000000e+00 0.000000000000000000e+00 2.891403454479860555e-14
1.871000000000000000e+03 0.000000000000000000e+00 0.000000000000000000e+00 2.888224504015329658e-14
1.872000000000000000e+03 0.000000000000000000e+00 0.000000000000000000e+00 2.885051595616606659e-14
1.873000000000000000e+03 0.000000000000000000e+00 0.000000000000000000e+00 2.881884701436495813e-14
1.874000000000000000e+03 0.000000000000000000e+00 0.000000000000000000e+00 2.878723774214950552e-14
1.875000000000000000e+03 0.000000000000000000e+00 0.000000000000000000e+00 2.875568787079505549e-14
1.876000000000000000e+03 0.000000000000000000e+00 0.000000000000000000e+00 2.872419692510045728e-14
1.877000000000000000e+03 0.000000000000000000e+00 0.000000000000000000e+00 2.869276464532517359e-14
1.878000000000000000e+03 0.000000000000000000e+00 0.000000000000000000e+00 2.866139054331510906e-14
1.879000000000000000e+03 0.000000000000000000e+00 0.000000000000000000e+00 2.863007436908656633e-14
1.880000000000000000e+03 0.000000000000000000e+00 0.000000000000000000e+00 2.859881564253279683e-14
1.881000000000000000e+03 0.000000000000000000e+00 0.000000000000000000e+00 2.856761409882151322e-14
1.882000000000000000e+03 0.000000000000000000e+00 0.000000000000000000e+00 2.853646927424271854e-14
1.883000000000000000e+03 0.000000000000000000e+00 0.000000000000000000e+00 2.850538089507525968e-14
1.884000000000000000e+03 0.000000000000000000e+00 0.000000000000000000e+00 2.847434850250938585e-14
1.885000000000000000e+03 0.000000000000000000e+00 0.000000000000000000e+00 2.844337182268297769e-14
1.886000000000000000e+03 0.000000000000000000e+00 0.000000000000000000e+00 2.841245039808624825e-14
1.887000000000000000e+03 0.000000000000000000e+00 0.000000000000000000e+00 2.838158395876406328e-14
1.888000000000000000e+03 0.000000000000000000e+00 0.000000000000000000e+00 2.835077205439891423e-14
1.889000000000000000e+03 0.000000000000000000e+00 0.000000000000000000e+00 2.832001441278308712e-14
1.890000000000000000e+03 0.000000000000000000e+00 0.000000000000000000e+00 2.828931058508503493e-14
1.891000000000000000e+03 0.000000000000000000e+00 0.000000000000000000e+00 2.825866030313280558e-14
1.892000000000000000e+03 0.000000000000000000e+00 0.000000000000000000e+00 2.822806312548046129e-14
1.893000000000000000e+03 0.000000000000000000e+00 0.000000000000000000e+00 2.819751878222433624e-14
1.894000000000000000e+03 0.000000000000000000e+00 0.000000000000000000e+00 2.816702684151599212e-14
1.895000000000000000e+03 0.000000000000000000e+00 0.000000000000000000e+00 2.813658702926942770e-14
1.896000000000000000e+03 0.000000000000000000e+00 0.000000000000000000e+00 2.810619891689647529e-14
1.897000000000000000e+03 0.000000000000000000e+00 0.000000000000000000e+00 2.807586223294359405e-14
1.898000000000000000e+03 0.000000000000000000e+00 0.000000000000000000e+00 2.804557654882880097e-14
1.899000000000000000e+03 0.000000000000000000e+00 0.000000000000000000e+00 2.801534159898876501e-14
1.900000000000000000e+03 0.000000000000000000e+00 0.000000000000000000e+00 2.798515695321198789e-14
1.901000000000000000e+03 0.000000000000000000e+00 0.000000000000000000e+00 2.795502235312385130e-14
1.902000000000000000e+03 0.000000000000000000e+00 0.000000000000000000e+00 2.792493737350129464e-14
1.903000000000000000e+03 0.000000000000000000e+00 0.000000000000000000e+00 2.789490175699944075e-14
1.904000000000000000e+03 0.000000000000000000e+00 0.000000000000000000e+00 2.786491508561327160e-14
1.905000000000000000e+03 0.000000000000000000e+00 0.000000000000000000e+00 2.783497710815833624e-14
1.906000000000000000e+03 0.000000000000000000e+00 0.000000000000000000e+00 2.780508740793376782e-14
1.907000000000000000e+03 0.000000000000000000e+00 0.000000000000000000e+00 2.777524574967145070e-14
1.908000000000000000e+03 0.000000000000000000e+00 0.000000000000000000e+00 2.774545171508608773e-14
1.909000000000000000e+03 0.000000000000000000e+00 0.000000000000000000e+00 2.771570507433289679e-14
1.910000000000000000e+03 0.000000000000000000e+00 0.000000000000000000e+00 2.768600542156047065e-14
1.911000000000000000e+03 0.000000000000000000e+00 0.000000000000000000e+00 2.765635252795338023e-14
1.912000000000000000e+03 0.000000000000000000e+00 0.000000000000000000e+00 2.762674599079492748e-14
1.913000000000000000e+03 0.000000000000000000e+00 0.000000000000000000e+00 2.759718558785360166e-14
1.914000000000000000e+03 0.000000000000000000e+00 0.000000000000000000e+00 2.756767091590572589e-14
1.915000000000000000e+03 0.000000000000000000e+00 0.000000000000000000e+00 2.753820176900168603e-14
1.916000000000000000e+03 0.000000000000000000e+00 0.000000000000000000e+00 2.750877775685270383e-14
1.917000000000000000e+03 0.000000000000000000e+00 0.000000000000000000e+00 2.747939866341870014e-14
1.918000000000000000e+03 0.000000000000000000e+00 0.000000000000000000e+00 2.745006411692762367e-14
1.919000000000000000e+03 0.000000000000000000e+00 0.000000000000000000e+00 2.742077391098299577e-14
1.920000000000000000e+03 0.000000000000000000e+00 0.000000000000000000e+00 2.739152767312708094e-14
1.921000000000000000e+03 0.000000000000000000e+00 0.000000000000000000e+00 2.736232520526737643e-14
1.922000000000000000e+03 0.000000000000000000e+00 0.000000000000000000e+00 2.733316614191084503e-14
1.923000000000000000e+03 0.000000000000000000e+00 0.000000000000000000e+00 2.730405029361943815e-14
1.924000000000000000e+03 0.000000000000000000e+00 0.000000000000000000e+00 2.727497730353083433e-14
1.925000000000000000e+03 0.000000000000000000e+00 0.000000000000000000e+00 2.724594698390304854e-14
1.926000000000000000e+03 0.000000000000000000e+00 0.000000000000000000e+00 2.721695898712411270e-14
1.927000000000000000e+03 0.000000000000000000e+00 0.000000000000000000e+00 2.718801312382815268e-14
1.928000000000000000e+03 0.000000000000000000e+00 0.000000000000000000e+00 2.715910905625761925e-14
1.929000000000000000e+03 0.000000000000000000e+00 0.000000000000000000e+00 2.713024660666835803e-14
1.930000000000000000e+03 0.000000000000000000e+00 0.000000000000000000e+00 2.710142544726087606e-14
1.931000000000000000e+03 0.000000000000000000e+00 0.000000000000000000e+00 2.707264540145504317e-14
1.932000000000000000e+03 0.000000000000000000e+00 0.000000000000000000e+00 2.704390614414778133e-14
1.933000000000000000e+03 0.000000000000000000e+00 0.000000000000000000e+00 2.701520751929806159e-14
1.934000000000000000e+03 0.000000000000000000e+00 0.000000000000000000e+00 2.698654920103256530e-14
1.935000000000000000e+03 0.000000000000000000e+00 0.000000000000000000e+00 2.695793104651425837e-14
1.936000000000000000e+03 0.000000000000000000e+00 0.000000000000000000e+00 2.692935274147173515e-14
1.937000000000000000e+03 0.000000000000000000e+00 0.000000000000000000e+00 2.690081414002124504e-14
1.938000000000000000e+03 0.000000000000000000e+00 0.000000000000000000e+00 2.687231494421565662e-14
1.939000000000000000e+03 0.000000000000000000e+00 0.000000000000000000e+00 2.684385501974473963e-14
1.940000000000000000e+03 0.000000000000000000e+00 0.000000000000000000e+00 2.681543406567976502e-14
1.941000000000000000e+03 0.000000000000000000e+00 0.000000000000000000e+00 2.678705196409337964e-14
1.942000000000000000e+03 0.000000000000000000e+00 0.000000000000000000e+00 2.675870841767810152e-14
1.943000000000000000e+03 0.000000000000000000e+00 0.000000000000000000e+00 2.673040332062273315e-14
1.944000000000000000e+03 0.000000000000000000e+00 0.000000000000000000e+00 2.670213638046130014e-14
1.945000000000000000e+03 0.000000000000000000e+00 0.000000000000000000e+00 2.667390750154532965e-14
1.946000000000000000e+03 0.000000000000000000e+00 0.000000000000000000e+00 2.664571639708767392e-14
1.947000000000000000e+03 0.000000000000000000e+00 0.000000000000000000e+00 2.661756298092992307e-14
1.948000000000000000e+03 0.000000000000000000e+00 0.000000000000000000e+00 2.658944697885060633e-14
1.949000000000000000e+03 0.000000000000000000e+00 0.000000000000000000e+00 2.656136830619678546e-14
1.950000000000000000e+03 0.000000000000000000e+00 0.000000000000000000e+00 2.653332669761536714e-14
1.951000000000000000e+03 0.000000000000000000e+00 0.000000000000000000e+00 2.650532208044365080e-14
1.952000000000000000e+03 0.000000000000000000e+00 0.000000000000000000e+00 2.647735419644540641e-14
1.953000000000000000e+03 0.000000000000000000e+00 0.000000000000000000e+00 2.644942298168493434e-14
1.954000000000000000e+03 0.000000000000000000e+00 0.000000000000000000e+00 2.642152819167697348e-14
1.955000000000000000e+03 0.000000000000000000e+00 0.000000000000000000e+00 2.639366977699760529e-14
1.956000000000000000e+03 0.000000000000000000e+00 0.000000000000000000e+00 2.636584749509572622e-14
1.957000000000000000e+03 0.000000000000000000e+00 0.000000000000000000e+00 2.633806129904028132e-14
1.958000000000000000e+03 0.000000000000000000e+00 0.000000000000000000e+00 2.631031096471222707e-14
1.959000000000000000e+03 0.000000000000000000e+00 0.000000000000000000e+00 2.628259644954112966e-14
1.960000000000000000e+03 0.000000000000000000e+00 0.000000000000000000e+00 2.625491754029680725e-14
1.961000000000000000e+03 0.000000000000000000e+00 0.000000000000000000e+00 2.622727420542225508e-14
1.962000000000000000e+03 0.000000000000000000e+00 0.000000000000000000e+00 2.619966623277765171e-14
1.963000000000000000e+03 0.000000000000000000e+00 0.000000000000000000e+00 2.617209359768388130e-14
1.964000000000000000e+03 0.000000000000000000e+00 0.000000000000000000e+00 2.614455609841209842e-14
1.965000000000000000e+03 0.000000000000000000e+00 0.000000000000000000e+00 2.611705372256192397e-14
1.966000000000000000e+03 0.000000000000000000e+00 0.000000000000000000e+00 2.608958627477240601e-14
1.967000000000000000e+03 0.000000000000000000e+00 0.000000000000000000e+00 2.606215374992703372e-14
1.968000000000000000e+03 0.000000000000000000e+00 0.000000000000000000e+00 2.603475596466528176e-14
1.969000000000000000e+03 0.000000000000000000e+00 0.000000000000000000e+00 2.600739292639044882e-14
1.970000000000000000e+03 0.000000000000000000e+00 0.000000000000000000e+00 2.598006445871538533e-14
1.971000000000000000e+03 0.000000000000000000e+00 0.000000000000000000e+00 2.595277056915230641e-14
1.972000000000000000e+03 0.000000000000000000e+00 0.000000000000000000e+00 2.592551109994466623e-14
1.973000000000000000e+03 0.000000000000000000e+00 0.000000000000000000e+00 2.589828606737533329e-14
1.974000000000000000e+03 0.000000000000000000e+00 0.000000000000000000e+00 2.587109531660965522e-14
1.975000000000000000e+03 0.000000000000000000e+00 0.000000000000000000e+00 2.584393887516708886e-14
1.976000000000000000e+03 0.000000000000000000e+00 0.000000000000000000e+00 2.581681659868636626e-14
1.977000000000000000e+03 0.000000000000000000e+00 0.000000000000000000e+00 2.578972851377796192e-14
1.978000000000000000e+03 0.000000000000000000e+00 0.000000000000000000e+00 2.576267448853096289e-14
1.979000000000000000e+03 0.000000000000000000e+00 0.000000000000000000e+00 2.573565456344907576e-14
1.980000000000000000e+03 0.000000000000000000e+00 0.000000000000000000e+00 2.570866860771232542e-14
1.981000000000000000e+03 0.000000000000000000e+00 0.000000000000000000e+00 2.568171667280276219e-14
1.982000000000000000e+03 0.000000000000000000e+00 0.000000000000000000e+00 2.565479864393313793e-14
1.983000000000000000e+03 0.000000000000000000e+00 0.000000000000000000e+00 2.562791457193306767e-14
1.984000000000000000e+03 0.000000000000000000e+00 0.000000000000000000e+00 2.560106435532453848e-14
1.985000000000000000e+03 0.000000000000000000e+00 0.000000000000000000e+00 2.557424804618043542e-14
1.986000000000000000e+03 0.000000000000000000e+00 0.000000000000000000e+00 2.554746555435888503e-14
1.987000000000000000e+03 0.000000000000000000e+00 0.000000000000000000e+00 2.552071693918671442e-14
1.988000000000000000e+03 0.000000000000000000e+00 0.000000000000000000e+00 2.549400211156744860e-14
1.989000000000000000e+03 0.000000000000000000e+00 0.000000000000000000e+00 2.546732114525895427e-14
1.990000000000000000e+03 0.000000000000000000e+00 0.000000000000000000e+00 2.544067395159457205e-14
1.991000000000000000e+03 0.000000000000000000e+00 0.000000000000000000e+00 2.541406060950194333e-14
1.992000000000000000e+03 0.000000000000000000e+00 0.000000000000000000e+00 2.538748103564553071e-14
1.993000000000000000e+03 0.000000000000000000e+00 0.000000000000000000e+00 2.536093531883018942e-14
1.994000000000000000e+03 0.000000000000000000e+00 0.000000000000000000e+00 2.533442338430569410e-14
1.995000000000000000e+03 0.000000000000000000e+00 0.000000000000000000e+00 2.530794533046768469e-14
1.996000000000000000e+03 0.000000000000000000e+00 0.000000000000000000e+00 2.528150108631645513e-14
1.997000000000000000e+03 0.000000000000000000e+00 0.000000000000000000e+00 2.525509075157513415e-14
1.998000000000000000e+03 0.000000000000000000e+00 0.000000000000000000e+00 2.522871426990430142e-14
1.999000000000000000e+03 0.000000000000000000e+00 0.000000000000000000e+00 2.520237174837626218e-14
2.000000000000000000e+03 0.000000000000000000e+00 0.000000000000000000e+00 2.517606313370053087e-14
2.001000000000000000e+03 0.000000000000000000e+00 0.000000000000000000e+00 2.514978853563497924e-14
2.002000000000000000e+03 0.000000000000000000e+00 0.000000000000000000e+00 2.512354791556114255e-14
2.003000000000000000e+03 0.000000000000000000e+00 0.000000000000000000e+00 2.509734138222363544e-14
2.004000000000000000e+03 0.000000000000000000e+00 0.000000000000000000e+00 2.507116890637234750e-14
2.005000000000000000e+03 0.000000000000000000e+00 0.000000000000000000e+00 2.504503060133825492e-14
2.006000000000000000e+03 0.000000000000000000e+00 0.000000000000000000e+00 2.501892643823384251e-14
2.007000000000000000e+03 0.000000000000000000e+00 0.000000000000000000e+00 2.499285654608267870e-14
2.008000000000000000e+03 0.000000000000000000e+00 0.000000000000000000e+00 2.496682089260147979e-14
2.009000000000000000e+03 0.000000000000000000e+00 0.000000000000000000e+00 2.494081962081786548e-14
2.010000000000000000e+03 0.000000000000000000e+00 0.000000000000000000e+00 2.491485270182161400e-14
2.011000000000000000e+03 0.000000000000000000e+00 0.000000000000000000e+00 2.488892027530167116e-14
2.012000000000000000e+03 0.000000000000000000e+00 0.000000000000000000e+00 2.486302232427576439e-14
2.013000000000000000e+03 0.000000000000000000e+00 0.000000000000000000e+00 2.483715899728931148e-14
2.014000000000000000e+03 0.000000000000000000e+00 0.000000000000000000e+00 2.481133027941664757e-14
2.015000000000000000e+03 0.000000000000000000e+00 0.000000000000000000e+00 2.478553632167305713e-14
2.016000000000000000e+03 0.000000000000000000e+00 0.000000000000000000e+00 2.475977712125713417e-14
2.017000000000000000e+03 0.000000000000000000e+00 0.000000000000000000e+00 2.473405282738808464e-14
2.018000000000000000e+03 0.000000000000000000e+00 0.000000000000000000e+00 2.470836344411570270e-14
2.019000000000000000e+03 0.000000000000000000e+00 0.000000000000000000e+00 2.468270912568296664e-14
2.020000000000000000e+03 0.000000000000000000e+00 0.000000000000000000e+00 2.465708987678356097e-14
2.021000000000000000e+03 0.000000000000000000e+00 0.000000000000000000e+00 2.463150586008399646e-14
2.022000000000000000e+03 0.000000000000000000e+00 0.000000000000000000e+00 2.460595708107394036e-14
2.023000000000000000e+03 0.000000000000000000e+00 0.000000000000000000e+00 2.458044370692076827e-14
2.024000000000000000e+03 0.000000000000000000e+00 0.000000000000000000e+00 2.455496574745875469e-14
2.025000000000000000e+03 0.000000000000000000e+00 0.000000000000000000e+00 2.452952337019356088e-14
2.026000000000000000e+03 0.000000000000000000e+00 0.000000000000000000e+00 2.450411658555308863e-14
2.027000000000000000e+03 0.000000000000000000e+00 0.000000000000000000e+00 2.447874556087706072e-14
2.028000000000000000e+03 0.000000000000000000e+00 0.000000000000000000e+00 2.445341031635123495e-14
2.029000000000000000e+03 0.000000000000000000e+00 0.000000000000000000e+00 2.442811102670340774e-14
2.030000000000000000e+03 0.000000000000000000e+00 0.000000000000000000e+00 2.440284770673884482e-14
2.031000000000000000e+03 0.000000000000000000e+00 0.000000000000000000e+00 2.437762053584190964e-14
2.032000000000000000e+03 0.000000000000000000e+00 0.000000000000000000e+00 2.435242953606320510e-14
2.033000000000000000e+03 0.000000000000000000e+00 0.000000000000000000e+00 2.432727488254077315e-14
2.034000000000000000e+03 0.000000000000000000e+00 0.000000000000000000e+00 2.430215660595739342e-14
2.035000000000000000e+03 0.000000000000000000e+00 0.000000000000000000e+00 2.427707488117015661e-14
2.036000000000000000e+03 0.000000000000000000e+00 0.000000000000000000e+00 2.425202973486446957e-14
2.037000000000000000e+03 0.000000000000000000e+00 0.000000000000000000e+00 2.422702135412903951e-14
2.038000000000000000e+03 0.000000000000000000e+00 0.000000000000000000e+00 2.420204976177454629e-14
2.039000000000000000e+03 0.000000000000000000e+00 0.000000000000000000e+00 2.417711514005982365e-14
2.040000000000000000e+03 0.000000000000000000e+00 0.000000000000000000e+00 2.415221752239909156e-14
2.041000000000000000e+03 0.000000000000000000e+00 0.000000000000000000e+00 2.412735708665792903e-14
2.042000000000000000e+03 0.000000000000000000e+00 0.000000000000000000e+00 2.410253386931937327e-14
2.043000000000000000e+03 0.000000000000000000e+00 0.000000000000000000e+00 2.407774805098498748e-14
2.044000000000000000e+03 0.000000000000000000e+00 0.000000000000000000e+00 2.405299966575768929e-14
2.045000000000000000e+03 0.000000000000000000e+00 0.000000000000000000e+00 2.402828889896637292e-14
2.046000000000000000e+03 0.000000000000000000e+00 0.000000000000000000e+00 2.400361578675234101e-14
2.047000000000000000e+03 0.000000000000000000e+00 0.000000000000000000e+00 2.397898051162785994e-14
2.048000000000000000e+03 0.000000000000000000e+00 0.000000000000000000e+00 2.395438311018185412e-14
2.049000000000000000e+03 0.000000000000000000e+00 0.000000000000000000e+00 2.392982376634738519e-14
2.050000000000000000e+03 0.000000000000000000e+00 0.000000000000000000e+00 2.390530251542077219e-14
2.051000000000000000e+03 0.000000000000000000e+00 0.000000000000000000e+00 2.388081953702509418e-14
2.052000000000000000e+03 0.000000000000000000e+00 0.000000000000000000e+00 2.385637487244769327e-14
2.053000000000000000e+03 0.000000000000000000e+00 0.000000000000000000e+00 2.383196869986774277e-14
2.054000000000000000e+03 0.000000000000000000e+00 0.000000000000000000e+00 2.380760105467372907e-14
2.055000000000000000e+03 0.000000000000000000e+00 0.000000000000000000e+00 2.378327211616973481e-14
2.056000000000000000e+03 0.000000000000000000e+00 0.000000000000000000e+00 2.375898191981818474e-14
2.057000000000000000e+03 0.000000000000000000e+00 0.000000000000000000e+00 2.373473064727802805e-14
2.058000000000000000e+03 0.000000000000000000e+00 0.000000000000000000e+00 2.371051833447368115e-14
2.059000000000000000e+03 0.000000000000000000e+00 0.000000000000000000e+00 2.368634515537829716e-14
2.060000000000000000e+03 0.000000000000000000e+00 0.000000000000000000e+00 2.366221114831650276e-14
2.061000000000000000e+03 0.000000000000000000e+00 0.000000000000000000e+00 2.363811649139122943e-14
2.062000000000000000e+03 0.000000000000000000e+00 0.000000000000000000e+00 2.361406122106632612e-14
2.063000000000000000e+03 0.000000000000000000e+00 0.000000000000000000e+00 2.359004551181370800e-14
2.064000000000000000e+03 0.000000000000000000e+00 0.000000000000000000e+00 2.356606939645929414e-14
2.065000000000000000e+03 0.000000000000000000e+00 0.000000000000000000e+00 2.354213305010620518e-14
2.066000000000000000e+03 0.000000000000000000e+00 0.000000000000000000e+00 2.351823650614150536e-14
2.067000000000000000e+03 0.000000000000000000e+00 0.000000000000000000e+00 2.349437993650864657e-14
2.068000000000000000e+03 0.000000000000000000e+00 0.000000000000000000e+00 2.347056337533272604e-14
2.069000000000000000e+03 0.000000000000000000e+00 0.000000000000000000e+00 2.344678698990289109e-14
2.070000000000000000e+03 0.000000000000000000e+00 0.000000000000000000e+00 2.342305081554669964e-14
2.071000000000000000e+03 0.000000000000000000e+00 0.000000000000000000e+00 2.339935501532203212e-14
2.072000000000000000e+03 0.000000000000000000e+00 0.000000000000000000e+00 2.337569961860462660e-14
2.073000000000000000e+03 0.000000000000000000e+00 0.000000000000000000e+00 2.335208479191251254e-14
2.074000000000000000e+03 0.000000000000000000e+00 0.000000000000000000e+00 2.332851056300449666e-14
2.075000000000000000e+03 0.000000000000000000e+00 0.000000000000000000e+00 2.330497709106287097e-14
2.076000000000000000e+03 0.000000000000000000e+00 0.000000000000000000e+00 2.328148440658392206e-14
2.077000000000000000e+03 0.000000000000000000e+00 0.000000000000000000e+00 2.325803266767781053e-14
2.078000000000000000e+03 0.000000000000000000e+00 0.000000000000000000e+00 2.323462189121117771e-14
2.079000000000000000e+03 0.000000000000000000e+00 0.000000000000000000e+00 2.321125224171967401e-14
2.080000000000000000e+03 0.000000000000000000e+00 0.000000000000000000e+00 2.318792373516563164e-14
2.081000000000000000e+03 0.000000000000000000e+00 0.000000000000000000e+00 2.316463652947800985e-14
2.082000000000000000e+03 0.000000000000000000e+00 0.000000000000000000e+00 2.314139063996725775e-14
2.083000000000000000e+03 0.000000000000000000e+00 0.000000000000000000e+00 2.311818621419967789e-14
2.084000000000000000e+03 0.000000000000000000e+00 0.000000000000000000e+00 2.309502327070692244e-14
2.085000000000000000e+03 0.000000000000000000e+00 0.000000000000000000e+00 2.307190195418948536e-14
2.086000000000000000e+03 0.000000000000000000e+00 0.000000000000000000e+00 2.304882227692124398e-14
2.087000000000000000e+03 0.000000000000000000e+00 0.000000000000000000e+00 2.302578437857319597e-14
2.088000000000000000e+03 0.000000000000000000e+00 0.000000000000000000e+00 2.300278827001419429e-14
2.089000000000000000e+03 0.000000000000000000e+00 0.000000000000000000e+00 2.297983408676216476e-14
2.090000000000000000e+03 0.000000000000000000e+00 0.000000000000000000e+00 2.295692183126373740e-14
2.091000000000000000e+03 0.000000000000000000e+00 0.000000000000000000e+00 2.293405164032874604e-14
2.092000000000000000e+03 0.000000000000000000e+00 0.000000000000000000e+00 2.291122351006191862e-14
2.093000000000000000e+03 0.000000000000000000e+00 0.000000000000000000e+00 2.288843756845629671e-14
2.094000000000000000e+03 0.000000000000000000e+00 0.000000000000000000e+00 2.286569381693836487e-14
2.095000000000000000e+03 0.000000000000000000e+00 0.000000000000000000e+00 2.284299237846692892e-14
2.096000000000000000e+03 0.000000000000000000e+00 0.000000000000000000e+00 2.282033324413018935e-14
2.097000000000000000e+03 0.000000000000000000e+00 0.000000000000000000e+00 2.279771653641455366e-14
2.098000000000000000e+03 0.000000000000000000e+00 0.000000000000000000e+00 2.277514224130225704e-14
2.099000000000000000e+03 0.000000000000000000e+00 0.000000000000000000e+00 2.275261047688891034e-14
2.100000000000000000e+03 0.000000000000000000e+00 0.000000000000000000e+00 2.273012122532921456e-14
2.101000000000000000e+03 0.000000000000000000e+00 0.000000000000000000e+00 2.270767460191582209e-14
2.102000000000000000e+03 0.000000000000000000e+00 0.000000000000000000e+00 2.268527057817946544e-14
2.103000000000000000e+03 0.000000000000000000e+00 0.000000000000000000e+00 2.266290926729805972e-14
2.104000000000000000e+03 0.000000000000000000e+00 0.000000000000000000e+00 2.264059063973355398e-14
2.105000000000000000e+03 0.000000000000000000e+00 0.000000000000000000e+00 2.261831480087929556e-14
2.106000000000000000e+03 0.000000000000000000e+00 0.000000000000000000e+00 2.259608171794072420e-14
2.107000000000000000e+03 0.000000000000000000e+00 0.000000000000000000e+00 2.257389149226737261e-14
2.108000000000000000e+03 0.000000000000000000e+00 0.000000000000000000e+00 2.255174408898559662e-14
2.109000000000000000e+03 0.000000000000000000e+00 0.000000000000000000e+00 2.252963960189911150e-14
2.110000000000000000e+03 0.000000000000000000e+00 0.000000000000000000e+00 2.250757798866760994e-14
2.111000000000000000e+03 0.000000000000000000e+00 0.000000000000000000e+00 2.248555934247709128e-14
2.112000000000000000e+03 0.000000000000000000e+00 0.000000000000000000e+00 2.246358361602800784e-14
2.113000000000000000e+03 0.000000000000000000e+00 0.000000000000000000e+00 2.244165089674522573e-14
2.114000000000000000e+03 0.000000000000000000e+00 0.000000000000000000e+00 2.241976112976410009e-14
2.115000000000000000e+03 0.000000000000000000e+00 0.000000000000000000e+00 2.239791439850667795e-14
2.116000000000000000e+03 0.000000000000000000e+00 0.000000000000000000e+00 2.237611063946728985e-14
2.117000000000000000e+03 0.000000000000000000e+00 0.000000000000000000e+00 2.235434993406655753e-14
2.118000000000000000e+03 0.000000000000000000e+00 0.000000000000000000e+00 2.233263221633114102e-14
2.119000000000000000e+03 0.000000000000000000e+00 0.000000000000000000e+00 2.231095755739963955e-14
2.120000000000000000e+03 0.000000000000000000e+00 0.000000000000000000e+00 2.228932588621302786e-14
2.121000000000000000e+03 0.000000000000000000e+00 0.000000000000000000e+00 2.226773726943599415e-14
2.122000000000000000e+03 0.000000000000000000e+00 0.000000000000000000e+00 2.224619163580821166e-14
2.123000000000000000e+03 0.000000000000000000e+00 0.000000000000000000e+00 2.222468904491917609e-14
2.124000000000000000e+03 0.000000000000000000e+00 0.000000000000000000e+00 2.220322941764869455e-14
2.125000000000000000e+03 0.000000000000000000e+00 0.000000000000000000e+00 2.218181280779175755e-14
2.126000000000000000e+03 0.000000000000000000e+00 0.000000000000000000e+00 2.216043913462387841e-14
2.127000000000000000e+03 0.000000000000000000e+00 0.000000000000000000e+00 2.213910844460533567e-14
2.128000000000000000e+03 0.000000000000000000e+00 0.000000000000000000e+00 2.211782065539235419e-14
2.129000000000000000e+03 0.000000000000000000e+00 0.000000000000000000e+00 2.209657580426488476e-14
2.130000000000000000e+03 0.000000000000000000e+00 0.000000000000000000e+00 2.207537380452838239e-14
2.131000000000000000e+03 0.000000000000000000e+00 0.000000000000000000e+00 2.205421468589528044e-14
2.132000000000000000e+03 0.000000000000000000e+00 0.000000000000000000e+00 2.203309835508171349e-14
2.133000000000000000e+03 0.000000000000000000e+00 0.000000000000000000e+00 2.201202484269316225e-14
2.134000000000000000e+03 0.000000000000000000e+00 0.000000000000000000e+00 2.199099404436422827e-14
2.135000000000000000e+03 0.000000000000000000e+00 0.000000000000000000e+00 2.197000598552937748e-14
2.136000000000000000e+03 0.000000000000000000e+00 0.000000000000000000e+00 2.194906056193763411e-14
2.137000000000000000e+03 0.000000000000000000e+00 0.000000000000000000e+00 2.192815778994989445e-14
2.138000000000000000e+03 0.000000000000000000e+00 0.000000000000000000e+00 2.190729755430285174e-14
2.139000000000000000e+03 0.000000000000000000e+00 0.000000000000000000e+00 2.188647986805256417e-14
2.140000000000000000e+03 0.000000000000000000e+00 0.000000000000000000e+00 2.186570461450913629e-14
2.141000000000000000e+03 0.000000000000000000e+00 0.000000000000000000e+00 2.184497180329931225e-14
2.142000000000000000e+03 0.000000000000000000e+00 0.000000000000000000e+00 2.182428130430676193e-14
2.143000000000000000e+03 0.000000000000000000e+00 0.000000000000000000e+00 2.180363312792012078e-14
2.144000000000000000e+03 0.000000000000000000e+00 0.000000000000000000e+00 2.178302713769320722e-14
2.145000000000000000e+03 0.000000000000000000e+00 0.000000000000000000e+00 2.176246333575852054e-14
2.146000000000000000e+03 0.000000000000000000e+00 0.000000000000000000e+00 2.174194157983227372e-14
2.147000000000000000e+03 0.000000000000000000e+00 0.000000000000000000e+00 2.172146186573410351e-14
2.148000000000000000e+03 0.000000000000000000e+00 0.000000000000000000e+00 2.170102404918598884e-14
2.149000000000000000e+03 0.000000000000000000e+00 0.000000000000000000e+00 2.168062811874867982e-14
2.150000000000000000e+03 0.000000000000000000e+00 0.000000000000000000e+00 2.166027392149596793e-14
2.151000000000000000e+03 0.000000000000000000e+00 0.000000000000000000e+00 2.163996144069920572e-14
2.152000000000000000e+03 0.000000000000000000e+00 0.000000000000000000e+00 2.161969051970119130e-14
2.153000000000000000e+03 0.000000000000000000e+00 0.000000000000000000e+00 2.159946113180516454e-14
2.154000000000000000e+03 0.000000000000000000e+00 0.000000000000000000e+00 2.157927311980325763e-14
2.155000000000000000e+03 0.000000000000000000e+00 0.000000000000000000e+00 2.155912644496982487e-14
2.156000000000000000e+03 0.000000000000000000e+00 0.000000000000000000e+00 2.153902094721158823e-14
2.157000000000000000e+03 0.000000000000000000e+00 0.000000000000000000e+00 2.151895658844369057e-14
2.158000000000000000e+03 0.000000000000000000e+00 0.000000000000000000e+00 2.149893319964517931e-14
2.159000000000000000e+03 0.000000000000000000e+00 0.000000000000000000e+00 2.147895073390467368e-14
2.160000000000000000e+03 0.000000000000000000e+00 0.000000000000000000e+00 2.145900902252116412e-14
2.161000000000000000e+03 0.000000000000000000e+00 0.000000000000000000e+00 2.143910801071606735e-14
2.162000000000000000e+03 0.000000000000000000e+00 0.000000000000000000e+00 2.141924752195341678e-14
2.163000000000000000e+03 0.000000000000000000e+00 0.000000000000000000e+00 2.139942750015398681e-14
2.164000000000000000e+03 0.000000000000000000e+00 0.000000000000000000e+00 2.137964775899095523e-14
2.165000000000000000e+03 0.000000000000000000e+00 0.000000000000000000e+00 2.135990823883923924e-14
2.166000000000000000e+03 0.000000000000000000e+00 0.000000000000000000e+00 2.134020874631748916e-14
2.167000000000000000e+03 0.000000000000000000e+00 0.000000000000000000e+00 2.132054921794337005e-14
2.168000000000000000e+03 0.000000000000000000e+00 0.000000000000000000e+00 2.130092945721904255e-14
2.169000000000000000e+03 0.000000000000000000e+00 0.000000000000000000e+00 2.128134939372319341e-14
2.170000000000000000e+03 0.000000000000000000e+00 0.000000000000000000e+00 2.126180882685248608e-14
2.171000000000000000e+03 0.000000000000000000e+00 0.000000000000000000e+00 2.124230767971197492e-14
2.172000000000000000e+03 0.000000000000000000e+00 0.000000000000000000e+00 2.122284575178413880e-14
2.173000000000000000e+03 0.000000000000000000e+00 0.000000000000000000e+00 2.120342295663055693e-14
2.174000000000000000e+03 0.000000000000000000e+00 0.000000000000000000e+00 2.118403908886300960e-14
2.175000000000000000e+03 0.000000000000000000e+00 0.000000000000000000e+00 2.116469405925375221e-14
2.176000000000000000e+03 0.000000000000000000e+00 0.000000000000000000e+00 2.114538765234482817e-14
2.177000000000000000e+03 0.000000000000000000e+00 0.000000000000000000e+00 2.112611977193918445e-14
2.178000000000000000e+03 0.000000000000000000e+00 0.000000000000000000e+00 2.110689020132372365e-14
2.179000000000000000e+03 0.000000000000000000e+00 0.000000000000000000e+00 2.108769883663836006e-14
2.180000000000000000e+03 0.000000000000000000e+00 0.000000000000000000e+00 2.106854545015053713e-14
2.181000000000000000e+03 0.000000000000000000e+00 0.000000000000000000e+00 2.104942993761795971e-14
2.182000000000000000e+03 0.000000000000000000e+00 0.000000000000000000e+00 2.103035206790578676e-14
2.183000000000000000e+03 0.000000000000000000e+00 0.000000000000000000e+00 2.101131172919058682e-14
2.184000000000000000e+03 0.000000000000000000e+00 0.000000000000000000e+00 2.099230868666609392e-14
2.185000000000000000e+03 0.000000000000000000e+00 0.000000000000000000e+00 2.097334282315780273e-14
2.186000000000000000e+03 0.000000000000000000e+00 0.000000000000000000e+00 2.095441390013792654e-14
2.187000000000000000e+03 0.000000000000000000e+00 0.000000000000000000e+00 2.093552179559322923e-14
2.188000000000000000e+03 0.000000000000000000e+00 0.000000000000000000e+00 2.091666626735249427e-14
2.189000000000000000e+03 0.000000000000000000e+00 0.000000000000000000e+00 2.089784718889358065e-14
2.190000000000000000e+03 0.000000000000000000e+00 0.000000000000000000e+00 2.087906431066620380e-14
2.191000000000000000e+03 0.000000000000000000e+00 0.000000000000000000e+00 2.086031750181559668e-14
2.192000000000000000e+03 0.000000000000000000e+00 0.000000000000000000e+00 2.084160650743905033e-14
2.193000000000000000e+03 0.000000000000000000e+00 0.000000000000000000e+00 2.082293119273210369e-14
2.194000000000000000e+03 0.000000000000000000e+00 0.000000000000000000e+00 2.080429129814694447e-14
2.195000000000000000e+03 0.000000000000000000e+00 0.000000000000000000e+00 2.078568668498673307e-14
2.196000000000000000e+03 0.000000000000000000e+00 0.000000000000000000e+00 2.076711708937160547e-14
2.197000000000000000e+03 0.000000000000000000e+00 0.000000000000000000e+00 2.074858236892765204e-14
2.198000000000000000e+03 0.000000000000000000e+00 0.000000000000000000e+00 2.073008225959234961e-14
2.199000000000000000e+03 0.000000000000000000e+00 0.000000000000000000e+00 2.071161661535128697e-14
2.200000000000000000e+03 0.000000000000000000e+00 0.000000000000000000e+00 2.069318516624532875e-14
2.201000000000000000e+03 0.000000000000000000e+00 0.000000000000000000e+00 2.067478776272572708e-14
2.202000000000000000e+03 0.000000000000000000e+00 0.000000000000000000e+00 2.065642413448137892e-14
2.203000000000000000e+03 0.000000000000000000e+00 0.000000000000000000e+00 2.063809412435428511e-14
2.204000000000000000e+03 0.000000000000000000e+00 0.000000000000000000e+00 2.061979746012236492e-14
2.205000000000000000e+03 0.000000000000000000e+00 0.000000000000000000e+00 2.060153397909134601e-14
2.206000000000000000e+03 0.000000000000000000e+00 0.000000000000000000e+00 2.058330340646092621e-14
2.207000000000000000e+03 0.000000000000000000e+00 0.000000000000000000e+00 2.056510557458304856e-14
2.208000000000000000e+03 0.000000000000000000e+00 0.000000000000000000e+00 2.054694020616457574e-14
2.209000000000000000e+03 0.000000000000000000e+00 0.000000000000000000e+00 2.052880712870568170e-14
2.210000000000000000e+03 0.000000000000000000e+00 0.000000000000000000e+00 2.051070606200811630e-14
2.211000000000000000e+03 0.000000000000000000e+00 0.000000000000000000e+00 2.049263683644653642e-14
2.212000000000000000e+03 0.000000000000000000e+00 0.000000000000000000e+00 2.047459916513163050e-14
2.213000000000000000e+03 0.000000000000000000e+00 0.000000000000000000e+00 2.045659287765480177e-14
2.214000000000000000e+03 0.000000000000000000e+00 0.000000000000000000e+00 2.043861768950348820e-14
2.215000000000000000e+03 0.000000000000000000e+00 0.000000000000000000e+00 2.042067342465938952e-14
2.216000000000000000e+03 0.000000000000000000e+00 0.000000000000000000e+00 2.040275979753594432e-14
2.217000000000000000e+03 0.000000000000000000e+00 0.000000000000000000e+00 2.038487663519152975e-14
2.218000000000000000e+03 0.000000000000000000e+00 0.000000000000000000e+00 2.036702364647931724e-14
2.219000000000000000e+03 0.000000000000000000e+00 0.000000000000000000e+00 2.034920065770330887e-14
2.220000000000000000e+03 0.000000000000000000e+00 0.000000000000000000e+00 2.033140737721661400e-14
2.221000000000000000e+03 0.000000000000000000e+00 0.000000000000000000e+00 2.031364362966186209e-14
2.222000000000000000e+03 0.000000000000000000e+00 0.000000000000000000e+00 2.029590912090430660e-14
2.223000000000000000e+03 0.000000000000000000e+00 0.000000000000000000e+00 2.027820367684978630e-14
2.224000000000000000e+03 0.000000000000000000e+00 0.000000000000000000e+00 2.026052700032407672e-14
2.225000000000000000e+03 0.000000000000000000e+00 0.000000000000000000e+00 2.024287891608507885e-14
2.226000000000000000e+03 0.000000000000000000e+00 0.000000000000000000e+00 2.022525913082084702e-14
2.227000000000000000e+03 0.000000000000000000e+00 0.000000000000000000e+00 2.020766746359847749e-14
2.228000000000000000e+03 0.000000000000000000e+00 0.000000000000000000e+00 2.019010362448201163e-14
2.229000000000000000e+03 0.000000000000000000e+00 0.000000000000000000e+00 2.017256743159915753e-14
2.230000000000000000e+03 0.000000000000000000e+00 0.000000000000000000e+00 2.015505859511365280e-14
2.231000000000000000e+03 0.000000000000000000e+00 0.000000000000000000e+00 2.013757693383527990e-14
2.232000000000000000e+03 0.000000000000000000e+00 0.000000000000000000e+00 2.012012215678402910e-14
2.233000000000000000e+03 0.000000000000000000e+00 0.000000000000000000e+00 2.010269408452802228e-14
2.234000000000000000e+03 0.000000000000000000e+00 0.000000000000000000e+00 2.008529242758115977e-14
2.235000000000000000e+03 0.000000000000000000e+00 0.000000000000000000e+00 2.006791700900701448e-14
2.236000000000000000e+03 0.000000000000000000e+00 0.000000000000000000e+00 2.005056753808047972e-14
2.237000000000000000e+03 0.000000000000000000e+00 0.000000000000000000e+00 2.003324383710620951e-14
2.238000000000000000e+03 0.000000000000000000e+00 0.000000000000000000e+00 2.001594562031041102e-14
2.239000000000000000e+03 0.000000000000000000e+00 0.000000000000000000e+00 1.999867270785125720e-14
2.240000000000000000e+03 0.000000000000000000e+00 0.000000000000000000e+00 1.998142481411515395e-14
2.241000000000000000e+03 0.000000000000000000e+00 0.000000000000000000e+00 1.996420175979774725e-14
2.242000000000000000e+03 0.000000000000000000e+00 0.000000000000000000e+00 1.994700325782288226e-14
2.243000000000000000e+03 0.000000000000000000e+00 0.000000000000000000e+00 1.992982913354860955e-14
2.244000000000000000e+03 0.000000000000000000e+00 0.000000000000000000e+00 1.991267910165582312e-14
2.245000000000000000e+03 0.000000000000000000e+00 0.000000000000000000e+00 1.989555298688993785e-14
2.246000000000000000e+03 0.000000000000000000e+00 0.000000000000000000e+00 1.987845050558938649e-14
2.247000000000000000e+03 0.000000000000000000e+00 0.000000000000000000e+00 1.986137148759844319e-14
2.248000000000000000e+03 0.000000000000000000e+00 0.000000000000000000e+00 1.984431565163554036e-14
2.249000000000000000e+03 0.000000000000000000e+00 0.000000000000000000e+00 1.982728282790994230e-14
2.250000000000000000e+03 0.000000000000000000e+00 0.000000000000000000e+00 1.981027274045297759e-14
2.251000000000000000e+03 0.000000000000000000e+00 0.000000000000000000e+00 1.979328522493422269e-14
2.252000000000000000e+03 0.000000000000000000e+00 0.000000000000000000e+00 1.977632000613112661e-14
2.253000000000000000e+03 0.000000000000000000e+00 0.000000000000000000e+00 1.975937692632809169e-14
2.254000000000000000e+03 0.000000000000000000e+00 0.000000000000000000e+00 1.974245570820289372e-14
2.255000000000000000e+03 0.000000000000000000e+00 0.000000000000000000e+00 1.972555620002143186e-14
2.256000000000000000e+03 0.000000000000000000e+00 0.000000000000000000e+00 1.970867813083037880e-14
2.257000000000000000e+03 0.000000000000000000e+00 0.000000000000000000e+00 1.969182134615014216e-14
2.258000000000000000e+03 0.000000000000000000e+00 0.000000000000000000e+00 1.967498558583232778e-14
2.259000000000000000e+03 0.000000000000000000e+00 0.000000000000000000e+00 1.965817069958385652e-14
2.260000000000000000e+03 0.000000000000000000e+00 0.000000000000000000e+00 1.964137642983982843e-14
2.261000000000000000e+03 0.000000000000000000e+00 0.000000000000000000e+00 1.962460263181183891e-14
2.262000000000000000e+03 0.000000000000000000e+00 0.000000000000000000e+00 1.960784905492964098e-14
2.263000000000000000e+03 0.000000000000000000e+00 0.000000000000000000e+00 1.959111556096759109e-14
2.264000000000000000e+03 0.000000000000000000e+00 0.000000000000000000e+00 1.957440190453179288e-14
2.265000000000000000e+03 0.000000000000000000e+00 0.000000000000000000e+00 1.955770795122376152e-14
2.266000000000000000e+03 0.000000000000000000e+00 0.000000000000000000e+00 1.954103345924910983e-14
2.267000000000000000e+03 0.000000000000000000e+00 0.000000000000000000e+00 1.952437830462573427e-14
2.268000000000000000e+03 0.000000000000000000e+00 0.000000000000000000e+00 1.950774224817626534e-14
2.269000000000000000e+03 0.000000000000000000e+00 0.000000000000000000e+00 1.949112516738990710e-14
2.270000000000000000e+03 0.000000000000000000e+00 0.000000000000000000e+00 1.947452682927205998e-14
2.271000000000000000e+03 0.000000000000000000e+00 0.000000000000000000e+00 1.945794711747073237e-14
2.272000000000000000e+03 0.000000000000000000e+00 0.000000000000000000e+00 1.944138580469782458e-14
2.273000000000000000e+03 0.000000000000000000e+00 0.000000000000000000e+00 1.942484278134526009e-14
2.274000000000000000e+03 0.000000000000000000e+00 0.000000000000000000e+00 1.940831782857197341e-14
2.275000000000000000e+03 0.000000000000000000e+00 0.000000000000000000e+00 1.939181083963865013e-14
2.276000000000000000e+03 0.000000000000000000e+00 0.000000000000000000e+00 1.937532160696417289e-14
2.277000000000000000e+03 0.000000000000000000e+00 0.000000000000000000e+00 1.935885003005353150e-14
2.278000000000000000e+03 0.000000000000000000e+00 0.000000000000000000e+00 1.934239590339315625e-14
2.279000000000000000e+03 0.000000000000000000e+00 0.000000000000000000e+00 1.932595913954337884e-14
2.280000000000000000e+03 0.000000000000000000e+00 0.000000000000000000e+00 1.930953953937570128e-14
2.281000000000000000e+03 0.000000000000000000e+00 0.000000000000000000e+00 1.929313701883333695e-14
2.282000000000000000e+03 0.000000000000000000e+00 0.000000000000000000e+00 1.927675139205201383e-14
2.283000000000000000e+03 0.000000000000000000e+00 0.000000000000000000e+00 1.926038257767986101e-14
2.284000000000000000e+03 0.000000000000000000e+00 0.000000000000000000e+00 1.924403039911208219e-14
2.285000000000000000e+03 0.000000000000000000e+00 0.000000000000000000e+00 1.922769478306809678e-14
2.286000000000000000e+03 0.000000000000000000e+00 0.000000000000000000e+00 1.921137555539036013e-14
2.287000000000000000e+03 0.000000000000000000e+00 0.000000000000000000e+00 1.919507265396915842e-14
2.288000000000000000e+03 0.000000000000000000e+00 0.000000000000000000e+00 1.917878591318874867e-14
2.289000000000000000e+03 0.000000000000000000e+00 0.000000000000000000e+00 1.916251527895435115e-14
2.290000000000000000e+03 0.000000000000000000e+00 0.000000000000000000e+00 1.914626059321097817e-14
2.291000000000000000e+03 0.000000000000000000e+00 0.000000000000000000e+00 1.913002180638742456e-14
2.292000000000000000e+03 0.000000000000000000e+00 0.000000000000000000e+00 1.911379876999366635e-14
2.293000000000000000e+03 0.000000000000000000e+00 0.000000000000000000e+00 1.909759144123150349e-14
2.294000000000000000e+03 0.000000000000000000e+00 0.000000000000000000e+00 1.908139968299929616e-14
2.295000000000000000e+03 0.000000000000000000e+00 0.000000000000000000e+00 1.906522346202055003e-14
2.296000000000000000e+03 0.000000000000000000e+00 0.000000000000000000e+00 1.904906264732321022e-14
2.297000000000000000e+03 0.000000000000000000e+00 0.000000000000000000e+00 1.903291721163421584e-14
2.298000000000000000e+03 0.000000000000000000e+00 0.000000000000000000e+00 1.901678703574826855e-14
2.299000000000000000e+03 0.000000000000000000e+00 0.000000000000000000e+00 1.900067210097185769e-14
2.300000000000000000e+03 0.000000000000000000e+00 0.000000000000000000e+00 1.898457229632707185e-14
2.301000000000000000e+03 0.000000000000000000e+00 0.000000000000000000e+00 1.896848761211177703e-14
2.302000000000000000e+03 0.000000000000000000e+00 0.000000000000000000e+00 1.895241794260410005e-14
2.303000000000000000e+03 0.000000000000000000e+00 0.000000000000000000e+00 1.893636328872393161e-14
2.304000000000000000e+03 0.000000000000000000e+00 0.000000000000000000e+00 1.892032355472640007e-14
2.305000000000000000e+03 0.000000000000000000e+00 0.000000000000000000e+00 1.890429874508771677e-14
2.306000000000000000e+03 0.000000000000000000e+00 0.000000000000000000e+00 1.888828877280691474e-14
2.307000000000000000e+03 0.000000000000000000e+00 0.000000000000000000e+00 1.887229365574724748e-14
2.308000000000000000e+03 0.000000000000000000e+00 0.000000000000000000e+00 1.885631331048123110e-14
2.309000000000000000e+03 0.000000000000000000e+00 0.000000000000000000e+00 1.884034776880134850e-14
2.310000000000000000e+03 0.000000000000000000e+00 0.000000000000000000e+00 1.882439695432939262e-14
2.311000000000000000e+03 0.000000000000000000e+00 0.000000000000000000e+00 1.880846090813475908e-14
2.312000000000000000e+03 0.000000000000000000e+00 0.000000000000000000e+00 1.879253956587622326e-14
2.313000000000000000e+03 0.000000000000000000e+00 0.000000000000000000e+00 1.877663297466481718e-14
2.314000000000000000e+03 0.000000000000000000e+00 0.000000000000000000e+00 1.876074108077578734e-14
2.315000000000000000e+03 0.000000000000000000e+00 0.000000000000000000e+00 1.874486394282823904e-14
2.316000000000000000e+03 0.000000000000000000e+00 0.000000000000000000e+00 1.872900151530875400e-14
2.317000000000000000e+03 0.000000000000000000e+00 0.000000000000000000e+00 1.871315386445286745e-14
2.318000000000000000e+03 0.000000000000000000e+00 0.000000000000000000e+00 1.869732095580851193e-14
2.319000000000000000e+03 0.000000000000000000e+00 0.000000000000000000e+00 1.868150286460242576e-14
2.320000000000000000e+03 0.000000000000000000e+00 0.000000000000000000e+00 1.866569956685857961e-14
2.321000000000000000e+03 0.000000000000000000e+00 0.000000000000000000e+00 1.864991114287152465e-14
2.322000000000000000e+03 0.000000000000000000e+00 0.000000000000000000e+00 1.863413758193741866e-14
2.323000000000000000e+03 0.000000000000000000e+00 0.000000000000000000e+00 1.861837897558553004e-14
2.324000000000000000e+03 0.000000000000000000e+00 0.000000000000000000e+00 1.860263531762427571e-14
2.325000000000000000e+03 0.000000000000000000e+00 0.000000000000000000e+00 1.858690671161003308e-14
2.326000000000000000e+03 0.000000000000000000e+00 0.000000000000000000e+00 1.857119316287972388e-14
2.327000000000000000e+03 0.000000000000000000e+00 0.000000000000000000e+00 1.855549478442686536e-14
2.328000000000000000e+03 0.000000000000000000e+00 0.000000000000000000e+00 1.853981158892051003e-14
2.329000000000000000e+03 0.000000000000000000e+00 0.000000000000000000e+00 1.852414369917369169e-14
2.330000000000000000e+03 0.000000000000000000e+00 0.000000000000000000e+00 1.850849113647635567e-14
2.331000000000000000e+03 0.000000000000000000e+00 0.000000000000000000e+00 1.849285403129550918e-14
2.332000000000000000e+03 0.000000000000000000e+00 0.000000000000000000e+00 1.847723241386291483e-14
2.333000000000000000e+03 0.000000000000000000e+00 0.000000000000000000e+00 1.846162642410953148e-14
2.334000000000000000e+03 0.000000000000000000e+00 0.000000000000000000e+00 1.844603609921609016e-14
2.335000000000000000e+03 0.000000000000000000e+00 0.000000000000000000e+00 1.843046158756715990e-14
2.336000000000000000e+03 0.000000000000000000e+00 0.000000000000000000e+00 1.841490293965040029e-14
2.337000000000000000e+03 0.000000000000000000e+00 0.000000000000000000e+00 1.839936031052205159e-14
2.338000000000000000e+03 0.000000000000000000e+00 0.000000000000000000e+00 1.838383375793971038e-14
2.339000000000000000e+03 0.000000000000000000e+00 0.000000000000000000e+00 1.836832344639347824e-14
2.340000000000000000e+03 0.000000000000000000e+00 0.000000000000000000e+00 1.835282944575394886e-14
2.341000000000000000e+03 0.000000000000000000e+00 0.000000000000000000e+00 1.833735192734535932e-14
2.342000000000000000e+03 0.000000000000000000e+00 0.000000000000000000e+00 1.832189096869271847e-14
2.343000000000000000e+03 0.000000000000000000e+00 0.000000000000000000e+00 1.830644674964671386e-14
2.344000000000000000e+03 0.000000000000000000e+00 0.000000000000000000e+00 1.829101935797418595e-14
2.345000000000000000e+03 0.000000000000000000e+00 0.000000000000000000e+00 1.827560898107902974e-14
2.346000000000000000e+03 0.000000000000000000e+00 0.000000000000000000e+00 1.826021571710624512e-14
2.347000000000000000e+03 0.000000000000000000e+00 0.000000000000000000e+00 1.824483976012568380e-14
2.348000000000000000e+03 0.000000000000000000e+00 0.000000000000000000e+00 1.822948121316778015e-14
2.349000000000000000e+03 0.000000000000000000e+00 0.000000000000000000e+00 1.821414028335911620e-14
2.350000000000000000e+03 0.000000000000000000e+00 0.000000000000000000e+00 1.819881707808261272e-14
2.351000000000000000e+03 0.000000000000000000e+00 0.000000000000000000e+00 1.818351181356834445e-14
2.352000000000000000e+03 0.000000000000000000e+00 0.000000000000000000e+00 1.816822460777188681e-14
2.353000000000000000e+03 0.000000000000000000e+00 0.000000000000000000e+00 1.815295568052513665e-14
2.354000000000000000e+03 0.000000000000000000e+00 0.000000000000000000e+00 1.813770515875554542e-14
2.355000000000000000e+03 0.000000000000000000e+00 0.000000000000000000e+00 1.812247326935895646e-14
2.356000000000000000e+03 0.000000000000000000e+00 0.000000000000000000e+00 1.810726014753985905e-14
2.357000000000000000e+03 0.000000000000000000e+00 0.000000000000000000e+00 1.809206602818983606e-14
2.358000000000000000e+03 0.000000000000000000e+00 0.000000000000000000e+00 1.807689105142594180e-14
2.359000000000000000e+03 0.000000000000000000e+00 0.000000000000000000e+00 1.806173546230485035e-14
2.360000000000000000e+03 0.000000000000000000e+00 0.000000000000000000e+00 1.804659940913048076e-14
2.361000000000000000e+03 0.000000000000000000e+00 0.000000000000000000e+00 1.803148314321801086e-14
2.362000000000000000e+03 0.000000000000000000e+00 0.000000000000000000e+00 1.801638681886760817e-14
2.363000000000000000e+03 0.000000000000000000e+00 0.000000000000000000e+00 1.800131069356541592e-14
2.364000000000000000e+03 0.000000000000000000e+00 0.000000000000000000e+00 1.798625492936411327e-14
2.365000000000000000e+03 0.000000000000000000e+00 0.000000000000000000e+00 1.797121978741205444e-14
2.366000000000000000e+03 0.000000000000000000e+00 0.000000000000000000e+00 1.795620543895289915e-14
2.367000000000000000e+03 0.000000000000000000e+00 0.000000000000000000e+00 1.794121215039424577e-14
2.368000000000000000e+03 0.000000000000000000e+00 0.000000000000000000e+00 1.792624009542798382e-14
2.369000000000000000e+03 0.000000000000000000e+00 0.000000000000000000e+00 1.791128954999122085e-14
2.370000000000000000e+03 0.000000000000000000e+00 0.000000000000000000e+00 1.789636069283721895e-14
2.371000000000000000e+03 0.000000000000000000e+00 0.000000000000000000e+00 1.788145380356050043e-14
2.372000000000000000e+03 0.000000000000000000e+00 0.000000000000000000e+00 1.786656906848451745e-14
2.373000000000000000e+03 0.000000000000000000e+00 0.000000000000000000e+00 1.785170677116963905e-14
2.374000000000000000e+03 0.000000000000000000e+00 0.000000000000000000e+00 1.783686710336177689e-14
2.375000000000000000e+03 0.000000000000000000e+00 0.000000000000000000e+00 1.782205035638917862e-14
2.376000000000000000e+03 0.000000000000000000e+00 0.000000000000000000e+00 1.780725672335402551e-14
2.377000000000000000e+03 0.000000000000000000e+00 0.000000000000000000e+00 1.779248650167949075e-14
2.378000000000000000e+03 0.000000000000000000e+00 0.000000000000000000e+00 1.777773989111554009e-14
2.379000000000000000e+03 0.000000000000000000e+00 0.000000000000000000e+00 1.776301719072637619e-14
2.380000000000000000e+03 0.000000000000000000e+00 0.000000000000000000e+00 1.774831860494892510e-14
2.381000000000000000e+03 0.000000000000000000e+00 0.000000000000000000e+00 1.773364443709869340e-14
2.382000000000000000e+03 0.000000000000000000e+00 0.000000000000000000e+00 1.771899489500070792e-14
2.383000000000000000e+03 0.000000000000000000e+00 0.000000000000000000e+00 1.770437028628098481e-14
2.384000000000000000e+03 0.000000000000000000e+00 0.000000000000000000e+00 1.768977082112289474e-14
2.385000000000000000e+03 0.000000000000000000e+00 0.000000000000000000e+00 1.767519681085477371e-14
2.386000000000000000e+03 0.000000000000000000e+00 0.000000000000000000e+00 1.766064846924123159e-14
2.387000000000000000e+03 0.000000000000000000e+00 0.000000000000000000e+00 1.764612611108096127e-14
2.388000000000000000e+03 0.000000000000000000e+00 0.000000000000000000e+00 1.763162995481248196e-14
2.389000000000000000e+03 0.000000000000000000e+00 0.000000000000000000e+00 1.761716031749371479e-14
2.390000000000000000e+03 0.000000000000000000e+00 0.000000000000000000e+00 1.760271741890302449e-14
2.391000000000000000e+03 0.000000000000000000e+00 0.000000000000000000e+00 1.758830157810769660e-14
2.392000000000000000e+03 0.000000000000000000e+00 0.000000000000000000e+00 1.757391301876730729e-14
2.393000000000000000e+03 0.000000000000000000e+00 0.000000000000000000e+00 1.755955206133190482e-14
2.394000000000000000e+03 0.000000000000000000e+00 0.000000000000000000e+00 1.754521892962241897e-14
2.395000000000000000e+03 0.000000000000000000e+00 0.000000000000000000e+00 1.753091394371209701e-14
2.396000000000000000e+03 0.000000000000000000e+00 0.000000000000000000e+00 1.751663732993491767e-14
2.397000000000000000e+03 0.000000000000000000e+00 0.000000000000000000e+00 1.750238940850647342e-14
2.398000000000000000e+03 0.000000000000000000e+00 0.000000000000000000e+00 1.748817040657113666e-14
2.399000000000000000e+03 0.000000000000000000e+00 0.000000000000000000e+00 1.747398064699516086e-14
2.400000000000000000e+03 0.000000000000000000e+00 0.000000000000000000e+00 1.745982035710649579e-14
2.401000000000000000e+03 0.000000000000000000e+00 0.000000000000000000e+00 1.744568985973173731e-14
2.402000000000000000e+03 0.000000000000000000e+00 0.000000000000000000e+00 1.743158938086940265e-14
2.403000000000000000e+03 0.000000000000000000e+00 0.000000000000000000e+00 1.741751924801293512e-14
2.404000000000000000e+03 0.000000000000000000e+00 0.000000000000000000e+00 1.740347968613217100e-14
2.405000000000000000e+03 0.000000000000000000e+00 0.000000000000000000e+00 1.738947102032846861e-14
2.406000000000000000e+03 0.000000000000000000e+00 0.000000000000000000e+00 1.737549347945548207e-14
2.407000000000000000e+03 0.000000000000000000e+00 0.000000000000000000e+00 1.736154738577494179e-14
2.408000000000000000e+03 0.000000000000000000e+00 0.000000000000000000e+00 1.734763296700320428e-14
2.409000000000000000e+03 0.000000000000000000e+00 0.000000000000000000e+00 1.733375054603686259e-14
2.410000000000000000e+03 0.000000000000000000e+00 0.000000000000000000e+00 1.731990034827344184e-14
2.411000000000000000e+03 0.000000000000000000e+00 0.000000000000000000e+00 1.730608269624121907e-14
2.412000000000000000e+03 0.000000000000000000e+00 0.000000000000000000e+00 1.729229781460567543e-14
2.413000000000000000e+03 0.000000000000000000e+00 0.000000000000000000e+00 1.727854602358244124e-14
2.414000000000000000e+03 0.000000000000000000e+00 0.000000000000000000e+00 1.726482754766207245e-14
2.415000000000000000e+03 0.000000000000000000e+00 0.000000000000000000e+00 1.725114270316959738e-14
2.416000000000000000e+03 0.000000000000000000e+00 0.000000000000000000e+00 1.723749171171868777e-14
2.417000000000000000e+03 0.000000000000000000e+00 0.000000000000000000e+00 1.722387489098763125e-14
2.418000000000000000e+03 0.000000000000000000e+00 0.000000000000000000e+00 1.721029245853271024e-14
2.419000000000000000e+03 0.000000000000000000e+00 0.000000000000000000e+00 1.719674472783672192e-14
2.420000000000000000e+03 0.000000000000000000e+00 0.000000000000000000e+00 1.718323191469702240e-14
2.421000000000000000e+03 0.000000000000000000e+00 0.000000000000000000e+00 1.716975433101879749e-14
2.422000000000000000e+03 0.000000000000000000e+00 0.000000000000000000e+00 1.715631219241464891e-14
2.423000000000000000e+03 0.000000000000000000e+00 0.000000000000000000e+00 1.714290580466261986e-14
2.424000000000000000e+03 0.000000000000000000e+00 0.000000000000000000e+00 1.712953538045039887e-14
2.425000000000000000e+03 0.000000000000000000e+00 0.000000000000000000e+00 1.711620122348199073e-14
2.426000000000000000e+03 0.000000000000000000e+00 0.000000000000000000e+00 1.710290354313508356e-14
2.427000000000000000e+03 0.000000000000000000e+00 0.000000000000000000e+00 1.708964263652214663e-14
2.428000000000000000e+03 0.000000000000000000e+00 0.000000000000000000e+00 1.707641870769711400e-14
2.429000000000000000e+03 0.000000000000000000e+00 0.000000000000000000e+00 1.706323205001914625e-14
2.430000000000000000e+03 0.000000000000000000e+00 0.000000000000000000e+00 1.705008286220918114e-14
2.431000000000000000e+03 0.000000000000000000e+00 0.000000000000000000e+00 1.703697142981005192e-14
2.432000000000000000e+03 0.000000000000000000e+00 0.000000000000000000e+00 1.702389794833197567e-14
2.433000000000000000e+03 0.000000000000000000e+00 0.000000000000000000e+00 1.701086269711497552e-14
2.434000000000000000e+03 0.000000000000000000e+00 0.000000000000000000e+00 1.699786586608860773e-14
2.435000000000000000e+03 0.000000000000000000e+00 0.000000000000000000e+00 1.698490773043984571e-14
2.436000000000000000e+03 0.000000000000000000e+00 0.000000000000000000e+00 1.697198847187213671e-14
2.437000000000000000e+03 0.000000000000000000e+00 0.000000000000000000e+00 1.695910836084940192e-14
2.438000000000000000e+03 0.000000000000000000e+00 0.000000000000000000e+00 1.694626757212216008e-14
2.439000000000000000e+03 0.000000000000000000e+00 0.000000000000000000e+00 1.693346637206620587e-14
2.440000000000000000e+03 0.000000000000000000e+00 0.000000000000000000e+00 1.692070492770850078e-14
2.441000000000000000e+03 0.000000000000000000e+00 0.000000000000000000e+00 1.690798349877363766e-14
2.442000000000000000e+03 0.000000000000000000e+00 0.000000000000000000e+00 1.689530224589952727e-14
2.443000000000000000e+03 0.000000000000000000e+00 0.000000000000000000e+00 1.688266141878320437e-14
2.444000000000000000e+03 0.000000000000000000e+00 0.000000000000000000e+00 1.687006117284497482e-14
2.445000000000000000e+03 0.000000000000000000e+00 0.000000000000000000e+00 1.685750175052800706e-14
2.446000000000000000e+03 0.000000000000000000e+00 0.000000000000000000e+00 1.684498329984527562e-14
2.447000000000000000e+03 0.000000000000000000e+00 0.000000000000000000e+00 1.683250605586386597e-14
2.448000000000000000e+03 0.000000000000000000e+00 0.000000000000000000e+00 1.682007015771862803e-14
2.449000000000000000e+03 0.000000000000000000e+00 0.000000000000000000e+00 1.680767582965579806e-14
2.450000000000000000e+03 0.000000000000000000e+00 0.000000000000000000e+00 1.679532320527598175e-14
2.451000000000000000e+03 0.000000000000000000e+00 0.000000000000000000e+00 1.678301250090196707e-14
2.452000000000000000e+03 0.000000000000000000e+00 0.000000000000000000e+00 1.677074384025142825e-14
2.453000000000000000e+03 0.000000000000000000e+00 0.000000000000000000e+00 1.675851743117980112e-14
2.454000000000000000e+03 0.000000000000000000e+00 0.000000000000000000e+00 1.674633339026119212e-14
2.455000000000000000e+03 0.000000000000000000e+00 0.000000000000000000e+00 1.673419191460673264e-14
2.456000000000000000e+03 0.000000000000000000e+00 0.000000000000000000e+00 1.672209311365879738e-14
2.457000000000000000e+03 0.000000000000000000e+00 0.000000000000000000e+00 1.671003717873834810e-14
2.458000000000000000e+03 0.000000000000000000e+00 0.000000000000000000e+00 1.669802420605953401e-14
2.459000000000000000e+03 0.000000000000000000e+00 0.000000000000000000e+00 1.668605438017262154e-14
2.460000000000000000e+03 0.000000000000000000e+00 0.000000000000000000e+00 1.667412778684556596e-14
2.461000000000000000e+03 0.000000000000000000e+00 0.000000000000000000e+00 1.666224460263891477e-14
2.462000000000000000e+03 0.000000000000000000e+00 0.000000000000000000e+00 1.665040490358179458e-14
2.463000000000000000e+03 0.000000000000000000e+00 0.000000000000000000e+00 1.663860885399989576e-14
2.464000000000000000e+03 0.000000000000000000e+00 0.000000000000000000e+00 1.662685652001573185e-14
2.465000000000000000e+03 0.000000000000000000e+00 0.000000000000000000e+00 1.661514805816744354e-14
2.466000000000000000e+03 0.000000000000000000e+00 0.000000000000000000e+00 1.660348352088649735e-14
2.467000000000000000e+03 0.000000000000000000e+00 0.000000000000000000e+00 1.659186305305415311e-14
2.468000000000000000e+03 0.000000000000000000e+00 0.000000000000000000e+00 1.658028669876785535e-14
2.469000000000000000e+03 0.000000000000000000e+00 0.000000000000000000e+00 1.656875459153774317e-14
2.470000000000000000e+03 0.000000000000000000e+00 0.000000000000000000e+00 1.655726676749430554e-14
2.471000000000000000e+03 0.000000000000000000e+00 0.000000000000000000e+00 1.654582334796507542e-14
2.472000000000000000e+03 0.000000000000000000e+00 0.000000000000000000e+00 1.653442435922653626e-14
2.473000000000000000e+03 0.000000000000000000e+00 0.000000000000000000e+00 1.652306991146971069e-14
2.474000000000000000e+03 0.000000000000000000e+00 0.000000000000000000e+00 1.651176002203214268e-14
2.475000000000000000e+03 0.000000000000000000e+00 0.000000000000000000e+00 1.650049479037127261e-14
2.476000000000000000e+03 0.000000000000000000e+00 0.000000000000000000e+00 1.648927422091487577e-14
2.477000000000000000e+03 0.000000000000000000e+00 0.000000000000000000e+00 1.647809840383755702e-14
2.478000000000000000e+03 0.000000000000000000e+00 0.000000000000000000e+00 1.646696733249732844e-14
2.479000000000000000e+03 0.000000000000000000e+00 0.000000000000000000e+00 1.645588108522868692e-14
2.480000000000000000e+03 0.000000000000000000e+00 0.000000000000000000e+00 1.644483964268293494e-14
2.481000000000000000e+03 0.000000000000000000e+00 0.000000000000000000e+00 1.643384307152671078e-14
2.482000000000000000e+03 0.000000000000000000e+00 0.000000000000000000e+00 1.642289134230981419e-14
2.483000000000000000e+03 0.000000000000000000e+00 0.000000000000000000e+00 1.641198451021576024e-14
2.484000000000000000e+03 0.000000000000000000e+00 0.000000000000000000e+00 1.640112253403890127e-14
2.485000000000000000e+03 0.000000000000000000e+00 0.000000000000000000e+00 1.639030545875334291e-14
2.486000000000000000e+03 0.000000000000000000e+00 0.000000000000000000e+00 1.637953323229848109e-14
2.487000000000000000e+03 0.000000000000000000e+00 0.000000000000000000e+00 1.636880588579719146e-14
2.488000000000000000e+03 0.000000000000000000e+00 0.000000000000000000e+00 1.635812335788525900e-14
2.489000000000000000e+03 0.000000000000000000e+00 0.000000000000000000e+00 1.634748566782348948e-14
2.490000000000000000e+03 0.000000000000000000e+00 0.000000000000000000e+00 1.633689273771870320e-14
2.491000000000000000e+03 0.000000000000000000e+00 0.000000000000000000e+00 1.632634457676961787e-14
2.492000000000000000e+03 0.000000000000000000e+00 0.000000000000000000e+00 1.631584109256792475e-14
2.493000000000000000e+03 0.000000000000000000e+00 0.000000000000000000e+00 1.630538227775411644e-14
2.494000000000000000e+03 0.000000000000000000e+00 0.000000000000000000e+00 1.629496802716389926e-14
2.495000000000000000e+03 0.000000000000000000e+00 0.000000000000000000e+00 1.628459832078549395e-14
2.496000000000000000e+03 0.000000000000000000e+00 0.000000000000000000e+00 1.627427304050170639e-14
2.497000000000000000e+03 0.000000000000000000e+00 0.000000000000000000e+00 1.626399215166977620e-14
2.498000000000000000e+03 0.000000000000000000e+00 0.000000000000000000e+00 1.625375552680224906e-14
2.499000000000000000e+03 0.000000000000000000e+00 0.000000000000000000e+00 1.624356311899281814e-14
2.500000000000000000e+03 0.000000000000000000e+00 0.000000000000000000e+00 1.623341478638706080e-14
2.501000000000000000e+03 0.000000000000000000e+00 0.000000000000000000e+00 1.622331047281309500e-14
2.502000000000000000e+03 0.000000000000000000e+00 0.000000000000000000e+00 1.621325002411749077e-14
2.503000000000000000e+03 0.000000000000000000e+00 0.000000000000000000e+00 1.620323337035406897e-14
2.504000000000000000e+03 0.000000000000000000e+00 0.000000000000000000e+00 1.619326034566868653e-14
2.505000000000000000e+03 0.000000000000000000e+00 0.000000000000000000e+00 1.618333086657573316e-14
2.506000000000000000e+03 0.000000000000000000e+00 0.000000000000000000e+00 1.617344475587120961e-14
2.507000000000000000e+03 0.000000000000000000e+00 0.000000000000000000e+00 1.616360191775692987e-14
2.508000000000000000e+03 0.000000000000000000e+00 0.000000000000000000e+00 1.615380216301890395e-14
2.509000000000000000e+03 0.000000000000000000e+00 0.000000000000000000e+00 1.614404538145561418e-14
2.510000000000000000e+03 0.000000000000000000e+00 0.000000000000000000e+00 1.613433137250029559e-14
2.511000000000000000e+03 0.000000000000000000e+00 0.000000000000000000e+00 1.612466001630079968e-14
2.512000000000000000e+03 0.000000000000000000e+00 0.000000000000000000e+00 1.611503110666918479e-14
2.513000000000000000e+03 0.000000000000000000e+00 0.000000000000000000e+00 1.610544449096964104e-14
2.514000000000000000e+03 0.000000000000000000e+00 0.000000000000000000e+00 1.609589995939915177e-14
2.515000000000000000e+03 0.000000000000000000e+00 0.000000000000000000e+00 1.608639737166697760e-14
2.516000000000000000e+03 0.000000000000000000e+00 0.000000000000000000e+00 1.607693647600910725e-14
2.517000000000000000e+03 0.000000000000000000e+00 0.000000000000000000e+00 1.606751713357788036e-14
2.518000000000000000e+03 0.000000000000000000e+00 0.000000000000000000e+00 1.605813907175628090e-14
2.519000000000000000e+03 0.000000000000000000e+00 0.000000000000000000e+00 1.604880215302326642e-14
2.520000000000000000e+03 0.000000000000000000e+00 0.000000000000000000e+00 1.603950610975385262e-14
2.521000000000000000e+03 0.000000000000000000e+00 0.000000000000000000e+00 1.603025076550923848e-14
2.522000000000000000e+03 0.000000000000000000e+00 0.000000000000000000e+00 1.602103585161858053e-14
2.523000000000000000e+03 0.000000000000000000e+00 0.000000000000000000e+00 1.601186117351717777e-14
2.524000000000000000e+03 0.000000000000000000e+00 0.000000000000000000e+00 1.600272646106832223e-14
2.525000000000000000e+03 0.000000000000000000e+00 0.000000000000000000e+00 1.599363150723828084e-14
2.526000000000000000e+03 0.000000000000000000e+00 0.000000000000000000e+00 1.598457602015631262e-14
2.527000000000000000e+03 0.000000000000000000e+00 0.000000000000000000e+00 1.597555980416427330e-14
2.528000000000000000e+03 0.000000000000000000e+00 0.000000000000000000e+00 1.596658253668782583e-14
2.529000000000000000e+03 0.000000000000000000e+00 0.000000000000000000e+00 1.595764402507088346e-14
2.530000000000000000e+03 0.000000000000000000e+00 0.000000000000000000e+00 1.594874392957941543e-14
2.531000000000000000e+03 0.000000000000000000e+00 0.000000000000000000e+00 1.593988202009201137e-14
2.532000000000000000e+03 0.000000000000000000e+00 0.000000000000000000e+00 1.593105798320376306e-14
2.533000000000000000e+03 0.000000000000000000e+00 0.000000000000000000e+00 1.592227157127506072e-14
2.534000000000000000e+03 0.000000000000000000e+00 0.000000000000000000e+00 1.591352244096179681e-14
2.535000000000000000e+03 0.000000000000000000e+00 0.000000000000000000e+00 1.590481035178871106e-14
2.536000000000000000e+03 0.000000000000000000e+00 0.000000000000000000e+00 1.589613494737824653e-14
2.537000000000000000e+03 0.000000000000000000e+00 0.000000000000000000e+00 1.588749598642799073e-14
2.538000000000000000e+03 0.000000000000000000e+00 0.000000000000000000e+00 1.587889310407729837e-14
2.539000000000000000e+03 0.000000000000000000e+00 0.000000000000000000e+00 1.587032603854045980e-14
2.540000000000000000e+03 0.000000000000000000e+00 0.000000000000000000e+00 1.586179441787571130e-14
2.541000000000000000e+03 0.000000000000000000e+00 0.000000000000000000e+00 1.585329797018357211e-14
2.542000000000000000e+03 0.000000000000000000e+00 0.000000000000000000e+00 1.584483631714237542e-14
2.543000000000000000e+03 0.000000000000000000e+00 0.000000000000000000e+00 1.583640917975033326e-14
2.544000000000000000e+03 0.000000000000000000e+00 0.000000000000000000e+00 1.582801617556641975e-14
2.545000000000000000e+03 0.000000000000000000e+00 0.000000000000000000e+00 1.581965699964981609e-14
2.546000000000000000e+03 0.000000000000000000e+00 0.000000000000000000e+00 1.581133126576126050e-14
2.547000000000000000e+03 0.000000000000000000e+00 0.000000000000000000e+00 1.580303867424882688e-14
2.548000000000000000e+03 0.000000000000000000e+00 0.000000000000000000e+00 1.579477883508789810e-14
2.549000000000000000e+03 0.000000000000000000e+00 0.000000000000000000e+00 1.578655144706009433e-14
2.550000000000000000e+03 0.000000000000000000e+00 0.000000000000000000e+00 1.577835609874438527e-14
2.551000000000000000e+03 0.000000000000000000e+00 0.000000000000000000e+00 1.577019246741959528e-14
2.552000000000000000e+03 0.000000000000000000e+00 0.000000000000000000e+00 1.576206014896744769e-14
2.553000000000000000e+03 0.000000000000000000e+00 0.000000000000000000e+00 1.575395882781338596e-14
2.554000000000000000e+03 0.000000000000000000e+00 0.000000000000000000e+00 1.574588808148740149e-14
2.555000000000000000e+03 0.000000000000000000e+00 0.000000000000000000e+00 1.573784757597895861e-14
2.556000000000000000e+03 0.000000000000000000e+00 0.000000000000000000e+00 1.572983689731166990e-14
2.557000000000000000e+03 0.000000000000000000e+00 0.000000000000000000e+00 1.572185570153577514e-14
2.558000000000000000e+03 0.000000000000000000e+00 0.000000000000000000e+00 1.571390355755437436e-14
2.559000000000000000e+03 0.000000000000000000e+00 0.000000000000000000e+00 1.570598013226699025e-14
2.560000000000000000e+03 0.000000000000000000e+00 0.000000000000000000e+00 1.569808498519604019e-14
2.561000000000000000e+03 0.000000000000000000e+00 0.000000000000000000e+00 1.569021776679770513e-14
2.562000000000000000e+03 0.000000000000000000e+00 0.000000000000000000e+00 1.568237802951601352e-14
2.563000000000000000e+03 0.000000000000000000e+00 0.000000000000000000e+00 1.567456543344019820e-14
2.564000000000000000e+03 0.000000000000000000e+00 0.000000000000000000e+00 1.566677954348371411e-14
2.565000000000000000e+03 0.000000000000000000e+00 0.000000000000000000e+00 1.565902000408468014e-14
2.566000000000000000e+03 0.000000000000000000e+00 0.000000000000000000e+00 1.565128636456940760e-14
2.567000000000000000e+03 0.000000000000000000e+00 0.000000000000000000e+00 1.564357827881071921e-14
2.568000000000000000e+03 0.000000000000000000e+00 0.000000000000000000e+00 1.563589528904339806e-14
2.569000000000000000e+03 0.000000000000000000e+00 0.000000000000000000e+00 1.562823705098782015e-14
2.570000000000000000e+03 0.000000000000000000e+00 0.000000000000000000e+00 1.562060310018123851e-14
2.571000000000000000e+03 0.000000000000000000e+00 0.000000000000000000e+00 1.561299309306339770e-14
2.572000000000000000e+03 0.000000000000000000e+00 0.000000000000000000e+00 1.560540655969305690e-14
2.573000000000000000e+03 0.000000000000000000e+00 0.000000000000000000e+00 1.559784315617762307e-14
2.574000000000000000e+03 0.000000000000000000e+00 0.000000000000000000e+00 1.559030242483643885e-14
2.575000000000000000e+03 0.000000000000000000e+00 0.000000000000000000e+00 1.558278402080187279e-14
2.576000000000000000e+03 0.000000000000000000e+00 0.000000000000000000e+00 1.557528747170227937e-14
2.577000000000000000e+03 0.000000000000000000e+00 0.000000000000000000e+00 1.556781243126440321e-14
2.578000000000000000e+03 0.000000000000000000e+00 0.000000000000000000e+00 1.556035843744524612e-14
2.579000000000000000e+03 0.000000000000000000e+00 0.000000000000000000e+00 1.555292512468112365e-14
2.580000000000000000e+03 0.000000000000000000e+00 0.000000000000000000e+00 1.554551205083172373e-14
2.581000000000000000e+03 0.000000000000000000e+00 0.000000000000000000e+00 1.553811885707390698e-14
2.582000000000000000e+03 0.000000000000000000e+00 0.000000000000000000e+00 1.553074509286611574e-14
2.583000000000000000e+03 0.000000000000000000e+00 0.000000000000000000e+00 1.552339039867527369e-14
2.584000000000000000e+03 0.000000000000000000e+00 0.000000000000000000e+00 1.551605432121251724e-14
2.585000000000000000e+03 0.000000000000000000e+00 0.000000000000000000e+00 1.550873651701840424e-14
2.586000000000000000e+03 0.000000000000000000e+00 0.000000000000000000e+00 1.550143652989345835e-14
2.587000000000000000e+03 0.000000000000000000e+00 0.000000000000000000e+00 1.549415402276375407e-14
2.588000000000000000e+03 0.000000000000000000e+00 0.000000000000000000e+00 1.548688853616605451e-14
2.589000000000000000e+03 0.000000000000000000e+00 0.000000000000000000e+00 1.547963973613901424e-14
2.590000000000000000e+03 0.000000000000000000e+00 0.000000000000000000e+00 1.547240716002933756e-14
2.591000000000000000e+03 0.000000000000000000e+00 0.000000000000000000e+00 1.546519047574156856e-14
2.592000000000000000e+03 0.000000000000000000e+00 0.000000000000000000e+00 1.545798921671466284e-14
2.593000000000000000e+03 0.000000000000000000e+00 0.000000000000000000e+00 1.545080306890106506e-14
2.594000000000000000e+03 0.000000000000000000e+00 0.000000000000000000e+00 1.544363156127627062e-14
2.595000000000000000e+03 0.000000000000000000e+00 0.000000000000000000e+00 1.543647438831371570e-14
2.596000000000000000e+03 0.000000000000000000e+00 0.000000000000000000e+00 1.542933109165711829e-14
2.597000000000000000e+03 0.000000000000000000e+00 0.000000000000000000e+00 1.542220135327258175e-14
2.598000000000000000e+03 0.000000000000000000e+00 0.000000000000000000e+00 1.541508471915280160e-14
2.599000000000000000e+03 0.000000000000000000e+00 0.000000000000000000e+00 1.540798088323644208e-14
2.600000000000000000e+03 0.000000000000000000e+00 0.000000000000000000e+00 1.540088940963342441e-14
2.601000000000000000e+03 0.000000000000000000e+00 0.000000000000000000e+00 1.539380997871544096e-14
2.602000000000000000e+03 0.000000000000000000e+00 0.000000000000000000e+00 1.538674218038842962e-14
2.603000000000000000e+03 0.000000000000000000e+00 0.000000000000000000e+00 1.537968568796788921e-14
2.604000000000000000e+03 0.000000000000000000e+00 0.000000000000000000e+00 1.537264010465031890e-14
2.605000000000000000e+03 0.000000000000000000e+00 0.000000000000000000e+00 1.536560509755972596e-14
2.606000000000000000e+03 0.000000000000000000e+00 0.000000000000000000e+00 1.535858027931018880e-14
2.607000000000000000e+03 0.000000000000000000e+00 0.000000000000000000e+00 1.535156534500844431e-14
2.608000000000000000e+03 0.000000000000000000e+00 0.000000000000000000e+00 1.534455989639040938e-14
2.609000000000000000e+03 0.000000000000000000e+00 0.000000000000000000e+00 1.533756362222578448e-14
2.610000000000000000e+03 0.000000000000000000e+00 0.000000000000000000e+00 1.533057615418049720e-14
2.611000000000000000e+03 0.000000000000000000e+00 0.000000000000000000e+00 1.532359719618275618e-14
2.612000000000000000e+03 0.000000000000000000e+00 0.000000000000000000e+00 1.531662637596778129e-14
2.613000000000000000e+03 0.000000000000000000e+00 0.000000000000000000e+00 1.530966342040297593e-14
2.614000000000000000e+03 0.000000000000000000e+00 0.000000000000000000e+00 1.530270795746549414e-14
2.615000000000000000e+03 0.000000000000000000e+00 0.000000000000000000e+00 1.529575972481604782e-14
2.616000000000000000e+03 0.000000000000000000e+00 0.000000000000000000e+00 1.528881835026523723e-14
2.617000000000000000e+03 0.000000000000000000e+00 0.000000000000000000e+00 1.528188357850478425e-14
2.618000000000000000e+03 0.000000000000000000e+00 0.000000000000000000e+00 1.527495507047001291e-14
2.619000000000000000e+03 0.000000000000000000e+00 0.000000000000000000e+00 1.526803257495621433e-14
2.620000000000000000e+03 0.000000000000000000e+00 0.000000000000000000e+00 1.526111575045666423e-14
2.621000000000000000e+03 0.000000000000000000e+00 0.000000000000000000e+00 1.525420434879294821e-14
2.622000000000000000e+03 0.000000000000000000e+00 0.000000000000000000e+00 1.524729806309108384e-14
2.623000000000000000e+03 0.000000000000000000e+00 0.000000000000000000e+00 1.524039664649649469e-14
2.624000000000000000e+03 0.000000000000000000e+00 0.000000000000000000e+00 1.523349979269263901e-14
2.625000000000000000e+03 0.000000000000000000e+00 0.000000000000000000e+00 1.522660727174713958e-14
2.626000000000000000e+03 0.000000000000000000e+00 0.000000000000000000e+00 1.521971879732559799e-14
2.627000000000000000e+03 0.000000000000000000e+00 0.000000000000000000e+00 1.521283416359212228e-14
2.628000000000000000e+03 0.000000000000000000e+00 0.000000000000000000e+00 1.520595307853796814e-14
2.629000000000000000e+03 0.000000000000000000e+00 0.000000000000000000e+00 1.519907534828612879e-14
2.630000000000000000e+03 0.000000000000000000e+00 0.000000000000000000e+00 1.519220069643374691e-14
2.631000000000000000e+03 0.000000000000000000e+00 0.000000000000000000e+00 1.518532895437690911e-14
2.632000000000000000e+03 0.000000000000000000e+00 0.000000000000000000e+00 1.517845983578908983e-14
2.633000000000000000e+03 0.000000000000000000e+00 0.000000000000000000e+00 1.517159320230521594e-14
2.634000000000000000e+03 0.000000000000000000e+00 0.000000000000000000e+00 1.516472878122825251e-14
2.635000000000000000e+03 0.000000000000000000e+00 0.000000000000000000e+00 1.515786643454573146e-14
2.636000000000000000e+03 0.000000000000000000e+00 0.000000000000000000e+00 1.515100592743035580e-14
2.637000000000000000e+03 0.000000000000000000e+00 0.000000000000000000e+00 1.514414711021919160e-14
2.638000000000000000e+03 0.000000000000000000e+00 0.000000000000000000e+00 1.513728976680014936e-14
2.639000000000000000e+03 0.000000000000000000e+00 0.000000000000000000e+00 1.513043377580905823e-14
2.640000000000000000e+03 0.000000000000000000e+00 0.000000000000000000e+00 1.512357891749256983e-14
2.641000000000000000e+03 0.000000000000000000e+00 0.000000000000000000e+00 1.511672509965426031e-14
2.642000000000000000e+03 0.000000000000000000e+00 0.000000000000000000e+00 1.510987211980109892e-14
2.643000000000000000e+03 0.000000000000000000e+00 0.000000000000000000e+00 1.510301988627619536e-14
2.644000000000000000e+03 0.000000000000000000e+00 0.000000000000000000e+00 1.509616820588183413e-14
2.645000000000000000e+03 0.000000000000000000e+00 0.000000000000000000e+00 1.508931700642108339e-14
2.646000000000000000e+03 0.000000000000000000e+00 0.000000000000000000e+00 1.508246611724792130e-14
2.647000000000000000e+03 0.000000000000000000e+00 0.000000000000000000e+00 1.507561547776306602e-14
2.648000000000000000e+03 0.000000000000000000e+00 0.000000000000000000e+00 1.506876494498838781e-14
2.649000000000000000e+03 0.000000000000000000e+00 0.000000000000000000e+00 1.506191446024288103e-14
2.650000000000000000e+03 0.000000000000000000e+00 0.000000000000000000e+00 1.505506389347988143e-14
2.651000000000000000e+03 0.000000000000000000e+00 0.000000000000000000e+00 1.504821320577788809e-14
2.652000000000000000e+03 0.000000000000000000e+00 0.000000000000000000e+00 1.504136227894298862e-14
2.653000000000000000e+03 0.000000000000000000e+00 0.000000000000000000e+00 1.503451108909978075e-14
2.654000000000000000e+03 0.000000000000000000e+00 0.000000000000000000e+00 1.502765953364926760e-14
2.655000000000000000e+03 0.000000000000000000e+00 0.000000000000000000e+00 1.502080760253452653e-14
2.656000000000000000e+03 0.000000000000000000e+00 0.000000000000000000e+00 1.501395520745766538e-14
2.657000000000000000e+03 0.000000000000000000e+00 0.000000000000000000e+00 1.500710235408708836e-14
2.658000000000000000e+03 0.000000000000000000e+00 0.000000000000000000e+00 1.500024897005355116e-14
2.659000000000000000e+03 0.000000000000000000e+00 0.000000000000000000e+00 1.499339507603283303e-14
2.660000000000000000e+03 0.000000000000000000e+00 0.000000000000000000e+00 1.498654061465632786e-14
2.661000000000000000e+03 0.000000000000000000e+00 0.000000000000000000e+00 1.497968562308241665e-14
2.662000000000000000e+03 0.000000000000000000e+00 0.000000000000000000e+00 1.497283006028504697e-14
2.663000000000000000e+03 0.000000000000000000e+00 0.000000000000000000e+00 1.496597397856477859e-14
2.664000000000000000e+03 0.000000000000000000e+00 0.000000000000000000e+00 1.495911735112595032e-14
2.665000000000000000e+03 0.000000000000000000e+00 0.000000000000000000e+00 1.495226024820282071e-14
2.666000000000000000e+03 0.000000000000000000e+00 0.000000000000000000e+00 1.494540265790473471e-14
2.667000000000000000e+03 0.000000000000000000e+00 0.000000000000000000e+00 1.493854466654493982e-14
2.668000000000000000e+03 0.000000000000000000e+00 0.000000000000000000e+00 1.493168627688465116e-14
2.669000000000000000e+03 0.000000000000000000e+00 0.000000000000000000e+00 1.492482758965666054e-14
2.670000000000000000e+03 0.000000000000000000e+00 0.000000000000000000e+00 1.491796862574157654e-14
2.671000000000000000e+03 0.000000000000000000e+00 0.000000000000000000e+00 1.491110949850740764e-14
2.672000000000000000e+03 0.000000000000000000e+00 0.000000000000000000e+00 1.490425024393738771e-14
2.673000000000000000e+03 0.000000000000000000e+00 0.000000000000000000e+00 1.489739099258892424e-14
2.674000000000000000e+03 0.000000000000000000e+00 0.000000000000000000e+00 1.489053179448817745e-14
2.675000000000000000e+03 0.000000000000000000e+00 0.000000000000000000e+00 1.488367279423575886e-14
2.676000000000000000e+03 0.000000000000000000e+00 0.000000000000000000e+00 1.487681405790099703e-14
2.677000000000000000e+03 0.000000000000000000e+00 0.000000000000000000e+00 1.486995574538865749e-14
2.678000000000000000e+03 0.000000000000000000e+00 0.000000000000000000e+00 1.486309793655080040e-14
2.679000000000000000e+03 0.000000000000000000e+00 0.000000000000000000e+00 1.485624080662586761e-14
2.680000000000000000e+03 0.000000000000000000e+00 0.000000000000000000e+00 1.484938444915689376e-14
2.681000000000000000e+03 0.000000000000000000e+00 0.000000000000000000e+00 1.484252905481542191e-14
2.682000000000000000e+03 0.000000000000000000e+00 0.000000000000000000e+00 1.483567473330261102e-14
2.683000000000000000e+03 0.000000000000000000e+00 0.000000000000000000e+00 1.482882168730351636e-14
2.684000000000000000e+03 0.000000000000000000e+00 0.000000000000000000e+00 1.482197004113809172e-14
2.685000000000000000e+03 0.000000000000000000e+00 0.000000000000000000e+00 1.481512001101090318e-14
2.686000000000000000e+03 0.000000000000000000e+00 0.000000000000000000e+00 1.480827173492588652e-14
2.687000000000000000e+03 0.000000000000000000e+00 0.000000000000000000e+00 1.480142544184877720e-14
2.688000000000000000e+03 0.000000000000000000e+00 0.000000000000000000e+00 1.479458128259584271e-14
2.689000000000000000e+03 0.000000000000000000e+00 0.000000000000000000e+00 1.478773949898527801e-14
2.690000000000000000e+03 0.000000000000000000e+00 0.000000000000000000e+00 1.478090025406718222e-14
2.691000000000000000e+03 0.000000000000000000e+00 0.000000000000000000e+00 1.477406380209105590e-14
2.692000000000000000e+03 0.000000000000000000e+00 0.000000000000000000e+00 1.476723032027286372e-14
2.693000000000000000e+03 0.000000000000000000e+00 0.000000000000000000e+00 1.476040007395491686e-14
2.694000000000000000e+03 0.000000000000000000e+00 0.000000000000000000e+00 1.475357325192693382e-14
2.695000000000000000e+03 0.000000000000000000e+00 0.000000000000000000e+00 1.474675013291448451e-14
2.696000000000000000e+03 0.000000000000000000e+00 0.000000000000000000e+00 1.473993091811755573e-14
2.697000000000000000e+03 0.000000000000000000e+00 0.000000000000000000e+00 1.473311589567453822e-14
2.698000000000000000e+03 0.000000000000000000e+00 0.000000000000000000e+00 1.472630528131356713e-14
2.699000000000000000e+03 0.000000000000000000e+00 0.000000000000000000e+00 1.471949937385349991e-14
2.700000000000000000e+03 0.000000000000000000e+00 0.000000000000000000e+00 1.471269839729605118e-14
2.701000000000000000e+03 0.000000000000000000e+00 0.000000000000000000e+00 1.470590266266315390e-14
2.702000000000000000e+03 0.000000000000000000e+00 0.000000000000000000e+00 1.469911240440567328e-14
2.703000000000000000e+03 0.000000000000000000e+00 0.000000000000000000e+00 1.469232794373754944e-14
2.704000000000000000e+03 0.000000000000000000e+00 0.000000000000000000e+00 1.468554952350053384e-14
2.705000000000000000e+03 0.000000000000000000e+00 0.000000000000000000e+00 1.467877747625492025e-14
2.706000000000000000e+03 0.000000000000000000e+00 0.000000000000000000e+00 1.467201205414389065e-14
2.707000000000000000e+03 0.000000000000000000e+00 0.000000000000000000e+00 1.466525360000135838e-14
2.708000000000000000e+03 0.000000000000000000e+00 0.000000000000000000e+00 1.465850237396745032e-14
2.709000000000000000e+03 0.000000000000000000e+00 0.000000000000000000e+00 1.465175872828851568e-14
2.710000000000000000e+03 0.000000000000000000e+00 0.000000000000000000e+00 1.464502293342673382e-14
2.711000000000000000e+03 0.000000000000000000e+00 0.000000000000000000e+00 1.463829534885653714e-14
2.712000000000000000e+03 0.000000000000000000e+00 0.000000000000000000e+00 1.463157625251180736e-14
2.713000000000000000e+03 0.000000000000000000e+00 0.000000000000000000e+00 1.462486601351067840e-14
2.714000000000000000e+03 0.000000000000000000e+00 0.000000000000000000e+00 1.461816491691228874e-14
2.715000000000000000e+03 0.000000000000000000e+00 0.000000000000000000e+00 1.461147333606192447e-14
2.716000000000000000e+03 0.000000000000000000e+00 0.000000000000000000e+00 1.460479156420202315e-14
2.717000000000000000e+03 0.000000000000000000e+00 0.000000000000000000e+00 1.459811998014660176e-14
2.718000000000000000e+03 0.000000000000000000e+00 0.000000000000000000e+00 1.459145888384319786e-14
2.719000000000000000e+03 0.000000000000000000e+00 0.000000000000000000e+00 1.458480865923473381e-14
2.720000000000000000e+03 0.000000000000000000e+00 0.000000000000000000e+00 1.457816961126501031e-14
2.721000000000000000e+03 0.000000000000000000e+00 0.000000000000000000e+00 1.457154212994336583e-14
2.722000000000000000e+03 0.000000000000000000e+00 0.000000000000000000e+00 1.456492652488473996e-14
2.723000000000000000e+03 0.000000000000000000e+00 0.000000000000000000e+00 1.455832319210302161e-14
2.724000000000000000e+03 0.000000000000000000e+00 0.000000000000000000e+00 1.455173244523933867e-14
2.725000000000000000e+03 0.000000000000000000e+00 0.000000000000000000e+00 1.454515468368471884e-14
2.726000000000000000e+03 0.000000000000000000e+00 0.000000000000000000e+00 1.453859022651491369e-14
2.727000000000000000e+03 0.000000000000000000e+00 0.000000000000000000e+00 1.453203947746786167e-14
2.728000000000000000e+03 0.000000000000000000e+00 0.000000000000000000e+00 1.452550276512403749e-14
2.729000000000000000e+03 0.000000000000000000e+00 0.000000000000000000e+00 1.451898048804110358e-14
2.730000000000000000e+03 0.000000000000000000e+00 0.000000000000000000e+00 1.451247296868267564e-14
2.731000000000000000e+03 0.000000000000000000e+00 0.000000000000000000e+00 1.450598062133968518e-14
2.732000000000000000e+03 0.000000000000000000e+00 0.000000000000000000e+00 1.449950376856860316e-14
2.733000000000000000e+03 0.000000000000000000e+00 0.000000000000000000e+00 1.449304281970644081e-14
2.734000000000000000e+03 0.000000000000000000e+00 0.000000000000000000e+00 1.448659809928350319e-14
2.735000000000000000e+03 0.000000000000000000e+00 0.000000000000000000e+00 1.448017001745142981e-14
2.736000000000000000e+03 0.000000000000000000e+00 0.000000000000000000e+00 1.447375891596741773e-14
2.737000000000000000e+03 0.000000000000000000e+00 0.000000000000000000e+00 1.446736519271898889e-14
2.738000000000000000e+03 0.000000000000000000e+00 0.000000000000000000e+00 1.446098918501103466e-14
2.739000000000000000e+03 0.000000000000000000e+00 0.000000000000000000e+00 1.445463128717276523e-14
2.740000000000000000e+03 0.000000000000000000e+00 0.000000000000000000e+00 1.444829183878223779e-14
2.741000000000000000e+03 0.000000000000000000e+00 0.000000000000000000e+00 1.444197124630669488e-14
2.742000000000000000e+03 0.000000000000000000e+00 0.000000000000000000e+00 1.443566982402984838e-14
2.743000000000000000e+03 0.000000000000000000e+00 0.000000000000000000e+00 1.442938800013912462e-14
2.744000000000000000e+03 0.000000000000000000e+00 0.000000000000000000e+00 1.442312607853005439e-14
2.745000000000000000e+03 0.000000000000000000e+00 0.000000000000000000e+00 1.441688447252871973e-14
2.746000000000000000e+03 0.000000000000000000e+00 0.000000000000000000e+00 1.441066349461755384e-14
2.747000000000000000e+03 0.000000000000000000e+00 0.000000000000000000e+00 1.440446355478860650e-14
2.748000000000000000e+03 0.000000000000000000e+00 0.000000000000000000e+00 1.439828496912007460e-14
2.749000000000000000e+03 0.000000000000000000e+00 0.000000000000000000e+00 1.439212813377855161e-14
2.750000000000000000e+03 0.000000000000000000e+00 0.000000000000000000e+00 1.438599336819950020e-14
2.751000000000000000e+03 0.000000000000000000e+00 0.000000000000000000e+00 1.437988106238880047e-14
2.752000000000000000e+03 0.000000000000000000e+00 0.000000000000000000e+00 1.437379151183894534e-14
2.753000000000000000e+03 0.000000000000000000e+00 0.000000000000000000e+00 1.436772511799470508e-14
2.754000000000000000e+03 0.000000000000000000e+00 0.000000000000000000e+00 1.436168216605554391e-14
2.755000000000000000e+03 0.000000000000000000e+00 0.000000000000000000e+00 1.435566304991531863e-14
2.756000000000000000e+03 0.000000000000000000e+00 0.000000000000000000e+00 1.434966804930345306e-14
2.757000000000000000e+03 0.000000000000000000e+00 0.000000000000000000e+00 1.434369755728057439e-14
2.758000000000000000e+03 0.000000000000000000e+00 0.000000000000000000e+00 1.433775185026784153e-14
2.759000000000000000e+03 0.000000000000000000e+00 0.000000000000000000e+00 1.433183130826132589e-14
2.760000000000000000e+03 0.000000000000000000e+00 0.000000000000000000e+00 1.432593619251112267e-14
2.761000000000000000e+03 0.000000000000000000e+00 0.000000000000000000e+00 1.432006687814688662e-14
2.762000000000000000e+03 0.000000000000000000e+00 0.000000000000000000e+00 1.431422363389165856e-14
2.763000000000000000e+03 0.000000000000000000e+00 0.000000000000000000e+00 1.430840681884997717e-14
2.764000000000000000e+03 0.000000000000000000e+00 0.000000000000000000e+00 1.430261669045638787e-14
2.765000000000000000e+03 0.000000000000000000e+00 0.000000000000000000e+00 1.429685360121182103e-14
2.766000000000000000e+03 0.000000000000000000e+00 0.000000000000000000e+00 1.429111780434699809e-14
2.767000000000000000e+03 0.000000000000000000e+00 0.000000000000000000e+00 1.428540963466793256e-14
2.768000000000000000e+03 0.000000000000000000e+00 0.000000000000000000e+00 1.427972934420524861e-14
2.769000000000000000e+03 0.000000000000000000e+00 0.000000000000000000e+00 1.427407724556667578e-14
2.770000000000000000e+03 0.000000000000000000e+00 0.000000000000000000e+00 1.426845359028488716e-14
2.771000000000000000e+03 0.000000000000000000e+00 0.000000000000000000e+00 1.426285869264288779e-14
2.772000000000000000e+03 0.000000000000000000e+00 0.000000000000000000e+00 1.425729277844383192e-14
2.773000000000000000e+03 0.000000000000000000e+00 0.000000000000000000e+00 1.425175614669476449e-14
2.774000000000000000e+03 0.000000000000000000e+00 0.000000000000000000e+00 1.424624902578904243e-14
2.775000000000000000e+03 0.000000000000000000e+00 0.000000000000000000e+00 1.424077170733834796e-14
2.776000000000000000e+03 0.000000000000000000e+00 0.000000000000000000e+00 1.423532440592172357e-14
2.777000000000000000e+03 0.000000000000000000e+00 0.000000000000000000e+00 1.422990739466159899e-14
2.778000000000000000e+03 0.000000000000000000e+00 0.000000000000000000e+00 1.422452088227984439e-14
2.779000000000000000e+03 0.000000000000000000e+00 0.000000000000000000e+00 1.421916511887611023e-14
2.780000000000000000e+03 0.000000000000000000e+00 0.000000000000000000e+00 1.421384030970443096e-14
2.781000000000000000e+03 0.000000000000000000e+00 0.000000000000000000e+00 1.420854667854722736e-14
2.782000000000000000e+03 0.000000000000000000e+00 0.000000000000000000e+00 1.420328442922509791e-14
2.783000000000000000e+03 0.000000000000000000e+00 0.000000000000000000e+00 1.419805376955051391e-14
2.784000000000000000e+03 0.000000000000000000e+00 0.000000000000000000e+00 1.419285487666531079e-14
2.785000000000000000e+03 0.000000000000000000e+00 0.000000000000000000e+00 1.418768796024799615e-14
2.786000000000000000e+03 0.000000000000000000e+00 0.000000000000000000e+00 1.418255318555547434e-14
2.787000000000000000e+03 0.000000000000000000e+00 0.000000000000000000e+00 1.417745073355033706e-14
2.788000000000000000e+03 0.000000000000000000e+00 0.000000000000000000e+00 1.417238076174138522e-14
2.789000000000000000e+03 0.000000000000000000e+00 0.000000000000000000e+00 1.416734344963798990e-14
2.790000000000000000e+03 0.000000000000000000e+00 0.000000000000000000e+00 1.416233892363122288e-14
2.791000000000000000e+03 0.000000000000000000e+00 0.000000000000000000e+00 1.415736735901886097e-14
2.792000000000000000e+03 0.000000000000000000e+00 0.000000000000000000e+00 1.415242886598300796e-14
2.793000000000000000e+03 0.000000000000000000e+00 0.000000000000000000e+00 1.414752359028111781e-14
2.794000000000000000e+03 0.000000000000000000e+00 0.000000000000000000e+00 1.414265163063786116e-14
2.795000000000000000e+03 0.000000000000000000e+00 0.000000000000000000e+00 1.413781313143958546e-14
2.796000000000000000e+03 0.000000000000000000e+00 0.000000000000000000e+00 1.413300816963421625e-14
2.797000000000000000e+03 0.000000000000000000e+00 0.000000000000000000e+00 1.412823687237084490e-14
2.798000000000000000e+03 0.000000000000000000e+00 0.000000000000000000e+00 1.412349929081943101e-14
2.799000000000000000e+03 0.000000000000000000e+00 0.000000000000000000e+00 1.411879554275224399e-14
2.800000000000000000e+03 0.000000000000000000e+00 0.000000000000000000e+00 1.411412566375675407e-14
2.801000000000000000e+03 0.000000000000000000e+00 0.000000000000000000e+00 1.410948975128246348e-14
2.802000000000000000e+03 0.000000000000000000e+00 0.000000000000000000e+00 1.410488782976060430e-14
2.803000000000000000e+03 0.000000000000000000e+00 0.000000000000000000e+00 1.410031997183649376e-14
2.804000000000000000e+03 0.000000000000000000e+00 0.000000000000000000e+00 1.409578618027001696e-14
2.805000000000000000e+03 0.000000000000000000e+00 0.000000000000000000e+00 1.409128652568234820e-14
2.806000000000000000e+03 0.000000000000000000e+00 0.000000000000000000e+00 1.408682099741198346e-14
2.807000000000000000e+03 0.000000000000000000e+00 0.000000000000000000e+00 1.408238963590740275e-14
2.808000000000000000e+03 0.000000000000000000e+00 0.000000000000000000e+00 1.407799240726902052e-14
2.809000000000000000e+03 0.000000000000000000e+00 0.000000000000000000e+00 1.407362934793804854e-14
2.810000000000000000e+03 0.000000000000000000e+00 0.000000000000000000e+00 1.406930040982837541e-14
2.811000000000000000e+03 0.000000000000000000e+00 0.000000000000000000e+00 1.406500559807630288e-14
2.812000000000000000e+03 0.000000000000000000e+00 0.000000000000000000e+00 1.406074486613041213e-14
2.813000000000000000e+03 0.000000000000000000e+00 0.000000000000000000e+00 1.405651818861000600e-14
2.814000000000000000e+03 0.000000000000000000e+00 0.000000000000000000e+00 1.405232549090580809e-14
2.815000000000000000e+03 0.000000000000000000e+00 0.000000000000000000e+00 1.404816674086454683e-14
2.816000000000000000e+03 0.000000000000000000e+00 0.000000000000000000e+00 1.404404184875624461e-14
2.817000000000000000e+03 0.000000000000000000e+00 0.000000000000000000e+00 1.403995076095627016e-14
2.818000000000000000e+03 0.000000000000000000e+00 0.000000000000000000e+00 1.403589336328996212e-14
2.819000000000000000e+03 0.000000000000000000e+00 0.000000000000000000e+00 1.403186958814362948e-14
2.820000000000000000e+03 0.000000000000000000e+00 0.000000000000000000e+00 1.402787930625803632e-14
2.821000000000000000e+03 0.000000000000000000e+00 0.000000000000000000e+00 1.402392243888436023e-14
2.822000000000000000e+03 0.000000000000000000e+00 0.000000000000000000e+00 1.401999883212769990e-14
2.823000000000000000e+03 0.000000000000000000e+00 0.000000000000000000e+00 1.401610838496087642e-14
2.824000000000000000e+03 0.000000000000000000e+00 0.000000000000000000e+00 1.401225094025349915e-14
2.825000000000000000e+03 0.000000000000000000e+00 0.000000000000000000e+00 1.400842637050088189e-14
2.826000000000000000e+03 0.000000000000000000e+00 0.000000000000000000e+00 1.400463449950408626e-14
2.827000000000000000e+03 0.000000000000000000e+00 0.000000000000000000e+00 1.400087519449365356e-14
2.828000000000000000e+03 0.000000000000000000e+00 0.000000000000000000e+00 1.399714825449926757e-14
2.829000000000000000e+03 0.000000000000000000e+00 0.000000000000000000e+00 1.399345352664027018e-14
2.830000000000000000e+03 0.000000000000000000e+00 0.000000000000000000e+00 1.398979079371472425e-14
2.831000000000000000e+03 0.000000000000000000e+00 0.000000000000000000e+00 1.398615988939835243e-14
2.832000000000000000e+03 0.000000000000000000e+00 0.000000000000000000e+00 1.398256058407825198e-14
2.833000000000000000e+03 0.000000000000000000e+00 0.000000000000000000e+00 1.397899268737155243e-14
2.834000000000000000e+03 0.000000000000000000e+00 0.000000000000000000e+00 1.397545595892508239e-14
2.835000000000000000e+03 0.000000000000000000e+00 0.000000000000000000e+00 1.397195019312316357e-14
2.836000000000000000e+03 0.000000000000000000e+00 0.000000000000000000e+00 1.396847512735585285e-14
2.837000000000000000e+03 0.000000000000000000e+00 0.000000000000000000e+00 1.396503053110985585e-14
2.838000000000000000e+03 0.000000000000000000e+00 0.000000000000000000e+00 1.396161612722099347e-14
2.839000000000000000e+03 0.000000000000000000e+00 0.000000000000000000e+00 1.395823168073217110e-14
2.840000000000000000e+03 0.000000000000000000e+00 0.000000000000000000e+00 1.395487689037247866e-14
2.841000000000000000e+03 0.000000000000000000e+00 0.000000000000000000e+00 1.395155151299278504e-14
2.842000000000000000e+03 0.000000000000000000e+00 0.000000000000000000e+00 1.394825523102775012e-14
2.843000000000000000e+03 0.000000000000000000e+00 0.000000000000000000e+00 1.394498778144413278e-14
2.844000000000000000e+03 0.000000000000000000e+00 0.000000000000000000e+00 1.394174883286099577e-14
2.845000000000000000e+03 0.000000000000000000e+00 0.000000000000000000e+00 1.393853810912753072e-14
2.846000000000000000e+03 0.000000000000000000e+00 0.000000000000000000e+00 1.393535526704835245e-14
2.847000000000000000e+03 0.000000000000000000e+00 0.000000000000000000e+00 1.393220000714831069e-14
2.848000000000000000e+03 0.000000000000000000e+00 0.000000000000000000e+00 1.392907197545183368e-14
2.849000000000000000e+03 0.000000000000000000e+00 0.000000000000000000e+00 1.392597084410110957e-14
2.850000000000000000e+03 0.000000000000000000e+00 0.000000000000000000e+00 1.392289624997351456e-14
2.851000000000000000e+03 0.000000000000000000e+00 0.000000000000000000e+00 1.391984785789522874e-14
2.852000000000000000e+03 0.000000000000000000e+00 0.000000000000000000e+00 1.391682528400210223e-14
2.853000000000000000e+03 0.000000000000000000e+00 0.000000000000000000e+00 1.391382818263302468e-14
2.854000000000000000e+03 0.000000000000000000e+00 0.000000000000000000e+00 1.391085615539581776e-14
2.855000000000000000e+03 0.000000000000000000e+00 0.000000000000000000e+00 1.390790883442243651e-14
2.856000000000000000e+03 0.000000000000000000e+00 0.000000000000000000e+00 1.390498580935251986e-14
2.857000000000000000e+03 0.000000000000000000e+00 0.000000000000000000e+00 1.390208670897475304e-14
2.858000000000000000e+03 0.000000000000000000e+00 0.000000000000000000e+00 1.389921111202470568e-14
2.859000000000000000e+03 0.000000000000000000e+00 0.000000000000000000e+00 1.389635862755163796e-14
2.860000000000000000e+03 0.000000000000000000e+00 0.000000000000000000e+00 1.389352882425633391e-14
2.861000000000000000e+03 0.000000000000000000e+00 0.000000000000000000e+00 1.389072129734303521e-14
2.862000000000000000e+03 0.000000000000000000e+00 0.000000000000000000e+00 1.388793561803267617e-14
2.863000000000000000e+03 0.000000000000000000e+00 0.000000000000000000e+00 1.388517135715323422e-14
2.864000000000000000e+03 0.000000000000000000e+00 0.000000000000000000e+00 1.388242807082268706e-14
2.865000000000000000e+03 0.000000000000000000e+00 0.000000000000000000e+00 1.387970533672952717e-14
2.866000000000000000e+03 0.000000000000000000e+00 0.000000000000000000e+00 1.387700268877787616e-14
2.867000000000000000e+03 0.000000000000000000e+00 0.000000000000000000e+00 1.387431970167262518e-14
2.868000000000000000e+03 0.000000000000000000e+00 0.000000000000000000e+00 1.387165590627002762e-14
2.869000000000000000e+03 0.000000000000000000e+00 0.000000000000000000e+00 1.386901086007965440e-14
2.870000000000000000e+03 0.000000000000000000e+00 0.000000000000000000e+00 1.386638408712603099e-14
2.871000000000000000e+03 0.000000000000000000e+00 0.000000000000000000e+00 1.386377514558569443e-14
2.872000000000000000e+03 0.000000000000000000e+00 0.000000000000000000e+00 1.386118353991743811e-14
2.873000000000000000e+03 0.000000000000000000e+00 0.000000000000000000e+00 1.385860883562528665e-14
2.874000000000000000e+03 0.000000000000000000e+00 0.000000000000000000e+00 1.385605052365412984e-14
2.875000000000000000e+03 0.000000000000000000e+00 0.000000000000000000e+00 1.385350815817786078e-14
2.876000000000000000e+03 0.000000000000000000e+00 0.000000000000000000e+00 1.385098124229970060e-14
2.877000000000000000e+03 0.000000000000000000e+00 0.000000000000000000e+00 1.384846931049692095e-14
2.878000000000000000e+03 0.000000000000000000e+00 0.000000000000000000e+00 1.384597184229080169e-14
2.879000000000000000e+03 0.000000000000000000e+00 0.000000000000000000e+00 1.384348838362701121e-14
2.880000000000000000e+03 0.000000000000000000e+00 0.000000000000000000e+00 1.384101841221971784e-14
2.881000000000000000e+03 0.000000000000000000e+00 0.000000000000000000e+00 1.383856146218425598e-14
2.882000000000000000e+03 0.000000000000000000e+00 0.000000000000000000e+00 1.383611701760783712e-14
2.883000000000000000e+03 0.000000000000000000e+00 0.000000000000000000e+00 1.383368460456433693e-14
2.884000000000000000e+03 0.000000000000000000e+00 0.000000000000000000e+00 1.383126369433276564e-14
2.885000000000000000e+03 0.000000000000000000e+00 0.000000000000000000e+00 1.382885381792112982e-14
2.886000000000000000e+03 0.000000000000000000e+00 0.000000000000000000e+00 1.382645444950095600e-14
2.887000000000000000e+03 0.000000000000000000e+00 0.000000000000000000e+00 1.382406511897048121e-14
2.888000000000000000e+03 0.000000000000000000e+00 0.000000000000000000e+00 1.382168529797904173e-14
2.889000000000000000e+03 0.000000000000000000e+00 0.000000000000000000e+00 1.381931451352213309e-14
2.890000000000000000e+03 0.000000000000000000e+00 0.000000000000000000e+00 1.381695224585476570e-14
2.891000000000000000e+03 0.000000000000000000e+00 0.000000000000000000e+00 1.381459801745110882e-14
2.892000000000000000e+03 0.000000000000000000e+00 0.000000000000000000e+00 1.381225131007551146e-14
2.893000000000000000e+03 0.000000000000000000e+00 0.000000000000000000e+00 1.380991164167762168e-14
2.894000000000000000e+03 0.000000000000000000e+00 0.000000000000000000e+00 1.380757850523262058e-14
2.895000000000000000e+03 0.000000000000000000e+00 0.000000000000000000e+00 1.380525141358639023e-14
2.896000000000000000e+03 0.000000000000000000e+00 0.000000000000000000e+00 1.380292986336424530e-14
2.897000000000000000e+03 0.000000000000000000e+00 0.000000000000000000e+00 1.380061337372654915e-14
2.898000000000000000e+03 0.000000000000000000e+00 0.000000000000000000e+00 1.379830143058258003e-14
2.899000000000000000e+03 0.000000000000000000e+00 0.000000000000000000e+00 1.379599357660092193e-14
2.900000000000000000e+03 0.000000000000000000e+00 0.000000000000000000e+00 1.379368929215345502e-14
2.901000000000000000e+03 0.000000000000000000e+00 0.000000000000000000e+00 1.379138812967737146e-14
2.902000000000000000e+03 0.000000000000000000e+00 0.000000000000000000e+00 1.378908956363074363e-14
2.903000000000000000e+03 0.000000000000000000e+00 0.000000000000000000e+00 1.378679316357614034e-14
2.904000000000000000e+03 0.000000000000000000e+00 0.000000000000000000e+00 1.378449841049647922e-14
2.905000000000000000e+03 0.000000000000000000e+00 0.000000000000000000e+00 1.378220487095991248e-14
2.906000000000000000e+03 0.000000000000000000e+00 0.000000000000000000e+00 1.377991204922822339e-14
2.907000000000000000e+03 0.000000000000000000e+00 0.000000000000000000e+00 1.377761951206112642e-14
2.908000000000000000e+03 0.000000000000000000e+00 0.000000000000000000e+00 1.377532677306801528e-14
2.909000000000000000e+03 0.000000000000000000e+00 0.000000000000000000e+00 1.377303341008523076e-14
2.910000000000000000e+03 0.000000000000000000e+00 0.000000000000000000e+00 1.377073894197906781e-14
2.911000000000000000e+03 0.000000000000000000e+00 0.000000000000000000e+00 1.376844295092730639e-14
2.912000000000000000e+03 0.000000000000000000e+00 0.000000000000000000e+00 1.376614497034353707e-14
2.913000000000000000e+03 0.000000000000000000e+00 0.000000000000000000e+00 1.376384459563929523e-14
2.914000000000000000e+03 0.000000000000000000e+00 0.000000000000000000e+00 1.376154136737615211e-14
2.915000000000000000e+03 0.000000000000000000e+00 0.000000000000000000e+00 1.375923488773371468e-14
2.916000000000000000e+03 0.000000000000000000e+00 0.000000000000000000e+00 1.375692471259158581e-14
2.917000000000000000e+03 0.000000000000000000e+00 0.000000000000000000e+00 1.375461045941251279e-14
2.918000000000000000e+03 0.000000000000000000e+00 0.000000000000000000e+00 1.375229169234073072e-14
2.919000000000000000e+03 0.000000000000000000e+00 0.000000000000000000e+00 1.374996804822935833e-14
2.920000000000000000e+03 0.000000000000000000e+00 0.000000000000000000e+00 1.374763910809430339e-14
2.921000000000000000e+03 0.000000000000000000e+00 0.000000000000000000e+00 1.374530451908235390e-14
2.922000000000000000e+03 0.000000000000000000e+00 0.000000000000000000e+00 1.374296387182678380e-14
2.923000000000000000e+03 0.000000000000000000e+00 0.000000000000000000e+00 1.374061684362066743e-14
2.924000000000000000e+03 0.000000000000000000e+00 0.000000000000000000e+00 1.373826303110771568e-14
2.925000000000000000e+03 0.000000000000000000e+00 0.000000000000000000e+00 1.373590212840684119e-14
2.926000000000000000e+03 0.000000000000000000e+00 0.000000000000000000e+00 1.373353374732208687e-14
2.927000000000000000e+03 0.000000000000000000e+00 0.000000000000000000e+00 1.373115760542593528e-14
2.928000000000000000e+03 0.000000000000000000e+00 0.000000000000000000e+00 1.372877333451643243e-14
2.929000000000000000e+03 0.000000000000000000e+00 0.000000000000000000e+00 1.372638066682687355e-14
2.930000000000000000e+03 0.000000000000000000e+00 0.000000000000000000e+00 1.372397924528481463e-14
2.931000000000000000e+03 0.000000000000000000e+00 0.000000000000000000e+00 1.372156882472823392e-14
2.932000000000000000e+03 0.000000000000000000e+00 0.000000000000000000e+00 1.371914906709758574e-14
2.933000000000000000e+03 0.000000000000000000e+00 0.000000000000000000e+00 1.371671975289130243e-14
2.934000000000000000e+03 0.000000000000000000e+00 0.000000000000000000e+00 1.371428055530774170e-14
2.935000000000000000e+03 0.000000000000000000e+00 0.000000000000000000e+00 1.371183128290627161e-14
2.936000000000000000e+03 0.000000000000000000e+00 0.000000000000000000e+00 1.370937162859416492e-14
2.937000000000000000e+03 0.000000000000000000e+00 0.000000000000000000e+00 1.370690141908078306e-14
2.938000000000000000e+03 0.000000000000000000e+00 0.000000000000000000e+00 1.370442037045522192e-14
2.939000000000000000e+03 0.000000000000000000e+00 0.000000000000000000e+00 1.370192832444363384e-14
2.940000000000000000e+03 0.000000000000000000e+00 0.000000000000000000e+00 1.369942502225188425e-14
2.941000000000000000e+03 0.000000000000000000e+00 0.000000000000000000e+00 1.369691032916190341e-14
2.942000000000000000e+03 0.000000000000000000e+00 0.000000000000000000e+00 1.369438401417036124e-14
2.943000000000000000e+03 0.000000000000000000e+00 0.000000000000000000e+00 1.369184596937115179e-14
2.944000000000000000e+03 0.000000000000000000e+00 0.000000000000000000e+00 1.368929598223240392e-14
2.945000000000000000e+03 0.000000000000000000e+00 0.000000000000000000e+00 1.368673396257114452e-14
2.946000000000000000e+03 0.000000000000000000e+00 0.000000000000000000e+00 1.368415972378885035e-14
2.947000000000000000e+03 0.000000000000000000e+00 0.000000000000000000e+00 1.368157320132585015e-14
2.948000000000000000e+03 0.000000000000000000e+00 0.000000000000000000e+00 1.367897422568804835e-14
2.949000000000000000e+03 0.000000000000000000e+00 0.000000000000000000e+00 1.367636276130069115e-14
2.950000000000000000e+03 0.000000000000000000e+00 0.000000000000000000e+00 1.367373867493054222e-14
2.951000000000000000e+03 0.000000000000000000e+00 0.000000000000000000e+00 1.367110194953870616e-14
2.952000000000000000e+03 0.000000000000000000e+00 0.000000000000000000e+00 1.366845247327206982e-14
2.953000000000000000e+03 0.000000000000000000e+00 0.000000000000000000e+00 1.366579025507024480e-14
2.954000000000000000e+03 0.000000000000000000e+00 0.000000000000000000e+00 1.366311521091479103e-14
2.955000000000000000e+03 0.000000000000000000e+00 0.000000000000000000e+00 1.366042737831142338e-14
2.956000000000000000e+03 0.000000000000000000e+00 0.000000000000000000e+00 1.365772670254572767e-14
2.957000000000000000e+03 0.000000000000000000e+00 0.000000000000000000e+00 1.365501324166012346e-14
2.958000000000000000e+03 0.000000000000000000e+00 0.000000000000000000e+00 1.365228696237131960e-14
2.959000000000000000e+03 0.000000000000000000e+00 0.000000000000000000e+00 1.364954796192847922e-14
2.960000000000000000e+03 0.000000000000000000e+00 0.000000000000000000e+00 1.364679622563104365e-14
2.961000000000000000e+03 0.000000000000000000e+00 0.000000000000000000e+00 1.364403186527643246e-14
2.962000000000000000e+03 0.000000000000000000e+00 0.000000000000000000e+00 1.364125490447313996e-14
2.963000000000000000e+03 0.000000000000000000e+00 0.000000000000000000e+00 1.363846547070792787e-14
2.964000000000000000e+03 0.000000000000000000e+00 0.000000000000000000e+00 1.363566361189878714e-14
2.965000000000000000e+03 0.000000000000000000e+00 0.000000000000000000e+00 1.363284950238367648e-14
2.966000000000000000e+03 0.000000000000000000e+00 0.000000000000000000e+00 1.363002320917554250e-14
2.967000000000000000e+03 0.000000000000000000e+00 0.000000000000000000e+00 1.362718492340268031e-14
2.968000000000000000e+03 0.000000000000000000e+00 0.000000000000000000e+00 1.362433476123044491e-14
2.969000000000000000e+03 0.000000000000000000e+00 0.000000000000000000e+00 1.362147294111100912e-14
2.970000000000000000e+03 0.000000000000000000e+00 0.000000000000000000e+00 1.361859962002371881e-14
2.971000000000000000e+03 0.000000000000000000e+00 0.000000000000000000e+00 1.361571503665933145e-14
2.972000000000000000e+03 0.000000000000000000e+00 0.000000000000000000e+00 1.361281937814222498e-14
2.973000000000000000e+03 0.000000000000000000e+00 0.000000000000000000e+00 1.360991290047774341e-14
2.974000000000000000e+03 0.000000000000000000e+00 0.000000000000000000e+00 1.360699582690735246e-14
2.975000000000000000e+03 0.000000000000000000e+00 0.000000000000000000e+00 1.360406843987294259e-14
2.976000000000000000e+03 0.000000000000000000e+00 0.000000000000000000e+00 1.360113096806911307e-14
2.977000000000000000e+03 0.000000000000000000e+00 0.000000000000000000e+00 1.359818373478843355e-14
2.978000000000000000e+03 0.000000000000000000e+00 0.000000000000000000e+00 1.359522698120136375e-14
2.979000000000000000e+03 0.000000000000000000e+00 0.000000000000000000e+00 1.359226106756598892e-14
2.980000000000000000e+03 0.000000000000000000e+00 0.000000000000000000e+00 1.358928625730815205e-14
2.981000000000000000e+03 0.000000000000000000e+00 0.000000000000000000e+00 1.358630293665365221e-14
2.982000000000000000e+03 0.000000000000000000e+00 0.000000000000000000e+00 1.358331140673826129e-14
2.983000000000000000e+03 0.000000000000000000e+00 0.000000000000000000e+00 1.358031208574949872e-14
2.984000000000000000e+03 0.000000000000000000e+00 0.000000000000000000e+00 1.357730530965079000e-14
2.985000000000000000e+03 0.000000000000000000e+00 0.000000000000000000e+00 1.357429151056149981e-14
2.986000000000000000e+03 0.000000000000000000e+00 0.000000000000000000e+00 1.357127106092097060e-14
2.987000000000000000e+03 0.000000000000000000e+00 0.000000000000000000e+00 1.356824443156780874e-14
2.988000000000000000e+03 0.000000000000000000e+00 0.000000000000000000e+00 1.356521200147841510e-14
2.989000000000000000e+03 0.000000000000000000e+00 0.000000000000000000e+00 1.356217427911464648e-14
2.990000000000000000e+03 0.000000000000000000e+00 0.000000000000000000e+00 1.355913166810037679e-14
2.991000000000000000e+03 0.000000000000000000e+00 0.000000000000000000e+00 1.355608468381468593e-14
2.992000000000000000e+03 0.000000000000000000e+00 0.000000000000000000e+00 1.355303376981600862e-14
2.993000000000000000e+03 0.000000000000000000e+00 0.000000000000000000e+00 1.354997945437727896e-14
2.994000000000000000e+03 0.000000000000000000e+00 0.000000000000000000e+00 1.354692220752741809e-14
2.995000000000000000e+03 0.000000000000000000e+00 0.000000000000000000e+00 1.354386259089719387e-14
2.996000000000000000e+03 0.000000000000000000e+00 0.000000000000000000e+00 1.354080108544025860e-14
2.997000000000000000e+03 0.000000000000000000e+00 0.000000000000000000e+00 1.353773828514333531e-14
2.998000000000000000e+03 0.000000000000000000e+00 0.000000000000000000e+00 1.353467468425056502e-14
2.999000000000000000e+03 0.000000000000000000e+00 0.000000000000000000e+00 1.353161090043986454e-14
3.000000000000000000e+03 0.000000000000000000e+00 0.000000000000000000e+00 1.352854745206469962e-14
