3.000000000000000000e+01 0.000000000000000000e+00 0.000000000000000000e+00 2.410287412608241453e-11
3.100000000000000000e+01 0.000000000000000000e+00 0.000000000000000000e+00 2.260393299704229325e-11
3.200000000000000000e+01 0.000000000000000000e+00 0.000000000000000000e+00 2.124145357570632719e-11
3.300000000000000000e+01 0.000000000000000000e+00 0.000000000000000000e+00 1.999935211924745847e-11
3.400000000000000000e+01 0.000000000000000000e+00 0.000000000000000000e+00 1.886384324876012450e-11
3.500000000000000000e+01 0.000000000000000000e+00 0.000000000000000000e+00 1.782306486328192253e-11
3.600000000000000000e+01 0.000000000000000000e+00 0.000000000000000000e+00 1.686675717872669615e-11
3.700000000000000000e+01 0.000000000000000000e+00 0.000000000000000000e+00 1.598601673729526907e-11
3.800000000000000000e+01 0.000000000000000000e+00 0.000000000000000000e+00 1.517308030142666883e-11
3.900000000000000000e+01 0.000000000000000000e+00 0.000000000000000000e+00 1.442115979693655700e-11
4.000000000000000000e+01 0.000000000000000000e+00 0.000000000000000000e+00 1.372429351370317811e-11
4.100000000000000000e+01 0.000000000000000000e+00 0.000000000000000000e+00 1.307723320887870854e-11
4.200000000000000000e+01 0.000000000000000000e+00 0.000000000000000000e+00 1.247533932267938240e-11
4.300000000000000000e+01 0.000000000000000000e+00 0.000000000000000000e+00 1.191450255665048409e-11
4.400000000000000000e+01 0.000000000000000000e+00 0.000000000000000000e+00 1.139106867658525720e-11
4.500000000000000000e+01 0.000000000000000000e+00 0.000000000000000000e+00 1.090178312980305675e-11
4.600000000000000000e+01 0.000000000000000000e+00 0.000000000000000000e+00 1.044373612536523323e-11
4.700000000000000000e+01 0.000000000000000000e+00 0.000000000000000000e+00 1.001432310019799894e-11
4.800000000000000000e+01 0.000000000000000000e+00 0.000000000000000000e+00 9.611203834583246732e-12
4.900000000000000000e+01 0.000000000000000000e+00 0.000000000000000000e+00 9.232273993176421617e-12
5.000000000000000000e+01 0.000000000000000000e+00 0.000000000000000000e+00 8.875634218567730700e-12
5.100000000000000000e+01 0.000000000000000000e+00 0.000000000000000000e+00 8.539569374409048696e-12
5.200000000000000000e+01 0.000000000000000000e+00 0.000000000000000000e+00 8.222524931717118146e-12
5.300000000000000000e+01 0.000000000000000000e+00 0.000000000000000000e+00 7.923091676165489886e-12
5.400000000000000000e+01 0.000000000000000000e+00 0.000000000000000000e+00 7.639987431969378516e-12
5.500000000000000000e+01 0.000000000000000000e+00 0.000000000000000000e+00 7.372045696511399105e-12
5.600000000000000000e+01 0.000000000000000000e+00 0.000000000000000000e+00 7.118201321224499752e-12
5.700000000000000000e+01 0.000000000000000000e+00 0.000000000000000000e+00 6.877482030842318759e-12
5.800000000000000000e+01 0.000000000000000000e+00 0.000000000000000000e+00 6.648997051044522677e-12
5.900000000000000000e+01 0.000000000000000000e+00 0.000000000000000000e+00 6.431930797964006091e-12
6.000000000000000000e+01 0.000000000000000000e+00 0.000000000000000000e+00 6.225533725993417419e-12
6.100000000000000000e+01 0.000000000000000000e+00 0.000000000000000000e+00 6.029117562318301244e-12
6.200000000000000000e+01 0.000000000000000000e+00 0.000000000000000000e+00 5.842047935519295983e-12
6.300000000000000000e+01 0.000000000000000000e+00 0.000000000000000000e+00 5.663740786996048600e-12
6.400000000000000000e+01 0.000000000000000000e+00 0.000000000000000000e+00 5.493656312727906566e-12
6.500000000000000000e+01 0.000000000000000000e+00 0.000000000000000000e+00 5.331296290718083963e-12
6.600000000000000000e+01 0.000000000000000000e+00 0.000000000000000000e+00 5.176199057447253219e-12
6.700000000000000000e+01 0.000000000000000000e+00 0.000000000000000000e+00 5.027937515169943388e-12
6.800000000000000000e+01 0.000000000000000000e+00 0.000000000000000000e+00 4.886114954185852269e-12
6.900000000000000000e+01 0.000000000000000000e+00 0.000000000000000000e+00 4.750363566779438289e-12
7.000000000000000000e+01 0.000000000000000000e+00 0.000000000000000000e+00 4.620340924179804186e-12
7.100000000000000000e+01 0.000000000000000000e+00 0.000000000000000000e+00 4.495728902721230790e-12
7.200000000000000000e+01 0.000000000000000000e+00 0.000000000000000000e+00 4.376230677859706165e-12
7.300000000000000000e+01 0.000000000000000000e+00 0.000000000000000000e+00 4.261569971753721579e-12
7.400000000000000000e+01 0.000000000000000000e+00 0.000000000000000000e+00 4.151488466339031692e-12
7.500000000000000000e+01 0.000000000000000000e+00 0.000000000000000000e+00 4.045745286957446974e-12
7.600000000000000000e+01 0.000000000000000000e+00 0.000000000000000000e+00 3.944114780425076339e-12
7.700000000000000000e+01 0.000000000000000000e+00 0.000000000000000000e+00 3.846386173420293789e-12
7.800000000000000000e+01 0.000000000000000000e+00 0.000000000000000000e+00 3.752361641300045230e-12
7.900000000000000000e+01 0.000000000000000000e+00 0.000000000000000000e+00 3.661856104660494383e-12
8.000000000000000000e+01 0.000000000000000000e+00 0.000000000000000000e+00 3.574695551616425180e-12
8.100000000000000000e+01 0.000000000000000000e+00 0.000000000000000000e+00 3.490716931768458006e-12
8.200000000000000000e+01 0.000000000000000000e+00 0.000000000000000000e+00 3.409766683509027247e-12
8.300000000000000000e+01 0.000000000000000000e+00 0.000000000000000000e+00 3.331700713282747562e-12
8.400000000000000000e+01 0.000000000000000000e+00 0.000000000000000000e+00 3.256383090251166437e-12
8.500000000000000000e+01 0.000000000000000000e+00 0.000000000000000000e+00 3.183686092902192485e-12
8.600000000000000000e+01 0.000000000000000000e+00 0.000000000000000000e+00 3.113489049020007212e-12
8.700000000000000000e+01 0.000000000000000000e+00 0.000000000000000000e+00 3.045678429210644469e-12
8.800000000000000000e+01 0.000000000000000000e+00 0.000000000000000000e+00 2.980146803937854849e-12
8.900000000000000000e+01 0.000000000000000000e+00 0.000000000000000000e+00 2.916792986375290682e-12
9.000000000000000000e+01 0.000000000000000000e+00 0.000000000000000000e+00 2.855521083538024743e-12
9.100000000000000000e+01 0.000000000000000000e+00 0.000000000000000000e+00 2.796240672289053467e-12
9.200000000000000000e+01 0.000000000000000000e+00 0.000000000000000000e+00 2.738865943369457238e-12
9.300000000000000000e+01 0.000000000000000000e+00 0.000000000000000000e+00 2.683315892243618653e-12
9.400000000000000000e+01 0.000000000000000000e+00 0.000000000000000000e+00 2.629513547069979050e-12
9.500000000000000000e+01 0.000000000000000000e+00 0.000000000000000000e+00 2.577386165859071408e-12
9.600000000000000000e+01 0.000000000000000000e+00 0.000000000000000000e+00 2.526864541649279915e-12
9.700000000000000000e+01 0.000000000000000000e+00 0.000000000000000000e+00 2.477883209384016465e-12
9.800000000000000000e+01 0.000000000000000000e+00 0.000000000000000000e+00 2.430379804720175985e-12
9.900000000000000000e+01 0.000000000000000000e+00 0.000000000000000000e+00 2.384295280470422411e-12
1.000000000000000000e+02 0.000000000000000000e+00 0.000000000000000000e+00 2.339573319171572916e-12
1.010000000000000000e+02 0.000000000000000000e+00 0.000000000000000000e+00 2.296160550832973802e-12
1.020000000000000000e+02 0.000000000000000000e+00 0.000000000000000000e+00 2.254006011878395303e-12
1.030000000000000000e+02 0.000000000000000000e+00 0.000000000000000000e+00 2.213061368968672592e-12
1.040000000000000000e+02 0.000000000000000000e+00 0.000000000000000000e+00 2.173280414625193036e-12
1.050000000000000000e+02 0.000000000000000000e+00 0.000000000000000000e+00 2.134619288290354151e-12
1.060000000000000000e+02 0.000000000000000000e+00 0.000000000000000000e+00 2.097036015988249965e-12
1.070000000000000000e+02 0.000000000000000000e+00 0.000000000000000000e+00 2.060490723969298073e-12
1.080000000000000000e+02 0.000000000000000000e+00 0.000000000000000000e+00 2.024945212179961714e-12
1.090000000000000000e+02 0.000000000000000000e+00 0.000000000000000000e+00 1.990363167530873127e-12
1.100000000000000000e+02 0.000000000000000000e+00 0.000000000000000000e+00 1.956709763796527571e-12
1.110000000000000000e+02 0.000000000000000000e+00 0.000000000000000000e+00 1.923951874935356288e-12
1.120000000000000000e+02 0.000000000000000000e+00 0.000000000000000000e+00 1.892057695467353774e-12
1.130000000000000000e+02 0.000000000000000000e+00 0.000000000000000000e+00 1.860996955599283817e-12
1.140000000000000000e+02 0.000000000000000000e+00 0.000000000000000000e+00 1.830740563818912682e-12
1.150000000000000000e+02 0.000000000000000000e+00 0.000000000000000000e+00 1.801260814230352391e-12
1.160000000000000000e+02 0.000000000000000000e+00 0.000000000000000000e+00 1.772531055901201730e-12
1.170000000000000000e+02 0.000000000000000000e+00 0.000000000000000000e+00 1.744525891970074830e-12
1.180000000000000000e+02 0.000000000000000000e+00 0.000000000000000000e+00 1.717220868526409126e-12
1.190000000000000000e+02 0.000000000000000000e+00 0.000000000000000000e+00 1.690592669965347125e-12
1.200000000000000000e+02 0.000000000000000000e+00 0.000000000000000000e+00 1.664618827395574384e-12
1.210000000000000000e+02 0.000000000000000000e+00 0.000000000000000000e+00 1.639277904753304389e-12
1.220000000000000000e+02 0.000000000000000000e+00 0.000000000000000000e+00 1.614549227232670312e-12
1.230000000000000000e+02 0.000000000000000000e+00 0.000000000000000000e+00 1.590413059507633579e-12
1.240000000000000000e+02 0.000000000000000000e+00 0.000000000000000000e+00 1.566850351365400878e-12
1.250000000000000000e+02 0.000000000000000000e+00 0.000000000000000000e+00 1.543842909156511809e-12
1.260000000000000000e+02 0.000000000000000000e+00 0.000000000000000000e+00 1.521373156059480689e-12
1.270000000000000000e+02 0.000000000000000000e+00 0.000000000000000000e+00 1.499424298225148029e-12
1.280000000000000000e+02 0.000000000000000000e+00 0.000000000000000000e+00 1.477980097299080803e-12
1.290000000000000000e+02 0.000000000000000000e+00 0.000000000000000000e+00 1.457025032466579180e-12
1.300000000000000000e+02 0.000000000000000000e+00 0.000000000000000000e+00 1.436544083191589382e-12
1.310000000000000000e+02 0.000000000000000000e+00 0.000000000000000000e+00 1.416522887945580504e-12
1.320000000000000000e+02 0.000000000000000000e+00 0.000000000000000000e+00 1.396947534986901113e-12
1.330000000000000000e+02 0.000000000000000000e+00 0.000000000000000000e+00 1.377804720055182907e-12
1.340000000000000000e+02 0.000000000000000000e+00 0.000000000000000000e+00 1.359081544292759914e-12
1.350000000000000000e+02 0.000000000000000000e+00 0.000000000000000000e+00 1.340765668297761088e-12
1.360000000000000000e+02 0.000000000000000000e+00 0.000000000000000000e+00 1.322845119154951330e-12
1.370000000000000000e+02 0.000000000000000000e+00 0.000000000000000000e+00 1.305308438701662528e-12
1.380000000000000000e+02 0.000000000000000000e+00 0.000000000000000000e+00 1.288144501750088978e-12
1.390000000000000000e+02 0.000000000000000000e+00 0.000000000000000000e+00 1.271342657047186058e-12
1.400000000000000000e+02 0.000000000000000000e+00 0.000000000000000000e+00 1.254892556186353318e-12
1.410000000000000000e+02 0.000000000000000000e+00 0.000000000000000000e+00 1.238784287722429139e-12
1.420000000000000000e+02 0.000000000000000000e+00 0.000000000000000000e+00 1.223008215736003292e-12
1.430000000000000000e+02 0.000000000000000000e+00 0.000000000000000000e+00 1.207555108047543805e-12
1.440000000000000000e+02 0.000000000000000000e+00 0.000000000000000000e+00 1.192415982179839446e-12
1.450000000000000000e+02 0.000000000000000000e+00 0.000000000000000000e+00 1.177582231032420997e-12
1.460000000000000000e+02 0.000000000000000000e+00 0.000000000000000000e+00 1.163045473855329848e-12
1.470000000000000000e+02 0.000000000000000000e+00 0.000000000000000000e+00 1.148797677470435871e-12
1.480000000000000000e+02 0.000000000000000000e+00 0.000000000000000000e+00 1.134831014636389116e-12
1.490000000000000000e+02 0.000000000000000000e+00 0.000000000000000000e+00 1.121137982005332477e-12
1.500000000000000000e+02 0.000000000000000000e+00 0.000000000000000000e+00 1.107711262445801145e-12
1.510000000000000000e+02 0.000000000000000000e+00 0.000000000000000000e+00 1.094543840622503711e-12
1.520000000000000000e+02 0.000000000000000000e+00 0.000000000000000000e+00 1.081628870422832293e-12
1.530000000000000000e+02 0.000000000000000000e+00 0.000000000000000000e+00 1.068959786429700383e-12
1.540000000000000000e+02 0.000000000000000000e+00 0.000000000000000000e+00 1.056530177224061720e-12
1.550000000000000000e+02 0.000000000000000000e+00 0.000000000000000000e+00 1.044333893856570065e-12
1.560000000000000000e+02 0.000000000000000000e+00 0.000000000000000000e+00 1.032364927101550767e-12
1.570000000000000000e+02 0.000000000000000000e+00 0.000000000000000000e+00 1.020617512897280676e-12
1.580000000000000000e+02 0.000000000000000000e+00 0.000000000000000000e+00 1.009086013812532689e-12
1.590000000000000000e+02 0.000000000000000000e+00 0.000000000000000000e+00 9.977650225318330572e-13
1.600000000000000000e+02 0.000000000000000000e+00 0.000000000000000000e+00 9.866492462617541340e-13
1.610000000000000000e+02 0.000000000000000000e+00 0.000000000000000000e+00 9.757336080084892340e-13
1.620000000000000000e+02 0.000000000000000000e+00 0.000000000000000000e+00 9.650131347012523087e-13
1.630000000000000000e+02 0.000000000000000000e+00 0.000000000000000000e+00 9.544830555150606638e-13
1.640000000000000000e+02 0.000000000000000000e+00 0.000000000000000000e+00 9.441386941494253503e-13
1.650000000000000000e+02 0.000000000000000000e+00 0.000000000000000000e+00 9.339755641930956211e-13
1.660000000000000000e+02 0.000000000000000000e+00 0.000000000000000000e+00 9.239892651212826145e-13
1.670000000000000000e+02 0.000000000000000000e+00 0.000000000000000000e+00 9.141755747493231966e-13
1.680000000000000000e+02 0.000000000000000000e+00 0.000000000000000000e+00 9.045303488601479271e-13
1.690000000000000000e+02 0.000000000000000000e+00 0.000000000000000000e+00 8.950496112864444405e-13
1.700000000000000000e+02 0.000000000000000000e+00 0.000000000000000000e+00 8.857294560343401126e-13
1.710000000000000000e+02 0.000000000000000000e+00 0.000000000000000000e+00 8.765661360799905553e-13
1.720000000000000000e+02 0.000000000000000000e+00 0.000000000000000000e+00 8.675559678227073964e-13
1.730000000000000000e+02 0.000000000000000000e+00 0.000000000000000000e+00 8.586954169258437451e-13
1.740000000000000000e+02 0.000000000000000000e+00 0.000000000000000000e+00 8.499810074874669971e-13
1.750000000000000000e+02 0.000000000000000000e+00 0.000000000000000000e+00 8.414094037662590523e-13
1.760000000000000000e+02 0.000000000000000000e+00 0.000000000000000000e+00 8.329773234567294963e-13
1.770000000000000000e+02 0.000000000000000000e+00 0.000000000000000000e+00 8.246816164599357333e-13
1.780000000000000000e+02 0.000000000000000000e+00 0.000000000000000000e+00 8.165191808909084664e-13
1.790000000000000000e+02 0.000000000000000000e+00 0.000000000000000000e+00 8.084870402040812182e-13
1.800000000000000000e+02 0.000000000000000000e+00 0.000000000000000000e+00 8.005822612052871522e-13
1.810000000000000000e+02 0.000000000000000000e+00 0.000000000000000000e+00 7.928020294566219204e-13
1.820000000000000000e+02 0.000000000000000000e+00 0.000000000000000000e+00 7.851435695734752281e-13
1.830000000000000000e+02 0.000000000000000000e+00 0.000000000000000000e+00 7.776042189358166032e-13
1.840000000000000000e+02 0.000000000000000000e+00 0.000000000000000000e+00 7.701813497224501353e-13
1.850000000000000000e+02 0.000000000000000000e+00 0.000000000000000000e+00 7.628724416711767353e-13
1.860000000000000000e+02 0.000000000000000000e+00 0.000000000000000000e+00 7.556750052947440326e-13
1.870000000000000000e+02 0.000000000000000000e+00 0.000000000000000000e+00 7.485866535677031164e-13
1.880000000000000000e+02 0.000000000000000000e+00 0.000000000000000000e+00 7.416050268188686509e-13
1.890000000000000000e+02 0.000000000000000000e+00 0.000000000000000000e+00 7.347278629282497587e-13
1.900000000000000000e+02 0.000000000000000000e+00 0.000000000000000000e+00 7.279529242176016607e-13
1.910000000000000000e+02 0.000000000000000000e+00 0.000000000000000000e+00 7.212780657710420353e-13
1.920000000000000000e+02 0.000000000000000000e+00 0.000000000000000000e+00 7.147011642716548085e-13
1.930000000000000000e+02 0.000000000000000000e+00 0.000000000000000000e+00 7.082201848939039599e-13
1.940000000000000000e+02 0.000000000000000000e+00 0.000000000000000000e+00 7.018331120244903264e-13
1.950000000000000000e+02 0.000000000000000000e+00 0.000000000000000000e+00 6.955380142465775722e-13
1.960000000000000000e+02 0.000000000000000000e+00 0.000000000000000000e+00 6.893329771403495783e-13
1.970000000000000000e+02 0.000000000000000000e+00 0.000000000000000000e+00 6.832161667792784409e-13
1.980000000000000000e+02 0.000000000000000000e+00 0.000000000000000000e+00 6.771857639253207930e-13
1.990000000000000000e+02 0.000000000000000000e+00 0.000000000000000000e+00 6.712400262654503146e-13
2.000000000000000000e+02 0.000000000000000000e+00 0.000000000000000000e+00 6.653772244882804980e-13
2.010000000000000000e+02 0.000000000000000000e+00 0.000000000000000000e+00 6.595957026240239791e-13
2.020000000000000000e+02 0.000000000000000000e+00 0.000000000000000000e+00 6.538938160279497818e-13
2.030000000000000000e+02 0.000000000000000000e+00 0.000000000000000000e+00 6.482699899888574345e-13
2.040000000000000000e+02 0.000000000000000000e+00 0.000000000000000000e+00 6.427226599332321383e-13
2.050000000000000000e+02 0.000000000000000000e+00 0.000000000000000000e+00 6.372503280473010868e-13
2.060000000000000000e+02 0.000000000000000000e+00 0.000000000000000000e+00 6.318515050757446612e-13
2.070000000000000000e+02 0.000000000000000000e+00 0.000000000000000000e+00 6.265247656746373644e-13
2.080000000000000000e+02 0.000000000000000000e+00 0.000000000000000000e+00 6.212686919325167694e-13
2.090000000000000000e+02 0.000000000000000000e+00 0.000000000000000000e+00 6.160819270675780649e-13
2.100000000000000000e+02 0.000000000000000000e+00 0.000000000000000000e+00 6.109631204041631509e-13
2.110000000000000000e+02 0.000000000000000000e+00 0.000000000000000000e+00 6.059109801063826670e-13
2.120000000000000000e+02 0.000000000000000000e+00 0.000000000000000000e+00 6.009242191527541999e-13
2.130000000000000000e+02 0.000000000000000000e+00 0.000000000000000000e+00 5.960016069490009423e-13
2.140000000000000000e+02 0.000000000000000000e+00 0.000000000000000000e+00 5.911419167207295024e-13
2.150000000000000000e+02 0.000000000000000000e+00 0.000000000000000000e+00 5.863439761635273515e-13
2.160000000000000000e+02 0.000000000000000000e+00 0.000000000000000000e+00 5.816066154527255493e-13
2.170000000000000000e+02 0.000000000000000000e+00 0.000000000000000000e+00 5.769287172604886553e-13
2.180000000000000000e+02 0.000000000000000000e+00 0.000000000000000000e+00 5.723091661118142030e-13
2.190000000000000000e+02 0.000000000000000000e+00 0.000000000000000000e+00 5.677468967486390789e-13
2.200000000000000000e+02 0.000000000000000000e+00 0.000000000000000000e+00 5.632408449421121743e-13
2.210000000000000000e+02 0.000000000000000000e+00 0.000000000000000000e+00 5.587899950320161327e-13
2.220000000000000000e+02 0.000000000000000000e+00 0.000000000000000000e+00 5.543933313629662225e-13
2.230000000000000000e+02 0.000000000000000000e+00 0.000000000000000000e+00 5.500498852094156133e-13
2.240000000000000000e+02 0.000000000000000000e+00 0.000000000000000000e+00 5.457586872724426726e-13
2.250000000000000000e+02 0.000000000000000000e+00 0.000000000000000000e+00 5.415188133021578133e-13
2.260000000000000000e+02 0.000000000000000000e+00 0.000000000000000000e+00 5.373293379842207615e-13
2.270000000000000000e+02 0.000000000000000000e+00 0.000000000000000000e+00 5.331893793887636696e-13
2.280000000000000000e+02 0.000000000000000000e+00 0.000000000000000000e+00 5.290980539475199711e-13
2.290000000000000000e+02 0.000000000000000000e+00 0.000000000000000000e+00 5.250545200252665846e-13
2.300000000000000000e+02 0.000000000000000000e+00 0.000000000000000000e+00 5.210579337925135109e-13
2.310000000000000000e+02 0.000000000000000000e+00 0.000000000000000000e+00 5.171074920295700176e-13
2.320000000000000000e+02 0.000000000000000000e+00 0.000000000000000000e+00 5.132023885733356479e-13
2.330000000000000000e+02 0.000000000000000000e+00 0.000000000000000000e+00 5.093418567578608150e-13
2.340000000000000000e+02 0.000000000000000000e+00 0.000000000000000000e+00 5.055251264683682514e-13
2.350000000000000000e+02 0.000000000000000000e+00 0.000000000000000000e+00 5.017514656594573389e-13
2.360000000000000000e+02 0.000000000000000000e+00 0.000000000000000000e+00 4.980201385348298166e-13
2.370000000000000000e+02 0.000000000000000000e+00 0.000000000000000000e+00 4.943304460611640669e-13
2.380000000000000000e+02 0.000000000000000000e+00 0.000000000000000000e+00 4.906816852308194676e-13
2.390000000000000000e+02 0.000000000000000000e+00 0.000000000000000000e+00 4.870731884909234845e-13
2.400000000000000000e+02 0.000000000000000000e+00 0.000000000000000000e+00 4.835042840233551001e-13
2.410000000000000000e+02 0.000000000000000000e+00 0.000000000000000000e+00 4.799743343109298548e-13
2.420000000000000000e+02 0.000000000000000000e+00 0.000000000000000000e+00 4.764826973343544847e-13
2.430000000000000000e+02 0.000000000000000000e+00 0.000000000000000000e+00 4.730287640608739098e-13
2.440000000000000000e+02 0.000000000000000000e+00 0.000000000000000000e+00 4.696119209286130424e-13
2.450000000000000000e+02 0.000000000000000000e+00 0.000000000000000000e+00 4.662315862931046426e-13
2.460000000000000000e+02 0.000000000000000000e+00 0.000000000000000000e+00 4.628871735656389745e-13
2.470000000000000000e+02 0.000000000000000000e+00 0.000000000000000000e+00 4.595781272412375643e-13
2.480000000000000000e+02 0.000000000000000000e+00 0.000000000000000000e+00 4.563038865600340449e-13
2.490000000000000000e+02 0.000000000000000000e+00 0.000000000000000000e+00 4.530639209472290271e-13
2.500000000000000000e+02 0.000000000000000000e+00 0.000000000000000000e+00 4.498576943101587391e-13
2.510000000000000000e+02 0.000000000000000000e+00 0.000000000000000000e+00 4.466846997919280867e-13
2.520000000000000000e+02 0.000000000000000000e+00 0.000000000000000000e+00 4.435444249459429857e-13
2.530000000000000000e+02 0.000000000000000000e+00 0.000000000000000000e+00 4.404363855182525874e-13
2.540000000000000000e+02 0.000000000000000000e+00 0.000000000000000000e+00 4.373600914942127050e-13
2.550000000000000000e+02 0.000000000000000000e+00 0.000000000000000000e+00 4.343150804532887541e-13
2.560000000000000000e+02 0.000000000000000000e+00 0.000000000000000000e+00 4.313008837443798926e-13
2.570000000000000000e+02 0.000000000000000000e+00 0.000000000000000000e+00 4.283170595504883616e-13
2.580000000000000000e+02 0.000000000000000000e+00 0.000000000000000000e+00 4.253631597412999739e-13
2.590000000000000000e+02 0.000000000000000000e+00 0.000000000000000000e+00 4.224387621808734348e-13
2.600000000000000000e+02 0.000000000000000000e+00 0.000000000000000000e+00 4.195434382710383667e-13
2.610000000000000000e+02 0.000000000000000000e+00 0.000000000000000000e+00 4.166767847285026417e-13
2.620000000000000000e+02 0.000000000000000000e+00 0.000000000000000000e+00 4.138383915764799603e-13
2.630000000000000000e+02 0.000000000000000000e+00 0.000000000000000000e+00 4.110278733768120352e-13
2.640000000000000000e+02 0.000000000000000000e+00 0.000000000000000000e+00 4.082448379287421920e-13
2.650000000000000000e+02 0.000000000000000000e+00 0.000000000000000000e+00 4.054889168423952430e-13
2.660000000000000000e+02 0.000000000000000000e+00 0.000000000000000000e+00 4.027597348490395088e-13
2.670000000000000000e+02 0.000000000000000000e+00 0.000000000000000000e+00 4.000569397973392700e-13
2.680000000000000000e+02 0.000000000000000000e+00 0.000000000000000000e+00 3.973801724813946438e-13
2.690000000000000000e+02 0.000000000000000000e+00 0.000000000000000000e+00 3.947290962247827332e-13
2.700000000000000000e+02 0.000000000000000000e+00 0.000000000000000000e+00 3.921033671571021125e-13
2.710000000000000000e+02 0.000000000000000000e+00 0.000000000000000000e+00 3.895026631713089461e-13
2.720000000000000000e+02 0.000000000000000000e+00 0.000000000000000000e+00 3.869266549383158996e-13
2.730000000000000000e+02 0.000000000000000000e+00 0.000000000000000000e+00 3.843750342274920329e-13
2.740000000000000000e+02 0.000000000000000000e+00 0.000000000000000000e+00 3.818474855466569549e-13
2.750000000000000000e+02 0.000000000000000000e+00 0.000000000000000000e+00 3.793437138065566168e-13
2.760000000000000000e+02 0.000000000000000000e+00 0.000000000000000000e+00 3.768634165851006957e-13
2.770000000000000000e+02 0.000000000000000000e+00 0.000000000000000000e+00 3.744063112737788659e-13
2.780000000000000000e+02 0.000000000000000000e+00 0.000000000000000000e+00 3.719721077790543013e-13
2.790000000000000000e+02 0.000000000000000000e+00 0.000000000000000000e+00 3.695605352483526772e-13
2.800000000000000000e+02 0.000000000000000000e+00 0.000000000000000000e+00 3.671713152130035630e-13
2.810000000000000000e+02 0.000000000000000000e+00 0.000000000000000000e+00 3.648041879794557384e-13
2.820000000000000000e+02 0.000000000000000000e+00 0.000000000000000000e+00 3.624588860488792490e-13
2.830000000000000000e+02 0.000000000000000000e+00 0.000000000000000000e+00 3.601351601633937490e-13
2.840000000000000000e+02 0.000000000000000000e+00 0.000000000000000000e+00 3.578327532002467532e-13
2.850000000000000000e+02 0.000000000000000000e+00 0.000000000000000000e+00 3.555514256827180920e-13
2.860000000000000000e+02 0.000000000000000000e+00 0.000000000000000000e+00 3.532909302386688938e-13
2.870000000000000000e+02 0.000000000000000000e+00 0.000000000000000000e+00 3.510510365213041196e-13
2.880000000000000000e+02 0.000000000000000000e+00 0.000000000000000000e+00 3.488315063346891786e-13
2.890000000000000000e+02 0.000000000000000000e+00 0.000000000000000000e+00 3.466321179017805247e-13
2.900000000000000000e+02 0.000000000000000000e+00 0.000000000000000000e+00 3.444526415876794219e-13
2.910000000000000000e+02 0.000000000000000000e+00 0.000000000000000000e+00 3.422928636257738659e-13
2.920000000000000000e+02 0.000000000000000000e+00 0.000000000000000000e+00 3.401525623742722674e-13
2.930000000000000000e+02 0.000000000000000000e+00 0.000000000000000000e+00 3.380315315811757734e-13
2.940000000000000000e+02 0.000000000000000000e+00 0.000000000000000000e+00 3.359295570326096026e-13
2.950000000000000000e+02 0.000000000000000000e+00 0.000000000000000000e+00 3.338464394492614628e-13
2.960000000000000000e+02 0.000000000000000000e+00 0.000000000000000000e+00 3.317819715876335003e-13
2.970000000000000000e+02 0.000000000000000000e+00 0.000000000000000000e+00 3.297359606001045770e-13
2.980000000000000000e+02 0.000000000000000000e+00 0.000000000000000000e+00 3.277082057437228526e-13
2.990000000000000000e+02 0.000000000000000000e+00 0.000000000000000000e+00 3.256985201798437059e-13
3.000000000000000000e+02 0.000000000000000000e+00 0.000000000000000000e+00 3.237067091156909542e-13
3.010000000000000000e+02 0.000000000000000000e+00 0.000000000000000000e+00 3.217325913541537670e-13
3.020000000000000000e+02 0.000000000000000000e+00 0.000000000000000000e+00 3.197759776049449525e-13
3.030000000000000000e+02 0.000000000000000000e+00 0.000000000000000000e+00 3.178366918147434522e-13
3.040000000000000000e+02 0.000000000000000000e+00 0.000000000000000000e+00 3.159145498584592847e-13
3.050000000000000000e+02 0.000000000000000000e+00 0.000000000000000000e+00 3.140093805095337935e-13
3.060000000000000000e+02 0.000000000000000000e+00 0.000000000000000000e+00 3.121210043801364272e-13
3.070000000000000000e+02 0.000000000000000000e+00 0.000000000000000000e+00 3.102492546783288063e-13
3.080000000000000000e+02 0.000000000000000000e+00 0.000000000000000000e+00 3.083939564628252548e-13
3.090000000000000000e+02 0.000000000000000000e+00 0.000000000000000000e+00 3.065549470076397739e-13
3.100000000000000000e+02 0.000000000000000000e+00 0.000000000000000000e+00 3.047320555180693871e-13
3.110000000000000000e+02 0.000000000000000000e+00 0.000000000000000000e+00 3.029251230679128495e-13
3.120000000000000000e+02 0.000000000000000000e+00 0.000000000000000000e+00 3.011339826815012050e-13
3.130000000000000000e+02 0.000000000000000000e+00 0.000000000000000000e+00 2.993584789372917439e-13
3.140000000000000000e+02 0.000000000000000000e+00 0.000000000000000000e+00 2.975984484064211292e-13
3.150000000000000000e+02 0.000000000000000000e+00 0.000000000000000000e+00 2.958537389733794519e-13
3.160000000000000000e+02 0.000000000000000000e+00 0.000000000000000000e+00 2.941241905851066690e-13
3.170000000000000000e+02 0.000000000000000000e+00 0.000000000000000000e+00 2.924096541301191225e-13
3.180000000000000000e+02 0.000000000000000000e+00 0.000000000000000000e+00 2.907099726851992914e-13
3.190000000000000000e+02 0.000000000000000000e+00 0.000000000000000000e+00 2.890250000256407540e-13
3.200000000000000000e+02 0.000000000000000000e+00 0.000000000000000000e+00 2.873545821993480315e-13
3.210000000000000000e+02 0.000000000000000000e+00 0.000000000000000000e+00 2.856985757072494906e-13
3.220000000000000000e+02 0.000000000000000000e+00 0.000000000000000000e+00 2.840568293914894907e-13
3.230000000000000000e+02 0.000000000000000000e+00 0.000000000000000000e+00 2.824292023520175230e-13
3.240000000000000000e+02 0.000000000000000000e+00 0.000000000000000000e+00 2.808155461273854515e-13
3.250000000000000000e+02 0.000000000000000000e+00 0.000000000000000000e+00 2.792157222921074394e-13
3.260000000000000000e+02 0.000000000000000000e+00 0.000000000000000000e+00 2.776295849290269969e-13
3.270000000000000000e+02 0.000000000000000000e+00 0.000000000000000000e+00 2.760569979879916284e-13
3.280000000000000000e+02 0.000000000000000000e+00 0.000000000000000000e+00 2.744978180426202672e-13
3.290000000000000000e+02 0.000000000000000000e+00 0.000000000000000000e+00 2.729519113713687073e-13
3.300000000000000000e+02 0.000000000000000000e+00 0.000000000000000000e+00 2.714191369623420182e-13
3.310000000000000000e+02 0.000000000000000000e+00 0.000000000000000000e+00 2.698993633530315482e-13
3.320000000000000000e+02 0.000000000000000000e+00 0.000000000000000000e+00 2.683924518935608971e-13
3.330000000000000000e+02 0.000000000000000000e+00 0.000000000000000000e+00 2.668982733469736715e-13
3.340000000000000000e+02 0.000000000000000000e+00 0.000000000000000000e+00 2.654166913628714122e-13
3.350000000000000000e+02 0.000000000000000000e+00 0.000000000000000000e+00 2.639475789255613069e-13
3.360000000000000000e+02 0.000000000000000000e+00 0.000000000000000000e+00 2.624908020117212561e-13
3.370000000000000000e+02 0.000000000000000000e+00 0.000000000000000000e+00 2.610462357554250279e-13
3.380000000000000000e+02 0.000000000000000000e+00 0.000000000000000000e+00 2.596137484597561612e-13
3.390000000000000000e+02 0.000000000000000000e+00 0.000000000000000000e+00 2.581932174050471609e-13
3.400000000000000000e+02 0.000000000000000000e+00 0.000000000000000000e+00 2.567845132285221308e-13
3.410000000000000000e+02 0.000000000000000000e+00 0.000000000000000000e+00 2.553875153679008807e-13
3.420000000000000000e+02 0.000000000000000000e+00 0.000000000000000000e+00 2.540020967914608438e-13
3.430000000000000000e+02 0.000000000000000000e+00 0.000000000000000000e+00 2.526281391222205732e-13
3.440000000000000000e+02 0.000000000000000000e+00 0.000000000000000000e+00 2.512655176584033970e-13
3.450000000000000000e+02 0.000000000000000000e+00 0.000000000000000000e+00 2.499141162276340396e-13
3.460000000000000000e+02 0.000000000000000000e+00 0.000000000000000000e+00 2.485738124403787255e-13
3.470000000000000000e+02 0.000000000000000000e+00 0.000000000000000000e+00 2.472444923799216105e-13
3.480000000000000000e+02 0.000000000000000000e+00 0.000000000000000000e+00 2.459260359970820224e-13
3.490000000000000000e+02 0.000000000000000000e+00 0.000000000000000000e+00 2.446183316286124083e-13
3.500000000000000000e+02 0.000000000000000000e+00 0.000000000000000000e+00 2.433212615836057965e-13
3.510000000000000000e+02 0.000000000000000000e+00 0.000000000000000000e+00 2.420347164790241235e-13
3.520000000000000000e+02 0.000000000000000000e+00 0.000000000000000000e+00 2.407585810152818112e-13
3.530000000000000000e+02 0.000000000000000000e+00 0.000000000000000000e+00 2.394927480962621920e-13
3.540000000000000000e+02 0.000000000000000000e+00 0.000000000000000000e+00 2.382371048238382344e-13
3.550000000000000000e+02 0.000000000000000000e+00 0.000000000000000000e+00 2.369915464158723683e-13
3.560000000000000000e+02 0.000000000000000000e+00 0.000000000000000000e+00 2.357559624087787390e-13
3.570000000000000000e+02 0.000000000000000000e+00 0.000000000000000000e+00 2.345302503661274908e-13
3.580000000000000000e+02 0.000000000000000000e+00 0.000000000000000000e+00 2.333143022326510984e-13
3.590000000000000000e+02 0.000000000000000000e+00 0.000000000000000000e+00 2.321080179152626047e-13
3.600000000000000000e+02 0.000000000000000000e+00 0.000000000000000000e+00 2.309112918379119973e-13
3.610000000000000000e+02 0.000000000000000000e+00 0.000000000000000000e+00 2.297240262305650587e-13
3.620000000000000000e+02 0.000000000000000000e+00 0.000000000000000000e+00 2.285461179648808972e-13
3.630000000000000000e+02 0.000000000000000000e+00 0.000000000000000000e+00 2.273774716583856527e-13
3.640000000000000000e+02 0.000000000000000000e+00 0.000000000000000000e+00 2.262179866259500877e-13
3.650000000000000000e+02 0.000000000000000000e+00 0.000000000000000000e+00 2.250675698257435694e-13
3.660000000000000000e+02 0.000000000000000000e+00 0.000000000000000000e+00 2.239261230085292737e-13
3.670000000000000000e+02 0.000000000000000000e+00 0.000000000000000000e+00 2.227935555115946998e-13
3.680000000000000000e+02 0.000000000000000000e+00 0.000000000000000000e+00 2.216697715285965586e-13
3.690000000000000000e+02 0.000000000000000000e+00 0.000000000000000000e+00 2.205546827217252899e-13
3.700000000000000000e+02 0.000000000000000000e+00 0.000000000000000000e+00 2.194481957305697056e-13
3.710000000000000000e+02 0.000000000000000000e+00 0.000000000000000000e+00 2.183502245502175402e-13
3.720000000000000000e+02 0.000000000000000000e+00 0.000000000000000000e+00 2.172606782073161465e-13
3.730000000000000000e+02 0.000000000000000000e+00 0.000000000000000000e+00 2.161794730057917349e-13
3.740000000000000000e+02 0.000000000000000000e+00 0.000000000000000000e+00 2.151065203671370767e-13
3.750000000000000000e+02 0.000000000000000000e+00 0.000000000000000000e+00 2.140417388893099266e-13
3.760000000000000000e+02 0.000000000000000000e+00 0.000000000000000000e+00 2.129850423423896200e-13
3.770000000000000000e+02 0.000000000000000000e+00 0.000000000000000000e+00 2.119363515738434592e-13
3.780000000000000000e+02 0.000000000000000000e+00 0.000000000000000000e+00 2.108955826734573607e-13
3.790000000000000000e+02 0.000000000000000000e+00 0.000000000000000000e+00 2.098626586890414654e-13
3.800000000000000000e+02 0.000000000000000000e+00 0.000000000000000000e+00 2.088374980127678390e-13
3.810000000000000000e+02 0.000000000000000000e+00 0.000000000000000000e+00 2.078200258813955832e-13
3.820000000000000000e+02 0.000000000000000000e+00 0.000000000000000000e+00 2.068101629267651893e-13
3.830000000000000000e+02 0.000000000000000000e+00 0.000000000000000000e+00 2.058078365180363427e-13
3.840000000000000000e+02 0.000000000000000000e+00 0.000000000000000000e+00 2.048129695105682990e-13
3.850000000000000000e+02 0.000000000000000000e+00 0.000000000000000000e+00 2.038254913616845573e-13
3.860000000000000000e+02 0.000000000000000000e+00 0.000000000000000000e+00 2.028453270629955324e-13
3.870000000000000000e+02 0.000000000000000000e+00 0.000000000000000000e+00 2.018724081469536772e-13
3.880000000000000000e+02 0.000000000000000000e+00 0.000000000000000000e+00 2.009066617052602419e-13
3.890000000000000000e+02 0.000000000000000000e+00 0.000000000000000000e+00 1.999480212596035649e-13
3.900000000000000000e+02 0.000000000000000000e+00 0.000000000000000000e+00 1.989964159611338953e-13
3.910000000000000000e+02 0.000000000000000000e+00 0.000000000000000000e+00 1.980517812728304349e-13
3.920000000000000000e+02 0.000000000000000000e+00 0.000000000000000000e+00 1.971140483300247519e-13
3.930000000000000000e+02 0.000000000000000000e+00 0.000000000000000000e+00 1.961831544963719846e-13
3.940000000000000000e+02 0.000000000000000000e+00 0.000000000000000000e+00 1.952590328523693735e-13
3.950000000000000000e+02 0.000000000000000000e+00 0.000000000000000000e+00 1.943416225798547769e-13
3.960000000000000000e+02 0.000000000000000000e+00 0.000000000000000000e+00 1.934308586355726593e-13
3.970000000000000000e+02 0.000000000000000000e+00 0.000000000000000000e+00 1.925266819952048795e-13
3.980000000000000000e+02 0.000000000000000000e+00 0.000000000000000000e+00 1.916290294217710379e-13
3.990000000000000000e+02 0.000000000000000000e+00 0.000000000000000000e+00 1.907378435946642964e-13
4.000000000000000000e+02 0.000000000000000000e+00 0.000000000000000000e+00 1.898530630603079532e-13
4.010000000000000000e+02 0.000000000000000000e+00 0.000000000000000000e+00 1.889746321545908634e-13
4.020000000000000000e+02 0.000000000000000000e+00 0.000000000000000000e+00 1.881024911172768467e-13
4.030000000000000000e+02 0.000000000000000000e+00 0.000000000000000000e+00 1.872365858684385130e-13
4.040000000000000000e+02 0.000000000000000000e+00 0.000000000000000000e+00 1.863768582784395583e-13
4.050000000000000000e+02 0.000000000000000000e+00 0.000000000000000000e+00 1.855232558203137886e-13
4.060000000000000000e+02 0.000000000000000000e+00 0.000000000000000000e+00 1.846757219378919101e-13
4.070000000000000000e+02 0.000000000000000000e+00 0.000000000000000000e+00 1.838342055713020333e-13
4.080000000000000000e+02 0.000000000000000000e+00 0.000000000000000000e+00 1.829986516708579661e-13
4.090000000000000000e+02 0.000000000000000000e+00 0.000000000000000000e+00 1.821690105833089305e-13
4.100000000000000000e+02 0.000000000000000000e+00 0.000000000000000000e+00 1.813452287191097539e-13
4.110000000000000000e+02 0.000000000000000000e+00 0.000000000000000000e+00 1.805272578005556831e-13
4.120000000000000000e+02 0.000000000000000000e+00 0.000000000000000000e+00 1.797150456275402060e-13
4.130000000000000000e+02 0.000000000000000000e+00 0.000000000000000000e+00 1.789085452180806303e-13
4.140000000000000000e+02 0.000000000000000000e+00 0.000000000000000000e+00 1.781077057150617062e-13
4.150000000000000000e+02 0.000000000000000000e+00 0.000000000000000000e+00 1.773124813752838318e-13
4.160000000000000000e+02 0.000000000000000000e+00 0.000000000000000000e+00 1.765228226300491175e-13
4.170000000000000000e+02 0.000000000000000000e+00 0.000000000000000000e+00 1.757386849433960061e-13
4.180000000000000000e+02 0.000000000000000000e+00 0.000000000000000000e+00 1.749600199518380249e-13
4.190000000000000000e+02 0.000000000000000000e+00 0.000000000000000000e+00 1.741867842773216015e-13
4.200000000000000000e+02 0.000000000000000000e+00 0.000000000000000000e+00 1.734189307195777742e-13
4.210000000000000000e+02 0.000000000000000000e+00 0.000000000000000000e+00 1.726564169866236211e-13
4.220000000000000000e+02 0.000000000000000000e+00 0.000000000000000000e+00 1.718991970040683933e-13
4.230000000000000000e+02 0.000000000000000000e+00 0.000000000000000000e+00 1.711472295084588153e-13
4.240000000000000000e+02 0.000000000000000000e+00 0.000000000000000000e+00 1.704004695028548993e-13
4.250000000000000000e+02 0.000000000000000000e+00 0.000000000000000000e+00 1.696588767226728565e-13
4.260000000000000000e+02 0.000000000000000000e+00 0.000000000000000000e+00 1.689224071962680664e-13
4.270000000000000000e+02 0.000000000000000000e+00 0.000000000000000000e+00 1.681910216121376346e-13
4.280000000000000000e+02 0.000000000000000000e+00 0.000000000000000000e+00 1.674646769708956119e-13
4.290000000000000000e+02 0.000000000000000000e+00 0.000000000000000000e+00 1.667433348616407806e-13
4.300000000000000000e+02 0.000000000000000000e+00 0.000000000000000000e+00 1.660269532161013262e-13
4.310000000000000000e+02 0.000000000000000000e+00 0.000000000000000000e+00 1.653154945039246616e-13
4.320000000000000000e+02 0.000000000000000000e+00 0.000000000000000000e+00 1.646089175414497443e-13
4.330000000000000000e+02 0.000000000000000000e+00 0.000000000000000000e+00 1.639071856176572891e-13
4.340000000000000000e+02 0.000000000000000000e+00 0.000000000000000000e+00 1.632102583998820088e-13
4.350000000000000000e+02 0.000000000000000000e+00 0.000000000000000000e+00 1.625180999617868325e-13
4.360000000000000000e+02 0.000000000000000000e+00 0.000000000000000000e+00 1.618306707770889761e-13
4.370000000000000000e+02 0.000000000000000000e+00 0.000000000000000000e+00 1.611479356777542006e-13
4.380000000000000000e+02 0.000000000000000000e+00 0.000000000000000000e+00 1.604698559103376126e-13
4.390000000000000000e+02 0.000000000000000000e+00 0.000000000000000000e+00 1.597963970239890929e-13
4.400000000000000000e+02 0.000000000000000000e+00 0.000000000000000000e+00 1.591275210209266600e-13
4.410000000000000000e+02 0.000000000000000000e+00 0.000000000000000000e+00 1.584631941188201544e-13
4.420000000000000000e+02 0.000000000000000000e+00 0.000000000000000000e+00 1.578033790545898036e-13
4.430000000000000000e+02 0.000000000000000000e+00 0.000000000000000000e+00 1.571480426897060659e-13
4.440000000000000000e+02 0.000000000000000000e+00 0.000000000000000000e+00 1.564971484489076450e-13
4.450000000000000000e+02 0.000000000000000000e+00 0.000000000000000000e+00 1.558506638189069388e-13
4.460000000000000000e+02 0.000000000000000000e+00 0.000000000000000000e+00 1.552085528716075525e-13
4.470000000000000000e+02 0.000000000000000000e+00 0.000000000000000000e+00 1.545707837029864243e-13
4.480000000000000000e+02 0.000000000000000000e+00 0.000000000000000000e+00 1.539373210071603274e-13
4.490000000000000000e+02 0.000000000000000000e+00 0.000000000000000000e+00 1.533081334537817790e-13
4.500000000000000000e+02 0.000000000000000000e+00 0.000000000000000000e+00 1.526831863346897321e-13
4.510000000000000000e+02 0.000000000000000000e+00 0.000000000000000000e+00 1.520624488709704948e-13
4.520000000000000000e+02 0.000000000000000000e+00 0.000000000000000000e+00 1.514458869323981449e-13
4.530000000000000000e+02 0.000000000000000000e+00 0.000000000000000000e+00 1.508334702646015608e-13
4.540000000000000000e+02 0.000000000000000000e+00 0.000000000000000000e+00 1.502251652969167312e-13
4.550000000000000000e+02 0.000000000000000000e+00 0.000000000000000000e+00 1.496209422729028503e-13
4.560000000000000000e+02 0.000000000000000000e+00 0.000000000000000000e+00 1.490207681537341151e-13
4.570000000000000000e+02 0.000000000000000000e+00 0.000000000000000000e+00 1.484246136601834127e-13
4.580000000000000000e+02 0.000000000000000000e+00 0.000000000000000000e+00 1.478324462687980941e-13
4.590000000000000000e+02 0.000000000000000000e+00 0.000000000000000000e+00 1.472442371665125579e-13
4.600000000000000000e+02 0.000000000000000000e+00 0.000000000000000000e+00 1.466599543257262959e-13
4.610000000000000000e+02 0.000000000000000000e+00 0.000000000000000000e+00 1.460795693674989081e-13
4.620000000000000000e+02 0.000000000000000000e+00 0.000000000000000000e+00 1.455030507484811776e-13
4.630000000000000000e+02 0.000000000000000000e+00 0.000000000000000000e+00 1.449303705089806957e-13
4.640000000000000000e+02 0.000000000000000000e+00 0.000000000000000000e+00 1.443614975730358364e-13
4.650000000000000000e+02 0.000000000000000000e+00 0.000000000000000000e+00 1.437964043887087693e-13
4.660000000000000000e+02 0.000000000000000000e+00 0.000000000000000000e+00 1.432350603159285026e-13
4.670000000000000000e+02 0.000000000000000000e+00 0.000000000000000000e+00 1.426774382021412002e-13
4.680000000000000000e+02 0.000000000000000000e+00 0.000000000000000000e+00 1.421235078244272837e-13
4.690000000000000000e+02 0.000000000000000000e+00 0.000000000000000000e+00 1.415732424214328014e-13
4.700000000000000000e+02 0.000000000000000000e+00 0.000000000000000000e+00 1.410266121715597379e-13
4.710000000000000000e+02 0.000000000000000000e+00 0.000000000000000000e+00 1.404835906781853313e-13
4.720000000000000000e+02 0.000000000000000000e+00 0.000000000000000000e+00 1.399441485177931701e-13
4.730000000000000000e+02 0.000000000000000000e+00 0.000000000000000000e+00 1.394082596429287063e-13
4.740000000000000000e+02 0.000000000000000000e+00 0.000000000000000000e+00 1.388758950174953679e-13
4.750000000000000000e+02 0.000000000000000000e+00 0.000000000000000000e+00 1.383470289360501990e-13
4.760000000000000000e+02 0.000000000000000000e+00 0.000000000000000000e+00 1.378216327305466879e-13
4.770000000000000000e+02 0.000000000000000000e+00 0.000000000000000000e+00 1.372996810348664971e-13
4.780000000000000000e+02 0.000000000000000000e+00 0.000000000000000000e+00 1.367811455419421038e-13
4.790000000000000000e+02 0.000000000000000000e+00 0.000000000000000000e+00 1.362660011932722756e-13
4.800000000000000000e+02 0.000000000000000000e+00 0.000000000000000000e+00 1.357542200447634763e-13
4.810000000000000000e+02 0.000000000000000000e+00 0.000000000000000000e+00 1.352457773461190214e-13
4.820000000000000000e+02 0.000000000000000000e+00 0.000000000000000000e+00 1.347406454896630216e-13
4.830000000000000000e+02 0.000000000000000000e+00 0.000000000000000000e+00 1.342388000344348569e-13
4.840000000000000000e+02 0.000000000000000000e+00 0.000000000000000000e+00 1.337402136987387842e-13
4.850000000000000000e+02 0.000000000000000000e+00 0.000000000000000000e+00 1.332448623382063203e-13
4.860000000000000000e+02 0.000000000000000000e+00 0.000000000000000000e+00 1.327527189904652705e-13
4.870000000000000000e+02 0.000000000000000000e+00 0.000000000000000000e+00 1.322637598082416095e-13
4.880000000000000000e+02 0.000000000000000000e+00 0.000000000000000000e+00 1.317779581386591506e-13
4.890000000000000000e+02 0.000000000000000000e+00 0.000000000000000000e+00 1.312952904138834427e-13
4.900000000000000000e+02 0.000000000000000000e+00 0.000000000000000000e+00 1.308157302958825564e-13
4.910000000000000000e+02 0.000000000000000000e+00 0.000000000000000000e+00 1.303392544953407808e-13
4.920000000000000000e+02 0.000000000000000000e+00 0.000000000000000000e+00 1.298658369858112241e-13
4.930000000000000000e+02 0.000000000000000000e+00 0.000000000000000000e+00 1.293954547424606187e-13
4.940000000000000000e+02 0.000000000000000000e+00 0.000000000000000000e+00 1.289280820376735395e-13
4.950000000000000000e+02 0.000000000000000000e+00 0.000000000000000000e+00 1.284636961174482176e-13
4.960000000000000000e+02 0.000000000000000000e+00 0.000000000000000000e+00 1.280022715462953516e-13
4.970000000000000000e+02 0.000000000000000000e+00 0.000000000000000000e+00 1.275437858335697030e-13
4.980000000000000000e+02 0.000000000000000000e+00 0.000000000000000000e+00 1.270882138346743914e-13
4.990000000000000000e+02 0.000000000000000000e+00 0.000000000000000000e+00 1.266355333209108062e-13
5.000000000000000000e+02 0.000000000000000000e+00 0.000000000000000000e+00 1.261857194347478688e-13
5.010000000000000000e+02 0.000000000000000000e+00 0.000000000000000000e+00 1.257387502077105476e-13
5.020000000000000000e+02 0.000000000000000000e+00 0.000000000000000000e+00 1.252946010741574565e-13
5.030000000000000000e+02 0.000000000000000000e+00 0.000000000000000000e+00 1.248532503174152132e-13
5.040000000000000000e+02 0.000000000000000000e+00 0.000000000000000000e+00 1.244146736602234981e-13
5.050000000000000000e+02 0.000000000000000000e+00 0.000000000000000000e+00 1.239788496465145438e-13
5.060000000000000000e+02 0.000000000000000000e+00 0.000000000000000000e+00 1.235457542878537623e-13
5.070000000000000000e+02 0.000000000000000000e+00 0.000000000000000000e+00 1.231153663816359347e-13
5.080000000000000000e+02 0.000000000000000000e+00 0.000000000000000000e+00 1.226876622281027882e-13
5.090000000000000000e+02 0.000000000000000000e+00 0.000000000000000000e+00 1.222626208809472856e-13
5.100000000000000000e+02 0.000000000000000000e+00 0.000000000000000000e+00 1.218402189194225473e-13
5.110000000000000000e+02 0.000000000000000000e+00 0.000000000000000000e+00 1.214204356619317773e-13
5.120000000000000000e+02 0.000000000000000000e+00 0.000000000000000000e+00 1.210032479658663650e-13
5.130000000000000000e+02 0.000000000000000000e+00 0.000000000000000000e+00 1.205886354124186206e-13
5.140000000000000000e+02 0.000000000000000000e+00 0.000000000000000000e+00 1.201765751380223511e-13
5.150000000000000000e+02 0.000000000000000000e+00 0.000000000000000000e+00 1.197670469872188745e-13
5.160000000000000000e+02 0.000000000000000000e+00 0.000000000000000000e+00 1.193600283852172169e-13
5.170000000000000000e+02 0.000000000000000000e+00 0.000000000000000000e+00 1.189554994323828802e-13
5.180000000000000000e+02 0.000000000000000000e+00 0.000000000000000000e+00 1.185534378474376171e-13
5.190000000000000000e+02 0.000000000000000000e+00 0.000000000000000000e+00 1.181538239894934073e-13
5.200000000000000000e+02 0.000000000000000000e+00 0.000000000000000000e+00 1.177566358724253083e-13
5.210000000000000000e+02 0.000000000000000000e+00 0.000000000000000000e+00 1.173618541185585226e-13
5.220000000000000000e+02 0.000000000000000000e+00 0.000000000000000000e+00 1.169694570228834498e-13
5.230000000000000000e+02 0.000000000000000000e+00 0.000000000000000000e+00 1.165794254754521376e-13
5.240000000000000000e+02 0.000000000000000000e+00 0.000000000000000000e+00 1.161917380651991244e-13
5.250000000000000000e+02 0.000000000000000000e+00 0.000000000000000000e+00 1.158063759450539164e-13
5.260000000000000000e+02 0.000000000000000000e+00 0.000000000000000000e+00 1.154233179950751076e-13
5.270000000000000000e+02 0.000000000000000000e+00 0.000000000000000000e+00 1.150425456348673275e-13
5.280000000000000000e+02 0.000000000000000000e+00 0.000000000000000000e+00 1.146640380323789720e-13
5.290000000000000000e+02 0.000000000000000000e+00 0.000000000000000000e+00 1.142877768814242608e-13
5.300000000000000000e+02 0.000000000000000000e+00 0.000000000000000000e+00 1.139137416401610467e-13
5.310000000000000000e+02 0.000000000000000000e+00 0.000000000000000000e+00 1.135419142804458806e-13
5.320000000000000000e+02 0.000000000000000000e+00 0.000000000000000000e+00 1.131722745519900385e-13
5.330000000000000000e+02 0.000000000000000000e+00 0.000000000000000000e+00 1.128048047000907434e-13
5.340000000000000000e+02 0.000000000000000000e+00 0.000000000000000000e+00 1.124394847734841412e-13
5.350000000000000000e+02 0.000000000000000000e+00 0.000000000000000000e+00 1.120762972915982856e-13
5.360000000000000000e+02 0.000000000000000000e+00 0.000000000000000000e+00 1.117152226056213957e-13
5.370000000000000000e+02 0.000000000000000000e+00 0.000000000000000000e+00 1.113562435130978956e-13
5.380000000000000000e+02 0.000000000000000000e+00 0.000000000000000000e+00 1.109993406221347483e-13
5.390000000000000000e+02 0.000000000000000000e+00 0.000000000000000000e+00 1.106444970558041093e-13
5.400000000000000000e+02 0.000000000000000000e+00 0.000000000000000000e+00 1.102916937039665163e-13
5.410000000000000000e+02 0.000000000000000000e+00 0.000000000000000000e+00 1.099409139485258627e-13
5.420000000000000000e+02 0.000000000000000000e+00 0.000000000000000000e+00 1.095921390125409097e-13
5.430000000000000000e+02 0.000000000000000000e+00 0.000000000000000000e+00 1.092453525554193108e-13
5.440000000000000000e+02 0.000000000000000000e+00 0.000000000000000000e+00 1.089005360734800203e-13
5.450000000000000000e+02 0.000000000000000000e+00 0.000000000000000000e+00 1.085576735084560834e-13
5.460000000000000000e+02 0.000000000000000000e+00 0.000000000000000000e+00 1.082167466910576879e-13
5.470000000000000000e+02 0.000000000000000000e+00 0.000000000000000000e+00 1.078777398070965170e-13
5.480000000000000000e+02 0.000000000000000000e+00 0.000000000000000000e+00 1.075406349589694583e-13
5.490000000000000000e+02 0.000000000000000000e+00 0.000000000000000000e+00 1.072054166449808645e-13
5.500000000000000000e+02 0.000000000000000000e+00 0.000000000000000000e+00 1.068720673041975415e-13
5.510000000000000000e+02 0.000000000000000000e+00 0.000000000000000000e+00 1.065405716849362664e-13
5.520000000000000000e+02 0.000000000000000000e+00 0.000000000000000000e+00 1.062109125034534871e-13
5.530000000000000000e+02 0.000000000000000000e+00 0.000000000000000000e+00 1.058830748237062557e-13
5.540000000000000000e+02 0.000000000000000000e+00 0.000000000000000000e+00 1.055570416192239562e-13
5.550000000000000000e+02 0.000000000000000000e+00 0.000000000000000000e+00 1.052327982520832771e-13
5.560000000000000000e+02 0.000000000000000000e+00 0.000000000000000000e+00 1.049103280150950701e-13
5.570000000000000000e+02 0.000000000000000000e+00 0.000000000000000000e+00 1.045896165678547373e-13
5.580000000000000000e+02 0.000000000000000000e+00 0.000000000000000000e+00 1.042706474723801437e-13
5.590000000000000000e+02 0.000000000000000000e+00 0.000000000000000000e+00 1.039534066445918207e-13
5.600000000000000000e+02 0.000000000000000000e+00 0.000000000000000000e+00 1.036378779740889021e-13
5.610000000000000000e+02 0.000000000000000000e+00 0.000000000000000000e+00 1.033240476525053437e-13
5.620000000000000000e+02 0.000000000000000000e+00 0.000000000000000000e+00 1.030118998809373433e-13
5.630000000000000000e+02 0.000000000000000000e+00 0.000000000000000000e+00 1.027014210959375495e-13
5.640000000000000000e+02 0.000000000000000000e+00 0.000000000000000000e+00 1.023925958106609811e-13
5.650000000000000000e+02 0.000000000000000000e+00 0.000000000000000000e+00 1.020854107657296891e-13
5.660000000000000000e+02 0.000000000000000000e+00 0.000000000000000000e+00 1.017798507455481988e-13
5.670000000000000000e+02 0.000000000000000000e+00 0.000000000000000000e+00 1.014759027813402521e-13
5.680000000000000000e+02 0.000000000000000000e+00 0.000000000000000000e+00 1.011735519501814560e-13
5.690000000000000000e+02 0.000000000000000000e+00 0.000000000000000000e+00 1.008727855373873341e-13
5.700000000000000000e+02 0.000000000000000000e+00 0.000000000000000000e+00 1.005735889525339474e-13
5.710000000000000000e+02 0.000000000000000000e+00 0.000000000000000000e+00 1.002759497517675486e-13
5.720000000000000000e+02 0.000000000000000000e+00 0.000000000000000000e+00 9.997985362285059451e-14
5.730000000000000000e+02 0.000000000000000000e+00 0.000000000000000000e+00 9.968528839953587707e-14
5.740000000000000000e+02 0.000000000000000000e+00 0.000000000000000000e+00 9.939224006455893173e-14
5.750000000000000000e+02 0.000000000000000000e+00 0.000000000000000000e+00 9.910069672919682072e-14
5.760000000000000000e+02 0.000000000000000000e+00 0.000000000000000000e+00 9.881064463640614670e-14
5.770000000000000000e+02 0.000000000000000000e+00 0.000000000000000000e+00 9.852207221110055281e-14
5.780000000000000000e+02 0.000000000000000000e+00 0.000000000000000000e+00 9.823496597670625369e-14
5.790000000000000000e+02 0.000000000000000000e+00 0.000000000000000000e+00 9.794931461733939506e-14
5.800000000000000000e+02 0.000000000000000000e+00 0.000000000000000000e+00 9.766510493984153642e-14
5.810000000000000000e+02 0.000000000000000000e+00 0.000000000000000000e+00 9.738232590467862520e-14
5.820000000000000000e+02 0.000000000000000000e+00 0.000000000000000000e+00 9.710096463659645091e-14
5.830000000000000000e+02 0.000000000000000000e+00 0.000000000000000000e+00 9.682101029969425863e-14
5.840000000000000000e+02 0.000000000000000000e+00 0.000000000000000000e+00 9.654245032096744509e-14
5.850000000000000000e+02 0.000000000000000000e+00 0.000000000000000000e+00 9.626527413919546135e-14
5.860000000000000000e+02 0.000000000000000000e+00 0.000000000000000000e+00 9.598946947548559897e-14
5.870000000000000000e+02 0.000000000000000000e+00 0.000000000000000000e+00 9.571502599831489915e-14
5.880000000000000000e+02 0.000000000000000000e+00 0.000000000000000000e+00 9.544193168733180030e-14
5.890000000000000000e+02 0.000000000000000000e+00 0.000000000000000000e+00 9.517017648594473554e-14
5.900000000000000000e+02 0.000000000000000000e+00 0.000000000000000000e+00 9.489974864594416093e-14
5.910000000000000000e+02 0.000000000000000000e+00 0.000000000000000000e+00 9.463063834105933768e-14
5.920000000000000000e+02 0.000000000000000000e+00 0.000000000000000000e+00 9.436283409383561910e-14
5.930000000000000000e+02 0.000000000000000000e+00 0.000000000000000000e+00 9.409632631912506156e-14
5.940000000000000000e+02 0.000000000000000000e+00 0.000000000000000000e+00 9.383110380713651485e-14
5.950000000000000000e+02 0.000000000000000000e+00 0.000000000000000000e+00 9.356715721601798454e-14
5.960000000000000000e+02 0.000000000000000000e+00 0.000000000000000000e+00 9.330447559926621372e-14
5.970000000000000000e+02 0.000000000000000000e+00 0.000000000000000000e+00 9.304304985639073134e-14
5.980000000000000000e+02 0.000000000000000000e+00 0.000000000000000000e+00 9.278286926665006058e-14
5.990000000000000000e+02 0.000000000000000000e+00 0.000000000000000000e+00 9.252392493773452715e-14
6.000000000000000000e+02 0.000000000000000000e+00 0.000000000000000000e+00 9.226620641823124048e-14
6.010000000000000000e+02 0.000000000000000000e+00 0.000000000000000000e+00 9.200970506468990121e-14
6.020000000000000000e+02 0.000000000000000000e+00 0.000000000000000000e+00 9.175441064895687958e-14
6.030000000000000000e+02 0.000000000000000000e+00 0.000000000000000000e+00 9.150031472696485446e-14
6.040000000000000000e+02 0.000000000000000000e+00 0.000000000000000000e+00 9.124740727422445495e-14
6.050000000000000000e+02 0.000000000000000000e+00 0.000000000000000000e+00 9.099568011559022209e-14
6.060000000000000000e+02 0.000000000000000000e+00 0.000000000000000000e+00 9.074512341142223164e-14
6.070000000000000000e+02 0.000000000000000000e+00 0.000000000000000000e+00 9.049572919281927519e-14
6.080000000000000000e+02 0.000000000000000000e+00 0.000000000000000000e+00 9.024748785192482997e-14
6.090000000000000000e+02 0.000000000000000000e+00 0.000000000000000000e+00 9.000039162711573716e-14
6.100000000000000000e+02 0.000000000000000000e+00 0.000000000000000000e+00 8.975443109724927035e-14
6.110000000000000000e+02 0.000000000000000000e+00 0.000000000000000000e+00 8.950959870675588199e-14
6.120000000000000000e+02 0.000000000000000000e+00 0.000000000000000000e+00 8.926588525602121944e-14
6.130000000000000000e+02 0.000000000000000000e+00 0.000000000000000000e+00 8.902328333199678628e-14
6.140000000000000000e+02 0.000000000000000000e+00 0.000000000000000000e+00 8.878178394152629328e-14
6.150000000000000000e+02 0.000000000000000000e+00 0.000000000000000000e+00 8.854137986784223181e-14
6.160000000000000000e+02 0.000000000000000000e+00 0.000000000000000000e+00 8.830206231524513235e-14
6.170000000000000000e+02 0.000000000000000000e+00 0.000000000000000000e+00 8.806382419120267849e-14
6.180000000000000000e+02 0.000000000000000000e+00 0.000000000000000000e+00 8.782665689477841817e-14
6.190000000000000000e+02 0.000000000000000000e+00 0.000000000000000000e+00 8.759055353688255454e-14
6.200000000000000000e+02 0.000000000000000000e+00 0.000000000000000000e+00 8.735550564740214159e-14
6.210000000000000000e+02 0.000000000000000000e+00 0.000000000000000000e+00 8.712150651512824647e-14
6.220000000000000000e+02 0.000000000000000000e+00 0.000000000000000000e+00 8.688854782653301370e-14
6.230000000000000000e+02 0.000000000000000000e+00 0.000000000000000000e+00 8.665662303741504385e-14
6.240000000000000000e+02 0.000000000000000000e+00 0.000000000000000000e+00 8.642572399053998376e-14
6.250000000000000000e+02 0.000000000000000000e+00 0.000000000000000000e+00 8.619584427697145416e-14
6.260000000000000000e+02 0.000000000000000000e+00 0.000000000000000000e+00 8.596697592138757520e-14
6.270000000000000000e+02 0.000000000000000000e+00 0.000000000000000000e+00 8.573911265881269621e-14
6.280000000000000000e+02 0.000000000000000000e+00 0.000000000000000000e+00 8.551224665189929711e-14
6.290000000000000000e+02 0.000000000000000000e+00 0.000000000000000000e+00 8.528637175221355665e-14
6.300000000000000000e+02 0.000000000000000000e+00 0.000000000000000000e+00 8.506148029270150408e-14
6.310000000000000000e+02 0.000000000000000000e+00 0.000000000000000000e+00 8.483756627843034116e-14
6.320000000000000000e+02 0.000000000000000000e+00 0.000000000000000000e+00 8.461462214589837880e-14
6.330000000000000000e+02 0.000000000000000000e+00 0.000000000000000000e+00 8.439264204045323989e-14
6.340000000000000000e+02 0.000000000000000000e+00 0.000000000000000000e+00 8.417161854935145842e-14
6.350000000000000000e+02 0.000000000000000000e+00 0.000000000000000000e+00 8.395154592539256237e-14
6.360000000000000000e+02 0.000000000000000000e+00 0.000000000000000000e+00 8.373241689627760252e-14
6.370000000000000000e+02 0.000000000000000000e+00 0.000000000000000000e+00 8.351422583109842903e-14
6.380000000000000000e+02 0.000000000000000000e+00 0.000000000000000000e+00 8.329696559529765646e-14
6.390000000000000000e+02 0.000000000000000000e+00 0.000000000000000000e+00 8.308063064954525276e-14
6.400000000000000000e+02 0.000000000000000000e+00 0.000000000000000000e+00 8.286521401868722643e-14
6.410000000000000000e+02 0.000000000000000000e+00 0.000000000000000000e+00 8.265071026661629779e-14
6.420000000000000000e+02 0.000000000000000000e+00 0.000000000000000000e+00 8.243711253286235430e-14
6.430000000000000000e+02 0.000000000000000000e+00 0.000000000000000000e+00 8.222441549026185202e-14
6.440000000000000000e+02 0.000000000000000000e+00 0.000000000000000000e+00 8.201261240144397404e-14
6.450000000000000000e+02 0.000000000000000000e+00 0.000000000000000000e+00 8.180169804425946346e-14
6.460000000000000000e+02 0.000000000000000000e+00 0.000000000000000000e+00 8.159166580566039171e-14
6.470000000000000000e+02 0.000000000000000000e+00 0.000000000000000000e+00 8.138251056843294069e-14
6.480000000000000000e+02 0.000000000000000000e+00 0.000000000000000000e+00 8.117422581621215107e-14
6.490000000000000000e+02 0.000000000000000000e+00 0.000000000000000000e+00 8.096680653789582887e-14
6.500000000000000000e+02 0.000000000000000000e+00 0.000000000000000000e+00 8.076024632368874619e-14
6.510000000000000000e+02 0.000000000000000000e+00 0.000000000000000000e+00 8.055454028979008370e-14
6.520000000000000000e+02 0.000000000000000000e+00 0.000000000000000000e+00 8.034968213697938544e-14
6.530000000000000000e+02 0.000000000000000000e+00 0.000000000000000000e+00 8.014566704810387529e-14
6.540000000000000000e+02 0.000000000000000000e+00 0.000000000000000000e+00 7.994248885678355030e-14
6.550000000000000000e+02 0.000000000000000000e+00 0.000000000000000000e+00 7.974014283176558188e-14
6.560000000000000000e+02 0.000000000000000000e+00 0.000000000000000000e+00 7.953862292738253561e-14
6.570000000000000000e+02 0.000000000000000000e+00 0.000000000000000000e+00 7.933792452662632508e-14
6.580000000000000000e+02 0.000000000000000000e+00 0.000000000000000000e+00 7.913804165326491394e-14
6.590000000000000000e+02 0.000000000000000000e+00 0.000000000000000000e+00 7.893896979404396619e-14
6.600000000000000000e+02 0.000000000000000000e+00 0.000000000000000000e+00 7.874070308843189477e-14
6.610000000000000000e+02 0.000000000000000000e+00 0.000000000000000000e+00 7.854323709767106804e-14
6.620000000000000000e+02 0.000000000000000000e+00 0.000000000000000000e+00 7.834656609177943679e-14
6.630000000000000000e+02 0.000000000000000000e+00 0.000000000000000000e+00 7.815068572011795977e-14
6.640000000000000000e+02 0.000000000000000000e+00 0.000000000000000000e+00 7.795559032601295205e-14
6.650000000000000000e+02 0.000000000000000000e+00 0.000000000000000000e+00 7.776127566767861002e-14
6.660000000000000000e+02 0.000000000000000000e+00 0.000000000000000000e+00 7.756773620381003566e-14
6.670000000000000000e+02 0.000000000000000000e+00 0.000000000000000000e+00 7.737496776725340990e-14
6.680000000000000000e+02 0.000000000000000000e+00 0.000000000000000000e+00 7.718296490395978996e-14
6.690000000000000000e+02 0.000000000000000000e+00 0.000000000000000000e+00 7.699172357678113591e-14
6.700000000000000000e+02 0.000000000000000000e+00 0.000000000000000000e+00 7.680123840375758062e-14
6.710000000000000000e+02 0.000000000000000000e+00 0.000000000000000000e+00 7.661150543192911514e-14
6.720000000000000000e+02 0.000000000000000000e+00 0.000000000000000000e+00 7.642251940795045428e-14
6.730000000000000000e+02 0.000000000000000000e+00 0.000000000000000000e+00 7.623427645010205234e-14
6.740000000000000000e+02 0.000000000000000000e+00 0.000000000000000000e+00 7.604677139107063325e-14
6.750000000000000000e+02 0.000000000000000000e+00 0.000000000000000000e+00 7.586000045641210401e-14
6.760000000000000000e+02 0.000000000000000000e+00 0.000000000000000000e+00 7.567395857209500609e-14
6.770000000000000000e+02 0.000000000000000000e+00 0.000000000000000000e+00 7.548864205641591808e-14
6.780000000000000000e+02 0.000000000000000000e+00 0.000000000000000000e+00 7.530404592803220278e-14
6.790000000000000000e+02 0.000000000000000000e+00 0.000000000000000000e+00 7.512016657991663739e-14
6.800000000000000000e+02 0.000000000000000000e+00 0.000000000000000000e+00 7.493699914664995980e-14
6.810000000000000000e+02 0.000000000000000000e+00 0.000000000000000000e+00 7.475454007824535882e-14
6.820000000000000000e+02 0.000000000000000000e+00 0.000000000000000000e+00 7.457278463599587615e-14
6.830000000000000000e+02 0.000000000000000000e+00 0.000000000000000000e+00 7.439172934395323454e-14
6.840000000000000000e+02 0.000000000000000000e+00 0.000000000000000000e+00 7.421136955192806562e-14
6.850000000000000000e+02 0.000000000000000000e+00 0.000000000000000000e+00 7.403170187975625223e-14
6.860000000000000000e+02 0.000000000000000000e+00 0.000000000000000000e+00 7.385272177418846290e-14
6.870000000000000000e+02 0.000000000000000000e+00 0.000000000000000000e+00 7.367442594353969924e-14
6.880000000000000000e+02 0.000000000000000000e+00 0.000000000000000000e+00 7.349680990978028414e-14
6.890000000000000000e+02 0.000000000000000000e+00 0.000000000000000000e+00 7.331987050464514578e-14
6.900000000000000000e+02 0.000000000000000000e+00 0.000000000000000000e+00 7.314360331570463911e-14
6.910000000000000000e+02 0.000000000000000000e+00 0.000000000000000000e+00 7.296800526039951689e-14
6.920000000000000000e+02 0.000000000000000000e+00 0.000000000000000000e+00 7.279307204277447487e-14
6.930000000000000000e+02 0.000000000000000000e+00 0.000000000000000000e+00 7.261880066238113135e-14
6.940000000000000000e+02 0.000000000000000000e+00 0.000000000000000000e+00 7.244518690621052075e-14
6.950000000000000000e+02 0.000000000000000000e+00 0.000000000000000000e+00 7.227222784462010643e-14
6.960000000000000000e+02 0.000000000000000000e+00 0.000000000000000000e+00 7.209991938520332854e-14
6.970000000000000000e+02 0.000000000000000000e+00 0.000000000000000000e+00 7.192825867490325849e-14
6.980000000000000000e+02 0.000000000000000000e+00 0.000000000000000000e+00 7.175724170634404754e-14
6.990000000000000000e+02 0.000000000000000000e+00 0.000000000000000000e+00 7.158686572427475874e-14
7.000000000000000000e+02 0.000000000000000000e+00 0.000000000000000000e+00 7.141712681175393905e-14
7.010000000000000000e+02 0.000000000000000000e+00 0.000000000000000000e+00 7.124802229673198791e-14
7.020000000000000000e+02 0.000000000000000000e+00 0.000000000000000000e+00 7.107954835542762116e-14
7.030000000000000000e+02 0.000000000000000000e+00 0.000000000000000000e+00 7.091170239767789058e-14
7.040000000000000000e+02 0.000000000000000000e+00 0.000000000000000000e+00 7.074448068832694239e-14
7.050000000000000000e+02 0.000000000000000000e+00 0.000000000000000000e+00 7.057788071888916120e-14
7.060000000000000000e+02 0.000000000000000000e+00 0.000000000000000000e+00 7.041189885617122452e-14
7.070000000000000000e+02 0.000000000000000000e+00 0.000000000000000000e+00 7.024653267370074048e-14
7.080000000000000000e+02 0.000000000000000000e+00 0.000000000000000000e+00 7.008177861317183584e-14
7.090000000000000000e+02 0.000000000000000000e+00 0.000000000000000000e+00 6.991763434403136965e-14
7.100000000000000000e+02 0.000000000000000000e+00 0.000000000000000000e+00 6.975409639132170988e-14
7.110000000000000000e+02 0.000000000000000000e+00 0.000000000000000000e+00 6.959116248969266660e-14
7.120000000000000000e+02 0.000000000000000000e+00 0.000000000000000000e+00 6.942882926273526463e-14
7.130000000000000000e+02 0.000000000000000000e+00 0.000000000000000000e+00 6.926709453564900965e-14
7.140000000000000000e+02 0.000000000000000000e+00 0.000000000000000000e+00 6.910595501926804535e-14
7.150000000000000000e+02 0.000000000000000000e+00 0.000000000000000000e+00 6.894540860184559267e-14
7.160000000000000000e+02 0.000000000000000000e+00 0.000000000000000000e+00 6.878545207735428788e-14
7.170000000000000000e+02 0.000000000000000000e+00 0.000000000000000000e+00 6.862608341977118778e-14
7.180000000000000000e+02 0.000000000000000000e+00 0.000000000000000000e+00 6.846729951878428741e-14
7.190000000000000000e+02 0.000000000000000000e+00 0.000000000000000000e+00 6.830909840959387339e-14
7.200000000000000000e+02 0.000000000000000000e+00 0.000000000000000000e+00 6.815147706640714182e-14
7.210000000000000000e+02 0.000000000000000000e+00 0.000000000000000000e+00 6.799443360171892721e-14
7.220000000000000000e+02 0.000000000000000000e+00 0.000000000000000000e+00 6.783796507259696152e-14
7.230000000000000000e+02 0.000000000000000000e+00 0.000000000000000000e+00 6.768206964475691468e-14
7.240000000000000000e+02 0.000000000000000000e+00 0.000000000000000000e+00 6.752674446891388804e-14
7.250000000000000000e+02 0.000000000000000000e+00 0.000000000000000000e+00 6.737198778127421827e-14
7.260000000000000000e+02 0.000000000000000000e+00 0.000000000000000000e+00 6.721779680023792871e-14
7.270000000000000000e+02 0.000000000000000000e+00 0.000000000000000000e+00 6.706416984078017764e-14
7.280000000000000000e+02 0.000000000000000000e+00 0.000000000000000000e+00 6.691110417470531923e-14
7.290000000000000000e+02 0.000000000000000000e+00 0.000000000000000000e+00 6.675859819922877573e-14
7.300000000000000000e+02 0.000000000000000000e+00 0.000000000000000000e+00 6.660664925852640176e-14
7.310000000000000000e+02 0.000000000000000000e+00 0.000000000000000000e+00 6.645525580379535871e-14
7.320000000000000000e+02 0.000000000000000000e+00 0.000000000000000000e+00 6.630441525656566170e-14
7.330000000000000000e+02 0.000000000000000000e+00 0.000000000000000000e+00 6.615412612375609761e-14
7.340000000000000000e+02 0.000000000000000000e+00 0.000000000000000000e+00 6.600438587888502598e-14
7.350000000000000000e+02 0.000000000000000000e+00 0.000000000000000000e+00 6.585519309341979619e-14
7.360000000000000000e+02 0.000000000000000000e+00 0.000000000000000000e+00 6.570654530842930575e-14
7.370000000000000000e+02 0.000000000000000000e+00 0.000000000000000000e+00 6.555844115125613652e-14
7.380000000000000000e+02 0.000000000000000000e+00 0.000000000000000000e+00 6.541087820321327219e-14
7.390000000000000000e+02 0.000000000000000000e+00 0.000000000000000000e+00 6.526385515617602942e-14
7.400000000000000000e+02 0.000000000000000000e+00 0.000000000000000000e+00 6.511736963826856209e-14
7.410000000000000000e+02 0.000000000000000000e+00 0.000000000000000000e+00 6.497142039007122910e-14
7.420000000000000000e+02 0.000000000000000000e+00 0.000000000000000000e+00 6.482600511080764972e-14
7.430000000000000000e+02 0.000000000000000000e+00 0.000000000000000000e+00 6.468112257284863361e-14
7.440000000000000000e+02 0.000000000000000000e+00 0.000000000000000000e+00 6.453677051158540649e-14
7.450000000000000000e+02 0.000000000000000000e+00 0.000000000000000000e+00 6.439294776094690136e-14
7.460000000000000000e+02 0.000000000000000000e+00 0.000000000000000000e+00 6.424965209663471966e-14
7.470000000000000000e+02 0.000000000000000000e+00 0.000000000000000000e+00 6.410688239163225308e-14
7.480000000000000000e+02 0.000000000000000000e+00 0.000000000000000000e+00 6.396463646004906187e-14
7.490000000000000000e+02 0.000000000000000000e+00 0.000000000000000000e+00 6.382291320903597152e-14
7.500000000000000000e+02 0.000000000000000000e+00 0.000000000000000000e+00 6.368171050693127690e-14
7.510000000000000000e+02 0.000000000000000000e+00 0.000000000000000000e+00 6.354102728096592340e-14
7.520000000000000000e+02 0.000000000000000000e+00 0.000000000000000000e+00 6.340086142500863514e-14
7.530000000000000000e+02 0.000000000000000000e+00 0.000000000000000000e+00 6.326121191041446552e-14
7.540000000000000000e+02 0.000000000000000000e+00 0.000000000000000000e+00 6.312207665765048368e-14
7.550000000000000000e+02 0.000000000000000000e+00 0.000000000000000000e+00 6.298345465464104055e-14
7.560000000000000000e+02 0.000000000000000000e+00 0.000000000000000000e+00 6.284534386694133918e-14
7.570000000000000000e+02 0.000000000000000000e+00 0.000000000000000000e+00 6.270774329858779168e-14
7.580000000000000000e+02 0.000000000000000000e+00 0.000000000000000000e+00 6.257065093547808977e-14
7.590000000000000000e+02 0.000000000000000000e+00 0.000000000000000000e+00 6.243406580465262473e-14
7.600000000000000000e+02 0.000000000000000000e+00 0.000000000000000000e+00 6.229798592220784494e-14
7.610000000000000000e+02 0.000000000000000000e+00 0.000000000000000000e+00 6.216241033121923525e-14
7.620000000000000000e+02 0.000000000000000000e+00 0.000000000000000000e+00 6.202733705235711006e-14
7.630000000000000000e+02 0.000000000000000000e+00 0.000000000000000000e+00 6.189276515306925998e-14
7.640000000000000000e+02 0.000000000000000000e+00 0.000000000000000000e+00 6.175869267503108075e-14
7.650000000000000000e+02 0.000000000000000000e+00 0.000000000000000000e+00 6.162511868186556141e-14
7.660000000000000000e+02 0.000000000000000000e+00 0.000000000000000000e+00 6.149204124100359849e-14
7.670000000000000000e+02 0.000000000000000000e+00 0.000000000000000000e+00 6.135945941712368953e-14
7.680000000000000000e+02 0.000000000000000000e+00 0.000000000000000000e+00 6.122737130285109295e-14
7.690000000000000000e+02 0.000000000000000000e+00 0.000000000000000000e+00 6.109577595676497263e-14
7.700000000000000000e+02 0.000000000000000000e+00 0.000000000000000000e+00 6.096467146199719506e-14
7.710000000000000000e+02 0.000000000000000000e+00 0.000000000000000000e+00 6.083405690799765140e-14
7.720000000000000000e+02 0.000000000000000000e+00 0.000000000000000000e+00 6.070393037278507682e-14
7.730000000000000000e+02 0.000000000000000000e+00 0.000000000000000000e+00 6.057429093079134411e-14
7.740000000000000000e+02 0.000000000000000000e+00 0.000000000000000000e+00 6.044513667762845269e-14
7.750000000000000000e+02 0.000000000000000000e+00 0.000000000000000000e+00 6.031646669005597040e-14
7.760000000000000000e+02 0.000000000000000000e+00 0.000000000000000000e+00 6.018827905650991298e-14
7.770000000000000000e+02 0.000000000000000000e+00 0.000000000000000000e+00 6.006057285959258127e-14
7.780000000000000000e+02 0.000000000000000000e+00 0.000000000000000000e+00 5.993334618150485968e-14
7.790000000000000000e+02 0.000000000000000000e+00 0.000000000000000000e+00 5.980659808647685720e-14
7.800000000000000000e+02 0.000000000000000000e+00 0.000000000000000000e+00 5.968032667203650814e-14
7.810000000000000000e+02 0.000000000000000000e+00 0.000000000000000000e+00 5.955453098776987368e-14
7.820000000000000000e+02 0.000000000000000000e+00 0.000000000000000000e+00 5.942920911972019669e-14
7.830000000000000000e+02 0.000000000000000000e+00 0.000000000000000000e+00 5.930436011233243718e-14
7.840000000000000000e+02 0.000000000000000000e+00 0.000000000000000000e+00 5.917998205104880171e-14
7.850000000000000000e+02 0.000000000000000000e+00 0.000000000000000000e+00 5.905607395549379583e-14
7.860000000000000000e+02 0.000000000000000000e+00 0.000000000000000000e+00 5.893263390472731227e-14
7.870000000000000000e+02 0.000000000000000000e+00 0.000000000000000000e+00 5.880966091752224019e-14
7.880000000000000000e+02 0.000000000000000000e+00 0.000000000000000000e+00 5.868715304946031831e-14
7.890000000000000000e+02 0.000000000000000000e+00 0.000000000000000000e+00 5.856510930883447549e-14
7.900000000000000000e+02 0.000000000000000000e+00 0.000000000000000000e+00 5.844352774151051137e-14
7.910000000000000000e+02 0.000000000000000000e+00 0.000000000000000000e+00 5.832240733888435810e-14
7.920000000000000000e+02 0.000000000000000000e+00 0.000000000000000000e+00 5.820174613134163808e-14
7.930000000000000000e+02 0.000000000000000000e+00 0.000000000000000000e+00 5.808154310274694634e-14
7.940000000000000000e+02 0.000000000000000000e+00 0.000000000000000000e+00 5.796179625459847527e-14
7.950000000000000000e+02 0.000000000000000000e+00 0.000000000000000000e+00 5.784250455153860204e-14
7.960000000000000000e+02 0.000000000000000000e+00 0.000000000000000000e+00 5.772366599158299476e-14
7.970000000000000000e+02 0.000000000000000000e+00 0.000000000000000000e+00 5.760527950921878121e-14
7.980000000000000000e+02 0.000000000000000000e+00 0.000000000000000000e+00 5.748734308546869468e-14
7.990000000000000000e+02 0.000000000000000000e+00 0.000000000000000000e+00 5.736985563663441029e-14
8.000000000000000000e+02 0.000000000000000000e+00 0.000000000000000000e+00 5.725281511456264705e-14
8.010000000000000000e+02 0.000000000000000000e+00 0.000000000000000000e+00 5.713622042036269190e-14
8.020000000000000000e+02 0.000000000000000000e+00 0.000000000000000000e+00 5.702006949148204061e-14
8.030000000000000000e+02 0.000000000000000000e+00 0.000000000000000000e+00 5.690436118625009108e-14
8.040000000000000000e+02 0.000000000000000000e+00 0.000000000000000000e+00 5.678909343055902880e-14
8.050000000000000000e+02 0.000000000000000000e+00 0.000000000000000000e+00 5.667426505982863922e-14
8.060000000000000000e+02 0.000000000000000000e+00 0.000000000000000000e+00 5.655987399016865200e-14
8.070000000000000000e+02 0.000000000000000000e+00 0.000000000000000000e+00 5.644591901835203303e-14
8.080000000000000000e+02 0.000000000000000000e+00 0.000000000000000000e+00 5.633239803483869965e-14
8.090000000000000000e+02 0.000000000000000000e+00 0.000000000000000000e+00 5.621930982140764385e-14
8.100000000000000000e+02 0.000000000000000000e+00 0.000000000000000000e+00 5.610665224309908451e-14
8.110000000000000000e+02 0.000000000000000000e+00 0.000000000000000000e+00 5.599442404735294892e-14
8.120000000000000000e+02 0.000000000000000000e+00 0.000000000000000000e+00 5.588262307421717497e-14
8.130000000000000000e+02 0.000000000000000000e+00 0.000000000000000000e+00 5.577124804856414018e-14
8.140000000000000000e+02 0.000000000000000000e+00 0.000000000000000000e+00 5.566029679316006144e-14
8.150000000000000000e+02 0.000000000000000000e+00 0.000000000000000000e+00 5.554976799583059062e-14
8.160000000000000000e+02 0.000000000000000000e+00 0.000000000000000000e+00 5.543965945917415391e-14
8.170000000000000000e+02 0.000000000000000000e+00 0.000000000000000000e+00 5.532996984568906456e-14
8.180000000000000000e+02 0.000000000000000000e+00 0.000000000000000000e+00 5.522069692512245676e-14
8.190000000000000000e+02 0.000000000000000000e+00 0.000000000000000000e+00 5.511183934329953214e-14
8.200000000000000000e+02 0.000000000000000000e+00 0.000000000000000000e+00 5.500339483981867568e-14
8.210000000000000000e+02 0.000000000000000000e+00 0.000000000000000000e+00 5.489536202738254877e-14
8.220000000000000000e+02 0.000000000000000000e+00 0.000000000000000000e+00 5.478773862764898404e-14
8.230000000000000000e+02 0.000000000000000000e+00 0.000000000000000000e+00 5.468052323109644322e-14
8.240000000000000000e+02 0.000000000000000000e+00 0.000000000000000000e+00 5.457371352826085202e-14
8.250000000000000000e+02 0.000000000000000000e+00 0.000000000000000000e+00 5.446730808318597481e-14
8.260000000000000000e+02 0.000000000000000000e+00 0.000000000000000000e+00 5.436130455896544363e-14
8.270000000000000000e+02 0.000000000000000000e+00 0.000000000000000000e+00 5.425570149387761401e-14
8.280000000000000000e+02 0.000000000000000000e+00 0.000000000000000000e+00 5.415049653227186149e-14
8.290000000000000000e+02 0.000000000000000000e+00 0.000000000000000000e+00 5.404568817808963521e-14
8.300000000000000000e+02 0.000000000000000000e+00 0.000000000000000000e+00 5.394127405480961340e-14
8.310000000000000000e+02 0.000000000000000000e+00 0.000000000000000000e+00 5.383725264557356424e-14
8.320000000000000000e+02 0.000000000000000000e+00 0.000000000000000000e+00 5.373362154440980481e-14
8.330000000000000000e+02 0.000000000000000000e+00 0.000000000000000000e+00 5.363037922041427082e-14
8.340000000000000000e+02 0.000000000000000000e+00 0.000000000000000000e+00 5.352752324346803244e-14
8.350000000000000000e+02 0.000000000000000000e+00 0.000000000000000000e+00 5.342505205563024413e-14
8.360000000000000000e+02 0.000000000000000000e+00 0.000000000000000000e+00 5.332296321371015958e-14
8.370000000000000000e+02 0.000000000000000000e+00 0.000000000000000000e+00 5.322125512674174476e-14
8.380000000000000000e+02 0.000000000000000000e+00 0.000000000000000000e+00 5.311992534598309600e-14
8.390000000000000000e+02 0.000000000000000000e+00 0.000000000000000000e+00 5.301897225368903363e-14
8.400000000000000000e+02 0.000000000000000000e+00 0.000000000000000000e+00 5.291839338209490435e-14
8.410000000000000000e+02 0.000000000000000000e+00 0.000000000000000000e+00 5.281818709078121114e-14
8.420000000000000000e+02 0.000000000000000000e+00 0.000000000000000000e+00 5.271835090438835616e-14
8.430000000000000000e+02 0.000000000000000000e+00 0.000000000000000000e+00 5.261888316308216774e-14
8.440000000000000000e+02 0.000000000000000000e+00 0.000000000000000000e+00 5.251978137326205323e-14
8.450000000000000000e+02 0.000000000000000000e+00 0.000000000000000000e+00 5.242104386494050059e-14
8.460000000000000000e+02 0.000000000000000000e+00 0.000000000000000000e+00 5.232266812363660836e-14
8.470000000000000000e+02 0.000000000000000000e+00 0.000000000000000000e+00 5.222465246745321686e-14
8.480000000000000000e+02 0.000000000000000000e+00 0.000000000000000000e+00 5.212699437648337426e-14
8.490000000000000000e+02 0.000000000000000000e+00 0.000000000000000000e+00 5.202969214829086698e-14
8.500000000000000000e+02 0.000000000000000000e+00 0.000000000000000000e+00 5.193274324813502166e-14
8.510000000000000000e+02 0.000000000000000000e+00 0.000000000000000000e+00 5.183614596806962694e-14
8.520000000000000000e+02 0.000000000000000000e+00 0.000000000000000000e+00 5.173989777185287657e-14
8.530000000000000000e+02 0.000000000000000000e+00 0.000000000000000000e+00 5.164399693711058354e-14
8.540000000000000000e+02 0.000000000000000000e+00 0.000000000000000000e+00 5.154844091633121160e-14
8.550000000000000000e+02 0.000000000000000000e+00 0.000000000000000000e+00 5.145322797736746433e-14
8.560000000000000000e+02 0.000000000000000000e+00 0.000000000000000000e+00 5.135835557619432456e-14
8.570000000000000000e+02 0.000000000000000000e+00 0.000000000000000000e+00 5.126382197318649839e-14
8.580000000000000000e+02 0.000000000000000000e+00 0.000000000000000000e+00 5.116962461749393973e-14
8.590000000000000000e+02 0.000000000000000000e+00 0.000000000000000000e+00 5.107576176558914378e-14
8.600000000000000000e+02 0.000000000000000000e+00 0.000000000000000000e+00 5.098223086550223537e-14
8.610000000000000000e+02 0.000000000000000000e+00 0.000000000000000000e+00 5.088903017106899575e-14
8.620000000000000000e+02 0.000000000000000000e+00 0.000000000000000000e+00 5.079615713207186859e-14
8.630000000000000000e+02 0.000000000000000000e+00 0.000000000000000000e+00 5.070360999359442534e-14
8.640000000000000000e+02 0.000000000000000000e+00 0.000000000000000000e+00 5.061138620952263788e-14
8.650000000000000000e+02 0.000000000000000000e+00 0.000000000000000000e+00 5.051948402407436907e-14
8.660000000000000000e+02 0.000000000000000000e+00 0.000000000000000000e+00 5.042790089677507537e-14
8.670000000000000000e+02 0.000000000000000000e+00 0.000000000000000000e+00 5.033663507346037773e-14
8.680000000000000000e+02 0.000000000000000000e+00 0.000000000000000000e+00 5.024568401462238381e-14
8.690000000000000000e+02 0.000000000000000000e+00 0.000000000000000000e+00 5.015504597777181810e-14
8.700000000000000000e+02 0.000000000000000000e+00 0.000000000000000000e+00 5.006471842308472641e-14
8.710000000000000000e+02 0.000000000000000000e+00 0.000000000000000000e+00 4.997469961734813695e-14
8.720000000000000000e+02 0.000000000000000000e+00 0.000000000000000000e+00 4.988498702757083637e-14
8.730000000000000000e+02 0.000000000000000000e+00 0.000000000000000000e+00 4.979557892432726244e-14
8.740000000000000000e+02 0.000000000000000000e+00 0.000000000000000000e+00 4.970647279131992480e-14
8.750000000000000000e+02 0.000000000000000000e+00 0.000000000000000000e+00 4.961766690107073793e-14
8.760000000000000000e+02 0.000000000000000000e+00 0.000000000000000000e+00 4.952915874557551879e-14
8.770000000000000000e+02 0.000000000000000000e+00 0.000000000000000000e+00 4.944094661285645299e-14
8.780000000000000000e+02 0.000000000000000000e+00 0.000000000000000000e+00 4.935302800950895141e-14
8.790000000000000000e+02 0.000000000000000000e+00 0.000000000000000000e+00 4.926540122361738082e-14
8.800000000000000000e+02 0.000000000000000000e+00 0.000000000000000000e+00 4.917806378520428889e-14
8.810000000000000000e+02 0.000000000000000000e+00 0.000000000000000000e+00 4.909101399202904275e-14
8.820000000000000000e+02 0.000000000000000000e+00 0.000000000000000000e+00 4.900424939712510489e-14
8.830000000000000000e+02 0.000000000000000000e+00 0.000000000000000000e+00 4.891776830390300846e-14
8.840000000000000000e+02 0.000000000000000000e+00 0.000000000000000000e+00 4.883156828165749174e-14
8.850000000000000000e+02 0.000000000000000000e+00 0.000000000000000000e+00 4.874564765345940751e-14
8.860000000000000000e+02 0.000000000000000000e+00 0.000000000000000000e+00 4.866000400981440502e-14
8.870000000000000000e+02 0.000000000000000000e+00 0.000000000000000000e+00 4.857463568615714769e-14
8.880000000000000000e+02 0.000000000000000000e+00 0.000000000000000000e+00 4.848954028986586465e-14
8.890000000000000000e+02 0.000000000000000000e+00 0.000000000000000000e+00 4.840471617297663930e-14
8.900000000000000000e+02 0.000000000000000000e+00 0.000000000000000000e+00 4.832016096617969540e-14
8.910000000000000000e+02 0.000000000000000000e+00 0.000000000000000000e+00 4.823587304085449063e-14
8.920000000000000000e+02 0.000000000000000000e+00 0.000000000000000000e+00 4.815185004599181200e-14
8.930000000000000000e+02 0.000000000000000000e+00 0.000000000000000000e+00 4.806809037565531109e-14
8.940000000000000000e+02 0.000000000000000000e+00 0.000000000000000000e+00 4.798459170263255928e-14
8.950000000000000000e+02 0.000000000000000000e+00 0.000000000000000000e+00 4.790135243860541935e-14
8.960000000000000000e+02 0.000000000000000000e+00 0.000000000000000000e+00 4.781837028342541231e-14
8.970000000000000000e+02 0.000000000000000000e+00 0.000000000000000000e+00 4.773564367123198980e-14
8.980000000000000000e+02 0.000000000000000000e+00 0.000000000000000000e+00 4.765317033052663049e-14
8.990000000000000000e+02 0.000000000000000000e+00 0.000000000000000000e+00 4.757094871514490101e-14
9.000000000000000000e+02 0.000000000000000000e+00 0.000000000000000000e+00 4.748897657666093425e-14
9.010000000000000000e+02 0.000000000000000000e+00 0.000000000000000000e+00 4.740725239993948424e-14
9.020000000000000000e+02 0.000000000000000000e+00 0.000000000000000000e+00 4.732577395987552006e-14
9.030000000000000000e+02 0.000000000000000000e+00 0.000000000000000000e+00 4.724453977051378587e-14
9.040000000000000000e+02 0.000000000000000000e+00 0.000000000000000000e+00 4.716354763491539053e-14
9.050000000000000000e+02 0.000000000000000000e+00 0.000000000000000000e+00 4.708279608494589410e-14
9.060000000000000000e+02 0.000000000000000000e+00 0.000000000000000000e+00 4.700228296147991654e-14
9.070000000000000000e+02 0.000000000000000000e+00 0.000000000000000000e+00 4.692200681535109633e-14
9.080000000000000000e+02 0.000000000000000000e+00 0.000000000000000000e+00 4.684196552404697497e-14
9.090000000000000000e+02 0.000000000000000000e+00 0.000000000000000000e+00 4.676215766341314929e-14
9.100000000000000000e+02 0.000000000000000000e+00 0.000000000000000000e+00 4.668258114141303483e-14
9.110000000000000000e+02 0.000000000000000000e+00 0.000000000000000000e+00 4.660323456276947265e-14
9.120000000000000000e+02 0.000000000000000000e+00 0.000000000000000000e+00 4.652411586996586984e-14
9.130000000000000000e+02 0.000000000000000000e+00 0.000000000000000000e+00 4.644522369109807576e-14
9.140000000000000000e+02 0.000000000000000000e+00 0.000000000000000000e+00 4.636655600548547737e-14
9.150000000000000000e+02 0.000000000000000000e+00 0.000000000000000000e+00 4.628811146377666845e-14
9.160000000000000000e+02 0.000000000000000000e+00 0.000000000000000000e+00 4.620988808243380700e-14
9.170000000000000000e+02 0.000000000000000000e+00 0.000000000000000000e+00 4.613188453991384345e-14
9.180000000000000000e+02 0.000000000000000000e+00 0.000000000000000000e+00 4.605409888530771222e-14
9.190000000000000000e+02 0.000000000000000000e+00 0.000000000000000000e+00 4.597652982703130036e-14
9.200000000000000000e+02 0.000000000000000000e+00 0.000000000000000000e+00 4.589917544406590480e-14
9.210000000000000000e+02 0.000000000000000000e+00 0.000000000000000000e+00 4.582203447791097681e-14
9.220000000000000000e+02 0.000000000000000000e+00 0.000000000000000000e+00 4.574510503492173479e-14
9.230000000000000000e+02 0.000000000000000000e+00 0.000000000000000000e+00 4.566838588940950418e-14
9.240000000000000000e+02 0.000000000000000000e+00 0.000000000000000000e+00 4.559187518283737933e-14
9.250000000000000000e+02 0.000000000000000000e+00 0.000000000000000000e+00 4.551557172389102826e-14
9.260000000000000000e+02 0.000000000000000000e+00 0.000000000000000000e+00 4.543947368871578345e-14
9.270000000000000000e+02 0.000000000000000000e+00 0.000000000000000000e+00 4.536357990866888503e-14
9.280000000000000000e+02 0.000000000000000000e+00 0.000000000000000000e+00 4.528788859733518076e-14
9.290000000000000000e+02 0.000000000000000000e+00 0.000000000000000000e+00 4.521239862141580758e-14
9.300000000000000000e+02 0.000000000000000000e+00 0.000000000000000000e+00 4.513710822641636489e-14
9.310000000000000000e+02 0.000000000000000000e+00 0.000000000000000000e+00 4.506201630776048462e-14
9.320000000000000000e+02 0.000000000000000000e+00 0.000000000000000000e+00 4.498712113982180915e-14
9.330000000000000000e+02 0.000000000000000000e+00 0.000000000000000000e+00 4.491242165599755081e-14
9.340000000000000000e+02 0.000000000000000000e+00 0.000000000000000000e+00 4.483791616509908742e-14
9.350000000000000000e+02 0.000000000000000000e+00 0.000000000000000000e+00 4.476360363062062491e-14
9.360000000000000000e+02 0.000000000000000000e+00 0.000000000000000000e+00 4.468948239049008787e-14
9.370000000000000000e+02 0.000000000000000000e+00 0.000000000000000000e+00 4.461555144176931041e-14
9.380000000000000000e+02 0.000000000000000000e+00 0.000000000000000000e+00 4.454180915487337091e-14
9.390000000000000000e+02 0.000000000000000000e+00 0.000000000000000000e+00 4.446825455518159095e-14
9.400000000000000000e+02 0.000000000000000000e+00 0.000000000000000000e+00 4.439488604849854820e-14
9.410000000000000000e+02 0.000000000000000000e+00 0.000000000000000000e+00 4.432170269645689145e-14
9.420000000000000000e+02 0.000000000000000000e+00 0.000000000000000000e+00 4.424870292947179689e-14
9.430000000000000000e+02 0.000000000000000000e+00 0.000000000000000000e+00 4.417588584359419860e-14
9.440000000000000000e+02 0.000000000000000000e+00 0.000000000000000000e+00 4.410324989940925810e-14
9.450000000000000000e+02 0.000000000000000000e+00 0.000000000000000000e+00 4.403079422306072524e-14
9.460000000000000000e+02 0.000000000000000000e+00 0.000000000000000000e+00 4.395851731106260187e-14
9.470000000000000000e+02 0.000000000000000000e+00 0.000000000000000000e+00 4.388641831705073071e-14
9.480000000000000000e+02 0.000000000000000000e+00 0.000000000000000000e+00 4.381449577317056597e-14
9.490000000000000000e+02 0.000000000000000000e+00 0.000000000000000000e+00 4.374274886250631728e-14
9.500000000000000000e+02 0.000000000000000000e+00 0.000000000000000000e+00 4.367117614719345031e-14
9.510000000000000000e+02 0.000000000000000000e+00 0.000000000000000000e+00 4.359977683479440867e-14
9.520000000000000000e+02 0.000000000000000000e+00 0.000000000000000000e+00 4.352854951957871135e-14
9.530000000000000000e+02 0.000000000000000000e+00 0.000000000000000000e+00 4.345749343826450781e-14
9.540000000000000000e+02 0.000000000000000000e+00 0.000000000000000000e+00 4.338660721879107429e-14
9.550000000000000000e+02 0.000000000000000000e+00 0.000000000000000000e+00 4.331589012643275073e-14
9.560000000000000000e+02 0.000000000000000000e+00 0.000000000000000000e+00 4.324534081661582596e-14
9.570000000000000000e+02 0.000000000000000000e+00 0.000000000000000000e+00 4.317495857947180480e-14
9.580000000000000000e+02 0.000000000000000000e+00 0.000000000000000000e+00 4.310474210614865524e-14
9.590000000000000000e+02 0.000000000000000000e+00 0.000000000000000000e+00 4.303469071444346754e-14
9.600000000000000000e+02 0.000000000000000000e+00 0.000000000000000000e+00 4.296480312341717560e-14
9.610000000000000000e+02 0.000000000000000000e+00 0.000000000000000000e+00 4.289507867963137624e-14
9.620000000000000000e+02 0.000000000000000000e+00 0.000000000000000000e+00 4.282551613222455311e-14
9.630000000000000000e+02 0.000000000000000000e+00 0.000000000000000000e+00 4.275611485565056925e-14
9.640000000000000000e+02 0.000000000000000000e+00 0.000000000000000000e+00 4.268687362607127262e-14
9.650000000000000000e+02 0.000000000000000000e+00 0.000000000000000000e+00 4.261779184598357219e-14
9.660000000000000000e+02 0.000000000000000000e+00 0.000000000000000000e+00 4.254886832041191891e-14
9.670000000000000000e+02 0.000000000000000000e+00 0.000000000000000000e+00 4.248010247984371690e-14
9.680000000000000000e+02 0.000000000000000000e+00 0.000000000000000000e+00 4.241149315362708486e-14
9.690000000000000000e+02 0.000000000000000000e+00 0.000000000000000000e+00 4.234303980064568689e-14
9.700000000000000000e+02 0.000000000000000000e+00 0.000000000000000000e+00 4.227474128245401777e-14
9.710000000000000000e+02 0.000000000000000000e+00 0.000000000000000000e+00 4.220659707544777844e-14
9.720000000000000000e+02 0.000000000000000000e+00 0.000000000000000000e+00 4.213860607685851224e-14
9.730000000000000000e+02 0.000000000000000000e+00 0.000000000000000000e+00 4.207076778627219665e-14
9.740000000000000000e+02 0.000000000000000000e+00 0.000000000000000000e+00 4.200308113343151649e-14
9.750000000000000000e+02 0.000000000000000000e+00 0.000000000000000000e+00 4.193554564234380319e-14
9.760000000000000000e+02 0.000000000000000000e+00 0.000000000000000000e+00 4.186816026378160578e-14
9.770000000000000000e+02 0.000000000000000000e+00 0.000000000000000000e+00 4.180092455144864051e-14
9.780000000000000000e+02 0.000000000000000000e+00 0.000000000000000000e+00 4.173383748663780323e-14
9.790000000000000000e+02 0.000000000000000000e+00 0.000000000000000000e+00 4.166689864070461424e-14
9.800000000000000000e+02 0.000000000000000000e+00 0.000000000000000000e+00 4.160010702896767332e-14
9.810000000000000000e+02 0.000000000000000000e+00 0.000000000000000000e+00 4.153346224448524441e-14
9.820000000000000000e+02 0.000000000000000000e+00 0.000000000000000000e+00 4.146696332358397478e-14
9.830000000000000000e+02 0.000000000000000000e+00 0.000000000000000000e+00 4.140060989272531373e-14
9.840000000000000000e+02 0.000000000000000000e+00 0.000000000000000000e+00 4.133440100797811195e-14
9.850000000000000000e+02 0.000000000000000000e+00 0.000000000000000000e+00 4.126833632279242269e-14
9.860000000000000000e+02 0.000000000000000000e+00 0.000000000000000000e+00 4.120241492449052878e-14
9.870000000000000000e+02 0.000000000000000000e+00 0.000000000000000000e+00 4.113663648465525286e-14
9.880000000000000000e+02 0.000000000000000000e+00 0.000000000000000000e+00 4.107100011734293837e-14
9.890000000000000000e+02 0.000000000000000000e+00 0.000000000000000000e+00 4.100550551955409323e-14
9.900000000000000000e+02 0.000000000000000000e+00 0.000000000000000000e+00 4.094015183798934316e-14
9.910000000000000000e+02 0.000000000000000000e+00 0.000000000000000000e+00 4.087493878650541181e-14
9.920000000000000000e+02 0.000000000000000000e+00 0.000000000000000000e+00 4.080986553732292858e-14
9.930000000000000000e+02 0.000000000000000000e+00 0.000000000000000000e+00 4.074493183341962572e-14
9.940000000000000000e+02 0.000000000000000000e+00 0.000000000000000000e+00 4.068013687058482890e-14
9.950000000000000000e+02 0.000000000000000000e+00 0.000000000000000000e+00 4.061548041440434865e-14
9.960000000000000000e+02 0.000000000000000000e+00 0.000000000000000000e+00 4.055096168493679748e-14
9.970000000000000000e+02 0.000000000000000000e+00 0.000000000000000000e+00 4.048658047201109515e-14
9.980000000000000000e+02 0.000000000000000000e+00 0.000000000000000000e+00 4.042233602597005393e-14
9.990000000000000000e+02 0.000000000000000000e+00 0.000000000000000000e+00 4.035822815193533750e-14
1.000000000000000000e+03 0.000000000000000000e+00 0.000000000000000000e+00 4.029425613347976646e-14
1.001000000000000000e+03 0.000000000000000000e+00 0.000000000000000000e+00 4.023041979498871011e-14
1.002000000000000000e+03 0.000000000000000000e+00 0.000000000000000000e+00 4.016671844595380296e-14
1.003000000000000000e+03 0.000000000000000000e+00 0.000000000000000000e+00 4.010315193181969356e-14
1.004000000000000000e+03 0.000000000000000000e+00 0.000000000000000000e+00 4.003971958929675950e-14
1.005000000000000000e+03 0.000000000000000000e+00 0.000000000000000000e+00 3.997642128561883321e-14
1.006000000000000000e+03 0.000000000000000000e+00 0.000000000000000000e+00 3.991325637977649471e-14
1.007000000000000000e+03 0.000000000000000000e+00 0.000000000000000000e+00 3.985022476093342996e-14
1.008000000000000000e+03 0.000000000000000000e+00 0.000000000000000000e+00 3.978732581339354112e-14
1.009000000000000000e+03 0.000000000000000000e+00 0.000000000000000000e+00 3.972455944820970666e-14
1.010000000000000000e+03 0.000000000000000000e+00 0.000000000000000000e+00 3.966192506614881938e-14
1.011000000000000000e+03 0.000000000000000000e+00 0.000000000000000000e+00 3.959942260874255373e-14
1.012000000000000000e+03 0.000000000000000000e+00 0.000000000000000000e+00 3.953705149905444481e-14
1.013000000000000000e+03 0.000000000000000000e+00 0.000000000000000000e+00 3.947481169513097643e-14
1.014000000000000000e+03 0.000000000000000000e+00 0.000000000000000000e+00 3.941270263797582588e-14
1.015000000000000000e+03 0.000000000000000000e+00 0.000000000000000000e+00 3.935072431486058993e-14
1.016000000000000000e+03 0.000000000000000000e+00 0.000000000000000000e+00 3.928887618633999882e-14
1.017000000000000000e+03 0.000000000000000000e+00 0.000000000000000000e+00 3.922715826165901010e-14
1.018000000000000000e+03 0.000000000000000000e+00 0.000000000000000000e+00 3.916557002542292442e-14
1.019000000000000000e+03 0.000000000000000000e+00 0.000000000000000000e+00 3.910411150429223639e-14
1.020000000000000000e+03 0.000000000000000000e+00 0.000000000000000000e+00 3.904278220318149590e-14
1.021000000000000000e+03 0.000000000000000000e+00 0.000000000000000000e+00 3.898158216741480092e-14
1.022000000000000000e+03 0.000000000000000000e+00 0.000000000000000000e+00 3.892051092637909144e-14
1.023000000000000000e+03 0.000000000000000000e+00 0.000000000000000000e+00 3.885956854568040746e-14
1.024000000000000000e+03 0.000000000000000000e+00 0.000000000000000000e+00 3.879875457684197796e-14
1.025000000000000000e+03 0.000000000000000000e+00 0.000000000000000000e+00 3.873806910167914856e-14
1.026000000000000000e+03 0.000000000000000000e+00 0.000000000000000000e+00 3.867751168519705876e-14
1.027000000000000000e+03 0.000000000000000000e+00 0.000000000000000000e+00 3.861708243025422809e-14
1.028000000000000000e+03 0.000000000000000000e+00 0.000000000000000000e+00 3.855678092370622076e-14
1.029000000000000000e+03 0.000000000000000000e+00 0.000000000000000000e+00 3.849660728784957492e-14
1.030000000000000000e+03 0.000000000000000000e+00 0.000000000000000000e+00 3.843656113000302028e-14
1.031000000000000000e+03 0.000000000000000000e+00 0.000000000000000000e+00 3.837664258622320206e-14
1.032000000000000000e+03 0.000000000000000000e+00 0.000000000000000000e+00 3.831685127930965833e-14
1.033000000000000000e+03 0.000000000000000000e+00 0.000000000000000000e+00 3.825718736494460621e-14
1.034000000000000000e+03 0.000000000000000000e+00 0.000000000000000000e+00 3.819765048748995432e-14
1.035000000000000000e+03 0.000000000000000000e+00 0.000000000000000000e+00 3.813824081258741496e-14
1.036000000000000000e+03 0.000000000000000000e+00 0.000000000000000000e+00 3.807895800280805311e-14
1.037000000000000000e+03 0.000000000000000000e+00 0.000000000000000000e+00 3.801980224478767516e-14
1.038000000000000000e+03 0.000000000000000000e+00 0.000000000000000000e+00 3.796077321078809843e-14
1.039000000000000000e+03 0.000000000000000000e+00 0.000000000000000000e+00 3.790187110853407606e-14
1.040000000000000000e+03 0.000000000000000000e+00 0.000000000000000000e+00 3.784309562028740485e-14
1.041000000000000000e+03 0.000000000000000000e+00 0.000000000000000000e+00 3.778444696730229472e-14
1.042000000000000000e+03 0.000000000000000000e+00 0.000000000000000000e+00 3.772592485480675097e-14
1.043000000000000000e+03 0.000000000000000000e+00 0.000000000000000000e+00 3.766752951063753552e-14
1.044000000000000000e+03 0.000000000000000000e+00 0.000000000000000000e+00 3.760926065786191002e-14
1.045000000000000000e+03 0.000000000000000000e+00 0.000000000000000000e+00 3.755111853397376429e-14
1.046000000000000000e+03 0.000000000000000000e+00 0.000000000000000000e+00 3.749310287060518062e-14
1.047000000000000000e+03 0.000000000000000000e+00 0.000000000000000000e+00 3.743521392664619062e-14
1.048000000000000000e+03 0.000000000000000000e+00 0.000000000000000000e+00 3.737745144029592273e-14
1.049000000000000000e+03 0.000000000000000000e+00 0.000000000000000000e+00 3.731981568219223247e-14
1.050000000000000000e+03 0.000000000000000000e+00 0.000000000000000000e+00 3.726230641044229546e-14
1.051000000000000000e+03 0.000000000000000000e+00 0.000000000000000000e+00 3.720492389583608487e-14
1.052000000000000000e+03 0.000000000000000000e+00 0.000000000000000000e+00 3.714766791442193455e-14
1.053000000000000000e+03 0.000000000000000000e+00 0.000000000000000000e+00 3.709053874485404775e-14
1.054000000000000000e+03 0.000000000000000000e+00 0.000000000000000000e+00 3.703353616710075963e-14
1.055000000000000000e+03 0.000000000000000000e+00 0.000000000000000000e+00 3.697666047783208947e-14
1.056000000000000000e+03 0.000000000000000000e+00 0.000000000000000000e+00 3.691991146306523162e-14
1.057000000000000000e+03 0.000000000000000000e+00 0.000000000000000000e+00 3.686328942780546747e-14
1.058000000000000000e+03 0.000000000000000000e+00 0.000000000000000000e+00 3.680679416942246341e-14
1.059000000000000000e+03 0.000000000000000000e+00 0.000000000000000000e+00 3.675042598940598953e-14
1.060000000000000000e+03 0.000000000000000000e+00 0.000000000000000000e+00 3.669418470005540343e-14
1.061000000000000000e+03 0.000000000000000000e+00 0.000000000000000000e+00 3.663807061448057933e-14
1.062000000000000000e+03 0.000000000000000000e+00 0.000000000000000000e+00 3.658208354126009562e-14
1.063000000000000000e+03 0.000000000000000000e+00 0.000000000000000000e+00 3.652622380400587496e-14
1.064000000000000000e+03 0.000000000000000000e+00 0.000000000000000000e+00 3.647049121914662101e-14
1.065000000000000000e+03 0.000000000000000000e+00 0.000000000000000000e+00 3.641488610636588689e-14
1.066000000000000000e+03 0.000000000000000000e+00 0.000000000000000000e+00 3.635940829456673472e-14
1.067000000000000000e+03 0.000000000000000000e+00 0.000000000000000000e+00 3.630405810581002884e-14
1.068000000000000000e+03 0.000000000000000000e+00 0.000000000000000000e+00 3.624883536889174825e-14
1.069000000000000000e+03 0.000000000000000000e+00 0.000000000000000000e+00 3.619374040770907401e-14
1.070000000000000000e+03 0.000000000000000000e+00 0.000000000000000000e+00 3.613877305971091202e-14
1.071000000000000000e+03 0.000000000000000000e+00 0.000000000000000000e+00 3.608393364833880994e-14
1.072000000000000000e+03 0.000000000000000000e+00 0.000000000000000000e+00 3.602922200570107901e-14
1.073000000000000000e+03 0.000000000000000000e+00 0.000000000000000000e+00 3.597463846068915977e-14
1.074000000000000000e+03 0.000000000000000000e+00 0.000000000000000000e+00 3.592018284647636357e-14
1.075000000000000000e+03 0.000000000000000000e+00 0.000000000000000000e+00 3.586585548648805694e-14
1.076000000000000000e+03 0.000000000000000000e+00 0.000000000000000000e+00 3.581165621597611135e-14
1.077000000000000000e+03 0.000000000000000000e+00 0.000000000000000000e+00 3.575758535788219537e-14
1.078000000000000000e+03 0.000000000000000000e+00 0.000000000000000000e+00 3.570364274719002459e-14
1.079000000000000000e+03 0.000000000000000000e+00 0.000000000000000000e+00 3.564982870017628275e-14
1.080000000000000000e+03 0.000000000000000000e+00 0.000000000000000000e+00 3.559614305630255654e-14
1.081000000000000000e+03 0.000000000000000000e+00 0.000000000000000000e+00 3.554258612611636112e-14
1.082000000000000000e+03 0.000000000000000000e+00 0.000000000000000000e+00 3.548915774256660532e-14
1.083000000000000000e+03 0.000000000000000000e+00 0.000000000000000000e+00 3.543585821274467214e-14
1.084000000000000000e+03 0.000000000000000000e+00 0.000000000000000000e+00 3.538268736757792284e-14
1.085000000000000000e+03 0.000000000000000000e+00 0.000000000000000000e+00 3.532964550754895407e-14
1.086000000000000000e+03 0.000000000000000000e+00 0.000000000000000000e+00 3.527673246609953599e-14
1.087000000000000000e+03 0.000000000000000000e+00 0.000000000000000000e+00 3.522394853006586145e-14
1.088000000000000000e+03 0.000000000000000000e+00 0.000000000000000000e+00 3.517129352367788153e-14
1.089000000000000000e+03 0.000000000000000000e+00 0.000000000000000000e+00 3.511876773161812936e-14
1.090000000000000000e+03 0.000000000000000000e+00 0.000000000000000000e+00 3.506637097313376347e-14
1.091000000000000000e+03 0.000000000000000000e+00 0.000000000000000000e+00 3.501410352242942662e-14
1.092000000000000000e+03 0.000000000000000000e+00 0.000000000000000000e+00 3.496196519516927110e-14
1.093000000000000000e+03 0.000000000000000000e+00 0.000000000000000000e+00 3.490995625463078989e-14
1.094000000000000000e+03 0.000000000000000000e+00 0.000000000000000000e+00 3.485807650939205019e-14
1.095000000000000000e+03 0.000000000000000000e+00 0.000000000000000000e+00 3.480632621376199798e-14
1.096000000000000000e+03 0.000000000000000000e+00 0.000000000000000000e+00 3.475470516839100178e-14
1.097000000000000000e+03 0.000000000000000000e+00 0.000000000000000000e+00 3.470321361263281406e-14
1.098000000000000000e+03 0.000000000000000000e+00 0.000000000000000000e+00 3.465185133795413713e-14
1.099000000000000000e+03 0.000000000000000000e+00 0.000000000000000000e+00 3.460061857532781472e-14
1.100000000000000000e+03 0.000000000000000000e+00 0.000000000000000000e+00 3.454951510246750394e-14
1.101000000000000000e+03 0.000000000000000000e+00 0.000000000000000000e+00 3.449854114146086201e-14
1.102000000000000000e+03 0.000000000000000000e+00 0.000000000000000000e+00 3.444769645332976678e-14
1.103000000000000000e+03 0.000000000000000000e+00 0.000000000000000000e+00 3.439698125152522434e-14
1.104000000000000000e+03 0.000000000000000000e+00 0.000000000000000000e+00 3.434639528416704000e-14
1.105000000000000000e+03 0.000000000000000000e+00 0.000000000000000000e+00 3.429593874959717325e-14
1.106000000000000000e+03 0.000000000000000000e+00 0.000000000000000000e+00 3.424561138740387975e-14
1.107000000000000000e+03 0.000000000000000000e+00 0.000000000000000000e+00 3.419541337769903574e-14
1.108000000000000000e+03 0.000000000000000000e+00 0.000000000000000000e+00 3.414534445048607280e-14
1.109000000000000000e+03 0.000000000000000000e+00 0.000000000000000000e+00 3.409540477144978133e-14
1.110000000000000000e+03 0.000000000000000000e+00 0.000000000000000000e+00 3.404559405473384105e-14
1.111000000000000000e+03 0.000000000000000000e+00 0.000000000000000000e+00 3.399591245489473933e-14
1.112000000000000000e+03 0.000000000000000000e+00 0.000000000000000000e+00 3.394635966800851485e-14
1.113000000000000000e+03 0.000000000000000000e+00 0.000000000000000000e+00 3.389693583357329742e-14
1.114000000000000000e+03 0.000000000000000000e+00 0.000000000000000000e+00 3.384764063301745547e-14
1.115000000000000000e+03 0.000000000000000000e+00 0.000000000000000000e+00 3.379847418894609166e-14
1.116000000000000000e+03 0.000000000000000000e+00 0.000000000000000000e+00 3.374943616642685168e-14
1.117000000000000000e+03 0.000000000000000000e+00 0.000000000000000000e+00 3.370052667074511302e-14
1.118000000000000000e+03 0.000000000000000000e+00 0.000000000000000000e+00 3.365174535445971808e-14
1.119000000000000000e+03 0.000000000000000000e+00 0.000000000000000000e+00 3.360309230197711763e-14
1.120000000000000000e+03 0.000000000000000000e+00 0.000000000000000000e+00 3.355456715332000570e-14
1.121000000000000000e+03 0.000000000000000000e+00 0.000000000000000000e+00 3.350616996931133775e-14
1.122000000000000000e+03 0.000000000000000000e+00 0.000000000000000000e+00 3.345790037724484288e-14
1.123000000000000000e+03 0.000000000000000000e+00 0.000000000000000000e+00 3.340975842151559967e-14
1.124000000000000000e+03 0.000000000000000000e+00 0.000000000000000000e+00 3.336174370900045580e-14
1.125000000000000000e+03 0.000000000000000000e+00 0.000000000000000000e+00 3.331385626953247095e-14
1.126000000000000000e+03 0.000000000000000000e+00 0.000000000000000000e+00 3.326609569097233803e-14
1.127000000000000000e+03 0.000000000000000000e+00 0.000000000000000000e+00 3.321846198550909399e-14
1.128000000000000000e+03 0.000000000000000000e+00 0.000000000000000000e+00 3.317095472445463194e-14
1.129000000000000000e+03 0.000000000000000000e+00 0.000000000000000000e+00 3.312357389846842857e-14
1.130000000000000000e+03 0.000000000000000000e+00 0.000000000000000000e+00 3.307631906312320721e-14
1.131000000000000000e+03 0.000000000000000000e+00 0.000000000000000000e+00 3.302919019379829086e-14
1.132000000000000000e+03 0.000000000000000000e+00 0.000000000000000000e+00 3.298218682546403184e-14
1.133000000000000000e+03 0.000000000000000000e+00 0.000000000000000000e+00 3.293530891519410329e-14
1.134000000000000000e+03 0.000000000000000000e+00 0.000000000000000000e+00 3.288855597853850939e-14
1.135000000000000000e+03 0.000000000000000000e+00 0.000000000000000000e+00 3.284192795292147098e-14
1.136000000000000000e+03 0.000000000000000000e+00 0.000000000000000000e+00 3.279542433994595035e-14
1.137000000000000000e+03 0.000000000000000000e+00 0.000000000000000000e+00 3.274904505441134099e-14
1.138000000000000000e+03 0.000000000000000000e+00 0.000000000000000000e+00 3.270278958083158081e-14
1.139000000000000000e+03 0.000000000000000000e+00 0.000000000000000000e+00 3.265665781514835597e-14
1.140000000000000000e+03 0.000000000000000000e+00 0.000000000000000000e+00 3.261064922667474069e-14
1.141000000000000000e+03 0.000000000000000000e+00 0.000000000000000000e+00 3.256476369144226609e-14
1.142000000000000000e+03 0.000000000000000000e+00 0.000000000000000000e+00 3.251900066180092207e-14
1.143000000000000000e+03 0.000000000000000000e+00 0.000000000000000000e+00 3.247335999889690778e-14
1.144000000000000000e+03 0.000000000000000000e+00 0.000000000000000000e+00 3.242784113757484691e-14
1.145000000000000000e+03 0.000000000000000000e+00 0.000000000000000000e+00 3.238244391612230547e-14
1.146000000000000000e+03 0.000000000000000000e+00 0.000000000000000000e+00 3.233716775722053660e-14
1.147000000000000000e+03 0.000000000000000000e+00 0.000000000000000000e+00 3.229201248313968953e-14
1.148000000000000000e+03 0.000000000000000000e+00 0.000000000000000000e+00 3.224697749907122643e-14
1.149000000000000000e+03 0.000000000000000000e+00 0.000000000000000000e+00 3.220206260702727275e-14
1.150000000000000000e+03 0.000000000000000000e+00 0.000000000000000000e+00 3.215726719768423740e-14
1.151000000000000000e+03 0.000000000000000000e+00 0.000000000000000000e+00 3.211259105867847383e-14
1.152000000000000000e+03 0.000000000000000000e+00 0.000000000000000000e+00 3.206803356530178575e-14
1.153000000000000000e+03 0.000000000000000000e+00 0.000000000000000000e+00 3.202359448610864397e-14
1.154000000000000000e+03 0.000000000000000000e+00 0.000000000000000000e+00 3.197927318308527415e-14
1.155000000000000000e+03 0.000000000000000000e+00 0.000000000000000000e+00 3.193506940681063869e-14
1.156000000000000000e+03 0.000000000000000000e+00 0.000000000000000000e+00 3.189098250985207765e-14
1.157000000000000000e+03 0.000000000000000000e+00 0.000000000000000000e+00 3.184701222750800848e-14
1.158000000000000000e+03 0.000000000000000000e+00 0.000000000000000000e+00 3.180315789532493599e-14
1.159000000000000000e+03 0.000000000000000000e+00 0.000000000000000000e+00 3.175941923242682073e-14
1.160000000000000000e+03 0.000000000000000000e+00 0.000000000000000000e+00 3.171579556204046364e-14
1.161000000000000000e+03 0.000000000000000000e+00 0.000000000000000000e+00 3.167228658957672799e-14
1.162000000000000000e+03 0.000000000000000000e+00 0.000000000000000000e+00 3.162889162737736486e-14
1.163000000000000000e+03 0.000000000000000000e+00 0.000000000000000000e+00 3.158561036383854909e-14
1.164000000000000000e+03 0.000000000000000000e+00 0.000000000000000000e+00 3.154244209711888695e-14
1.165000000000000000e+03 0.000000000000000000e+00 0.000000000000000000e+00 3.149938650221574452e-14
1.166000000000000000e+03 0.000000000000000000e+00 0.000000000000000000e+00 3.145644286439909142e-14
1.167000000000000000e+03 0.000000000000000000e+00 0.000000000000000000e+00 3.141361084964940528e-14
1.168000000000000000e+03 0.000000000000000000e+00 0.000000000000000000e+00 3.137088973071425881e-14
1.169000000000000000e+03 0.000000000000000000e+00 0.000000000000000000e+00 3.132827916232473964e-14
1.170000000000000000e+03 0.000000000000000000e+00 0.000000000000000000e+00 3.128577840520621812e-14
1.171000000000000000e+03 0.000000000000000000e+00 0.000000000000000000e+00 3.124338710270637387e-14
1.172000000000000000e+03 0.000000000000000000e+00 0.000000000000000000e+00 3.120110450670852567e-14
1.173000000000000000e+03 0.000000000000000000e+00 0.000000000000000000e+00 3.115893025145881049e-14
1.174000000000000000e+03 0.000000000000000000e+00 0.000000000000000000e+00 3.111686357912308080e-14
1.175000000000000000e+03 0.000000000000000000e+00 0.000000000000000000e+00 3.107490410956373723e-14
1.176000000000000000e+03 0.000000000000000000e+00 0.000000000000000000e+00 3.103305108015223227e-14
1.177000000000000000e+03 0.000000000000000000e+00 0.000000000000000000e+00 3.099130410138645555e-14
1.178000000000000000e+03 0.000000000000000000e+00 0.000000000000000000e+00 3.094966239926072458e-14
1.179000000000000000e+03 0.000000000000000000e+00 0.000000000000000000e+00 3.090812557914440540e-14
1.180000000000000000e+03 0.000000000000000000e+00 0.000000000000000000e+00 3.086669285815916875e-14
1.181000000000000000e+03 0.000000000000000000e+00 0.000000000000000000e+00 3.082536383462134571e-14
1.182000000000000000e+03 0.000000000000000000e+00 0.000000000000000000e+00 3.078413771996101976e-14
1.183000000000000000e+03 0.000000000000000000e+00 0.000000000000000000e+00 3.074301410301417464e-14
1.184000000000000000e+03 0.000000000000000000e+00 0.000000000000000000e+00 3.070199219158107344e-14
1.185000000000000000e+03 0.000000000000000000e+00 0.000000000000000000e+00 3.066107156887965973e-14
1.186000000000000000e+03 0.000000000000000000e+00 0.000000000000000000e+00 3.062025143815557879e-14
1.187000000000000000e+03 0.000000000000000000e+00 0.000000000000000000e+00 3.057953137441646133e-14
1.188000000000000000e+03 0.000000000000000000e+00 0.000000000000000000e+00 3.053891057867314757e-14
1.189000000000000000e+03 0.000000000000000000e+00 0.000000000000000000e+00 3.049838861942495118e-14
1.190000000000000000e+03 0.000000000000000000e+00 0.000000000000000000e+00 3.045796469036305505e-14
1.191000000000000000e+03 0.000000000000000000e+00 0.000000000000000000e+00 3.041763836091478251e-14
1.192000000000000000e+03 0.000000000000000000e+00 0.000000000000000000e+00 3.037740881994237700e-14
1.193000000000000000e+03 0.000000000000000000e+00 0.000000000000000000e+00 3.033727563073360257e-14
1.194000000000000000e+03 0.000000000000000000e+00 0.000000000000000000e+00 3.029723798075014007e-14
1.195000000000000000e+03 0.000000000000000000e+00 0.000000000000000000e+00 3.025729542925437307e-14
1.196000000000000000e+03 0.000000000000000000e+00 0.000000000000000000e+00 3.021744716447421247e-14
1.197000000000000000e+03 0.000000000000000000e+00 0.000000000000000000e+00 3.017769274229269425e-14
1.198000000000000000e+03 0.000000000000000000e+00 0.000000000000000000e+00 3.013803135297512985e-14
1.199000000000000000e+03 0.000000000000000000e+00 0.000000000000000000e+00 3.009846255027523034e-14
1.200000000000000000e+03 0.000000000000000000e+00 0.000000000000000000e+00 3.005898552328150338e-14
1.201000000000000000e+03 0.000000000000000000e+00 0.000000000000000000e+00 3.001959982642014818e-14
1.202000000000000000e+03 0.000000000000000000e+00 0.000000000000000000e+00 2.998030464948693987e-14
1.203000000000000000e+03 0.000000000000000000e+00 0.000000000000000000e+00 2.994109954666062144e-14
1.204000000000000000e+03 0.000000000000000000e+00 0.000000000000000000e+00 2.990198370923568383e-14
1.205000000000000000e+03 0.000000000000000000e+00 0.000000000000000000e+00 2.986295669396523243e-14
1.206000000000000000e+03 0.000000000000000000e+00 0.000000000000000000e+00 2.982401768970860763e-14
1.207000000000000000e+03 0.000000000000000000e+00 0.000000000000000000e+00 2.978516625750634231e-14
1.208000000000000000e+03 0.000000000000000000e+00 0.000000000000000000e+00 2.974640158888734527e-14
1.209000000000000000e+03 0.000000000000000000e+00 0.000000000000000000e+00 2.970772324639633043e-14
1.210000000000000000e+03 0.000000000000000000e+00 0.000000000000000000e+00 2.966913042629975809e-14
1.211000000000000000e+03 0.000000000000000000e+00 0.000000000000000000e+00 2.963062268971475004e-14
1.212000000000000000e+03 0.000000000000000000e+00 0.000000000000000000e+00 2.959219924140560347e-14
1.213000000000000000e+03 0.000000000000000000e+00 0.000000000000000000e+00 2.955385964402386296e-14
1.214000000000000000e+03 0.000000000000000000e+00 0.000000000000000000e+00 2.951560310700901934e-14
1.215000000000000000e+03 0.000000000000000000e+00 0.000000000000000000e+00 2.947742919347837959e-14
1.216000000000000000e+03 0.000000000000000000e+00 0.000000000000000000e+00 2.943933712292529007e-14
1.217000000000000000e+03 0.000000000000000000e+00 0.000000000000000000e+00 2.940132646087647879e-14
1.218000000000000000e+03 0.000000000000000000e+00 0.000000000000000000e+00 2.936339643107282212e-14
1.219000000000000000e+03 0.000000000000000000e+00 0.000000000000000000e+00 2.932554660668305292e-14
1.220000000000000000e+03 0.000000000000000000e+00 0.000000000000000000e+00 2.928777621571147473e-14
1.221000000000000000e+03 0.000000000000000000e+00 0.000000000000000000e+00 2.925008483754507641e-14
1.222000000000000000e+03 0.000000000000000000e+00 0.000000000000000000e+00 2.921247170663758536e-14
1.223000000000000000e+03 0.000000000000000000e+00 0.000000000000000000e+00 2.917493640864308645e-14
1.224000000000000000e+03 0.000000000000000000e+00 0.000000000000000000e+00 2.913747818114548819e-14
1.225000000000000000e+03 0.000000000000000000e+00 0.000000000000000000e+00 2.910009661861254699e-14
1.226000000000000000e+03 0.000000000000000000e+00 0.000000000000000000e+00 2.906279096649544962e-14
1.227000000000000000e+03 0.000000000000000000e+00 0.000000000000000000e+00 2.902556082330040914e-14
1.228000000000000000e+03 0.000000000000000000e+00 0.000000000000000000e+00 2.898840544236145952e-14
1.229000000000000000e+03 0.000000000000000000e+00 0.000000000000000000e+00 2.895132442899447573e-14
1.230000000000000000e+03 0.000000000000000000e+00 0.000000000000000000e+00 2.891431704489755673e-14
1.231000000000000000e+03 0.000000000000000000e+00 0.000000000000000000e+00 2.887738290291576889e-14
1.232000000000000000e+03 0.000000000000000000e+00 0.000000000000000000e+00 2.884052127358127949e-14
1.233000000000000000e+03 0.000000000000000000e+00 0.000000000000000000e+00 2.880373177785504423e-14
1.234000000000000000e+03 0.000000000000000000e+00 0.000000000000000000e+00 2.876701369586402569e-14
1.235000000000000000e+03 0.000000000000000000e+00 0.000000000000000000e+00 2.873036665500100234e-14
1.236000000000000000e+03 0.000000000000000000e+00 0.000000000000000000e+00 2.869378994538847336e-14
1.237000000000000000e+03 0.000000000000000000e+00 0.000000000000000000e+00 2.865728320458326719e-14
1.238000000000000000e+03 0.000000000000000000e+00 0.000000000000000000e+00 2.862084573109093114e-14
1.239000000000000000e+03 0.000000000000000000e+00 0.000000000000000000e+00 2.858447716838156341e-14
1.240000000000000000e+03 0.000000000000000000e+00 0.000000000000000000e+00 2.854817682674003916e-14
1.241000000000000000e+03 0.000000000000000000e+00 0.000000000000000000e+00 2.851194435954413306e-14
1.242000000000000000e+03 0.000000000000000000e+00 0.000000000000000000e+00 2.847577908480963917e-14
1.243000000000000000e+03 0.000000000000000000e+00 0.000000000000000000e+00 2.843968066599732505e-14
1.244000000000000000e+03 0.000000000000000000e+00 0.000000000000000000e+00 2.840364843270125721e-14
1.245000000000000000e+03 0.000000000000000000e+00 0.000000000000000000e+00 2.836768205481428471e-14
1.246000000000000000e+03 0.000000000000000000e+00 0.000000000000000000e+00 2.833178087542196139e-14
1.247000000000000000e+03 0.000000000000000000e+00 0.000000000000000000e+00 2.829594457334381059e-14
1.248000000000000000e+03 0.000000000000000000e+00 0.000000000000000000e+00 2.826017250447301626e-14
1.249000000000000000e+03 0.000000000000000000e+00 0.000000000000000000e+00 2.822446435698307987e-14
1.250000000000000000e+03 0.000000000000000000e+00 0.000000000000000000e+00 2.818881949414057359e-14
1.251000000000000000e+03 0.000000000000000000e+00 0.000000000000000000e+00 2.815323761981274606e-14
1.252000000000000000e+03 0.000000000000000000e+00 0.000000000000000000e+00 2.811771810409663201e-14
1.253000000000000000e+03 0.000000000000000000e+00 0.000000000000000000e+00 2.808226065869116179e-14
1.254000000000000000e+03 0.000000000000000000e+00 0.000000000000000000e+00 2.804686466674114213e-14
1.255000000000000000e+03 0.000000000000000000e+00 0.000000000000000000e+00 2.801152985008154874e-14
1.256000000000000000e+03 0.000000000000000000e+00 0.000000000000000000e+00 2.797625560098464666e-14
1.257000000000000000e+03 0.000000000000000000e+00 0.000000000000000000e+00 2.794104165210887668e-14
1.258000000000000000e+03 0.000000000000000000e+00 0.000000000000000000e+00 2.790588740842272470e-14
1.259000000000000000e+03 0.000000000000000000e+00 0.000000000000000000e+00 2.787079261075143394e-14
1.260000000000000000e+03 0.000000000000000000e+00 0.000000000000000000e+00 2.783575667821914170e-14
1.261000000000000000e+03 0.000000000000000000e+00 0.000000000000000000e+00 2.780077936163497794e-14
1.262000000000000000e+03 0.000000000000000000e+00 0.000000000000000000e+00 2.776586009056330378e-14
1.263000000000000000e+03 0.000000000000000000e+00 0.000000000000000000e+00 2.773099862842280261e-14
1.264000000000000000e+03 0.000000000000000000e+00 0.000000000000000000e+00 2.769619441683626555e-14
1.265000000000000000e+03 0.000000000000000000e+00 0.000000000000000000e+00 2.766144722829650099e-14
1.266000000000000000e+03 0.000000000000000000e+00 0.000000000000000000e+00 2.762675651530847214e-14
1.267000000000000000e+03 0.000000000000000000e+00 0.000000000000000000e+00 2.759212206287826827e-14
1.268000000000000000e+03 0.000000000000000000e+00 0.000000000000000000e+00 2.755754333432629336e-14
1.269000000000000000e+03 0.000000000000000000e+00 0.000000000000000000e+00 2.752302012537553612e-14
1.270000000000000000e+03 0.000000000000000000e+00 0.000000000000000000e+00 2.748855191137139544e-14
1.271000000000000000e+03 0.000000000000000000e+00 0.000000000000000000e+00 2.745413849830962128e-14
1.272000000000000000e+03 0.000000000000000000e+00 0.000000000000000000e+00 2.741977937452776669e-14
1.273000000000000000e+03 0.000000000000000000e+00 0.000000000000000000e+00 2.738547435763184712e-14
1.274000000000000000e+03 0.000000000000000000e+00 0.000000000000000000e+00 2.735122294901796659e-14
1.275000000000000000e+03 0.000000000000000000e+00 0.000000000000000000e+00 2.731702497721643467e-14
1.276000000000000000e+03 0.000000000000000000e+00 0.000000000000000000e+00 2.728287995552311705e-14
1.277000000000000000e+03 0.000000000000000000e+00 0.000000000000000000e+00 2.724878772436302045e-14
1.278000000000000000e+03 0.000000000000000000e+00 0.000000000000000000e+00 2.721474780712887794e-14
1.279000000000000000e+03 0.000000000000000000e+00 0.000000000000000000e+00 2.718076005673751695e-14
1.280000000000000000e+03 0.000000000000000000e+00 0.000000000000000000e+00 2.714682400885929656e-14
1.281000000000000000e+03 0.000000000000000000e+00 0.000000000000000000e+00 2.711293952784563352e-14
1.282000000000000000e+03 0.000000000000000000e+00 0.000000000000000000e+00 2.707910616071371702e-14
1.283000000000000000e+03 0.000000000000000000e+00 0.000000000000000000e+00 2.704532378113653552e-14
1.284000000000000000e+03 0.000000000000000000e+00 0.000000000000000000e+00 2.701159194893621991e-14
1.285000000000000000e+03 0.000000000000000000e+00 0.000000000000000000e+00 2.697791054763841048e-14
1.286000000000000000e+03 0.000000000000000000e+00 0.000000000000000000e+00 2.694427915254574667e-14
1.287000000000000000e+03 0.000000000000000000e+00 0.000000000000000000e+00 2.691069765701714935e-14
1.288000000000000000e+03 0.000000000000000000e+00 0.000000000000000000e+00 2.687716564764830038e-14
1.289000000000000000e+03 0.000000000000000000e+00 0.000000000000000000e+00 2.684368303445375428e-14
1.290000000000000000e+03 0.000000000000000000e+00 0.000000000000000000e+00 2.681024941595796572e-14
1.291000000000000000e+03 0.000000000000000000e+00 0.000000000000000000e+00 2.677686471161520706e-14
1.292000000000000000e+03 0.000000000000000000e+00 0.000000000000000000e+00 2.674352853508642562e-14
1.293000000000000000e+03 0.000000000000000000e+00 0.000000000000000000e+00 2.671024081781730843e-14
1.294000000000000000e+03 0.000000000000000000e+00 0.000000000000000000e+00 2.667700118511734384e-14
1.295000000000000000e+03 0.000000000000000000e+00 0.000000000000000000e+00 2.664380957965740977e-14
1.296000000000000000e+03 0.000000000000000000e+00 0.000000000000000000e+00 2.661066564309457488e-14
1.297000000000000000e+03 0.000000000000000000e+00 0.000000000000000000e+00 2.657756932778837107e-14
1.298000000000000000e+03 0.000000000000000000e+00 0.000000000000000000e+00 2.654452028742417195e-14
1.299000000000000000e+03 0.000000000000000000e+00 0.000000000000000000e+00 2.651151848586011004e-14
1.300000000000000000e+03 0.000000000000000000e+00 0.000000000000000000e+00 2.647856359253598214e-14
1.301000000000000000e+03 0.000000000000000000e+00 0.000000000000000000e+00 2.644565558176264331e-14
1.302000000000000000e+03 0.000000000000000000e+00 0.000000000000000000e+00 2.641279413670533805e-14
1.303000000000000000e+03 0.000000000000000000e+00 0.000000000000000000e+00 2.637997924357572436e-14
1.304000000000000000e+03 0.000000000000000000e+00 0.000000000000000000e+00 2.634721059690630833e-14
1.305000000000000000e+03 0.000000000000000000e+00 0.000000000000000000e+00 2.631448819520628800e-14
1.306000000000000000e+03 0.000000000000000000e+00 0.000000000000000000e+00 2.628181174792038897e-14
1.307000000000000000e+03 0.000000000000000000e+00 0.000000000000000000e+00 2.624918126652024230e-14
1.308000000000000000e+03 0.000000000000000000e+00 0.000000000000000000e+00 2.621659647009197162e-14
1.309000000000000000e+03 0.000000000000000000e+00 0.000000000000000000e+00 2.618405738461999249e-14
1.310000000000000000e+03 0.000000000000000000e+00 0.000000000000000000e+00 2.615156374150210812e-14
1.311000000000000000e+03 0.000000000000000000e+00 0.000000000000000000e+00 2.611911557746755603e-14
1.312000000000000000e+03 0.000000000000000000e+00 0.000000000000000000e+00 2.608671263700246203e-14
1.313000000000000000e+03 0.000000000000000000e+00 0.000000000000000000e+00 2.605435496889511839e-14
1.314000000000000000e+03 0.000000000000000000e+00 0.000000000000000000e+00 2.602204233129412225e-14
1.315000000000000000e+03 0.000000000000000000e+00 0.000000000000000000e+00 2.598977478104668373e-14
1.316000000000000000e+03 0.000000000000000000e+00 0.000000000000000000e+00 2.595755208828299487e-14
1.317000000000000000e+03 0.000000000000000000e+00 0.000000000000000000e+00 2.592537432177291387e-14
1.318000000000000000e+03 0.000000000000000000e+00 0.000000000000000000e+00 2.589324126327108514e-14
1.319000000000000000e+03 0.000000000000000000e+00 0.000000000000000000e+00 2.586115299370970245e-14
1.320000000000000000e+03 0.000000000000000000e+00 0.000000000000000000e+00 2.582910930388732182e-14
1.321000000000000000e+03 0.000000000000000000e+00 0.000000000000000000e+00 2.579711028512706337e-14
1.322000000000000000e+03 0.000000000000000000e+00 0.000000000000000000e+00 2.576515574120531472e-14
1.323000000000000000e+03 0.000000000000000000e+00 0.000000000000000000e+00 2.573324577326371850e-14
1.324000000000000000e+03 0.000000000000000000e+00 0.000000000000000000e+00 2.570138019877754436e-14
1.325000000000000000e+03 0.000000000000000000e+00 0.000000000000000000e+00 2.566955912825530938e-14
1.326000000000000000e+03 0.000000000000000000e+00 0.000000000000000000e+00 2.563778239080594627e-14
1.327000000000000000e+03 0.000000000000000000e+00 0.000000000000000000e+00 2.560605010711922237e-14
1.328000000000000000e+03 0.000000000000000000e+00 0.000000000000000000e+00 2.557436211583105521e-14
1.329000000000000000e+03 0.000000000000000000e+00 0.000000000000000000e+00 2.554271854801338210e-14
1.330000000000000000e+03 0.000000000000000000e+00 0.000000000000000000e+00 2.551111925140339185e-14
1.331000000000000000e+03 0.000000000000000000e+00 0.000000000000000000e+00 2.547956436797662248e-14
1.332000000000000000e+03 0.000000000000000000e+00 0.000000000000000000e+00 2.544805375721473876e-14
1.333000000000000000e+03 0.000000000000000000e+00 0.000000000000000000e+00 2.541658756895583328e-14
1.334000000000000000e+03 0.000000000000000000e+00 0.000000000000000000e+00 2.538516567243649538e-14
1.335000000000000000e+03 0.000000000000000000e+00 0.000000000000000000e+00 2.535378822791391894e-14
1.336000000000000000e+03 0.000000000000000000e+00 0.000000000000000000e+00 2.532245511505156644e-14
1.337000000000000000e+03 0.000000000000000000e+00 0.000000000000000000e+00 2.529116650281724018e-14
1.338000000000000000e+03 0.000000000000000000e+00 0.000000000000000000e+00 2.525992227985026083e-14
1.339000000000000000e+03 0.000000000000000000e+00 0.000000000000000000e+00 2.522872262415138662e-14
1.340000000000000000e+03 0.000000000000000000e+00 0.000000000000000000e+00 2.519756743554293767e-14
1.341000000000000000e+03 0.000000000000000000e+00 0.000000000000000000e+00 2.516645689842875206e-14
1.342000000000000000e+03 0.000000000000000000e+00 0.000000000000000000e+00 2.513539092170048180e-14
1.343000000000000000e+03 0.000000000000000000e+00 0.000000000000000000e+00 2.510436969895544776e-14
1.344000000000000000e+03 0.000000000000000000e+00 0.000000000000000000e+00 2.507339314574611213e-14
1.345000000000000000e+03 0.000000000000000000e+00 0.000000000000000000e+00 2.504246146435749883e-14
1.346000000000000000e+03 0.000000000000000000e+00 0.000000000000000000e+00 2.501157457701273466e-14
1.347000000000000000e+03 0.000000000000000000e+00 0.000000000000000000e+00 2.498073269308517215e-14
1.348000000000000000e+03 0.000000000000000000e+00 0.000000000000000000e+00 2.494993574512678738e-14
1.349000000000000000e+03 0.000000000000000000e+00 0.000000000000000000e+00 2.491918394829890946e-14
1.350000000000000000e+03 0.000000000000000000e+00 0.000000000000000000e+00 2.488847724311395406e-14
1.351000000000000000e+03 0.000000000000000000e+00 0.000000000000000000e+00 2.485781585100273180e-14
1.352000000000000000e+03 0.000000000000000000e+00 0.000000000000000000e+00 2.482719972192717068e-14
1.353000000000000000e+03 0.000000000000000000e+00 0.000000000000000000e+00 2.479662908371752925e-14
1.354000000000000000e+03 0.000000000000000000e+00 0.000000000000000000e+00 2.476610389481708203e-14
1.355000000000000000e+03 0.000000000000000000e+00 0.000000000000000000e+00 2.473562438789474896e-14
1.356000000000000000e+03 0.000000000000000000e+00 0.000000000000000000e+00 2.470519052941084961e-14
1.357000000000000000e+03 0.000000000000000000e+00 0.000000000000000000e+00 2.467480255881467699e-14
1.358000000000000000e+03 0.000000000000000000e+00 0.000000000000000000e+00 2.464446044738822318e-14
1.359000000000000000e+03 0.000000000000000000e+00 0.000000000000000000e+00 2.461416444052152855e-14
1.360000000000000000e+03 0.000000000000000000e+00 0.000000000000000000e+00 2.458391451518313319e-14
1.361000000000000000e+03 0.000000000000000000e+00 0.000000000000000000e+00 2.455371092095662736e-14
1.362000000000000000e+03 0.000000000000000000e+00 0.000000000000000000e+00 2.452355364329406859e-14
1.363000000000000000e+03 0.000000000000000000e+00 0.000000000000000000e+00 2.449344293473926347e-14
1.364000000000000000e+03 0.000000000000000000e+00 0.000000000000000000e+00 2.446337878722512158e-14
1.365000000000000000e+03 0.000000000000000000e+00 0.000000000000000000e+00 2.443336145822012827e-14
1.366000000000000000e+03 0.000000000000000000e+00 0.000000000000000000e+00 2.440339094413895177e-14
1.367000000000000000e+03 0.000000000000000000e+00 0.000000000000000000e+00 2.437346750618725231e-14
1.368000000000000000e+03 0.000000000000000000e+00 0.000000000000000000e+00 2.434359114692217300e-14
1.369000000000000000e+03 0.000000000000000000e+00 0.000000000000000000e+00 2.431376213103045636e-14
1.370000000000000000e+03 0.000000000000000000e+00 0.000000000000000000e+00 2.428398046204887188e-14
1.371000000000000000e+03 0.000000000000000000e+00 0.000000000000000000e+00 2.425424640877189650e-14
1.372000000000000000e+03 0.000000000000000000e+00 0.000000000000000000e+00 2.422455997846758024e-14
1.373000000000000000e+03 0.000000000000000000e+00 0.000000000000000000e+00 2.419492143935171061e-14
1.374000000000000000e+03 0.000000000000000000e+00 0.000000000000000000e+00 2.416533080169314874e-14
1.375000000000000000e+03 0.000000000000000000e+00 0.000000000000000000e+00 2.413578833660347060e-14
1.376000000000000000e+03 0.000000000000000000e+00 0.000000000000000000e+00 2.410629405411935981e-14
1.377000000000000000e+03 0.000000000000000000e+00 0.000000000000000000e+00 2.407684822981019481e-14
1.378000000000000000e+03 0.000000000000000000e+00 0.000000000000000000e+00 2.404745087402830455e-14
1.379000000000000000e+03 0.000000000000000000e+00 0.000000000000000000e+00 2.401810226315068434e-14
1.380000000000000000e+03 0.000000000000000000e+00 0.000000000000000000e+00 2.398880241050949054e-14
1.381000000000000000e+03 0.000000000000000000e+00 0.000000000000000000e+00 2.395955159157501750e-14
1.382000000000000000e+03 0.000000000000000000e+00 0.000000000000000000e+00 2.393034981963572816e-14
1.383000000000000000e+03 0.000000000000000000e+00 0.000000000000000000e+00 2.390119737323206255e-14
1.384000000000000000e+03 0.000000000000000000e+00 0.000000000000000000e+00 2.387209426424536399e-14
1.385000000000000000e+03 0.000000000000000000e+00 0.000000000000000000e+00 2.384304077050271508e-14
1.386000000000000000e+03 0.000000000000000000e+00 0.000000000000000000e+00 2.381403690388277070e-14
1.387000000000000000e+03 0.000000000000000000e+00 0.000000000000000000e+00 2.378508293983379391e-14
1.388000000000000000e+03 0.000000000000000000e+00 0.000000000000000000e+00 2.375617889041280421e-14
1.389000000000000000e+03 0.000000000000000000e+00 0.000000000000000000e+00 2.372732503022191668e-14
1.390000000000000000e+03 0.000000000000000000e+00 0.000000000000000000e+00 2.369852136997950749e-14
1.391000000000000000e+03 0.000000000000000000e+00 0.000000000000000000e+00 2.366976817956429554e-14
1.392000000000000000e+03 0.000000000000000000e+00 0.000000000000000000e+00 2.364106547032324031e-14
1.393000000000000000e+03 0.000000000000000000e+00 0.000000000000000000e+00 2.361241350912087999e-14
1.394000000000000000e+03 0.000000000000000000e+00 0.000000000000000000e+00 2.358381230351985053e-14
1.395000000000000000e+03 0.000000000000000000e+00 0.000000000000000000e+00 2.355526211897861495e-14
1.396000000000000000e+03 0.000000000000000000e+00 0.000000000000000000e+00 2.352676296202460597e-14
1.397000000000000000e+03 0.000000000000000000e+00 0.000000000000000000e+00 2.349831509212802772e-14
1.398000000000000000e+03 0.000000000000000000e+00 0.000000000000000000e+00 2.346991851420569559e-14
1.399000000000000000e+03 0.000000000000000000e+00 0.000000000000000000e+00 2.344157348235186866e-14
1.400000000000000000e+03 0.000000000000000000e+00 0.000000000000000000e+00 2.341327999930812569e-14
1.401000000000000000e+03 0.000000000000000000e+00 0.000000000000000000e+00 2.338503831581384547e-14
1.402000000000000000e+03 0.000000000000000000e+00 0.000000000000000000e+00 2.335684842990166885e-14
1.403000000000000000e+03 0.000000000000000000e+00 0.000000000000000000e+00 2.332871058845553368e-14
1.404000000000000000e+03 0.000000000000000000e+00 0.000000000000000000e+00 2.330062478457370537e-14
1.405000000000000000e+03 0.000000000000000000e+00 0.000000000000000000e+00 2.327259125968605105e-14
1.406000000000000000e+03 0.000000000000000000e+00 0.000000000000000000e+00 2.324461000129305076e-14
1.407000000000000000e+03 0.000000000000000000e+00 0.000000000000000000e+00 2.321668124585381708e-14
1.408000000000000000e+03 0.000000000000000000e+00 0.000000000000000000e+00 2.318880497366414446e-14
1.409000000000000000e+03 0.000000000000000000e+00 0.000000000000000000e+00 2.316098141718639117e-14
1.410000000000000000e+03 0.000000000000000000e+00 0.000000000000000000e+00 2.313321055080346367e-14
1.411000000000000000e+03 0.000000000000000000e+00 0.000000000000000000e+00 2.310549259740496258e-14
1.412000000000000000e+03 0.000000000000000000e+00 0.000000000000000000e+00 2.307782752905915024e-14
1.413000000000000000e+03 0.000000000000000000e+00 0.000000000000000000e+00 2.305021556111244778e-14
1.414000000000000000e+03 0.000000000000000000e+00 0.000000000000000000e+00 2.302265665902805462e-14
1.415000000000000000e+03 0.000000000000000000e+00 0.000000000000000000e+00 2.299515103208257736e-14
1.416000000000000000e+03 0.000000000000000000e+00 0.000000000000000000e+00 2.296769863881626995e-14
1.417000000000000000e+03 0.000000000000000000e+00 0.000000000000000000e+00 2.294029968181318191e-14
1.418000000000000000e+03 0.000000000000000000e+00 0.000000000000000000e+00 2.291295411184143186e-14
1.419000000000000000e+03 0.000000000000000000e+00 0.000000000000000000e+00 2.288566212337898710e-14
1.420000000000000000e+03 0.000000000000000000e+00 0.000000000000000000e+00 2.285842366124025630e-14
1.421000000000000000e+03 0.000000000000000000e+00 0.000000000000000000e+00 2.283123891229570988e-14
1.422000000000000000e+03 0.000000000000000000e+00 0.000000000000000000e+00 2.280410781251058306e-14
1.423000000000000000e+03 0.000000000000000000e+00 0.000000000000000000e+00 2.277703053990415336e-14
1.424000000000000000e+03 0.000000000000000000e+00 0.000000000000000000e+00 2.275000702352779821e-14
1.425000000000000000e+03 0.000000000000000000e+00 0.000000000000000000e+00 2.272303743420450617e-14
1.426000000000000000e+03 0.000000000000000000e+00 0.000000000000000000e+00 2.269612169033043469e-14
1.427000000000000000e+03 0.000000000000000000e+00 0.000000000000000000e+00 2.266925995590207615e-14
1.428000000000000000e+03 0.000000000000000000e+00 0.000000000000000000e+00 2.264245214017726864e-14
1.429000000000000000e+03 0.000000000000000000e+00 0.000000000000000000e+00 2.261569839837349873e-14
1.430000000000000000e+03 0.000000000000000000e+00 0.000000000000000000e+00 2.258899863419860832e-14
1.431000000000000000e+03 0.000000000000000000e+00 0.000000000000000000e+00 2.256235298999593080e-14
1.432000000000000000e+03 0.000000000000000000e+00 0.000000000000000000e+00 2.253576136226979632e-14
1.433000000000000000e+03 0.000000000000000000e+00 0.000000000000000000e+00 2.250922388370159514e-14
1.434000000000000000e+03 0.000000000000000000e+00 0.000000000000000000e+00 2.248274043987890796e-14
1.435000000000000000e+03 0.000000000000000000e+00 0.000000000000000000e+00 2.245631115475447694e-14
1.436000000000000000e+03 0.000000000000000000e+00 0.000000000000000000e+00 2.242993590446293415e-14
1.437000000000000000e+03 0.000000000000000000e+00 0.000000000000000000e+00 2.240361480271323376e-14
1.438000000000000000e+03 0.000000000000000000e+00 0.000000000000000000e+00 2.237734771525580260e-14
1.439000000000000000e+03 0.000000000000000000e+00 0.000000000000000000e+00 2.235113474475079008e-14
1.440000000000000000e+03 0.000000000000000000e+00 0.000000000000000000e+00 2.232497574829731169e-14
1.441000000000000000e+03 0.000000000000000000e+00 0.000000000000000000e+00 2.229887081909312397e-14
1.442000000000000000e+03 0.000000000000000000e+00 0.000000000000000000e+00 2.227281980396508286e-14
1.443000000000000000e+03 0.000000000000000000e+00 0.000000000000000000e+00 2.224682278646864124e-14
1.444000000000000000e+03 0.000000000000000000e+00 0.000000000000000000e+00 2.222087960563994680e-14
1.445000000000000000e+03 0.000000000000000000e+00 0.000000000000000000e+00 2.219499033300084317e-14
1.446000000000000000e+03 0.000000000000000000e+00 0.000000000000000000e+00 2.216915479906692196e-14
1.447000000000000000e+03 0.000000000000000000e+00 0.000000000000000000e+00 2.214337306522443583e-14
1.448000000000000000e+03 0.000000000000000000e+00 0.000000000000000000e+00 2.211764495106830157e-14
1.449000000000000000e+03 0.000000000000000000e+00 0.000000000000000000e+00 2.209197050786158173e-14
1.450000000000000000e+03 0.000000000000000000e+00 0.000000000000000000e+00 2.206634954503760125e-14
1.451000000000000000e+03 0.000000000000000000e+00 0.000000000000000000e+00 2.204078210371004872e-14
1.452000000000000000e+03 0.000000000000000000e+00 0.000000000000000000e+00 2.201526798352172481e-14
1.453000000000000000e+03 0.000000000000000000e+00 0.000000000000000000e+00 2.198980721525724790e-14
1.454000000000000000e+03 0.000000000000000000e+00 0.000000000000000000e+00 2.196439959002072198e-14
1.455000000000000000e+03 0.000000000000000000e+00 0.000000000000000000e+00 2.193904512733930064e-14
1.456000000000000000e+03 0.000000000000000000e+00 0.000000000000000000e+00 2.191374360915303587e-14
1.457000000000000000e+03 0.000000000000000000e+00 0.000000000000000000e+00 2.188849504547847007e-14
1.458000000000000000e+03 0.000000000000000000e+00 0.000000000000000000e+00 2.186329920914518268e-14
1.459000000000000000e+03 0.000000000000000000e+00 0.000000000000000000e+00 2.183815609827638523e-14
1.460000000000000000e+03 0.000000000000000000e+00 0.000000000000000000e+00 2.181306547865492993e-14
1.461000000000000000e+03 0.000000000000000000e+00 0.000000000000000000e+00 2.178802733659714401e-14
1.462000000000000000e+03 0.000000000000000000e+00 0.000000000000000000e+00 2.176304142789945280e-14
1.463000000000000000e+03 0.000000000000000000e+00 0.000000000000000000e+00 2.173810772903664202e-14
1.464000000000000000e+03 0.000000000000000000e+00 0.000000000000000000e+00 2.171322598574354750e-14
1.465000000000000000e+03 0.000000000000000000e+00 0.000000000000000000e+00 2.168839616349836014e-14
1.466000000000000000e+03 0.000000000000000000e+00 0.000000000000000000e+00 2.166361799882204563e-14
1.467000000000000000e+03 0.000000000000000000e+00 0.000000000000000000e+00 2.163889144892555153e-14
1.468000000000000000e+03 0.000000000000000000e+00 0.000000000000000000e+00 2.161421623850048299e-14
1.469000000000000000e+03 0.000000000000000000e+00 0.000000000000000000e+00 2.158959231684131910e-14
1.470000000000000000e+03 0.000000000000000000e+00 0.000000000000000000e+00 2.156501940061766904e-14
1.471000000000000000e+03 0.000000000000000000e+00 0.000000000000000000e+00 2.154049742884048741e-14
1.472000000000000000e+03 0.000000000000000000e+00 0.000000000000000000e+00 2.151602610988846472e-14
1.473000000000000000e+03 0.000000000000000000e+00 0.000000000000000000e+00 2.149160537440125833e-14
1.474000000000000000e+03 0.000000000000000000e+00 0.000000000000000000e+00 2.146723492175477519e-14
1.475000000000000000e+03 0.000000000000000000e+00 0.000000000000000000e+00 2.144291467436421709e-14
1.476000000000000000e+03 0.000000000000000000e+00 0.000000000000000000e+00 2.141864432422200220e-14
1.477000000000000000e+03 0.000000000000000000e+00 0.000000000000000000e+00 2.139442378383590199e-14
1.478000000000000000e+03 0.000000000000000000e+00 0.000000000000000000e+00 2.137025273798159525e-14
1.479000000000000000e+03 0.000000000000000000e+00 0.000000000000000000e+00 2.134613109053425706e-14
1.480000000000000000e+03 0.000000000000000000e+00 0.000000000000000000e+00 2.132205851833336674e-14
1.481000000000000000e+03 0.000000000000000000e+00 0.000000000000000000e+00 2.129803491811552035e-14
1.482000000000000000e+03 0.000000000000000000e+00 0.000000000000000000e+00 2.127405995962265156e-14
1.483000000000000000e+03 0.000000000000000000e+00 0.000000000000000000e+00 2.125013353069666258e-14
1.484000000000000000e+03 0.000000000000000000e+00 0.000000000000000000e+00 2.122625529455998716e-14
1.485000000000000000e+03 0.000000000000000000e+00 0.000000000000000000e+00 2.120242513231632691e-14
1.486000000000000000e+03 0.000000000000000000e+00 0.000000000000000000e+00 2.117864270014739318e-14
1.487000000000000000e+03 0.000000000000000000e+00 0.000000000000000000e+00 2.115490787083149256e-14
1.488000000000000000e+03 0.000000000000000000e+00 0.000000000000000000e+00 2.113122029546147987e-14
1.489000000000000000e+03 0.000000000000000000e+00 0.000000000000000000e+00 2.110757984258182317e-14
1.490000000000000000e+03 0.000000000000000000e+00 0.000000000000000000e+00 2.108398615542108406e-14
1.491000000000000000e+03 0.000000000000000000e+00 0.000000000000000000e+00 2.106043909587401496e-14
1.492000000000000000e+03 0.000000000000000000e+00 0.000000000000000000e+00 2.103693830388496023e-14
1.493000000000000000e+03 0.000000000000000000e+00 0.000000000000000000e+00 2.101348363576986056e-14
1.494000000000000000e+03 0.000000000000000000e+00 0.000000000000000000e+00 2.099007472497310206e-14
1.495000000000000000e+03 0.000000000000000000e+00 0.000000000000000000e+00 2.096671142269154292e-14
1.496000000000000000e+03 0.000000000000000000e+00 0.000000000000000000e+00 2.094339335944995401e-14
1.497000000000000000e+03 0.000000000000000000e+00 0.000000000000000000e+00 2.092012037925470745e-14
1.498000000000000000e+03 0.000000000000000000e+00 0.000000000000000000e+00 2.089689210852209183e-14
1.499000000000000000e+03 0.000000000000000000e+00 0.000000000000000000e+00 2.087370838782491802e-14
1.500000000000000000e+03 0.000000000000000000e+00 0.000000000000000000e+00 2.085056883845539390e-14
1.501000000000000000e+03 0.000000000000000000e+00 0.000000000000000000e+00 2.082747329663929022e-14
1.502000000000000000e+03 0.000000000000000000e+00 0.000000000000000000e+00 2.080442138013758946e-14
1.503000000000000000e+03 0.000000000000000000e+00 0.000000000000000000e+00 2.078141292255175564e-14
1.504000000000000000e+03 0.000000000000000000e+00 0.000000000000000000e+00 2.075844753710181019e-14
1.505000000000000000e+03 0.000000000000000000e+00 0.000000000000000000e+00 2.073552505493376765e-14
1.506000000000000000e+03 0.000000000000000000e+00 0.000000000000000000e+00 2.071264508713573394e-14
1.507000000000000000e+03 0.000000000000000000e+00 0.000000000000000000e+00 2.068980746282607970e-14
1.508000000000000000e+03 0.000000000000000000e+00 0.000000000000000000e+00 2.066701178956602732e-14
1.509000000000000000e+03 0.000000000000000000e+00 0.000000000000000000e+00 2.064425789680652175e-14
1.510000000000000000e+03 0.000000000000000000e+00 0.000000000000000000e+00 2.062154539081677636e-14
1.511000000000000000e+03 0.000000000000000000e+00 0.000000000000000000e+00 2.059887408762229221e-14
1.512000000000000000e+03 0.000000000000000000e+00 0.000000000000000000e+00 2.057624360319538226e-14
1.513000000000000000e+03 0.000000000000000000e+00 0.000000000000000000e+00 2.055365375604547176e-14
1.514000000000000000e+03 0.000000000000000000e+00 0.000000000000000000e+00 2.053110414944593912e-14
1.515000000000000000e+03 0.000000000000000000e+00 0.000000000000000000e+00 2.050859460443880019e-14
1.516000000000000000e+03 0.000000000000000000e+00 0.000000000000000000e+00 2.048612471977644945e-14
1.517000000000000000e+03 0.000000000000000000e+00 0.000000000000000000e+00 2.046369431887126886e-14
1.518000000000000000e+03 0.000000000000000000e+00 0.000000000000000000e+00 2.044130300839389470e-14
1.519000000000000000e+03 0.000000000000000000e+00 0.000000000000000000e+00 2.041895060505193081e-14
1.520000000000000000e+03 0.000000000000000000e+00 0.000000000000000000e+00 2.039663671239801867e-14
1.521000000000000000e+03 0.000000000000000000e+00 0.000000000000000000e+00 2.037436114580133970e-14
1.522000000000000000e+03 0.000000000000000000e+00 0.000000000000000000e+00 2.035212351842623435e-14
1.523000000000000000e+03 0.000000000000000000e+00 0.000000000000000000e+00 2.032992363755867563e-14
1.524000000000000000e+03 0.000000000000000000e+00 0.000000000000000000e+00 2.030776111431195933e-14
1.525000000000000000e+03 0.000000000000000000e+00 0.000000000000000000e+00 2.028563576214492660e-14
1.526000000000000000e+03 0.000000000000000000e+00 0.000000000000000000e+00 2.026354719356978236e-14
1.527000000000000000e+03 0.000000000000000000e+00 0.000000000000000000e+00 2.024149521824734644e-14
1.528000000000000000e+03 0.000000000000000000e+00 0.000000000000000000e+00 2.021947945263293869e-14
1.529000000000000000e+03 0.000000000000000000e+00 0.000000000000000000e+00 2.019749970605436919e-14
1.530000000000000000e+03 0.000000000000000000e+00 0.000000000000000000e+00 2.017555559126220823e-14
1.531000000000000000e+03 0.000000000000000000e+00 0.000000000000000000e+00 2.015364692003748133e-14
1.532000000000000000e+03 0.000000000000000000e+00 0.000000000000000000e+00 2.013177331413595625e-14
1.533000000000000000e+03 0.000000000000000000e+00 0.000000000000000000e+00 2.010993458098116127e-14
1.534000000000000000e+03 0.000000000000000000e+00 0.000000000000000000e+00 2.008813034087983711e-14
1.535000000000000000e+03 0.000000000000000000e+00 0.000000000000000000e+00 2.006636041004436599e-14
1.536000000000000000e+03 0.000000000000000000e+00 0.000000000000000000e+00 2.004462441259668505e-14
1.537000000000000000e+03 0.000000000000000000e+00 0.000000000000000000e+00 2.002292216201131799e-14
1.538000000000000000e+03 0.000000000000000000e+00 0.000000000000000000e+00 2.000125328740486845e-14
1.539000000000000000e+03 0.000000000000000000e+00 0.000000000000000000e+00 1.997961759683975051e-14
1.540000000000000000e+03 0.000000000000000000e+00 0.000000000000000000e+00 1.995801473368070842e-14
1.541000000000000000e+03 0.000000000000000000e+00 0.000000000000000000e+00 1.993644450521569051e-14
1.542000000000000000e+03 0.000000000000000000e+00 0.000000000000000000e+00 1.991490655006140083e-14
1.543000000000000000e+03 0.000000000000000000e+00 0.000000000000000000e+00 1.989340069364780253e-14
1.544000000000000000e+03 0.000000000000000000e+00 0.000000000000000000e+00 1.987192656931715576e-14
1.545000000000000000e+03 0.000000000000000000e+00 0.000000000000000000e+00 1.985048399755137568e-14
1.546000000000000000e+03 0.000000000000000000e+00 0.000000000000000000e+00 1.982907262092680004e-14
1.547000000000000000e+03 0.000000000000000000e+00 0.000000000000000000e+00 1.980769227042505738e-14
1.548000000000000000e+03 0.000000000000000000e+00 0.000000000000000000e+00 1.978634258727048516e-14
1.549000000000000000e+03 0.000000000000000000e+00 0.000000000000000000e+00 1.976502341155146737e-14
1.550000000000000000e+03 0.000000000000000000e+00 0.000000000000000000e+00 1.974373438075003263e-14
1.551000000000000000e+03 0.000000000000000000e+00 0.000000000000000000e+00 1.972247534329587921e-14
1.552000000000000000e+03 0.000000000000000000e+00 0.000000000000000000e+00 1.970124593778389442e-14
1.553000000000000000e+03 0.000000000000000000e+00 0.000000000000000000e+00 1.968004602239421089e-14
1.554000000000000000e+03 0.000000000000000000e+00 0.000000000000000000e+00 1.965887523933696452e-14
1.555000000000000000e+03 0.000000000000000000e+00 0.000000000000000000e+00 1.963773344019712360e-14
1.556000000000000000e+03 0.000000000000000000e+00 0.000000000000000000e+00 1.961662028886854350e-14
1.557000000000000000e+03 0.000000000000000000e+00 0.000000000000000000e+00 1.959553563056432635e-14
1.558000000000000000e+03 0.000000000000000000e+00 0.000000000000000000e+00 1.957447913589890175e-14
1.559000000000000000e+03 0.000000000000000000e+00 0.000000000000000000e+00 1.955345066700633097e-14
1.560000000000000000e+03 0.000000000000000000e+00 0.000000000000000000e+00 1.953244988698398175e-14
1.561000000000000000e+03 0.000000000000000000e+00 0.000000000000000000e+00 1.951147666152487078e-14
1.562000000000000000e+03 0.000000000000000000e+00 0.000000000000000000e+00 1.949053066345185957e-14
1.563000000000000000e+03 0.000000000000000000e+00 0.000000000000000000e+00 1.946961176549050200e-14
1.564000000000000000e+03 0.000000000000000000e+00 0.000000000000000000e+00 1.944871964061257760e-14
1.565000000000000000e+03 0.000000000000000000e+00 0.000000000000000000e+00 1.942785416989832409e-14
1.566000000000000000e+03 0.000000000000000000e+00 0.000000000000000000e+00 1.940701503143427737e-14
1.567000000000000000e+03 0.000000000000000000e+00 0.000000000000000000e+00 1.938620211396409602e-14
1.568000000000000000e+03 0.000000000000000000e+00 0.000000000000000000e+00 1.936541509562899659e-14
1.569000000000000000e+03 0.000000000000000000e+00 0.000000000000000000e+00 1.934465387440334839e-14
1.570000000000000000e+03 0.000000000000000000e+00 0.000000000000000000e+00 1.932391813931570239e-14
1.571000000000000000e+03 0.000000000000000000e+00 0.000000000000000000e+00 1.930320779080986231e-14
1.572000000000000000e+03 0.000000000000000000e+00 0.000000000000000000e+00 1.928252252748428741e-14
1.573000000000000000e+03 0.000000000000000000e+00 0.000000000000000000e+00 1.926186224789244348e-14
1.574000000000000000e+03 0.000000000000000000e+00 0.000000000000000000e+00 1.924122666079526831e-14
1.575000000000000000e+03 0.000000000000000000e+00 0.000000000000000000e+00 1.922061567640414037e-14
1.576000000000000000e+03 0.000000000000000000e+00 0.000000000000000000e+00 1.920002900603754447e-14
1.577000000000000000e+03 0.000000000000000000e+00 0.000000000000000000e+00 1.917946656114545272e-14
1.578000000000000000e+03 0.000000000000000000e+00 0.000000000000000000e+00 1.915892806778193716e-14
1.579000000000000000e+03 0.000000000000000000e+00 0.000000000000000000e+00 1.913841343611188711e-14
1.580000000000000000e+03 0.000000000000000000e+00 0.000000000000000000e+00 1.911792240344010251e-14
1.581000000000000000e+03 0.000000000000000000e+00 0.000000000000000000e+00 1.909745489079413152e-14
1.582000000000000000e+03 0.000000000000000000e+00 0.000000000000000000e+00 1.907701063275451870e-14
1.583000000000000000e+03 0.000000000000000000e+00 0.000000000000000000e+00 1.905658956598047914e-14
1.584000000000000000e+03 0.000000000000000000e+00 0.000000000000000000e+00 1.903619142962867641e-14
1.585000000000000000e+03 0.000000000000000000e+00 0.000000000000000000e+00 1.901581616611699758e-14
1.586000000000000000e+03 0.000000000000000000e+00 0.000000000000000000e+00 1.899546352052134928e-14
1.587000000000000000e+03 0.000000000000000000e+00 0.000000000000000000e+00 1.897513344402364551e-14
1.588000000000000000e+03 0.000000000000000000e+00 0.000000000000000000e+00 1.895482568919376008e-14
1.589000000000000000e+03 0.000000000000000000e+00 0.000000000000000000e+00 1.893454020882867347e-14
1.590000000000000000e+03 0.000000000000000000e+00 0.000000000000000000e+00 1.891427677116433971e-14
1.591000000000000000e+03 0.000000000000000000e+00 0.000000000000000000e+00 1.889403532797098004e-14
1.592000000000000000e+03 0.000000000000000000e+00 0.000000000000000000e+00 1.887381565886952473e-14
1.593000000000000000e+03 0.000000000000000000e+00 0.000000000000000000e+00 1.885361772035522258e-14
1.594000000000000000e+03 0.000000000000000000e+00 0.000000000000000000e+00 1.883344130373689324e-14
1.595000000000000000e+03 0.000000000000000000e+00 0.000000000000000000e+00 1.881328637049709984e-14
1.596000000000000000e+03 0.000000000000000000e+00 0.000000000000000000e+00 1.879315271662744135e-14
1.597000000000000000e+03 0.000000000000000000e+00 0.000000000000000000e+00 1.877304031669153333e-14
1.598000000000000000e+03 0.000000000000000000e+00 0.000000000000000000e+00 1.875294896821914625e-14
1.599000000000000000e+03 0.000000000000000000e+00 0.000000000000000000e+00 1.873287866366532096e-14
1.600000000000000000e+03 0.000000000000000000e+00 0.000000000000000000e+00 1.871282919837732431e-14
1.601000000000000000e+03 0.000000000000000000e+00 0.000000000000000000e+00 1.869280057833961291e-14
1.602000000000000000e+03 0.000000000000000000e+00 0.000000000000000000e+00 1.867279260905995368e-14
1.603000000000000000e+03 0.000000000000000000e+00 0.000000000000000000e+00 1.865280529490979724e-14
1.604000000000000000e+03 0.000000000000000000e+00 0.000000000000000000e+00 1.863283845676960073e-14
1.605000000000000000e+03 0.000000000000000000e+00 0.000000000000000000e+00 1.861289210407422895e-14
1.606000000000000000e+03 0.000000000000000000e+00 0.000000000000000000e+00 1.859296606332493708e-14
1.607000000000000000e+03 0.000000000000000000e+00 0.000000000000000000e+00 1.857306035683614203e-14
1.608000000000000000e+03 0.000000000000000000e+00 0.000000000000000000e+00 1.855317481846859065e-14
1.609000000000000000e+03 0.000000000000000000e+00 0.000000000000000000e+00 1.853330948174025072e-14
1.610000000000000000e+03 0.000000000000000000e+00 0.000000000000000000e+00 1.851346418137327364e-14
1.611000000000000000e+03 0.000000000000000000e+00 0.000000000000000000e+00 1.849363896132186255e-14
1.612000000000000000e+03 0.000000000000000000e+00 0.000000000000000000e+00 1.847383367496070289e-14
1.613000000000000000e+03 0.000000000000000000e+00 0.000000000000000000e+00 1.845404836170389505e-14
1.614000000000000000e+03 0.000000000000000000e+00 0.000000000000000000e+00 1.843428288129481314e-14
1.615000000000000000e+03 0.000000000000000000e+00 0.000000000000000000e+00 1.841453728969654034e-14
1.616000000000000000e+03 0.000000000000000000e+00 0.000000000000000000e+00 1.839481145462955423e-14
1.617000000000000000e+03 0.000000000000000000e+00 0.000000000000000000e+00 1.837510542959668594e-14
1.618000000000000000e+03 0.000000000000000000e+00 0.000000000000000000e+00 1.835541909666707663e-14
1.619000000000000000e+03 0.000000000000000000e+00 0.000000000000000000e+00 1.833575252000424263e-14
1.620000000000000000e+03 0.000000000000000000e+00 0.000000000000000000e+00 1.831610558676047657e-14
1.621000000000000000e+03 0.000000000000000000e+00 0.000000000000000000e+00 1.829647836916946175e-14
1.622000000000000000e+03 0.000000000000000000e+00 0.000000000000000000e+00 1.827687075445152215e-14
1.623000000000000000e+03 0.000000000000000000e+00 0.000000000000000000e+00 1.825728282906586978e-14
1.624000000000000000e+03 0.000000000000000000e+00 0.000000000000000000e+00 1.823771449145833823e-14
1.625000000000000000e+03 0.000000000000000000e+00 0.000000000000000000e+00 1.821816583823063462e-14
1.626000000000000000e+03 0.000000000000000000e+00 0.000000000000000000e+00 1.819863677007487396e-14
1.627000000000000000e+03 0.000000000000000000e+00 0.000000000000000000e+00 1.817912738692673568e-14
1.628000000000000000e+03 0.000000000000000000e+00 0.000000000000000000e+00 1.815963760642371074e-14
1.629000000000000000e+03 0.000000000000000000e+00 0.000000000000000000e+00 1.814016752802374442e-14
1.630000000000000000e+03 0.000000000000000000e+00 0.000000000000000000e+00 1.812071708077130053e-14
1.631000000000000000e+03 0.000000000000000000e+00 0.000000000000000000e+00 1.810128637268695826e-14
1.632000000000000000e+03 0.000000000000000000e+00 0.000000000000000000e+00 1.808187534301097827e-14
1.633000000000000000e+03 0.000000000000000000e+00 0.000000000000000000e+00 1.806248410096302409e-14
1.634000000000000000e+03 0.000000000000000000e+00 0.000000000000000000e+00 1.804311259393140918e-14
1.635000000000000000e+03 0.000000000000000000e+00 0.000000000000000000e+00 1.802376094708008960e-14
1.636000000000000000e+03 0.000000000000000000e+00 0.000000000000000000e+00 1.800442910287447339e-14
1.637000000000000000e+03 0.000000000000000000e+00 0.000000000000000000e+00 1.798511719626371767e-14
1.638000000000000000e+03 0.000000000000000000e+00 0.000000000000000000e+00 1.796582518404890628e-14
1.639000000000000000e+03 0.000000000000000000e+00 0.000000000000000000e+00 1.794655320229621704e-14
1.640000000000000000e+03 0.000000000000000000e+00 0.000000000000000000e+00 1.792730121595670824e-14
1.641000000000000000e+03 0.000000000000000000e+00 0.000000000000000000e+00 1.790806936613076509e-14
1.642000000000000000e+03 0.000000000000000000e+00 0.000000000000000000e+00 1.788885762416356110e-14
1.643000000000000000e+03 0.000000000000000000e+00 0.000000000000000000e+00 1.786966613517283768e-14
1.644000000000000000e+03 0.000000000000000000e+00 0.000000000000000000e+00 1.785049488370574371e-14
1.645000000000000000e+03 0.000000000000000000e+00 0.000000000000000000e+00 1.783134401877983336e-14
1.646000000000000000e+03 0.000000000000000000e+00 0.000000000000000000e+00 1.781221353333589647e-14
1.647000000000000000e+03 0.000000000000000000e+00 0.000000000000000000e+00 1.779310357940450044e-14
1.648000000000000000e+03 0.000000000000000000e+00 0.000000000000000000e+00 1.777401415892345682e-14
1.649000000000000000e+03 0.000000000000000000e+00 0.000000000000000000e+00 1.775494543130586885e-14
1.650000000000000000e+03 0.000000000000000000e+00 0.000000000000000000e+00 1.773589739958792963e-14
1.651000000000000000e+03 0.000000000000000000e+00 0.000000000000000000e+00 1.771687022766012757e-14
1.652000000000000000e+03 0.000000000000000000e+00 0.000000000000000000e+00 1.769786392702753827e-14
1.653000000000000000e+03 0.000000000000000000e+00 0.000000000000000000e+00 1.767887867231274304e-14
1.654000000000000000e+03 0.000000000000000000e+00 0.000000000000000000e+00 1.765991447422620420e-14
1.655000000000000000e+03 0.000000000000000000e+00 0.000000000000000000e+00 1.764097151301817680e-14
1.656000000000000000e+03 0.000000000000000000e+00 0.000000000000000000e+00 1.762204980133594393e-14
1.657000000000000000e+03 0.000000000000000000e+00 0.000000000000000000e+00 1.760314952912466552e-14
1.658000000000000000e+03 0.000000000000000000e+00 0.000000000000000000e+00 1.758427071731827715e-14
1.659000000000000000e+03 0.000000000000000000e+00 0.000000000000000000e+00 1.756541355636861149e-14
1.660000000000000000e+03 0.000000000000000000e+00 0.000000000000000000e+00 1.754657807031010200e-14
1.661000000000000000e+03 0.000000000000000000e+00 0.000000000000000000e+00 1.752776445801642251e-14
1.662000000000000000e+03 0.000000000000000000e+00 0.000000000000000000e+00 1.750897274622081955e-14
1.663000000000000000e+03 0.000000000000000000e+00 0.000000000000000000e+00 1.749020313836440846e-14
1.664000000000000000e+03 0.000000000000000000e+00 0.000000000000000000e+00 1.747145566827833800e-14
1.665000000000000000e+03 0.000000000000000000e+00 0.000000000000000000e+00 1.745273053626223642e-14
1.666000000000000000e+03 0.000000000000000000e+00 0.000000000000000000e+00 1.743402778653976914e-14
1.667000000000000000e+03 0.000000000000000000e+00 0.000000000000000000e+00 1.741534762311325979e-14
1.668000000000000000e+03 0.000000000000000000e+00 0.000000000000000000e+00 1.739669008953463031e-14
1.669000000000000000e+03 0.000000000000000000e+00 0.000000000000000000e+00 1.737805539243049214e-14
1.670000000000000000e+03 0.000000000000000000e+00 0.000000000000000000e+00 1.735944358089170358e-14
1.671000000000000000e+03 0.000000000000000000e+00 0.000000000000000000e+00 1.734085486856168022e-14
1.672000000000000000e+03 0.000000000000000000e+00 0.000000000000000000e+00 1.732228930669575377e-14
1.673000000000000000e+03 0.000000000000000000e+00 0.000000000000000000e+00 1.730374710621254796e-14
1.674000000000000000e+03 0.000000000000000000e+00 0.000000000000000000e+00 1.728522832562542919e-14
1.675000000000000000e+03 0.000000000000000000e+00 0.000000000000000000e+00 1.726673317918758672e-14
1.676000000000000000e+03 0.000000000000000000e+00 0.000000000000000000e+00 1.724826172894961084e-14
1.677000000000000000e+03 0.000000000000000000e+00 0.000000000000000000e+00 1.722981419008783794e-14
1.678000000000000000e+03 0.000000000000000000e+00 0.000000000000000000e+00 1.721139062546699431e-14
1.679000000000000000e+03 0.000000000000000000e+00 0.000000000000000000e+00 1.719299124895741295e-14
1.680000000000000000e+03 0.000000000000000000e+00 0.000000000000000000e+00 1.717461612909082332e-14
1.681000000000000000e+03 0.000000000000000000e+00 0.000000000000000000e+00 1.715626548333646495e-14
1.682000000000000000e+03 0.000000000000000000e+00 0.000000000000000000e+00 1.713793937689767066e-14
1.683000000000000000e+03 0.000000000000000000e+00 0.000000000000000000e+00 1.711963803226415801e-14
1.684000000000000000e+03 0.000000000000000000e+00 0.000000000000000000e+00 1.710136151166703072e-14
1.685000000000000000e+03 0.000000000000000000e+00 0.000000000000000000e+00 1.708311003861599089e-14
1.686000000000000000e+03 0.000000000000000000e+00 0.000000000000000000e+00 1.706488367897869004e-14
1.687000000000000000e+03 0.000000000000000000e+00 0.000000000000000000e+00 1.704668265544727689e-14
1.688000000000000000e+03 0.000000000000000000e+00 0.000000000000000000e+00 1.702850703304004592e-14
1.689000000000000000e+03 0.000000000000000000e+00 0.000000000000000000e+00 1.701035703857001637e-14
1.690000000000000000e+03 0.000000000000000000e+00 0.000000000000000000e+00 1.699223273935330200e-14
1.691000000000000000e+03 0.000000000000000000e+00 0.000000000000000000e+00 1.697413435729664899e-14
1.692000000000000000e+03 0.000000000000000000e+00 0.000000000000000000e+00 1.695606195941283515e-14
1.693000000000000000e+03 0.000000000000000000e+00 0.000000000000000000e+00 1.693801577344988816e-14
1.694000000000000000e+03 0.000000000000000000e+00 0.000000000000000000e+00 1.691999586440823636e-14
1.695000000000000000e+03 0.000000000000000000e+00 0.000000000000000000e+00 1.690200245485750576e-14
1.696000000000000000e+03 0.000000000000000000e+00 0.000000000000000000e+00 1.688403561271115452e-14
1.697000000000000000e+03 0.000000000000000000e+00 0.000000000000000000e+00 1.686609556115006541e-14
1.698000000000000000e+03 0.000000000000000000e+00 0.000000000000000000e+00 1.684818236104305826e-14
1.699000000000000000e+03 0.000000000000000000e+00 0.000000000000000000e+00 1.683029624502902895e-14
1.700000000000000000e+03 0.000000000000000000e+00 0.000000000000000000e+00 1.681243726683443806e-14
1.701000000000000000e+03 0.000000000000000000e+00 0.000000000000000000e+00 1.679460565628035139e-14
1.702000000000000000e+03 0.000000000000000000e+00 0.000000000000000000e+00 1.677680147123777849e-14
1.703000000000000000e+03 0.000000000000000000e+00 0.000000000000000000e+00 1.675902493225893458e-14
1.704000000000000000e+03 0.000000000000000000e+00 0.000000000000000000e+00 1.674127610248231222e-14
1.705000000000000000e+03 0.000000000000000000e+00 0.000000000000000000e+00 1.672355519978905623e-14
1.706000000000000000e+03 0.000000000000000000e+00 0.000000000000000000e+00 1.670586228669738100e-14
1.707000000000000000e+03 0.000000000000000000e+00 0.000000000000000000e+00 1.668819757666983525e-14
1.708000000000000000e+03 0.000000000000000000e+00 0.000000000000000000e+00 1.667056113029374483e-14
1.709000000000000000e+03 0.000000000000000000e+00 0.000000000000000000e+00 1.665295315969037720e-14
1.710000000000000000e+03 0.000000000000000000e+00 0.000000000000000000e+00 1.663537372245269999e-14
1.711000000000000000e+03 0.000000000000000000e+00 0.000000000000000000e+00 1.661782303208527034e-14
1.712000000000000000e+03 0.000000000000000000e+00 0.000000000000000000e+00 1.660030114035037037e-14
1.713000000000000000e+03 0.000000000000000000e+00 0.000000000000000000e+00 1.658280825745668372e-14
1.714000000000000000e+03 0.000000000000000000e+00 0.000000000000000000e+00 1.656534443482261228e-14
1.715000000000000000e+03 0.000000000000000000e+00 0.000000000000000000e+00 1.654790987743802940e-14
1.716000000000000000e+03 0.000000000000000000e+00 0.000000000000000000e+00 1.653050463188401664e-14
1.717000000000000000e+03 0.000000000000000000e+00 0.000000000000000000e+00 1.651312890280532070e-14
1.718000000000000000e+03 0.000000000000000000e+00 0.000000000000000000e+00 1.649578273056740507e-14
1.719000000000000000e+03 0.000000000000000000e+00 0.000000000000000000e+00 1.647846632087346899e-14
1.720000000000000000e+03 0.000000000000000000e+00 0.000000000000000000e+00 1.646117970730237402e-14
1.721000000000000000e+03 0.000000000000000000e+00 0.000000000000000000e+00 1.644392308752671539e-14
1.722000000000000000e+03 0.000000000000000000e+00 0.000000000000000000e+00 1.642669649319552950e-14
1.723000000000000000e+03 0.000000000000000000e+00 0.000000000000000000e+00 1.640950011987933711e-14
1.724000000000000000e+03 0.000000000000000000e+00 0.000000000000000000e+00 1.639233399852268711e-14
1.725000000000000000e+03 0.000000000000000000e+00 0.000000000000000000e+00 1.637519831999212897e-14
1.726000000000000000e+03 0.000000000000000000e+00 0.000000000000000000e+00 1.635809310579208987e-14
1.727000000000000000e+03 0.000000000000000000e+00 0.000000000000000000e+00 1.634101854471327282e-14
1.728000000000000000e+03 0.000000000000000000e+00 0.000000000000000000e+00 1.632397465590625448e-14
1.729000000000000000e+03 0.000000000000000000e+00 0.000000000000000000e+00 1.630696161750096431e-14
1.730000000000000000e+03 0.000000000000000000e+00 0.000000000000000000e+00 1.628997944744004361e-14
1.731000000000000000e+03 0.000000000000000000e+00 0.000000000000000000e+00 1.627302832016595147e-14
1.732000000000000000e+03 0.000000000000000000e+00 0.000000000000000000e+00 1.625610824830489264e-14
1.733000000000000000e+03 0.000000000000000000e+00 0.000000000000000000e+00 1.623921939972857874e-14
1.734000000000000000e+03 0.000000000000000000e+00 0.000000000000000000e+00 1.622236178645480709e-14
1.735000000000000000e+03 0.000000000000000000e+00 0.000000000000000000e+00 1.620553556854715354e-14
1.736000000000000000e+03 0.000000000000000000e+00 0.000000000000000000e+00 1.618874074925386963e-14
1.737000000000000000e+03 0.000000000000000000e+00 0.000000000000000000e+00 1.617197748494344361e-14
1.738000000000000000e+03 0.000000000000000000e+00 0.000000000000000000e+00 1.615524577543743830e-14
1.739000000000000000e+03 0.000000000000000000e+00 0.000000000000000000e+00 1.613854577538991056e-14
1.740000000000000000e+03 0.000000000000000000e+00 0.000000000000000000e+00 1.612187747349885651e-14
1.741000000000000000e+03 0.000000000000000000e+00 0.000000000000000000e+00 1.610524101501955072e-14
1.742000000000000000e+03 0.000000000000000000e+00 0.000000000000000000e+00 1.608863638766976338e-14
1.743000000000000000e+03 0.000000000000000000e+00 0.000000000000000000e+00 1.607206373225951261e-14
1.744000000000000000e+03 0.000000000000000000e+00 0.000000000000000000e+00 1.605552302656134237e-14
1.745000000000000000e+03 0.000000000000000000e+00 0.000000000000000000e+00 1.603901440425075596e-14
1.746000000000000000e+03 0.000000000000000000e+00 0.000000000000000000e+00 1.602253783917140715e-14
1.747000000000000000e+03 0.000000000000000000e+00 0.000000000000000000e+00 1.600609346244812164e-14
1.748000000000000000e+03 0.000000000000000000e+00 0.000000000000000000e+00 1.598968123621204819e-14
1.749000000000000000e+03 0.000000000000000000e+00 0.000000000000000000e+00 1.597330128632914070e-14
1.750000000000000000e+03 0.000000000000000000e+00 0.000000000000000000e+00 1.595695357061473093e-14
1.751000000000000000e+03 0.000000000000000000e+00 0.000000000000000000e+00 1.594063820323312566e-14
1.752000000000000000e+03 0.000000000000000000e+00 0.000000000000000000e+00 1.592435514005807433e-14
1.753000000000000000e+03 0.000000000000000000e+00 0.000000000000000000e+00 1.590810449052025442e-14
1.754000000000000000e+03 0.000000000000000000e+00 0.000000000000000000e+00 1.589188620506023373e-14
1.755000000000000000e+03 0.000000000000000000e+00 0.000000000000000000e+00 1.587570038584810862e-14
1.756000000000000000e+03 0.000000000000000000e+00 0.000000000000000000e+00 1.585954697722402773e-14
1.757000000000000000e+03 0.000000000000000000e+00 0.000000000000000000e+00 1.584342607414138908e-14
1.758000000000000000e+03 0.000000000000000000e+00 0.000000000000000000e+00 1.582733761345818494e-14
1.759000000000000000e+03 0.000000000000000000e+00 0.000000000000000000e+00 1.581128168160010073e-14
1.760000000000000000e+03 0.000000000000000000e+00 0.000000000000000000e+00 1.579525821347947902e-14
1.761000000000000000e+03 0.000000000000000000e+00 0.000000000000000000e+00 1.577926729216664850e-14
1.762000000000000000e+03 0.000000000000000000e+00 0.000000000000000000e+00 1.576330883765536139e-14
1.763000000000000000e+03 0.000000000000000000e+00 0.000000000000000000e+00 1.574738293244045340e-14
1.764000000000000000e+03 0.000000000000000000e+00 0.000000000000000000e+00 1.573148949036900828e-14
1.765000000000000000e+03 0.000000000000000000e+00 0.000000000000000000e+00 1.571562858535500831e-14
1.766000000000000000e+03 0.000000000000000000e+00 0.000000000000000000e+00 1.569980012399784611e-14
1.767000000000000000e+03 0.000000000000000000e+00 0.000000000000000000e+00 1.568400417732675006e-14
1.768000000000000000e+03 0.000000000000000000e+00 0.000000000000000000e+00 1.566824064424426322e-14
1.769000000000000000e+03 0.000000000000000000e+00 0.000000000000000000e+00 1.565250959053029053e-14
1.770000000000000000e+03 0.000000000000000000e+00 0.000000000000000000e+00 1.563681090719432311e-14
1.771000000000000000e+03 0.000000000000000000e+00 0.000000000000000000e+00 1.562114464919739201e-14
1.772000000000000000e+03 0.000000000000000000e+00 0.000000000000000000e+00 1.560551070447081840e-14
1.773000000000000000e+03 0.000000000000000000e+00 0.000000000000000000e+00 1.558990912370512850e-14
1.774000000000000000e+03 0.000000000000000000e+00 0.000000000000000000e+00 1.557433978520112857e-14
1.775000000000000000e+03 0.000000000000000000e+00 0.000000000000000000e+00 1.555880272989876214e-14
1.776000000000000000e+03 0.000000000000000000e+00 0.000000000000000000e+00 1.554329783668807039e-14
1.777000000000000000e+03 0.000000000000000000e+00 0.000000000000000000e+00 1.552782513460718731e-14
1.778000000000000000e+03 0.000000000000000000e+00 0.000000000000000000e+00 1.551238449967095174e-14
1.779000000000000000e+03 0.000000000000000000e+00 0.000000000000000000e+00 1.549697595110878223e-14
1.780000000000000000e+03 0.000000000000000000e+00 0.000000000000000000e+00 1.548159936183522797e-14
1.781000000000000000e+03 0.000000000000000000e+00 0.000000000000000000e+00 1.546625474702008419e-14
1.782000000000000000e+03 0.000000000000000000e+00 0.000000000000000000e+00 1.545094197090841338e-14
1.783000000000000000e+03 0.000000000000000000e+00 0.000000000000000000e+00 1.543566104741671902e-14
1.784000000000000000e+03 0.000000000000000000e+00 0.000000000000000000e+00 1.542041183032346976e-14
1.785000000000000000e+03 0.000000000000000000e+00 0.000000000000000000e+00 1.540519432540454422e-14
1.786000000000000000e+03 0.000000000000000000e+00 0.000000000000000000e+00 1.539000838315177352e-14
1.787000000000000000e+03 0.000000000000000000e+00 0.000000000000000000e+00 1.537485400707097229e-14
1.788000000000000000e+03 0.000000000000000000e+00 0.000000000000000000e+00 1.535973103847493763e-14
1.789000000000000000e+03 0.000000000000000000e+00 0.000000000000000000e+00 1.534463947366349854e-14
1.790000000000000000e+03 0.000000000000000000e+00 0.000000000000000000e+00 1.532957915110456409e-14
1.791000000000000000e+03 0.000000000000000000e+00 0.000000000000000000e+00 1.531455006114489072e-14
1.792000000000000000e+03 0.000000000000000000e+00 0.000000000000000000e+00 1.529955203477314048e-14
1.793000000000000000e+03 0.000000000000000000e+00 0.000000000000000000e+00 1.528458505711955353e-14
1.794000000000000000e+03 0.000000000000000000e+00 0.000000000000000000e+00 1.526964895771026272e-14
1.795000000000000000e+03 0.000000000000000000e+00 0.000000000000000000e+00 1.525474371269144903e-14
1.796000000000000000e+03 0.000000000000000000e+00 0.000000000000000000e+00 1.523986914864635554e-14
1.797000000000000000e+03 0.000000000000000000e+00 0.000000000000000000e+00 1.522502523600325326e-14
1.798000000000000000e+03 0.000000000000000000e+00 0.000000000000000000e+00 1.521021179495233029e-14
1.799000000000000000e+03 0.000000000000000000e+00 0.000000000000000000e+00 1.519542879489139703e-14
1.800000000000000000e+03 0.000000000000000000e+00 0.000000000000000000e+00 1.518067605182863747e-14
1.801000000000000000e+03 0.000000000000000000e+00 0.000000000000000000e+00 1.516595352875405218e-14
1.802000000000000000e+03 0.000000000000000000e+00 0.000000000000000000e+00 1.515126103833805053e-14
1.803000000000000000e+03 0.000000000000000000e+00 0.000000000000000000e+00 1.513659853934225975e-14
1.804000000000000000e+03 0.000000000000000000e+00 0.000000000000000000e+00 1.512196584170045499e-14
1.805000000000000000e+03 0.000000000000000000e+00 0.000000000000000000e+00 1.510736289667417158e-14
1.806000000000000000e+03 0.000000000000000000e+00 0.000000000000000000e+00 1.509278950791108661e-14
1.807000000000000000e+03 0.000000000000000000e+00 0.000000000000000000e+00 1.507824562593831536e-14
1.808000000000000000e+03 0.000000000000000000e+00 0.000000000000000000e+00 1.506373105472631786e-14
1.809000000000000000e+03 0.000000000000000000e+00 0.000000000000000000e+00 1.504924573530719242e-14
1.810000000000000000e+03 0.000000000000000000e+00 0.000000000000000000e+00 1.503478946687299718e-14
1.811000000000000000e+03 0.000000000000000000e+00 0.000000000000000000e+00 1.502036218995135389e-14
1.812000000000000000e+03 0.000000000000000000e+00 0.000000000000000000e+00 1.500596369716717673e-14
1.813000000000000000e+03 0.000000000000000000e+00 0.000000000000000000e+00 1.499159392785197868e-14
1.814000000000000000e+03 0.000000000000000000e+00 0.000000000000000000e+00 1.497725267571090850e-14
1.815000000000000000e+03 0.000000000000000000e+00 0.000000000000000000e+00 1.496293987096420196e-14
1.816000000000000000e+03 0.000000000000000000e+00 0.000000000000000000e+00 1.494865530750937312e-14
1.817000000000000000e+03 0.000000000000000000e+00 0.000000000000000000e+00 1.493439891524026185e-14
1.818000000000000000e+03 0.000000000000000000e+00 0.000000000000000000e+00 1.492017048067121841e-14
1.819000000000000000e+03 0.000000000000000000e+00 0.000000000000000000e+00 1.490596993261042073e-14
1.820000000000000000e+03 0.000000000000000000e+00 0.000000000000000000e+00 1.489179705508439161e-14
1.821000000000000000e+03 0.000000000000000000e+00 0.000000000000000000e+00 1.487765177655115253e-14
1.822000000000000000e+03 0.000000000000000000e+00 0.000000000000000000e+00 1.486353387558716302e-14
1.823000000000000000e+03 0.000000000000000000e+00 0.000000000000000000e+00 1.484944327704184453e-14
1.824000000000000000e+03 0.000000000000000000e+00 0.000000000000000000e+00 1.483537976149354259e-14
1.825000000000000000e+03 0.000000000000000000e+00 0.000000000000000000e+00 1.482134324887690796e-14
1.826000000000000000e+03 0.000000000000000000e+00 0.000000000000000000e+00 1.480733351741363049e-14
1.827000000000000000e+03 0.000000000000000000e+00 0.000000000000000000e+00 1.479335048555086589e-14
1.828000000000000000e+03 0.000000000000000000e+00 0.000000000000000000e+00 1.477939393100493130e-14
1.829000000000000000e+03 0.000000000000000000e+00 0.000000000000000000e+00 1.476546377219446040e-14
1.830000000000000000e+03 0.000000000000000000e+00 0.000000000000000000e+00 1.475155978362144927e-14
1.831000000000000000e+03 0.000000000000000000e+00 0.000000000000000000e+00 1.473768188472553848e-14
1.832000000000000000e+03 0.000000000000000000e+00 0.000000000000000000e+00 1.472382984571377407e-14
1.833000000000000000e+03 0.000000000000000000e+00 0.000000000000000000e+00 1.471000358373136627e-14
1.834000000000000000e+03 0.000000000000000000e+00 0.000000000000000000e+00 1.469620286782692204e-14
1.835000000000000000e+03 0.000000000000000000e+00 0.000000000000000000e+00 1.468242761157400496e-14
1.836000000000000000e+03 0.000000000000000000e+00 0.000000000000000000e+00 1.466867758457280933e-14
1.837000000000000000e+03 0.000000000000000000e+00 0.000000000000000000e+00 1.465495269982841717e-14
1.838000000000000000e+03 0.000000000000000000e+00 0.000000000000000000e+00 1.464125272487089396e-14
1.839000000000000000e+03 0.000000000000000000e+00 0.000000000000000000e+00 1.462757756966305441e-14
1.840000000000000000e+03 0.000000000000000000e+00 0.000000000000000000e+00 1.461392700252828673e-14
1.841000000000000000e+03 0.000000000000000000e+00 0.000000000000000000e+00 1.460030093391362735e-14
1.842000000000000000e+03 0.000000000000000000e+00 0.000000000000000000e+00 1.458669913046288495e-14
1.843000000000000000e+03 0.000000000000000000e+00 0.000000000000000000e+00 1.457312150363938865e-14
1.844000000000000000e+03 0.000000000000000000e+00 0.000000000000000000e+00 1.455956781754378261e-14
1.845000000000000000e+03 0.000000000000000000e+00 0.000000000000000000e+00 1.454603798262455795e-14
1.846000000000000000e+03 0.000000000000000000e+00 0.000000000000000000e+00 1.453253176734254768e-14
1.847000000000000000e+03 0.000000000000000000e+00 0.000000000000000000e+00 1.451904907565769789e-14
1.848000000000000000e+03 0.000000000000000000e+00 0.000000000000000000e+00 1.450558967994046778e-14
1.849000000000000000e+03 0.000000000000000000e+00 0.000000000000000000e+00 1.449215348331686388e-14
1.850000000000000000e+03 0.000000000000000000e+00 0.000000000000000000e+00 1.447874025825524303e-14
1.851000000000000000e+03 0.000000000000000000e+00 0.000000000000000000e+00 1.446534990882673652e-14
1.852000000000000000e+03 0.000000000000000000e+00 0.000000000000000000e+00 1.445198220677775781e-14
1.853000000000000000e+03 0.000000000000000000e+00 0.000000000000000000e+00 1.443863705473214662e-14
1.854000000000000000e+03 0.000000000000000000e+00 0.000000000000000000e+00 1.442531422674342533e-14
1.855000000000000000e+03 0.000000000000000000e+00 0.000000000000000000e+00 1.441201362648990089e-14
1.856000000000000000e+03 0.000000000000000000e+00 0.000000000000000000e+00 1.439873502833988902e-14
1.857000000000000000e+03 0.000000000000000000e+00 0.000000000000000000e+00 1.438547833454281084e-14
1.858000000000000000e+03 0.000000000000000000e+00 0.000000000000000000e+00 1.437224331813314450e-14
1.859000000000000000e+03 0.000000000000000000e+00 0.000000000000000000e+00 1.435902988725000028e-14
1.860000000000000000e+03 0.000000000000000000e+00 0.000000000000000000e+00 1.434583781303530643e-14
1.861000000000000000e+03 0.000000000000000000e+00 0.000000000000000000e+00 1.433266700476127096e-14
1.862000000000000000e+03 0.000000000000000000e+00 0.000000000000000000e+00 1.431951723513128708e-14
1.863000000000000000e+03 0.000000000000000000e+00 0.000000000000000000e+00 1.430638841337386937e-14
1.864000000000000000e+03 0.000000000000000000e+00 0.000000000000000000e+00 1.429328031493338400e-14
1.865000000000000000e+03 0.000000000000000000e+00 0.000000000000000000e+00 1.428019285152922748e-14
1.866000000000000000e+03 0.000000000000000000e+00 0.000000000000000000e+00 1.426712579584923986e-14
1.867000000000000000e+03 0.000000000000000000e+00 0.000000000000000000e+00 1.425407905934202695e-14
1.868000000000000000e+03 0.000000000000000000e+00 0.000000000000000000e+00 1.424105241915824528e-14
1.869000000000000000e+03 0.000000000000000000e+00 0.000000000000000000e+00 1.422804578633267686e-14
1.870000000000000000e+03 0.000000000000000000e+00 0.000000000000000000e+00 1.421505893885562600e-14
1.871000000000000000e+03 0.000000000000000000e+00 0.000000000000000000e+00 1.420209178646080481e-14
1.872000000000000000e+03 0.000000000000000000e+00 0.000000000000000000e+00 1.418914411066507611e-14
1.873000000000000000e+03 0.000000000000000000e+00 0.000000000000000000e+00 1.417621581909217157e-14
1.874000000000000000e+03 0.000000000000000000e+00 0.000000000000000000e+00 1.416330669424290809e-14
1.875000000000000000e+03 0.000000000000000000e+00 0.000000000000000000e+00 1.415041664840911279e-14
1.876000000000000000e+03 0.000000000000000000e+00 0.000000000000000000e+00 1.413754546407751825e-14
1.877000000000000000e+03 0.000000000000000000e+00 0.000000000000000000e+00 1.412469305819545998e-14
1.878000000000000000e+03 0.000000000000000000e+00 0.000000000000000000e+00 1.411185920922322193e-14
1.879000000000000000e+03 0.000000000000000000e+00 0.000000000000000000e+00 1.409904383854015741e-14
1.880000000000000000e+03 0.000000000000000000e+00 0.000000000000000000e+00 1.408624672909847740e-14
1.881000000000000000e+03 0.000000000000000000e+00 0.000000000000000000e+00 1.407346779734481005e-14
1.882000000000000000e+03 0.000000000000000000e+00 0.000000000000000000e+00 1.406070683371791036e-14
1.883000000000000000e+03 0.000000000000000000e+00 0.000000000000000000e+00 1.404796375219058756e-14
1.884000000000000000e+03 0.000000000000000000e+00 0.000000000000000000e+00 1.403523834612186982e-14
1.885000000000000000e+03 0.000000000000000000e+00 0.000000000000000000e+00 1.402253053029407177e-14
1.886000000000000000e+03 0.000000000000000000e+00 0.000000000000000000e+00 1.400984009980779450e-14
1.887000000000000000e+03 0.000000000000000000e+00 0.000000000000000000e+00 1.399716697211787456e-14
1.888000000000000000e+03 0.000000000000000000e+00 0.000000000000000000e+00 1.398451094609532425e-14
1.889000000000000000e+03 0.000000000000000000e+00 0.000000000000000000e+00 1.397187193935292740e-14
1.890000000000000000e+03 0.000000000000000000e+00 0.000000000000000000e+00 1.395924975266090260e-14
1.891000000000000000e+03 0.000000000000000000e+00 0.000000000000000000e+00 1.394664430632451696e-14
1.892000000000000000e+03 0.000000000000000000e+00 0.000000000000000000e+00 1.393405540528697645e-14
1.893000000000000000e+03 0.000000000000000000e+00 0.000000000000000000e+00 1.392148297040321385e-14
1.894000000000000000e+03 0.000000000000000000e+00 0.000000000000000000e+00 1.390892681154695620e-14
1.895000000000000000e+03 0.000000000000000000e+00 0.000000000000000000e+00 1.389638684901959731e-14
1.896000000000000000e+03 0.000000000000000000e+00 0.000000000000000000e+00 1.388386289559294515e-14
1.897000000000000000e+03 0.000000000000000000e+00 0.000000000000000000e+00 1.387135487374557546e-14
1.898000000000000000e+03 0.000000000000000000e+00 0.000000000000000000e+00 1.385886259747927393e-14
1.899000000000000000e+03 0.000000000000000000e+00 0.000000000000000000e+00 1.384638599320289961e-14
1.900000000000000000e+03 0.000000000000000000e+00 0.000000000000000000e+00 1.383392487586831703e-14
1.901000000000000000e+03 0.000000000000000000e+00 0.000000000000000000e+00 1.382147917579376216e-14
1.902000000000000000e+03 0.000000000000000000e+00 0.000000000000000000e+00 1.380904871149687073e-14
1.903000000000000000e+03 0.000000000000000000e+00 0.000000000000000000e+00 1.379663341552420250e-14
1.904000000000000000e+03 0.000000000000000000e+00 0.000000000000000000e+00 1.378423311050095565e-14
1.905000000000000000e+03 0.000000000000000000e+00 0.000000000000000000e+00 1.377184773312947703e-14
1.906000000000000000e+03 0.000000000000000000e+00 0.000000000000000000e+00 1.375947710847635206e-14
1.907000000000000000e+03 0.000000000000000000e+00 0.000000000000000000e+00 1.374712118101180306e-14
1.908000000000000000e+03 0.000000000000000000e+00 0.000000000000000000e+00 1.373477977691122572e-14
1.909000000000000000e+03 0.000000000000000000e+00 0.000000000000000000e+00 1.372245284489552310e-14
1.910000000000000000e+03 0.000000000000000000e+00 0.000000000000000000e+00 1.371014021773085178e-14
1.911000000000000000e+03 0.000000000000000000e+00 0.000000000000000000e+00 1.369784184616132375e-14
1.912000000000000000e+03 0.000000000000000000e+00 0.000000000000000000e+00 1.368555756652801757e-14
1.913000000000000000e+03 0.000000000000000000e+00 0.000000000000000000e+00 1.367328733410998884e-14
1.914000000000000000e+03 0.000000000000000000e+00 0.000000000000000000e+00 1.366103098711389169e-14
1.915000000000000000e+03 0.000000000000000000e+00 0.000000000000000000e+00 1.364878848917782327e-14
1.916000000000000000e+03 0.000000000000000000e+00 0.000000000000000000e+00 1.363655968573666288e-14
1.917000000000000000e+03 0.000000000000000000e+00 0.000000000000000000e+00 1.362434453879322268e-14
1.918000000000000000e+03 0.000000000000000000e+00 0.000000000000000000e+00 1.361214290285680042e-14
1.919000000000000000e+03 0.000000000000000000e+00 0.000000000000000000e+00 1.359995474625113771e-14
1.920000000000000000e+03 0.000000000000000000e+00 0.000000000000000000e+00 1.358777992544101752e-14
1.921000000000000000e+03 0.000000000000000000e+00 0.000000000000000000e+00 1.357561841402693198e-14
1.922000000000000000e+03 0.000000000000000000e+00 0.000000000000000000e+00 1.356347007398136469e-14
1.923000000000000000e+03 0.000000000000000000e+00 0.000000000000000000e+00 1.355133488417598899e-14
1.924000000000000000e+03 0.000000000000000000e+00 0.000000000000000000e+00 1.353921271265426734e-14
1.925000000000000000e+03 0.000000000000000000e+00 0.000000000000000000e+00 1.352710354115268454e-14
1.926000000000000000e+03 0.000000000000000000e+00 0.000000000000000000e+00 1.351500724364897550e-14
1.927000000000000000e+03 0.000000000000000000e+00 0.000000000000000000e+00 1.350292380362256270e-14
1.928000000000000000e+03 0.000000000000000000e+00 0.000000000000000000e+00 1.349085310133999595e-14
1.929000000000000000e+03 0.000000000000000000e+00 0.000000000000000000e+00 1.347879512770257566e-14
1.930000000000000000e+03 0.000000000000000000e+00 0.000000000000000000e+00 1.346674976916306414e-14
1.931000000000000000e+03 0.000000000000000000e+00 0.000000000000000000e+00 1.345471701921680468e-14
1.932000000000000000e+03 0.000000000000000000e+00 0.000000000000000000e+00 1.344269676776702615e-14
1.933000000000000000e+03 0.000000000000000000e+00 0.000000000000000000e+00 1.343068901913262525e-14
1.934000000000000000e+03 0.000000000000000000e+00 0.000000000000000000e+00 1.341869366562811675e-14
1.935000000000000000e+03 0.000000000000000000e+00 0.000000000000000000e+00 1.340671071877464535e-14
1.936000000000000000e+03 0.000000000000000000e+00 0.000000000000000000e+00 1.339474007823942062e-14
1.937000000000000000e+03 0.000000000000000000e+00 0.000000000000000000e+00 1.338278175662334695e-14
1.938000000000000000e+03 0.000000000000000000e+00 0.000000000000000000e+00 1.337083566247495499e-14
1.939000000000000000e+03 0.000000000000000000e+00 0.000000000000000000e+00 1.335890181576640743e-14
1.940000000000000000e+03 0.000000000000000000e+00 0.000000000000000000e+00 1.334698012573976040e-14
1.941000000000000000e+03 0.000000000000000000e+00 0.000000000000000000e+00 1.333507062149272427e-14
1.942000000000000000e+03 0.000000000000000000e+00 0.000000000000000000e+00 1.332317321589520500e-14
1.943000000000000000e+03 0.000000000000000000e+00 0.000000000000000000e+00 1.331128794541080225e-14
1.944000000000000000e+03 0.000000000000000000e+00 0.000000000000000000e+00 1.329941472715997652e-14
1.945000000000000000e+03 0.000000000000000000e+00 0.000000000000000000e+00 1.328755360325686557e-14
1.946000000000000000e+03 0.000000000000000000e+00 0.000000000000000000e+00 1.327570449592134292e-14
1.947000000000000000e+03 0.000000000000000000e+00 0.000000000000000000e+00 1.326386745292435271e-14
1.948000000000000000e+03 0.000000000000000000e+00 0.000000000000000000e+00 1.325204240375951409e-14
1.949000000000000000e+03 0.000000000000000000e+00 0.000000000000000000e+00 1.324022939867302581e-14
1.950000000000000000e+03 0.000000000000000000e+00 0.000000000000000000e+00 1.322842837288883681e-14
1.951000000000000000e+03 0.000000000000000000e+00 0.000000000000000000e+00 1.321663938363459482e-14
1.952000000000000000e+03 0.000000000000000000e+00 0.000000000000000000e+00 1.320486237047615657e-14
1.953000000000000000e+03 0.000000000000000000e+00 0.000000000000000000e+00 1.319309739640412214e-14
1.954000000000000000e+03 0.000000000000000000e+00 0.000000000000000000e+00 1.318134440835694761e-14
1.955000000000000000e+03 0.000000000000000000e+00 0.000000000000000000e+00 1.316960347706544791e-14
1.956000000000000000e+03 0.000000000000000000e+00 0.000000000000000000e+00 1.315787455168279979e-14
1.957000000000000000e+03 0.000000000000000000e+00 0.000000000000000000e+00 1.314615770554090243e-14
1.958000000000000000e+03 0.000000000000000000e+00 0.000000000000000000e+00 1.313445289702312899e-14
1.959000000000000000e+03 0.000000000000000000e+00 0.000000000000000000e+00 1.312276020257541967e-14
1.960000000000000000e+03 0.000000000000000000e+00 0.000000000000000000e+00 1.311107958662159128e-14
1.961000000000000000e+03 0.000000000000000000e+00 0.000000000000000000e+00 1.309941113131192873e-14
1.962000000000000000e+03 0.000000000000000000e+00 0.000000000000000000e+00 1.308775480267455840e-14
1.963000000000000000e+03 0.000000000000000000e+00 0.000000000000000000e+00 1.307611068673610937e-14
1.964000000000000000e+03 0.000000000000000000e+00 0.000000000000000000e+00 1.306447875509169312e-14
1.965000000000000000e+03 0.000000000000000000e+00 0.000000000000000000e+00 1.305285909973753791e-14
1.966000000000000000e+03 0.000000000000000000e+00 0.000000000000000000e+00 1.304125169602271867e-14
1.967000000000000000e+03 0.000000000000000000e+00 0.000000000000000000e+00 1.302965663964081843e-14
1.968000000000000000e+03 0.000000000000000000e+00 0.000000000000000000e+00 1.301807391205401455e-14
1.969000000000000000e+03 0.000000000000000000e+00 0.000000000000000000e+00 1.300650361504488655e-14
1.970000000000000000e+03 0.000000000000000000e+00 0.000000000000000000e+00 1.299494573374955632e-14
1.971000000000000000e+03 0.000000000000000000e+00 0.000000000000000000e+00 1.298340037021099844e-14
1.972000000000000000e+03 0.000000000000000000e+00 0.000000000000000000e+00 1.297186751784565119e-14
1.973000000000000000e+03 0.000000000000000000e+00 0.000000000000000000e+00 1.296034728297079471e-14
1.974000000000000000e+03 0.000000000000000000e+00 0.000000000000000000e+00 1.294883966031545922e-14
1.975000000000000000e+03 0.000000000000000000e+00 0.000000000000000000e+00 1.293734476122308903e-14
1.976000000000000000e+03 0.000000000000000000e+00 0.000000000000000000e+00 1.292586258514456438e-14
1.977000000000000000e+03 0.000000000000000000e+00 0.000000000000000000e+00 1.291439324308830821e-14
1.978000000000000000e+03 0.000000000000000000e+00 0.000000000000000000e+00 1.290293673966754441e-14
1.979000000000000000e+03 0.000000000000000000e+00 0.000000000000000000e+00 1.289149319191353061e-14
1.980000000000000000e+03 0.000000000000000000e+00 0.000000000000000000e+00 1.288006260570283406e-14
1.981000000000000000e+03 0.000000000000000000e+00 0.000000000000000000e+00 1.286864510052159549e-14
1.982000000000000000e+03 0.000000000000000000e+00 0.000000000000000000e+00 1.285724069045610175e-14
1.983000000000000000e+03 0.000000000000000000e+00 0.000000000000000000e+00 1.284584949390987505e-14
1.984000000000000000e+03 0.000000000000000000e+00 0.000000000000000000e+00 1.283447153008061389e-14
1.985000000000000000e+03 0.000000000000000000e+00 0.000000000000000000e+00 1.282310691837432963e-14
1.986000000000000000e+03 0.000000000000000000e+00 0.000000000000000000e+00 1.281175567978140402e-14
1.987000000000000000e+03 0.000000000000000000e+00 0.000000000000000000e+00 1.280041793758356149e-14
1.988000000000000000e+03 0.000000000000000000e+00 0.000000000000000000e+00 1.278909371299616061e-14
1.989000000000000000e+03 0.000000000000000000e+00 0.000000000000000000e+00 1.277778313455068313e-14
1.990000000000000000e+03 0.000000000000000000e+00 0.000000000000000000e+00 1.276648622222409274e-14
1.991000000000000000e+03 0.000000000000000000e+00 0.000000000000000000e+00 1.275520310535278698e-14
1.992000000000000000e+03 0.000000000000000000e+00 0.000000000000000000e+00 1.274393380423354481e-14
1.993000000000000000e+03 0.000000000000000000e+00 0.000000000000000000e+00 1.273267845237815090e-14
1.994000000000000000e+03 0.000000000000000000e+00 0.000000000000000000e+00 1.272143707306025180e-14
1.995000000000000000e+03 0.000000000000000000e+00 0.000000000000000000e+00 1.271020980254966504e-14
1.996000000000000000e+03 0.000000000000000000e+00 0.000000000000000000e+00 1.269899666563574820e-14
1.997000000000000000e+03 0.000000000000000000e+00 0.000000000000000000e+00 1.268779779535789397e-14
1.998000000000000000e+03 0.000000000000000000e+00 0.000000000000000000e+00 1.267661322308115513e-14
1.999000000000000000e+03 0.000000000000000000e+00 0.000000000000000000e+00 1.266544308362722465e-14
2.000000000000000000e+03 0.000000000000000000e+00 0.000000000000000000e+00 1.265428740686273139e-14
2.001000000000000000e+03 0.000000000000000000e+00 0.000000000000000000e+00 1.264314632791019882e-14
2.002000000000000000e+03 0.000000000000000000e+00 0.000000000000000000e+00 1.263201988208698963e-14
2.003000000000000000e+03 0.000000000000000000e+00 0.000000000000000000e+00 1.262090820222853969e-14
2.004000000000000000e+03 0.000000000000000000e+00 0.000000000000000000e+00 1.260981132382172367e-14
2.005000000000000000e+03 0.000000000000000000e+00 0.000000000000000000e+00 1.259872938089808937e-14
2.006000000000000000e+03 0.000000000000000000e+00 0.000000000000000000e+00 1.258766240938204214e-14
2.007000000000000000e+03 0.000000000000000000e+00 0.000000000000000000e+00 1.257661054618214175e-14
2.008000000000000000e+03 0.000000000000000000e+00 0.000000000000000000e+00 1.256557382216181699e-14
2.009000000000000000e+03 0.000000000000000000e+00 0.000000000000000000e+00 1.255455238044630281e-14
2.010000000000000000e+03 0.000000000000000000e+00 0.000000000000000000e+00 1.254354625176762899e-14
2.011000000000000000e+03 0.000000000000000000e+00 0.000000000000000000e+00 1.253255557424357969e-14
2.012000000000000000e+03 0.000000000000000000e+00 0.000000000000000000e+00 1.252158038290363859e-14
2.013000000000000000e+03 0.000000000000000000e+00 0.000000000000000000e+00 1.251062081603487783e-14
2.014000000000000000e+03 0.000000000000000000e+00 0.000000000000000000e+00 1.249967690746840038e-14
2.015000000000000000e+03 0.000000000000000000e+00 0.000000000000000000e+00 1.248874879468675386e-14
2.016000000000000000e+03 0.000000000000000000e+00 0.000000000000000000e+00 1.247783651547288412e-14
2.017000000000000000e+03 0.000000000000000000e+00 0.000000000000000000e+00 1.246694020367053327e-14
2.018000000000000000e+03 0.000000000000000000e+00 0.000000000000000000e+00 1.245605989594914790e-14
2.019000000000000000e+03 0.000000000000000000e+00 0.000000000000000000e+00 1.244519572836794336e-14
2.020000000000000000e+03 0.000000000000000000e+00 0.000000000000000000e+00 1.243434773411075280e-14
2.021000000000000000e+03 0.000000000000000000e+00 0.000000000000000000e+00 1.242351604893280244e-14
2.022000000000000000e+03 0.000000000000000000e+00 0.000000000000000000e+00 1.241270070596998790e-14
2.023000000000000000e+03 0.000000000000000000e+00 0.000000000000000000e+00 1.240190183764378715e-14
2.024000000000000000e+03 0.000000000000000000e+00 0.000000000000000000e+00 1.239111947831103793e-14
2.025000000000000000e+03 0.000000000000000000e+00 0.000000000000000000e+00 1.238035375752409005e-14
2.026000000000000000e+03 0.000000000000000000e+00 0.000000000000000000e+00 1.236960470430585882e-14
2.027000000000000000e+03 0.000000000000000000e+00 0.000000000000000000e+00 1.235887244772705818e-14
2.028000000000000000e+03 0.000000000000000000e+00 0.000000000000000000e+00 1.234815701781285751e-14
2.029000000000000000e+03 0.000000000000000000e+00 0.000000000000000000e+00 1.233745854412905198e-14
2.030000000000000000e+03 0.000000000000000000e+00 0.000000000000000000e+00 1.232677705096565020e-14
2.031000000000000000e+03 0.000000000000000000e+00 0.000000000000000000e+00 1.231611266619499330e-14
2.032000000000000000e+03 0.000000000000000000e+00 0.000000000000000000e+00 1.230546541476214739e-14
2.033000000000000000e+03 0.000000000000000000e+00 0.000000000000000000e+00 1.229483542229982699e-14
2.034000000000000000e+03 0.000000000000000000e+00 0.000000000000000000e+00 1.228422271203438487e-14
2.035000000000000000e+03 0.000000000000000000e+00 0.000000000000000000e+00 1.227362740693942744e-14
2.036000000000000000e+03 0.000000000000000000e+00 0.000000000000000000e+00 1.226304952535766365e-14
2.037000000000000000e+03 0.000000000000000000e+00 0.000000000000000000e+00 1.225248919209344730e-14
2.038000000000000000e+03 0.000000000000000000e+00 0.000000000000000000e+00 1.224194642134527282e-14
2.039000000000000000e+03 0.000000000000000000e+00 0.000000000000000000e+00 1.223142133217689009e-14
2.040000000000000000e+03 0.000000000000000000e+00 0.000000000000000000e+00 1.222091393933002684e-14
2.041000000000000000e+03 0.000000000000000000e+00 0.000000000000000000e+00 1.221042435755131119e-14
2.042000000000000000e+03 0.000000000000000000e+00 0.000000000000000000e+00 1.219995260162471750e-14
2.043000000000000000e+03 0.000000000000000000e+00 0.000000000000000000e+00 1.218949878223369278e-14
2.044000000000000000e+03 0.000000000000000000e+00 0.000000000000000000e+00 1.217906290991959595e-14
2.045000000000000000e+03 0.000000000000000000e+00 0.000000000000000000e+00 1.216864509563711279e-14
2.046000000000000000e+03 0.000000000000000000e+00 0.000000000000000000e+00 1.215824534851030319e-14
2.047000000000000000e+03 0.000000000000000000e+00 0.000000000000000000e+00 1.214786377443279112e-14
2.048000000000000000e+03 0.000000000000000000e+00 0.000000000000000000e+00 1.213750037780743018e-14
2.049000000000000000e+03 0.000000000000000000e+00 0.000000000000000000e+00 1.212715526242850247e-14
2.050000000000000000e+03 0.000000000000000000e+00 0.000000000000000000e+00 1.211682843028247650e-14
2.051000000000000000e+03 0.000000000000000000e+00 0.000000000000000000e+00 1.210651997952510273e-14
2.052000000000000000e+03 0.000000000000000000e+00 0.000000000000000000e+00 1.209622991111324578e-14
2.053000000000000000e+03 0.000000000000000000e+00 0.000000000000000000e+00 1.208595831800586295e-14
2.054000000000000000e+03 0.000000000000000000e+00 0.000000000000000000e+00 1.207570519597276492e-14
2.055000000000000000e+03 0.000000000000000000e+00 0.000000000000000000e+00 1.206547063515411333e-14
2.056000000000000000e+03 0.000000000000000000e+00 0.000000000000000000e+00 1.205525462876745726e-14
2.057000000000000000e+03 0.000000000000000000e+00 0.000000000000000000e+00 1.204505726499513177e-14
2.058000000000000000e+03 0.000000000000000000e+00 0.000000000000000000e+00 1.203487853337993677e-14
2.059000000000000000e+03 0.000000000000000000e+00 0.000000000000000000e+00 1.202471851617558000e-14
2.060000000000000000e+03 0.000000000000000000e+00 0.000000000000000000e+00 1.201457720085021238e-14
2.061000000000000000e+03 0.000000000000000000e+00 0.000000000000000000e+00 1.200445466883380838e-14
2.062000000000000000e+03 0.000000000000000000e+00 0.000000000000000000e+00 1.199435090421146053e-14
2.063000000000000000e+03 0.000000000000000000e+00 0.000000000000000000e+00 1.198426598272317952e-14
2.064000000000000000e+03 0.000000000000000000e+00 0.000000000000000000e+00 1.197419988444927295e-14
2.065000000000000000e+03 0.000000000000000000e+00 0.000000000000000000e+00 1.196415268220502920e-14
2.066000000000000000e+03 0.000000000000000000e+00 0.000000000000000000e+00 1.195412435392665089e-14
2.067000000000000000e+03 0.000000000000000000e+00 0.000000000000000000e+00 1.194411496820689375e-14
2.068000000000000000e+03 0.000000000000000000e+00 0.000000000000000000e+00 1.193412449939896523e-14
2.069000000000000000e+03 0.000000000000000000e+00 0.000000000000000000e+00 1.192415301141123405e-14
2.070000000000000000e+03 0.000000000000000000e+00 0.000000000000000000e+00 1.191420047450581505e-14
2.071000000000000000e+03 0.000000000000000000e+00 0.000000000000000000e+00 1.190426694955051359e-14
2.072000000000000000e+03 0.000000000000000000e+00 0.000000000000000000e+00 1.189435240222671221e-14
2.073000000000000000e+03 0.000000000000000000e+00 0.000000000000000000e+00 1.188445689150235681e-14
2.074000000000000000e+03 0.000000000000000000e+00 0.000000000000000000e+00 1.187458037843291174e-14
2.075000000000000000e+03 0.000000000000000000e+00 0.000000000000000000e+00 1.186472291597405104e-14
2.076000000000000000e+03 0.000000000000000000e+00 0.000000000000000000e+00 1.185488446456996969e-14
2.077000000000000000e+03 0.000000000000000000e+00 0.000000000000000000e+00 1.184506507403339839e-14
2.078000000000000000e+03 0.000000000000000000e+00 0.000000000000000000e+00 1.183526469515059956e-14
2.079000000000000000e+03 0.000000000000000000e+00 0.000000000000000000e+00 1.182548337783373668e-14
2.080000000000000000e+03 0.000000000000000000e+00 0.000000000000000000e+00 1.181572107218481422e-14
2.081000000000000000e+03 0.000000000000000000e+00 0.000000000000000000e+00 1.180597782125410168e-14
2.082000000000000000e+03 0.000000000000000000e+00 0.000000000000000000e+00 1.179625357177091235e-14
2.083000000000000000e+03 0.000000000000000000e+00 0.000000000000000000e+00 1.178654835905685772e-14
2.084000000000000000e+03 0.000000000000000000e+00 0.000000000000000000e+00 1.177686213001221772e-14
2.085000000000000000e+03 0.000000000000000000e+00 0.000000000000000000e+00 1.176719491555108967e-14
2.086000000000000000e+03 0.000000000000000000e+00 0.000000000000000000e+00 1.175754665799859848e-14
2.087000000000000000e+03 0.000000000000000000e+00 0.000000000000000000e+00 1.174791738310762275e-14
2.088000000000000000e+03 0.000000000000000000e+00 0.000000000000000000e+00 1.173830702897191956e-14
2.089000000000000000e+03 0.000000000000000000e+00 0.000000000000000000e+00 1.172871561802841434e-14
2.090000000000000000e+03 0.000000000000000000e+00 0.000000000000000000e+00 1.171914308181597436e-14
2.091000000000000000e+03 0.000000000000000000e+00 0.000000000000000000e+00 1.170958944238157534e-14
2.092000000000000000e+03 0.000000000000000000e+00 0.000000000000000000e+00 1.170005462584698618e-14
2.093000000000000000e+03 0.000000000000000000e+00 0.000000000000000000e+00 1.169053864722271370e-14
2.094000000000000000e+03 0.000000000000000000e+00 0.000000000000000000e+00 1.168104143337776585e-14
2.095000000000000000e+03 0.000000000000000000e+00 0.000000000000000000e+00 1.167156299588012514e-14
2.096000000000000000e+03 0.000000000000000000e+00 0.000000000000000000e+00 1.166210325503337525e-14
2.097000000000000000e+03 0.000000000000000000e+00 0.000000000000000000e+00 1.165266222004217872e-14
2.098000000000000000e+03 0.000000000000000000e+00 0.000000000000000000e+00 1.164323980817182617e-14
2.099000000000000000e+03 0.000000000000000000e+00 0.000000000000000000e+00 1.163383602301899322e-14
2.100000000000000000e+03 0.000000000000000000e+00 0.000000000000000000e+00 1.162445077977644830e-14
2.101000000000000000e+03 0.000000000000000000e+00 0.000000000000000000e+00 1.161508407914915696e-14
2.102000000000000000e+03 0.000000000000000000e+00 0.000000000000000000e+00 1.160573582904669304e-14
2.103000000000000000e+03 0.000000000000000000e+00 0.000000000000000000e+00 1.159640602828536916e-14
2.104000000000000000e+03 0.000000000000000000e+00 0.000000000000000000e+00 1.158709458324948242e-14
2.105000000000000000e+03 0.000000000000000000e+00 0.000000000000000000e+00 1.157780148758829231e-14
2.106000000000000000e+03 0.000000000000000000e+00 0.000000000000000000e+00 1.156852664450940826e-14
2.107000000000000000e+03 0.000000000000000000e+00 0.000000000000000000e+00 1.155927004514513125e-14
2.108000000000000000e+03 0.000000000000000000e+00 0.000000000000000000e+00 1.155003159113157301e-14
2.109000000000000000e+03 0.000000000000000000e+00 0.000000000000000000e+00 1.154081127005987734e-14
2.110000000000000000e+03 0.000000000000000000e+00 0.000000000000000000e+00 1.153160897884042163e-14
2.111000000000000000e+03 0.000000000000000000e+00 0.000000000000000000e+00 1.152242470348609460e-14
2.112000000000000000e+03 0.000000000000000000e+00 0.000000000000000000e+00 1.151325833694949376e-14
2.113000000000000000e+03 0.000000000000000000e+00 0.000000000000000000e+00 1.150410986242424363e-14
2.114000000000000000e+03 0.000000000000000000e+00 0.000000000000000000e+00 1.149497916892612979e-14
2.115000000000000000e+03 0.000000000000000000e+00 0.000000000000000000e+00 1.148586623667158571e-14
2.116000000000000000e+03 0.000000000000000000e+00 0.000000000000000000e+00 1.147677095075943279e-14
2.117000000000000000e+03 0.000000000000000000e+00 0.000000000000000000e+00 1.146769329025607310e-14
2.118000000000000000e+03 0.000000000000000000e+00 0.000000000000000000e+00 1.145863313672670767e-14
2.119000000000000000e+03 0.000000000000000000e+00 0.000000000000000000e+00 1.144959046497418044e-14
2.120000000000000000e+03 0.000000000000000000e+00 0.000000000000000000e+00 1.144056515484438588e-14
2.121000000000000000e+03 0.000000000000000000e+00 0.000000000000000000e+00 1.143155717964728021e-14
2.122000000000000000e+03 0.000000000000000000e+00 0.000000000000000000e+00 1.142256641689916488e-14
2.123000000000000000e+03 0.000000000000000000e+00 0.000000000000000000e+00 1.141359283754612078e-14
2.124000000000000000e+03 0.000000000000000000e+00 0.000000000000000000e+00 1.140463631633664251e-14
2.125000000000000000e+03 0.000000000000000000e+00 0.000000000000000000e+00 1.139569682002549830e-14
2.126000000000000000e+03 0.000000000000000000e+00 0.000000000000000000e+00 1.138677422442421069e-14
2.127000000000000000e+03 0.000000000000000000e+00 0.000000000000000000e+00 1.137786849293191033e-14
2.128000000000000000e+03 0.000000000000000000e+00 0.000000000000000000e+00 1.136897950067292250e-14
2.129000000000000000e+03 0.000000000000000000e+00 0.000000000000000000e+00 1.136010720611959126e-14
2.130000000000000000e+03 0.000000000000000000e+00 0.000000000000000000e+00 1.135125148321435944e-14
2.131000000000000000e+03 0.000000000000000000e+00 0.000000000000000000e+00 1.134241228843232988e-14
2.132000000000000000e+03 0.000000000000000000e+00 0.000000000000000000e+00 1.133358949257252089e-14
2.133000000000000000e+03 0.000000000000000000e+00 0.000000000000000000e+00 1.132478305349172678e-14
2.134000000000000000e+03 0.000000000000000000e+00 0.000000000000000000e+00 1.131599283775826535e-14
2.135000000000000000e+03 0.000000000000000000e+00 0.000000000000000000e+00 1.130721880087943178e-14
2.136000000000000000e+03 0.000000000000000000e+00 0.000000000000000000e+00 1.129846081031132952e-14
2.137000000000000000e+03 0.000000000000000000e+00 0.000000000000000000e+00 1.128971881957534373e-14
2.138000000000000000e+03 0.000000000000000000e+00 0.000000000000000000e+00 1.128099268998411218e-14
2.139000000000000000e+03 0.000000000000000000e+00 0.000000000000000000e+00 1.127228237520818887e-14
2.140000000000000000e+03 0.000000000000000000e+00 0.000000000000000000e+00 1.126358773848210707e-14
2.141000000000000000e+03 0.000000000000000000e+00 0.000000000000000000e+00 1.125490873114531001e-14
2.142000000000000000e+03 0.000000000000000000e+00 0.000000000000000000e+00 1.124624521242241844e-14
2.143000000000000000e+03 0.000000000000000000e+00 0.000000000000000000e+00 1.123759713571182306e-14
2.144000000000000000e+03 0.000000000000000000e+00 0.000000000000000000e+00 1.122896435800869434e-14
2.145000000000000000e+03 0.000000000000000000e+00 0.000000000000000000e+00 1.122034682946137284e-14
2.146000000000000000e+03 0.000000000000000000e+00 0.000000000000000000e+00 1.121174440697707419e-14
2.147000000000000000e+03 0.000000000000000000e+00 0.000000000000000000e+00 1.120315703900858973e-14
2.148000000000000000e+03 0.000000000000000000e+00 0.000000000000000000e+00 1.119458458364747247e-14
2.149000000000000000e+03 0.000000000000000000e+00 0.000000000000000000e+00 1.118602698629810277e-14
2.150000000000000000e+03 0.000000000000000000e+00 0.000000000000000000e+00 1.117748410336614166e-14
2.151000000000000000e+03 0.000000000000000000e+00 0.000000000000000000e+00 1.116895588008722584e-14
2.152000000000000000e+03 0.000000000000000000e+00 0.000000000000000000e+00 1.116044217214065529e-14
2.153000000000000000e+03 0.000000000000000000e+00 0.000000000000000000e+00 1.115194292228326381e-14
2.154000000000000000e+03 0.000000000000000000e+00 0.000000000000000000e+00 1.114345798754571429e-14
2.155000000000000000e+03 0.000000000000000000e+00 0.000000000000000000e+00 1.113498730736780506e-14
2.156000000000000000e+03 0.000000000000000000e+00 0.000000000000000000e+00 1.112653073935145264e-14
2.157000000000000000e+03 0.000000000000000000e+00 0.000000000000000000e+00 1.111808822636283482e-14
2.158000000000000000e+03 0.000000000000000000e+00 0.000000000000000000e+00 1.110965962292376546e-14
2.159000000000000000e+03 0.000000000000000000e+00 0.000000000000000000e+00 1.110124486951964329e-14
2.160000000000000000e+03 0.000000000000000000e+00 0.000000000000000000e+00 1.109284382470682449e-14
2.161000000000000000e+03 0.000000000000000000e+00 0.000000000000000000e+00 1.108445642635596524e-14
2.162000000000000000e+03 0.000000000000000000e+00 0.000000000000000000e+00 1.107608253137261349e-14
2.163000000000000000e+03 0.000000000000000000e+00 0.000000000000000000e+00 1.106772207980204673e-14
2.164000000000000000e+03 0.000000000000000000e+00 0.000000000000000000e+00 1.105937492651073212e-14
2.165000000000000000e+03 0.000000000000000000e+00 0.000000000000000000e+00 1.105104101239535052e-14
2.166000000000000000e+03 0.000000000000000000e+00 0.000000000000000000e+00 1.104272019159556472e-14
2.167000000000000000e+03 0.000000000000000000e+00 0.000000000000000000e+00 1.103441240574668340e-14
2.168000000000000000e+03 0.000000000000000000e+00 0.000000000000000000e+00 1.102611750888057624e-14
2.169000000000000000e+03 0.000000000000000000e+00 0.000000000000000000e+00 1.101783544326368166e-14
2.170000000000000000e+03 0.000000000000000000e+00 0.000000000000000000e+00 1.100956606306903758e-14
2.171000000000000000e+03 0.000000000000000000e+00 0.000000000000000000e+00 1.100130930966844473e-14
2.172000000000000000e+03 0.000000000000000000e+00 0.000000000000000000e+00 1.099306503942241919e-14
2.173000000000000000e+03 0.000000000000000000e+00 0.000000000000000000e+00 1.098483319197999993e-14
2.174000000000000000e+03 0.000000000000000000e+00 0.000000000000000000e+00 1.097661362504659410e-14
2.175000000000000000e+03 0.000000000000000000e+00 0.000000000000000000e+00 1.096840627962154966e-14
2.176000000000000000e+03 0.000000000000000000e+00 0.000000000000000000e+00 1.096021100969477836e-14
2.177000000000000000e+03 0.000000000000000000e+00 0.000000000000000000e+00 1.095202775703220214e-14
2.178000000000000000e+03 0.000000000000000000e+00 0.000000000000000000e+00 1.094385637802047678e-14
2.179000000000000000e+03 0.000000000000000000e+00 0.000000000000000000e+00 1.093569681205754998e-14
2.180000000000000000e+03 0.000000000000000000e+00 0.000000000000000000e+00 1.092754891340001736e-14
2.181000000000000000e+03 0.000000000000000000e+00 0.000000000000000000e+00 1.091941262486306478e-14
2.182000000000000000e+03 0.000000000000000000e+00 0.000000000000000000e+00 1.091128780136643750e-14
2.183000000000000000e+03 0.000000000000000000e+00 0.000000000000000000e+00 1.090317438450524382e-14
2.184000000000000000e+03 0.000000000000000000e+00 0.000000000000000000e+00 1.089507223045759154e-14
2.185000000000000000e+03 0.000000000000000000e+00 0.000000000000000000e+00 1.088698128096393500e-14
2.186000000000000000e+03 0.000000000000000000e+00 0.000000000000000000e+00 1.087890139329463091e-14
2.187000000000000000e+03 0.000000000000000000e+00 0.000000000000000000e+00 1.087083250956851076e-14
2.188000000000000000e+03 0.000000000000000000e+00 0.000000000000000000e+00 1.086277448811060830e-14
2.189000000000000000e+03 0.000000000000000000e+00 0.000000000000000000e+00 1.085472727159245938e-14
2.190000000000000000e+03 0.000000000000000000e+00 0.000000000000000000e+00 1.084669071787054435e-14
2.191000000000000000e+03 0.000000000000000000e+00 0.000000000000000000e+00 1.083866477018428582e-14
2.192000000000000000e+03 0.000000000000000000e+00 0.000000000000000000e+00 1.083064928665660506e-14
2.193000000000000000e+03 0.000000000000000000e+00 0.000000000000000000e+00 1.082264421147259536e-14
2.194000000000000000e+03 0.000000000000000000e+00 0.000000000000000000e+00 1.081464940341752928e-14
2.195000000000000000e+03 0.000000000000000000e+00 0.000000000000000000e+00 1.080666480757460089e-14
2.196000000000000000e+03 0.000000000000000000e+00 0.000000000000000000e+00 1.079869028350155428e-14
2.197000000000000000e+03 0.000000000000000000e+00 0.000000000000000000e+00 1.079072577739468045e-14
2.198000000000000000e+03 0.000000000000000000e+00 0.000000000000000000e+00 1.078277115141905080e-14
2.199000000000000000e+03 0.000000000000000000e+00 0.000000000000000000e+00 1.077482635288879272e-14
2.200000000000000000e+03 0.000000000000000000e+00 0.000000000000000000e+00 1.076689124411383772e-14
2.201000000000000000e+03 0.000000000000000000e+00 0.000000000000000000e+00 1.075896577363960044e-14
2.202000000000000000e+03 0.000000000000000000e+00 0.000000000000000000e+00 1.075104980646661654e-14
2.203000000000000000e+03 0.000000000000000000e+00 0.000000000000000000e+00 1.074314329036883415e-14
2.204000000000000000e+03 0.000000000000000000e+00 0.000000000000000000e+00 1.073524609254578289e-14
2.205000000000000000e+03 0.000000000000000000e+00 0.000000000000000000e+00 1.072735816108618847e-14
2.206000000000000000e+03 0.000000000000000000e+00 0.000000000000000000e+00 1.071947936474549820e-14
2.207000000000000000e+03 0.000000000000000000e+00 0.000000000000000000e+00 1.071160965236351858e-14
2.208000000000000000e+03 0.000000000000000000e+00 0.000000000000000000e+00 1.070374889470361454e-14
2.209000000000000000e+03 0.000000000000000000e+00 0.000000000000000000e+00 1.069589704129114428e-14
2.210000000000000000e+03 0.000000000000000000e+00 0.000000000000000000e+00 1.068805396445527643e-14
2.211000000000000000e+03 0.000000000000000000e+00 0.000000000000000000e+00 1.068021961789218091e-14
2.212000000000000000e+03 0.000000000000000000e+00 0.000000000000000000e+00 1.067239387408963947e-14
2.213000000000000000e+03 0.000000000000000000e+00 0.000000000000000000e+00 1.066457668959168248e-14
2.214000000000000000e+03 0.000000000000000000e+00 0.000000000000000000e+00 1.065676794077881258e-14
2.215000000000000000e+03 0.000000000000000000e+00 0.000000000000000000e+00 1.064896758493267822e-14
2.216000000000000000e+03 0.000000000000000000e+00 0.000000000000000000e+00 1.064117550094810107e-14
2.217000000000000000e+03 0.000000000000000000e+00 0.000000000000000000e+00 1.063339165053739365e-14
2.218000000000000000e+03 0.000000000000000000e+00 0.000000000000000000e+00 1.062561591342603714e-14
2.219000000000000000e+03 0.000000000000000000e+00 0.000000000000000000e+00 1.061784825399330135e-14
2.220000000000000000e+03 0.000000000000000000e+00 0.000000000000000000e+00 1.061008855508710353e-14
2.221000000000000000e+03 0.000000000000000000e+00 0.000000000000000000e+00 1.060233678357677346e-14
2.222000000000000000e+03 0.000000000000000000e+00 0.000000000000000000e+00 1.059459282439599715e-14
2.223000000000000000e+03 0.000000000000000000e+00 0.000000000000000000e+00 1.058685664817497664e-14
2.224000000000000000e+03 0.000000000000000000e+00 0.000000000000000000e+00 1.057912814179111493e-14
2.225000000000000000e+03 0.000000000000000000e+00 0.000000000000000000e+00 1.057140727863252385e-14
2.226000000000000000e+03 0.000000000000000000e+00 0.000000000000000000e+00 1.056369395063220769e-14
2.227000000000000000e+03 0.000000000000000000e+00 0.000000000000000000e+00 1.055598813203338297e-14
2.228000000000000000e+03 0.000000000000000000e+00 0.000000000000000000e+00 1.054828971960687602e-14
2.229000000000000000e+03 0.000000000000000000e+00 0.000000000000000000e+00 1.054059869051951340e-14
2.230000000000000000e+03 0.000000000000000000e+00 0.000000000000000000e+00 1.053291494487447182e-14
2.231000000000000000e+03 0.000000000000000000e+00 0.000000000000000000e+00 1.052523846350428196e-14
2.232000000000000000e+03 0.000000000000000000e+00 0.000000000000000000e+00 1.051756914941427353e-14
2.233000000000000000e+03 0.000000000000000000e+00 0.000000000000000000e+00 1.050990698757420871e-14
2.234000000000000000e+03 0.000000000000000000e+00 0.000000000000000000e+00 1.050225188511401749e-14
2.235000000000000000e+03 0.000000000000000000e+00 0.000000000000000000e+00 1.049460383158050874e-14
2.236000000000000000e+03 0.000000000000000000e+00 0.000000000000000000e+00 1.048696273689029041e-14
2.237000000000000000e+03 0.000000000000000000e+00 0.000000000000000000e+00 1.047932859349957718e-14
2.238000000000000000e+03 0.000000000000000000e+00 0.000000000000000000e+00 1.047170131704671609e-14
2.239000000000000000e+03 0.000000000000000000e+00 0.000000000000000000e+00 1.046408090239073375e-14
2.240000000000000000e+03 0.000000000000000000e+00 0.000000000000000000e+00 1.045646726836189620e-14
2.241000000000000000e+03 0.000000000000000000e+00 0.000000000000000000e+00 1.044886041349075435e-14
2.242000000000000000e+03 0.000000000000000000e+00 0.000000000000000000e+00 1.044126025920476149e-14
2.243000000000000000e+03 0.000000000000000000e+00 0.000000000000000000e+00 1.043366680917007610e-14
2.244000000000000000e+03 0.000000000000000000e+00 0.000000000000000000e+00 1.042607998975273155e-14
2.245000000000000000e+03 0.000000000000000000e+00 0.000000000000000000e+00 1.041849980684129998e-14
2.246000000000000000e+03 0.000000000000000000e+00 0.000000000000000000e+00 1.041092619065710105e-14
2.247000000000000000e+03 0.000000000000000000e+00 0.000000000000000000e+00 1.040335915248942222e-14
2.248000000000000000e+03 0.000000000000000000e+00 0.000000000000000000e+00 1.039579862708725188e-14
2.249000000000000000e+03 0.000000000000000000e+00 0.000000000000000000e+00 1.038824462907662186e-14
2.250000000000000000e+03 0.000000000000000000e+00 0.000000000000000000e+00 1.038069709817825015e-14
2.251000000000000000e+03 0.000000000000000000e+00 0.000000000000000000e+00 1.037315605468069893e-14
2.252000000000000000e+03 0.000000000000000000e+00 0.000000000000000000e+00 1.036562144181227573e-14
2.253000000000000000e+03 0.000000000000000000e+00 0.000000000000000000e+00 1.035809328513417070e-14
2.254000000000000000e+03 0.000000000000000000e+00 0.000000000000000000e+00 1.035057152935102090e-14
2.255000000000000000e+03 0.000000000000000000e+00 0.000000000000000000e+00 1.034305620661391907e-14
2.256000000000000000e+03 0.000000000000000000e+00 0.000000000000000000e+00 1.033554726643195075e-14
2.257000000000000000e+03 0.000000000000000000e+00 0.000000000000000000e+00 1.032804474242440506e-14
2.258000000000000000e+03 0.000000000000000000e+00 0.000000000000000000e+00 1.032054859143548812e-14
2.259000000000000000e+03 0.000000000000000000e+00 0.000000000000000000e+00 1.031305885213823490e-14
2.260000000000000000e+03 0.000000000000000000e+00 0.000000000000000000e+00 1.030557548447050842e-14
2.261000000000000000e+03 0.000000000000000000e+00 0.000000000000000000e+00 1.029809853165653622e-14
2.262000000000000000e+03 0.000000000000000000e+00 0.000000000000000000e+00 1.029062795927385049e-14
2.263000000000000000e+03 0.000000000000000000e+00 0.000000000000000000e+00 1.028316381536678457e-14
2.264000000000000000e+03 0.000000000000000000e+00 0.000000000000000000e+00 1.027570607065031465e-14
2.265000000000000000e+03 0.000000000000000000e+00 0.000000000000000000e+00 1.026825477634741179e-14
2.266000000000000000e+03 0.000000000000000000e+00 0.000000000000000000e+00 1.026080990674351394e-14
2.267000000000000000e+03 0.000000000000000000e+00 0.000000000000000000e+00 1.025337152013094709e-14
2.268000000000000000e+03 0.000000000000000000e+00 0.000000000000000000e+00 1.024593959345240505e-14
2.269000000000000000e+03 0.000000000000000000e+00 0.000000000000000000e+00 1.023851418637025063e-14
2.270000000000000000e+03 0.000000000000000000e+00 0.000000000000000000e+00 1.023109528088742848e-14
2.271000000000000000e+03 0.000000000000000000e+00 0.000000000000000000e+00 1.022368294121423124e-14
2.272000000000000000e+03 0.000000000000000000e+00 0.000000000000000000e+00 1.021627715235293478e-14
2.273000000000000000e+03 0.000000000000000000e+00 0.000000000000000000e+00 1.020887798274447382e-14
2.274000000000000000e+03 0.000000000000000000e+00 0.000000000000000000e+00 1.020148542381925831e-14
2.275000000000000000e+03 0.000000000000000000e+00 0.000000000000000000e+00 1.019409954505344041e-14
2.276000000000000000e+03 0.000000000000000000e+00 0.000000000000000000e+00 1.018672034449771642e-14
2.277000000000000000e+03 0.000000000000000000e+00 0.000000000000000000e+00 1.017934789562375589e-14
2.278000000000000000e+03 0.000000000000000000e+00 0.000000000000000000e+00 1.017198219741471238e-14
2.279000000000000000e+03 0.000000000000000000e+00 0.000000000000000000e+00 1.016462332988248820e-14
2.280000000000000000e+03 0.000000000000000000e+00 0.000000000000000000e+00 1.015727129616370162e-14
2.281000000000000000e+03 0.000000000000000000e+00 0.000000000000000000e+00 1.014992617808674127e-14
2.282000000000000000e+03 0.000000000000000000e+00 0.000000000000000000e+00 1.014258798563073706e-14
2.283000000000000000e+03 0.000000000000000000e+00 0.000000000000000000e+00 1.013525680190469235e-14
2.284000000000000000e+03 0.000000000000000000e+00 0.000000000000000000e+00 1.012793264069523889e-14
2.285000000000000000e+03 0.000000000000000000e+00 0.000000000000000000e+00 1.012061558871546147e-14
2.286000000000000000e+03 0.000000000000000000e+00 0.000000000000000000e+00 1.011330566065607377e-14
2.287000000000000000e+03 0.000000000000000000e+00 0.000000000000000000e+00 1.010600294919239970e-14
2.288000000000000000e+03 0.000000000000000000e+00 0.000000000000000000e+00 1.009870747247423228e-14
2.289000000000000000e+03 0.000000000000000000e+00 0.000000000000000000e+00 1.009141932617522321e-14
2.290000000000000000e+03 0.000000000000000000e+00 0.000000000000000000e+00 1.008413853158278243e-14
2.291000000000000000e+03 0.000000000000000000e+00 0.000000000000000000e+00 1.007686518582328844e-14
2.292000000000000000e+03 0.000000000000000000e+00 0.000000000000000000e+00 1.006959931305917528e-14
2.293000000000000000e+03 0.000000000000000000e+00 0.000000000000000000e+00 1.006234101389761495e-14
2.294000000000000000e+03 0.000000000000000000e+00 0.000000000000000000e+00 1.005509031666346606e-14
2.295000000000000000e+03 0.000000000000000000e+00 0.000000000000000000e+00 1.004784732595566303e-14
2.296000000000000000e+03 0.000000000000000000e+00 0.000000000000000000e+00 1.004061207195336879e-14
2.297000000000000000e+03 0.000000000000000000e+00 0.000000000000000000e+00 1.003338465955803013e-14
2.298000000000000000e+03 0.000000000000000000e+00 0.000000000000000000e+00 1.002616512507562441e-14
2.299000000000000000e+03 0.000000000000000000e+00 0.000000000000000000e+00 1.001895357484523434e-14
2.300000000000000000e+03 0.000000000000000000e+00 0.000000000000000000e+00 1.001175004766171394e-14
2.301000000000000000e+03 0.000000000000000000e+00 0.000000000000000000e+00 1.000455465404200375e-14
2.302000000000000000e+03 0.000000000000000000e+00 0.000000000000000000e+00 9.997367431408221488e-15
2.303000000000000000e+03 0.000000000000000000e+00 0.000000000000000000e+00 9.990188494310480553e-15
2.304000000000000000e+03 0.000000000000000000e+00 0.000000000000000000e+00 9.983017883154167089e-15
2.305000000000000000e+03 0.000000000000000000e+00 0.000000000000000000e+00 9.975855711241230369e-15
2.306000000000000000e+03 0.000000000000000000e+00 0.000000000000000000e+00 9.968702022191295538e-15
2.307000000000000000e+03 0.000000000000000000e+00 0.000000000000000000e+00 9.961556932244233406e-15
2.308000000000000000e+03 0.000000000000000000e+00 0.000000000000000000e+00 9.954420484409840196e-15
2.309000000000000000e+03 0.000000000000000000e+00 0.000000000000000000e+00 9.947292800685322373e-15
2.310000000000000000e+03 0.000000000000000000e+00 0.000000000000000000e+00 9.940173924344212873e-15
2.311000000000000000e+03 0.000000000000000000e+00 0.000000000000000000e+00 9.933063979192150229e-15
2.312000000000000000e+03 0.000000000000000000e+00 0.000000000000000000e+00 9.925963011643674844e-15
2.313000000000000000e+03 0.000000000000000000e+00 0.000000000000000000e+00 9.918871146999859405e-15
2.314000000000000000e+03 0.000000000000000000e+00 0.000000000000000000e+00 9.911788433328816677e-15
2.315000000000000000e+03 0.000000000000000000e+00 0.000000000000000000e+00 9.904714998584910403e-15
2.316000000000000000e+03 0.000000000000000000e+00 0.000000000000000000e+00 9.897650891739204053e-15
2.317000000000000000e+03 0.000000000000000000e+00 0.000000000000000000e+00 9.890596241075237246e-15
2.318000000000000000e+03 0.000000000000000000e+00 0.000000000000000000e+00 9.883551098943018721e-15
2.319000000000000000e+03 0.000000000000000000e+00 0.000000000000000000e+00 9.876515594024148892e-15
2.320000000000000000e+03 0.000000000000000000e+00 0.000000000000000000e+00 9.869489780451430587e-15
2.321000000000000000e+03 0.000000000000000000e+00 0.000000000000000000e+00 9.862473786998481688e-15
2.322000000000000000e+03 0.000000000000000000e+00 0.000000000000000000e+00 9.855467670093762834e-15
2.323000000000000000e+03 0.000000000000000000e+00 0.000000000000000000e+00 9.848471561163111689e-15
2.324000000000000000e+03 0.000000000000000000e+00 0.000000000000000000e+00 9.841485516405684382e-15
2.325000000000000000e+03 0.000000000000000000e+00 0.000000000000000000e+00 9.834509668312279223e-15
2.326000000000000000e+03 0.000000000000000000e+00 0.000000000000000000e+00 9.827544075716428089e-15
2.327000000000000000e+03 0.000000000000000000e+00 0.000000000000000000e+00 9.820588872710774467e-15
2.328000000000000000e+03 0.000000000000000000e+00 0.000000000000000000e+00 9.813644117837861534e-15
2.329000000000000000e+03 0.000000000000000000e+00 0.000000000000000000e+00 9.806709945948434417e-15
2.330000000000000000e+03 0.000000000000000000e+00 0.000000000000000000e+00 9.799786415384540986e-15
2.331000000000000000e+03 0.000000000000000000e+00 0.000000000000000000e+00 9.792873661094997553e-15
2.332000000000000000e+03 0.000000000000000000e+00 0.000000000000000000e+00 9.785971741075737689e-15
2.333000000000000000e+03 0.000000000000000000e+00 0.000000000000000000e+00 9.779080791256838630e-15
2.334000000000000000e+03 0.000000000000000000e+00 0.000000000000000000e+00 9.772200868912741764e-15
2.335000000000000000e+03 0.000000000000000000e+00 0.000000000000000000e+00 9.765332108784638368e-15
2.336000000000000000e+03 0.000000000000000000e+00 0.000000000000000000e+00 9.758474572129529374e-15
2.337000000000000000e+03 0.000000000000000000e+00 0.000000000000000000e+00 9.751628392440025421e-15
2.338000000000000000e+03 0.000000000000000000e+00 0.000000000000000000e+00 9.744793629780238799e-15
2.339000000000000000e+03 0.000000000000000000e+00 0.000000000000000000e+00 9.737970418788849892e-15
2.340000000000000000e+03 0.000000000000000000e+00 0.000000000000000000e+00 9.731158821014170187e-15
2.341000000000000000e+03 0.000000000000000000e+00 0.000000000000000000e+00 9.724358970732931750e-15
2.342000000000000000e+03 0.000000000000000000e+00 0.000000000000000000e+00 9.717570928319491667e-15
2.343000000000000000e+03 0.000000000000000000e+00 0.000000000000000000e+00 9.710794828278151021e-15
2.344000000000000000e+03 0.000000000000000000e+00 0.000000000000000000e+00 9.704030732274916191e-15
2.345000000000000000e+03 0.000000000000000000e+00 0.000000000000000000e+00 9.697278772894259561e-15
2.346000000000000000e+03 0.000000000000000000e+00 0.000000000000000000e+00 9.690539012895717543e-15
2.347000000000000000e+03 0.000000000000000000e+00 0.000000000000000000e+00 9.683811584143541981e-15
2.348000000000000000e+03 0.000000000000000000e+00 0.000000000000000000e+00 9.677096547760660585e-15
2.349000000000000000e+03 0.000000000000000000e+00 0.000000000000000000e+00 9.670394036825607748e-15
2.350000000000000000e+03 0.000000000000000000e+00 0.000000000000000000e+00 9.663704109765355371e-15
2.351000000000000000e+03 0.000000000000000000e+00 0.000000000000000000e+00 9.657026900151130391e-15
2.352000000000000000e+03 0.000000000000000000e+00 0.000000000000000000e+00 9.650362467727182514e-15
2.353000000000000000e+03 0.000000000000000000e+00 0.000000000000000000e+00 9.643710942934022690e-15
2.354000000000000000e+03 0.000000000000000000e+00 0.000000000000000000e+00 9.637072384901993292e-15
2.355000000000000000e+03 0.000000000000000000e+00 0.000000000000000000e+00 9.630446922824802720e-15
2.356000000000000000e+03 0.000000000000000000e+00 0.000000000000000000e+00 9.623834616852908826e-15
2.357000000000000000e+03 0.000000000000000000e+00 0.000000000000000000e+00 9.617235595289083661e-15
2.358000000000000000e+03 0.000000000000000000e+00 0.000000000000000000e+00 9.610649915330414486e-15
2.359000000000000000e+03 0.000000000000000000e+00 0.000000000000000000e+00 9.604077707121373266e-15
2.360000000000000000e+03 0.000000000000000000e+00 0.000000000000000000e+00 9.597519027724412371e-15
2.361000000000000000e+03 0.000000000000000000e+00 0.000000000000000000e+00 9.590974005611072754e-15
2.362000000000000000e+03 0.000000000000000000e+00 0.000000000000000000e+00 9.584442696480500526e-15
2.363000000000000000e+03 0.000000000000000000e+00 0.000000000000000000e+00 9.577925227997427570e-15
2.364000000000000000e+03 0.000000000000000000e+00 0.000000000000000000e+00 9.571421655090123544e-15
2.365000000000000000e+03 0.000000000000000000e+00 0.000000000000000000e+00 9.564932101529960441e-15
2.366000000000000000e+03 0.000000000000000000e+00 0.000000000000000000e+00 9.558456622818925945e-15
2.367000000000000000e+03 0.000000000000000000e+00 0.000000000000000000e+00 9.551995341775295038e-15
2.368000000000000000e+03 0.000000000000000000e+00 0.000000000000000000e+00 9.545548309334189738e-15
2.369000000000000000e+03 0.000000000000000000e+00 0.000000000000000000e+00 9.539115648536559952e-15
2.370000000000000000e+03 0.000000000000000000e+00 0.000000000000000000e+00 9.532697409190534186e-15
2.371000000000000000e+03 0.000000000000000000e+00 0.000000000000000000e+00 9.526293711687417406e-15
2.372000000000000000e+03 0.000000000000000000e+00 0.000000000000000000e+00 9.519904605882163326e-15
2.373000000000000000e+03 0.000000000000000000e+00 0.000000000000000000e+00 9.513530209538535851e-15
2.374000000000000000e+03 0.000000000000000000e+00 0.000000000000000000e+00 9.507170570947754965e-15
2.375000000000000000e+03 0.000000000000000000e+00 0.000000000000000000e+00 9.500825808421014601e-15
2.376000000000000000e+03 0.000000000000000000e+00 0.000000000000000000e+00 9.494495965881716041e-15
2.377000000000000000e+03 0.000000000000000000e+00 0.000000000000000000e+00 9.488181161242836230e-15
2.378000000000000000e+03 0.000000000000000000e+00 0.000000000000000000e+00 9.481881438201111469e-15
2.379000000000000000e+03 0.000000000000000000e+00 0.000000000000000000e+00 9.475596910812768272e-15
2.380000000000000000e+03 0.000000000000000000e+00 0.000000000000000000e+00 9.469327620828536684e-15
2.381000000000000000e+03 0.000000000000000000e+00 0.000000000000000000e+00 9.463073681285367086e-15
2.382000000000000000e+03 0.000000000000000000e+00 0.000000000000000000e+00 9.456835130312275463e-15
2.383000000000000000e+03 0.000000000000000000e+00 0.000000000000000000e+00 9.450612079830499399e-15
2.384000000000000000e+03 0.000000000000000000e+00 0.000000000000000000e+00 9.444404565700428177e-15
2.385000000000000000e+03 0.000000000000000000e+00 0.000000000000000000e+00 9.438212697696944540e-15
2.386000000000000000e+03 0.000000000000000000e+00 0.000000000000000000e+00 9.432036509939252940e-15
2.387000000000000000e+03 0.000000000000000000e+00 0.000000000000000000e+00 9.425876109623878959e-15
2.388000000000000000e+03 0.000000000000000000e+00 0.000000000000000000e+00 9.419731530436226126e-15
2.389000000000000000e+03 0.000000000000000000e+00 0.000000000000000000e+00 9.413602877811645456e-15
2.390000000000000000e+03 0.000000000000000000e+00 0.000000000000000000e+00 9.407490182413602097e-15
2.391000000000000000e+03 0.000000000000000000e+00 0.000000000000000000e+00 9.401393545997729641e-15
2.392000000000000000e+03 0.000000000000000000e+00 0.000000000000000000e+00 9.395312998504431219e-15
2.393000000000000000e+03 0.000000000000000000e+00 0.000000000000000000e+00 9.389248639277727950e-15
2.394000000000000000e+03 0.000000000000000000e+00 0.000000000000000000e+00 9.383200493990941800e-15
2.395000000000000000e+03 0.000000000000000000e+00 0.000000000000000000e+00 9.377168657847239933e-15
2.396000000000000000e+03 0.000000000000000000e+00 0.000000000000000000e+00 9.371153154066102540e-15
2.397000000000000000e+03 0.000000000000000000e+00 0.000000000000000000e+00 9.365154075173299717e-15
2.398000000000000000e+03 0.000000000000000000e+00 0.000000000000000000e+00 9.359171441310329442e-15
2.399000000000000000e+03 0.000000000000000000e+00 0.000000000000000000e+00 9.353205343963481374e-15
2.400000000000000000e+03 0.000000000000000000e+00 0.000000000000000000e+00 9.347255800050360409e-15
2.401000000000000000e+03 0.000000000000000000e+00 0.000000000000000000e+00 9.341322897626986068e-15
2.402000000000000000e+03 0.000000000000000000e+00 0.000000000000000000e+00 9.335406651233106131e-15
2.403000000000000000e+03 0.000000000000000000e+00 0.000000000000000000e+00 9.329507147961933807e-15
2.404000000000000000e+03 0.000000000000000000e+00 0.000000000000000000e+00 9.323624399387609475e-15
2.405000000000000000e+03 0.000000000000000000e+00 0.000000000000000000e+00 9.317758489145778464e-15
2.406000000000000000e+03 0.000000000000000000e+00 0.000000000000000000e+00 9.311909427946893635e-15
2.407000000000000000e+03 0.000000000000000000e+00 0.000000000000000000e+00 9.306077296135570439e-15
2.408000000000000000e+03 0.000000000000000000e+00 0.000000000000000000e+00 9.300262101151655469e-15
2.409000000000000000e+03 0.000000000000000000e+00 0.000000000000000000e+00 9.294463921195993645e-15
2.410000000000000000e+03 0.000000000000000000e+00 0.000000000000000000e+00 9.288682760570677356e-15
2.411000000000000000e+03 0.000000000000000000e+00 0.000000000000000000e+00 9.282918694730914829e-15
2.412000000000000000e+03 0.000000000000000000e+00 0.000000000000000000e+00 9.277171725905930743e-15
2.413000000000000000e+03 0.000000000000000000e+00 0.000000000000000000e+00 9.271441926552555064e-15
2.414000000000000000e+03 0.000000000000000000e+00 0.000000000000000000e+00 9.265729297319398696e-15
2.415000000000000000e+03 0.000000000000000000e+00 0.000000000000000000e+00 9.260033906508847157e-15
2.416000000000000000e+03 0.000000000000000000e+00 0.000000000000000000e+00 9.254355751398154922e-15
2.417000000000000000e+03 0.000000000000000000e+00 0.000000000000000000e+00 9.248694899885359498e-15
2.418000000000000000e+03 0.000000000000000000e+00 0.000000000000000000e+00 9.243051345141534997e-15
2.419000000000000000e+03 0.000000000000000000e+00 0.000000000000000000e+00 9.237425151996258264e-15
2.420000000000000000e+03 0.000000000000000000e+00 0.000000000000000000e+00 9.231816311193841654e-15
2.421000000000000000e+03 0.000000000000000000e+00 0.000000000000000000e+00 9.226224885822614067e-15
2.422000000000000000e+03 0.000000000000000000e+00 0.000000000000000000e+00 9.220650865931174072e-15
2.423000000000000000e+03 0.000000000000000000e+00 0.000000000000000000e+00 9.215094310148970498e-15
2.424000000000000000e+03 0.000000000000000000e+00 0.000000000000000000e+00 9.209555205659582165e-15
2.425000000000000000e+03 0.000000000000000000e+00 0.000000000000000000e+00 9.204033609717519100e-15
2.426000000000000000e+03 0.000000000000000000e+00 0.000000000000000000e+00 9.198529506885530694e-15
2.427000000000000000e+03 0.000000000000000000e+00 0.000000000000000000e+00 9.193042950046135197e-15
2.428000000000000000e+03 0.000000000000000000e+00 0.000000000000000000e+00 9.187573921088040745e-15
2.429000000000000000e+03 0.000000000000000000e+00 0.000000000000000000e+00 9.182122469551633300e-15
2.430000000000000000e+03 0.000000000000000000e+00 0.000000000000000000e+00 9.176688573712057454e-15
2.431000000000000000e+03 0.000000000000000000e+00 0.000000000000000000e+00 9.171272279805444826e-15
2.432000000000000000e+03 0.000000000000000000e+00 0.000000000000000000e+00 9.165873563171995629e-15
2.433000000000000000e+03 0.000000000000000000e+00 0.000000000000000000e+00 9.160492467028078784e-15
2.434000000000000000e+03 0.000000000000000000e+00 0.000000000000000000e+00 9.155128963934510342e-15
2.435000000000000000e+03 0.000000000000000000e+00 0.000000000000000000e+00 9.149783094285700240e-15
2.436000000000000000e+03 0.000000000000000000e+00 0.000000000000000000e+00 9.144454827853531997e-15
2.437000000000000000e+03 0.000000000000000000e+00 0.000000000000000000e+00 9.139144202374837821e-15
2.438000000000000000e+03 0.000000000000000000e+00 0.000000000000000000e+00 9.133851184089472770e-15
2.439000000000000000e+03 0.000000000000000000e+00 0.000000000000000000e+00 9.128575809230801142e-15
2.440000000000000000e+03 0.000000000000000000e+00 0.000000000000000000e+00 9.123318041075889984e-15
2.441000000000000000e+03 0.000000000000000000e+00 0.000000000000000000e+00 9.118077912887581590e-15
2.442000000000000000e+03 0.000000000000000000e+00 0.000000000000000000e+00 9.112855385367308996e-15
2.443000000000000000e+03 0.000000000000000000e+00 0.000000000000000000e+00 9.107650487215124089e-15
2.444000000000000000e+03 0.000000000000000000e+00 0.000000000000000000e+00 9.102463177743337381e-15
2.445000000000000000e+03 0.000000000000000000e+00 0.000000000000000000e+00 9.097293482473771679e-15
2.446000000000000000e+03 0.000000000000000000e+00 0.000000000000000000e+00 9.092141357975787665e-15
2.447000000000000000e+03 0.000000000000000000e+00 0.000000000000000000e+00 9.087006827955774146e-15
2.448000000000000000e+03 0.000000000000000000e+00 0.000000000000000000e+00 9.081889844808331031e-15
2.449000000000000000e+03 0.000000000000000000e+00 0.000000000000000000e+00 9.076790428150699848e-15
2.450000000000000000e+03 0.000000000000000000e+00 0.000000000000000000e+00 9.071708529515418043e-15
2.451000000000000000e+03 0.000000000000000000e+00 0.000000000000000000e+00 9.066644165695411045e-15
2.452000000000000000e+03 0.000000000000000000e+00 0.000000000000000000e+00 9.061597284703915318e-15
2.453000000000000000e+03 0.000000000000000000e+00 0.000000000000000000e+00 9.056567900904768971e-15
2.454000000000000000e+03 0.000000000000000000e+00 0.000000000000000000e+00 9.051555959991403625e-15
2.455000000000000000e+03 0.000000000000000000e+00 0.000000000000000000e+00 9.046561473175203553e-15
2.456000000000000000e+03 0.000000000000000000e+00 0.000000000000000000e+00 9.041584385165196630e-15
2.457000000000000000e+03 0.000000000000000000e+00 0.000000000000000000e+00 9.036624705928496821e-15
2.458000000000000000e+03 0.000000000000000000e+00 0.000000000000000000e+00 9.031682374961621552e-15
2.459000000000000000e+03 0.000000000000000000e+00 0.000000000000000000e+00 9.026757401780341177e-15
2.460000000000000000e+03 0.000000000000000000e+00 0.000000000000000000e+00 9.021849722825775996e-15
2.461000000000000000e+03 0.000000000000000000e+00 0.000000000000000000e+00 9.016959345856505543e-15
2.462000000000000000e+03 0.000000000000000000e+00 0.000000000000000000e+00 9.012086204930659094e-15
2.463000000000000000e+03 0.000000000000000000e+00 0.000000000000000000e+00 9.007230304518443188e-15
2.464000000000000000e+03 0.000000000000000000e+00 0.000000000000000000e+00 9.002391575829964155e-15
2.465000000000000000e+03 0.000000000000000000e+00 0.000000000000000000e+00 8.997570022360841370e-15
2.466000000000000000e+03 0.000000000000000000e+00 0.000000000000000000e+00 8.992765571220716888e-15
2.467000000000000000e+03 0.000000000000000000e+00 0.000000000000000000e+00 8.987978221955159497e-15
2.468000000000000000e+03 0.000000000000000000e+00 0.000000000000000000e+00 8.983207901056142629e-15
2.469000000000000000e+03 0.000000000000000000e+00 0.000000000000000000e+00 8.978454605799922060e-15
2.470000000000000000e+03 0.000000000000000000e+00 0.000000000000000000e+00 8.973718260780333045e-15
2.471000000000000000e+03 0.000000000000000000e+00 0.000000000000000000e+00 8.968998860589871340e-15
2.472000000000000000e+03 0.000000000000000000e+00 0.000000000000000000e+00 8.964296328455307807e-15
2.473000000000000000e+03 0.000000000000000000e+00 0.000000000000000000e+00 8.959610656228026415e-15
2.474000000000000000e+03 0.000000000000000000e+00 0.000000000000000000e+00 8.954941766183337112e-15
2.475000000000000000e+03 0.000000000000000000e+00 0.000000000000000000e+00 8.950289647462703643e-15
2.476000000000000000e+03 0.000000000000000000e+00 0.000000000000000000e+00 8.945654219583870107e-15
2.477000000000000000e+03 0.000000000000000000e+00 0.000000000000000000e+00 8.941035470872010652e-15
2.478000000000000000e+03 0.000000000000000000e+00 0.000000000000000000e+00 8.936433318407252891e-15
2.479000000000000000e+03 0.000000000000000000e+00 0.000000000000000000e+00 8.931847747732139861e-15
2.480000000000000000e+03 0.000000000000000000e+00 0.000000000000000000e+00 8.927278672484710323e-15
2.481000000000000000e+03 0.000000000000000000e+00 0.000000000000000000e+00 8.922726076593657249e-15
2.482000000000000000e+03 0.000000000000000000e+00 0.000000000000000000e+00 8.918189872712844425e-15
2.483000000000000000e+03 0.000000000000000000e+00 0.000000000000000000e+00 8.913670041752830331e-15
2.484000000000000000e+03 0.000000000000000000e+00 0.000000000000000000e+00 8.909166494475233367e-15
2.485000000000000000e+03 0.000000000000000000e+00 0.000000000000000000e+00 8.904679210136930786e-15
2.486000000000000000e+03 0.000000000000000000e+00 0.000000000000000000e+00 8.900208097432401983e-15
2.487000000000000000e+03 0.000000000000000000e+00 0.000000000000000000e+00 8.895753132429642353e-15
2.488000000000000000e+03 0.000000000000000000e+00 0.000000000000000000e+00 8.891314223575566230e-15
2.489000000000000000e+03 0.000000000000000000e+00 0.000000000000000000e+00 8.886891344212832864e-15
2.490000000000000000e+03 0.000000000000000000e+00 0.000000000000000000e+00 8.882484397618349963e-15
2.491000000000000000e+03 0.000000000000000000e+00 0.000000000000000000e+00 8.878093356368835440e-15
2.492000000000000000e+03 0.000000000000000000e+00 0.000000000000000000e+00 8.873718120200947031e-15
2.493000000000000000e+03 0.000000000000000000e+00 0.000000000000000000e+00 8.869358656987087437e-15
2.494000000000000000e+03 0.000000000000000000e+00 0.000000000000000000e+00 8.865014863345454152e-15
2.495000000000000000e+03 0.000000000000000000e+00 0.000000000000000000e+00 8.860686704716954953e-15
2.496000000000000000e+03 0.000000000000000000e+00 0.000000000000000000e+00 8.856374075588201548e-15
2.497000000000000000e+03 0.000000000000000000e+00 0.000000000000000000e+00 8.852076936904004762e-15
2.498000000000000000e+03 0.000000000000000000e+00 0.000000000000000000e+00 8.847795182611226627e-15
2.499000000000000000e+03 0.000000000000000000e+00 0.000000000000000000e+00 8.843528771047693048e-15
2.500000000000000000e+03 0.000000000000000000e+00 0.000000000000000000e+00 8.839277592640275613e-15
2.501000000000000000e+03 0.000000000000000000e+00 0.000000000000000000e+00 8.835041604803045683e-15
2.502000000000000000e+03 0.000000000000000000e+00 0.000000000000000000e+00 8.830820695199957368e-15
2.503000000000000000e+03 0.000000000000000000e+00 0.000000000000000000e+00 8.826614818334851088e-15
2.504000000000000000e+03 0.000000000000000000e+00 0.000000000000000000e+00 8.822423859254574946e-15
2.505000000000000000e+03 0.000000000000000000e+00 0.000000000000000000e+00 8.818247769800811509e-15
2.506000000000000000e+03 0.000000000000000000e+00 0.000000000000000000e+00 8.814086432464614720e-15
2.507000000000000000e+03 0.000000000000000000e+00 0.000000000000000000e+00 8.809939796497170997e-15
2.508000000000000000e+03 0.000000000000000000e+00 0.000000000000000000e+00 8.805807742682196316e-15
2.509000000000000000e+03 0.000000000000000000e+00 0.000000000000000000e+00 8.801690215871335138e-15
2.510000000000000000e+03 0.000000000000000000e+00 0.000000000000000000e+00 8.797587094774135683e-15
2.511000000000000000e+03 0.000000000000000000e+00 0.000000000000000000e+00 8.793498323588014821e-15
2.512000000000000000e+03 0.000000000000000000e+00 0.000000000000000000e+00 8.789423780899376430e-15
2.513000000000000000e+03 0.000000000000000000e+00 0.000000000000000000e+00 8.785363398506432111e-15
2.514000000000000000e+03 0.000000000000000000e+00 0.000000000000000000e+00 8.781317056669139954e-15
2.515000000000000000e+03 0.000000000000000000e+00 0.000000000000000000e+00 8.777284696332454358e-15
2.516000000000000000e+03 0.000000000000000000e+00 0.000000000000000000e+00 8.773266181335086111e-15
2.517000000000000000e+03 0.000000000000000000e+00 0.000000000000000000e+00 8.769261455855626705e-15
2.518000000000000000e+03 0.000000000000000000e+00 0.000000000000000000e+00 8.765270377093119814e-15
2.519000000000000000e+03 0.000000000000000000e+00 0.000000000000000000e+00 8.761292893322970357e-15
2.520000000000000000e+03 0.000000000000000000e+00 0.000000000000000000e+00 8.757328867482165885e-15
2.521000000000000000e+03 0.000000000000000000e+00 0.000000000000000000e+00 8.753378231734050159e-15
2.522000000000000000e+03 0.000000000000000000e+00 0.000000000000000000e+00 8.749440852440857403e-15
2.523000000000000000e+03 0.000000000000000000e+00 0.000000000000000000e+00 8.745516655979524617e-15
2.524000000000000000e+03 0.000000000000000000e+00 0.000000000000000000e+00 8.741605511685510665e-15
2.525000000000000000e+03 0.000000000000000000e+00 0.000000000000000000e+00 8.737707343035092069e-15
2.526000000000000000e+03 0.000000000000000000e+00 0.000000000000000000e+00 8.733822011281735700e-15
2.527000000000000000e+03 0.000000000000000000e+00 0.000000000000000000e+00 8.729949449882185881e-15
2.528000000000000000e+03 0.000000000000000000e+00 0.000000000000000000e+00 8.726089507762495292e-15
2.529000000000000000e+03 0.000000000000000000e+00 0.000000000000000000e+00 8.722242123777621294e-15
2.530000000000000000e+03 0.000000000000000000e+00 0.000000000000000000e+00 8.718407141650853284e-15
2.531000000000000000e+03 0.000000000000000000e+00 0.000000000000000000e+00 8.714584485508250932e-15
2.532000000000000000e+03 0.000000000000000000e+00 0.000000000000000000e+00 8.710774015119927573e-15
2.533000000000000000e+03 0.000000000000000000e+00 0.000000000000000000e+00 8.706975649924818525e-15
2.534000000000000000e+03 0.000000000000000000e+00 0.000000000000000000e+00 8.703189238207572599e-15
2.535000000000000000e+03 0.000000000000000000e+00 0.000000000000000000e+00 8.699414706768853963e-15
2.536000000000000000e+03 0.000000000000000000e+00 0.000000000000000000e+00 8.695651901150901180e-15
2.537000000000000000e+03 0.000000000000000000e+00 0.000000000000000000e+00 8.691900750635330188e-15
2.538000000000000000e+03 0.000000000000000000e+00 0.000000000000000000e+00 8.688161101111449947e-15
2.539000000000000000e+03 0.000000000000000000e+00 0.000000000000000000e+00 8.684432875146982207e-15
2.540000000000000000e+03 0.000000000000000000e+00 0.000000000000000000e+00 8.680715918944524147e-15
2.541000000000000000e+03 0.000000000000000000e+00 0.000000000000000000e+00 8.677010153963518943e-15
2.542000000000000000e+03 0.000000000000000000e+00 0.000000000000000000e+00 8.673315426374786878e-15
2.543000000000000000e+03 0.000000000000000000e+00 0.000000000000000000e+00 8.669631658359264892e-15
2.544000000000000000e+03 0.000000000000000000e+00 0.000000000000000000e+00 8.665958698638873703e-15
2.545000000000000000e+03 0.000000000000000000e+00 0.000000000000000000e+00 8.662296459502076726e-15
2.546000000000000000e+03 0.000000000000000000e+00 0.000000000000000000e+00 8.658644791803652112e-15
2.547000000000000000e+03 0.000000000000000000e+00 0.000000000000000000e+00 8.655003614891939234e-15
2.548000000000000000e+03 0.000000000000000000e+00 0.000000000000000000e+00 8.651372781161673704e-15
2.549000000000000000e+03 0.000000000000000000e+00 0.000000000000000000e+00 8.647752213202147885e-15
2.550000000000000000e+03 0.000000000000000000e+00 0.000000000000000000e+00 8.644141757313078778e-15
2.551000000000000000e+03 0.000000000000000000e+00 0.000000000000000000e+00 8.640541329064124155e-15
2.552000000000000000e+03 0.000000000000000000e+00 0.000000000000000000e+00 8.636950782424302006e-15
2.553000000000000000e+03 0.000000000000000000e+00 0.000000000000000000e+00 8.633370040272224162e-15
2.554000000000000000e+03 0.000000000000000000e+00 0.000000000000000000e+00 8.629798951807383005e-15
2.555000000000000000e+03 0.000000000000000000e+00 0.000000000000000000e+00 8.626237434972946799e-15
2.556000000000000000e+03 0.000000000000000000e+00 0.000000000000000000e+00 8.622685346715145075e-15
2.557000000000000000e+03 0.000000000000000000e+00 0.000000000000000000e+00 8.619142604213626564e-15
2.558000000000000000e+03 0.000000000000000000e+00 0.000000000000000000e+00 8.615609060194281216e-15
2.559000000000000000e+03 0.000000000000000000e+00 0.000000000000000000e+00 8.612084641198878521e-15
2.560000000000000000e+03 0.000000000000000000e+00 0.000000000000000000e+00 8.608569198951589187e-15
2.561000000000000000e+03 0.000000000000000000e+00 0.000000000000000000e+00 8.605062655663759162e-15
2.562000000000000000e+03 0.000000000000000000e+00 0.000000000000000000e+00 8.601564863545349167e-15
2.563000000000000000e+03 0.000000000000000000e+00 0.000000000000000000e+00 8.598075752930301391e-15
2.564000000000000000e+03 0.000000000000000000e+00 0.000000000000000000e+00 8.594595186177616044e-15
2.565000000000000000e+03 0.000000000000000000e+00 0.000000000000000000e+00 8.591123090508742014e-15
2.566000000000000000e+03 0.000000000000000000e+00 0.000000000000000000e+00 8.587659323706284407e-15
2.567000000000000000e+03 0.000000000000000000e+00 0.000000000000000000e+00 8.584203820697556803e-15
2.568000000000000000e+03 0.000000000000000000e+00 0.000000000000000000e+00 8.580756440129790569e-15
2.569000000000000000e+03 0.000000000000000000e+00 0.000000000000000000e+00 8.577317121019823638e-15
2.570000000000000000e+03 0.000000000000000000e+00 0.000000000000000000e+00 8.573885721783612293e-15
2.571000000000000000e+03 0.000000000000000000e+00 0.000000000000000000e+00 8.570462185487968487e-15
2.572000000000000000e+03 0.000000000000000000e+00 0.000000000000000000e+00 8.567046371527859596e-15
2.573000000000000000e+03 0.000000000000000000e+00 0.000000000000000000e+00 8.563638226103957962e-15
2.574000000000000000e+03 0.000000000000000000e+00 0.000000000000000000e+00 8.560237617226349352e-15
2.575000000000000000e+03 0.000000000000000000e+00 0.000000000000000000e+00 8.556844493700021522e-15
2.576000000000000000e+03 0.000000000000000000e+00 0.000000000000000000e+00 8.553458719263176490e-15
2.577000000000000000e+03 0.000000000000000000e+00 0.000000000000000000e+00 8.550080244899012632e-15
2.578000000000000000e+03 0.000000000000000000e+00 0.000000000000000000e+00 8.546708942083665431e-15
2.579000000000000000e+03 0.000000000000000000e+00 0.000000000000000000e+00 8.543344755828430594e-15
2.580000000000000000e+03 0.000000000000000000e+00 0.000000000000000000e+00 8.539987569342069296e-15
2.581000000000000000e+03 0.000000000000000000e+00 0.000000000000000000e+00 8.536637333309937589e-15
2.582000000000000000e+03 0.000000000000000000e+00 0.000000000000000000e+00 8.533293929656258147e-15
2.583000000000000000e+03 0.000000000000000000e+00 0.000000000000000000e+00 8.529957310507369261e-15
2.584000000000000000e+03 0.000000000000000000e+00 0.000000000000000000e+00 8.526627359026612649e-15
2.585000000000000000e+03 0.000000000000000000e+00 0.000000000000000000e+00 8.523304037260989283e-15
2.586000000000000000e+03 0.000000000000000000e+00 0.000000000000000000e+00 8.519987228708881149e-15
2.587000000000000000e+03 0.000000000000000000e+00 0.000000000000000000e+00 8.516676900650179102e-15
2.588000000000000000e+03 0.000000000000000000e+00 0.000000000000000000e+00 8.513372936404012265e-15
2.589000000000000000e+03 0.000000000000000000e+00 0.000000000000000000e+00 8.510075306164547712e-15
2.590000000000000000e+03 0.000000000000000000e+00 0.000000000000000000e+00 8.506783893399780510e-15
2.591000000000000000e+03 0.000000000000000000e+00 0.000000000000000000e+00 8.503498670902617478e-15
2.592000000000000000e+03 0.000000000000000000e+00 0.000000000000000000e+00 8.500219521281477709e-15
2.593000000000000000e+03 0.000000000000000000e+00 0.000000000000000000e+00 8.496946427241751791e-15
2.594000000000000000e+03 0.000000000000000000e+00 0.000000000000000000e+00 8.493679269861268289e-15
2.595000000000000000e+03 0.000000000000000000e+00 0.000000000000000000e+00 8.490418037349707382e-15
2.596000000000000000e+03 0.000000000000000000e+00 0.000000000000000000e+00 8.487162617341519781e-15
2.597000000000000000e+03 0.000000000000000000e+00 0.000000000000000000e+00 8.483912992588858172e-15
2.598000000000000000e+03 0.000000000000000000e+00 0.000000000000000000e+00 8.480669054195217497e-15
2.599000000000000000e+03 0.000000000000000000e+00 0.000000000000000000e+00 8.477430791090105621e-15
2.600000000000000000e+03 0.000000000000000000e+00 0.000000000000000000e+00 8.474198103097396742e-15
2.601000000000000000e+03 0.000000000000000000e+00 0.000000000000000000e+00 8.470970972619816032e-15
2.602000000000000000e+03 0.000000000000000000e+00 0.000000000000000000e+00 8.467749312535443633e-15
2.603000000000000000e+03 0.000000000000000000e+00 0.000000000000000000e+00 8.464533101573561892e-15
2.604000000000000000e+03 0.000000000000000000e+00 0.000000000000000000e+00 8.461322259027376696e-15
2.605000000000000000e+03 0.000000000000000000e+00 0.000000000000000000e+00 8.458116760263728092e-15
2.606000000000000000e+03 0.000000000000000000e+00 0.000000000000000000e+00 8.454916529385036745e-15
2.607000000000000000e+03 0.000000000000000000e+00 0.000000000000000000e+00 8.451721554306706160e-15
2.608000000000000000e+03 0.000000000000000000e+00 0.000000000000000000e+00 8.448531753418754864e-15
2.609000000000000000e+03 0.000000000000000000e+00 0.000000000000000000e+00 8.445347110926971110e-15
2.610000000000000000e+03 0.000000000000000000e+00 0.000000000000000000e+00 8.442167558675292033e-15
2.611000000000000000e+03 0.000000000000000000e+00 0.000000000000000000e+00 8.438993087901356776e-15
2.612000000000000000e+03 0.000000000000000000e+00 0.000000000000000000e+00 8.435823627291292271e-15
2.613000000000000000e+03 0.000000000000000000e+00 0.000000000000000000e+00 8.432659178392015310e-15
2.614000000000000000e+03 0.000000000000000000e+00 0.000000000000000000e+00 8.429499668720346392e-15
2.615000000000000000e+03 0.000000000000000000e+00 0.000000000000000000e+00 8.426345103329095809e-15
2.616000000000000000e+03 0.000000000000000000e+00 0.000000000000000000e+00 8.423195408238103743e-15
2.617000000000000000e+03 0.000000000000000000e+00 0.000000000000000000e+00 8.420050590267888402e-15
2.618000000000000000e+03 0.000000000000000000e+00 0.000000000000000000e+00 8.416910590094290598e-15
2.619000000000000000e+03 0.000000000000000000e+00 0.000000000000000000e+00 8.413775414268989478e-15
2.620000000000000000e+03 0.000000000000000000e+00 0.000000000000000000e+00 8.410644999948218796e-15
2.621000000000000000e+03 0.000000000000000000e+00 0.000000000000000000e+00 8.407519353525581016e-15
2.622000000000000000e+03 0.000000000000000000e+00 0.000000000000000000e+00 8.404398426296964777e-15
2.623000000000000000e+03 0.000000000000000000e+00 0.000000000000000000e+00 8.401282223258778394e-15
2.624000000000000000e+03 0.000000000000000000e+00 0.000000000000000000e+00 8.398170693859048013e-15
2.625000000000000000e+03 0.000000000000000000e+00 0.000000000000000000e+00 8.395063849082881042e-15
2.626000000000000000e+03 0.000000000000000000e+00 0.000000000000000000e+00 8.391961645184634959e-15
2.627000000000000000e+03 0.000000000000000000e+00 0.000000000000000000e+00 8.388864102567171559e-15
2.628000000000000000e+03 0.000000000000000000e+00 0.000000000000000000e+00 8.385771172359887231e-15
2.629000000000000000e+03 0.000000000000000000e+00 0.000000000000000000e+00 8.382682877633270007e-15
2.630000000000000000e+03 0.000000000000000000e+00 0.000000000000000000e+00 8.379599173947463990e-15
2.631000000000000000e+03 0.000000000000000000e+00 0.000000000000000000e+00 8.376520094348526189e-15
2.632000000000000000e+03 0.000000000000000000e+00 0.000000000000000000e+00 8.373445585807304888e-15
2.633000000000000000e+03 0.000000000000000000e+00 0.000000000000000000e+00 8.370375692844261791e-15
2.634000000000000000e+03 0.000000000000000000e+00 0.000000000000000000e+00 8.367310366743499954e-15
2.635000000000000000e+03 0.000000000000000000e+00 0.000000000000000000e+00 8.364249647818700444e-15
2.636000000000000000e+03 0.000000000000000000e+00 0.000000000000000000e+00 8.361193502465187025e-15
2.637000000000000000e+03 0.000000000000000000e+00 0.000000000000000000e+00 8.358141961855841241e-15
2.638000000000000000e+03 0.000000000000000000e+00 0.000000000000000000e+00 8.355094998058923862e-15
2.639000000000000000e+03 0.000000000000000000e+00 0.000000000000000000e+00 8.352052651997610400e-15
2.640000000000000000e+03 0.000000000000000000e+00 0.000000000000000000e+00 8.349014890354564048e-15
2.641000000000000000e+03 0.000000000000000000e+00 0.000000000000000000e+00 8.345981764385556696e-15
2.642000000000000000e+03 0.000000000000000000e+00 0.000000000000000000e+00 8.342953244974369731e-15
2.643000000000000000e+03 0.000000000000000000e+00 0.000000000000000000e+00 8.339929380110455443e-15
2.644000000000000000e+03 0.000000000000000000e+00 0.000000000000000000e+00 8.336910141558184872e-15
2.645000000000000000e+03 0.000000000000000000e+00 0.000000000000000000e+00 8.333895581916668520e-15
2.646000000000000000e+03 0.000000000000000000e+00 0.000000000000000000e+00 8.330885680111796537e-15
2.647000000000000000e+03 0.000000000000000000e+00 0.000000000000000000e+00 8.327880490861687613e-15
2.648000000000000000e+03 0.000000000000000000e+00 0.000000000000000000e+00 8.324880001606854144e-15
2.649000000000000000e+03 0.000000000000000000e+00 0.000000000000000000e+00 8.321884264409197089e-15
2.650000000000000000e+03 0.000000000000000000e+00 0.000000000000000000e+00 8.318893268291713796e-15
2.651000000000000000e+03 0.000000000000000000e+00 0.000000000000000000e+00 8.315907070014983235e-15
2.652000000000000000e+03 0.000000000000000000e+00 0.000000000000000000e+00 8.312925659687743572e-15
2.653000000000000000e+03 0.000000000000000000e+00 0.000000000000000000e+00 8.309949096674160286e-15
2.654000000000000000e+03 0.000000000000000000e+00 0.000000000000000000e+00 8.306977374538969591e-15
2.655000000000000000e+03 0.000000000000000000e+00 0.000000000000000000e+00 8.304010554179047950e-15
2.656000000000000000e+03 0.000000000000000000e+00 0.000000000000000000e+00 8.301048630989681730e-15
2.657000000000000000e+03 0.000000000000000000e+00 0.000000000000000000e+00 8.298091668942364327e-15
2.658000000000000000e+03 0.000000000000000000e+00 0.000000000000000000e+00 8.295139666178864459e-15
2.659000000000000000e+03 0.000000000000000000e+00 0.000000000000000000e+00 8.292192689619926678e-15
2.660000000000000000e+03 0.000000000000000000e+00 0.000000000000000000e+00 8.289250739559327519e-15
2.661000000000000000e+03 0.000000000000000000e+00 0.000000000000000000e+00 8.286313886718215209e-15
2.662000000000000000e+03 0.000000000000000000e+00 0.000000000000000000e+00 8.283382134169640004e-15
2.663000000000000000e+03 0.000000000000000000e+00 0.000000000000000000e+00 8.280455555221876268e-15
2.664000000000000000e+03 0.000000000000000000e+00 0.000000000000000000e+00 8.277534155122171152e-15
2.665000000000000000e+03 0.000000000000000000e+00 0.000000000000000000e+00 8.274618010971525501e-15
2.666000000000000000e+03 0.000000000000000000e+00 0.000000000000000000e+00 8.271707130624625770e-15
2.667000000000000000e+03 0.000000000000000000e+00 0.000000000000000000e+00 8.268801593871522927e-15
2.668000000000000000e+03 0.000000000000000000e+00 0.000000000000000000e+00 8.265901410643773819e-15
2.669000000000000000e+03 0.000000000000000000e+00 0.000000000000000000e+00 8.263006663030331019e-15
2.670000000000000000e+03 0.000000000000000000e+00 0.000000000000000000e+00 8.260117365010579696e-15
2.671000000000000000e+03 0.000000000000000000e+00 0.000000000000000000e+00 8.257233599119527508e-15
2.672000000000000000e+03 0.000000000000000000e+00 0.000000000000000000e+00 8.254355381994994055e-15
2.673000000000000000e+03 0.000000000000000000e+00 0.000000000000000000e+00 8.251482799434292872e-15
2.674000000000000000e+03 0.000000000000000000e+00 0.000000000000000000e+00 8.248615870261853966e-15
2.675000000000000000e+03 0.000000000000000000e+00 0.000000000000000000e+00 8.245754681695557391e-15
2.676000000000000000e+03 0.000000000000000000e+00 0.000000000000000000e+00 8.242899255196925743e-15
2.677000000000000000e+03 0.000000000000000000e+00 0.000000000000000000e+00 8.240049680796694604e-15
2.678000000000000000e+03 0.000000000000000000e+00 0.000000000000000000e+00 8.237205981283843836e-15
2.679000000000000000e+03 0.000000000000000000e+00 0.000000000000000000e+00 8.234368249377214086e-15
2.680000000000000000e+03 0.000000000000000000e+00 0.000000000000000000e+00 8.231536509920545416e-15
2.681000000000000000e+03 0.000000000000000000e+00 0.000000000000000000e+00 8.228710858331789726e-15
2.682000000000000000e+03 0.000000000000000000e+00 0.000000000000000000e+00 8.225891322590298736e-15
2.683000000000000000e+03 0.000000000000000000e+00 0.000000000000000000e+00 8.223077998602617969e-15
2.684000000000000000e+03 0.000000000000000000e+00 0.000000000000000000e+00 8.220270917163893969e-15
2.685000000000000000e+03 0.000000000000000000e+00 0.000000000000000000e+00 8.217470175200110898e-15
2.686000000000000000e+03 0.000000000000000000e+00 0.000000000000000000e+00 8.214675805544178701e-15
2.687000000000000000e+03 0.000000000000000000e+00 0.000000000000000000e+00 8.211887906020769239e-15
2.688000000000000000e+03 0.000000000000000000e+00 0.000000000000000000e+00 8.209106510569917716e-15
2.689000000000000000e+03 0.000000000000000000e+00 0.000000000000000000e+00 8.206331718514304985e-15
2.690000000000000000e+03 0.000000000000000000e+00 0.000000000000000000e+00 8.203563564258212474e-15
2.691000000000000000e+03 0.000000000000000000e+00 0.000000000000000000e+00 8.200802148246297390e-15
2.692000000000000000e+03 0.000000000000000000e+00 0.000000000000000000e+00 8.198047506987690870e-15
2.693000000000000000e+03 0.000000000000000000e+00 0.000000000000000000e+00 8.195299741813759757e-15
2.694000000000000000e+03 0.000000000000000000e+00 0.000000000000000000e+00 8.192558889907377623e-15
2.695000000000000000e+03 0.000000000000000000e+00 0.000000000000000000e+00 8.189825054740057812e-15
2.696000000000000000e+03 0.000000000000000000e+00 0.000000000000000000e+00 8.187098275011781212e-15
2.697000000000000000e+03 0.000000000000000000e+00 0.000000000000000000e+00 8.184378654066756374e-15
2.698000000000000000e+03 0.000000000000000000e+00 0.000000000000000000e+00 8.181666233831144964e-15
2.699000000000000000e+03 0.000000000000000000e+00 0.000000000000000000e+00 8.178961118019756074e-15
2.700000000000000000e+03 0.000000000000000000e+00 0.000000000000000000e+00 8.176263347566667274e-15
2.701000000000000000e+03 0.000000000000000000e+00 0.000000000000000000e+00 8.173573028683897850e-15
2.702000000000000000e+03 0.000000000000000000e+00 0.000000000000000000e+00 8.170890202477018998e-15
2.703000000000000000e+03 0.000000000000000000e+00 0.000000000000000000e+00 8.168214975803680592e-15
2.704000000000000000e+03 0.000000000000000000e+00 0.000000000000000000e+00 8.165547389335036016e-15
2.705000000000000000e+03 0.000000000000000000e+00 0.000000000000000000e+00 8.162887551362278423e-15
2.706000000000000000e+03 0.000000000000000000e+00 0.000000000000000000e+00 8.160235503233911880e-15
2.707000000000000000e+03 0.000000000000000000e+00 0.000000000000000000e+00 8.157591354212474484e-15
2.708000000000000000e+03 0.000000000000000000e+00 0.000000000000000000e+00 8.154955146021486889e-15
2.709000000000000000e+03 0.000000000000000000e+00 0.000000000000000000e+00 8.152326988007423568e-15
2.710000000000000000e+03 0.000000000000000000e+00 0.000000000000000000e+00 8.149706923688720903e-15
2.711000000000000000e+03 0.000000000000000000e+00 0.000000000000000000e+00 8.147095062693366271e-15
2.712000000000000000e+03 0.000000000000000000e+00 0.000000000000000000e+00 8.144491448103721634e-15
2.713000000000000000e+03 0.000000000000000000e+00 0.000000000000000000e+00 8.141896190634313513e-15
2.714000000000000000e+03 0.000000000000000000e+00 0.000000000000000000e+00 8.139309333423364689e-15
2.715000000000000000e+03 0.000000000000000000e+00 0.000000000000000000e+00 8.136730985047894709e-15
2.716000000000000000e+03 0.000000000000000000e+00 0.000000000000000000e+00 8.134161189468457050e-15
2.717000000000000000e+03 0.000000000000000000e+00 0.000000000000000000e+00 8.131600054401419276e-15
2.718000000000000000e+03 0.000000000000000000e+00 0.000000000000000000e+00 8.129047623620811859e-15
2.719000000000000000e+03 0.000000000000000000e+00 0.000000000000000000e+00 8.126504003666522033e-15
2.720000000000000000e+03 0.000000000000000000e+00 0.000000000000000000e+00 8.123969237666145043e-15
2.721000000000000000e+03 0.000000000000000000e+00 0.000000000000000000e+00 8.121443432827237905e-15
2.722000000000000000e+03 0.000000000000000000e+00 0.000000000000000000e+00 8.118926630722734036e-15
2.723000000000000000e+03 0.000000000000000000e+00 0.000000000000000000e+00 8.116418939402155896e-15
2.724000000000000000e+03 0.000000000000000000e+00 0.000000000000000000e+00 8.113920399662790996e-15
2.725000000000000000e+03 0.000000000000000000e+00 0.000000000000000000e+00 8.111431117968690214e-15
2.726000000000000000e+03 0.000000000000000000e+00 0.000000000000000000e+00 8.108951136019566382e-15
2.727000000000000000e+03 0.000000000000000000e+00 0.000000000000000000e+00 8.106480559636962104e-15
2.728000000000000000e+03 0.000000000000000000e+00 0.000000000000000000e+00 8.104019433117310476e-15
2.729000000000000000e+03 0.000000000000000000e+00 0.000000000000000000e+00 8.101567857500085605e-15
2.730000000000000000e+03 0.000000000000000000e+00 0.000000000000000000e+00 8.099125871343074621e-15
2.731000000000000000e+03 0.000000000000000000e+00 0.000000000000000000e+00 8.096693581303641926e-15
2.732000000000000000e+03 0.000000000000000000e+00 0.000000000000000000e+00 8.094271023582325736e-15
2.733000000000000000e+03 0.000000000000000000e+00 0.000000000000000000e+00 8.091858300583529896e-15
2.734000000000000000e+03 0.000000000000000000e+00 0.000000000000000000e+00 8.089455447661414293e-15
2.735000000000000000e+03 0.000000000000000000e+00 0.000000000000000000e+00 8.087062565701031933e-15
2.736000000000000000e+03 0.000000000000000000e+00 0.000000000000000000e+00 8.084679697224022449e-15
2.737000000000000000e+03 0.000000000000000000e+00 0.000000000000000000e+00 8.082306935013867327e-15
2.738000000000000000e+03 0.000000000000000000e+00 0.000000000000000000e+00 8.079944317155873349e-15
2.739000000000000000e+03 0.000000000000000000e+00 0.000000000000000000e+00 8.077591933663701991e-15
2.740000000000000000e+03 0.000000000000000000e+00 0.000000000000000000e+00 8.075249822735604406e-15
2.741000000000000000e+03 0.000000000000000000e+00 0.000000000000000000e+00 8.072918078679496336e-15
2.742000000000000000e+03 0.000000000000000000e+00 0.000000000000000000e+00 8.070596725520179251e-15
2.743000000000000000e+03 0.000000000000000000e+00 0.000000000000000000e+00 8.068285868262797292e-15
2.744000000000000000e+03 0.000000000000000000e+00 0.000000000000000000e+00 8.065985524242041893e-15
2.745000000000000000e+03 0.000000000000000000e+00 0.000000000000000000e+00 8.063695790496655416e-15
2.746000000000000000e+03 0.000000000000000000e+00 0.000000000000000000e+00 8.061416688174086530e-15
2.747000000000000000e+03 0.000000000000000000e+00 0.000000000000000000e+00 8.059148311354184982e-15
2.748000000000000000e+03 0.000000000000000000e+00 0.000000000000000000e+00 8.056890682504449303e-15
2.749000000000000000e+03 0.000000000000000000e+00 0.000000000000000000e+00 8.054643888483972986e-15
2.750000000000000000e+03 0.000000000000000000e+00 0.000000000000000000e+00 8.052407953097055097e-15
2.751000000000000000e+03 0.000000000000000000e+00 0.000000000000000000e+00 8.050182958964425656e-15
2.752000000000000000e+03 0.000000000000000000e+00 0.000000000000000000e+00 8.047968917991791169e-15
2.753000000000000000e+03 0.000000000000000000e+00 0.000000000000000000e+00 8.045765918514959611e-15
2.754000000000000000e+03 0.000000000000000000e+00 0.000000000000000000e+00 8.043573966468179740e-15
2.755000000000000000e+03 0.000000000000000000e+00 0.000000000000000000e+00 8.041393146791041360e-15
2.756000000000000000e+03 0.000000000000000000e+00 0.000000000000000000e+00 8.039223462914972659e-15
2.757000000000000000e+03 0.000000000000000000e+00 0.000000000000000000e+00 8.037065000163350584e-15
2.758000000000000000e+03 0.000000000000000000e+00 0.000000000000000000e+00 8.034917760588253205e-15
2.759000000000000000e+03 0.000000000000000000e+00 0.000000000000000000e+00 8.032781823524027056e-15
2.760000000000000000e+03 0.000000000000000000e+00 0.000000000000000000e+00 8.030657184158085767e-15
2.761000000000000000e+03 0.000000000000000000e+00 0.000000000000000000e+00 8.028543920103635991e-15
2.762000000000000000e+03 0.000000000000000000e+00 0.000000000000000000e+00 8.026442032010626539e-15
2.763000000000000000e+03 0.000000000000000000e+00 0.000000000000000000e+00 8.024351590175036433e-15
2.764000000000000000e+03 0.000000000000000000e+00 0.000000000000000000e+00 8.022272590323798630e-15
2.765000000000000000e+03 0.000000000000000000e+00 0.000000000000000000e+00 8.020205101223535405e-15
2.766000000000000000e+03 0.000000000000000000e+00 0.000000000000000000e+00 8.018149117505417207e-15
2.767000000000000000e+03 0.000000000000000000e+00 0.000000000000000000e+00 8.016104700413417721e-15
2.768000000000000000e+03 0.000000000000000000e+00 0.000000000000000000e+00 8.014071846009156765e-15
2.769000000000000000e+03 0.000000000000000000e+00 0.000000000000000000e+00 8.012050606200669558e-15
2.770000000000000000e+03 0.000000000000000000e+00 0.000000000000000000e+00 8.010040978059169571e-15
2.771000000000000000e+03 0.000000000000000000e+00 0.000000000000000000e+00 8.008043016595240940e-15
2.772000000000000000e+03 0.000000000000000000e+00 0.000000000000000000e+00 8.006056708181961551e-15
2.773000000000000000e+03 0.000000000000000000e+00 0.000000000000000000e+00 8.004082102038117706e-15
2.774000000000000000e+03 0.000000000000000000e+00 0.000000000000000000e+00 8.002119188360743194e-15
2.775000000000000000e+03 0.000000000000000000e+00 0.000000000000000000e+00 8.000168015093381758e-15
2.776000000000000000e+03 0.000000000000000000e+00 0.000000000000000000e+00 7.998228567637304065e-15
2.777000000000000000e+03 0.000000000000000000e+00 0.000000000000000000e+00 7.996300886754877909e-15
2.778000000000000000e+03 0.000000000000000000e+00 0.000000000000000000e+00 7.994384957587602061e-15
2.779000000000000000e+03 0.000000000000000000e+00 0.000000000000000000e+00 7.992480811834258500e-15
2.780000000000000000e+03 0.000000000000000000e+00 0.000000000000000000e+00 7.990588435348365538e-15
2.781000000000000000e+03 0.000000000000000000e+00 0.000000000000000000e+00 7.988707849388853671e-15
2.782000000000000000e+03 0.000000000000000000e+00 0.000000000000000000e+00 7.986839041971064034e-15
2.783000000000000000e+03 0.000000000000000000e+00 0.000000000000000000e+00 7.984982029014596239e-15
2.784000000000000000e+03 0.000000000000000000e+00 0.000000000000000000e+00 7.983136788120174020e-15
2.785000000000000000e+03 0.000000000000000000e+00 0.000000000000000000e+00 7.981303339368243833e-15
2.786000000000000000e+03 0.000000000000000000e+00 0.000000000000000000e+00 7.979481657767536005e-15
2.787000000000000000e+03 0.000000000000000000e+00 0.000000000000000000e+00 7.977671752174134380e-15
2.788000000000000000e+03 0.000000000000000000e+00 0.000000000000000000e+00 7.975873596864272492e-15
2.789000000000000000e+03 0.000000000000000000e+00 0.000000000000000000e+00 7.974087203637580300e-15
2.790000000000000000e+03 0.000000000000000000e+00 0.000000000000000000e+00 7.972312534893842106e-15
2.791000000000000000e+03 0.000000000000000000e+00 0.000000000000000000e+00 7.970549603742425740e-15
2.792000000000000000e+03 0.000000000000000000e+00 0.000000000000000000e+00 7.968798367955138362e-15
2.793000000000000000e+03 0.000000000000000000e+00 0.000000000000000000e+00 7.967058829327083450e-15
2.794000000000000000e+03 0.000000000000000000e+00 0.000000000000000000e+00 7.965330943314187116e-15
2.795000000000000000e+03 0.000000000000000000e+00 0.000000000000000000e+00 7.963614715504807855e-15
2.796000000000000000e+03 0.000000000000000000e+00 0.000000000000000000e+00 7.961910093754665540e-15
2.797000000000000000e+03 0.000000000000000000e+00 0.000000000000000000e+00 7.960217078889512946e-15
2.798000000000000000e+03 0.000000000000000000e+00 0.000000000000000000e+00 7.958535609543229168e-15
2.799000000000000000e+03 0.000000000000000000e+00 0.000000000000000000e+00 7.956865686126856491e-15
2.800000000000000000e+03 0.000000000000000000e+00 0.000000000000000000e+00 7.955207243535885844e-15
2.801000000000000000e+03 0.000000000000000000e+00 0.000000000000000000e+00 7.953560275488742480e-15
2.802000000000000000e+03 0.000000000000000000e+00 0.000000000000000000e+00 7.951924716033461414e-15
2.803000000000000000e+03 0.000000000000000000e+00 0.000000000000000000e+00 7.950300550064130971e-15
2.804000000000000000e+03 0.000000000000000000e+00 0.000000000000000000e+00 7.948687705368745743e-15
2.805000000000000000e+03 0.000000000000000000e+00 0.000000000000000000e+00 7.947086169769194508e-15
2.806000000000000000e+03 0.000000000000000000e+00 0.000000000000000000e+00 7.945495868747601455e-15
2.807000000000000000e+03 0.000000000000000000e+00 0.000000000000000000e+00 7.943916779503268983e-15
2.808000000000000000e+03 0.000000000000000000e+00 0.000000000000000000e+00 7.942348820060157335e-15
2.809000000000000000e+03 0.000000000000000000e+00 0.000000000000000000e+00 7.940791969621914589e-15
2.810000000000000000e+03 0.000000000000000000e+00 0.000000000000000000e+00 7.939246143823647150e-15
2.811000000000000000e+03 0.000000000000000000e+00 0.000000000000000000e+00 7.937711310869823986e-15
2.812000000000000000e+03 0.000000000000000000e+00 0.000000000000000000e+00 7.936187391463332800e-15
2.813000000000000000e+03 0.000000000000000000e+00 0.000000000000000000e+00 7.934674342833488994e-15
2.814000000000000000e+03 0.000000000000000000e+00 0.000000000000000000e+00 7.933172076120275481e-15
2.815000000000000000e+03 0.000000000000000000e+00 0.000000000000000000e+00 7.931680549729674167e-15
2.816000000000000000e+03 0.000000000000000000e+00 0.000000000000000000e+00 7.930199671744724670e-15
2.817000000000000000e+03 0.000000000000000000e+00 0.000000000000000000e+00 7.928729394618038153e-15
2.818000000000000000e+03 0.000000000000000000e+00 0.000000000000000000e+00 7.927269618171186918e-15
2.819000000000000000e+03 0.000000000000000000e+00 0.000000000000000000e+00 7.925820292585056780e-15
2.820000000000000000e+03 0.000000000000000000e+00 0.000000000000000000e+00 7.924381314921519538e-15
2.821000000000000000e+03 0.000000000000000000e+00 0.000000000000000000e+00 7.922952634561570248e-15
2.822000000000000000e+03 0.000000000000000000e+00 0.000000000000000000e+00 7.921534140770948244e-15
2.823000000000000000e+03 0.000000000000000000e+00 0.000000000000000000e+00 7.920125775978504199e-15
2.824000000000000000e+03 0.000000000000000000e+00 0.000000000000000000e+00 7.918727432730356123e-15
2.825000000000000000e+03 0.000000000000000000e+00 0.000000000000000000e+00 7.917339045037341085e-15
2.826000000000000000e+03 0.000000000000000000e+00 0.000000000000000000e+00 7.915960500625592788e-15
2.827000000000000000e+03 0.000000000000000000e+00 0.000000000000000000e+00 7.914591735098432853e-15
2.828000000000000000e+03 0.000000000000000000e+00 0.000000000000000000e+00 7.913232628488300840e-15
2.829000000000000000e+03 0.000000000000000000e+00 0.000000000000000000e+00 7.911883111211466040e-15
2.830000000000000000e+03 0.000000000000000000e+00 0.000000000000000000e+00 7.910543059659981616e-15
2.831000000000000000e+03 0.000000000000000000e+00 0.000000000000000000e+00 7.909212402111426593e-15
2.832000000000000000e+03 0.000000000000000000e+00 0.000000000000000000e+00 7.907891014034266829e-15
2.833000000000000000e+03 0.000000000000000000e+00 0.000000000000000000e+00 7.906578815533714297e-15
2.834000000000000000e+03 0.000000000000000000e+00 0.000000000000000000e+00 7.905275681592088279e-15
2.835000000000000000e+03 0.000000000000000000e+00 0.000000000000000000e+00 7.903981529705408593e-15
2.836000000000000000e+03 0.000000000000000000e+00 0.000000000000000000e+00 7.902696227875763534e-15
2.837000000000000000e+03 0.000000000000000000e+00 0.000000000000000000e+00 7.901419686042604890e-15
2.838000000000000000e+03 0.000000000000000000e+00 0.000000000000000000e+00 7.900151769378313780e-15
2.839000000000000000e+03 0.000000000000000000e+00 0.000000000000000000e+00 7.898892390578125011e-15
2.840000000000000000e+03 0.000000000000000000e+00 0.000000000000000000e+00 7.897641407516433967e-15
2.841000000000000000e+03 0.000000000000000000e+00 0.000000000000000000e+00 7.896398733297875332e-15
2.842000000000000000e+03 0.000000000000000000e+00 0.000000000000000000e+00 7.895164222378251069e-15
2.843000000000000000e+03 0.000000000000000000e+00 0.000000000000000000e+00 7.893937782826761021e-15
2.844000000000000000e+03 0.000000000000000000e+00 0.000000000000000000e+00 7.892719266579724260e-15
2.845000000000000000e+03 0.000000000000000000e+00 0.000000000000000000e+00 7.891508580040137022e-15
2.846000000000000000e+03 0.000000000000000000e+00 0.000000000000000000e+00 7.890305573988362630e-15
2.847000000000000000e+03 0.000000000000000000e+00 0.000000000000000000e+00 7.889110147950999363e-15
2.848000000000000000e+03 0.000000000000000000e+00 0.000000000000000000e+00 7.887922151767537718e-15
2.849000000000000000e+03 0.000000000000000000e+00 0.000000000000000000e+00 7.886741475151157356e-15
2.850000000000000000e+03 0.000000000000000000e+00 0.000000000000000000e+00 7.885567968596915855e-15
2.851000000000000000e+03 0.000000000000000000e+00 0.000000000000000000e+00 7.884401522767929711e-15
2.852000000000000000e+03 0.000000000000000000e+00 0.000000000000000000e+00 7.883241982763657746e-15
2.853000000000000000e+03 0.000000000000000000e+00 0.000000000000000000e+00 7.882089238545463151e-15
2.854000000000000000e+03 0.000000000000000000e+00 0.000000000000000000e+00 7.880943132274850078e-15
2.855000000000000000e+03 0.000000000000000000e+00 0.000000000000000000e+00 7.879803547514713559e-15
2.856000000000000000e+03 0.000000000000000000e+00 0.000000000000000000e+00 7.878670325382754354e-15
2.857000000000000000e+03 0.000000000000000000e+00 0.000000000000000000e+00 7.877543352585482936e-15
2.858000000000000000e+03 0.000000000000000000e+00 0.000000000000000000e+00 7.876422469542480250e-15
2.859000000000000000e+03 0.000000000000000000e+00 0.000000000000000000e+00 7.875307557594106191e-15
2.860000000000000000e+03 0.000000000000000000e+00 0.000000000000000000e+00 7.874198456892156560e-15
2.861000000000000000e+03 0.000000000000000000e+00 0.000000000000000000e+00 7.873095046471076675e-15
2.862000000000000000e+03 0.000000000000000000e+00 0.000000000000000000e+00 7.871997172292902158e-15
2.863000000000000000e+03 0.000000000000000000e+00 0.000000000000000000e+00 7.870904705628704100e-15
2.864000000000000000e+03 0.000000000000000000e+00 0.000000000000000000e+00 7.869817489358244507e-15
2.865000000000000000e+03 0.000000000000000000e+00 0.000000000000000000e+00 7.868735402811946153e-15
2.866000000000000000e+03 0.000000000000000000e+00 0.000000000000000000e+00 7.867658282088030455e-15
2.867000000000000000e+03 0.000000000000000000e+00 0.000000000000000000e+00 7.866586009691173406e-15
2.868000000000000000e+03 0.000000000000000000e+00 0.000000000000000000e+00 7.865518424549944155e-15
2.869000000000000000e+03 0.000000000000000000e+00 0.000000000000000000e+00 7.864455404556591580e-15
2.870000000000000000e+03 0.000000000000000000e+00 0.000000000000000000e+00 7.863396789714056584e-15
2.871000000000000000e+03 0.000000000000000000e+00 0.000000000000000000e+00 7.862342462864207444e-15
2.872000000000000000e+03 0.000000000000000000e+00 0.000000000000000000e+00 7.861292258117236700e-15
2.873000000000000000e+03 0.000000000000000000e+00 0.000000000000000000e+00 7.860246065964251305e-15
2.874000000000000000e+03 0.000000000000000000e+00 0.000000000000000000e+00 7.859203717685856528e-15
2.875000000000000000e+03 0.000000000000000000e+00 0.000000000000000000e+00 7.858165102200543022e-15
2.876000000000000000e+03 0.000000000000000000e+00 0.000000000000000000e+00 7.857130061165892170e-15
2.877000000000000000e+03 0.000000000000000000e+00 0.000000000000000000e+00 7.856098476928250850e-15
2.878000000000000000e+03 0.000000000000000000e+00 0.000000000000000000e+00 7.855070182434981716e-15
2.879000000000000000e+03 0.000000000000000000e+00 0.000000000000000000e+00 7.854045070165411506e-15
2.880000000000000000e+03 0.000000000000000000e+00 0.000000000000000000e+00 7.853022975754714482e-15
2.881000000000000000e+03 0.000000000000000000e+00 0.000000000000000000e+00 7.852003788572767508e-15
2.882000000000000000e+03 0.000000000000000000e+00 0.000000000000000000e+00 7.850987351516637041e-15
2.883000000000000000e+03 0.000000000000000000e+00 0.000000000000000000e+00 7.849973552720094350e-15
2.884000000000000000e+03 0.000000000000000000e+00 0.000000000000000000e+00 7.848962231650846099e-15
2.885000000000000000e+03 0.000000000000000000e+00 0.000000000000000000e+00 7.847953282518751081e-15
2.886000000000000000e+03 0.000000000000000000e+00 0.000000000000000000e+00 7.846946548882973026e-15
2.887000000000000000e+03 0.000000000000000000e+00 0.000000000000000000e+00 7.845941927634047875e-15
2.888000000000000000e+03 0.000000000000000000e+00 0.000000000000000000e+00 7.844939263508485861e-15
2.889000000000000000e+03 0.000000000000000000e+00 0.000000000000000000e+00 7.843938454740892026e-15
2.890000000000000000e+03 0.000000000000000000e+00 0.000000000000000000e+00 7.842939353640735582e-15
2.891000000000000000e+03 0.000000000000000000e+00 0.000000000000000000e+00 7.841941857844237445e-15
2.892000000000000000e+03 0.000000000000000000e+00 0.000000000000000000e+00 7.840945823018325103e-15
2.893000000000000000e+03 0.000000000000000000e+00 0.000000000000000000e+00 7.839951146731517850e-15
2.894000000000000000e+03 0.000000000000000000e+00 0.000000000000000000e+00 7.838957692793471148e-15
2.895000000000000000e+03 0.000000000000000000e+00 0.000000000000000000e+00 7.837965358111463725e-15
2.896000000000000000e+03 0.000000000000000000e+00 0.000000000000000000e+00 7.836974010061704788e-15
2.897000000000000000e+03 0.000000000000000000e+00 0.000000000000000000e+00 7.835983550688778252e-15
2.898000000000000000e+03 0.000000000000000000e+00 0.000000000000000000e+00 7.834993843028007910e-15
2.899000000000000000e+03 0.000000000000000000e+00 0.000000000000000000e+00 7.834004802897922955e-15
2.900000000000000000e+03 0.000000000000000000e+00 0.000000000000000000e+00 7.833016292461534258e-15
2.901000000000000000e+03 0.000000000000000000e+00 0.000000000000000000e+00 7.832028233985490074e-15
2.902000000000000000e+03 0.000000000000000000e+00 0.000000000000000000e+00 7.831040487316424823e-15
2.903000000000000000e+03 0.000000000000000000e+00 0.000000000000000000e+00 7.830052984500246120e-15
2.904000000000000000e+03 0.000000000000000000e+00 0.000000000000000000e+00 7.829065590270210929e-15
2.905000000000000000e+03 0.000000000000000000e+00 0.000000000000000000e+00 7.828078235648854968e-15
2.906000000000000000e+03 0.000000000000000000e+00 0.000000000000000000e+00 7.827090798283282280e-15
2.907000000000000000e+03 0.000000000000000000e+00 0.000000000000000000e+00 7.826103210262890380e-15
2.908000000000000000e+03 0.000000000000000000e+00 0.000000000000000000e+00 7.825115354238553278e-15
2.909000000000000000e+03 0.000000000000000000e+00 0.000000000000000000e+00 7.824127168454271342e-15
2.910000000000000000e+03 0.000000000000000000e+00 0.000000000000000000e+00 7.823138538302675653e-15
2.911000000000000000e+03 0.000000000000000000e+00 0.000000000000000000e+00 7.822149404358322020e-15
2.912000000000000000e+03 0.000000000000000000e+00 0.000000000000000000e+00 7.821159659397891984e-15
2.913000000000000000e+03 0.000000000000000000e+00 0.000000000000000000e+00 7.820169250034371815e-15
2.914000000000000000e+03 0.000000000000000000e+00 0.000000000000000000e+00 7.819178072658426280e-15
2.915000000000000000e+03 0.000000000000000000e+00 0.000000000000000000e+00 7.818186077461374665e-15
2.916000000000000000e+03 0.000000000000000000e+00 0.000000000000000000e+00 7.817193167401046220e-15
2.917000000000000000e+03 0.000000000000000000e+00 0.000000000000000000e+00 7.816199300077134434e-15
2.918000000000000000e+03 0.000000000000000000e+00 0.000000000000000000e+00 7.815204382002888321e-15
2.919000000000000000e+03 0.000000000000000000e+00 0.000000000000000000e+00 7.814208379954604130e-15
2.920000000000000000e+03 0.000000000000000000e+00 0.000000000000000000e+00 7.813211208236467905e-15
2.921000000000000000e+03 0.000000000000000000e+00 0.000000000000000000e+00 7.812212837284773375e-15
2.922000000000000000e+03 0.000000000000000000e+00 0.000000000000000000e+00 7.811213185918909745e-15
2.923000000000000000e+03 0.000000000000000000e+00 0.000000000000000000e+00 7.810212238519120281e-15
2.924000000000000000e+03 0.000000000000000000e+00 0.000000000000000000e+00 7.809209915365475861e-15
2.925000000000000000e+03 0.000000000000000000e+00 0.000000000000000000e+00 7.808206208298534131e-15
2.926000000000000000e+03 0.000000000000000000e+00 0.000000000000000000e+00 7.807201042991648628e-15
2.927000000000000000e+03 0.000000000000000000e+00 0.000000000000000000e+00 7.806194421845700163e-15
2.928000000000000000e+03 0.000000000000000000e+00 0.000000000000000000e+00 7.805186279237200698e-15
2.929000000000000000e+03 0.000000000000000000e+00 0.000000000000000000e+00 7.804176622875156167e-15
2.930000000000000000e+03 0.000000000000000000e+00 0.000000000000000000e+00 7.803165390627116205e-15
2.931000000000000000e+03 0.000000000000000000e+00 0.000000000000000000e+00 7.802152599548649590e-15
2.932000000000000000e+03 0.000000000000000000e+00 0.000000000000000000e+00 7.801138194539896797e-15
2.933000000000000000e+03 0.000000000000000000e+00 0.000000000000000000e+00 7.800122203319491016e-15
2.934000000000000000e+03 0.000000000000000000e+00 0.000000000000000000e+00 7.799104573767807179e-15
2.935000000000000000e+03 0.000000000000000000e+00 0.000000000000000000e+00 7.798085345395617411e-15
2.936000000000000000e+03 0.000000000000000000e+00 0.000000000000000000e+00 7.797064473634186456e-15
2.937000000000000000e+03 0.000000000000000000e+00 0.000000000000000000e+00 7.796042003782493377e-15
2.938000000000000000e+03 0.000000000000000000e+00 0.000000000000000000e+00 7.795017900347860625e-15
2.939000000000000000e+03 0.000000000000000000e+00 0.000000000000000000e+00 7.793992213904077213e-15
2.940000000000000000e+03 0.000000000000000000e+00 0.000000000000000000e+00 7.792964917920422458e-15
2.941000000000000000e+03 0.000000000000000000e+00 0.000000000000000000e+00 7.791936072444933244e-15
2.942000000000000000e+03 0.000000000000000000e+00 0.000000000000000000e+00 7.790905662012647857e-15
2.943000000000000000e+03 0.000000000000000000e+00 0.000000000000000000e+00 7.789873757208987851e-15
2.944000000000000000e+03 0.000000000000000000e+00 0.000000000000000000e+00 7.788840349095239358e-15
2.945000000000000000e+03 0.000000000000000000e+00 0.000000000000000000e+00 7.787805513408645733e-15
2.946000000000000000e+03 0.000000000000000000e+00 0.000000000000000000e+00 7.786769251605603558e-15
2.947000000000000000e+03 0.000000000000000000e+00 0.000000000000000000e+00 7.785731649137039122e-15
2.948000000000000000e+03 0.000000000000000000e+00 0.000000000000000000e+00 7.784692712288249019e-15
2.949000000000000000e+03 0.000000000000000000e+00 0.000000000000000000e+00 7.783652538157157532e-15
2.950000000000000000e+03 0.000000000000000000e+00 0.000000000000000000e+00 7.782611148248606766e-15
2.951000000000000000e+03 0.000000000000000000e+00 0.000000000000000000e+00 7.781568644007032573e-15
2.952000000000000000e+03 0.000000000000000000e+00 0.000000000000000000e+00 7.780525052715135719e-15
2.953000000000000000e+03 0.000000000000000000e+00 0.000000000000000000e+00 7.779480483727604298e-15
2.954000000000000000e+03 0.000000000000000000e+00 0.000000000000000000e+00 7.778434973579360465e-15
2.955000000000000000e+03 0.000000000000000000e+00 0.000000000000000000e+00 7.777388640562640246e-15
2.956000000000000000e+03 0.000000000000000000e+00 0.000000000000000000e+00 7.776341529751183983e-15
2.957000000000000000e+03 0.000000000000000000e+00 0.000000000000000000e+00 7.775293765160907396e-15
2.958000000000000000e+03 0.000000000000000000e+00 0.000000000000000000e+00 7.774245397967479861e-15
2.959000000000000000e+03 0.000000000000000000e+00 0.000000000000000000e+00 7.773196567939421162e-15
2.960000000000000000e+03 0.000000000000000000e+00 0.000000000000000000e+00 7.772147332128313169e-15
2.961000000000000000e+03 0.000000000000000000e+00 0.000000000000000000e+00 7.771097833385373692e-15
2.962000000000000000e+03 0.000000000000000000e+00 0.000000000000000000e+00 7.770048145194051549e-15
2.963000000000000000e+03 0.000000000000000000e+00 0.000000000000000000e+00 7.768998414443566817e-15
2.964000000000000000e+03 0.000000000000000000e+00 0.000000000000000000e+00 7.767948722710333362e-15
2.965000000000000000e+03 0.000000000000000000e+00 0.000000000000000000e+00 7.766899236688254031e-15
2.966000000000000000e+03 0.000000000000000000e+00 0.000000000000000000e+00 7.765850042384835926e-15
2.967000000000000000e+03 0.000000000000000000e+00 0.000000000000000000e+00 7.764801309544046320e-15
2.968000000000000000e+03 0.000000000000000000e+00 0.000000000000000000e+00 7.763753144183339847e-15
2.969000000000000000e+03 0.000000000000000000e+00 0.000000000000000000e+00 7.762705724099219705e-15
2.970000000000000000e+03 0.000000000000000000e+00 0.000000000000000000e+00 7.761659170340932409e-15
2.971000000000000000e+03 0.000000000000000000e+00 0.000000000000000000e+00 7.760613665642415811e-15
2.972000000000000000e+03 0.000000000000000000e+00 0.000000000000000000e+00 7.759569341650896653e-15
2.973000000000000000e+03 0.000000000000000000e+00 0.000000000000000000e+00 7.758526384865394429e-15
2.974000000000000000e+03 0.000000000000000000e+00 0.000000000000000000e+00 7.757484940808927835e-15
2.975000000000000000e+03 0.000000000000000000e+00 0.000000000000000000e+00 7.756445205098538314e-15
2.976000000000000000e+03 0.000000000000000000e+00 0.000000000000000000e+00 7.755407321066050873e-15
2.977000000000000000e+03 0.000000000000000000e+00 0.000000000000000000e+00 7.754371500884690492e-15
2.978000000000000000e+03 0.000000000000000000e+00 0.000000000000000000e+00 7.753337889237684528e-15
2.979000000000000000e+03 0.000000000000000000e+00 0.000000000000000000e+00 7.752306711573977624e-15
2.980000000000000000e+03 0.000000000000000000e+00 0.000000000000000000e+00 7.751278117581283387e-15
2.981000000000000000e+03 0.000000000000000000e+00 0.000000000000000000e+00 7.750252339233915518e-15
2.982000000000000000e+03 0.000000000000000000e+00 0.000000000000000000e+00 7.749229539308848968e-15
2.983000000000000000e+03 0.000000000000000000e+00 0.000000000000000000e+00 7.748209958871913663e-15
2.984000000000000000e+03 0.000000000000000000e+00 0.000000000000000000e+00 7.747193771728298478e-15
2.985000000000000000e+03 0.000000000000000000e+00 0.000000000000000000e+00 7.746181219944364556e-15
2.986000000000000000e+03 0.000000000000000000e+00 0.000000000000000000e+00 7.745172490104086976e-15
2.987000000000000000e+03 0.000000000000000000e+00 0.000000000000000000e+00 7.744167839998713533e-15
2.988000000000000000e+03 0.000000000000000000e+00 0.000000000000000000e+00 7.743167454661916719e-15
2.989000000000000000e+03 0.000000000000000000e+00 0.000000000000000000e+00 7.742171607243026436e-15
2.990000000000000000e+03 0.000000000000000000e+00 0.000000000000000000e+00 7.741180491453622165e-15
2.991000000000000000e+03 0.000000000000000000e+00 0.000000000000000000e+00 7.740194379863889994e-15
2.992000000000000000e+03 0.000000000000000000e+00 0.000000000000000000e+00 7.739213482074161397e-15
2.993000000000000000e+03 0.000000000000000000e+00 0.000000000000000000e+00 7.738238072156386433e-15
2.994000000000000000e+03 0.000000000000000000e+00 0.000000000000000000e+00 7.737268367885016479e-15
2.995000000000000000e+03 0.000000000000000000e+00 0.000000000000000000e+00 7.736304654410533801e-15
2.996000000000000000e+03 0.000000000000000000e+00 0.000000000000000000e+00 7.735347148791178224e-15
2.997000000000000000e+03 0.000000000000000000e+00 0.000000000000000000e+00 7.734396146497217290e-15
2.998000000000000000e+03 0.000000000000000000e+00 0.000000000000000000e+00 7.733451864661016931e-15
2.999000000000000000e+03 0.000000000000000000e+00 0.000000000000000000e+00 7.732514604716786171e-15
3.000000000000000000e+03 0.000000000000000000e+00 0.000000000000000000e+00 7.731584590458631958e-15
