3.000000000000000000e+01 0.000000000000000000e+00 0.000000000000000000e+00 3.358496270749038606e-11
3.100000000000000000e+01 0.000000000000000000e+00 0.000000000000000000e+00 3.150042838681868588e-11
3.200000000000000000e+01 0.000000000000000000e+00 0.000000000000000000e+00 2.960562484438235917e-11
3.300000000000000000e+01 0.000000000000000000e+00 0.000000000000000000e+00 2.787819598418125707e-11
3.400000000000000000e+01 0.000000000000000000e+00 0.000000000000000000e+00 2.629897877845203956e-11
3.500000000000000000e+01 0.000000000000000000e+00 0.000000000000000000e+00 2.485148366272674759e-11
3.600000000000000000e+01 0.000000000000000000e+00 0.000000000000000000e+00 2.352144730724801357e-11
3.700000000000000000e+01 0.000000000000000000e+00 0.000000000000000000e+00 2.229649206322984191e-11
3.800000000000000000e+01 0.000000000000000000e+00 0.000000000000000000e+00 2.116582456076375050e-11
3.900000000000000000e+01 0.000000000000000000e+00 0.000000000000000000e+00 2.012000736830735852e-11
4.000000000000000000e+01 0.000000000000000000e+00 0.000000000000000000e+00 1.915075128857114648e-11
4.100000000000000000e+01 0.000000000000000000e+00 0.000000000000000000e+00 1.825075932492141107e-11
4.200000000000000000e+01 0.000000000000000000e+00 0.000000000000000000e+00 1.741358023857364200e-11
4.300000000000000000e+01 0.000000000000000000e+00 0.000000000000000000e+00 1.663350033180539781e-11
4.400000000000000000e+01 0.000000000000000000e+00 0.000000000000000000e+00 1.590543819907343160e-11
4.500000000000000000e+01 0.000000000000000000e+00 0.000000000000000000e+00 1.522486842877379044e-11
4.600000000000000000e+01 0.000000000000000000e+00 0.000000000000000000e+00 1.458774461787006263e-11
4.700000000000000000e+01 0.000000000000000000e+00 0.000000000000000000e+00 1.399044503765135990e-11
4.800000000000000000e+01 0.000000000000000000e+00 0.000000000000000000e+00 1.342971520681549923e-11
4.900000000000000000e+01 0.000000000000000000e+00 0.000000000000000000e+00 1.290262888886509488e-11
5.000000000000000000e+01 0.000000000000000000e+00 0.000000000000000000e+00 1.240654460872511685e-11
5.100000000000000000e+01 0.000000000000000000e+00 0.000000000000000000e+00 1.193907727539625596e-11
5.200000000000000000e+01 0.000000000000000000e+00 0.000000000000000000e+00 1.149806489944663554e-11
5.300000000000000000e+01 0.000000000000000000e+00 0.000000000000000000e+00 1.108154776599771877e-11
5.400000000000000000e+01 0.000000000000000000e+00 0.000000000000000000e+00 1.068774261301002728e-11
5.500000000000000000e+01 0.000000000000000000e+00 0.000000000000000000e+00 1.031502721765541562e-11
5.600000000000000000e+01 0.000000000000000000e+00 0.000000000000000000e+00 9.961920118858254732e-12
5.700000000000000000e+01 0.000000000000000000e+00 0.000000000000000000e+00 9.627069175552406826e-12
5.800000000000000000e+01 0.000000000000000000e+00 0.000000000000000000e+00 9.309235420981925148e-12
5.900000000000000000e+01 0.000000000000000000e+00 0.000000000000000000e+00 9.007284608480873800e-12
6.000000000000000000e+01 0.000000000000000000e+00 0.000000000000000000e+00 8.720174182067673065e-12
6.100000000000000000e+01 0.000000000000000000e+00 0.000000000000000000e+00 8.446946932600996487e-12
6.200000000000000000e+01 0.000000000000000000e+00 0.000000000000000000e+00 8.186720477282347162e-12
6.300000000000000000e+01 0.000000000000000000e+00 0.000000000000000000e+00 7.938682537191018664e-12
6.400000000000000000e+01 0.000000000000000000e+00 0.000000000000000000e+00 7.702082251262573187e-12
6.500000000000000000e+01 0.000000000000000000e+00 0.000000000000000000e+00 7.476226709857500914e-12
6.600000000000000000e+01 0.000000000000000000e+00 0.000000000000000000e+00 7.260473729483275087e-12
6.700000000000000000e+01 0.000000000000000000e+00 0.000000000000000000e+00 7.054229311731709083e-12
6.800000000000000000e+01 0.000000000000000000e+00 0.000000000000000000e+00 6.856941615829814126e-12
6.900000000000000000e+01 0.000000000000000000e+00 0.000000000000000000e+00 6.668099099458263056e-12
7.000000000000000000e+01 0.000000000000000000e+00 0.000000000000000000e+00 6.487225416386186397e-12
7.100000000000000000e+01 0.000000000000000000e+00 0.000000000000000000e+00 6.313878124163684737e-12
7.200000000000000000e+01 0.000000000000000000e+00 0.000000000000000000e+00 6.147644306923668035e-12
7.300000000000000000e+01 0.000000000000000000e+00 0.000000000000000000e+00 5.988139717060784106e-12
7.400000000000000000e+01 0.000000000000000000e+00 0.000000000000000000e+00 5.835005001173518606e-12
7.500000000000000000e+01 0.000000000000000000e+00 0.000000000000000000e+00 5.687905147721293685e-12
7.600000000000000000e+01 0.000000000000000000e+00 0.000000000000000000e+00 5.546526237601728316e-12
7.700000000000000000e+01 0.000000000000000000e+00 0.000000000000000000e+00 5.410575124698647528e-12
7.800000000000000000e+01 0.000000000000000000e+00 0.000000000000000000e+00 5.279776597776918582e-12
7.900000000000000000e+01 0.000000000000000000e+00 0.000000000000000000e+00 5.153873244274096249e-12
8.000000000000000000e+01 0.000000000000000000e+00 0.000000000000000000e+00 5.032622976566944751e-12
8.100000000000000000e+01 0.000000000000000000e+00 0.000000000000000000e+00 4.915799020956913184e-12
8.200000000000000000e+01 0.000000000000000000e+00 0.000000000000000000e+00 4.803187736613075137e-12
8.300000000000000000e+01 0.000000000000000000e+00 0.000000000000000000e+00 4.694588713999420922e-12
8.400000000000000000e+01 0.000000000000000000e+00 0.000000000000000000e+00 4.589812837521979488e-12
8.500000000000000000e+01 0.000000000000000000e+00 0.000000000000000000e+00 4.488682467218123126e-12
8.600000000000000000e+01 0.000000000000000000e+00 0.000000000000000000e+00 4.391029713359118303e-12
8.700000000000000000e+01 0.000000000000000000e+00 0.000000000000000000e+00 4.296696674513147823e-12
8.800000000000000000e+01 0.000000000000000000e+00 0.000000000000000000e+00 4.205533881854019736e-12
8.900000000000000000e+01 0.000000000000000000e+00 0.000000000000000000e+00 4.117400600367757460e-12
9.000000000000000000e+01 0.000000000000000000e+00 0.000000000000000000e+00 4.032163408748777127e-12
9.100000000000000000e+01 0.000000000000000000e+00 0.000000000000000000e+00 3.949696543088839794e-12
9.200000000000000000e+01 0.000000000000000000e+00 0.000000000000000000e+00 3.869880608645123084e-12
9.300000000000000000e+01 0.000000000000000000e+00 0.000000000000000000e+00 3.792602940878324665e-12
9.400000000000000000e+01 0.000000000000000000e+00 0.000000000000000000e+00 3.717756438543283634e-12
9.500000000000000000e+01 0.000000000000000000e+00 0.000000000000000000e+00 3.645239928228563764e-12
9.600000000000000000e+01 0.000000000000000000e+00 0.000000000000000000e+00 3.574957110359649460e-12
9.700000000000000000e+01 0.000000000000000000e+00 0.000000000000000000e+00 3.506816932353865905e-12
9.800000000000000000e+01 0.000000000000000000e+00 0.000000000000000000e+00 3.440732612962749306e-12
9.900000000000000000e+01 0.000000000000000000e+00 0.000000000000000000e+00 3.376622025613211205e-12
1.000000000000000000e+02 0.000000000000000000e+00 0.000000000000000000e+00 3.314406801258890517e-12
1.010000000000000000e+02 0.000000000000000000e+00 0.000000000000000000e+00 3.254012708697027174e-12
1.020000000000000000e+02 0.000000000000000000e+00 0.000000000000000000e+00 3.195368825971748674e-12
1.030000000000000000e+02 0.000000000000000000e+00 0.000000000000000000e+00 3.138407926357998090e-12
1.040000000000000000e+02 0.000000000000000000e+00 0.000000000000000000e+00 3.083065705223225567e-12
1.050000000000000000e+02 0.000000000000000000e+00 0.000000000000000000e+00 3.029281155012455665e-12
1.060000000000000000e+02 0.000000000000000000e+00 0.000000000000000000e+00 2.976995860870255044e-12
1.070000000000000000e+02 0.000000000000000000e+00 0.000000000000000000e+00 2.926154359772169276e-12
1.080000000000000000e+02 0.000000000000000000e+00 0.000000000000000000e+00 2.876703486360570868e-12
1.090000000000000000e+02 0.000000000000000000e+00 0.000000000000000000e+00 2.828592729519386221e-12
1.100000000000000000e+02 0.000000000000000000e+00 0.000000000000000000e+00 2.781773616889279870e-12
1.110000000000000000e+02 0.000000000000000000e+00 0.000000000000000000e+00 2.736200070391909726e-12
1.120000000000000000e+02 0.000000000000000000e+00 0.000000000000000000e+00 2.691827819064963563e-12
1.130000000000000000e+02 0.000000000000000000e+00 0.000000000000000000e+00 2.648614757089077068e-12
1.140000000000000000e+02 0.000000000000000000e+00 0.000000000000000000e+00 2.606520389060350923e-12
1.150000000000000000e+02 0.000000000000000000e+00 0.000000000000000000e+00 2.565506174540043003e-12
1.160000000000000000e+02 0.000000000000000000e+00 0.000000000000000000e+00 2.525535013345712315e-12
1.170000000000000000e+02 0.000000000000000000e+00 0.000000000000000000e+00 2.486571576215235026e-12
1.180000000000000000e+02 0.000000000000000000e+00 0.000000000000000000e+00 2.448581818803293871e-12
1.190000000000000000e+02 0.000000000000000000e+00 0.000000000000000000e+00 2.411533306283590091e-12
1.200000000000000000e+02 0.000000000000000000e+00 0.000000000000000000e+00 2.375394755945548015e-12
1.210000000000000000e+02 0.000000000000000000e+00 0.000000000000000000e+00 2.340136346850339046e-12
1.220000000000000000e+02 0.000000000000000000e+00 0.000000000000000000e+00 2.305729291762243697e-12
1.230000000000000000e+02 0.000000000000000000e+00 0.000000000000000000e+00 2.272146134778121763e-12
1.240000000000000000e+02 0.000000000000000000e+00 0.000000000000000000e+00 2.239360349133340155e-12
1.250000000000000000e+02 0.000000000000000000e+00 0.000000000000000000e+00 2.207346622457125174e-12
1.260000000000000000e+02 0.000000000000000000e+00 0.000000000000000000e+00 2.176080477731440073e-12
1.270000000000000000e+02 0.000000000000000000e+00 0.000000000000000000e+00 2.145538549376838290e-12
1.280000000000000000e+02 0.000000000000000000e+00 0.000000000000000000e+00 2.115698222321095763e-12
1.290000000000000000e+02 0.000000000000000000e+00 0.000000000000000000e+00 2.086537901481058518e-12
1.300000000000000000e+02 0.000000000000000000e+00 0.000000000000000000e+00 2.058036665869563114e-12
1.310000000000000000e+02 0.000000000000000000e+00 0.000000000000000000e+00 2.030174532747339093e-12
1.320000000000000000e+02 0.000000000000000000e+00 0.000000000000000000e+00 2.002932123487344996e-12
1.330000000000000000e+02 0.000000000000000000e+00 0.000000000000000000e+00 1.976290925855935218e-12
1.340000000000000000e+02 0.000000000000000000e+00 0.000000000000000000e+00 1.950232970415101001e-12
1.350000000000000000e+02 0.000000000000000000e+00 0.000000000000000000e+00 1.924741086725610270e-12
1.360000000000000000e+02 0.000000000000000000e+00 0.000000000000000000e+00 1.899798593692335494e-12
1.370000000000000000e+02 0.000000000000000000e+00 0.000000000000000000e+00 1.875389546270905707e-12
1.380000000000000000e+02 0.000000000000000000e+00 0.000000000000000000e+00 1.851498442819080566e-12
1.390000000000000000e+02 0.000000000000000000e+00 0.000000000000000000e+00 1.828110460467912723e-12
1.400000000000000000e+02 0.000000000000000000e+00 0.000000000000000000e+00 1.805211178467413709e-12
1.410000000000000000e+02 0.000000000000000000e+00 0.000000000000000000e+00 1.782786802701321556e-12
1.420000000000000000e+02 0.000000000000000000e+00 0.000000000000000000e+00 1.760823904052849154e-12
1.430000000000000000e+02 0.000000000000000000e+00 0.000000000000000000e+00 1.739309632805020566e-12
1.440000000000000000e+02 0.000000000000000000e+00 0.000000000000000000e+00 1.718231469066511776e-12
1.450000000000000000e+02 0.000000000000000000e+00 0.000000000000000000e+00 1.697577432575832646e-12
1.460000000000000000e+02 0.000000000000000000e+00 0.000000000000000000e+00 1.677335840720997503e-12
1.470000000000000000e+02 0.000000000000000000e+00 0.000000000000000000e+00 1.657495511320902494e-12
1.480000000000000000e+02 0.000000000000000000e+00 0.000000000000000000e+00 1.638045532024073555e-12
1.490000000000000000e+02 0.000000000000000000e+00 0.000000000000000000e+00 1.618975457590237001e-12
1.500000000000000000e+02 0.000000000000000000e+00 0.000000000000000000e+00 1.600275085452149517e-12
1.510000000000000000e+02 0.000000000000000000e+00 0.000000000000000000e+00 1.581934649022129096e-12
1.520000000000000000e+02 0.000000000000000000e+00 0.000000000000000000e+00 1.563944601248589682e-12
1.530000000000000000e+02 0.000000000000000000e+00 0.000000000000000000e+00 1.546295801026525671e-12
1.540000000000000000e+02 0.000000000000000000e+00 0.000000000000000000e+00 1.528979306284567524e-12
1.550000000000000000e+02 0.000000000000000000e+00 0.000000000000000000e+00 1.511986555324505391e-12
1.560000000000000000e+02 0.000000000000000000e+00 0.000000000000000000e+00 1.495309165533460267e-12
1.570000000000000000e+02 0.000000000000000000e+00 0.000000000000000000e+00 1.478939110491050367e-12
1.580000000000000000e+02 0.000000000000000000e+00 0.000000000000000000e+00 1.462868525019184252e-12
1.590000000000000000e+02 0.000000000000000000e+00 0.000000000000000000e+00 1.447089878811217078e-12
1.600000000000000000e+02 0.000000000000000000e+00 0.000000000000000000e+00 1.431595786143754052e-12
1.610000000000000000e+02 0.000000000000000000e+00 0.000000000000000000e+00 1.416379176032819205e-12
1.620000000000000000e+02 0.000000000000000000e+00 0.000000000000000000e+00 1.401433107790597630e-12
1.630000000000000000e+02 0.000000000000000000e+00 0.000000000000000000e+00 1.386750936206135293e-12
1.640000000000000000e+02 0.000000000000000000e+00 0.000000000000000000e+00 1.372326133482210152e-12
1.650000000000000000e+02 0.000000000000000000e+00 0.000000000000000000e+00 1.358152449790694249e-12
1.660000000000000000e+02 0.000000000000000000e+00 0.000000000000000000e+00 1.344223741228899140e-12
1.670000000000000000e+02 0.000000000000000000e+00 0.000000000000000000e+00 1.330534125299345420e-12
1.680000000000000000e+02 0.000000000000000000e+00 0.000000000000000000e+00 1.317077814789414830e-12
1.690000000000000000e+02 0.000000000000000000e+00 0.000000000000000000e+00 1.303849269324425363e-12
1.700000000000000000e+02 0.000000000000000000e+00 0.000000000000000000e+00 1.290843033076312116e-12
1.710000000000000000e+02 0.000000000000000000e+00 0.000000000000000000e+00 1.278053884376287535e-12
1.720000000000000000e+02 0.000000000000000000e+00 0.000000000000000000e+00 1.265476676849599149e-12
1.730000000000000000e+02 0.000000000000000000e+00 0.000000000000000000e+00 1.253106484427760622e-12
1.740000000000000000e+02 0.000000000000000000e+00 0.000000000000000000e+00 1.240938449954258563e-12
1.750000000000000000e+02 0.000000000000000000e+00 0.000000000000000000e+00 1.228967923426026530e-12
1.760000000000000000e+02 0.000000000000000000e+00 0.000000000000000000e+00 1.217190317104551938e-12
1.770000000000000000e+02 0.000000000000000000e+00 0.000000000000000000e+00 1.205601239166205438e-12
1.780000000000000000e+02 0.000000000000000000e+00 0.000000000000000000e+00 1.194196352878098215e-12
1.790000000000000000e+02 0.000000000000000000e+00 0.000000000000000000e+00 1.182971507853840218e-12
1.800000000000000000e+02 0.000000000000000000e+00 0.000000000000000000e+00 1.171922602110028494e-12
1.810000000000000000e+02 0.000000000000000000e+00 0.000000000000000000e+00 1.161045710726281151e-12
1.820000000000000000e+02 0.000000000000000000e+00 0.000000000000000000e+00 1.150336951368342505e-12
1.830000000000000000e+02 0.000000000000000000e+00 0.000000000000000000e+00 1.139792610165843155e-12
1.840000000000000000e+02 0.000000000000000000e+00 0.000000000000000000e+00 1.129409010324929353e-12
1.850000000000000000e+02 0.000000000000000000e+00 0.000000000000000000e+00 1.119182635988288849e-12
1.860000000000000000e+02 0.000000000000000000e+00 0.000000000000000000e+00 1.109110003024375385e-12
1.870000000000000000e+02 0.000000000000000000e+00 0.000000000000000000e+00 1.099187780934473224e-12
1.880000000000000000e+02 0.000000000000000000e+00 0.000000000000000000e+00 1.089412666364373577e-12
1.890000000000000000e+02 0.000000000000000000e+00 0.000000000000000000e+00 1.079781502622402383e-12
1.900000000000000000e+02 0.000000000000000000e+00 0.000000000000000000e+00 1.070291156399109138e-12
1.910000000000000000e+02 0.000000000000000000e+00 0.000000000000000000e+00 1.060938634134408824e-12
1.920000000000000000e+02 0.000000000000000000e+00 0.000000000000000000e+00 1.051720961810411912e-12
1.930000000000000000e+02 0.000000000000000000e+00 0.000000000000000000e+00 1.042635299156217615e-12
1.940000000000000000e+02 0.000000000000000000e+00 0.000000000000000000e+00 1.033678822371011019e-12
1.950000000000000000e+02 0.000000000000000000e+00 0.000000000000000000e+00 1.024848835269155437e-12
1.960000000000000000e+02 0.000000000000000000e+00 0.000000000000000000e+00 1.016142655055349518e-12
1.970000000000000000e+02 0.000000000000000000e+00 0.000000000000000000e+00 1.007557721504110669e-12
1.980000000000000000e+02 0.000000000000000000e+00 0.000000000000000000e+00 9.990914846416571857e-13
1.990000000000000000e+02 0.000000000000000000e+00 0.000000000000000000e+00 9.907415119136623749e-13
2.000000000000000000e+02 0.000000000000000000e+00 0.000000000000000000e+00 9.825053789400817618e-13
2.010000000000000000e+02 0.000000000000000000e+00 0.000000000000000000e+00 9.743807736138593357e-13
2.020000000000000000e+02 0.000000000000000000e+00 0.000000000000000000e+00 9.663653898732058293e-13
2.030000000000000000e+02 0.000000000000000000e+00 0.000000000000000000e+00 9.584570289756901704e-13
2.040000000000000000e+02 0.000000000000000000e+00 0.000000000000000000e+00 9.506534968741042503e-13
2.050000000000000000e+02 0.000000000000000000e+00 0.000000000000000000e+00 9.429527022972963221e-13
2.060000000000000000e+02 0.000000000000000000e+00 0.000000000000000000e+00 9.353525565669748729e-13
2.070000000000000000e+02 0.000000000000000000e+00 0.000000000000000000e+00 9.278510696532839962e-13
2.080000000000000000e+02 0.000000000000000000e+00 0.000000000000000000e+00 9.204462528790480016e-13
2.090000000000000000e+02 0.000000000000000000e+00 0.000000000000000000e+00 9.131362120966021495e-13
2.100000000000000000e+02 0.000000000000000000e+00 0.000000000000000000e+00 9.059190528782151271e-13
2.110000000000000000e+02 0.000000000000000000e+00 0.000000000000000000e+00 8.987929720932995968e-13
2.120000000000000000e+02 0.000000000000000000e+00 0.000000000000000000e+00 8.917561646671625511e-13
2.130000000000000000e+02 0.000000000000000000e+00 0.000000000000000000e+00 8.848069133046420392e-13
2.140000000000000000e+02 0.000000000000000000e+00 0.000000000000000000e+00 8.779434974816998130e-13
2.150000000000000000e+02 0.000000000000000000e+00 0.000000000000000000e+00 8.711642818581868106e-13
2.160000000000000000e+02 0.000000000000000000e+00 0.000000000000000000e+00 8.644676259432374182e-13
2.170000000000000000e+02 0.000000000000000000e+00 0.000000000000000000e+00 8.578519716840307873e-13
2.180000000000000000e+02 0.000000000000000000e+00 0.000000000000000000e+00 8.513157552142798297e-13
2.190000000000000000e+02 0.000000000000000000e+00 0.000000000000000000e+00 8.448574917139561771e-13
2.200000000000000000e+02 0.000000000000000000e+00 0.000000000000000000e+00 8.384756896255591400e-13
2.210000000000000000e+02 0.000000000000000000e+00 0.000000000000000000e+00 8.321689340675100144e-13
2.220000000000000000e+02 0.000000000000000000e+00 0.000000000000000000e+00 8.259358020868341215e-13
2.230000000000000000e+02 0.000000000000000000e+00 0.000000000000000000e+00 8.197749450129373559e-13
2.240000000000000000e+02 0.000000000000000000e+00 0.000000000000000000e+00 8.136850055431069020e-13
2.250000000000000000e+02 0.000000000000000000e+00 0.000000000000000000e+00 8.076646978534395530e-13
2.260000000000000000e+02 0.000000000000000000e+00 0.000000000000000000e+00 8.017127270469064710e-13
2.270000000000000000e+02 0.000000000000000000e+00 0.000000000000000000e+00 7.958278672549543811e-13
2.280000000000000000e+02 0.000000000000000000e+00 0.000000000000000000e+00 7.900088828558353930e-13
2.290000000000000000e+02 0.000000000000000000e+00 0.000000000000000000e+00 7.842546051703896017e-13
2.300000000000000000e+02 0.000000000000000000e+00 0.000000000000000000e+00 7.785638551679821974e-13
2.310000000000000000e+02 0.000000000000000000e+00 0.000000000000000000e+00 7.729355188806621991e-13
2.320000000000000000e+02 0.000000000000000000e+00 0.000000000000000000e+00 7.673684709276125528e-13
2.330000000000000000e+02 0.000000000000000000e+00 0.000000000000000000e+00 7.618616494819642981e-13
2.340000000000000000e+02 0.000000000000000000e+00 0.000000000000000000e+00 7.564139807490265045e-13
2.350000000000000000e+02 0.000000000000000000e+00 0.000000000000000000e+00 7.510244523023689925e-13
2.360000000000000000e+02 0.000000000000000000e+00 0.000000000000000000e+00 7.456920395787007304e-13
2.370000000000000000e+02 0.000000000000000000e+00 0.000000000000000000e+00 7.404157774675683964e-13
2.380000000000000000e+02 0.000000000000000000e+00 0.000000000000000000e+00 7.351946885250636826e-13
2.390000000000000000e+02 0.000000000000000000e+00 0.000000000000000000e+00 7.300278527958586980e-13
2.400000000000000000e+02 0.000000000000000000e+00 0.000000000000000000e+00 7.249143378370042743e-13
2.410000000000000000e+02 0.000000000000000000e+00 0.000000000000000000e+00 7.198532669525826499e-13
2.420000000000000000e+02 0.000000000000000000e+00 0.000000000000000000e+00 7.148437507920996074e-13
2.430000000000000000e+02 0.000000000000000000e+00 0.000000000000000000e+00 7.098849537376277453e-13
2.440000000000000000e+02 0.000000000000000000e+00 0.000000000000000000e+00 7.049760277066621095e-13
2.450000000000000000e+02 0.000000000000000000e+00 0.000000000000000000e+00 7.001161767659203064e-13
2.460000000000000000e+02 0.000000000000000000e+00 0.000000000000000000e+00 6.953045920102879146e-13
2.470000000000000000e+02 0.000000000000000000e+00 0.000000000000000000e+00 6.905405154860139659e-13
2.480000000000000000e+02 0.000000000000000000e+00 0.000000000000000000e+00 6.858231759661083985e-13
2.490000000000000000e+02 0.000000000000000000e+00 0.000000000000000000e+00 6.811518518499386886e-13
2.500000000000000000e+02 0.000000000000000000e+00 0.000000000000000000e+00 6.765258079416616470e-13
2.510000000000000000e+02 0.000000000000000000e+00 0.000000000000000000e+00 6.719443573077330279e-13
2.520000000000000000e+02 0.000000000000000000e+00 0.000000000000000000e+00 6.674067994848259683e-13
2.530000000000000000e+02 0.000000000000000000e+00 0.000000000000000000e+00 6.629124806697117654e-13
2.540000000000000000e+02 0.000000000000000000e+00 0.000000000000000000e+00 6.584607333585590327e-13
2.550000000000000000e+02 0.000000000000000000e+00 0.000000000000000000e+00 6.540509359002129659e-13
2.560000000000000000e+02 0.000000000000000000e+00 0.000000000000000000e+00 6.496824523125404325e-13
2.570000000000000000e+02 0.000000000000000000e+00 0.000000000000000000e+00 6.453546913063550453e-13
2.580000000000000000e+02 0.000000000000000000e+00 0.000000000000000000e+00 6.410670472488156875e-13
2.590000000000000000e+02 0.000000000000000000e+00 0.000000000000000000e+00 6.368189579903656026e-13
2.600000000000000000e+02 0.000000000000000000e+00 0.000000000000000000e+00 6.326098468410686109e-13
2.610000000000000000e+02 0.000000000000000000e+00 0.000000000000000000e+00 6.284391795981146904e-13
2.620000000000000000e+02 0.000000000000000000e+00 0.000000000000000000e+00 6.243064072927070427e-13
2.630000000000000000e+02 0.000000000000000000e+00 0.000000000000000000e+00 6.202110221792974765e-13
2.640000000000000000e+02 0.000000000000000000e+00 0.000000000000000000e+00 6.161525018125802009e-13
2.650000000000000000e+02 0.000000000000000000e+00 0.000000000000000000e+00 6.121303638199621989e-13
2.660000000000000000e+02 0.000000000000000000e+00 0.000000000000000000e+00 6.081441110071609586e-13
2.670000000000000000e+02 0.000000000000000000e+00 0.000000000000000000e+00 6.041932852203583417e-13
2.680000000000000000e+02 0.000000000000000000e+00 0.000000000000000000e+00 6.002774132630848826e-13
2.690000000000000000e+02 0.000000000000000000e+00 0.000000000000000000e+00 5.963960600744044425e-13
2.700000000000000000e+02 0.000000000000000000e+00 0.000000000000000000e+00 5.925487753939651980e-13
2.710000000000000000e+02 0.000000000000000000e+00 0.000000000000000000e+00 5.887351458735497384e-13
2.720000000000000000e+02 0.000000000000000000e+00 0.000000000000000000e+00 5.849547430418770102e-13
2.730000000000000000e+02 0.000000000000000000e+00 0.000000000000000000e+00 5.812071741965682046e-13
2.740000000000000000e+02 0.000000000000000000e+00 0.000000000000000000e+00 5.774920315721219800e-13
2.750000000000000000e+02 0.000000000000000000e+00 0.000000000000000000e+00 5.738089420548108198e-13
2.760000000000000000e+02 0.000000000000000000e+00 0.000000000000000000e+00 5.701575173817258818e-13
2.770000000000000000e+02 0.000000000000000000e+00 0.000000000000000000e+00 5.665374029923340861e-13
2.780000000000000000e+02 0.000000000000000000e+00 0.000000000000000000e+00 5.629482289749427473e-13
2.790000000000000000e+02 0.000000000000000000e+00 0.000000000000000000e+00 5.593896581661651066e-13
2.800000000000000000e+02 0.000000000000000000e+00 0.000000000000000000e+00 5.558613378970101221e-13
2.810000000000000000e+02 0.000000000000000000e+00 0.000000000000000000e+00 5.523629474979369418e-13
2.820000000000000000e+02 0.000000000000000000e+00 0.000000000000000000e+00 5.488941504739914236e-13
2.830000000000000000e+02 0.000000000000000000e+00 0.000000000000000000e+00 5.454546414646017677e-13
2.840000000000000000e+02 0.000000000000000000e+00 0.000000000000000000e+00 5.420440991950341393e-13
2.850000000000000000e+02 0.000000000000000000e+00 0.000000000000000000e+00 5.386622325380846245e-13
2.860000000000000000e+02 0.000000000000000000e+00 0.000000000000000000e+00 5.353087344301011587e-13
2.870000000000000000e+02 0.000000000000000000e+00 0.000000000000000000e+00 5.319833268638074779e-13
2.880000000000000000e+02 0.000000000000000000e+00 0.000000000000000000e+00 5.286857160173624936e-13
2.890000000000000000e+02 0.000000000000000000e+00 0.000000000000000000e+00 5.254156361155820822e-13
2.900000000000000000e+02 0.000000000000000000e+00 0.000000000000000000e+00 5.221728055228702650e-13
2.910000000000000000e+02 0.000000000000000000e+00 0.000000000000000000e+00 5.189569697121192049e-13
2.920000000000000000e+02 0.000000000000000000e+00 0.000000000000000000e+00 5.157678583085998132e-13
2.930000000000000000e+02 0.000000000000000000e+00 0.000000000000000000e+00 5.126052271826241330e-13
2.940000000000000000e+02 0.000000000000000000e+00 0.000000000000000000e+00 5.094688162318773051e-13
2.950000000000000000e+02 0.000000000000000000e+00 0.000000000000000000e+00 5.063583907719815283e-13
2.960000000000000000e+02 0.000000000000000000e+00 0.000000000000000000e+00 5.032737001625854700e-13
2.970000000000000000e+02 0.000000000000000000e+00 0.000000000000000000e+00 5.002145182502473315e-13
2.980000000000000000e+02 0.000000000000000000e+00 0.000000000000000000e+00 4.971806030297737125e-13
2.990000000000000000e+02 0.000000000000000000e+00 0.000000000000000000e+00 4.941717361310297147e-13
3.000000000000000000e+02 0.000000000000000000e+00 0.000000000000000000e+00 4.911876832080062069e-13
3.010000000000000000e+02 0.000000000000000000e+00 0.000000000000000000e+00 4.882282330160279012e-13
3.020000000000000000e+02 0.000000000000000000e+00 0.000000000000000000e+00 4.852931580960712873e-13
3.030000000000000000e+02 0.000000000000000000e+00 0.000000000000000000e+00 4.823822534140276280e-13
3.040000000000000000e+02 0.000000000000000000e+00 0.000000000000000000e+00 4.794952977758578864e-13
3.050000000000000000e+02 0.000000000000000000e+00 0.000000000000000000e+00 4.766320918196053699e-13
3.060000000000000000e+02 0.000000000000000000e+00 0.000000000000000000e+00 4.737924198707501890e-13
3.070000000000000000e+02 0.000000000000000000e+00 0.000000000000000000e+00 4.709760875169016079e-13
3.080000000000000000e+02 0.000000000000000000e+00 0.000000000000000000e+00 4.681828840631797473e-13
3.090000000000000000e+02 0.000000000000000000e+00 0.000000000000000000e+00 4.654126194084811354e-13
3.100000000000000000e+02 0.000000000000000000e+00 0.000000000000000000e+00 4.626650872981944647e-13
3.110000000000000000e+02 0.000000000000000000e+00 0.000000000000000000e+00 4.599401014678448351e-13
3.120000000000000000e+02 0.000000000000000000e+00 0.000000000000000000e+00 4.572374595241068038e-13
3.130000000000000000e+02 0.000000000000000000e+00 0.000000000000000000e+00 4.545569785107983263e-13
3.140000000000000000e+02 0.000000000000000000e+00 0.000000000000000000e+00 4.518984594169955136e-13
3.150000000000000000e+02 0.000000000000000000e+00 0.000000000000000000e+00 4.492617222375730742e-13
3.160000000000000000e+02 0.000000000000000000e+00 0.000000000000000000e+00 4.466465710635210873e-13
3.170000000000000000e+02 0.000000000000000000e+00 0.000000000000000000e+00 4.440528283303826534e-13
3.180000000000000000e+02 0.000000000000000000e+00 0.000000000000000000e+00 4.414803008019425409e-13
3.190000000000000000e+02 0.000000000000000000e+00 0.000000000000000000e+00 4.389288131488859309e-13
3.200000000000000000e+02 0.000000000000000000e+00 0.000000000000000000e+00 4.363981745526059514e-13
3.210000000000000000e+02 0.000000000000000000e+00 0.000000000000000000e+00 4.338882116723045302e-13
3.220000000000000000e+02 0.000000000000000000e+00 0.000000000000000000e+00 4.313987358153297925e-13
3.230000000000000000e+02 0.000000000000000000e+00 0.000000000000000000e+00 4.289295754367852685e-13
3.240000000000000000e+02 0.000000000000000000e+00 0.000000000000000000e+00 4.264805438272784573e-13
3.250000000000000000e+02 0.000000000000000000e+00 0.000000000000000000e+00 4.240514710716883111e-13
3.260000000000000000e+02 0.000000000000000000e+00 0.000000000000000000e+00 4.216421722330332438e-13
3.270000000000000000e+02 0.000000000000000000e+00 0.000000000000000000e+00 4.192524788726821363e-13
3.280000000000000000e+02 0.000000000000000000e+00 0.000000000000000000e+00 4.168822077767798723e-13
3.290000000000000000e+02 0.000000000000000000e+00 0.000000000000000000e+00 4.145311919514333194e-13
3.300000000000000000e+02 0.000000000000000000e+00 0.000000000000000000e+00 4.121992498442870582e-13
3.310000000000000000e+02 0.000000000000000000e+00 0.000000000000000000e+00 4.098862158636649517e-13
3.320000000000000000e+02 0.000000000000000000e+00 0.000000000000000000e+00 4.075919100633881215e-13
3.330000000000000000e+02 0.000000000000000000e+00 0.000000000000000000e+00 4.053161682597914264e-13
3.340000000000000000e+02 0.000000000000000000e+00 0.000000000000000000e+00 4.030588120863194452e-13
3.350000000000000000e+02 0.000000000000000000e+00 0.000000000000000000e+00 4.008196788158824810e-13
3.360000000000000000e+02 0.000000000000000000e+00 0.000000000000000000e+00 3.985985917933033361e-13
3.370000000000000000e+02 0.000000000000000000e+00 0.000000000000000000e+00 3.963953897224510078e-13
3.380000000000000000e+02 0.000000000000000000e+00 0.000000000000000000e+00 3.942098977193705955e-13
3.390000000000000000e+02 0.000000000000000000e+00 0.000000000000000000e+00 3.920419559810299171e-13
3.400000000000000000e+02 0.000000000000000000e+00 0.000000000000000000e+00 3.898913915125707676e-13
3.410000000000000000e+02 0.000000000000000000e+00 0.000000000000000000e+00 3.877580460928230707e-13
3.420000000000000000e+02 0.000000000000000000e+00 0.000000000000000000e+00 3.856417486880878237e-13
3.430000000000000000e+02 0.000000000000000000e+00 0.000000000000000000e+00 3.835423428309038789e-13
3.440000000000000000e+02 0.000000000000000000e+00 0.000000000000000000e+00 3.814596595121259140e-13
3.450000000000000000e+02 0.000000000000000000e+00 0.000000000000000000e+00 3.793935441282239810e-13
3.460000000000000000e+02 0.000000000000000000e+00 0.000000000000000000e+00 3.773438297667399294e-13
3.470000000000000000e+02 0.000000000000000000e+00 0.000000000000000000e+00 3.753103638654973762e-13
3.480000000000000000e+02 0.000000000000000000e+00 0.000000000000000000e+00 3.732929817540136803e-13
3.490000000000000000e+02 0.000000000000000000e+00 0.000000000000000000e+00 3.712915329747216115e-13
3.500000000000000000e+02 0.000000000000000000e+00 0.000000000000000000e+00 3.693058552237349769e-13
3.510000000000000000e+02 0.000000000000000000e+00 0.000000000000000000e+00 3.673358003144073691e-13
3.520000000000000000e+02 0.000000000000000000e+00 0.000000000000000000e+00 3.653812084163778390e-13
3.530000000000000000e+02 0.000000000000000000e+00 0.000000000000000000e+00 3.634419337104423892e-13
3.540000000000000000e+02 0.000000000000000000e+00 0.000000000000000000e+00 3.615178189632875025e-13
3.550000000000000000e+02 0.000000000000000000e+00 0.000000000000000000e+00 3.596087208426544514e-13
3.560000000000000000e+02 0.000000000000000000e+00 0.000000000000000000e+00 3.577144848641322437e-13
3.570000000000000000e+02 0.000000000000000000e+00 0.000000000000000000e+00 3.558349703016625415e-13
3.580000000000000000e+02 0.000000000000000000e+00 0.000000000000000000e+00 3.539700254501882214e-13
3.590000000000000000e+02 0.000000000000000000e+00 0.000000000000000000e+00 3.521195122750696181e-13
3.600000000000000000e+02 0.000000000000000000e+00 0.000000000000000000e+00 3.502832820522752501e-13
3.610000000000000000e+02 0.000000000000000000e+00 0.000000000000000000e+00 3.484611994761650545e-13
3.620000000000000000e+02 0.000000000000000000e+00 0.000000000000000000e+00 3.466531188056050509e-13
3.630000000000000000e+02 0.000000000000000000e+00 0.000000000000000000e+00 3.448589076504277645e-13
3.640000000000000000e+02 0.000000000000000000e+00 0.000000000000000000e+00 3.430784233214384790e-13
3.650000000000000000e+02 0.000000000000000000e+00 0.000000000000000000e+00 3.413115363234067308e-13
3.660000000000000000e+02 0.000000000000000000e+00 0.000000000000000000e+00 3.395581070722248358e-13
3.670000000000000000e+02 0.000000000000000000e+00 0.000000000000000000e+00 3.378180090855614867e-13
3.680000000000000000e+02 0.000000000000000000e+00 0.000000000000000000e+00 3.360911059615618247e-13
3.690000000000000000e+02 0.000000000000000000e+00 0.000000000000000000e+00 3.343772741978607629e-13
3.700000000000000000e+02 0.000000000000000000e+00 0.000000000000000000e+00 3.326763806283162480e-13
3.710000000000000000e+02 0.000000000000000000e+00 0.000000000000000000e+00 3.309883048054497425e-13
3.720000000000000000e+02 0.000000000000000000e+00 0.000000000000000000e+00 3.293129167446946833e-13
3.730000000000000000e+02 0.000000000000000000e+00 0.000000000000000000e+00 3.276500990527187902e-13
3.740000000000000000e+02 0.000000000000000000e+00 0.000000000000000000e+00 3.259997249849434015e-13
3.750000000000000000e+02 0.000000000000000000e+00 0.000000000000000000e+00 3.243616802290022502e-13
3.760000000000000000e+02 0.000000000000000000e+00 0.000000000000000000e+00 3.227358412455518832e-13
3.770000000000000000e+02 0.000000000000000000e+00 0.000000000000000000e+00 3.211220967663504502e-13
3.780000000000000000e+02 0.000000000000000000e+00 0.000000000000000000e+00 3.195203264382243144e-13
3.790000000000000000e+02 0.000000000000000000e+00 0.000000000000000000e+00 3.179304219977613785e-13
3.800000000000000000e+02 0.000000000000000000e+00 0.000000000000000000e+00 3.163522662825828944e-13
3.810000000000000000e+02 0.000000000000000000e+00 0.000000000000000000e+00 3.147857540404563306e-13
3.820000000000000000e+02 0.000000000000000000e+00 0.000000000000000000e+00 3.132307712284318412e-13
3.830000000000000000e+02 0.000000000000000000e+00 0.000000000000000000e+00 3.116872155385194543e-13
3.840000000000000000e+02 0.000000000000000000e+00 0.000000000000000000e+00 3.101549760556179088e-13
3.850000000000000000e+02 0.000000000000000000e+00 0.000000000000000000e+00 3.086339533606451758e-13
3.860000000000000000e+02 0.000000000000000000e+00 0.000000000000000000e+00 3.071240395343105807e-13
3.870000000000000000e+02 0.000000000000000000e+00 0.000000000000000000e+00 3.056251380516437429e-13
3.880000000000000000e+02 0.000000000000000000e+00 0.000000000000000000e+00 3.041371439564465111e-13
3.890000000000000000e+02 0.000000000000000000e+00 0.000000000000000000e+00 3.026599634999665189e-13
3.900000000000000000e+02 0.000000000000000000e+00 0.000000000000000000e+00 3.011934946344980084e-13
3.910000000000000000e+02 0.000000000000000000e+00 0.000000000000000000e+00 2.997376463132679244e-13
3.920000000000000000e+02 0.000000000000000000e+00 0.000000000000000000e+00 2.982923192890770584e-13
3.930000000000000000e+02 0.000000000000000000e+00 0.000000000000000000e+00 2.968574251822218579e-13
3.940000000000000000e+02 0.000000000000000000e+00 0.000000000000000000e+00 2.954328674908917879e-13
3.950000000000000000e+02 0.000000000000000000e+00 0.000000000000000000e+00 2.940185603605021131e-13
3.960000000000000000e+02 0.000000000000000000e+00 0.000000000000000000e+00 2.926144099440178897e-13
3.970000000000000000e+02 0.000000000000000000e+00 0.000000000000000000e+00 2.912203328898441493e-13
3.980000000000000000e+02 0.000000000000000000e+00 0.000000000000000000e+00 2.898362378936719889e-13
3.990000000000000000e+02 0.000000000000000000e+00 0.000000000000000000e+00 2.884620439724499230e-13
4.000000000000000000e+02 0.000000000000000000e+00 0.000000000000000000e+00 2.870976623314898919e-13
4.010000000000000000e+02 0.000000000000000000e+00 0.000000000000000000e+00 2.857430142857564465e-13
4.020000000000000000e+02 0.000000000000000000e+00 0.000000000000000000e+00 2.843980134108304572e-13
4.030000000000000000e+02 0.000000000000000000e+00 0.000000000000000000e+00 2.830625832051150720e-13
4.040000000000000000e+02 0.000000000000000000e+00 0.000000000000000000e+00 2.817366395270811621e-13
4.050000000000000000e+02 0.000000000000000000e+00 0.000000000000000000e+00 2.804201080158058810e-13
4.060000000000000000e+02 0.000000000000000000e+00 0.000000000000000000e+00 2.791129067232855649e-13
4.070000000000000000e+02 0.000000000000000000e+00 0.000000000000000000e+00 2.778149632803933018e-13
4.080000000000000000e+02 0.000000000000000000e+00 0.000000000000000000e+00 2.765261978344591415e-13
4.090000000000000000e+02 0.000000000000000000e+00 0.000000000000000000e+00 2.752465399305968560e-13
4.100000000000000000e+02 0.000000000000000000e+00 0.000000000000000000e+00 2.739759117309728735e-13
4.110000000000000000e+02 0.000000000000000000e+00 0.000000000000000000e+00 2.727142446464695928e-13
4.120000000000000000e+02 0.000000000000000000e+00 0.000000000000000000e+00 2.714614627380670358e-13
4.130000000000000000e+02 0.000000000000000000e+00 0.000000000000000000e+00 2.702174991685233438e-13
4.140000000000000000e+02 0.000000000000000000e+00 0.000000000000000000e+00 2.689822798254583016e-13
4.150000000000000000e+02 0.000000000000000000e+00 0.000000000000000000e+00 2.677557395219231260e-13
4.160000000000000000e+02 0.000000000000000000e+00 0.000000000000000000e+00 2.665378059015850930e-13
4.170000000000000000e+02 0.000000000000000000e+00 0.000000000000000000e+00 2.653284153836447477e-13
4.180000000000000000e+02 0.000000000000000000e+00 0.000000000000000000e+00 2.641274972255111459e-13
4.190000000000000000e+02 0.000000000000000000e+00 0.000000000000000000e+00 2.629349893821232891e-13
4.200000000000000000e+02 0.000000000000000000e+00 0.000000000000000000e+00 2.617508226649524770e-13
4.210000000000000000e+02 0.000000000000000000e+00 0.000000000000000000e+00 2.605749364475021258e-13
4.220000000000000000e+02 0.000000000000000000e+00 0.000000000000000000e+00 2.594072630444549717e-13
4.230000000000000000e+02 0.000000000000000000e+00 0.000000000000000000e+00 2.582477431574831110e-13
4.240000000000000000e+02 0.000000000000000000e+00 0.000000000000000000e+00 2.570963105248454984e-13
4.250000000000000000e+02 0.000000000000000000e+00 0.000000000000000000e+00 2.559529071396255255e-13
4.260000000000000000e+02 0.000000000000000000e+00 0.000000000000000000e+00 2.548174680863992726e-13
4.270000000000000000e+02 0.000000000000000000e+00 0.000000000000000000e+00 2.536899365761362584e-13
4.280000000000000000e+02 0.000000000000000000e+00 0.000000000000000000e+00 2.525702489641714044e-13
4.290000000000000000e+02 0.000000000000000000e+00 0.000000000000000000e+00 2.514583495941438401e-13
4.300000000000000000e+02 0.000000000000000000e+00 0.000000000000000000e+00 2.503541760293805061e-13
4.310000000000000000e+02 0.000000000000000000e+00 0.000000000000000000e+00 2.492576737326142127e-13
4.320000000000000000e+02 0.000000000000000000e+00 0.000000000000000000e+00 2.481687813975800931e-13
4.330000000000000000e+02 0.000000000000000000e+00 0.000000000000000000e+00 2.470874455070988837e-13
4.340000000000000000e+02 0.000000000000000000e+00 0.000000000000000000e+00 2.460136058499965195e-13
4.350000000000000000e+02 0.000000000000000000e+00 0.000000000000000000e+00 2.449472098808557665e-13
4.360000000000000000e+02 0.000000000000000000e+00 0.000000000000000000e+00 2.438881984076693992e-13
4.370000000000000000e+02 0.000000000000000000e+00 0.000000000000000000e+00 2.428365198253735331e-13
4.380000000000000000e+02 0.000000000000000000e+00 0.000000000000000000e+00 2.417921159169985247e-13
4.390000000000000000e+02 0.000000000000000000e+00 0.000000000000000000e+00 2.407549359578044779e-13
4.400000000000000000e+02 0.000000000000000000e+00 0.000000000000000000e+00 2.397249226845805842e-13
4.410000000000000000e+02 0.000000000000000000e+00 0.000000000000000000e+00 2.387020261711342569e-13
4.420000000000000000e+02 0.000000000000000000e+00 0.000000000000000000e+00 2.376861900890276982e-13
4.430000000000000000e+02 0.000000000000000000e+00 0.000000000000000000e+00 2.366773652840713826e-13
4.440000000000000000e+02 0.000000000000000000e+00 0.000000000000000000e+00 2.356754962838508486e-13
4.450000000000000000e+02 0.000000000000000000e+00 0.000000000000000000e+00 2.346805346889551506e-13
4.460000000000000000e+02 0.000000000000000000e+00 0.000000000000000000e+00 2.336924258254449905e-13
4.470000000000000000e+02 0.000000000000000000e+00 0.000000000000000000e+00 2.327111220282688494e-13
4.480000000000000000e+02 0.000000000000000000e+00 0.000000000000000000e+00 2.317365693924820652e-13
4.490000000000000000e+02 0.000000000000000000e+00 0.000000000000000000e+00 2.307687209388264818e-13
4.500000000000000000e+02 0.000000000000000000e+00 0.000000000000000000e+00 2.298075234995472715e-13
4.510000000000000000e+02 0.000000000000000000e+00 0.000000000000000000e+00 2.288529307500850412e-13
4.520000000000000000e+02 0.000000000000000000e+00 0.000000000000000000e+00 2.279048902327878134e-13
4.530000000000000000e+02 0.000000000000000000e+00 0.000000000000000000e+00 2.269633562443487954e-13
4.540000000000000000e+02 0.000000000000000000e+00 0.000000000000000000e+00 2.260282770213931486e-13
4.550000000000000000e+02 0.000000000000000000e+00 0.000000000000000000e+00 2.250996074406331866e-13
4.560000000000000000e+02 0.000000000000000000e+00 0.000000000000000000e+00 2.241772963955091520e-13
4.570000000000000000e+02 0.000000000000000000e+00 0.000000000000000000e+00 2.232612993219931796e-13
4.580000000000000000e+02 0.000000000000000000e+00 0.000000000000000000e+00 2.223515657473223388e-13
4.590000000000000000e+02 0.000000000000000000e+00 0.000000000000000000e+00 2.214480516605960189e-13
4.600000000000000000e+02 0.000000000000000000e+00 0.000000000000000000e+00 2.205507071982198534e-13
4.610000000000000000e+02 0.000000000000000000e+00 0.000000000000000000e+00 2.196594888553647435e-13
4.620000000000000000e+02 0.000000000000000000e+00 0.000000000000000000e+00 2.187743473613222426e-13
4.630000000000000000e+02 0.000000000000000000e+00 0.000000000000000000e+00 2.178952397030367168e-13
4.640000000000000000e+02 0.000000000000000000e+00 0.000000000000000000e+00 2.170221171906419167e-13
4.650000000000000000e+02 0.000000000000000000e+00 0.000000000000000000e+00 2.161549372890982926e-13
4.660000000000000000e+02 0.000000000000000000e+00 0.000000000000000000e+00 2.152936518435750756e-13
4.670000000000000000e+02 0.000000000000000000e+00 0.000000000000000000e+00 2.144382187865436215e-13
4.680000000000000000e+02 0.000000000000000000e+00 0.000000000000000000e+00 2.135885904806239604e-13
4.690000000000000000e+02 0.000000000000000000e+00 0.000000000000000000e+00 2.127447253237715745e-13
4.700000000000000000e+02 0.000000000000000000e+00 0.000000000000000000e+00 2.119065761708371952e-13
4.710000000000000000e+02 0.000000000000000000e+00 0.000000000000000000e+00 2.110741018548419289e-13
4.720000000000000000e+02 0.000000000000000000e+00 0.000000000000000000e+00 2.102472557216777830e-13
4.730000000000000000e+02 0.000000000000000000e+00 0.000000000000000000e+00 2.094259970147455695e-13
4.740000000000000000e+02 0.000000000000000000e+00 0.000000000000000000e+00 2.086102795681092383e-13
4.750000000000000000e+02 0.000000000000000000e+00 0.000000000000000000e+00 2.078000630313361331e-13
4.760000000000000000e+02 0.000000000000000000e+00 0.000000000000000000e+00 2.069953016962819393e-13
4.770000000000000000e+02 0.000000000000000000e+00 0.000000000000000000e+00 2.061959556238184784e-13
4.780000000000000000e+02 0.000000000000000000e+00 0.000000000000000000e+00 2.054019795592529970e-13
4.790000000000000000e+02 0.000000000000000000e+00 0.000000000000000000e+00 2.046133339272107987e-13
4.800000000000000000e+02 0.000000000000000000e+00 0.000000000000000000e+00 2.038299739359624608e-13
4.810000000000000000e+02 0.000000000000000000e+00 0.000000000000000000e+00 2.030518603816266686e-13
4.820000000000000000e+02 0.000000000000000000e+00 0.000000000000000000e+00 2.022789489004719097e-13
4.830000000000000000e+02 0.000000000000000000e+00 0.000000000000000000e+00 2.015112006707464433e-13
4.840000000000000000e+02 0.000000000000000000e+00 0.000000000000000000e+00 2.007485717435483197e-13
4.850000000000000000e+02 0.000000000000000000e+00 0.000000000000000000e+00 1.999910236589825306e-13
4.860000000000000000e+02 0.000000000000000000e+00 0.000000000000000000e+00 1.992385128824550814e-13
4.870000000000000000e+02 0.000000000000000000e+00 0.000000000000000000e+00 1.984910013283877100e-13
4.880000000000000000e+02 0.000000000000000000e+00 0.000000000000000000e+00 1.977484458633695993e-13
4.890000000000000000e+02 0.000000000000000000e+00 0.000000000000000000e+00 1.970108087459485548e-13
4.900000000000000000e+02 0.000000000000000000e+00 0.000000000000000000e+00 1.962780472621652644e-13
4.910000000000000000e+02 0.000000000000000000e+00 0.000000000000000000e+00 1.955501240233565812e-13
4.920000000000000000e+02 0.000000000000000000e+00 0.000000000000000000e+00 1.948269967323827048e-13
4.930000000000000000e+02 0.000000000000000000e+00 0.000000000000000000e+00 1.941086283389274236e-13
4.940000000000000000e+02 0.000000000000000000e+00 0.000000000000000000e+00 1.933949769475068005e-13
4.950000000000000000e+02 0.000000000000000000e+00 0.000000000000000000e+00 1.926860058602410193e-13
4.960000000000000000e+02 0.000000000000000000e+00 0.000000000000000000e+00 1.919816735778887034e-13
4.970000000000000000e+02 0.000000000000000000e+00 0.000000000000000000e+00 1.912819437539980531e-13
4.980000000000000000e+02 0.000000000000000000e+00 0.000000000000000000e+00 1.905867752865942322e-13
4.990000000000000000e+02 0.000000000000000000e+00 0.000000000000000000e+00 1.898961321787397690e-13
5.000000000000000000e+02 0.000000000000000000e+00 0.000000000000000000e+00 1.892099737316080637e-13
5.010000000000000000e+02 0.000000000000000000e+00 0.000000000000000000e+00 1.885282642990970186e-13
5.020000000000000000e+02 0.000000000000000000e+00 0.000000000000000000e+00 1.878509635966071085e-13
5.030000000000000000e+02 0.000000000000000000e+00 0.000000000000000000e+00 1.871780363251865812e-13
5.040000000000000000e+02 0.000000000000000000e+00 0.000000000000000000e+00 1.865094426116006457e-13
5.050000000000000000e+02 0.000000000000000000e+00 0.000000000000000000e+00 1.858451475229737920e-13
5.060000000000000000e+02 0.000000000000000000e+00 0.000000000000000000e+00 1.851851116073099013e-13
5.070000000000000000e+02 0.000000000000000000e+00 0.000000000000000000e+00 1.845293002873368894e-13
5.080000000000000000e+02 0.000000000000000000e+00 0.000000000000000000e+00 1.838776745394246998e-13
5.090000000000000000e+02 0.000000000000000000e+00 0.000000000000000000e+00 1.832302001524337330e-13
5.100000000000000000e+02 0.000000000000000000e+00 0.000000000000000000e+00 1.825868385175596833e-13
5.110000000000000000e+02 0.000000000000000000e+00 0.000000000000000000e+00 1.819475558153901984e-13
5.120000000000000000e+02 0.000000000000000000e+00 0.000000000000000000e+00 1.813123138525931097e-13
5.130000000000000000e+02 0.000000000000000000e+00 0.000000000000000000e+00 1.806810791999709710e-13
5.140000000000000000e+02 0.000000000000000000e+00 0.000000000000000000e+00 1.800538140893108257e-13
5.150000000000000000e+02 0.000000000000000000e+00 0.000000000000000000e+00 1.794304854869657615e-13
5.160000000000000000e+02 0.000000000000000000e+00 0.000000000000000000e+00 1.788110560708610241e-13
5.170000000000000000e+02 0.000000000000000000e+00 0.000000000000000000e+00 1.781954931960377514e-13
5.180000000000000000e+02 0.000000000000000000e+00 0.000000000000000000e+00 1.775837599997008551e-13
5.190000000000000000e+02 0.000000000000000000e+00 0.000000000000000000e+00 1.769758242370036929e-13
5.200000000000000000e+02 0.000000000000000000e+00 0.000000000000000000e+00 1.763716495083627018e-13
5.210000000000000000e+02 0.000000000000000000e+00 0.000000000000000000e+00 1.757712039798855137e-13
5.220000000000000000e+02 0.000000000000000000e+00 0.000000000000000000e+00 1.751744516965739106e-13
5.230000000000000000e+02 0.000000000000000000e+00 0.000000000000000000e+00 1.745813612514525315e-13
5.240000000000000000e+02 0.000000000000000000e+00 0.000000000000000000e+00 1.739918971619664263e-13
5.250000000000000000e+02 0.000000000000000000e+00 0.000000000000000000e+00 1.734060284366006831e-13
5.260000000000000000e+02 0.000000000000000000e+00 0.000000000000000000e+00 1.728237200667864046e-13
5.270000000000000000e+02 0.000000000000000000e+00 0.000000000000000000e+00 1.722449414958703101e-13
5.280000000000000000e+02 0.000000000000000000e+00 0.000000000000000000e+00 1.716696581814299939e-13
5.290000000000000000e+02 0.000000000000000000e+00 0.000000000000000000e+00 1.710978400129538868e-13
5.300000000000000000e+02 0.000000000000000000e+00 0.000000000000000000e+00 1.705294529269941394e-13
5.310000000000000000e+02 0.000000000000000000e+00 0.000000000000000000e+00 1.699644672681481596e-13
5.320000000000000000e+02 0.000000000000000000e+00 0.000000000000000000e+00 1.694028494596899753e-13
5.330000000000000000e+02 0.000000000000000000e+00 0.000000000000000000e+00 1.688445702975136404e-13
5.340000000000000000e+02 0.000000000000000000e+00 0.000000000000000000e+00 1.682895967042224711e-13
5.350000000000000000e+02 0.000000000000000000e+00 0.000000000000000000e+00 1.677378999353751511e-13
5.360000000000000000e+02 0.000000000000000000e+00 0.000000000000000000e+00 1.671894474211889147e-13
5.370000000000000000e+02 0.000000000000000000e+00 0.000000000000000000e+00 1.666442108861331565e-13
5.380000000000000000e+02 0.000000000000000000e+00 0.000000000000000000e+00 1.661021581837078796e-13
5.390000000000000000e+02 0.000000000000000000e+00 0.000000000000000000e+00 1.655632616035846817e-13
5.400000000000000000e+02 0.000000000000000000e+00 0.000000000000000000e+00 1.650274894745793729e-13
5.410000000000000000e+02 0.000000000000000000e+00 0.000000000000000000e+00 1.644948145234830662e-13
5.420000000000000000e+02 0.000000000000000000e+00 0.000000000000000000e+00 1.639652056590642116e-13
5.430000000000000000e+02 0.000000000000000000e+00 0.000000000000000000e+00 1.634386360844031202e-13
5.440000000000000000e+02 0.000000000000000000e+00 0.000000000000000000e+00 1.629150751704137070e-13
5.450000000000000000e+02 0.000000000000000000e+00 0.000000000000000000e+00 1.623944966086301203e-13
5.460000000000000000e+02 0.000000000000000000e+00 0.000000000000000000e+00 1.618768703569285691e-13
5.470000000000000000e+02 0.000000000000000000e+00 0.000000000000000000e+00 1.613621705200321606e-13
5.480000000000000000e+02 0.000000000000000000e+00 0.000000000000000000e+00 1.608503675255831669e-13
5.490000000000000000e+02 0.000000000000000000e+00 0.000000000000000000e+00 1.603414360270041303e-13
5.500000000000000000e+02 0.000000000000000000e+00 0.000000000000000000e+00 1.598353470476598350e-13
5.510000000000000000e+02 0.000000000000000000e+00 0.000000000000000000e+00 1.593320756745189627e-13
5.520000000000000000e+02 0.000000000000000000e+00 0.000000000000000000e+00 1.588315934134556072e-13
5.530000000000000000e+02 0.000000000000000000e+00 0.000000000000000000e+00 1.583338759123568989e-13
5.540000000000000000e+02 0.000000000000000000e+00 0.000000000000000000e+00 1.578388951203826634e-13
5.550000000000000000e+02 0.000000000000000000e+00 0.000000000000000000e+00 1.573466272160088099e-13
5.560000000000000000e+02 0.000000000000000000e+00 0.000000000000000000e+00 1.568570447201706358e-13
5.570000000000000000e+02 0.000000000000000000e+00 0.000000000000000000e+00 1.563701243402611509e-13
5.580000000000000000e+02 0.000000000000000000e+00 0.000000000000000000e+00 1.558858390692956910e-13
5.590000000000000000e+02 0.000000000000000000e+00 0.000000000000000000e+00 1.554041660661585394e-13
5.600000000000000000e+02 0.000000000000000000e+00 0.000000000000000000e+00 1.549250789139228664e-13
5.610000000000000000e+02 0.000000000000000000e+00 0.000000000000000000e+00 1.544485552637926150e-13
5.620000000000000000e+02 0.000000000000000000e+00 0.000000000000000000e+00 1.539745692597453685e-13
5.630000000000000000e+02 0.000000000000000000e+00 0.000000000000000000e+00 1.535030989840025379e-13
5.640000000000000000e+02 0.000000000000000000e+00 0.000000000000000000e+00 1.530341191416696261e-13
5.650000000000000000e+02 0.000000000000000000e+00 0.000000000000000000e+00 1.525676083656139839e-13
5.660000000000000000e+02 0.000000000000000000e+00 0.000000000000000000e+00 1.521035418452100253e-13
5.670000000000000000e+02 0.000000000000000000e+00 0.000000000000000000e+00 1.516418987394418085e-13
5.680000000000000000e+02 0.000000000000000000e+00 0.000000000000000000e+00 1.511826547633394574e-13
5.690000000000000000e+02 0.000000000000000000e+00 0.000000000000000000e+00 1.507257895294938394e-13
5.700000000000000000e+02 0.000000000000000000e+00 0.000000000000000000e+00 1.502712793600410175e-13
5.710000000000000000e+02 0.000000000000000000e+00 0.000000000000000000e+00 1.498191043571255577e-13
5.720000000000000000e+02 0.000000000000000000e+00 0.000000000000000000e+00 1.493692413448418763e-13
5.730000000000000000e+02 0.000000000000000000e+00 0.000000000000000000e+00 1.489216709273193230e-13
5.740000000000000000e+02 0.000000000000000000e+00 0.000000000000000000e+00 1.484763704627111468e-13
5.750000000000000000e+02 0.000000000000000000e+00 0.000000000000000000e+00 1.480333210598987037e-13
5.760000000000000000e+02 0.000000000000000000e+00 0.000000000000000000e+00 1.475925005455080035e-13
5.770000000000000000e+02 0.000000000000000000e+00 0.000000000000000000e+00 1.471538906050624262e-13
5.780000000000000000e+02 0.000000000000000000e+00 0.000000000000000000e+00 1.467174695724636108e-13
5.790000000000000000e+02 0.000000000000000000e+00 0.000000000000000000e+00 1.462832196044143113e-13
5.800000000000000000e+02 0.000000000000000000e+00 0.000000000000000000e+00 1.458511195501096266e-13
5.810000000000000000e+02 0.000000000000000000e+00 0.000000000000000000e+00 1.454211520671821159e-13
5.820000000000000000e+02 0.000000000000000000e+00 0.000000000000000000e+00 1.449932965890176826e-13
5.830000000000000000e+02 0.000000000000000000e+00 0.000000000000000000e+00 1.445675361372874937e-13
5.840000000000000000e+02 0.000000000000000000e+00 0.000000000000000000e+00 1.441438506971811627e-13
5.850000000000000000e+02 0.000000000000000000e+00 0.000000000000000000e+00 1.437222237914499113e-13
5.860000000000000000e+02 0.000000000000000000e+00 0.000000000000000000e+00 1.433026359431343472e-13
5.870000000000000000e+02 0.000000000000000000e+00 0.000000000000000000e+00 1.428850710893123024e-13
5.880000000000000000e+02 0.000000000000000000e+00 0.000000000000000000e+00 1.424695102197102553e-13
5.890000000000000000e+02 0.000000000000000000e+00 0.000000000000000000e+00 1.420559377775830172e-13
5.900000000000000000e+02 0.000000000000000000e+00 0.000000000000000000e+00 1.416443352453057760e-13
5.910000000000000000e+02 0.000000000000000000e+00 0.000000000000000000e+00 1.412346874816632878e-13
5.920000000000000000e+02 0.000000000000000000e+00 0.000000000000000000e+00 1.408269764607689402e-13
5.930000000000000000e+02 0.000000000000000000e+00 0.000000000000000000e+00 1.404211874791930556e-13
5.940000000000000000e+02 0.000000000000000000e+00 0.000000000000000000e+00 1.400173029973483977e-13
5.950000000000000000e+02 0.000000000000000000e+00 0.000000000000000000e+00 1.396153087514356540e-13
5.960000000000000000e+02 0.000000000000000000e+00 0.000000000000000000e+00 1.392151876801022309e-13
5.970000000000000000e+02 0.000000000000000000e+00 0.000000000000000000e+00 1.388169259545925542e-13
5.980000000000000000e+02 0.000000000000000000e+00 0.000000000000000000e+00 1.384205069202154620e-13
5.990000000000000000e+02 0.000000000000000000e+00 0.000000000000000000e+00 1.380259171172669784e-13
6.000000000000000000e+02 0.000000000000000000e+00 0.000000000000000000e+00 1.376331403818226180e-13
6.010000000000000000e+02 0.000000000000000000e+00 0.000000000000000000e+00 1.372421637041842217e-13
6.020000000000000000e+02 0.000000000000000000e+00 0.000000000000000000e+00 1.368529713184690231e-13
6.030000000000000000e+02 0.000000000000000000e+00 0.000000000000000000e+00 1.364655505705576513e-13
6.040000000000000000e+02 0.000000000000000000e+00 0.000000000000000000e+00 1.360798860522556050e-13
6.050000000000000000e+02 0.000000000000000000e+00 0.000000000000000000e+00 1.356959655998702095e-13
6.060000000000000000e+02 0.000000000000000000e+00 0.000000000000000000e+00 1.353137741273506456e-13
6.070000000000000000e+02 0.000000000000000000e+00 0.000000000000000000e+00 1.349332998380813118e-13
6.080000000000000000e+02 0.000000000000000000e+00 0.000000000000000000e+00 1.345545280574112114e-13
6.090000000000000000e+02 0.000000000000000000e+00 0.000000000000000000e+00 1.341774473592992339e-13
6.100000000000000000e+02 0.000000000000000000e+00 0.000000000000000000e+00 1.338020433932148872e-13
6.110000000000000000e+02 0.000000000000000000e+00 0.000000000000000000e+00 1.334283050971753335e-13
6.120000000000000000e+02 0.000000000000000000e+00 0.000000000000000000e+00 1.330562185150182321e-13
6.130000000000000000e+02 0.000000000000000000e+00 0.000000000000000000e+00 1.326857728244385491e-13
6.140000000000000000e+02 0.000000000000000000e+00 0.000000000000000000e+00 1.323169544324247870e-13
6.150000000000000000e+02 0.000000000000000000e+00 0.000000000000000000e+00 1.319497528591010574e-13
6.160000000000000000e+02 0.000000000000000000e+00 0.000000000000000000e+00 1.315841548576195894e-13
6.170000000000000000e+02 0.000000000000000000e+00 0.000000000000000000e+00 1.312201501522042680e-13
6.180000000000000000e+02 0.000000000000000000e+00 0.000000000000000000e+00 1.308577258331672809e-13
6.190000000000000000e+02 0.000000000000000000e+00 0.000000000000000000e+00 1.304968719821275997e-13
6.200000000000000000e+02 0.000000000000000000e+00 0.000000000000000000e+00 1.301375759036705626e-13
6.210000000000000000e+02 0.000000000000000000e+00 0.000000000000000000e+00 1.297798279854805256e-13
6.220000000000000000e+02 0.000000000000000000e+00 0.000000000000000000e+00 1.294236157933386610e-13
6.230000000000000000e+02 0.000000000000000000e+00 0.000000000000000000e+00 1.290689300010722981e-13
6.240000000000000000e+02 0.000000000000000000e+00 0.000000000000000000e+00 1.287157584366175218e-13
6.250000000000000000e+02 0.000000000000000000e+00 0.000000000000000000e+00 1.283640919959857110e-13
6.260000000000000000e+02 0.000000000000000000e+00 0.000000000000000000e+00 1.280139188179873318e-13
6.270000000000000000e+02 0.000000000000000000e+00 0.000000000000000000e+00 1.276652300364702773e-13
6.280000000000000000e+02 0.000000000000000000e+00 0.000000000000000000e+00 1.273180140158903328e-13
6.290000000000000000e+02 0.000000000000000000e+00 0.000000000000000000e+00 1.269722620738450774e-13
6.300000000000000000e+02 0.000000000000000000e+00 0.000000000000000000e+00 1.266279628636668683e-13
6.310000000000000000e+02 0.000000000000000000e+00 0.000000000000000000e+00 1.262851079574077537e-13
6.320000000000000000e+02 0.000000000000000000e+00 0.000000000000000000e+00 1.259436861666565187e-13
6.330000000000000000e+02 0.000000000000000000e+00 0.000000000000000000e+00 1.256036892917775617e-13
6.340000000000000000e+02 0.000000000000000000e+00 0.000000000000000000e+00 1.252651063928121296e-13
6.350000000000000000e+02 0.000000000000000000e+00 0.000000000000000000e+00 1.249279294364880902e-13
6.360000000000000000e+02 0.000000000000000000e+00 0.000000000000000000e+00 1.245921477100652883e-13
6.370000000000000000e+02 0.000000000000000000e+00 0.000000000000000000e+00 1.242577533636752898e-13
6.380000000000000000e+02 0.000000000000000000e+00 0.000000000000000000e+00 1.239247359049404147e-13
6.390000000000000000e+02 0.000000000000000000e+00 0.000000000000000000e+00 1.235930876189381834e-13
6.400000000000000000e+02 0.000000000000000000e+00 0.000000000000000000e+00 1.232627982752093971e-13
6.410000000000000000e+02 0.000000000000000000e+00 0.000000000000000000e+00 1.229338603157859671e-13
6.420000000000000000e+02 0.000000000000000000e+00 0.000000000000000000e+00 1.226062636894956243e-13
6.430000000000000000e+02 0.000000000000000000e+00 0.000000000000000000e+00 1.222800010023113282e-13
6.440000000000000000e+02 0.000000000000000000e+00 0.000000000000000000e+00 1.219550623969012006e-13
6.450000000000000000e+02 0.000000000000000000e+00 0.000000000000000000e+00 1.216314406390004321e-13
6.460000000000000000e+02 0.000000000000000000e+00 0.000000000000000000e+00 1.213091260652022275e-13
6.470000000000000000e+02 0.000000000000000000e+00 0.000000000000000000e+00 1.209881115999941149e-13
6.480000000000000000e+02 0.000000000000000000e+00 0.000000000000000000e+00 1.206683877225469085e-13
6.490000000000000000e+02 0.000000000000000000e+00 0.000000000000000000e+00 1.203499475164105153e-13
6.500000000000000000e+02 0.000000000000000000e+00 0.000000000000000000e+00 1.200327816232175507e-13
6.510000000000000000e+02 0.000000000000000000e+00 0.000000000000000000e+00 1.197168833273939170e-13
6.520000000000000000e+02 0.000000000000000000e+00 0.000000000000000000e+00 1.194022434378920512e-13
6.530000000000000000e+02 0.000000000000000000e+00 0.000000000000000000e+00 1.190888553240047990e-13
6.540000000000000000e+02 0.000000000000000000e+00 0.000000000000000000e+00 1.187767100058846993e-13
6.550000000000000000e+02 0.000000000000000000e+00 0.000000000000000000e+00 1.184658009754838606e-13
6.560000000000000000e+02 0.000000000000000000e+00 0.000000000000000000e+00 1.181561194403319050e-13
6.570000000000000000e+02 0.000000000000000000e+00 0.000000000000000000e+00 1.178476590674250612e-13
6.580000000000000000e+02 0.000000000000000000e+00 0.000000000000000000e+00 1.175404111551657139e-13
6.590000000000000000e+02 0.000000000000000000e+00 0.000000000000000000e+00 1.172343695256928542e-13
6.600000000000000000e+02 0.000000000000000000e+00 0.000000000000000000e+00 1.169295256547857938e-13
6.610000000000000000e+02 0.000000000000000000e+00 0.000000000000000000e+00 1.166258734676969338e-13
6.620000000000000000e+02 0.000000000000000000e+00 0.000000000000000000e+00 1.163234046462262669e-13
6.630000000000000000e+02 0.000000000000000000e+00 0.000000000000000000e+00 1.160221132413391944e-13
6.640000000000000000e+02 0.000000000000000000e+00 0.000000000000000000e+00 1.157219910315838317e-13
6.650000000000000000e+02 0.000000000000000000e+00 0.000000000000000000e+00 1.154230322368227952e-13
6.660000000000000000e+02 0.000000000000000000e+00 0.000000000000000000e+00 1.151252288119895608e-13
6.670000000000000000e+02 0.000000000000000000e+00 0.000000000000000000e+00 1.148285750814225490e-13
6.680000000000000000e+02 0.000000000000000000e+00 0.000000000000000000e+00 1.145330631218952695e-13
6.690000000000000000e+02 0.000000000000000000e+00 0.000000000000000000e+00 1.142386874655825673e-13
6.700000000000000000e+02 0.000000000000000000e+00 0.000000000000000000e+00 1.139454402849197944e-13
6.710000000000000000e+02 0.000000000000000000e+00 0.000000000000000000e+00 1.136533162348634392e-13
6.720000000000000000e+02 0.000000000000000000e+00 0.000000000000000000e+00 1.133623076915140721e-13
6.730000000000000000e+02 0.000000000000000000e+00 0.000000000000000000e+00 1.130724094060941396e-13
6.740000000000000000e+02 0.000000000000000000e+00 0.000000000000000000e+00 1.127836138792667122e-13
6.750000000000000000e+02 0.000000000000000000e+00 0.000000000000000000e+00 1.124959160242863171e-13
6.760000000000000000e+02 0.000000000000000000e+00 0.000000000000000000e+00 1.122093084805813405e-13
6.770000000000000000e+02 0.000000000000000000e+00 0.000000000000000000e+00 1.119237863007777737e-13
6.780000000000000000e+02 0.000000000000000000e+00 0.000000000000000000e+00 1.116393422631302567e-13
6.790000000000000000e+02 0.000000000000000000e+00 0.000000000000000000e+00 1.113559715217761844e-13
6.800000000000000000e+02 0.000000000000000000e+00 0.000000000000000000e+00 1.110736670366489405e-13
6.810000000000000000e+02 0.000000000000000000e+00 0.000000000000000000e+00 1.107924240356603431e-13
6.820000000000000000e+02 0.000000000000000000e+00 0.000000000000000000e+00 1.105122356798244079e-13
6.830000000000000000e+02 0.000000000000000000e+00 0.000000000000000000e+00 1.102330973001020425e-13
6.840000000000000000e+02 0.000000000000000000e+00 0.000000000000000000e+00 1.099550021897784481e-13
6.850000000000000000e+02 0.000000000000000000e+00 0.000000000000000000e+00 1.096779458253413583e-13
6.860000000000000000e+02 0.000000000000000000e+00 0.000000000000000000e+00 1.094019216472323974e-13
6.870000000000000000e+02 0.000000000000000000e+00 0.000000000000000000e+00 1.091269252627581474e-13
6.880000000000000000e+02 0.000000000000000000e+00 0.000000000000000000e+00 1.088529502196550598e-13
6.890000000000000000e+02 0.000000000000000000e+00 0.000000000000000000e+00 1.085799923246712220e-13
6.900000000000000000e+02 0.000000000000000000e+00 0.000000000000000000e+00 1.083080452146161219e-13
6.910000000000000000e+02 0.000000000000000000e+00 0.000000000000000000e+00 1.080371048226638131e-13
6.920000000000000000e+02 0.000000000000000000e+00 0.000000000000000000e+00 1.077671649713039070e-13
6.930000000000000000e+02 0.000000000000000000e+00 0.000000000000000000e+00 1.074982217188065049e-13
6.940000000000000000e+02 0.000000000000000000e+00 0.000000000000000000e+00 1.072302690086708403e-13
6.950000000000000000e+02 0.000000000000000000e+00 0.000000000000000000e+00 1.069633029969765654e-13
6.960000000000000000e+02 0.000000000000000000e+00 0.000000000000000000e+00 1.066973178243332280e-13
6.970000000000000000e+02 0.000000000000000000e+00 0.000000000000000000e+00 1.064323097578900003e-13
6.980000000000000000e+02 0.000000000000000000e+00 0.000000000000000000e+00 1.061682730669694998e-13
6.990000000000000000e+02 0.000000000000000000e+00 0.000000000000000000e+00 1.059052041693963610e-13
7.000000000000000000e+02 0.000000000000000000e+00 0.000000000000000000e+00 1.056430974728223211e-13
7.010000000000000000e+02 0.000000000000000000e+00 0.000000000000000000e+00 1.053819495223881823e-13
7.020000000000000000e+02 0.000000000000000000e+00 0.000000000000000000e+00 1.051217548665459306e-13
7.030000000000000000e+02 0.000000000000000000e+00 0.000000000000000000e+00 1.048625101747469248e-13
7.040000000000000000e+02 0.000000000000000000e+00 0.000000000000000000e+00 1.046042101307479172e-13
7.050000000000000000e+02 0.000000000000000000e+00 0.000000000000000000e+00 1.043468515268830485e-13
7.060000000000000000e+02 0.000000000000000000e+00 0.000000000000000000e+00 1.040904292103883007e-13
7.070000000000000000e+02 0.000000000000000000e+00 0.000000000000000000e+00 1.038349400955341020e-13
7.080000000000000000e+02 0.000000000000000000e+00 0.000000000000000000e+00 1.035803791410840874e-13
7.090000000000000000e+02 0.000000000000000000e+00 0.000000000000000000e+00 1.033267434117735527e-13
7.100000000000000000e+02 0.000000000000000000e+00 0.000000000000000000e+00 1.030740279915144727e-13
7.110000000000000000e+02 0.000000000000000000e+00 0.000000000000000000e+00 1.028222300396065351e-13
7.120000000000000000e+02 0.000000000000000000e+00 0.000000000000000000e+00 1.025713447957643686e-13
7.130000000000000000e+02 0.000000000000000000e+00 0.000000000000000000e+00 1.023213695592908575e-13
7.140000000000000000e+02 0.000000000000000000e+00 0.000000000000000000e+00 1.020722997050701038e-13
7.150000000000000000e+02 0.000000000000000000e+00 0.000000000000000000e+00 1.018241326214514340e-13
7.160000000000000000e+02 0.000000000000000000e+00 0.000000000000000000e+00 1.015768638112228505e-13
7.170000000000000000e+02 0.000000000000000000e+00 0.000000000000000000e+00 1.013304907942921013e-13
7.180000000000000000e+02 0.000000000000000000e+00 0.000000000000000000e+00 1.010850092259694184e-13
7.190000000000000000e+02 0.000000000000000000e+00 0.000000000000000000e+00 1.008404167103271675e-13
7.200000000000000000e+02 0.000000000000000000e+00 0.000000000000000000e+00 1.005967090340840807e-13
7.210000000000000000e+02 0.000000000000000000e+00 0.000000000000000000e+00 1.003538839202707916e-13
7.220000000000000000e+02 0.000000000000000000e+00 0.000000000000000000e+00 1.001119372812383037e-13
7.230000000000000000e+02 0.000000000000000000e+00 0.000000000000000000e+00 9.987086691227078804e-14
7.240000000000000000e+02 0.000000000000000000e+00 0.000000000000000000e+00 9.963066887334218441e-14
7.250000000000000000e+02 0.000000000000000000e+00 0.000000000000000000e+00 9.939134106702308484e-14
7.260000000000000000e+02 0.000000000000000000e+00 0.000000000000000000e+00 9.915287965034261461e-14
7.270000000000000000e+02 0.000000000000000000e+00 0.000000000000000000e+00 9.891528264728597000e-14
7.280000000000000000e+02 0.000000000000000000e+00 0.000000000000000000e+00 9.867854628599592856e-14
7.290000000000000000e+02 0.000000000000000000e+00 0.000000000000000000e+00 9.844266871865545966e-14
7.300000000000000000e+02 0.000000000000000000e+00 0.000000000000000000e+00 9.820764628206367880e-14
7.310000000000000000e+02 0.000000000000000000e+00 0.000000000000000000e+00 9.797347720247818755e-14
7.320000000000000000e+02 0.000000000000000000e+00 0.000000000000000000e+00 9.774015793623487596e-14
7.330000000000000000e+02 0.000000000000000000e+00 0.000000000000000000e+00 9.750768678651093843e-14
7.340000000000000000e+02 0.000000000000000000e+00 0.000000000000000000e+00 9.727606027988387887e-14
7.350000000000000000e+02 0.000000000000000000e+00 0.000000000000000000e+00 9.704527681589528736e-14
7.360000000000000000e+02 0.000000000000000000e+00 0.000000000000000000e+00 9.681533302225607473e-14
7.370000000000000000e+02 0.000000000000000000e+00 0.000000000000000000e+00 9.658622737638385146e-14
7.380000000000000000e+02 0.000000000000000000e+00 0.000000000000000000e+00 9.635795655680609250e-14
7.390000000000000000e+02 0.000000000000000000e+00 0.000000000000000000e+00 9.613051913594782439e-14
7.400000000000000000e+02 0.000000000000000000e+00 0.000000000000000000e+00 9.590391185244710459e-14
7.410000000000000000e+02 0.000000000000000000e+00 0.000000000000000000e+00 9.567813334669707638e-14
7.420000000000000000e+02 0.000000000000000000e+00 0.000000000000000000e+00 9.545318046529788709e-14
7.430000000000000000e+02 0.000000000000000000e+00 0.000000000000000000e+00 9.522905188130158459e-14
7.440000000000000000e+02 0.000000000000000000e+00 0.000000000000000000e+00 9.500574448544609358e-14
7.450000000000000000e+02 0.000000000000000000e+00 0.000000000000000000e+00 9.478325704119931626e-14
7.460000000000000000e+02 0.000000000000000000e+00 0.000000000000000000e+00 9.456158648811378917e-14
7.470000000000000000e+02 0.000000000000000000e+00 0.000000000000000000e+00 9.434073164158326851e-14
7.480000000000000000e+02 0.000000000000000000e+00 0.000000000000000000e+00 9.412068948531688730e-14
7.490000000000000000e+02 0.000000000000000000e+00 0.000000000000000000e+00 9.390145887584436772e-14
7.500000000000000000e+02 0.000000000000000000e+00 0.000000000000000000e+00 9.368303687784451060e-14
7.510000000000000000e+02 0.000000000000000000e+00 0.000000000000000000e+00 9.346542235829910434e-14
7.520000000000000000e+02 0.000000000000000000e+00 0.000000000000000000e+00 9.324861240640137669e-14
7.530000000000000000e+02 0.000000000000000000e+00 0.000000000000000000e+00 9.303260595004981343e-14
7.540000000000000000e+02 0.000000000000000000e+00 0.000000000000000000e+00 9.281740010403810981e-14
7.550000000000000000e+02 0.000000000000000000e+00 0.000000000000000000e+00 9.260299380319023093e-14
7.560000000000000000e+02 0.000000000000000000e+00 0.000000000000000000e+00 9.238938422726929497e-14
7.570000000000000000e+02 0.000000000000000000e+00 0.000000000000000000e+00 9.217657031798079733e-14
7.580000000000000000e+02 0.000000000000000000e+00 0.000000000000000000e+00 9.196454926845738247e-14
7.590000000000000000e+02 0.000000000000000000e+00 0.000000000000000000e+00 9.175332004329037251e-14
7.600000000000000000e+02 0.000000000000000000e+00 0.000000000000000000e+00 9.154287987050366664e-14
7.610000000000000000e+02 0.000000000000000000e+00 0.000000000000000000e+00 9.133322772179243721e-14
7.620000000000000000e+02 0.000000000000000000e+00 0.000000000000000000e+00 9.112436081384648236e-14
7.630000000000000000e+02 0.000000000000000000e+00 0.000000000000000000e+00 9.091627814144773982e-14
7.640000000000000000e+02 0.000000000000000000e+00 0.000000000000000000e+00 9.070897693965441304e-14
7.650000000000000000e+02 0.000000000000000000e+00 0.000000000000000000e+00 9.050245617713730786e-14
7.660000000000000000e+02 0.000000000000000000e+00 0.000000000000000000e+00 9.029671311592226060e-14
7.670000000000000000e+02 0.000000000000000000e+00 0.000000000000000000e+00 9.009174670518313372e-14
7.680000000000000000e+02 0.000000000000000000e+00 0.000000000000000000e+00 8.988755423494380020e-14
7.690000000000000000e+02 0.000000000000000000e+00 0.000000000000000000e+00 8.968413462564018479e-14
7.700000000000000000e+02 0.000000000000000000e+00 0.000000000000000000e+00 8.948148512849104493e-14
7.710000000000000000e+02 0.000000000000000000e+00 0.000000000000000000e+00 8.927960470367548381e-14
7.720000000000000000e+02 0.000000000000000000e+00 0.000000000000000000e+00 8.907849057432266384e-14
7.730000000000000000e+02 0.000000000000000000e+00 0.000000000000000000e+00 8.887814165371294813e-14
7.740000000000000000e+02 0.000000000000000000e+00 0.000000000000000000e+00 8.867855518112408768e-14
7.750000000000000000e+02 0.000000000000000000e+00 0.000000000000000000e+00 8.847973005594185351e-14
7.760000000000000000e+02 0.000000000000000000e+00 0.000000000000000000e+00 8.828166348560483841e-14
7.770000000000000000e+02 0.000000000000000000e+00 0.000000000000000000e+00 8.808435436332331995e-14
7.780000000000000000e+02 0.000000000000000000e+00 0.000000000000000000e+00 8.788779986679987375e-14
7.790000000000000000e+02 0.000000000000000000e+00 0.000000000000000000e+00 8.769199883976023960e-14
7.800000000000000000e+02 0.000000000000000000e+00 0.000000000000000000e+00 8.749694847145586632e-14
7.810000000000000000e+02 0.000000000000000000e+00 0.000000000000000000e+00 8.730264756191154329e-14
7.820000000000000000e+02 0.000000000000000000e+00 0.000000000000000000e+00 8.710909326230613371e-14
7.830000000000000000e+02 0.000000000000000000e+00 0.000000000000000000e+00 8.691628434752176384e-14
7.840000000000000000e+02 0.000000000000000000e+00 0.000000000000000000e+00 8.672421795303158113e-14
7.850000000000000000e+02 0.000000000000000000e+00 0.000000000000000000e+00 8.653289279214314234e-14
7.860000000000000000e+02 0.000000000000000000e+00 0.000000000000000000e+00 8.634230597237656747e-14
7.870000000000000000e+02 0.000000000000000000e+00 0.000000000000000000e+00 8.615245619215359539e-14
7.880000000000000000e+02 0.000000000000000000e+00 0.000000000000000000e+00 8.596334050099733022e-14
7.890000000000000000e+02 0.000000000000000000e+00 0.000000000000000000e+00 8.577495756223009777e-14
7.900000000000000000e+02 0.000000000000000000e+00 0.000000000000000000e+00 8.558730439428994452e-14
7.910000000000000000e+02 0.000000000000000000e+00 0.000000000000000000e+00 8.540037961538040409e-14
7.920000000000000000e+02 0.000000000000000000e+00 0.000000000000000000e+00 8.521418020182591217e-14
7.930000000000000000e+02 0.000000000000000000e+00 0.000000000000000000e+00 8.502870474391365381e-14
7.940000000000000000e+02 0.000000000000000000e+00 0.000000000000000000e+00 8.484395015082234492e-14
7.950000000000000000e+02 0.000000000000000000e+00 0.000000000000000000e+00 8.465991496636447163e-14
7.960000000000000000e+02 0.000000000000000000e+00 0.000000000000000000e+00 8.447659608122682783e-14
7.970000000000000000e+02 0.000000000000000000e+00 0.000000000000000000e+00 8.429399196980283421e-14
7.980000000000000000e+02 0.000000000000000000e+00 0.000000000000000000e+00 8.411209948093840517e-14
7.990000000000000000e+02 0.000000000000000000e+00 0.000000000000000000e+00 8.393091704436762704e-14
8.000000000000000000e+02 0.000000000000000000e+00 0.000000000000000000e+00 8.375044144293191742e-14
8.010000000000000000e+02 0.000000000000000000e+00 0.000000000000000000e+00 8.357067106928744858e-14
8.020000000000000000e+02 0.000000000000000000e+00 0.000000000000000000e+00 8.339160266769565717e-14
8.030000000000000000e+02 0.000000000000000000e+00 0.000000000000000000e+00 8.321323454120709073e-14
8.040000000000000000e+02 0.000000000000000000e+00 0.000000000000000000e+00 8.303556340315674608e-14
8.050000000000000000e+02 0.000000000000000000e+00 0.000000000000000000e+00 8.285858750367385001e-14
8.060000000000000000e+02 0.000000000000000000e+00 0.000000000000000000e+00 8.268230352980276060e-14
8.070000000000000000e+02 0.000000000000000000e+00 0.000000000000000000e+00 8.250670965026971867e-14
8.080000000000000000e+02 0.000000000000000000e+00 0.000000000000000000e+00 8.233180249450679075e-14
8.090000000000000000e+02 0.000000000000000000e+00 0.000000000000000000e+00 8.215758019558596402e-14
8.100000000000000000e+02 0.000000000000000000e+00 0.000000000000000000e+00 8.198403932787676334e-14
8.110000000000000000e+02 0.000000000000000000e+00 0.000000000000000000e+00 8.181117795213060430e-14
8.120000000000000000e+02 0.000000000000000000e+00 0.000000000000000000e+00 8.163899258823596785e-14
8.130000000000000000e+02 0.000000000000000000e+00 0.000000000000000000e+00 8.146748124806529931e-14
8.140000000000000000e+02 0.000000000000000000e+00 0.000000000000000000e+00 8.129664041339685590e-14
8.150000000000000000e+02 0.000000000000000000e+00 0.000000000000000000e+00 8.112646801985807348e-14
8.160000000000000000e+02 0.000000000000000000e+00 0.000000000000000000e+00 8.095696050394074941e-14
8.170000000000000000e+02 0.000000000000000000e+00 0.000000000000000000e+00 8.078811574908870370e-14
8.180000000000000000e+02 0.000000000000000000e+00 0.000000000000000000e+00 8.061993012421565501e-14
8.190000000000000000e+02 0.000000000000000000e+00 0.000000000000000000e+00 8.045240147465921332e-14
8.200000000000000000e+02 0.000000000000000000e+00 0.000000000000000000e+00 8.028552610852572975e-14
8.210000000000000000e+02 0.000000000000000000e+00 0.000000000000000000e+00 8.011930180330392279e-14
8.220000000000000000e+02 0.000000000000000000e+00 0.000000000000000000e+00 7.995372482852345689e-14
8.230000000000000000e+02 0.000000000000000000e+00 0.000000000000000000e+00 7.978879291655207480e-14
8.240000000000000000e+02 0.000000000000000000e+00 0.000000000000000000e+00 7.962450227338051944e-14
8.250000000000000000e+02 0.000000000000000000e+00 0.000000000000000000e+00 7.946085057879483955e-14
8.260000000000000000e+02 0.000000000000000000e+00 0.000000000000000000e+00 7.929783398325316362e-14
8.270000000000000000e+02 0.000000000000000000e+00 0.000000000000000000e+00 7.913545011459680418e-14
8.280000000000000000e+02 0.000000000000000000e+00 0.000000000000000000e+00 7.897369508620862629e-14
8.290000000000000000e+02 0.000000000000000000e+00 0.000000000000000000e+00 7.881256645774924978e-14
8.300000000000000000e+02 0.000000000000000000e+00 0.000000000000000000e+00 7.865206030063507354e-14
8.310000000000000000e+02 0.000000000000000000e+00 0.000000000000000000e+00 7.849217413299786083e-14
8.320000000000000000e+02 0.000000000000000000e+00 0.000000000000000000e+00 7.833290396797012695e-14
8.330000000000000000e+02 0.000000000000000000e+00 0.000000000000000000e+00 7.817424729488296722e-14
8.340000000000000000e+02 0.000000000000000000e+00 0.000000000000000000e+00 7.801620007889943913e-14
8.350000000000000000e+02 0.000000000000000000e+00 0.000000000000000000e+00 7.785875975619209099e-14
8.360000000000000000e+02 0.000000000000000000e+00 0.000000000000000000e+00 7.770192226520468084e-14
8.370000000000000000e+02 0.000000000000000000e+00 0.000000000000000000e+00 7.754568497927552176e-14
8.380000000000000000e+02 0.000000000000000000e+00 0.000000000000000000e+00 7.739004382333409901e-14
8.390000000000000000e+02 0.000000000000000000e+00 0.000000000000000000e+00 7.723499612003087843e-14
8.400000000000000000e+02 0.000000000000000000e+00 0.000000000000000000e+00 7.708053775630125446e-14
8.410000000000000000e+02 0.000000000000000000e+00 0.000000000000000000e+00 7.692666601106492992e-14
8.420000000000000000e+02 0.000000000000000000e+00 0.000000000000000000e+00 7.677337675660103357e-14
8.430000000000000000e+02 0.000000000000000000e+00 0.000000000000000000e+00 7.662066723355735956e-14
8.440000000000000000e+02 0.000000000000000000e+00 0.000000000000000000e+00 7.646853327935112752e-14
8.450000000000000000e+02 0.000000000000000000e+00 0.000000000000000000e+00 7.631697211529316921e-14
8.460000000000000000e+02 0.000000000000000000e+00 0.000000000000000000e+00 7.616597953852136549e-14
8.470000000000000000e+02 0.000000000000000000e+00 0.000000000000000000e+00 7.601555274742049575e-14
8.480000000000000000e+02 0.000000000000000000e+00 0.000000000000000000e+00 7.586568752795920543e-14
8.490000000000000000e+02 0.000000000000000000e+00 0.000000000000000000e+00 7.571638104051000778e-14
8.500000000000000000e+02 0.000000000000000000e+00 0.000000000000000000e+00 7.556762904231023695e-14
8.510000000000000000e+02 0.000000000000000000e+00 0.000000000000000000e+00 7.541942868351842450e-14
8.520000000000000000e+02 0.000000000000000000e+00 0.000000000000000000e+00 7.527177571850293739e-14
8.530000000000000000e+02 0.000000000000000000e+00 0.000000000000000000e+00 7.512466726982133890e-14
8.540000000000000000e+02 0.000000000000000000e+00 0.000000000000000000e+00 7.497809907097370941e-14
8.550000000000000000e+02 0.000000000000000000e+00 0.000000000000000000e+00 7.483206822670904574e-14
8.560000000000000000e+02 0.000000000000000000e+00 0.000000000000000000e+00 7.468657047671823192e-14
8.570000000000000000e+02 0.000000000000000000e+00 0.000000000000000000e+00 7.454160291275874802e-14
8.580000000000000000e+02 0.000000000000000000e+00 0.000000000000000000e+00 7.439716126217913707e-14
8.590000000000000000e+02 0.000000000000000000e+00 0.000000000000000000e+00 7.425324260961760510e-14
8.600000000000000000e+02 0.000000000000000000e+00 0.000000000000000000e+00 7.410984268076762710e-14
8.610000000000000000e+02 0.000000000000000000e+00 0.000000000000000000e+00 7.396695855646893657e-14
8.620000000000000000e+02 0.000000000000000000e+00 0.000000000000000000e+00 7.382458596617293987e-14
8.630000000000000000e+02 0.000000000000000000e+00 0.000000000000000000e+00 7.368272197585864469e-14
8.640000000000000000e+02 0.000000000000000000e+00 0.000000000000000000e+00 7.354136232329875353e-14
8.650000000000000000e+02 0.000000000000000000e+00 0.000000000000000000e+00 7.340050407307439991e-14
8.660000000000000000e+02 0.000000000000000000e+00 0.000000000000000000e+00 7.326014297481355305e-14
8.670000000000000000e+02 0.000000000000000000e+00 0.000000000000000000e+00 7.312027609695454816e-14
8.680000000000000000e+02 0.000000000000000000e+00 0.000000000000000000e+00 7.298089919144955326e-14
8.690000000000000000e+02 0.000000000000000000e+00 0.000000000000000000e+00 7.284200934971457892e-14
8.700000000000000000e+02 0.000000000000000000e+00 0.000000000000000000e+00 7.270360232333678409e-14
8.710000000000000000e+02 0.000000000000000000e+00 0.000000000000000000e+00 7.256567522288324825e-14
8.720000000000000000e+02 0.000000000000000000e+00 0.000000000000000000e+00 7.242822381287266841e-14
8.730000000000000000e+02 0.000000000000000000e+00 0.000000000000000000e+00 7.229124521195037526e-14
8.740000000000000000e+02 0.000000000000000000e+00 0.000000000000000000e+00 7.215473521708716263e-14
8.750000000000000000e+02 0.000000000000000000e+00 0.000000000000000000e+00 7.201869095134347056e-14
8.760000000000000000e+02 0.000000000000000000e+00 0.000000000000000000e+00 7.188310822821939202e-14
8.770000000000000000e+02 0.000000000000000000e+00 0.000000000000000000e+00 7.174798420101477845e-14
8.780000000000000000e+02 0.000000000000000000e+00 0.000000000000000000e+00 7.161331471061487136e-14
8.790000000000000000e+02 0.000000000000000000e+00 0.000000000000000000e+00 7.147909691161854260e-14
8.800000000000000000e+02 0.000000000000000000e+00 0.000000000000000000e+00 7.134532668991734062e-14
8.810000000000000000e+02 0.000000000000000000e+00 0.000000000000000000e+00 7.121200121897638323e-14
8.820000000000000000e+02 0.000000000000000000e+00 0.000000000000000000e+00 7.107911642782610902e-14
8.830000000000000000e+02 0.000000000000000000e+00 0.000000000000000000e+00 7.094666950155894067e-14
8.840000000000000000e+02 0.000000000000000000e+00 0.000000000000000000e+00 7.081465640018534867e-14
8.850000000000000000e+02 0.000000000000000000e+00 0.000000000000000000e+00 7.068307434633604894e-14
8.860000000000000000e+02 0.000000000000000000e+00 0.000000000000000000e+00 7.055191934032529916e-14
8.870000000000000000e+02 0.000000000000000000e+00 0.000000000000000000e+00 7.042118862831414766e-14
8.880000000000000000e+02 0.000000000000000000e+00 0.000000000000000000e+00 7.029087824245145384e-14
8.890000000000000000e+02 0.000000000000000000e+00 0.000000000000000000e+00 7.016098546123794071e-14
8.900000000000000000e+02 0.000000000000000000e+00 0.000000000000000000e+00 7.003150635995922474e-14
8.910000000000000000e+02 0.000000000000000000e+00 0.000000000000000000e+00 6.990243825442139999e-14
8.920000000000000000e+02 0.000000000000000000e+00 0.000000000000000000e+00 6.977377725418988843e-14
8.930000000000000000e+02 0.000000000000000000e+00 0.000000000000000000e+00 6.964552071755426337e-14
8.940000000000000000e+02 0.000000000000000000e+00 0.000000000000000000e+00 6.951766479873857431e-14
8.950000000000000000e+02 0.000000000000000000e+00 0.000000000000000000e+00 6.939020688898990511e-14
8.960000000000000000e+02 0.000000000000000000e+00 0.000000000000000000e+00 6.926314319278809656e-14
8.970000000000000000e+02 0.000000000000000000e+00 0.000000000000000000e+00 6.913647114368207183e-14
8.980000000000000000e+02 0.000000000000000000e+00 0.000000000000000000e+00 6.901018699967233741e-14
8.990000000000000000e+02 0.000000000000000000e+00 0.000000000000000000e+00 6.888428823001952441e-14
9.000000000000000000e+02 0.000000000000000000e+00 0.000000000000000000e+00 6.875877113626957682e-14
9.010000000000000000e+02 0.000000000000000000e+00 0.000000000000000000e+00 6.863363324523508525e-14
9.020000000000000000e+02 0.000000000000000000e+00 0.000000000000000000e+00 6.850887090072515991e-14
9.030000000000000000e+02 0.000000000000000000e+00 0.000000000000000000e+00 6.838448168431385326e-14
9.040000000000000000e+02 0.000000000000000000e+00 0.000000000000000000e+00 6.826046199179013808e-14
9.050000000000000000e+02 0.000000000000000000e+00 0.000000000000000000e+00 6.813680943743716822e-14
9.060000000000000000e+02 0.000000000000000000e+00 0.000000000000000000e+00 6.801352048662846602e-14
9.070000000000000000e+02 0.000000000000000000e+00 0.000000000000000000e+00 6.789059278860982880e-14
9.080000000000000000e+02 0.000000000000000000e+00 0.000000000000000000e+00 6.776802287574237309e-14
9.090000000000000000e+02 0.000000000000000000e+00 0.000000000000000000e+00 6.764580844355326746e-14
9.100000000000000000e+02 0.000000000000000000e+00 0.000000000000000000e+00 6.752394608007436292e-14
9.110000000000000000e+02 0.000000000000000000e+00 0.000000000000000000e+00 6.740243353330121639e-14
9.120000000000000000e+02 0.000000000000000000e+00 0.000000000000000000e+00 6.728126745448345198e-14
9.130000000000000000e+02 0.000000000000000000e+00 0.000000000000000000e+00 6.716044563455580243e-14
9.140000000000000000e+02 0.000000000000000000e+00 0.000000000000000000e+00 6.703996479167423970e-14
9.150000000000000000e+02 0.000000000000000000e+00 0.000000000000000000e+00 6.691982275745384170e-14
9.160000000000000000e+02 0.000000000000000000e+00 0.000000000000000000e+00 6.680001631816527382e-14
9.170000000000000000e+02 0.000000000000000000e+00 0.000000000000000000e+00 6.668054335588382753e-14
9.180000000000000000e+02 0.000000000000000000e+00 0.000000000000000000e+00 6.656140071574332813e-14
9.190000000000000000e+02 0.000000000000000000e+00 0.000000000000000000e+00 6.644258633428477554e-14
9.200000000000000000e+02 0.000000000000000000e+00 0.000000000000000000e+00 6.632409711074295947e-14
9.210000000000000000e+02 0.000000000000000000e+00 0.000000000000000000e+00 6.620593104056718782e-14
9.220000000000000000e+02 0.000000000000000000e+00 0.000000000000000000e+00 6.608808507305482749e-14
9.230000000000000000e+02 0.000000000000000000e+00 0.000000000000000000e+00 6.597055726312429245e-14
9.240000000000000000e+02 0.000000000000000000e+00 0.000000000000000000e+00 6.585334462221568827e-14
9.250000000000000000e+02 0.000000000000000000e+00 0.000000000000000000e+00 6.573644526697888712e-14
9.260000000000000000e+02 0.000000000000000000e+00 0.000000000000000000e+00 6.561985627184275815e-14
9.270000000000000000e+02 0.000000000000000000e+00 0.000000000000000000e+00 6.550357579352393641e-14
9.280000000000000000e+02 0.000000000000000000e+00 0.000000000000000000e+00 6.538760097324370214e-14
9.290000000000000000e+02 0.000000000000000000e+00 0.000000000000000000e+00 6.527193003132054406e-14
9.300000000000000000e+02 0.000000000000000000e+00 0.000000000000000000e+00 6.515656016569495512e-14
9.310000000000000000e+02 0.000000000000000000e+00 0.000000000000000000e+00 6.504148964745007476e-14
9.320000000000000000e+02 0.000000000000000000e+00 0.000000000000000000e+00 6.492671572602191056e-14
9.330000000000000000e+02 0.000000000000000000e+00 0.000000000000000000e+00 6.481223674049423240e-14
9.340000000000000000e+02 0.000000000000000000e+00 0.000000000000000000e+00 6.469805000091480316e-14
9.350000000000000000e+02 0.000000000000000000e+00 0.000000000000000000e+00 6.458415389961800295e-14
9.360000000000000000e+02 0.000000000000000000e+00 0.000000000000000000e+00 6.447054579803844839e-14
9.370000000000000000e+02 0.000000000000000000e+00 0.000000000000000000e+00 6.435722414762845002e-14
9.380000000000000000e+02 0.000000000000000000e+00 0.000000000000000000e+00 6.424418636765278050e-14
9.390000000000000000e+02 0.000000000000000000e+00 0.000000000000000000e+00 6.413143095899140181e-14
9.400000000000000000e+02 0.000000000000000000e+00 0.000000000000000000e+00 6.401895540276645956e-14
9.410000000000000000e+02 0.000000000000000000e+00 0.000000000000000000e+00 6.390675826477954005e-14
9.420000000000000000e+02 0.000000000000000000e+00 0.000000000000000000e+00 6.379483706781586544e-14
9.430000000000000000e+02 0.000000000000000000e+00 0.000000000000000000e+00 6.368319043898556239e-14
9.440000000000000000e+02 0.000000000000000000e+00 0.000000000000000000e+00 6.357181595356368584e-14
9.450000000000000000e+02 0.000000000000000000e+00 0.000000000000000000e+00 6.346071229053206902e-14
9.460000000000000000e+02 0.000000000000000000e+00 0.000000000000000000e+00 6.334987708940758239e-14
9.470000000000000000e+02 0.000000000000000000e+00 0.000000000000000000e+00 6.323930907588881853e-14
9.480000000000000000e+02 0.000000000000000000e+00 0.000000000000000000e+00 6.312900595175819643e-14
9.490000000000000000e+02 0.000000000000000000e+00 0.000000000000000000e+00 6.301896649406394080e-14
9.500000000000000000e+02 0.000000000000000000e+00 0.000000000000000000e+00 6.290918845618475751e-14
9.510000000000000000e+02 0.000000000000000000e+00 0.000000000000000000e+00 6.279967065755464538e-14
9.520000000000000000e+02 0.000000000000000000e+00 0.000000000000000000e+00 6.269041090743098851e-14
9.530000000000000000e+02 0.000000000000000000e+00 0.000000000000000000e+00 6.258140807507794552e-14
9.540000000000000000e+02 0.000000000000000000e+00 0.000000000000000000e+00 6.247266002776569363e-14
9.550000000000000000e+02 0.000000000000000000e+00 0.000000000000000000e+00 6.236416568436517112e-14
9.560000000000000000e+02 0.000000000000000000e+00 0.000000000000000000e+00 6.225592295932543554e-14
9.570000000000000000e+02 0.000000000000000000e+00 0.000000000000000000e+00 6.214793081334198473e-14
9.580000000000000000e+02 0.000000000000000000e+00 0.000000000000000000e+00 6.204018722310640266e-14
9.590000000000000000e+02 0.000000000000000000e+00 0.000000000000000000e+00 6.193269119633927121e-14
9.600000000000000000e+02 0.000000000000000000e+00 0.000000000000000000e+00 6.182544075773774308e-14
9.610000000000000000e+02 0.000000000000000000e+00 0.000000000000000000e+00 6.171843496365089128e-14
9.620000000000000000e+02 0.000000000000000000e+00 0.000000000000000000e+00 6.161167189080100542e-14
9.630000000000000000e+02 0.000000000000000000e+00 0.000000000000000000e+00 6.150515064340936555e-14
9.640000000000000000e+02 0.000000000000000000e+00 0.000000000000000000e+00 6.139886934316162892e-14
9.650000000000000000e+02 0.000000000000000000e+00 0.000000000000000000e+00 6.129282714232686416e-14
9.660000000000000000e+02 0.000000000000000000e+00 0.000000000000000000e+00 6.118702221159085519e-14
9.670000000000000000e+02 0.000000000000000000e+00 0.000000000000000000e+00 6.108145375112085331e-14
9.680000000000000000e+02 0.000000000000000000e+00 0.000000000000000000e+00 6.097611997221158625e-14
9.690000000000000000e+02 0.000000000000000000e+00 0.000000000000000000e+00 6.087102012322704341e-14
9.700000000000000000e+02 0.000000000000000000e+00 0.000000000000000000e+00 6.076615247063479589e-14
9.710000000000000000e+02 0.000000000000000000e+00 0.000000000000000000e+00 6.066151629131124495e-14
9.720000000000000000e+02 0.000000000000000000e+00 0.000000000000000000e+00 6.055710991309795858e-14
9.730000000000000000e+02 0.000000000000000000e+00 0.000000000000000000e+00 6.045293265127722683e-14
9.740000000000000000e+02 0.000000000000000000e+00 0.000000000000000000e+00 6.034898288920735395e-14
9.750000000000000000e+02 0.000000000000000000e+00 0.000000000000000000e+00 6.024525998276914820e-14
9.760000000000000000e+02 0.000000000000000000e+00 0.000000000000000000e+00 6.014176235001386784e-14
9.770000000000000000e+02 0.000000000000000000e+00 0.000000000000000000e+00 6.003848939732938674e-14
9.780000000000000000e+02 0.000000000000000000e+00 0.000000000000000000e+00 5.993543959495490831e-14
9.790000000000000000e+02 0.000000000000000000e+00 0.000000000000000000e+00 5.983261237729119892e-14
9.800000000000000000e+02 0.000000000000000000e+00 0.000000000000000000e+00 5.973000627305192173e-14
9.810000000000000000e+02 0.000000000000000000e+00 0.000000000000000000e+00 5.962762075235958536e-14
9.820000000000000000e+02 0.000000000000000000e+00 0.000000000000000000e+00 5.952545437852989236e-14
9.830000000000000000e+02 0.000000000000000000e+00 0.000000000000000000e+00 5.942350667826669639e-14
9.840000000000000000e+02 0.000000000000000000e+00 0.000000000000000000e+00 5.932177624747315271e-14
9.850000000000000000e+02 0.000000000000000000e+00 0.000000000000000000e+00 5.922026265879402644e-14
9.860000000000000000e+02 0.000000000000000000e+00 0.000000000000000000e+00 5.911896455915252523e-14
9.870000000000000000e+02 0.000000000000000000e+00 0.000000000000000000e+00 5.901788155315128018e-14
9.880000000000000000e+02 0.000000000000000000e+00 0.000000000000000000e+00 5.891701233256911450e-14
9.890000000000000000e+02 0.000000000000000000e+00 0.000000000000000000e+00 5.881635654275505423e-14
9.900000000000000000e+02 0.000000000000000000e+00 0.000000000000000000e+00 5.871591292996592463e-14
9.910000000000000000e+02 0.000000000000000000e+00 0.000000000000000000e+00 5.861568116782134302e-14
9.920000000000000000e+02 0.000000000000000000e+00 0.000000000000000000e+00 5.851566004740533861e-14
9.930000000000000000e+02 0.000000000000000000e+00 0.000000000000000000e+00 5.841584928870058806e-14
9.940000000000000000e+02 0.000000000000000000e+00 0.000000000000000000e+00 5.831624772112209917e-14
9.950000000000000000e+02 0.000000000000000000e+00 0.000000000000000000e+00 5.821685510645457826e-14
9.960000000000000000e+02 0.000000000000000000e+00 0.000000000000000000e+00 5.811767031062539069e-14
9.970000000000000000e+02 0.000000000000000000e+00 0.000000000000000000e+00 5.801869313647567902e-14
9.980000000000000000e+02 0.000000000000000000e+00 0.000000000000000000e+00 5.791992250201454151e-14
9.990000000000000000e+02 0.000000000000000000e+00 0.000000000000000000e+00 5.782135823356716907e-14
1.000000000000000000e+03 0.000000000000000000e+00 0.000000000000000000e+00 5.772299930447463869e-14
1.001000000000000000e+03 0.000000000000000000e+00 0.000000000000000000e+00 5.762484557532279950e-14
1.002000000000000000e+03 0.000000000000000000e+00 0.000000000000000000e+00 5.752689606064120109e-14
1.003000000000000000e+03 0.000000000000000000e+00 0.000000000000000000e+00 5.742915065573519022e-14
1.004000000000000000e+03 0.000000000000000000e+00 0.000000000000000000e+00 5.733160842190041430e-14
1.005000000000000000e+03 0.000000000000000000e+00 0.000000000000000000e+00 5.723426928937944334e-14
1.006000000000000000e+03 0.000000000000000000e+00 0.000000000000000000e+00 5.713713235528614784e-14
1.007000000000000000e+03 0.000000000000000000e+00 0.000000000000000000e+00 5.704019758801878518e-14
1.008000000000000000e+03 0.000000000000000000e+00 0.000000000000000000e+00 5.694346412810707561e-14
1.009000000000000000e+03 0.000000000000000000e+00 0.000000000000000000e+00 5.684693197626059005e-14
1.010000000000000000e+03 0.000000000000000000e+00 0.000000000000000000e+00 5.675060030162012502e-14
1.011000000000000000e+03 0.000000000000000000e+00 0.000000000000000000e+00 5.665446915396259538e-14
1.012000000000000000e+03 0.000000000000000000e+00 0.000000000000000000e+00 5.655853774152480090e-14
1.013000000000000000e+03 0.000000000000000000e+00 0.000000000000000000e+00 5.646280614123041124e-14
1.014000000000000000e+03 0.000000000000000000e+00 0.000000000000000000e+00 5.636727359032706558e-14
1.015000000000000000e+03 0.000000000000000000e+00 0.000000000000000000e+00 5.627194021348412628e-14
1.016000000000000000e+03 0.000000000000000000e+00 0.000000000000000000e+00 5.617680527938755470e-14
1.017000000000000000e+03 0.000000000000000000e+00 0.000000000000000000e+00 5.608186894896492505e-14
1.018000000000000000e+03 0.000000000000000000e+00 0.000000000000000000e+00 5.598713053005015318e-14
1.019000000000000000e+03 0.000000000000000000e+00 0.000000000000000000e+00 5.589259021344994243e-14
1.020000000000000000e+03 0.000000000000000000e+00 0.000000000000000000e+00 5.579824734023765808e-14
1.021000000000000000e+03 0.000000000000000000e+00 0.000000000000000000e+00 5.570410213127779383e-14
1.022000000000000000e+03 0.000000000000000000e+00 0.000000000000000000e+00 5.561015396740619209e-14
1.023000000000000000e+03 0.000000000000000000e+00 0.000000000000000000e+00 5.551640310043059227e-14
1.024000000000000000e+03 0.000000000000000000e+00 0.000000000000000000e+00 5.542284894922611984e-14
1.025000000000000000e+03 0.000000000000000000e+00 0.000000000000000000e+00 5.532949179143426998e-14
1.026000000000000000e+03 0.000000000000000000e+00 0.000000000000000000e+00 5.523633106884645755e-14
1.027000000000000000e+03 0.000000000000000000e+00 0.000000000000000000e+00 5.514336709234044644e-14
1.028000000000000000e+03 0.000000000000000000e+00 0.000000000000000000e+00 5.505059933890373472e-14
1.029000000000000000e+03 0.000000000000000000e+00 0.000000000000000000e+00 5.495802815170690262e-14
1.030000000000000000e+03 0.000000000000000000e+00 0.000000000000000000e+00 5.486565303915279245e-14
1.031000000000000000e+03 0.000000000000000000e+00 0.000000000000000000e+00 5.477347436469057541e-14
1.032000000000000000e+03 0.000000000000000000e+00 0.000000000000000000e+00 5.468149166486864116e-14
1.033000000000000000e+03 0.000000000000000000e+00 0.000000000000000000e+00 5.458970533292718374e-14
1.034000000000000000e+03 0.000000000000000000e+00 0.000000000000000000e+00 5.449811494044995036e-14
1.035000000000000000e+03 0.000000000000000000e+00 0.000000000000000000e+00 5.440672089800879410e-14
1.036000000000000000e+03 0.000000000000000000e+00 0.000000000000000000e+00 5.431552280259389515e-14
1.037000000000000000e+03 0.000000000000000000e+00 0.000000000000000000e+00 5.422452109862336041e-14
1.038000000000000000e+03 0.000000000000000000e+00 0.000000000000000000e+00 5.413371539962478504e-14
1.039000000000000000e+03 0.000000000000000000e+00 0.000000000000000000e+00 5.404310618278812018e-14
1.040000000000000000e+03 0.000000000000000000e+00 0.000000000000000000e+00 5.395269307774474224e-14
1.041000000000000000e+03 0.000000000000000000e+00 0.000000000000000000e+00 5.386247658314570845e-14
1.042000000000000000e+03 0.000000000000000000e+00 0.000000000000000000e+00 5.377245636338502776e-14
1.043000000000000000e+03 0.000000000000000000e+00 0.000000000000000000e+00 5.368263292654369967e-14
1.044000000000000000e+03 0.000000000000000000e+00 0.000000000000000000e+00 5.359300596542409740e-14
1.045000000000000000e+03 0.000000000000000000e+00 0.000000000000000000e+00 5.350357600385499196e-14
1.046000000000000000e+03 0.000000000000000000e+00 0.000000000000000000e+00 5.341434274713363803e-14
1.047000000000000000e+03 0.000000000000000000e+00 0.000000000000000000e+00 5.332530675072014730e-14
1.048000000000000000e+03 0.000000000000000000e+00 0.000000000000000000e+00 5.323646773005354065e-14
1.049000000000000000e+03 0.000000000000000000e+00 0.000000000000000000e+00 5.314782625776533015e-14
1.050000000000000000e+03 0.000000000000000000e+00 0.000000000000000000e+00 5.305938208119145842e-14
1.051000000000000000e+03 0.000000000000000000e+00 0.000000000000000000e+00 5.297113577307680002e-14
1.052000000000000000e+03 0.000000000000000000e+00 0.000000000000000000e+00 5.288308710513820502e-14
1.053000000000000000e+03 0.000000000000000000e+00 0.000000000000000000e+00 5.279523666119149136e-14
1.054000000000000000e+03 0.000000000000000000e+00 0.000000000000000000e+00 5.270758422049077214e-14
1.055000000000000000e+03 0.000000000000000000e+00 0.000000000000000000e+00 5.262013039193985719e-14
1.056000000000000000e+03 0.000000000000000000e+00 0.000000000000000000e+00 5.253287496288821335e-14
1.057000000000000000e+03 0.000000000000000000e+00 0.000000000000000000e+00 5.244581855289420777e-14
1.058000000000000000e+03 0.000000000000000000e+00 0.000000000000000000e+00 5.235896096735071452e-14
1.059000000000000000e+03 0.000000000000000000e+00 0.000000000000000000e+00 5.227230281923260843e-14
1.060000000000000000e+03 0.000000000000000000e+00 0.000000000000000000e+00 5.218584393438396990e-14
1.061000000000000000e+03 0.000000000000000000e+00 0.000000000000000000e+00 5.209958494061413367e-14
1.062000000000000000e+03 0.000000000000000000e+00 0.000000000000000000e+00 5.201352565855022841e-14
1.063000000000000000e+03 0.000000000000000000e+00 0.000000000000000000e+00 5.192766672869478364e-14
1.064000000000000000e+03 0.000000000000000000e+00 0.000000000000000000e+00 5.184200798094522382e-14
1.065000000000000000e+03 0.000000000000000000e+00 0.000000000000000000e+00 5.175655005014778801e-14
1.066000000000000000e+03 0.000000000000000000e+00 0.000000000000000000e+00 5.167129278330710669e-14
1.067000000000000000e+03 0.000000000000000000e+00 0.000000000000000000e+00 5.158623681450967644e-14
1.068000000000000000e+03 0.000000000000000000e+00 0.000000000000000000e+00 5.150138198769159137e-14
1.069000000000000000e+03 0.000000000000000000e+00 0.000000000000000000e+00 5.141672893965730204e-14
1.070000000000000000e+03 0.000000000000000000e+00 0.000000000000000000e+00 5.133227752525100609e-14
1.071000000000000000e+03 0.000000000000000000e+00 0.000000000000000000e+00 5.124802837492366836e-14
1.072000000000000000e+03 0.000000000000000000e+00 0.000000000000000000e+00 5.116398133585653583e-14
1.073000000000000000e+03 0.000000000000000000e+00 0.000000000000000000e+00 5.108013704317857531e-14
1.074000000000000000e+03 0.000000000000000000e+00 0.000000000000000000e+00 5.099649534136805551e-14
1.075000000000000000e+03 0.000000000000000000e+00 0.000000000000000000e+00 5.091305685758448543e-14
1.076000000000000000e+03 0.000000000000000000e+00 0.000000000000000000e+00 5.082982143327784192e-14
1.077000000000000000e+03 0.000000000000000000e+00 0.000000000000000000e+00 5.074678969245604630e-14
1.078000000000000000e+03 0.000000000000000000e+00 0.000000000000000000e+00 5.066396147498112366e-14
1.079000000000000000e+03 0.000000000000000000e+00 0.000000000000000000e+00 5.058133738962618535e-14
1.080000000000000000e+03 0.000000000000000000e+00 0.000000000000000000e+00 5.049891727851301481e-14
1.081000000000000000e+03 0.000000000000000000e+00 0.000000000000000000e+00 5.041670173838918258e-14
1.082000000000000000e+03 0.000000000000000000e+00 0.000000000000000000e+00 5.033469059906414566e-14
1.083000000000000000e+03 0.000000000000000000e+00 0.000000000000000000e+00 5.025288444789764487e-14
1.084000000000000000e+03 0.000000000000000000e+00 0.000000000000000000e+00 5.017128310802392874e-14
1.085000000000000000e+03 0.000000000000000000e+00 0.000000000000000000e+00 5.008988715148760947e-14
1.086000000000000000e+03 0.000000000000000000e+00 0.000000000000000000e+00 5.000869640197072060e-14
1.087000000000000000e+03 0.000000000000000000e+00 0.000000000000000000e+00 4.992771140739479184e-14
1.088000000000000000e+03 0.000000000000000000e+00 0.000000000000000000e+00 4.984693197319045528e-14
1.089000000000000000e+03 0.000000000000000000e+00 0.000000000000000000e+00 4.976635863909229700e-14
1.090000000000000000e+03 0.000000000000000000e+00 0.000000000000000000e+00 4.968599119865016115e-14
1.091000000000000000e+03 0.000000000000000000e+00 0.000000000000000000e+00 4.960583017113672416e-14
1.092000000000000000e+03 0.000000000000000000e+00 0.000000000000000000e+00 4.952587533992063989e-14
1.093000000000000000e+03 0.000000000000000000e+00 0.000000000000000000e+00 4.944612720421402237e-14
1.094000000000000000e+03 0.000000000000000000e+00 0.000000000000000000e+00 4.936658553100287235e-14
1.095000000000000000e+03 0.000000000000000000e+00 0.000000000000000000e+00 4.928725080154720256e-14
1.096000000000000000e+03 0.000000000000000000e+00 0.000000000000000000e+00 4.920812276665047261e-14
1.097000000000000000e+03 0.000000000000000000e+00 0.000000000000000000e+00 4.912920187847479712e-14
1.098000000000000000e+03 0.000000000000000000e+00 0.000000000000000000e+00 4.905048787045199719e-14
1.099000000000000000e+03 0.000000000000000000e+00 0.000000000000000000e+00 4.897198117722154200e-14
1.100000000000000000e+03 0.000000000000000000e+00 0.000000000000000000e+00 4.889368150759799611e-14
1.101000000000000000e+03 0.000000000000000000e+00 0.000000000000000000e+00 4.881558927514223184e-14
1.102000000000000000e+03 0.000000000000000000e+00 0.000000000000000000e+00 4.873770415972748244e-14
1.103000000000000000e+03 0.000000000000000000e+00 0.000000000000000000e+00 4.866002655746217709e-14
1.104000000000000000e+03 0.000000000000000000e+00 0.000000000000000000e+00 4.858255612237911006e-14
1.105000000000000000e+03 0.000000000000000000e+00 0.000000000000000000e+00 4.850529322302788005e-14
1.106000000000000000e+03 0.000000000000000000e+00 0.000000000000000000e+00 4.842823749602786473e-14
1.107000000000000000e+03 0.000000000000000000e+00 0.000000000000000000e+00 4.835138927549146379e-14
1.108000000000000000e+03 0.000000000000000000e+00 0.000000000000000000e+00 4.827474817880637071e-14
1.109000000000000000e+03 0.000000000000000000e+00 0.000000000000000000e+00 4.819831451439926390e-14
1.110000000000000000e+03 0.000000000000000000e+00 0.000000000000000000e+00 4.812208786923689279e-14
1.111000000000000000e+03 0.000000000000000000e+00 0.000000000000000000e+00 4.804606852905064103e-14
1.112000000000000000e+03 0.000000000000000000e+00 0.000000000000000000e+00 4.797025604817315526e-14
1.113000000000000000e+03 0.000000000000000000e+00 0.000000000000000000e+00 4.789465068553691415e-14
1.114000000000000000e+03 0.000000000000000000e+00 0.000000000000000000e+00 4.781925196818938022e-14
1.115000000000000000e+03 0.000000000000000000e+00 0.000000000000000000e+00 4.774406012204530944e-14
1.116000000000000000e+03 0.000000000000000000e+00 0.000000000000000000e+00 4.766907464570796056e-14
1.117000000000000000e+03 0.000000000000000000e+00 0.000000000000000000e+00 4.759429573400553620e-14
1.118000000000000000e+03 0.000000000000000000e+00 0.000000000000000000e+00 4.751972285937583281e-14
1.119000000000000000e+03 0.000000000000000000e+00 0.000000000000000000e+00 4.744535618035959022e-14
1.120000000000000000e+03 0.000000000000000000e+00 0.000000000000000000e+00 4.737119514680112366e-14
1.121000000000000000e+03 0.000000000000000000e+00 0.000000000000000000e+00 4.729723987533197811e-14
1.122000000000000000e+03 0.000000000000000000e+00 0.000000000000000000e+00 4.722348979036316410e-14
1.123000000000000000e+03 0.000000000000000000e+00 0.000000000000000000e+00 4.714994497915778707e-14
1.124000000000000000e+03 0.000000000000000000e+00 0.000000000000000000e+00 4.707660483169714956e-14
1.125000000000000000e+03 0.000000000000000000e+00 0.000000000000000000e+00 4.700346940566016717e-14
1.126000000000000000e+03 0.000000000000000000e+00 0.000000000000000000e+00 4.693053805759397691e-14
1.127000000000000000e+03 0.000000000000000000e+00 0.000000000000000000e+00 4.685781081386946047e-14
1.128000000000000000e+03 0.000000000000000000e+00 0.000000000000000000e+00 4.678528699990719679e-14
1.129000000000000000e+03 0.000000000000000000e+00 0.000000000000000000e+00 4.671296660532508216e-14
1.130000000000000000e+03 0.000000000000000000e+00 0.000000000000000000e+00 4.664084892714191352e-14
1.131000000000000000e+03 0.000000000000000000e+00 0.000000000000000000e+00 4.656893392648930240e-14
1.132000000000000000e+03 0.000000000000000000e+00 0.000000000000000000e+00 4.649722086365566593e-14
1.133000000000000000e+03 0.000000000000000000e+00 0.000000000000000000e+00 4.642570966687716636e-14
1.134000000000000000e+03 0.000000000000000000e+00 0.000000000000000000e+00 4.635439956380962635e-14
1.135000000000000000e+03 0.000000000000000000e+00 0.000000000000000000e+00 4.628329044603876204e-14
1.136000000000000000e+03 0.000000000000000000e+00 0.000000000000000000e+00 4.621238151758420485e-14
1.137000000000000000e+03 0.000000000000000000e+00 0.000000000000000000e+00 4.614167263118489722e-14
1.138000000000000000e+03 0.000000000000000000e+00 0.000000000000000000e+00 4.607116295976356738e-14
1.139000000000000000e+03 0.000000000000000000e+00 0.000000000000000000e+00 4.600085232351594438e-14
1.140000000000000000e+03 0.000000000000000000e+00 0.000000000000000000e+00 4.593073986685535488e-14
1.141000000000000000e+03 0.000000000000000000e+00 0.000000000000000000e+00 4.586082537559390204e-14
1.142000000000000000e+03 0.000000000000000000e+00 0.000000000000000000e+00 4.579110796394762629e-14
1.143000000000000000e+03 0.000000000000000000e+00 0.000000000000000000e+00 4.572158739066160145e-14
1.144000000000000000e+03 0.000000000000000000e+00 0.000000000000000000e+00 4.565226273938590602e-14
1.145000000000000000e+03 0.000000000000000000e+00 0.000000000000000000e+00 4.558313373062667952e-14
1.146000000000000000e+03 0.000000000000000000e+00 0.000000000000000000e+00 4.551419942536417015e-14
1.147000000000000000e+03 0.000000000000000000e+00 0.000000000000000000e+00 4.544545951411857019e-14
1.148000000000000000e+03 0.000000000000000000e+00 0.000000000000000000e+00 4.537691302889309586e-14
1.149000000000000000e+03 0.000000000000000000e+00 0.000000000000000000e+00 4.530855962624897314e-14
1.150000000000000000e+03 0.000000000000000000e+00 0.000000000000000000e+00 4.524039831058425324e-14
1.151000000000000000e+03 0.000000000000000000e+00 0.000000000000000000e+00 4.517242871307377256e-14
1.152000000000000000e+03 0.000000000000000000e+00 0.000000000000000000e+00 4.510464981275075069e-14
1.153000000000000000e+03 0.000000000000000000e+00 0.000000000000000000e+00 4.503706120805996422e-14
1.154000000000000000e+03 0.000000000000000000e+00 0.000000000000000000e+00 4.496966185267741836e-14
1.155000000000000000e+03 0.000000000000000000e+00 0.000000000000000000e+00 4.490245131475708875e-14
1.156000000000000000e+03 0.000000000000000000e+00 0.000000000000000000e+00 4.483542853172933692e-14
1.157000000000000000e+03 0.000000000000000000e+00 0.000000000000000000e+00 4.476859304309643273e-14
1.158000000000000000e+03 0.000000000000000000e+00 0.000000000000000000e+00 4.470194375895208201e-14
1.159000000000000000e+03 0.000000000000000000e+00 0.000000000000000000e+00 4.463548019077573510e-14
1.160000000000000000e+03 0.000000000000000000e+00 0.000000000000000000e+00 4.456920122740953846e-14
1.161000000000000000e+03 0.000000000000000000e+00 0.000000000000000000e+00 4.450310635757481649e-14
1.162000000000000000e+03 0.000000000000000000e+00 0.000000000000000000e+00 4.443719444914588744e-14
1.163000000000000000e+03 0.000000000000000000e+00 0.000000000000000000e+00 4.437146496261716210e-14
1.164000000000000000e+03 0.000000000000000000e+00 0.000000000000000000e+00 4.430591674296289462e-14
1.165000000000000000e+03 0.000000000000000000e+00 0.000000000000000000e+00 4.424054922767307484e-14
1.166000000000000000e+03 0.000000000000000000e+00 0.000000000000000000e+00 4.417536123925947082e-14
1.167000000000000000e+03 0.000000000000000000e+00 0.000000000000000000e+00 4.411035219945927113e-14
1.168000000000000000e+03 0.000000000000000000e+00 0.000000000000000000e+00 4.404552091033997312e-14
1.169000000000000000e+03 0.000000000000000000e+00 0.000000000000000000e+00 4.398086677358407206e-14
1.170000000000000000e+03 0.000000000000000000e+00 0.000000000000000000e+00 4.391638857053670540e-14
1.171000000000000000e+03 0.000000000000000000e+00 0.000000000000000000e+00 4.385208568409979274e-14
1.172000000000000000e+03 0.000000000000000000e+00 0.000000000000000000e+00 4.378795688174663019e-14
1.173000000000000000e+03 0.000000000000000000e+00 0.000000000000000000e+00 4.372400152906504781e-14
1.174000000000000000e+03 0.000000000000000000e+00 0.000000000000000000e+00 4.366021837708591823e-14
1.175000000000000000e+03 0.000000000000000000e+00 0.000000000000000000e+00 4.359660676846530150e-14
1.176000000000000000e+03 0.000000000000000000e+00 0.000000000000000000e+00 4.353316544452822860e-14
1.177000000000000000e+03 0.000000000000000000e+00 0.000000000000000000e+00 4.346989373387736666e-14
1.178000000000000000e+03 0.000000000000000000e+00 0.000000000000000000e+00 4.340679035867812646e-14
1.179000000000000000e+03 0.000000000000000000e+00 0.000000000000000000e+00 4.334385463813382173e-14
1.180000000000000000e+03 0.000000000000000000e+00 0.000000000000000000e+00 4.328108528049312627e-14
1.181000000000000000e+03 0.000000000000000000e+00 0.000000000000000000e+00 4.321848159251812117e-14
1.182000000000000000e+03 0.000000000000000000e+00 0.000000000000000000e+00 4.315604227313277831e-14
1.183000000000000000e+03 0.000000000000000000e+00 0.000000000000000000e+00 4.309376661233109458e-14
1.184000000000000000e+03 0.000000000000000000e+00 0.000000000000000000e+00 4.303165330458174478e-14
1.185000000000000000e+03 0.000000000000000000e+00 0.000000000000000000e+00 4.296970162986450266e-14
1.186000000000000000e+03 0.000000000000000000e+00 0.000000000000000000e+00 4.290791027556264583e-14
1.187000000000000000e+03 0.000000000000000000e+00 0.000000000000000000e+00 4.284627850854614000e-14
1.188000000000000000e+03 0.000000000000000000e+00 0.000000000000000000e+00 4.278480501136854079e-14
1.189000000000000000e+03 0.000000000000000000e+00 0.000000000000000000e+00 4.272348904147691459e-14
1.190000000000000000e+03 0.000000000000000000e+00 0.000000000000000000e+00 4.266232926973014972e-14
1.191000000000000000e+03 0.000000000000000000e+00 0.000000000000000000e+00 4.260132495474887252e-14
1.192000000000000000e+03 0.000000000000000000e+00 0.000000000000000000e+00 4.254047475939920109e-14
1.193000000000000000e+03 0.000000000000000000e+00 0.000000000000000000e+00 4.247977793291988321e-14
1.194000000000000000e+03 0.000000000000000000e+00 0.000000000000000000e+00 4.241923313597924523e-14
1.195000000000000000e+03 0.000000000000000000e+00 0.000000000000000000e+00 4.235883961138560056e-14
1.196000000000000000e+03 0.000000000000000000e+00 0.000000000000000000e+00 4.229859602277310226e-14
1.197000000000000000e+03 0.000000000000000000e+00 0.000000000000000000e+00 4.223850160594091468e-14
1.198000000000000000e+03 0.000000000000000000e+00 0.000000000000000000e+00 4.217855502741278206e-14
1.199000000000000000e+03 0.000000000000000000e+00 0.000000000000000000e+00 4.211875552172846180e-14
1.200000000000000000e+03 0.000000000000000000e+00 0.000000000000000000e+00 4.205910175166185097e-14
1.201000000000000000e+03 0.000000000000000000e+00 0.000000000000000000e+00 4.199959295400682336e-14
1.202000000000000000e+03 0.000000000000000000e+00 0.000000000000000000e+00 4.194022779478251098e-14
1.203000000000000000e+03 0.000000000000000000e+00 0.000000000000000000e+00 4.188100550817551396e-14
1.204000000000000000e+03 0.000000000000000000e+00 0.000000000000000000e+00 4.182192476495925860e-14
1.205000000000000000e+03 0.000000000000000000e+00 0.000000000000000000e+00 4.176298480295472189e-14
1.206000000000000000e+03 0.000000000000000000e+00 0.000000000000000000e+00 4.170418428975874502e-14
1.207000000000000000e+03 0.000000000000000000e+00 0.000000000000000000e+00 4.164552247006038046e-14
1.208000000000000000e+03 0.000000000000000000e+00 0.000000000000000000e+00 4.158699801687824731e-14
1.209000000000000000e+03 0.000000000000000000e+00 0.000000000000000000e+00 4.152861017837479677e-14
1.210000000000000000e+03 0.000000000000000000e+00 0.000000000000000000e+00 4.147035763499538840e-14
1.211000000000000000e+03 0.000000000000000000e+00 0.000000000000000000e+00 4.141223963395085470e-14
1.212000000000000000e+03 0.000000000000000000e+00 0.000000000000000000e+00 4.135425486888963186e-14
1.213000000000000000e+03 0.000000000000000000e+00 0.000000000000000000e+00 4.129640259177453689e-14
1.214000000000000000e+03 0.000000000000000000e+00 0.000000000000000000e+00 4.123868150350050116e-14
1.215000000000000000e+03 0.000000000000000000e+00 0.000000000000000000e+00 4.118109085789722206e-14
1.216000000000000000e+03 0.000000000000000000e+00 0.000000000000000000e+00 4.112362937271279222e-14
1.217000000000000000e+03 0.000000000000000000e+00 0.000000000000000000e+00 4.106629630668567488e-14
1.218000000000000000e+03 0.000000000000000000e+00 0.000000000000000000e+00 4.100909038425164146e-14
1.219000000000000000e+03 0.000000000000000000e+00 0.000000000000000000e+00 4.095201087803504457e-14
1.220000000000000000e+03 0.000000000000000000e+00 0.000000000000000000e+00 4.089505652069613640e-14
1.221000000000000000e+03 0.000000000000000000e+00 0.000000000000000000e+00 4.083822659464476725e-14
1.222000000000000000e+03 0.000000000000000000e+00 0.000000000000000000e+00 4.078151984511313301e-14
1.223000000000000000e+03 0.000000000000000000e+00 0.000000000000000000e+00 4.072493556507468882e-14
1.224000000000000000e+03 0.000000000000000000e+00 0.000000000000000000e+00 4.066847250557419754e-14
1.225000000000000000e+03 0.000000000000000000e+00 0.000000000000000000e+00 4.061212997464127567e-14
1.226000000000000000e+03 0.000000000000000000e+00 0.000000000000000000e+00 4.055590673719829555e-14
1.227000000000000000e+03 0.000000000000000000e+00 0.000000000000000000e+00 4.049980210796691328e-14
1.228000000000000000e+03 0.000000000000000000e+00 0.000000000000000000e+00 4.044381486562667374e-14
1.229000000000000000e+03 0.000000000000000000e+00 0.000000000000000000e+00 4.038794433754966521e-14
1.230000000000000000e+03 0.000000000000000000e+00 0.000000000000000000e+00 4.033218931689450750e-14
1.231000000000000000e+03 0.000000000000000000e+00 0.000000000000000000e+00 4.027654914421567843e-14
1.232000000000000000e+03 0.000000000000000000e+00 0.000000000000000000e+00 4.022102262787744516e-14
1.233000000000000000e+03 0.000000000000000000e+00 0.000000000000000000e+00 4.016560912239893475e-14
1.234000000000000000e+03 0.000000000000000000e+00 0.000000000000000000e+00 4.011030745238810169e-14
1.235000000000000000e+03 0.000000000000000000e+00 0.000000000000000000e+00 4.005511698474963103e-14
1.236000000000000000e+03 0.000000000000000000e+00 0.000000000000000000e+00 4.000003656095463497e-14
1.237000000000000000e+03 0.000000000000000000e+00 0.000000000000000000e+00 3.994506556438093083e-14
1.238000000000000000e+03 0.000000000000000000e+00 0.000000000000000000e+00 3.989020285186157990e-14
1.239000000000000000e+03 0.000000000000000000e+00 0.000000000000000000e+00 3.983544781758930386e-14
1.240000000000000000e+03 0.000000000000000000e+00 0.000000000000000000e+00 3.978079933886272761e-14
1.241000000000000000e+03 0.000000000000000000e+00 0.000000000000000000e+00 3.972625682568852662e-14
1.242000000000000000e+03 0.000000000000000000e+00 0.000000000000000000e+00 3.967181916967276350e-14
1.243000000000000000e+03 0.000000000000000000e+00 0.000000000000000000e+00 3.961748579853989177e-14
1.244000000000000000e+03 0.000000000000000000e+00 0.000000000000000000e+00 3.956325562282734205e-14
1.245000000000000000e+03 0.000000000000000000e+00 0.000000000000000000e+00 3.950912808229309192e-14
1.246000000000000000e+03 0.000000000000000000e+00 0.000000000000000000e+00 3.945510210997084028e-14
1.247000000000000000e+03 0.000000000000000000e+00 0.000000000000000000e+00 3.940117716228626793e-14
1.248000000000000000e+03 0.000000000000000000e+00 0.000000000000000000e+00 3.934735219345743485e-14
1.249000000000000000e+03 0.000000000000000000e+00 0.000000000000000000e+00 3.929362667513232361e-14
1.250000000000000000e+03 0.000000000000000000e+00 0.000000000000000000e+00 3.923999957564620912e-14
1.251000000000000000e+03 0.000000000000000000e+00 0.000000000000000000e+00 3.918647039179332169e-14
1.252000000000000000e+03 0.000000000000000000e+00 0.000000000000000000e+00 3.913303810478166944e-14
1.253000000000000000e+03 0.000000000000000000e+00 0.000000000000000000e+00 3.907970222585919413e-14
1.254000000000000000e+03 0.000000000000000000e+00 0.000000000000000000e+00 3.902646175771122894e-14
1.255000000000000000e+03 0.000000000000000000e+00 0.000000000000000000e+00 3.897331622749666774e-14
1.256000000000000000e+03 0.000000000000000000e+00 0.000000000000000000e+00 3.892026465492503005e-14
1.257000000000000000e+03 0.000000000000000000e+00 0.000000000000000000e+00 3.886730658583536022e-14
1.258000000000000000e+03 0.000000000000000000e+00 0.000000000000000000e+00 3.881444106057648010e-14
1.259000000000000000e+03 0.000000000000000000e+00 0.000000000000000000e+00 3.876166764045180257e-14
1.260000000000000000e+03 0.000000000000000000e+00 0.000000000000000000e+00 3.870898538923599881e-14
1.261000000000000000e+03 0.000000000000000000e+00 0.000000000000000000e+00 3.865639388414270175e-14
1.262000000000000000e+03 0.000000000000000000e+00 0.000000000000000000e+00 3.860389220787745202e-14
1.263000000000000000e+03 0.000000000000000000e+00 0.000000000000000000e+00 3.855147995819583945e-14
1.264000000000000000e+03 0.000000000000000000e+00 0.000000000000000000e+00 3.849915623818630829e-14
1.265000000000000000e+03 0.000000000000000000e+00 0.000000000000000000e+00 3.844692066197558405e-14
1.266000000000000000e+03 0.000000000000000000e+00 0.000000000000000000e+00 3.839477235170097508e-14
1.267000000000000000e+03 0.000000000000000000e+00 0.000000000000000000e+00 3.834271094126213803e-14
1.268000000000000000e+03 0.000000000000000000e+00 0.000000000000000000e+00 3.829073557170270131e-14
1.269000000000000000e+03 0.000000000000000000e+00 0.000000000000000000e+00 3.823884589477033742e-14
1.270000000000000000e+03 0.000000000000000000e+00 0.000000000000000000e+00 3.818704107156471229e-14
1.271000000000000000e+03 0.000000000000000000e+00 0.000000000000000000e+00 3.813532077242715190e-14
1.272000000000000000e+03 0.000000000000000000e+00 0.000000000000000000e+00 3.808368417943786052e-14
1.273000000000000000e+03 0.000000000000000000e+00 0.000000000000000000e+00 3.803213098218392790e-14
1.274000000000000000e+03 0.000000000000000000e+00 0.000000000000000000e+00 3.798066038493742094e-14
1.275000000000000000e+03 0.000000000000000000e+00 0.000000000000000000e+00 3.792927209559894259e-14
1.276000000000000000e+03 0.000000000000000000e+00 0.000000000000000000e+00 3.787796533871285245e-14
1.277000000000000000e+03 0.000000000000000000e+00 0.000000000000000000e+00 3.782673984254714494e-14
1.278000000000000000e+03 0.000000000000000000e+00 0.000000000000000000e+00 3.777559484858237325e-14
1.279000000000000000e+03 0.000000000000000000e+00 0.000000000000000000e+00 3.772453010529774772e-14
1.280000000000000000e+03 0.000000000000000000e+00 0.000000000000000000e+00 3.767354487503288162e-14
1.281000000000000000e+03 0.000000000000000000e+00 0.000000000000000000e+00 3.762263892510028208e-14
1.282000000000000000e+03 0.000000000000000000e+00 0.000000000000000000e+00 3.757181153710793174e-14
1.283000000000000000e+03 0.000000000000000000e+00 0.000000000000000000e+00 3.752106249360401231e-14
1.284000000000000000e+03 0.000000000000000000e+00 0.000000000000000000e+00 3.747039109795896998e-14
1.285000000000000000e+03 0.000000000000000000e+00 0.000000000000000000e+00 3.741979715014602138e-14
1.286000000000000000e+03 0.000000000000000000e+00 0.000000000000000000e+00 3.736927997725732280e-14
1.287000000000000000e+03 0.000000000000000000e+00 0.000000000000000000e+00 3.731883939722773422e-14
1.288000000000000000e+03 0.000000000000000000e+00 0.000000000000000000e+00 3.726847475620470681e-14
1.289000000000000000e+03 0.000000000000000000e+00 0.000000000000000000e+00 3.721818589861997281e-14
1.290000000000000000e+03 0.000000000000000000e+00 0.000000000000000000e+00 3.716797219007880559e-14
1.291000000000000000e+03 0.000000000000000000e+00 0.000000000000000000e+00 3.711783349246849808e-14
1.292000000000000000e+03 0.000000000000000000e+00 0.000000000000000000e+00 3.706776919627652385e-14
1.293000000000000000e+03 0.000000000000000000e+00 0.000000000000000000e+00 3.701777918169202019e-14
1.294000000000000000e+03 0.000000000000000000e+00 0.000000000000000000e+00 3.696786286023077241e-14
1.295000000000000000e+03 0.000000000000000000e+00 0.000000000000000000e+00 3.691802013095052403e-14
1.296000000000000000e+03 0.000000000000000000e+00 0.000000000000000000e+00 3.686825043122326394e-14
1.297000000000000000e+03 0.000000000000000000e+00 0.000000000000000000e+00 3.681855367660540809e-14
1.298000000000000000e+03 0.000000000000000000e+00 0.000000000000000000e+00 3.676892932473802581e-14
1.299000000000000000e+03 0.000000000000000000e+00 0.000000000000000000e+00 3.671937731027574830e-14
1.300000000000000000e+03 0.000000000000000000e+00 0.000000000000000000e+00 3.666989711669211321e-14
1.301000000000000000e+03 0.000000000000000000e+00 0.000000000000000000e+00 3.662048869571102304e-14
1.302000000000000000e+03 0.000000000000000000e+00 0.000000000000000000e+00 3.657115155405039525e-14
1.303000000000000000e+03 0.000000000000000000e+00 0.000000000000000000e+00 3.652188566264194242e-14
1.304000000000000000e+03 0.000000000000000000e+00 0.000000000000000000e+00 3.647269054770912716e-14
1.305000000000000000e+03 0.000000000000000000e+00 0.000000000000000000e+00 3.642356620105323603e-14
1.306000000000000000e+03 0.000000000000000000e+00 0.000000000000000000e+00 3.637451217246722942e-14
1.307000000000000000e+03 0.000000000000000000e+00 0.000000000000000000e+00 3.632552847474078297e-14
1.308000000000000000e+03 0.000000000000000000e+00 0.000000000000000000e+00 3.627661467467148593e-14
1.309000000000000000e+03 0.000000000000000000e+00 0.000000000000000000e+00 3.622777080853084087e-14
1.310000000000000000e+03 0.000000000000000000e+00 0.000000000000000000e+00 3.617899646333181185e-14
1.311000000000000000e+03 0.000000000000000000e+00 0.000000000000000000e+00 3.613029169309788450e-14
1.312000000000000000e+03 0.000000000000000000e+00 0.000000000000000000e+00 3.608165610695516353e-14
1.313000000000000000e+03 0.000000000000000000e+00 0.000000000000000000e+00 3.603308977825241552e-14
1.314000000000000000e+03 0.000000000000000000e+00 0.000000000000000000e+00 3.598459233814829577e-14
1.315000000000000000e+03 0.000000000000000000e+00 0.000000000000000000e+00 3.593616387399258347e-14
1.316000000000000000e+03 0.000000000000000000e+00 0.000000000000000000e+00 3.588780403693951943e-14
1.317000000000000000e+03 0.000000000000000000e+00 0.000000000000000000e+00 3.583951293375553912e-14
1.318000000000000000e+03 0.000000000000000000e+00 0.000000000000000000e+00 3.579129023388539969e-14
1.319000000000000000e+03 0.000000000000000000e+00 0.000000000000000000e+00 3.574313606421141397e-14
1.320000000000000000e+03 0.000000000000000000e+00 0.000000000000000000e+00 3.569505011008099872e-14
1.321000000000000000e+03 0.000000000000000000e+00 0.000000000000000000e+00 3.564703251473737251e-14
1.322000000000000000e+03 0.000000000000000000e+00 0.000000000000000000e+00 3.559908298548660222e-14
1.323000000000000000e+03 0.000000000000000000e+00 0.000000000000000000e+00 3.555120168146055586e-14
1.324000000000000000e+03 0.000000000000000000e+00 0.000000000000000000e+00 3.550338833134735623e-14
1.325000000000000000e+03 0.000000000000000000e+00 0.000000000000000000e+00 3.545564311158132359e-14
1.326000000000000000e+03 0.000000000000000000e+00 0.000000000000000000e+00 3.540796576853117504e-14
1.327000000000000000e+03 0.000000000000000000e+00 0.000000000000000000e+00 3.536035649542458387e-14
1.328000000000000000e+03 0.000000000000000000e+00 0.000000000000000000e+00 3.531281505531449861e-14
1.329000000000000000e+03 0.000000000000000000e+00 0.000000000000000000e+00 3.526534165786230700e-14
1.330000000000000000e+03 0.000000000000000000e+00 0.000000000000000000e+00 3.521793608158502313e-14
1.331000000000000000e+03 0.000000000000000000e+00 0.000000000000000000e+00 3.517059855371234577e-14
1.332000000000000000e+03 0.000000000000000000e+00 0.000000000000000000e+00 3.512332887153718199e-14
1.333000000000000000e+03 0.000000000000000000e+00 0.000000000000000000e+00 3.507612727579273695e-14
1.334000000000000000e+03 0.000000000000000000e+00 0.000000000000000000e+00 3.502899357959193626e-14
1.335000000000000000e+03 0.000000000000000000e+00 0.000000000000000000e+00 3.498192804029315294e-14
1.336000000000000000e+03 0.000000000000000000e+00 0.000000000000000000e+00 3.493493048902786124e-14
1.337000000000000000e+03 0.000000000000000000e+00 0.000000000000000000e+00 3.488800119705096370e-14
1.338000000000000000e+03 0.000000000000000000e+00 0.000000000000000000e+00 3.484114000954792706e-14
1.339000000000000000e+03 0.000000000000000000e+00 0.000000000000000000e+00 3.479434721344784041e-14
1.340000000000000000e+03 0.000000000000000000e+00 0.000000000000000000e+00 3.474762267208209176e-14
1.341000000000000000e+03 0.000000000000000000e+00 0.000000000000000000e+00 3.470096668285587459e-14
1.342000000000000000e+03 0.000000000000000000e+00 0.000000000000000000e+00 3.465437912463504675e-14
1.343000000000000000e+03 0.000000000000000000e+00 0.000000000000000000e+00 3.460786030896262168e-14
1.344000000000000000e+03 0.000000000000000000e+00 0.000000000000000000e+00 3.456141012657545072e-14
1.345000000000000000e+03 0.000000000000000000e+00 0.000000000000000000e+00 3.451502890267783221e-14
1.346000000000000000e+03 0.000000000000000000e+00 0.000000000000000000e+00 3.446871653921641299e-14
1.347000000000000000e+03 0.000000000000000000e+00 0.000000000000000000e+00 3.442247337331598747e-14
1.348000000000000000e+03 0.000000000000000000e+00 0.000000000000000000e+00 3.437629932326809121e-14
1.349000000000000000e+03 0.000000000000000000e+00 0.000000000000000000e+00 3.433019473660171675e-14
1.350000000000000000e+03 0.000000000000000000e+00 0.000000000000000000e+00 3.428415954496475510e-14
1.351000000000000000e+03 0.000000000000000000e+00 0.000000000000000000e+00 3.423819410562666199e-14
1.352000000000000000e+03 0.000000000000000000e+00 0.000000000000000000e+00 3.419229836579153294e-14
1.353000000000000000e+03 0.000000000000000000e+00 0.000000000000000000e+00 3.414647269379233913e-14
1.354000000000000000e+03 0.000000000000000000e+00 0.000000000000000000e+00 3.410071705060534327e-14
1.355000000000000000e+03 0.000000000000000000e+00 0.000000000000000000e+00 3.405503181244436951e-14
1.356000000000000000e+03 0.000000000000000000e+00 0.000000000000000000e+00 3.400941695316414407e-14
1.357000000000000000e+03 0.000000000000000000e+00 0.000000000000000000e+00 3.396387286086114078e-14
1.358000000000000000e+03 0.000000000000000000e+00 0.000000000000000000e+00 3.391839951766261774e-14
1.359000000000000000e+03 0.000000000000000000e+00 0.000000000000000000e+00 3.387299732059890485e-14
1.360000000000000000e+03 0.000000000000000000e+00 0.000000000000000000e+00 3.382766626200601646e-14
1.361000000000000000e+03 0.000000000000000000e+00 0.000000000000000000e+00 3.378240674600936057e-14
1.362000000000000000e+03 0.000000000000000000e+00 0.000000000000000000e+00 3.373721877824048894e-14
1.363000000000000000e+03 0.000000000000000000e+00 0.000000000000000000e+00 3.369210276833855603e-14
1.364000000000000000e+03 0.000000000000000000e+00 0.000000000000000000e+00 3.364705873226467918e-14
1.365000000000000000e+03 0.000000000000000000e+00 0.000000000000000000e+00 3.360208708776623446e-14
1.366000000000000000e+03 0.000000000000000000e+00 0.000000000000000000e+00 3.355718785855103536e-14
1.367000000000000000e+03 0.000000000000000000e+00 0.000000000000000000e+00 3.351236146842853843e-14
1.368000000000000000e+03 0.000000000000000000e+00 0.000000000000000000e+00 3.346760795101024515e-14
1.369000000000000000e+03 0.000000000000000000e+00 0.000000000000000000e+00 3.342292773541683584e-14
1.370000000000000000e+03 0.000000000000000000e+00 0.000000000000000000e+00 3.337832085805530783e-14
1.371000000000000000e+03 0.000000000000000000e+00 0.000000000000000000e+00 3.333378775446448854e-14
1.372000000000000000e+03 0.000000000000000000e+00 0.000000000000000000e+00 3.328932846748602532e-14
1.373000000000000000e+03 0.000000000000000000e+00 0.000000000000000000e+00 3.324494343248801086e-14
1.374000000000000000e+03 0.000000000000000000e+00 0.000000000000000000e+00 3.320063269718602229e-14
1.375000000000000000e+03 0.000000000000000000e+00 0.000000000000000000e+00 3.315639670116781976e-14
1.376000000000000000e+03 0.000000000000000000e+00 0.000000000000000000e+00 3.311223549317758561e-14
1.377000000000000000e+03 0.000000000000000000e+00 0.000000000000000000e+00 3.306814951957116577e-14
1.378000000000000000e+03 0.000000000000000000e+00 0.000000000000000000e+00 3.302413882935637356e-14
1.379000000000000000e+03 0.000000000000000000e+00 0.000000000000000000e+00 3.298020387136611603e-14
1.380000000000000000e+03 0.000000000000000000e+00 0.000000000000000000e+00 3.293634469848231505e-14
1.381000000000000000e+03 0.000000000000000000e+00 0.000000000000000000e+00 3.289256175912552427e-14
1.382000000000000000e+03 0.000000000000000000e+00 0.000000000000000000e+00 3.284885510617717963e-14
1.383000000000000000e+03 0.000000000000000000e+00 0.000000000000000000e+00 3.280522519194773945e-14
1.384000000000000000e+03 0.000000000000000000e+00 0.000000000000000000e+00 3.276167206828052398e-14
1.385000000000000000e+03 0.000000000000000000e+00 0.000000000000000000e+00 3.271819618648872620e-14
1.386000000000000000e+03 0.000000000000000000e+00 0.000000000000000000e+00 3.267479759796794046e-14
1.387000000000000000e+03 0.000000000000000000e+00 0.000000000000000000e+00 3.263147675071968379e-14
1.388000000000000000e+03 0.000000000000000000e+00 0.000000000000000000e+00 3.258823369703114007e-14
1.389000000000000000e+03 0.000000000000000000e+00 0.000000000000000000e+00 3.254506888265935930e-14
1.390000000000000000e+03 0.000000000000000000e+00 0.000000000000000000e+00 3.250198235791340297e-14
1.391000000000000000e+03 0.000000000000000000e+00 0.000000000000000000e+00 3.245897456184567866e-14
1.392000000000000000e+03 0.000000000000000000e+00 0.000000000000000000e+00 3.241604554501249581e-14
1.393000000000000000e+03 0.000000000000000000e+00 0.000000000000000000e+00 3.237319574191567685e-14
1.394000000000000000e+03 0.000000000000000000e+00 0.000000000000000000e+00 3.233042519787942703e-14
1.395000000000000000e+03 0.000000000000000000e+00 0.000000000000000000e+00 3.228773434450682050e-14
1.396000000000000000e+03 0.000000000000000000e+00 0.000000000000000000e+00 3.224512322498901419e-14
1.397000000000000000e+03 0.000000000000000000e+00 0.000000000000000000e+00 3.220259226158809189e-14
1.398000000000000000e+03 0.000000000000000000e+00 0.000000000000000000e+00 3.216014149470937666e-14
1.399000000000000000e+03 0.000000000000000000e+00 0.000000000000000000e+00 3.211777133860433488e-14
1.400000000000000000e+03 0.000000000000000000e+00 0.000000000000000000e+00 3.207548183018496736e-14
1.401000000000000000e+03 0.000000000000000000e+00 0.000000000000000000e+00 3.203327337704452093e-14
1.402000000000000000e+03 0.000000000000000000e+00 0.000000000000000000e+00 3.199114600904990689e-14
1.403000000000000000e+03 0.000000000000000000e+00 0.000000000000000000e+00 3.194910012777854402e-14
1.404000000000000000e+03 0.000000000000000000e+00 0.000000000000000000e+00 3.190713575529009453e-14
1.405000000000000000e+03 0.000000000000000000e+00 0.000000000000000000e+00 3.186525328433165126e-14
1.406000000000000000e+03 0.000000000000000000e+00 0.000000000000000000e+00 3.182345272805529255e-14
1.407000000000000000e+03 0.000000000000000000e+00 0.000000000000000000e+00 3.178173447113662532e-14
1.408000000000000000e+03 0.000000000000000000e+00 0.000000000000000000e+00 3.174009851580069170e-14
1.409000000000000000e+03 0.000000000000000000e+00 0.000000000000000000e+00 3.169854523964062336e-14
1.410000000000000000e+03 0.000000000000000000e+00 0.000000000000000000e+00 3.165707463573686693e-14
1.411000000000000000e+03 0.000000000000000000e+00 0.000000000000000000e+00 3.161568706724893016e-14
1.412000000000000000e+03 0.000000000000000000e+00 0.000000000000000000e+00 3.157438252268093241e-14
1.413000000000000000e+03 0.000000000000000000e+00 0.000000000000000000e+00 3.153316135280389522e-14
1.414000000000000000e+03 0.000000000000000000e+00 0.000000000000000000e+00 3.149202353521331061e-14
1.415000000000000000e+03 0.000000000000000000e+00 0.000000000000000000e+00 3.145096941185521316e-14
1.416000000000000000e+03 0.000000000000000000e+00 0.000000000000000000e+00 3.140999894898504268e-14
1.417000000000000000e+03 0.000000000000000000e+00 0.000000000000000000e+00 3.136911247692877378e-14
1.418000000000000000e+03 0.000000000000000000e+00 0.000000000000000000e+00 3.132830995023833742e-14
1.419000000000000000e+03 0.000000000000000000e+00 0.000000000000000000e+00 3.128759168604313182e-14
1.420000000000000000e+03 0.000000000000000000e+00 0.000000000000000000e+00 3.124695762920474582e-14
1.421000000000000000e+03 0.000000000000000000e+00 0.000000000000000000e+00 3.120640808467181427e-14
1.422000000000000000e+03 0.000000000000000000e+00 0.000000000000000000e+00 3.116594298320798451e-14
1.423000000000000000e+03 0.000000000000000000e+00 0.000000000000000000e+00 3.112556261571344618e-14
1.424000000000000000e+03 0.000000000000000000e+00 0.000000000000000000e+00 3.108526690165089666e-14
1.425000000000000000e+03 0.000000000000000000e+00 0.000000000000000000e+00 3.104505612003350247e-14
1.426000000000000000e+03 0.000000000000000000e+00 0.000000000000000000e+00 3.100493017392227428e-14
1.427000000000000000e+03 0.000000000000000000e+00 0.000000000000000000e+00 3.096488933097996391e-14
1.428000000000000000e+03 0.000000000000000000e+00 0.000000000000000000e+00 3.092493347957810215e-14
1.429000000000000000e+03 0.000000000000000000e+00 0.000000000000000000e+00 3.088506287338927034e-14
1.430000000000000000e+03 0.000000000000000000e+00 0.000000000000000000e+00 3.084527739116878484e-14
1.431000000000000000e+03 0.000000000000000000e+00 0.000000000000000000e+00 3.080557726666531419e-14
1.432000000000000000e+03 0.000000000000000000e+00 0.000000000000000000e+00 3.076596236721992545e-14
1.433000000000000000e+03 0.000000000000000000e+00 0.000000000000000000e+00 3.072643291052835900e-14
1.434000000000000000e+03 0.000000000000000000e+00 0.000000000000000000e+00 3.068698874736154499e-14
1.435000000000000000e+03 0.000000000000000000e+00 0.000000000000000000e+00 3.064763008110059801e-14
1.436000000000000000e+03 0.000000000000000000e+00 0.000000000000000000e+00 3.060835674758288211e-14
1.437000000000000000e+03 0.000000000000000000e+00 0.000000000000000000e+00 3.056916893395662880e-14
1.438000000000000000e+03 0.000000000000000000e+00 0.000000000000000000e+00 3.053006645942185426e-14
1.439000000000000000e+03 0.000000000000000000e+00 0.000000000000000000e+00 3.049104949397998946e-14
1.440000000000000000e+03 0.000000000000000000e+00 0.000000000000000000e+00 3.045211784230712420e-14
1.441000000000000000e+03 0.000000000000000000e+00 0.000000000000000000e+00 3.041327165955108861e-14
1.442000000000000000e+03 0.000000000000000000e+00 0.000000000000000000e+00 3.037451073357409021e-14
1.443000000000000000e+03 0.000000000000000000e+00 0.000000000000000000e+00 3.033583520412811424e-14
1.444000000000000000e+03 0.000000000000000000e+00 0.000000000000000000e+00 3.029724484659940676e-14
1.445000000000000000e+03 0.000000000000000000e+00 0.000000000000000000e+00 3.025873978074530784e-14
1.446000000000000000e+03 0.000000000000000000e+00 0.000000000000000000e+00 3.022031976885943375e-14
1.447000000000000000e+03 0.000000000000000000e+00 0.000000000000000000e+00 3.018198491370872041e-14
1.448000000000000000e+03 0.000000000000000000e+00 0.000000000000000000e+00 3.014373496025058120e-14
1.449000000000000000e+03 0.000000000000000000e+00 0.000000000000000000e+00 3.010556999526653147e-14
1.450000000000000000e+03 0.000000000000000000e+00 0.000000000000000000e+00 3.006748974711482392e-14
1.451000000000000000e+03 0.000000000000000000e+00 0.000000000000000000e+00 3.002949428642299581e-14
1.452000000000000000e+03 0.000000000000000000e+00 0.000000000000000000e+00 2.999158332588233926e-14
1.453000000000000000e+03 0.000000000000000000e+00 0.000000000000000000e+00 2.995375691920951719e-14
1.454000000000000000e+03 0.000000000000000000e+00 0.000000000000000000e+00 2.991601476498441909e-14
1.455000000000000000e+03 0.000000000000000000e+00 0.000000000000000000e+00 2.987835689888323524e-14
1.456000000000000000e+03 0.000000000000000000e+00 0.000000000000000000e+00 2.984078300428430354e-14
1.457000000000000000e+03 0.000000000000000000e+00 0.000000000000000000e+00 2.980329310187697797e-14
1.458000000000000000e+03 0.000000000000000000e+00 0.000000000000000000e+00 2.976588685977957448e-14
1.459000000000000000e+03 0.000000000000000000e+00 0.000000000000000000e+00 2.972856427990994014e-14
1.460000000000000000e+03 0.000000000000000000e+00 0.000000000000000000e+00 2.969132501854408672e-14
1.461000000000000000e+03 0.000000000000000000e+00 0.000000000000000000e+00 2.965416905912359032e-14
1.462000000000000000e+03 0.000000000000000000e+00 0.000000000000000000e+00 2.961709604178271512e-14
1.463000000000000000e+03 0.000000000000000000e+00 0.000000000000000000e+00 2.958010593424476281e-14
1.464000000000000000e+03 0.000000000000000000e+00 0.000000000000000000e+00 2.954319836067306679e-14
1.465000000000000000e+03 0.000000000000000000e+00 0.000000000000000000e+00 2.950637327101933142e-14
1.466000000000000000e+03 0.000000000000000000e+00 0.000000000000000000e+00 2.946963027511438556e-14
1.467000000000000000e+03 0.000000000000000000e+00 0.000000000000000000e+00 2.943296930896524565e-14
1.468000000000000000e+03 0.000000000000000000e+00 0.000000000000000000e+00 2.939638996391837902e-14
1.469000000000000000e+03 0.000000000000000000e+00 0.000000000000000000e+00 2.935989216291804807e-14
1.470000000000000000e+03 0.000000000000000000e+00 0.000000000000000000e+00 2.932347548410850178e-14
1.471000000000000000e+03 0.000000000000000000e+00 0.000000000000000000e+00 2.928713983410513718e-14
1.472000000000000000e+03 0.000000000000000000e+00 0.000000000000000000e+00 2.925088477757129612e-14
1.473000000000000000e+03 0.000000000000000000e+00 0.000000000000000000e+00 2.921471020717728385e-14
1.474000000000000000e+03 0.000000000000000000e+00 0.000000000000000000e+00 2.917861567294448329e-14
1.475000000000000000e+03 0.000000000000000000e+00 0.000000000000000000e+00 2.914260105463749207e-14
1.476000000000000000e+03 0.000000000000000000e+00 0.000000000000000000e+00 2.910666588984376852e-14
1.477000000000000000e+03 0.000000000000000000e+00 0.000000000000000000e+00 2.907081004239343114e-14
1.478000000000000000e+03 0.000000000000000000e+00 0.000000000000000000e+00 2.903503303857856083e-14
1.479000000000000000e+03 0.000000000000000000e+00 0.000000000000000000e+00 2.899933472842681666e-14
1.480000000000000000e+03 0.000000000000000000e+00 0.000000000000000000e+00 2.896371462496867571e-14
1.481000000000000000e+03 0.000000000000000000e+00 0.000000000000000000e+00 2.892817256637266175e-14
1.482000000000000000e+03 0.000000000000000000e+00 0.000000000000000000e+00 2.889270805413594766e-14
1.483000000000000000e+03 0.000000000000000000e+00 0.000000000000000000e+00 2.885732091252137688e-14
1.484000000000000000e+03 0.000000000000000000e+00 0.000000000000000000e+00 2.882201063253510531e-14
1.485000000000000000e+03 0.000000000000000000e+00 0.000000000000000000e+00 2.878677702679738653e-14
1.486000000000000000e+03 0.000000000000000000e+00 0.000000000000000000e+00 2.875161957507450324e-14
1.487000000000000000e+03 0.000000000000000000e+00 0.000000000000000000e+00 2.871653807686226607e-14
1.488000000000000000e+03 0.000000000000000000e+00 0.000000000000000000e+00 2.868153200337692982e-14
1.489000000000000000e+03 0.000000000000000000e+00 0.000000000000000000e+00 2.864660114655220876e-14
1.490000000000000000e+03 0.000000000000000000e+00 0.000000000000000000e+00 2.861174496486388171e-14
1.491000000000000000e+03 0.000000000000000000e+00 0.000000000000000000e+00 2.857696323982097337e-14
1.492000000000000000e+03 0.000000000000000000e+00 0.000000000000000000e+00 2.854225542376712489e-14
1.493000000000000000e+03 0.000000000000000000e+00 0.000000000000000000e+00 2.850762128895255101e-14
1.494000000000000000e+03 0.000000000000000000e+00 0.000000000000000000e+00 2.847306027744904668e-14
1.495000000000000000e+03 0.000000000000000000e+00 0.000000000000000000e+00 2.843857215230288985e-14
1.496000000000000000e+03 0.000000000000000000e+00 0.000000000000000000e+00 2.840415635060171028e-14
1.497000000000000000e+03 0.000000000000000000e+00 0.000000000000000000e+00 2.836981262400296631e-14
1.498000000000000000e+03 0.000000000000000000e+00 0.000000000000000000e+00 2.833554040250258594e-14
1.499000000000000000e+03 0.000000000000000000e+00 0.000000000000000000e+00 2.830133943141366102e-14
1.500000000000000000e+03 0.000000000000000000e+00 0.000000000000000000e+00 2.826720913244848681e-14
1.501000000000000000e+03 0.000000000000000000e+00 0.000000000000000000e+00 2.823314924372188460e-14
1.502000000000000000e+03 0.000000000000000000e+00 0.000000000000000000e+00 2.819915918087932651e-14
1.503000000000000000e+03 0.000000000000000000e+00 0.000000000000000000e+00 2.816523867685576801e-14
1.504000000000000000e+03 0.000000000000000000e+00 0.000000000000000000e+00 2.813138713999049766e-14
1.505000000000000000e+03 0.000000000000000000e+00 0.000000000000000000e+00 2.809760429850184316e-14
1.506000000000000000e+03 0.000000000000000000e+00 0.000000000000000000e+00 2.806388955650155594e-14
1.507000000000000000e+03 0.000000000000000000e+00 0.000000000000000000e+00 2.803024263821794941e-14
1.508000000000000000e+03 0.000000000000000000e+00 0.000000000000000000e+00 2.799666294193346209e-14
1.509000000000000000e+03 0.000000000000000000e+00 0.000000000000000000e+00 2.796315019172164551e-14
1.510000000000000000e+03 0.000000000000000000e+00 0.000000000000000000e+00 2.792970378293768995e-14
1.511000000000000000e+03 0.000000000000000000e+00 0.000000000000000000e+00 2.789632341734454179e-14
1.512000000000000000e+03 0.000000000000000000e+00 0.000000000000000000e+00 2.786300850517007624e-14
1.513000000000000000e+03 0.000000000000000000e+00 0.000000000000000000e+00 2.782975875236587654e-14
1.514000000000000000e+03 0.000000000000000000e+00 0.000000000000000000e+00 2.779657354781316922e-14
1.515000000000000000e+03 0.000000000000000000e+00 0.000000000000000000e+00 2.776345260039029984e-14
1.516000000000000000e+03 0.000000000000000000e+00 0.000000000000000000e+00 2.773039529147960209e-14
1.517000000000000000e+03 0.000000000000000000e+00 0.000000000000000000e+00 2.769740133296537285e-14
1.518000000000000000e+03 0.000000000000000000e+00 0.000000000000000000e+00 2.766447011843596535e-14
1.519000000000000000e+03 0.000000000000000000e+00 0.000000000000000000e+00 2.763160134840059569e-14
1.520000000000000000e+03 0.000000000000000000e+00 0.000000000000000000e+00 2.759879441010003835e-14
1.521000000000000000e+03 0.000000000000000000e+00 0.000000000000000000e+00 2.756604900136028109e-14
1.522000000000000000e+03 0.000000000000000000e+00 0.000000000000000000e+00 2.753336452427191585e-14
1.523000000000000000e+03 0.000000000000000000e+00 0.000000000000000000e+00 2.750074066278167692e-14
1.524000000000000000e+03 0.000000000000000000e+00 0.000000000000000000e+00 2.746817681474872212e-14
1.525000000000000000e+03 0.000000000000000000e+00 0.000000000000000000e+00 2.743567267367663680e-14
1.526000000000000000e+03 0.000000000000000000e+00 0.000000000000000000e+00 2.740322763940556945e-14
1.527000000000000000e+03 0.000000000000000000e+00 0.000000000000000000e+00 2.737084139804213657e-14
1.528000000000000000e+03 0.000000000000000000e+00 0.000000000000000000e+00 2.733851335490108667e-14
1.529000000000000000e+03 0.000000000000000000e+00 0.000000000000000000e+00 2.730624319514438794e-14
1.530000000000000000e+03 0.000000000000000000e+00 0.000000000000000000e+00 2.727403031711261477e-14
1.531000000000000000e+03 0.000000000000000000e+00 0.000000000000000000e+00 2.724187440891998419e-14
1.532000000000000000e+03 0.000000000000000000e+00 0.000000000000000000e+00 2.720977488335633917e-14
1.533000000000000000e+03 0.000000000000000000e+00 0.000000000000000000e+00 2.717773142000569133e-14
1.534000000000000000e+03 0.000000000000000000e+00 0.000000000000000000e+00 2.714574342870058613e-14
1.535000000000000000e+03 0.000000000000000000e+00 0.000000000000000000e+00 2.711381060239148803e-14
1.536000000000000000e+03 0.000000000000000000e+00 0.000000000000000000e+00 2.708193235603655044e-14
1.537000000000000000e+03 0.000000000000000000e+00 0.000000000000000000e+00 2.705010837756859024e-14
1.538000000000000000e+03 0.000000000000000000e+00 0.000000000000000000e+00 2.701833808922780841e-14
1.539000000000000000e+03 0.000000000000000000e+00 0.000000000000000000e+00 2.698662116885147027e-14
1.540000000000000000e+03 0.000000000000000000e+00 0.000000000000000000e+00 2.695495706116965218e-14
1.541000000000000000e+03 0.000000000000000000e+00 0.000000000000000000e+00 2.692334544223879434e-14
1.542000000000000000e+03 0.000000000000000000e+00 0.000000000000000000e+00 2.689178574763436852e-14
1.543000000000000000e+03 0.000000000000000000e+00 0.000000000000000000e+00 2.686027768242176109e-14
1.544000000000000000e+03 0.000000000000000000e+00 0.000000000000000000e+00 2.682882067238893613e-14
1.545000000000000000e+03 0.000000000000000000e+00 0.000000000000000000e+00 2.679741441371157174e-14
1.546000000000000000e+03 0.000000000000000000e+00 0.000000000000000000e+00 2.676605834623077883e-14
1.547000000000000000e+03 0.000000000000000000e+00 0.000000000000000000e+00 2.673475218249372462e-14
1.548000000000000000e+03 0.000000000000000000e+00 0.000000000000000000e+00 2.670349535950263364e-14
1.549000000000000000e+03 0.000000000000000000e+00 0.000000000000000000e+00 2.667228760339783199e-14
1.550000000000000000e+03 0.000000000000000000e+00 0.000000000000000000e+00 2.664112834378205416e-14
1.551000000000000000e+03 0.000000000000000000e+00 0.000000000000000000e+00 2.661001731972897553e-14
1.552000000000000000e+03 0.000000000000000000e+00 0.000000000000000000e+00 2.657895396197843889e-14
1.553000000000000000e+03 0.000000000000000000e+00 0.000000000000000000e+00 2.654793802417931250e-14
1.554000000000000000e+03 0.000000000000000000e+00 0.000000000000000000e+00 2.651696894208419264e-14
1.555000000000000000e+03 0.000000000000000000e+00 0.000000000000000000e+00 2.648604645776732600e-14
1.556000000000000000e+03 0.000000000000000000e+00 0.000000000000000000e+00 2.645517004103392242e-14
1.557000000000000000e+03 0.000000000000000000e+00 0.000000000000000000e+00 2.642433942298304661e-14
1.558000000000000000e+03 0.000000000000000000e+00 0.000000000000000000e+00 2.639355408308285497e-14
1.559000000000000000e+03 0.000000000000000000e+00 0.000000000000000000e+00 2.636281377882077821e-14
1.560000000000000000e+03 0.000000000000000000e+00 0.000000000000000000e+00 2.633211797693769598e-14
1.561000000000000000e+03 0.000000000000000000e+00 0.000000000000000000e+00 2.630146643950660857e-14
1.562000000000000000e+03 0.000000000000000000e+00 0.000000000000000000e+00 2.627085864827086711e-14
1.563000000000000000e+03 0.000000000000000000e+00 0.000000000000000000e+00 2.624029437554677079e-14
1.564000000000000000e+03 0.000000000000000000e+00 0.000000000000000000e+00 2.620977310269095851e-14
1.565000000000000000e+03 0.000000000000000000e+00 0.000000000000000000e+00 2.617929461429902156e-14
1.566000000000000000e+03 0.000000000000000000e+00 0.000000000000000000e+00 2.614885839909786001e-14
1.567000000000000000e+03 0.000000000000000000e+00 0.000000000000000000e+00 2.611846425372604291e-14
1.568000000000000000e+03 0.000000000000000000e+00 0.000000000000000000e+00 2.608811166535746513e-14
1.569000000000000000e+03 0.000000000000000000e+00 0.000000000000000000e+00 2.605780044463347850e-14
1.570000000000000000e+03 0.000000000000000000e+00 0.000000000000000000e+00 2.602753009589437372e-14
1.571000000000000000e+03 0.000000000000000000e+00 0.000000000000000000e+00 2.599730043251788756e-14
1.572000000000000000e+03 0.000000000000000000e+00 0.000000000000000000e+00 2.596711097333828565e-14
1.573000000000000000e+03 0.000000000000000000e+00 0.000000000000000000e+00 2.593696152806981892e-14
1.574000000000000000e+03 0.000000000000000000e+00 0.000000000000000000e+00 2.590685163072782891e-14
1.575000000000000000e+03 0.000000000000000000e+00 0.000000000000000000e+00 2.587678110891784671e-14
1.576000000000000000e+03 0.000000000000000000e+00 0.000000000000000000e+00 2.584674949968980398e-14
1.577000000000000000e+03 0.000000000000000000e+00 0.000000000000000000e+00 2.581675663215032367e-14
1.578000000000000000e+03 0.000000000000000000e+00 0.000000000000000000e+00 2.578680206587975393e-14
1.579000000000000000e+03 0.000000000000000000e+00 0.000000000000000000e+00 2.575688562675393157e-14
1.580000000000000000e+03 0.000000000000000000e+00 0.000000000000000000e+00 2.572700689181669824e-14
1.581000000000000000e+03 0.000000000000000000e+00 0.000000000000000000e+00 2.569716570366622731e-14
1.582000000000000000e+03 0.000000000000000000e+00 0.000000000000000000e+00 2.566736163343660265e-14
1.583000000000000000e+03 0.000000000000000000e+00 0.000000000000000000e+00 2.563759454856905455e-14
1.584000000000000000e+03 0.000000000000000000e+00 0.000000000000000000e+00 2.560786402633901528e-14
1.585000000000000000e+03 0.000000000000000000e+00 0.000000000000000000e+00 2.557816994226126788e-14
1.586000000000000000e+03 0.000000000000000000e+00 0.000000000000000000e+00 2.554851188238540685e-14
1.587000000000000000e+03 0.000000000000000000e+00 0.000000000000000000e+00 2.551888973521050916e-14
1.588000000000000000e+03 0.000000000000000000e+00 0.000000000000000000e+00 2.548930309781293332e-14
1.589000000000000000e+03 0.000000000000000000e+00 0.000000000000000000e+00 2.545975186045654857e-14
1.590000000000000000e+03 0.000000000000000000e+00 0.000000000000000000e+00 2.543023564438802343e-14
1.591000000000000000e+03 0.000000000000000000e+00 0.000000000000000000e+00 2.540075433704858818e-14
1.592000000000000000e+03 0.000000000000000000e+00 0.000000000000000000e+00 2.537130757760608614e-14
1.593000000000000000e+03 0.000000000000000000e+00 0.000000000000000000e+00 2.534189525949467023e-14
1.594000000000000000e+03 0.000000000000000000e+00 0.000000000000000000e+00 2.531251703975790757e-14
1.595000000000000000e+03 0.000000000000000000e+00 0.000000000000000000e+00 2.528317281909476050e-14
1.596000000000000000e+03 0.000000000000000000e+00 0.000000000000000000e+00 2.525386226088571893e-14
1.597000000000000000e+03 0.000000000000000000e+00 0.000000000000000000e+00 2.522458528619314817e-14
1.598000000000000000e+03 0.000000000000000000e+00 0.000000000000000000e+00 2.519534155940123112e-14
1.599000000000000000e+03 0.000000000000000000e+00 0.000000000000000000e+00 2.516613102926053991e-14
1.600000000000000000e+03 0.000000000000000000e+00 0.000000000000000000e+00 2.513695335586348808e-14
1.601000000000000000e+03 0.000000000000000000e+00 0.000000000000000000e+00 2.510780850875790529e-14
1.602000000000000000e+03 0.000000000000000000e+00 0.000000000000000000e+00 2.507869616350493124e-14
1.603000000000000000e+03 0.000000000000000000e+00 0.000000000000000000e+00 2.504961628597050092e-14
1.604000000000000000e+03 0.000000000000000000e+00 0.000000000000000000e+00 2.502056857552403368e-14
1.605000000000000000e+03 0.000000000000000000e+00 0.000000000000000000e+00 2.499155300511241253e-14
1.606000000000000000e+03 0.000000000000000000e+00 0.000000000000000000e+00 2.496256928165992092e-14
1.607000000000000000e+03 0.000000000000000000e+00 0.000000000000000000e+00 2.493361739821853390e-14
1.608000000000000000e+03 0.000000000000000000e+00 0.000000000000000000e+00 2.490469707270702187e-14
1.609000000000000000e+03 0.000000000000000000e+00 0.000000000000000000e+00 2.487580831481147972e-14
1.610000000000000000e+03 0.000000000000000000e+00 0.000000000000000000e+00 2.484695084305549753e-14
1.611000000000000000e+03 0.000000000000000000e+00 0.000000000000000000e+00 2.481812468268640449e-14
1.612000000000000000e+03 0.000000000000000000e+00 0.000000000000000000e+00 2.478932958134787152e-14
1.613000000000000000e+03 0.000000000000000000e+00 0.000000000000000000e+00 2.476056555630210639e-14
1.614000000000000000e+03 0.000000000000000000e+00 0.000000000000000000e+00 2.473183236419324434e-14
1.615000000000000000e+03 0.000000000000000000e+00 0.000000000000000000e+00 2.470313004793367148e-14
1.616000000000000000e+03 0.000000000000000000e+00 0.000000000000000000e+00 2.467445837610042005e-14
1.617000000000000000e+03 0.000000000000000000e+00 0.000000000000000000e+00 2.464581738669060690e-14
1.618000000000000000e+03 0.000000000000000000e+00 0.000000000000000000e+00 2.461720687091585774e-14
1.619000000000000000e+03 0.000000000000000000e+00 0.000000000000000000e+00 2.458862688269326611e-14
1.620000000000000000e+03 0.000000000000000000e+00 0.000000000000000000e+00 2.456007722038281233e-14
1.621000000000000000e+03 0.000000000000000000e+00 0.000000000000000000e+00 2.453155794991526625e-14
1.622000000000000000e+03 0.000000000000000000e+00 0.000000000000000000e+00 2.450306886926202793e-14
1.623000000000000000e+03 0.000000000000000000e+00 0.000000000000000000e+00 2.447461006641365877e-14
1.624000000000000000e+03 0.000000000000000000e+00 0.000000000000000000e+00 2.444618135643350199e-14
1.625000000000000000e+03 0.000000000000000000e+00 0.000000000000000000e+00 2.441778284307002895e-14
1.626000000000000000e+03 0.000000000000000000e+00 0.000000000000000000e+00 2.438941434393316783e-14
1.627000000000000000e+03 0.000000000000000000e+00 0.000000000000000000e+00 2.436107596710612704e-14
1.628000000000000000e+03 0.000000000000000000e+00 0.000000000000000000e+00 2.433276755722858256e-14
1.629000000000000000e+03 0.000000000000000000e+00 0.000000000000000000e+00 2.430448922057328807e-14
1.630000000000000000e+03 0.000000000000000000e+00 0.000000000000000000e+00 2.427624081954089249e-14
1.631000000000000000e+03 0.000000000000000000e+00 0.000000000000000000e+00 2.424802247388135212e-14
1.632000000000000000e+03 0.000000000000000000e+00 0.000000000000000000e+00 2.421983406157564692e-14
1.633000000000000000e+03 0.000000000000000000e+00 0.000000000000000000e+00 2.419167570302077271e-14
1.634000000000000000e+03 0.000000000000000000e+00 0.000000000000000000e+00 2.416354728925757308e-14
1.635000000000000000e+03 0.000000000000000000e+00 0.000000000000000000e+00 2.413544896562933424e-14
1.636000000000000000e+03 0.000000000000000000e+00 0.000000000000000000e+00 2.410738061492526012e-14
1.637000000000000000e+03 0.000000000000000000e+00 0.000000000000000000e+00 2.407934239760163415e-14
1.638000000000000000e+03 0.000000000000000000e+00 0.000000000000000000e+00 2.405133421890444448e-14
1.639000000000000000e+03 0.000000000000000000e+00 0.000000000000000000e+00 2.402335624090153532e-14
1.640000000000000000e+03 0.000000000000000000e+00 0.000000000000000000e+00 2.399540838187129348e-14
1.641000000000000000e+03 0.000000000000000000e+00 0.000000000000000000e+00 2.396749081084328593e-14
1.642000000000000000e+03 0.000000000000000000e+00 0.000000000000000000e+00 2.393960345663216870e-14
1.643000000000000000e+03 0.000000000000000000e+00 0.000000000000000000e+00 2.391174649433047277e-14
1.644000000000000000e+03 0.000000000000000000e+00 0.000000000000000000e+00 2.388391987339716422e-14
1.645000000000000000e+03 0.000000000000000000e+00 0.000000000000000000e+00 2.385612377478705185e-14
1.646000000000000000e+03 0.000000000000000000e+00 0.000000000000000000e+00 2.382835816151997410e-14
1.647000000000000000e+03 0.000000000000000000e+00 0.000000000000000000e+00 2.380062321939310880e-14
1.648000000000000000e+03 0.000000000000000000e+00 0.000000000000000000e+00 2.377291892470160543e-14
1.649000000000000000e+03 0.000000000000000000e+00 0.000000000000000000e+00 2.374524547603201137e-14
1.650000000000000000e+03 0.000000000000000000e+00 0.000000000000000000e+00 2.371760285081231508e-14
1.651000000000000000e+03 0.000000000000000000e+00 0.000000000000000000e+00 2.368999125539459175e-14
1.652000000000000000e+03 0.000000000000000000e+00 0.000000000000000000e+00 2.366241068088243414e-14
1.653000000000000000e+03 0.000000000000000000e+00 0.000000000000000000e+00 2.363486135059597474e-14
1.654000000000000000e+03 0.000000000000000000e+00 0.000000000000000000e+00 2.360734325454917481e-14
1.655000000000000000e+03 0.000000000000000000e+00 0.000000000000000000e+00 2.357985662557118139e-14
1.656000000000000000e+03 0.000000000000000000e+00 0.000000000000000000e+00 2.355240145658523375e-14
1.657000000000000000e+03 0.000000000000000000e+00 0.000000000000000000e+00 2.352497799679781191e-14
1.658000000000000000e+03 0.000000000000000000e+00 0.000000000000000000e+00 2.349758625203633237e-14
1.659000000000000000e+03 0.000000000000000000e+00 0.000000000000000000e+00 2.347022647256124697e-14
1.660000000000000000e+03 0.000000000000000000e+00 0.000000000000000000e+00 2.344289866999296278e-14
1.661000000000000000e+03 0.000000000000000000e+00 0.000000000000000000e+00 2.341560310805138176e-14
1.662000000000000000e+03 0.000000000000000000e+00 0.000000000000000000e+00 2.338833980299882728e-14
1.663000000000000000e+03 0.000000000000000000e+00 0.000000000000000000e+00 2.336110902614219413e-14
1.664000000000000000e+03 0.000000000000000000e+00 0.000000000000000000e+00 2.333391080594033995e-14
1.665000000000000000e+03 0.000000000000000000e+00 0.000000000000000000e+00 2.330674540920024764e-14
1.666000000000000000e+03 0.000000000000000000e+00 0.000000000000000000e+00 2.327961288116602468e-14
1.667000000000000000e+03 0.000000000000000000e+00 0.000000000000000000e+00 2.325251349583446792e-14
1.668000000000000000e+03 0.000000000000000000e+00 0.000000000000000000e+00 2.322544729798735240e-14
1.669000000000000000e+03 0.000000000000000000e+00 0.000000000000000000e+00 2.319841456588363365e-14
1.670000000000000000e+03 0.000000000000000000e+00 0.000000000000000000e+00 2.317141535435221168e-14
1.671000000000000000e+03 0.000000000000000000e+00 0.000000000000000000e+00 2.314444995311911976e-14
1.672000000000000000e+03 0.000000000000000000e+00 0.000000000000000000e+00 2.311751842162463269e-14
1.673000000000000000e+03 0.000000000000000000e+00 0.000000000000000000e+00 2.309062104560736324e-14
1.674000000000000000e+03 0.000000000000000000e+00 0.000000000000000000e+00 2.306375789686304755e-14
1.675000000000000000e+03 0.000000000000000000e+00 0.000000000000000000e+00 2.303692926758450587e-14
1.676000000000000000e+03 0.000000000000000000e+00 0.000000000000000000e+00 2.301013523582202746e-14
1.677000000000000000e+03 0.000000000000000000e+00 0.000000000000000000e+00 2.298337609581345666e-14
1.678000000000000000e+03 0.000000000000000000e+00 0.000000000000000000e+00 2.295665192825902111e-14
1.679000000000000000e+03 0.000000000000000000e+00 0.000000000000000000e+00 2.292996302653202409e-14
1.680000000000000000e+03 0.000000000000000000e+00 0.000000000000000000e+00 2.290330948153025083e-14
1.681000000000000000e+03 0.000000000000000000e+00 0.000000000000000000e+00 2.287669159350874000e-14
1.682000000000000000e+03 0.000000000000000000e+00 0.000000000000000000e+00 2.285010944888350559e-14
1.683000000000000000e+03 0.000000000000000000e+00 0.000000000000000000e+00 2.282356335741093310e-14
1.684000000000000000e+03 0.000000000000000000e+00 0.000000000000000000e+00 2.279705340223011463e-14
1.685000000000000000e+03 0.000000000000000000e+00 0.000000000000000000e+00 2.277057989601167086e-14
1.686000000000000000e+03 0.000000000000000000e+00 0.000000000000000000e+00 2.274414292829047521e-14
1.687000000000000000e+03 0.000000000000000000e+00 0.000000000000000000e+00 2.271774281180718343e-14
1.688000000000000000e+03 0.000000000000000000e+00 0.000000000000000000e+00 2.269137963597986386e-14
1.689000000000000000e+03 0.000000000000000000e+00 0.000000000000000000e+00 2.266505372112384308e-14
1.690000000000000000e+03 0.000000000000000000e+00 0.000000000000000000e+00 2.263876516225787151e-14
1.691000000000000000e+03 0.000000000000000000e+00 0.000000000000000000e+00 2.261251427263904376e-14
1.692000000000000000e+03 0.000000000000000000e+00 0.000000000000000000e+00 2.258630114801245233e-14
1.693000000000000000e+03 0.000000000000000000e+00 0.000000000000000000e+00 2.256012611267151052e-14
1.694000000000000000e+03 0.000000000000000000e+00 0.000000000000000000e+00 2.253398926046760607e-14
1.695000000000000000e+03 0.000000000000000000e+00 0.000000000000000000e+00 2.250789090886208355e-14
1.696000000000000000e+03 0.000000000000000000e+00 0.000000000000000000e+00 2.248183115734497592e-14
1.697000000000000000e+03 0.000000000000000000e+00 0.000000000000000000e+00 2.245581032603425569e-14
1.698000000000000000e+03 0.000000000000000000e+00 0.000000000000000000e+00 2.242982850475250330e-14
1.699000000000000000e+03 0.000000000000000000e+00 0.000000000000000000e+00 2.240388602949129871e-14
1.700000000000000000e+03 0.000000000000000000e+00 0.000000000000000000e+00 2.237798298107682853e-14
1.701000000000000000e+03 0.000000000000000000e+00 0.000000000000000000e+00 2.235211969185920560e-14
1.702000000000000000e+03 0.000000000000000000e+00 0.000000000000000000e+00 2.232629625107083195e-14
1.703000000000000000e+03 0.000000000000000000e+00 0.000000000000000000e+00 2.230051297804387997e-14
1.704000000000000000e+03 0.000000000000000000e+00 0.000000000000000000e+00 2.227476997109965363e-14
1.705000000000000000e+03 0.000000000000000000e+00 0.000000000000000000e+00 2.224906754742878253e-14
1.706000000000000000e+03 0.000000000000000000e+00 0.000000000000000000e+00 2.222340580584505967e-14
1.707000000000000000e+03 0.000000000000000000e+00 0.000000000000000000e+00 2.219778505793490162e-14
1.708000000000000000e+03 0.000000000000000000e+00 0.000000000000000000e+00 2.217220540053967460e-14
1.709000000000000000e+03 0.000000000000000000e+00 0.000000000000000000e+00 2.214666714519886112e-14
1.710000000000000000e+03 0.000000000000000000e+00 0.000000000000000000e+00 2.212117038497190829e-14
1.711000000000000000e+03 0.000000000000000000e+00 0.000000000000000000e+00 2.209571543504632277e-14
1.712000000000000000e+03 0.000000000000000000e+00 0.000000000000000000e+00 2.207030238129973046e-14
1.713000000000000000e+03 0.000000000000000000e+00 0.000000000000000000e+00 2.204493153551493958e-14
1.714000000000000000e+03 0.000000000000000000e+00 0.000000000000000000e+00 2.201960298439459831e-14
1.715000000000000000e+03 0.000000000000000000e+00 0.000000000000000000e+00 2.199431703341976897e-14
1.716000000000000000e+03 0.000000000000000000e+00 0.000000000000000000e+00 2.196907376365523390e-14
1.717000000000000000e+03 0.000000000000000000e+00 0.000000000000000000e+00 2.194387348151986272e-14
1.718000000000000000e+03 0.000000000000000000e+00 0.000000000000000000e+00 2.191871626026233767e-14
1.719000000000000000e+03 0.000000000000000000e+00 0.000000000000000000e+00 2.189360240956579063e-14
1.720000000000000000e+03 0.000000000000000000e+00 0.000000000000000000e+00 2.186853199373936480e-14
1.721000000000000000e+03 0.000000000000000000e+00 0.000000000000000000e+00 2.184350531131810126e-14
1.722000000000000000e+03 0.000000000000000000e+00 0.000000000000000000e+00 2.181852242505452503e-14
1.723000000000000000e+03 0.000000000000000000e+00 0.000000000000000000e+00 2.179358363176659203e-14
1.724000000000000000e+03 0.000000000000000000e+00 0.000000000000000000e+00 2.176868899494865946e-14
1.725000000000000000e+03 0.000000000000000000e+00 0.000000000000000000e+00 2.174383880529015857e-14
1.726000000000000000e+03 0.000000000000000000e+00 0.000000000000000000e+00 2.171903311311202793e-14
1.727000000000000000e+03 0.000000000000000000e+00 0.000000000000000000e+00 2.169427220785726701e-14
1.728000000000000000e+03 0.000000000000000000e+00 0.000000000000000000e+00 2.166955613729700138e-14
1.729000000000000000e+03 0.000000000000000000e+00 0.000000000000000000e+00 2.164488517612164173e-14
1.730000000000000000e+03 0.000000000000000000e+00 0.000000000000000000e+00 2.162025937193135801e-14
1.731000000000000000e+03 0.000000000000000000e+00 0.000000000000000000e+00 2.159567899522628641e-14
1.732000000000000000e+03 0.000000000000000000e+00 0.000000000000000000e+00 2.157114408719342277e-14
1.733000000000000000e+03 0.000000000000000000e+00 0.000000000000000000e+00 2.154665490963323793e-14
1.734000000000000000e+03 0.000000000000000000e+00 0.000000000000000000e+00 2.152221150406864995e-14
1.735000000000000000e+03 0.000000000000000000e+00 0.000000000000000000e+00 2.149781412174560305e-14
1.736000000000000000e+03 0.000000000000000000e+00 0.000000000000000000e+00 2.147346279151213468e-14
1.737000000000000000e+03 0.000000000000000000e+00 0.000000000000000000e+00 2.144915776062524450e-14
1.738000000000000000e+03 0.000000000000000000e+00 0.000000000000000000e+00 2.142489905411738859e-14
1.739000000000000000e+03 0.000000000000000000e+00 0.000000000000000000e+00 2.140068691826065166e-14
1.740000000000000000e+03 0.000000000000000000e+00 0.000000000000000000e+00 2.137652136215135411e-14
1.741000000000000000e+03 0.000000000000000000e+00 0.000000000000000000e+00 2.135240261851619202e-14
1.742000000000000000e+03 0.000000000000000000e+00 0.000000000000000000e+00 2.132833069715200691e-14
1.743000000000000000e+03 0.000000000000000000e+00 0.000000000000000000e+00 2.130430582563055075e-14
1.744000000000000000e+03 0.000000000000000000e+00 0.000000000000000000e+00 2.128032799980265499e-14
1.745000000000000000e+03 0.000000000000000000e+00 0.000000000000000000e+00 2.125639743785081562e-14
1.746000000000000000e+03 0.000000000000000000e+00 0.000000000000000000e+00 2.123251413105260078e-14
1.747000000000000000e+03 0.000000000000000000e+00 0.000000000000000000e+00 2.120867829497663161e-14
1.748000000000000000e+03 0.000000000000000000e+00 0.000000000000000000e+00 2.118488990425310039e-14
1.749000000000000000e+03 0.000000000000000000e+00 0.000000000000000000e+00 2.116114916737744580e-14
1.750000000000000000e+03 0.000000000000000000e+00 0.000000000000000000e+00 2.113745605334045127e-14
1.751000000000000000e+03 0.000000000000000000e+00 0.000000000000000000e+00 2.111381075378920312e-14
1.752000000000000000e+03 0.000000000000000000e+00 0.000000000000000000e+00 2.109021323581517277e-14
1.753000000000000000e+03 0.000000000000000000e+00 0.000000000000000000e+00 2.106666368489356606e-14
1.754000000000000000e+03 0.000000000000000000e+00 0.000000000000000000e+00 2.104316206093251541e-14
1.755000000000000000e+03 0.000000000000000000e+00 0.000000000000000000e+00 2.101970853941554597e-14
1.756000000000000000e+03 0.000000000000000000e+00 0.000000000000000000e+00 2.099630307181092828e-14
1.757000000000000000e+03 0.000000000000000000e+00 0.000000000000000000e+00 2.097294582327706793e-14
1.758000000000000000e+03 0.000000000000000000e+00 0.000000000000000000e+00 2.094963673513620626e-14
1.759000000000000000e+03 0.000000000000000000e+00 0.000000000000000000e+00 2.092637596071665311e-14
1.760000000000000000e+03 0.000000000000000000e+00 0.000000000000000000e+00 2.090316343913742440e-14
1.761000000000000000e+03 0.000000000000000000e+00 0.000000000000000000e+00 2.087999931953969828e-14
1.762000000000000000e+03 0.000000000000000000e+00 0.000000000000000000e+00 2.085688351909171656e-14
1.763000000000000000e+03 0.000000000000000000e+00 0.000000000000000000e+00 2.083381618671174423e-14
1.764000000000000000e+03 0.000000000000000000e+00 0.000000000000000000e+00 2.081079723123512126e-14
1.765000000000000000e+03 0.000000000000000000e+00 0.000000000000000000e+00 2.078782678898821389e-14
1.766000000000000000e+03 0.000000000000000000e+00 0.000000000000000000e+00 2.076490475847372944e-14
1.767000000000000000e+03 0.000000000000000000e+00 0.000000000000000000e+00 2.074203127250298988e-14
1.768000000000000000e+03 0.000000000000000000e+00 0.000000000000000000e+00 2.071920621864544691e-14
1.769000000000000000e+03 0.000000000000000000e+00 0.000000000000000000e+00 2.069642972254541609e-14
1.770000000000000000e+03 0.000000000000000000e+00 0.000000000000000000e+00 2.067370166059527873e-14
1.771000000000000000e+03 0.000000000000000000e+00 0.000000000000000000e+00 2.065102214280867423e-14
1.772000000000000000e+03 0.000000000000000000e+00 0.000000000000000000e+00 2.062839104177468985e-14
1.773000000000000000e+03 0.000000000000000000e+00 0.000000000000000000e+00 2.060580846210309423e-14
1.774000000000000000e+03 0.000000000000000000e+00 0.000000000000000000e+00 2.058327426218647286e-14
1.775000000000000000e+03 0.000000000000000000e+00 0.000000000000000000e+00 2.056078853215660493e-14
1.776000000000000000e+03 0.000000000000000000e+00 0.000000000000000000e+00 2.053835113250452168e-14
1.777000000000000000e+03 0.000000000000000000e+00 0.000000000000000000e+00 2.051596213529003516e-14
1.778000000000000000e+03 0.000000000000000000e+00 0.000000000000000000e+00 2.049362139727063361e-14
1.779000000000000000e+03 0.000000000000000000e+00 0.000000000000000000e+00 2.047132897609340684e-14
1.780000000000000000e+03 0.000000000000000000e+00 0.000000000000000000e+00 2.044908472402878020e-14
1.781000000000000000e+03 0.000000000000000000e+00 0.000000000000000000e+00 2.042688869302437077e-14
1.782000000000000000e+03 0.000000000000000000e+00 0.000000000000000000e+00 2.040474072260504451e-14
1.783000000000000000e+03 0.000000000000000000e+00 0.000000000000000000e+00 2.038264086332317917e-14
1.784000000000000000e+03 0.000000000000000000e+00 0.000000000000000000e+00 2.036058893885845751e-14
1.785000000000000000e+03 0.000000000000000000e+00 0.000000000000000000e+00 2.033858498768953600e-14
1.786000000000000000e+03 0.000000000000000000e+00 0.000000000000000000e+00 2.031662882885471435e-14
1.787000000000000000e+03 0.000000000000000000e+00 0.000000000000000000e+00 2.029472049804514910e-14
1.788000000000000000e+03 0.000000000000000000e+00 0.000000000000000000e+00 2.027285980057377115e-14
1.789000000000000000e+03 0.000000000000000000e+00 0.000000000000000000e+00 2.025104676096168117e-14
1.790000000000000000e+03 0.000000000000000000e+00 0.000000000000000000e+00 2.022928118081671343e-14
1.791000000000000000e+03 0.000000000000000000e+00 0.000000000000000000e+00 2.020756307584965445e-14
1.792000000000000000e+03 0.000000000000000000e+00 0.000000000000000000e+00 2.018589223606857433e-14
1.793000000000000000e+03 0.000000000000000000e+00 0.000000000000000000e+00 2.016426866943659793e-14
1.794000000000000000e+03 0.000000000000000000e+00 0.000000000000000000e+00 2.014269216397960560e-14
1.795000000000000000e+03 0.000000000000000000e+00 0.000000000000000000e+00 2.012116271397235411e-14
1.796000000000000000e+03 0.000000000000000000e+00 0.000000000000000000e+00 2.009968010315755307e-14
1.797000000000000000e+03 0.000000000000000000e+00 0.000000000000000000e+00 2.007824431679070109e-14
1.798000000000000000e+03 0.000000000000000000e+00 0.000000000000000000e+00 2.005685512847630093e-14
1.799000000000000000e+03 0.000000000000000000e+00 0.000000000000000000e+00 2.003551252201746678e-14
1.800000000000000000e+03 0.000000000000000000e+00 0.000000000000000000e+00 2.001421626437578573e-14
1.801000000000000000e+03 0.000000000000000000e+00 0.000000000000000000e+00 1.999296632931102092e-14
1.802000000000000000e+03 0.000000000000000000e+00 0.000000000000000000e+00 1.997176247843023669e-14
1.803000000000000000e+03 0.000000000000000000e+00 0.000000000000000000e+00 1.995060467881420751e-14
1.804000000000000000e+03 0.000000000000000000e+00 0.000000000000000000e+00 1.992949268763099218e-14
1.805000000000000000e+03 0.000000000000000000e+00 0.000000000000000000e+00 1.990842646011572254e-14
1.806000000000000000e+03 0.000000000000000000e+00 0.000000000000000000e+00 1.988740574342024947e-14
1.807000000000000000e+03 0.000000000000000000e+00 0.000000000000000000e+00 1.986643049150943680e-14
1.808000000000000000e+03 0.000000000000000000e+00 0.000000000000000000e+00 1.984550045184431208e-14
1.809000000000000000e+03 0.000000000000000000e+00 0.000000000000000000e+00 1.982461556315472722e-14
1.810000000000000000e+03 0.000000000000000000e+00 0.000000000000000000e+00 1.980377556520923996e-14
1.811000000000000000e+03 0.000000000000000000e+00 0.000000000000000000e+00 1.978298039522898362e-14
1.812000000000000000e+03 0.000000000000000000e+00 0.000000000000000000e+00 1.976222978248284356e-14
1.813000000000000000e+03 0.000000000000000000e+00 0.000000000000000000e+00 1.974152366162343778e-14
1.814000000000000000e+03 0.000000000000000000e+00 0.000000000000000000e+00 1.972086176293948468e-14
1.815000000000000000e+03 0.000000000000000000e+00 0.000000000000000000e+00 1.970024400631472513e-14
1.816000000000000000e+03 0.000000000000000000e+00 0.000000000000000000e+00 1.967967012167487529e-14
1.817000000000000000e+03 0.000000000000000000e+00 0.000000000000000000e+00 1.965914002771797705e-14
1.818000000000000000e+03 0.000000000000000000e+00 0.000000000000000000e+00 1.963865344211951296e-14
1.819000000000000000e+03 0.000000000000000000e+00 0.000000000000000000e+00 1.961821028135822569e-14
1.820000000000000000e+03 0.000000000000000000e+00 0.000000000000000000e+00 1.959781025825868066e-14
1.821000000000000000e+03 0.000000000000000000e+00 0.000000000000000000e+00 1.957745328807407148e-14
1.822000000000000000e+03 0.000000000000000000e+00 0.000000000000000000e+00 1.955713907444054210e-14
1.823000000000000000e+03 0.000000000000000000e+00 0.000000000000000000e+00 1.953686752623396417e-14
1.824000000000000000e+03 0.000000000000000000e+00 0.000000000000000000e+00 1.951663834921188324e-14
1.825000000000000000e+03 0.000000000000000000e+00 0.000000000000000000e+00 1.949645144378943264e-14
1.826000000000000000e+03 0.000000000000000000e+00 0.000000000000000000e+00 1.947630651090152619e-14
1.827000000000000000e+03 0.000000000000000000e+00 0.000000000000000000e+00 1.945620344761688933e-14
1.828000000000000000e+03 0.000000000000000000e+00 0.000000000000000000e+00 1.943614195325936102e-14
1.829000000000000000e+03 0.000000000000000000e+00 0.000000000000000000e+00 1.941612192370327132e-14
1.830000000000000000e+03 0.000000000000000000e+00 0.000000000000000000e+00 1.939614305235578785e-14
1.831000000000000000e+03 0.000000000000000000e+00 0.000000000000000000e+00 1.937620523544601350e-14
1.832000000000000000e+03 0.000000000000000000e+00 0.000000000000000000e+00 1.935630815877045092e-14
1.833000000000000000e+03 0.000000000000000000e+00 0.000000000000000000e+00 1.933645171388788772e-14
1.834000000000000000e+03 0.000000000000000000e+00 0.000000000000000000e+00 1.931663558387663590e-14
1.835000000000000000e+03 0.000000000000000000e+00 0.000000000000000000e+00 1.929685965368680397e-14
1.836000000000000000e+03 0.000000000000000000e+00 0.000000000000000000e+00 1.927712360614347961e-14
1.837000000000000000e+03 0.000000000000000000e+00 0.000000000000000000e+00 1.925742732429301015e-14
1.838000000000000000e+03 0.000000000000000000e+00 0.000000000000000000e+00 1.923777048652016191e-14
1.839000000000000000e+03 0.000000000000000000e+00 0.000000000000000000e+00 1.921815297013318059e-14
1.840000000000000000e+03 0.000000000000000000e+00 0.000000000000000000e+00 1.919857445347148248e-14
1.841000000000000000e+03 0.000000000000000000e+00 0.000000000000000000e+00 1.917903481321089294e-14
1.842000000000000000e+03 0.000000000000000000e+00 0.000000000000000000e+00 1.915953372374864737e-14
1.843000000000000000e+03 0.000000000000000000e+00 0.000000000000000000e+00 1.914007106238643443e-14
1.844000000000000000e+03 0.000000000000000000e+00 0.000000000000000000e+00 1.912064649819905761e-14
1.845000000000000000e+03 0.000000000000000000e+00 0.000000000000000000e+00 1.910125990552071279e-14
1.846000000000000000e+03 0.000000000000000000e+00 0.000000000000000000e+00 1.908191095881228698e-14
1.847000000000000000e+03 0.000000000000000000e+00 0.000000000000000000e+00 1.906259952135648287e-14
1.848000000000000000e+03 0.000000000000000000e+00 0.000000000000000000e+00 1.904332527227674035e-14
1.849000000000000000e+03 0.000000000000000000e+00 0.000000000000000000e+00 1.902408807217999642e-14
1.850000000000000000e+03 0.000000000000000000e+00 0.000000000000000000e+00 1.900488759930556092e-14
1.851000000000000000e+03 0.000000000000000000e+00 0.000000000000000000e+00 1.898572371437683194e-14
1.852000000000000000e+03 0.000000000000000000e+00 0.000000000000000000e+00 1.896659609325132109e-14
1.853000000000000000e+03 0.000000000000000000e+00 0.000000000000000000e+00 1.894750459303158013e-14
1.854000000000000000e+03 0.000000000000000000e+00 0.000000000000000000e+00 1.892844889183234831e-14
1.855000000000000000e+03 0.000000000000000000e+00 0.000000000000000000e+00 1.890942884719706863e-14
1.856000000000000000e+03 0.000000000000000000e+00 0.000000000000000000e+00 1.889044413617101529e-14
1.857000000000000000e+03 0.000000000000000000e+00 0.000000000000000000e+00 1.887149461296529034e-14
1.858000000000000000e+03 0.000000000000000000e+00 0.000000000000000000e+00 1.885257995146262145e-14
1.859000000000000000e+03 0.000000000000000000e+00 0.000000000000000000e+00 1.883370001335896809e-14
1.860000000000000000e+03 0.000000000000000000e+00 0.000000000000000000e+00 1.881485446850280750e-14
1.861000000000000000e+03 0.000000000000000000e+00 0.000000000000000000e+00 1.879604317903074421e-14
1.862000000000000000e+03 0.000000000000000000e+00 0.000000000000000000e+00 1.877726581595329491e-14
1.863000000000000000e+03 0.000000000000000000e+00 0.000000000000000000e+00 1.875852223994813531e-14
1.864000000000000000e+03 0.000000000000000000e+00 0.000000000000000000e+00 1.873981212515254274e-14
1.865000000000000000e+03 0.000000000000000000e+00 0.000000000000000000e+00 1.872113533486240017e-14
1.866000000000000000e+03 0.000000000000000000e+00 0.000000000000000000e+00 1.870249153747748910e-14
1.867000000000000000e+03 0.000000000000000000e+00 0.000000000000000000e+00 1.868388059489126824e-14
1.868000000000000000e+03 0.000000000000000000e+00 0.000000000000000000e+00 1.866530218137898665e-14
1.869000000000000000e+03 0.000000000000000000e+00 0.000000000000000000e+00 1.864675615677983665e-14
1.870000000000000000e+03 0.000000000000000000e+00 0.000000000000000000e+00 1.862824219558368799e-14
1.871000000000000000e+03 0.000000000000000000e+00 0.000000000000000000e+00 1.860976015440074542e-14
1.872000000000000000e+03 0.000000000000000000e+00 0.000000000000000000e+00 1.859130971192715131e-14
1.873000000000000000e+03 0.000000000000000000e+00 0.000000000000000000e+00 1.857289072052281304e-14
1.874000000000000000e+03 0.000000000000000000e+00 0.000000000000000000e+00 1.855450285922777216e-14
1.875000000000000000e+03 0.000000000000000000e+00 0.000000000000000000e+00 1.853614598654304467e-14
1.876000000000000000e+03 0.000000000000000000e+00 0.000000000000000000e+00 1.851781978033897753e-14
1.877000000000000000e+03 0.000000000000000000e+00 0.000000000000000000e+00 1.849952410502068684e-14
1.878000000000000000e+03 0.000000000000000000e+00 0.000000000000000000e+00 1.848125863106313159e-14
1.879000000000000000e+03 0.000000000000000000e+00 0.000000000000000000e+00 1.846302322887363068e-14
1.880000000000000000e+03 0.000000000000000000e+00 0.000000000000000000e+00 1.844481757449059412e-14
1.881000000000000000e+03 0.000000000000000000e+00 0.000000000000000000e+00 1.842664152962736154e-14
1.882000000000000000e+03 0.000000000000000000e+00 0.000000000000000000e+00 1.840849478075996671e-14
1.883000000000000000e+03 0.000000000000000000e+00 0.000000000000000000e+00 1.839037718462656762e-14
1.884000000000000000e+03 0.000000000000000000e+00 0.000000000000000000e+00 1.837228843114237914e-14
1.885000000000000000e+03 0.000000000000000000e+00 0.000000000000000000e+00 1.835422837727989514e-14
1.886000000000000000e+03 0.000000000000000000e+00 0.000000000000000000e+00 1.833619671439705294e-14
1.887000000000000000e+03 0.000000000000000000e+00 0.000000000000000000e+00 1.831819330237724631e-14
1.888000000000000000e+03 0.000000000000000000e+00 0.000000000000000000e+00 1.830021783740745300e-14
1.889000000000000000e+03 0.000000000000000000e+00 0.000000000000000000e+00 1.828227017848717022e-14
1.890000000000000000e+03 0.000000000000000000e+00 0.000000000000000000e+00 1.826435002345371061e-14
1.891000000000000000e+03 0.000000000000000000e+00 0.000000000000000000e+00 1.824645723430440059e-14
1.892000000000000000e+03 0.000000000000000000e+00 0.000000000000000000e+00 1.822859151408944347e-14
1.893000000000000000e+03 0.000000000000000000e+00 0.000000000000000000e+00 1.821075272441245467e-14
1.894000000000000000e+03 0.000000000000000000e+00 0.000000000000000000e+00 1.819294057481698826e-14
1.895000000000000000e+03 0.000000000000000000e+00 0.000000000000000000e+00 1.817515492493629338e-14
1.896000000000000000e+03 0.000000000000000000e+00 0.000000000000000000e+00 1.815739548730883139e-14
1.897000000000000000e+03 0.000000000000000000e+00 0.000000000000000000e+00 1.813966212379169763e-14
1.898000000000000000e+03 0.000000000000000000e+00 0.000000000000000000e+00 1.812195454767459832e-14
1.899000000000000000e+03 0.000000000000000000e+00 0.000000000000000000e+00 1.810427262537276178e-14
1.900000000000000000e+03 0.000000000000000000e+00 0.000000000000000000e+00 1.808661607021256996e-14
1.901000000000000000e+03 0.000000000000000000e+00 0.000000000000000000e+00 1.806898475358817203e-14
1.902000000000000000e+03 0.000000000000000000e+00 0.000000000000000000e+00 1.805137839290854176e-14
1.903000000000000000e+03 0.000000000000000000e+00 0.000000000000000000e+00 1.803379686135944505e-14
1.904000000000000000e+03 0.000000000000000000e+00 0.000000000000000000e+00 1.801623988155773551e-14
1.905000000000000000e+03 0.000000000000000000e+00 0.000000000000000000e+00 1.799870733154416351e-14
1.906000000000000000e+03 0.000000000000000000e+00 0.000000000000000000e+00 1.798119893605014010e-14
1.907000000000000000e+03 0.000000000000000000e+00 0.000000000000000000e+00 1.796371458375751818e-14
1.908000000000000000e+03 0.000000000000000000e+00 0.000000000000000000e+00 1.794625399960934440e-14
1.909000000000000000e+03 0.000000000000000000e+00 0.000000000000000000e+00 1.792881707702644310e-14
1.910000000000000000e+03 0.000000000000000000e+00 0.000000000000000000e+00 1.791140354968832823e-14
1.911000000000000000e+03 0.000000000000000000e+00 0.000000000000000000e+00 1.789401331270413792e-14
1.912000000000000000e+03 0.000000000000000000e+00 0.000000000000000000e+00 1.787664610333416776e-14
1.913000000000000000e+03 0.000000000000000000e+00 0.000000000000000000e+00 1.785930182201610620e-14
1.914000000000000000e+03 0.000000000000000000e+00 0.000000000000000000e+00 1.784198020717067900e-14
1.915000000000000000e+03 0.000000000000000000e+00 0.000000000000000000e+00 1.782468117048444397e-14
1.916000000000000000e+03 0.000000000000000000e+00 0.000000000000000000e+00 1.780740445978681092e-14
1.917000000000000000e+03 0.000000000000000000e+00 0.000000000000000000e+00 1.779014998226929464e-14
1.918000000000000000e+03 0.000000000000000000e+00 0.000000000000000000e+00 1.777291749831265309e-14
1.919000000000000000e+03 0.000000000000000000e+00 0.000000000000000000e+00 1.775570692276745788e-14
1.920000000000000000e+03 0.000000000000000000e+00 0.000000000000000000e+00 1.773851801722589856e-14
1.921000000000000000e+03 0.000000000000000000e+00 0.000000000000000000e+00 1.772135070300933927e-14
1.922000000000000000e+03 0.000000000000000000e+00 0.000000000000000000e+00 1.770420474799277336e-14
1.923000000000000000e+03 0.000000000000000000e+00 0.000000000000000000e+00 1.768708008009716897e-14
1.924000000000000000e+03 0.000000000000000000e+00 0.000000000000000000e+00 1.766997647443419492e-14
1.925000000000000000e+03 0.000000000000000000e+00 0.000000000000000000e+00 1.765289386154628933e-14
1.926000000000000000e+03 0.000000000000000000e+00 0.000000000000000000e+00 1.763583202388291270e-14
1.927000000000000000e+03 0.000000000000000000e+00 0.000000000000000000e+00 1.761879089274494242e-14
1.928000000000000000e+03 0.000000000000000000e+00 0.000000000000000000e+00 1.760177025838801521e-14
1.929000000000000000e+03 0.000000000000000000e+00 0.000000000000000000e+00 1.758477006127219476e-14
1.930000000000000000e+03 0.000000000000000000e+00 0.000000000000000000e+00 1.756779009943224874e-14
1.931000000000000000e+03 0.000000000000000000e+00 0.000000000000000000e+00 1.755083031561073414e-14
1.932000000000000000e+03 0.000000000000000000e+00 0.000000000000000000e+00 1.753389051130305674e-14
1.933000000000000000e+03 0.000000000000000000e+00 0.000000000000000000e+00 1.751697064377516350e-14
1.934000000000000000e+03 0.000000000000000000e+00 0.000000000000000000e+00 1.750007051613004197e-14
1.935000000000000000e+03 0.000000000000000000e+00 0.000000000000000000e+00 1.748319009516624059e-14
1.936000000000000000e+03 0.000000000000000000e+00 0.000000000000000000e+00 1.746632919318027707e-14
1.937000000000000000e+03 0.000000000000000000e+00 0.000000000000000000e+00 1.744948777682897310e-14
1.938000000000000000e+03 0.000000000000000000e+00 0.000000000000000000e+00 1.743266567024644579e-14
1.939000000000000000e+03 0.000000000000000000e+00 0.000000000000000000e+00 1.741586284925351516e-14
1.940000000000000000e+03 0.000000000000000000e+00 0.000000000000000000e+00 1.739907913763988798e-14
1.941000000000000000e+03 0.000000000000000000e+00 0.000000000000000000e+00 1.738231452323206470e-14
1.942000000000000000e+03 0.000000000000000000e+00 0.000000000000000000e+00 1.736556883375458712e-14
1.943000000000000000e+03 0.000000000000000000e+00 0.000000000000000000e+00 1.734884206638952418e-14
1.944000000000000000e+03 0.000000000000000000e+00 0.000000000000000000e+00 1.733213405366146272e-14
1.945000000000000000e+03 0.000000000000000000e+00 0.000000000000000000e+00 1.731544480022851596e-14
1.946000000000000000e+03 0.000000000000000000e+00 0.000000000000000000e+00 1.729877414431315311e-14
1.947000000000000000e+03 0.000000000000000000e+00 0.000000000000000000e+00 1.728212209785292226e-14
1.948000000000000000e+03 0.000000000000000000e+00 0.000000000000000000e+00 1.726548850857777048e-14
1.949000000000000000e+03 0.000000000000000000e+00 0.000000000000000000e+00 1.724887339082791106e-14
1.950000000000000000e+03 0.000000000000000000e+00 0.000000000000000000e+00 1.723227659952598597e-14
1.951000000000000000e+03 0.000000000000000000e+00 0.000000000000000000e+00 1.721569815808718863e-14
1.952000000000000000e+03 0.000000000000000000e+00 0.000000000000000000e+00 1.719913792706280662e-14
1.953000000000000000e+03 0.000000000000000000e+00 0.000000000000000000e+00 1.718259593700924404e-14
1.954000000000000000e+03 0.000000000000000000e+00 0.000000000000000000e+00 1.716607205846044458e-14
1.955000000000000000e+03 0.000000000000000000e+00 0.000000000000000000e+00 1.714956633242192189e-14
1.956000000000000000e+03 0.000000000000000000e+00 0.000000000000000000e+00 1.713307863185578717e-14
1.957000000000000000e+03 0.000000000000000000e+00 0.000000000000000000e+00 1.711660900062459054e-14
1.958000000000000000e+03 0.000000000000000000e+00 0.000000000000000000e+00 1.710015732455674247e-14
1.959000000000000000e+03 0.000000000000000000e+00 0.000000000000000000e+00 1.708372365134775148e-14
1.960000000000000000e+03 0.000000000000000000e+00 0.000000000000000000e+00 1.706730787494740786e-14
1.961000000000000000e+03 0.000000000000000000e+00 0.000000000000000000e+00 1.705091005092570540e-14
1.962000000000000000e+03 0.000000000000000000e+00 0.000000000000000000e+00 1.703453007497953411e-14
1.963000000000000000e+03 0.000000000000000000e+00 0.000000000000000000e+00 1.701816800789300277e-14
1.964000000000000000e+03 0.000000000000000000e+00 0.000000000000000000e+00 1.700182375300323917e-14
1.965000000000000000e+03 0.000000000000000000e+00 0.000000000000000000e+00 1.698549737957957035e-14
1.966000000000000000e+03 0.000000000000000000e+00 0.000000000000000000e+00 1.696918879598661035e-14
1.967000000000000000e+03 0.000000000000000000e+00 0.000000000000000000e+00 1.695289807672979149e-14
1.968000000000000000e+03 0.000000000000000000e+00 0.000000000000000000e+00 1.693662513873426651e-14
1.969000000000000000e+03 0.000000000000000000e+00 0.000000000000000000e+00 1.692037006517653529e-14
1.970000000000000000e+03 0.000000000000000000e+00 0.000000000000000000e+00 1.690413277815601231e-14
1.971000000000000000e+03 0.000000000000000000e+00 0.000000000000000000e+00 1.688791336128820800e-14
1.972000000000000000e+03 0.000000000000000000e+00 0.000000000000000000e+00 1.687171174897021571e-14
1.973000000000000000e+03 0.000000000000000000e+00 0.000000000000000000e+00 1.685552803097598418e-14
1.974000000000000000e+03 0.000000000000000000e+00 0.000000000000000000e+00 1.683936214387465636e-14
1.975000000000000000e+03 0.000000000000000000e+00 0.000000000000000000e+00 1.682321418495177133e-14
1.976000000000000000e+03 0.000000000000000000e+00 0.000000000000000000e+00 1.680708409787096323e-14
1.977000000000000000e+03 0.000000000000000000e+00 0.000000000000000000e+00 1.679097197961291740e-14
1.978000000000000000e+03 0.000000000000000000e+00 0.000000000000000000e+00 1.677487778190070015e-14
1.979000000000000000e+03 0.000000000000000000e+00 0.000000000000000000e+00 1.675880161082469944e-14
1.980000000000000000e+03 0.000000000000000000e+00 0.000000000000000000e+00 1.674274341965680266e-14
1.981000000000000000e+03 0.000000000000000000e+00 0.000000000000000000e+00 1.672670332008717111e-14
1.982000000000000000e+03 0.000000000000000000e+00 0.000000000000000000e+00 1.671068127681802794e-14
1.983000000000000000e+03 0.000000000000000000e+00 0.000000000000000000e+00 1.669467740080524379e-14
1.984000000000000000e+03 0.000000000000000000e+00 0.000000000000000000e+00 1.667869166507041308e-14
1.985000000000000000e+03 0.000000000000000000e+00 0.000000000000000000e+00 1.666272418195570959e-14
1.986000000000000000e+03 0.000000000000000000e+00 0.000000000000000000e+00 1.664677492979253788e-14
1.987000000000000000e+03 0.000000000000000000e+00 0.000000000000000000e+00 1.663084402633679377e-14
1.988000000000000000e+03 0.000000000000000000e+00 0.000000000000000000e+00 1.661493145074169818e-14
1.989000000000000000e+03 0.000000000000000000e+00 0.000000000000000000e+00 1.659903732951716478e-14
1.990000000000000000e+03 0.000000000000000000e+00 0.000000000000000000e+00 1.658316164139438024e-14
1.991000000000000000e+03 0.000000000000000000e+00 0.000000000000000000e+00 1.656730451542906066e-14
1.992000000000000000e+03 0.000000000000000000e+00 0.000000000000000000e+00 1.655146593265648818e-14
1.993000000000000000e+03 0.000000000000000000e+00 0.000000000000000000e+00 1.653564602863354887e-14
1.994000000000000000e+03 0.000000000000000000e+00 0.000000000000000000e+00 1.651984478966345593e-14
1.995000000000000000e+03 0.000000000000000000e+00 0.000000000000000000e+00 1.650406235670404110e-14
1.996000000000000000e+03 0.000000000000000000e+00 0.000000000000000000e+00 1.648829871869672404e-14
1.997000000000000000e+03 0.000000000000000000e+00 0.000000000000000000e+00 1.647255401501506397e-14
1.998000000000000000e+03 0.000000000000000000e+00 0.000000000000000000e+00 1.645682824443963655e-14
1.999000000000000000e+03 0.000000000000000000e+00 0.000000000000000000e+00 1.644112155031826962e-14
2.000000000000000000e+03 0.000000000000000000e+00 0.000000000000000000e+00 1.642543393170367374e-14
2.001000000000000000e+03 0.000000000000000000e+00 0.000000000000000000e+00 1.640976553332375422e-14
2.002000000000000000e+03 0.000000000000000000e+00 0.000000000000000000e+00 1.639411636328074048e-14
2.003000000000000000e+03 0.000000000000000000e+00 0.000000000000000000e+00 1.637848656462920604e-14
2.004000000000000000e+03 0.000000000000000000e+00 0.000000000000000000e+00 1.636287614901589016e-14
2.005000000000000000e+03 0.000000000000000000e+00 0.000000000000000000e+00 1.634728526214630504e-14
2.006000000000000000e+03 0.000000000000000000e+00 0.000000000000000000e+00 1.633171391643389962e-14
2.007000000000000000e+03 0.000000000000000000e+00 0.000000000000000000e+00 1.631616226509504752e-14
2.008000000000000000e+03 0.000000000000000000e+00 0.000000000000000000e+00 1.630063031615921682e-14
2.009000000000000000e+03 0.000000000000000000e+00 0.000000000000000000e+00 1.628511823217574718e-14
2.010000000000000000e+03 0.000000000000000000e+00 0.000000000000000000e+00 1.626962602252798444e-14
2.011000000000000000e+03 0.000000000000000000e+00 0.000000000000000000e+00 1.625415384539279530e-14
2.012000000000000000e+03 0.000000000000000000e+00 0.000000000000000000e+00 1.623870171748114727e-14
2.013000000000000000e+03 0.000000000000000000e+00 0.000000000000000000e+00 1.622326980029846146e-14
2.014000000000000000e+03 0.000000000000000000e+00 0.000000000000000000e+00 1.620785811071999985e-14
2.015000000000000000e+03 0.000000000000000000e+00 0.000000000000000000e+00 1.619246681078102357e-14
2.016000000000000000e+03 0.000000000000000000e+00 0.000000000000000000e+00 1.617709592449680620e-14
2.017000000000000000e+03 0.000000000000000000e+00 0.000000000000000000e+00 1.616174561100967922e-14
2.018000000000000000e+03 0.000000000000000000e+00 0.000000000000000000e+00 1.614641589613823333e-14
2.019000000000000000e+03 0.000000000000000000e+00 0.000000000000000000e+00 1.613110694253871147e-14
2.020000000000000000e+03 0.000000000000000000e+00 0.000000000000000000e+00 1.611581877409192748e-14
2.021000000000000000e+03 0.000000000000000000e+00 0.000000000000000000e+00 1.610055155629869363e-14
2.022000000000000000e+03 0.000000000000000000e+00 0.000000000000000000e+00 1.608530531359059381e-14
2.023000000000000000e+03 0.000000000000000000e+00 0.000000000000000000e+00 1.607008021086631854e-14
2.024000000000000000e+03 0.000000000000000000e+00 0.000000000000000000e+00 1.605487627517856513e-14
2.025000000000000000e+03 0.000000000000000000e+00 0.000000000000000000e+00 1.603969366976878196e-14
2.026000000000000000e+03 0.000000000000000000e+00 0.000000000000000000e+00 1.602453241841522779e-14
2.027000000000000000e+03 0.000000000000000000e+00 0.000000000000000000e+00 1.600939268422512788e-14
2.028000000000000000e+03 0.000000000000000000e+00 0.000000000000000000e+00 1.599427449521506029e-14
2.029000000000000000e+03 0.000000000000000000e+00 0.000000000000000000e+00 1.597917801754283536e-14
2.030000000000000000e+03 0.000000000000000000e+00 0.000000000000000000e+00 1.596410327368085990e-14
2.031000000000000000e+03 0.000000000000000000e+00 0.000000000000000000e+00 1.594905043036694320e-14
2.032000000000000000e+03 0.000000000000000000e+00 0.000000000000000000e+00 1.593401951322717495e-14
2.033000000000000000e+03 0.000000000000000000e+00 0.000000000000000000e+00 1.591901068624122903e-14
2.034000000000000000e+03 0.000000000000000000e+00 0.000000000000000000e+00 1.590402397695407404e-14
2.035000000000000000e+03 0.000000000000000000e+00 0.000000000000000000e+00 1.588905954759567459e-14
2.036000000000000000e+03 0.000000000000000000e+00 0.000000000000000000e+00 1.587411742119543956e-14
2.037000000000000000e+03 0.000000000000000000e+00 0.000000000000000000e+00 1.585919776555144200e-14
2.038000000000000000e+03 0.000000000000000000e+00 0.000000000000000000e+00 1.584430059973240005e-14
2.039000000000000000e+03 0.000000000000000000e+00 0.000000000000000000e+00 1.582942608607762072e-14
2.040000000000000000e+03 0.000000000000000000e+00 0.000000000000000000e+00 1.581457424780071511e-14
2.041000000000000000e+03 0.000000000000000000e+00 0.000000000000000000e+00 1.579974524292385741e-14
2.042000000000000000e+03 0.000000000000000000e+00 0.000000000000000000e+00 1.578493909593554312e-14
2.043000000000000000e+03 0.000000000000000000e+00 0.000000000000000000e+00 1.577015596307593176e-14
2.044000000000000000e+03 0.000000000000000000e+00 0.000000000000000000e+00 1.575539586525748296e-14
2.045000000000000000e+03 0.000000000000000000e+00 0.000000000000000000e+00 1.574065896065150667e-14
2.046000000000000000e+03 0.000000000000000000e+00 0.000000000000000000e+00 1.572594527004860876e-14
2.047000000000000000e+03 0.000000000000000000e+00 0.000000000000000000e+00 1.571125494724900512e-14
2.048000000000000000e+03 0.000000000000000000e+00 0.000000000000000000e+00 1.569658801005310542e-14
2.049000000000000000e+03 0.000000000000000000e+00 0.000000000000000000e+00 1.568194461138629774e-14
2.050000000000000000e+03 0.000000000000000000e+00 0.000000000000000000e+00 1.566732476708164209e-14
2.051000000000000000e+03 0.000000000000000000e+00 0.000000000000000000e+00 1.565272862477162328e-14
2.052000000000000000e+03 0.000000000000000000e+00 0.000000000000000000e+00 1.563815620171535987e-14
2.053000000000000000e+03 0.000000000000000000e+00 0.000000000000000000e+00 1.562360764149626197e-14
2.054000000000000000e+03 0.000000000000000000e+00 0.000000000000000000e+00 1.560908295589091532e-14
2.055000000000000000e+03 0.000000000000000000e+00 0.000000000000000000e+00 1.559458228695777355e-14
2.056000000000000000e+03 0.000000000000000000e+00 0.000000000000000000e+00 1.558010564481514529e-14
2.057000000000000000e+03 0.000000000000000000e+00 0.000000000000000000e+00 1.556565317099497314e-14
2.058000000000000000e+03 0.000000000000000000e+00 0.000000000000000000e+00 1.555122487328164500e-14
2.059000000000000000e+03 0.000000000000000000e+00 0.000000000000000000e+00 1.553682088651838343e-14
2.060000000000000000e+03 0.000000000000000000e+00 0.000000000000000000e+00 1.552244121790684794e-14
2.061000000000000000e+03 0.000000000000000000e+00 0.000000000000000000e+00 1.550808600312101364e-14
2.062000000000000000e+03 0.000000000000000000e+00 0.000000000000000000e+00 1.549375524642970982e-14
2.063000000000000000e+03 0.000000000000000000e+00 0.000000000000000000e+00 1.547944907829199513e-14
2.064000000000000000e+03 0.000000000000000000e+00 0.000000000000000000e+00 1.546516749899351294e-14
2.065000000000000000e+03 0.000000000000000000e+00 0.000000000000000000e+00 1.545091063713680088e-14
2.066000000000000000e+03 0.000000000000000000e+00 0.000000000000000000e+00 1.543667849171826693e-14
2.067000000000000000e+03 0.000000000000000000e+00 0.000000000000000000e+00 1.542247118728930403e-14
2.068000000000000000e+03 0.000000000000000000e+00 0.000000000000000000e+00 1.540828872058013106e-14
2.069000000000000000e+03 0.000000000000000000e+00 0.000000000000000000e+00 1.539413121125121910e-14
2.070000000000000000e+03 0.000000000000000000e+00 0.000000000000000000e+00 1.537999865354514573e-14
2.071000000000000000e+03 0.000000000000000000e+00 0.000000000000000000e+00 1.536589116350660652e-14
2.072000000000000000e+03 0.000000000000000000e+00 0.000000000000000000e+00 1.535180873014142689e-14
2.073000000000000000e+03 0.000000000000000000e+00 0.000000000000000000e+00 1.533775146923703279e-14
2.074000000000000000e+03 0.000000000000000000e+00 0.000000000000000000e+00 1.532371936596573591e-14
2.075000000000000000e+03 0.000000000000000000e+00 0.000000000000000000e+00 1.530971252932878308e-14
2.076000000000000000e+03 0.000000000000000000e+00 0.000000000000000000e+00 1.529573094492800499e-14
2.077000000000000000e+03 0.000000000000000000e+00 0.000000000000000000e+00 1.528177471908175778e-14
2.078000000000000000e+03 0.000000000000000000e+00 0.000000000000000000e+00 1.526784382595737117e-14
2.079000000000000000e+03 0.000000000000000000e+00 0.000000000000000000e+00 1.525393837396456624e-14
2.080000000000000000e+03 0.000000000000000000e+00 0.000000000000000000e+00 1.524005833639170494e-14
2.081000000000000000e+03 0.000000000000000000e+00 0.000000000000000000e+00 1.522620381446559219e-14
2.082000000000000000e+03 0.000000000000000000e+00 0.000000000000000000e+00 1.521237477877157066e-14
2.083000000000000000e+03 0.000000000000000000e+00 0.000000000000000000e+00 1.519857132147007635e-14
2.084000000000000000e+03 0.000000000000000000e+00 0.000000000000000000e+00 1.518479341421945108e-14
2.085000000000000000e+03 0.000000000000000000e+00 0.000000000000000000e+00 1.517104114494039159e-14
2.086000000000000000e+03 0.000000000000000000e+00 0.000000000000000000e+00 1.515731447983661364e-14
2.087000000000000000e+03 0.000000000000000000e+00 0.000000000000000000e+00 1.514361350132706138e-14
2.088000000000000000e+03 0.000000000000000000e+00 0.000000000000000000e+00 1.512993817200519391e-14
2.089000000000000000e+03 0.000000000000000000e+00 0.000000000000000000e+00 1.511628857036716782e-14
2.090000000000000000e+03 0.000000000000000000e+00 0.000000000000000000e+00 1.510266465140201873e-14
2.091000000000000000e+03 0.000000000000000000e+00 0.000000000000000000e+00 1.508906649354210331e-14
2.092000000000000000e+03 0.000000000000000000e+00 0.000000000000000000e+00 1.507549404567091675e-14
2.093000000000000000e+03 0.000000000000000000e+00 0.000000000000000000e+00 1.506194737808216930e-14
2.094000000000000000e+03 0.000000000000000000e+00 0.000000000000000000e+00 1.504842644176144960e-14
2.095000000000000000e+03 0.000000000000000000e+00 0.000000000000000000e+00 1.503493130266089617e-14
2.096000000000000000e+03 0.000000000000000000e+00 0.000000000000000000e+00 1.502146190347518531e-14
2.097000000000000000e+03 0.000000000000000000e+00 0.000000000000000000e+00 1.500801830807441180e-14
2.098000000000000000e+03 0.000000000000000000e+00 0.000000000000000000e+00 1.499460045509637381e-14
2.099000000000000000e+03 0.000000000000000000e+00 0.000000000000000000e+00 1.498120840272789345e-14
2.100000000000000000e+03 0.000000000000000000e+00 0.000000000000000000e+00 1.496784208663278853e-14
2.101000000000000000e+03 0.000000000000000000e+00 0.000000000000000000e+00 1.495450156175431232e-14
2.102000000000000000e+03 0.000000000000000000e+00 0.000000000000000000e+00 1.494118675483847512e-14
2.103000000000000000e+03 0.000000000000000000e+00 0.000000000000000000e+00 1.492789771850787184e-14
2.104000000000000000e+03 0.000000000000000000e+00 0.000000000000000000e+00 1.491463437782840944e-14
2.105000000000000000e+03 0.000000000000000000e+00 0.000000000000000000e+00 1.490139677889211044e-14
2.106000000000000000e+03 0.000000000000000000e+00 0.000000000000000000e+00 1.488818484318710099e-14
2.107000000000000000e+03 0.000000000000000000e+00 0.000000000000000000e+00 1.487499861338231842e-14
2.108000000000000000e+03 0.000000000000000000e+00 0.000000000000000000e+00 1.486183800890276832e-14
2.109000000000000000e+03 0.000000000000000000e+00 0.000000000000000000e+00 1.484870306709104337e-14
2.110000000000000000e+03 0.000000000000000000e+00 0.000000000000000000e+00 1.483559370128012350e-14
2.111000000000000000e+03 0.000000000000000000e+00 0.000000000000000000e+00 1.482250994718729548e-14
2.112000000000000000e+03 0.000000000000000000e+00 0.000000000000000000e+00 1.480945171343080475e-14
2.113000000000000000e+03 0.000000000000000000e+00 0.000000000000000000e+00 1.479641903149700567e-14
2.114000000000000000e+03 0.000000000000000000e+00 0.000000000000000000e+00 1.478341180442198408e-14
2.115000000000000000e+03 0.000000000000000000e+00 0.000000000000000000e+00 1.477043005993980170e-14
2.116000000000000000e+03 0.000000000000000000e+00 0.000000000000000000e+00 1.475747369514991166e-14
2.117000000000000000e+03 0.000000000000000000e+00 0.000000000000000000e+00 1.474454273598347513e-14
2.118000000000000000e+03 0.000000000000000000e+00 0.000000000000000000e+00 1.473163707595400127e-14
2.119000000000000000e+03 0.000000000000000000e+00 0.000000000000000000e+00 1.471875673422224938e-14
2.120000000000000000e+03 0.000000000000000000e+00 0.000000000000000000e+00 1.470590160110036384e-14
2.121000000000000000e+03 0.000000000000000000e+00 0.000000000000000000e+00 1.469307169287143401e-14
2.122000000000000000e+03 0.000000000000000000e+00 0.000000000000000000e+00 1.468026689786617501e-14
2.123000000000000000e+03 0.000000000000000000e+00 0.000000000000000000e+00 1.466748722800525016e-14
2.124000000000000000e+03 0.000000000000000000e+00 0.000000000000000000e+00 1.465473256674817111e-14
2.125000000000000000e+03 0.000000000000000000e+00 0.000000000000000000e+00 1.464200292081055808e-14
2.126000000000000000e+03 0.000000000000000000e+00 0.000000000000000000e+00 1.462929817356576649e-14
2.127000000000000000e+03 0.000000000000000000e+00 0.000000000000000000e+00 1.461661832658787993e-14
2.128000000000000000e+03 0.000000000000000000e+00 0.000000000000000000e+00 1.460396326194014203e-14
2.129000000000000000e+03 0.000000000000000000e+00 0.000000000000000000e+00 1.459133297433804300e-14
2.130000000000000000e+03 0.000000000000000000e+00 0.000000000000000000e+00 1.457872734326848880e-14
2.131000000000000000e+03 0.000000000000000000e+00 0.000000000000000000e+00 1.456614635917835809e-14
2.132000000000000000e+03 0.000000000000000000e+00 0.000000000000000000e+00 1.455358989685774526e-14
2.133000000000000000e+03 0.000000000000000000e+00 0.000000000000000000e+00 1.454105794770350367e-14
2.134000000000000000e+03 0.000000000000000000e+00 0.000000000000000000e+00 1.452855037953490784e-14
2.135000000000000000e+03 0.000000000000000000e+00 0.000000000000000000e+00 1.451606718005311138e-14
2.136000000000000000e+03 0.000000000000000000e+00 0.000000000000000000e+00 1.450360821746263693e-14
2.137000000000000000e+03 0.000000000000000000e+00 0.000000000000000000e+00 1.449117347470501742e-14
2.138000000000000000e+03 0.000000000000000000e+00 0.000000000000000000e+00 1.447876281171509612e-14
2.139000000000000000e+03 0.000000000000000000e+00 0.000000000000000000e+00 1.446637621011968410e-14
2.140000000000000000e+03 0.000000000000000000e+00 0.000000000000000000e+00 1.445401353044768420e-14
2.141000000000000000e+03 0.000000000000000000e+00 0.000000000000000000e+00 1.444167475124979802e-14
2.142000000000000000e+03 0.000000000000000000e+00 0.000000000000000000e+00 1.442935972546498843e-14
2.143000000000000000e+03 0.000000000000000000e+00 0.000000000000000000e+00 1.441706843304557352e-14
2.144000000000000000e+03 0.000000000000000000e+00 0.000000000000000000e+00 1.440480072298678907e-14
2.145000000000000000e+03 0.000000000000000000e+00 0.000000000000000000e+00 1.439255656990308483e-14
2.146000000000000000e+03 0.000000000000000000e+00 0.000000000000000000e+00 1.438033582050920069e-14
2.147000000000000000e+03 0.000000000000000000e+00 0.000000000000000000e+00 1.436813844582582642e-14
2.148000000000000000e+03 0.000000000000000000e+00 0.000000000000000000e+00 1.435596429248184860e-14
2.149000000000000000e+03 0.000000000000000000e+00 0.000000000000000000e+00 1.434381332665084848e-14
2.150000000000000000e+03 0.000000000000000000e+00 0.000000000000000000e+00 1.433168539062893831e-14
2.151000000000000000e+03 0.000000000000000000e+00 0.000000000000000000e+00 1.431958044841884564e-14
2.152000000000000000e+03 0.000000000000000000e+00 0.000000000000000000e+00 1.430749834032650023e-14
2.153000000000000000e+03 0.000000000000000000e+00 0.000000000000000000e+00 1.429543902500310457e-14
2.154000000000000000e+03 0.000000000000000000e+00 0.000000000000000000e+00 1.428340234329862474e-14
2.155000000000000000e+03 0.000000000000000000e+00 0.000000000000000000e+00 1.427138824723927366e-14
2.156000000000000000e+03 0.000000000000000000e+00 0.000000000000000000e+00 1.425939657689255892e-14
2.157000000000000000e+03 0.000000000000000000e+00 0.000000000000000000e+00 1.424742728664971420e-14
2.158000000000000000e+03 0.000000000000000000e+00 0.000000000000000000e+00 1.423548021121903533e-14
2.159000000000000000e+03 0.000000000000000000e+00 0.000000000000000000e+00 1.422355530012089016e-14
2.160000000000000000e+03 0.000000000000000000e+00 0.000000000000000000e+00 1.421165239079157544e-14
2.161000000000000000e+03 0.000000000000000000e+00 0.000000000000000000e+00 1.419977142805395482e-14
2.162000000000000000e+03 0.000000000000000000e+00 0.000000000000000000e+00 1.418791224536564987e-14
2.163000000000000000e+03 0.000000000000000000e+00 0.000000000000000000e+00 1.417607478841460489e-14
2.164000000000000000e+03 0.000000000000000000e+00 0.000000000000000000e+00 1.416425888575348576e-14
2.165000000000000000e+03 0.000000000000000000e+00 0.000000000000000000e+00 1.415246448226285658e-14
2.166000000000000000e+03 0.000000000000000000e+00 0.000000000000000000e+00 1.414069140344067400e-14
2.167000000000000000e+03 0.000000000000000000e+00 0.000000000000000000e+00 1.412893959318783786e-14
2.168000000000000000e+03 0.000000000000000000e+00 0.000000000000000000e+00 1.411720887572707800e-14
2.169000000000000000e+03 0.000000000000000000e+00 0.000000000000000000e+00 1.410549919286736610e-14
2.170000000000000000e+03 0.000000000000000000e+00 0.000000000000000000e+00 1.409381036740154116e-14
2.171000000000000000e+03 0.000000000000000000e+00 0.000000000000000000e+00 1.408214233815630670e-14
2.172000000000000000e+03 0.000000000000000000e+00 0.000000000000000000e+00 1.407049492935045932e-14
2.173000000000000000e+03 0.000000000000000000e+00 0.000000000000000000e+00 1.405886807522024362e-14
2.174000000000000000e+03 0.000000000000000000e+00 0.000000000000000000e+00 1.404726159914859812e-14
2.175000000000000000e+03 0.000000000000000000e+00 0.000000000000000000e+00 1.403567543522051754e-14
2.176000000000000000e+03 0.000000000000000000e+00 0.000000000000000000e+00 1.402410940071960831e-14
2.177000000000000000e+03 0.000000000000000000e+00 0.000000000000000000e+00 1.401256342775974786e-14
2.178000000000000000e+03 0.000000000000000000e+00 0.000000000000000000e+00 1.400103733476767938e-14
2.179000000000000000e+03 0.000000000000000000e+00 0.000000000000000000e+00 1.398953104949055181e-14
2.180000000000000000e+03 0.000000000000000000e+00 0.000000000000000000e+00 1.397804438504809866e-14
2.181000000000000000e+03 0.000000000000000000e+00 0.000000000000000000e+00 1.396657727131856083e-14
2.182000000000000000e+03 0.000000000000000000e+00 0.000000000000000000e+00 1.395512952065578413e-14
2.183000000000000000e+03 0.000000000000000000e+00 0.000000000000000000e+00 1.394370105941705187e-14
2.184000000000000000e+03 0.000000000000000000e+00 0.000000000000000000e+00 1.393229169952084226e-14
2.185000000000000000e+03 0.000000000000000000e+00 0.000000000000000000e+00 1.392090136551824060e-14
2.186000000000000000e+03 0.000000000000000000e+00 0.000000000000000000e+00 1.390952986876894810e-14
2.187000000000000000e+03 0.000000000000000000e+00 0.000000000000000000e+00 1.389817713236453748e-14
2.188000000000000000e+03 0.000000000000000000e+00 0.000000000000000000e+00 1.388684296711877085e-14
2.189000000000000000e+03 0.000000000000000000e+00 0.000000000000000000e+00 1.387552729490610324e-14
2.190000000000000000e+03 0.000000000000000000e+00 0.000000000000000000e+00 1.386422992367541900e-14
2.191000000000000000e+03 0.000000000000000000e+00 0.000000000000000000e+00 1.385295077416512037e-14
2.192000000000000000e+03 0.000000000000000000e+00 0.000000000000000000e+00 1.384168965266753745e-14
2.193000000000000000e+03 0.000000000000000000e+00 0.000000000000000000e+00 1.383044647918405393e-14
2.194000000000000000e+03 0.000000000000000000e+00 0.000000000000000000e+00 1.381922105887412150e-14
2.195000000000000000e+03 0.000000000000000000e+00 0.000000000000000000e+00 1.380801331099976396e-14
2.196000000000000000e+03 0.000000000000000000e+00 0.000000000000000000e+00 1.379682303978079396e-14
2.197000000000000000e+03 0.000000000000000000e+00 0.000000000000000000e+00 1.378565016396936452e-14
2.198000000000000000e+03 0.000000000000000000e+00 0.000000000000000000e+00 1.377449448953782956e-14
2.199000000000000000e+03 0.000000000000000000e+00 0.000000000000000000e+00 1.376335593475255840e-14
2.200000000000000000e+03 0.000000000000000000e+00 0.000000000000000000e+00 1.375223430369203927e-14
2.201000000000000000e+03 0.000000000000000000e+00 0.000000000000000000e+00 1.374112951426013306e-14
2.202000000000000000e+03 0.000000000000000000e+00 0.000000000000000000e+00 1.373004137230491815e-14
2.203000000000000000e+03 0.000000000000000000e+00 0.000000000000000000e+00 1.371896979259255802e-14
2.204000000000000000e+03 0.000000000000000000e+00 0.000000000000000000e+00 1.370791458188250205e-14
2.205000000000000000e+03 0.000000000000000000e+00 0.000000000000000000e+00 1.369687565327355051e-14
2.206000000000000000e+03 0.000000000000000000e+00 0.000000000000000000e+00 1.368585281374958368e-14
2.207000000000000000e+03 0.000000000000000000e+00 0.000000000000000000e+00 1.367484597525560915e-14
2.208000000000000000e+03 0.000000000000000000e+00 0.000000000000000000e+00 1.366385494536021248e-14
2.209000000000000000e+03 0.000000000000000000e+00 0.000000000000000000e+00 1.365287963483993259e-14
2.210000000000000000e+03 0.000000000000000000e+00 0.000000000000000000e+00 1.364191985139927421e-14
2.211000000000000000e+03 0.000000000000000000e+00 0.000000000000000000e+00 1.363097550970018286e-14
2.212000000000000000e+03 0.000000000000000000e+00 0.000000000000000000e+00 1.362004641532383210e-14
2.213000000000000000e+03 0.000000000000000000e+00 0.000000000000000000e+00 1.360913248466199427e-14
2.214000000000000000e+03 0.000000000000000000e+00 0.000000000000000000e+00 1.359823352684866264e-14
2.215000000000000000e+03 0.000000000000000000e+00 0.000000000000000000e+00 1.358734945689849661e-14
2.216000000000000000e+03 0.000000000000000000e+00 0.000000000000000000e+00 1.357648008537191879e-14
2.217000000000000000e+03 0.000000000000000000e+00 0.000000000000000000e+00 1.356562533142720672e-14
2.218000000000000000e+03 0.000000000000000000e+00 0.000000000000000000e+00 1.355478500436169677e-14
2.219000000000000000e+03 0.000000000000000000e+00 0.000000000000000000e+00 1.354395902494551759e-14
2.220000000000000000e+03 0.000000000000000000e+00 0.000000000000000000e+00 1.353314720453310866e-14
2.221000000000000000e+03 0.000000000000000000e+00 0.000000000000000000e+00 1.352234946507134874e-14
2.222000000000000000e+03 0.000000000000000000e+00 0.000000000000000000e+00 1.351156561857116422e-14
2.223000000000000000e+03 0.000000000000000000e+00 0.000000000000000000e+00 1.350079559004134381e-14
2.224000000000000000e+03 0.000000000000000000e+00 0.000000000000000000e+00 1.349003919186027477e-14
2.225000000000000000e+03 0.000000000000000000e+00 0.000000000000000000e+00 1.347929635058390085e-14
2.226000000000000000e+03 0.000000000000000000e+00 0.000000000000000000e+00 1.346856688346903559e-14
2.227000000000000000e+03 0.000000000000000000e+00 0.000000000000000000e+00 1.345785071574766484e-14
2.228000000000000000e+03 0.000000000000000000e+00 0.000000000000000000e+00 1.344714766923420975e-14
2.229000000000000000e+03 0.000000000000000000e+00 0.000000000000000000e+00 1.343645767089219009e-14
2.230000000000000000e+03 0.000000000000000000e+00 0.000000000000000000e+00 1.342578054493227404e-14
2.231000000000000000e+03 0.000000000000000000e+00 0.000000000000000000e+00 1.341511622112041288e-14
2.232000000000000000e+03 0.000000000000000000e+00 0.000000000000000000e+00 1.340446452533829675e-14
2.233000000000000000e+03 0.000000000000000000e+00 0.000000000000000000e+00 1.339382539083721591e-14
2.234000000000000000e+03 0.000000000000000000e+00 0.000000000000000000e+00 1.338319864692169639e-14
2.235000000000000000e+03 0.000000000000000000e+00 0.000000000000000000e+00 1.337258423088638392e-14
2.236000000000000000e+03 0.000000000000000000e+00 0.000000000000000000e+00 1.336198197359853169e-14
2.237000000000000000e+03 0.000000000000000000e+00 0.000000000000000000e+00 1.335139181412900514e-14
2.238000000000000000e+03 0.000000000000000000e+00 0.000000000000000000e+00 1.334081358904854232e-14
2.239000000000000000e+03 0.000000000000000000e+00 0.000000000000000000e+00 1.333024723838737555e-14
2.240000000000000000e+03 0.000000000000000000e+00 0.000000000000000000e+00 1.331969260102868450e-14
2.241000000000000000e+03 0.000000000000000000e+00 0.000000000000000000e+00 1.330914961975037029e-14
2.242000000000000000e+03 0.000000000000000000e+00 0.000000000000000000e+00 1.329861813478686031e-14
2.243000000000000000e+03 0.000000000000000000e+00 0.000000000000000000e+00 1.328809809408597079e-14
2.244000000000000000e+03 0.000000000000000000e+00 0.000000000000000000e+00 1.327758934194123501e-14
2.245000000000000000e+03 0.000000000000000000e+00 0.000000000000000000e+00 1.326709182765448900e-14
2.246000000000000000e+03 0.000000000000000000e+00 0.000000000000000000e+00 1.325660539880053611e-14
2.247000000000000000e+03 0.000000000000000000e+00 0.000000000000000000e+00 1.324613001018171070e-14
2.248000000000000000e+03 0.000000000000000000e+00 0.000000000000000000e+00 1.323566551336298818e-14
2.249000000000000000e+03 0.000000000000000000e+00 0.000000000000000000e+00 1.322521186559704844e-14
2.250000000000000000e+03 0.000000000000000000e+00 0.000000000000000000e+00 1.321476892375848297e-14
2.251000000000000000e+03 0.000000000000000000e+00 0.000000000000000000e+00 1.320433665089643010e-14
2.252000000000000000e+03 0.000000000000000000e+00 0.000000000000000000e+00 1.319391490661514987e-14
2.253000000000000000e+03 0.000000000000000000e+00 0.000000000000000000e+00 1.318350365989554760e-14
2.254000000000000000e+03 0.000000000000000000e+00 0.000000000000000000e+00 1.317310277070499130e-14
2.255000000000000000e+03 0.000000000000000000e+00 0.000000000000000000e+00 1.316271221463095120e-14
2.256000000000000000e+03 0.000000000000000000e+00 0.000000000000000000e+00 1.315233185720048030e-14
2.257000000000000000e+03 0.000000000000000000e+00 0.000000000000000000e+00 1.314196167410204196e-14
2.258000000000000000e+03 0.000000000000000000e+00 0.000000000000000000e+00 1.313160153967598677e-14
2.259000000000000000e+03 0.000000000000000000e+00 0.000000000000000000e+00 1.312125143455242844e-14
2.260000000000000000e+03 0.000000000000000000e+00 0.000000000000000000e+00 1.311091123615510660e-14
2.261000000000000000e+03 0.000000000000000000e+00 0.000000000000000000e+00 1.310058093016652085e-14
2.262000000000000000e+03 0.000000000000000000e+00 0.000000000000000000e+00 1.309026040035197530e-14
2.263000000000000000e+03 0.000000000000000000e+00 0.000000000000000000e+00 1.307994963800163619e-14
2.264000000000000000e+03 0.000000000000000000e+00 0.000000000000000000e+00 1.306964853225200535e-14
2.265000000000000000e+03 0.000000000000000000e+00 0.000000000000000000e+00 1.305935707793415374e-14
2.266000000000000000e+03 0.000000000000000000e+00 0.000000000000000000e+00 1.304907516794430057e-14
2.267000000000000000e+03 0.000000000000000000e+00 0.000000000000000000e+00 1.303880280558767679e-14
2.268000000000000000e+03 0.000000000000000000e+00 0.000000000000000000e+00 1.302853988655778188e-14
2.269000000000000000e+03 0.000000000000000000e+00 0.000000000000000000e+00 1.301828641566056474e-14
2.270000000000000000e+03 0.000000000000000000e+00 0.000000000000000000e+00 1.300804229425789906e-14
2.271000000000000000e+03 0.000000000000000000e+00 0.000000000000000000e+00 1.299780753243857429e-14
2.272000000000000000e+03 0.000000000000000000e+00 0.000000000000000000e+00 1.298758203566773835e-14
2.273000000000000000e+03 0.000000000000000000e+00 0.000000000000000000e+00 1.297736581930728512e-14
2.274000000000000000e+03 0.000000000000000000e+00 0.000000000000000000e+00 1.296715879620470586e-14
2.275000000000000000e+03 0.000000000000000000e+00 0.000000000000000000e+00 1.295696098347796510e-14
2.276000000000000000e+03 0.000000000000000000e+00 0.000000000000000000e+00 1.294677230246735489e-14
2.277000000000000000e+03 0.000000000000000000e+00 0.000000000000000000e+00 1.293659277523137304e-14
2.278000000000000000e+03 0.000000000000000000e+00 0.000000000000000000e+00 1.292642232454890517e-14
2.279000000000000000e+03 0.000000000000000000e+00 0.000000000000000000e+00 1.291626098151412817e-14
2.280000000000000000e+03 0.000000000000000000e+00 0.000000000000000000e+00 1.290610867403156086e-14
2.281000000000000000e+03 0.000000000000000000e+00 0.000000000000000000e+00 1.289596543566379058e-14
2.282000000000000000e+03 0.000000000000000000e+00 0.000000000000000000e+00 1.288583120365974067e-14
2.283000000000000000e+03 0.000000000000000000e+00 0.000000000000000000e+00 1.287570601345175344e-14
2.284000000000000000e+03 0.000000000000000000e+00 0.000000000000000000e+00 1.286558980818513882e-14
2.285000000000000000e+03 0.000000000000000000e+00 0.000000000000000000e+00 1.285548262860568117e-14
2.286000000000000000e+03 0.000000000000000000e+00 0.000000000000000000e+00 1.284538441941689264e-14
2.287000000000000000e+03 0.000000000000000000e+00 0.000000000000000000e+00 1.283529522935640330e-14
2.288000000000000000e+03 0.000000000000000000e+00 0.000000000000000000e+00 1.282521500853566342e-14
2.289000000000000000e+03 0.000000000000000000e+00 0.000000000000000000e+00 1.281514381058097823e-14
2.290000000000000000e+03 0.000000000000000000e+00 0.000000000000000000e+00 1.280508159045740040e-14
2.291000000000000000e+03 0.000000000000000000e+00 0.000000000000000000e+00 1.279502840441561920e-14
2.292000000000000000e+03 0.000000000000000000e+00 0.000000000000000000e+00 1.278498421279392816e-14
2.293000000000000000e+03 0.000000000000000000e+00 0.000000000000000000e+00 1.277494907662647816e-14
2.294000000000000000e+03 0.000000000000000000e+00 0.000000000000000000e+00 1.276492296313317666e-14
2.295000000000000000e+03 0.000000000000000000e+00 0.000000000000000000e+00 1.275490593943330556e-14
2.296000000000000000e+03 0.000000000000000000e+00 0.000000000000000000e+00 1.274489797623680655e-14
2.297000000000000000e+03 0.000000000000000000e+00 0.000000000000000000e+00 1.273489914302808013e-14
2.298000000000000000e+03 0.000000000000000000e+00 0.000000000000000000e+00 1.272490941886029284e-14
2.299000000000000000e+03 0.000000000000000000e+00 0.000000000000000000e+00 1.271492887725094548e-14
2.300000000000000000e+03 0.000000000000000000e+00 0.000000000000000000e+00 1.270495750190290381e-14
2.301000000000000000e+03 0.000000000000000000e+00 0.000000000000000000e+00 1.269499537236570614e-14
2.302000000000000000e+03 0.000000000000000000e+00 0.000000000000000000e+00 1.268504247334784707e-14
2.303000000000000000e+03 0.000000000000000000e+00 0.000000000000000000e+00 1.267509889090225001e-14
2.304000000000000000e+03 0.000000000000000000e+00 0.000000000000000000e+00 1.266516461533368190e-14
2.305000000000000000e+03 0.000000000000000000e+00 0.000000000000000000e+00 1.265523973316588988e-14
2.306000000000000000e+03 0.000000000000000000e+00 0.000000000000000000e+00 1.264532424002816803e-14
2.307000000000000000e+03 0.000000000000000000e+00 0.000000000000000000e+00 1.263541822917014835e-14
2.308000000000000000e+03 0.000000000000000000e+00 0.000000000000000000e+00 1.262552169715889437e-14
2.309000000000000000e+03 0.000000000000000000e+00 0.000000000000000000e+00 1.261563474606754829e-14
2.310000000000000000e+03 0.000000000000000000e+00 0.000000000000000000e+00 1.260575737520173109e-14
2.311000000000000000e+03 0.000000000000000000e+00 0.000000000000000000e+00 1.259588969116582884e-14
2.312000000000000000e+03 0.000000000000000000e+00 0.000000000000000000e+00 1.258603169969112587e-14
2.313000000000000000e+03 0.000000000000000000e+00 0.000000000000000000e+00 1.257618351057296637e-14
2.314000000000000000e+03 0.000000000000000000e+00 0.000000000000000000e+00 1.256634513446737182e-14
2.315000000000000000e+03 0.000000000000000000e+00 0.000000000000000000e+00 1.255651668705140021e-14
2.316000000000000000e+03 0.000000000000000000e+00 0.000000000000000000e+00 1.254669818255775731e-14
2.317000000000000000e+03 0.000000000000000000e+00 0.000000000000000000e+00 1.253688973961879177e-14
2.318000000000000000e+03 0.000000000000000000e+00 0.000000000000000000e+00 1.252709137871413734e-14
2.319000000000000000e+03 0.000000000000000000e+00 0.000000000000000000e+00 1.251730322195496723e-14
2.320000000000000000e+03 0.000000000000000000e+00 0.000000000000000000e+00 1.250752529478615400e-14
2.321000000000000000e+03 0.000000000000000000e+00 0.000000000000000000e+00 1.249775772122197255e-14
2.322000000000000000e+03 0.000000000000000000e+00 0.000000000000000000e+00 1.248800053298984840e-14
2.323000000000000000e+03 0.000000000000000000e+00 0.000000000000000000e+00 1.247825385989005455e-14
2.324000000000000000e+03 0.000000000000000000e+00 0.000000000000000000e+00 1.246851773517035977e-14
2.325000000000000000e+03 0.000000000000000000e+00 0.000000000000000000e+00 1.245879229361883416e-14
2.326000000000000000e+03 0.000000000000000000e+00 0.000000000000000000e+00 1.244907757438646933e-14
2.327000000000000000e+03 0.000000000000000000e+00 0.000000000000000000e+00 1.243937371670554740e-14
2.328000000000000000e+03 0.000000000000000000e+00 0.000000000000000000e+00 1.242968076218780743e-14
2.329000000000000000e+03 0.000000000000000000e+00 0.000000000000000000e+00 1.241999885407593945e-14
2.330000000000000000e+03 0.000000000000000000e+00 0.000000000000000000e+00 1.241032803695232129e-14
2.331000000000000000e+03 0.000000000000000000e+00 0.000000000000000000e+00 1.240066845686541769e-14
2.332000000000000000e+03 0.000000000000000000e+00 0.000000000000000000e+00 1.239102016138270032e-14
2.333000000000000000e+03 0.000000000000000000e+00 0.000000000000000000e+00 1.238138330058470552e-14
2.334000000000000000e+03 0.000000000000000000e+00 0.000000000000000000e+00 1.237175792407161650e-14
2.335000000000000000e+03 0.000000000000000000e+00 0.000000000000000000e+00 1.236214418413795034e-14
2.336000000000000000e+03 0.000000000000000000e+00 0.000000000000000000e+00 1.235254213780699406e-14
2.337000000000000000e+03 0.000000000000000000e+00 0.000000000000000000e+00 1.234295193891733690e-14
2.338000000000000000e+03 0.000000000000000000e+00 0.000000000000000000e+00 1.233337364631652090e-14
2.339000000000000000e+03 0.000000000000000000e+00 0.000000000000000000e+00 1.232380741796683314e-14
2.340000000000000000e+03 0.000000000000000000e+00 0.000000000000000000e+00 1.231425331802809176e-14
2.341000000000000000e+03 0.000000000000000000e+00 0.000000000000000000e+00 1.230471150665872683e-14
2.342000000000000000e+03 0.000000000000000000e+00 0.000000000000000000e+00 1.229518204998050722e-14
2.343000000000000000e+03 0.000000000000000000e+00 0.000000000000000000e+00 1.228566511132996585e-14
2.344000000000000000e+03 0.000000000000000000e+00 0.000000000000000000e+00 1.227616076135231993e-14
2.345000000000000000e+03 0.000000000000000000e+00 0.000000000000000000e+00 1.226666916477254808e-14
2.346000000000000000e+03 0.000000000000000000e+00 0.000000000000000000e+00 1.225719039667297816e-14
2.347000000000000000e+03 0.000000000000000000e+00 0.000000000000000000e+00 1.224772462365816980e-14
2.348000000000000000e+03 0.000000000000000000e+00 0.000000000000000000e+00 1.223827192147532808e-14
2.349000000000000000e+03 0.000000000000000000e+00 0.000000000000000000e+00 1.222883246214808314e-14
2.350000000000000000e+03 0.000000000000000000e+00 0.000000000000000000e+00 1.221940632118783536e-14
2.351000000000000000e+03 0.000000000000000000e+00 0.000000000000000000e+00 1.220999367415728155e-14
2.352000000000000000e+03 0.000000000000000000e+00 0.000000000000000000e+00 1.220059460120438360e-14
2.353000000000000000e+03 0.000000000000000000e+00 0.000000000000000000e+00 1.219120927706354701e-14
2.354000000000000000e+03 0.000000000000000000e+00 0.000000000000000000e+00 1.218183778465414717e-14
2.355000000000000000e+03 0.000000000000000000e+00 0.000000000000000000e+00 1.217248030035701960e-14
2.356000000000000000e+03 0.000000000000000000e+00 0.000000000000000000e+00 1.216313691071307704e-14
2.357000000000000000e+03 0.000000000000000000e+00 0.000000000000000000e+00 1.215380779430329124e-14
2.358000000000000000e+03 0.000000000000000000e+00 0.000000000000000000e+00 1.214449303743344075e-14
2.359000000000000000e+03 0.000000000000000000e+00 0.000000000000000000e+00 1.213519282348338746e-14
2.360000000000000000e+03 0.000000000000000000e+00 0.000000000000000000e+00 1.212590724155485703e-14
2.361000000000000000e+03 0.000000000000000000e+00 0.000000000000000000e+00 1.211663647608456566e-14
2.362000000000000000e+03 0.000000000000000000e+00 0.000000000000000000e+00 1.210738061737704993e-14
2.363000000000000000e+03 0.000000000000000000e+00 0.000000000000000000e+00 1.209813985146699318e-14
2.364000000000000000e+03 0.000000000000000000e+00 0.000000000000000000e+00 1.208891427086309613e-14
2.365000000000000000e+03 0.000000000000000000e+00 0.000000000000000000e+00 1.207970406024621009e-14
2.366000000000000000e+03 0.000000000000000000e+00 0.000000000000000000e+00 1.207050931572965838e-14
2.367000000000000000e+03 0.000000000000000000e+00 0.000000000000000000e+00 1.206133022316696401e-14
2.368000000000000000e+03 0.000000000000000000e+00 0.000000000000000000e+00 1.205216687645268749e-14
2.369000000000000000e+03 0.000000000000000000e+00 0.000000000000000000e+00 1.204301946489261384e-14
2.370000000000000000e+03 0.000000000000000000e+00 0.000000000000000000e+00 1.203388808338490821e-14
2.371000000000000000e+03 0.000000000000000000e+00 0.000000000000000000e+00 1.202477292069309893e-14
2.372000000000000000e+03 0.000000000000000000e+00 0.000000000000000000e+00 1.201567407437875697e-14
2.373000000000000000e+03 0.000000000000000000e+00 0.000000000000000000e+00 1.200659173278137426e-14
2.374000000000000000e+03 0.000000000000000000e+00 0.000000000000000000e+00 1.199752599428410622e-14
2.375000000000000000e+03 0.000000000000000000e+00 0.000000000000000000e+00 1.198847705026005199e-14
2.376000000000000000e+03 0.000000000000000000e+00 0.000000000000000000e+00 1.197944499660544983e-14
2.377000000000000000e+03 0.000000000000000000e+00 0.000000000000000000e+00 1.197043002649486059e-14
2.378000000000000000e+03 0.000000000000000000e+00 0.000000000000000000e+00 1.196143223796138422e-14
2.379000000000000000e+03 0.000000000000000000e+00 0.000000000000000000e+00 1.195245182209627722e-14
2.380000000000000000e+03 0.000000000000000000e+00 0.000000000000000000e+00 1.194348887722394379e-14
2.381000000000000000e+03 0.000000000000000000e+00 0.000000000000000000e+00 1.193454359516598364e-14
2.382000000000000000e+03 0.000000000000000000e+00 0.000000000000000000e+00 1.192561607295023075e-14
2.383000000000000000e+03 0.000000000000000000e+00 0.000000000000000000e+00 1.191670650308128060e-14
2.384000000000000000e+03 0.000000000000000000e+00 0.000000000000000000e+00 1.190781498183691509e-14
2.385000000000000000e+03 0.000000000000000000e+00 0.000000000000000000e+00 1.189894170149199445e-14
2.386000000000000000e+03 0.000000000000000000e+00 0.000000000000000000e+00 1.189008675835735858e-14
2.387000000000000000e+03 0.000000000000000000e+00 0.000000000000000000e+00 1.188125034410278617e-14
2.388000000000000000e+03 0.000000000000000000e+00 0.000000000000000000e+00 1.187243255632327853e-14
2.389000000000000000e+03 0.000000000000000000e+00 0.000000000000000000e+00 1.186363358620801821e-14
2.390000000000000000e+03 0.000000000000000000e+00 0.000000000000000000e+00 1.185485352972840456e-14
2.391000000000000000e+03 0.000000000000000000e+00 0.000000000000000000e+00 1.184609257621013975e-14
2.392000000000000000e+03 0.000000000000000000e+00 0.000000000000000000e+00 1.183735082243424056e-14
2.393000000000000000e+03 0.000000000000000000e+00 0.000000000000000000e+00 1.182862845648910765e-14
2.394000000000000000e+03 0.000000000000000000e+00 0.000000000000000000e+00 1.181992557227888147e-14
2.395000000000000000e+03 0.000000000000000000e+00 0.000000000000000000e+00 1.181124235487761472e-14
2.396000000000000000e+03 0.000000000000000000e+00 0.000000000000000000e+00 1.180257889735300443e-14
2.397000000000000000e+03 0.000000000000000000e+00 0.000000000000000000e+00 1.179393538293358689e-14
2.398000000000000000e+03 0.000000000000000000e+00 0.000000000000000000e+00 1.178531190282926645e-14
2.399000000000000000e+03 0.000000000000000000e+00 0.000000000000000000e+00 1.177670864040001309e-14
2.400000000000000000e+03 0.000000000000000000e+00 0.000000000000000000e+00 1.176812568468511569e-14
2.401000000000000000e+03 0.000000000000000000e+00 0.000000000000000000e+00 1.175956321663104638e-14
2.402000000000000000e+03 0.000000000000000000e+00 0.000000000000000000e+00 1.175102132313829965e-14
2.403000000000000000e+03 0.000000000000000000e+00 0.000000000000000000e+00 1.174250018605031719e-14
2.404000000000000000e+03 0.000000000000000000e+00 0.000000000000000000e+00 1.173399988984446363e-14
2.405000000000000000e+03 0.000000000000000000e+00 0.000000000000000000e+00 1.172552061310450802e-14
2.406000000000000000e+03 0.000000000000000000e+00 0.000000000000000000e+00 1.171706244102268389e-14
2.407000000000000000e+03 0.000000000000000000e+00 0.000000000000000000e+00 1.170862554887810206e-14
2.408000000000000000e+03 0.000000000000000000e+00 0.000000000000000000e+00 1.170021001920083347e-14
2.409000000000000000e+03 0.000000000000000000e+00 0.000000000000000000e+00 1.169181602596066126e-14
2.410000000000000000e+03 0.000000000000000000e+00 0.000000000000000000e+00 1.168344364869916257e-14
2.411000000000000000e+03 0.000000000000000000e+00 0.000000000000000000e+00 1.167509305932458873e-14
2.412000000000000000e+03 0.000000000000000000e+00 0.000000000000000000e+00 1.166676433566502896e-14
2.413000000000000000e+03 0.000000000000000000e+00 0.000000000000000000e+00 1.165845764671454673e-14
2.414000000000000000e+03 0.000000000000000000e+00 0.000000000000000000e+00 1.165017306911572161e-14
2.415000000000000000e+03 0.000000000000000000e+00 0.000000000000000000e+00 1.164191076762409900e-14
2.416000000000000000e+03 0.000000000000000000e+00 0.000000000000000000e+00 1.163367081555262647e-14
2.417000000000000000e+03 0.000000000000000000e+00 0.000000000000000000e+00 1.162545337777438021e-14
2.418000000000000000e+03 0.000000000000000000e+00 0.000000000000000000e+00 1.161725852337028992e-14
2.419000000000000000e+03 0.000000000000000000e+00 0.000000000000000000e+00 1.160908641360095846e-14
2.420000000000000000e+03 0.000000000000000000e+00 0.000000000000000000e+00 1.160093711525137373e-14
2.421000000000000000e+03 0.000000000000000000e+00 0.000000000000000000e+00 1.159281078778396960e-14
2.422000000000000000e+03 0.000000000000000000e+00 0.000000000000000000e+00 1.158470749740231034e-14
2.423000000000000000e+03 0.000000000000000000e+00 0.000000000000000000e+00 1.157662739835580976e-14
2.424000000000000000e+03 0.000000000000000000e+00 0.000000000000000000e+00 1.156857055385687512e-14
2.425000000000000000e+03 0.000000000000000000e+00 0.000000000000000000e+00 1.156053711643332913e-14
2.426000000000000000e+03 0.000000000000000000e+00 0.000000000000000000e+00 1.155252714633449757e-14
2.427000000000000000e+03 0.000000000000000000e+00 0.000000000000000000e+00 1.154454079077548685e-14
2.428000000000000000e+03 0.000000000000000000e+00 0.000000000000000000e+00 1.153657810629687840e-14
2.429000000000000000e+03 0.000000000000000000e+00 0.000000000000000000e+00 1.152863923649408722e-14
2.430000000000000000e+03 0.000000000000000000e+00 0.000000000000000000e+00 1.152072423357499141e-14
2.431000000000000000e+03 0.000000000000000000e+00 0.000000000000000000e+00 1.151283323610305155e-14
2.432000000000000000e+03 0.000000000000000000e+00 0.000000000000000000e+00 1.150496629315972432e-14
2.433000000000000000e+03 0.000000000000000000e+00 0.000000000000000000e+00 1.149712353904847154e-14
2.434000000000000000e+03 0.000000000000000000e+00 0.000000000000000000e+00 1.148930501900049335e-14
2.435000000000000000e+03 0.000000000000000000e+00 0.000000000000000000e+00 1.148151086391373431e-14
2.436000000000000000e+03 0.000000000000000000e+00 0.000000000000000000e+00 1.147374111422316286e-14
2.437000000000000000e+03 0.000000000000000000e+00 0.000000000000000000e+00 1.146599589733790101e-14
2.438000000000000000e+03 0.000000000000000000e+00 0.000000000000000000e+00 1.145827524886206238e-14
2.439000000000000000e+03 0.000000000000000000e+00 0.000000000000000000e+00 1.145057929371284417e-14
2.440000000000000000e+03 0.000000000000000000e+00 0.000000000000000000e+00 1.144290806276598137e-14
2.441000000000000000e+03 0.000000000000000000e+00 0.000000000000000000e+00 1.143526167656174586e-14
2.442000000000000000e+03 0.000000000000000000e+00 0.000000000000000000e+00 1.142764016198902483e-14
2.443000000000000000e+03 0.000000000000000000e+00 0.000000000000000000e+00 1.142004363295660356e-14
2.444000000000000000e+03 0.000000000000000000e+00 0.000000000000000000e+00 1.141247211356362575e-14
2.445000000000000000e+03 0.000000000000000000e+00 0.000000000000000000e+00 1.140492571300142534e-14
2.446000000000000000e+03 0.000000000000000000e+00 0.000000000000000000e+00 1.139740445090827331e-14
2.447000000000000000e+03 0.000000000000000000e+00 0.000000000000000000e+00 1.138990843261679205e-14
2.448000000000000000e+03 0.000000000000000000e+00 0.000000000000000000e+00 1.138243767183411506e-14
2.449000000000000000e+03 0.000000000000000000e+00 0.000000000000000000e+00 1.137499226730458876e-14
2.450000000000000000e+03 0.000000000000000000e+00 0.000000000000000000e+00 1.136757223019226891e-14
2.451000000000000000e+03 0.000000000000000000e+00 0.000000000000000000e+00 1.136017765452629727e-14
2.452000000000000000e+03 0.000000000000000000e+00 0.000000000000000000e+00 1.135280854561911247e-14
2.453000000000000000e+03 0.000000000000000000e+00 0.000000000000000000e+00 1.134546499285456838e-14
2.454000000000000000e+03 0.000000000000000000e+00 0.000000000000000000e+00 1.133814699746542107e-14
2.455000000000000000e+03 0.000000000000000000e+00 0.000000000000000000e+00 1.133085464290762599e-14
2.456000000000000000e+03 0.000000000000000000e+00 0.000000000000000000e+00 1.132358792722168420e-14
2.457000000000000000e+03 0.000000000000000000e+00 0.000000000000000000e+00 1.131634693095770941e-14
2.458000000000000000e+03 0.000000000000000000e+00 0.000000000000000000e+00 1.130913164400341518e-14
2.459000000000000000e+03 0.000000000000000000e+00 0.000000000000000000e+00 1.130194214418248097e-14
2.460000000000000000e+03 0.000000000000000000e+00 0.000000000000000000e+00 1.129477841564226411e-14
2.461000000000000000e+03 0.000000000000000000e+00 0.000000000000000000e+00 1.128764053218360529e-14
2.462000000000000000e+03 0.000000000000000000e+00 0.000000000000000000e+00 1.128052847290762749e-14
2.463000000000000000e+03 0.000000000000000000e+00 0.000000000000000000e+00 1.127344230506807239e-14
2.464000000000000000e+03 0.000000000000000000e+00 0.000000000000000000e+00 1.126638200236097421e-14
2.465000000000000000e+03 0.000000000000000000e+00 0.000000000000000000e+00 1.125934762860015199e-14
2.466000000000000000e+03 0.000000000000000000e+00 0.000000000000000000e+00 1.125233914989781046e-14
2.467000000000000000e+03 0.000000000000000000e+00 0.000000000000000000e+00 1.124535662328609554e-14
2.468000000000000000e+03 0.000000000000000000e+00 0.000000000000000000e+00 1.123840001150652450e-14
2.469000000000000000e+03 0.000000000000000000e+00 0.000000000000000000e+00 1.123146936603004840e-14
2.470000000000000000e+03 0.000000000000000000e+00 0.000000000000000000e+00 1.122456464551441882e-14
2.471000000000000000e+03 0.000000000000000000e+00 0.000000000000000000e+00 1.121768589530578399e-14
2.472000000000000000e+03 0.000000000000000000e+00 0.000000000000000000e+00 1.121083306965523172e-14
2.473000000000000000e+03 0.000000000000000000e+00 0.000000000000000000e+00 1.120400620811376287e-14
2.474000000000000000e+03 0.000000000000000000e+00 0.000000000000000000e+00 1.119720526113676319e-14
2.475000000000000000e+03 0.000000000000000000e+00 0.000000000000000000e+00 1.119043026265265586e-14
2.476000000000000000e+03 0.000000000000000000e+00 0.000000000000000000e+00 1.118368115670755107e-14
2.477000000000000000e+03 0.000000000000000000e+00 0.000000000000000000e+00 1.117695797337581158e-14
2.478000000000000000e+03 0.000000000000000000e+00 0.000000000000000000e+00 1.117026065116000111e-14
2.479000000000000000e+03 0.000000000000000000e+00 0.000000000000000000e+00 1.116358921407380923e-14
2.480000000000000000e+03 0.000000000000000000e+00 0.000000000000000000e+00 1.115694359382962422e-14
2.481000000000000000e+03 0.000000000000000000e+00 0.000000000000000000e+00 1.115032380921892221e-14
2.482000000000000000e+03 0.000000000000000000e+00 0.000000000000000000e+00 1.114372978772750884e-14
2.483000000000000000e+03 0.000000000000000000e+00 0.000000000000000000e+00 1.113716154205960877e-14
2.484000000000000000e+03 0.000000000000000000e+00 0.000000000000000000e+00 1.113061899428802029e-14
2.485000000000000000e+03 0.000000000000000000e+00 0.000000000000000000e+00 1.112410215239721957e-14
2.486000000000000000e+03 0.000000000000000000e+00 0.000000000000000000e+00 1.111761093325229074e-14
2.487000000000000000e+03 0.000000000000000000e+00 0.000000000000000000e+00 1.111114533780288192e-14
2.488000000000000000e+03 0.000000000000000000e+00 0.000000000000000000e+00 1.110470527946864835e-14
2.489000000000000000e+03 0.000000000000000000e+00 0.000000000000000000e+00 1.109829075318669336e-14
2.490000000000000000e+03 0.000000000000000000e+00 0.000000000000000000e+00 1.109190166311090921e-14
2.491000000000000000e+03 0.000000000000000000e+00 0.000000000000000000e+00 1.108553800010760086e-14
2.492000000000000000e+03 0.000000000000000000e+00 0.000000000000000000e+00 1.107919966085981807e-14
2.493000000000000000e+03 0.000000000000000000e+00 0.000000000000000000e+00 1.107288662724569666e-14
2.494000000000000000e+03 0.000000000000000000e+00 0.000000000000000000e+00 1.106659878939262663e-14
2.495000000000000000e+03 0.000000000000000000e+00 0.000000000000000000e+00 1.106033612309782688e-14
2.496000000000000000e+03 0.000000000000000000e+00 0.000000000000000000e+00 1.105409851251451600e-14
2.497000000000000000e+03 0.000000000000000000e+00 0.000000000000000000e+00 1.104788592530292307e-14
2.498000000000000000e+03 0.000000000000000000e+00 0.000000000000000000e+00 1.104169824198166263e-14
2.499000000000000000e+03 0.000000000000000000e+00 0.000000000000000000e+00 1.103553542417057220e-14
2.500000000000000000e+03 0.000000000000000000e+00 0.000000000000000000e+00 1.102939734501310002e-14
2.501000000000000000e+03 0.000000000000000000e+00 0.000000000000000000e+00 1.102328396227460508e-14
2.502000000000000000e+03 0.000000000000000000e+00 0.000000000000000000e+00 1.101719514297073353e-14
2.503000000000000000e+03 0.000000000000000000e+00 0.000000000000000000e+00 1.101113083810132082e-14
2.504000000000000000e+03 0.000000000000000000e+00 0.000000000000000000e+00 1.100509090887281613e-14
2.505000000000000000e+03 0.000000000000000000e+00 0.000000000000000000e+00 1.099907529977411727e-14
2.506000000000000000e+03 0.000000000000000000e+00 0.000000000000000000e+00 1.099308386637553838e-14
2.507000000000000000e+03 0.000000000000000000e+00 0.000000000000000000e+00 1.098711654714831592e-14
2.508000000000000000e+03 0.000000000000000000e+00 0.000000000000000000e+00 1.098117319235247427e-14
2.509000000000000000e+03 0.000000000000000000e+00 0.000000000000000000e+00 1.097525373251384602e-14
2.510000000000000000e+03 0.000000000000000000e+00 0.000000000000000000e+00 1.096935801258615109e-14
2.511000000000000000e+03 0.000000000000000000e+00 0.000000000000000000e+00 1.096348595931864834e-14
2.512000000000000000e+03 0.000000000000000000e+00 0.000000000000000000e+00 1.095763741570165389e-14
2.513000000000000000e+03 0.000000000000000000e+00 0.000000000000000000e+00 1.095181228871386677e-14
2.514000000000000000e+03 0.000000000000000000e+00 0.000000000000000000e+00 1.094601042128288394e-14
2.515000000000000000e+03 0.000000000000000000e+00 0.000000000000000000e+00 1.094023173093947296e-14
2.516000000000000000e+03 0.000000000000000000e+00 0.000000000000000000e+00 1.093447603493366317e-14
2.517000000000000000e+03 0.000000000000000000e+00 0.000000000000000000e+00 1.092874325356423723e-14
2.518000000000000000e+03 0.000000000000000000e+00 0.000000000000000000e+00 1.092303319239344080e-14
2.519000000000000000e+03 0.000000000000000000e+00 0.000000000000000000e+00 1.091734577501393421e-14
2.520000000000000000e+03 0.000000000000000000e+00 0.000000000000000000e+00 1.091168081269117501e-14
2.521000000000000000e+03 0.000000000000000000e+00 0.000000000000000000e+00 1.090603820462691804e-14
2.522000000000000000e+03 0.000000000000000000e+00 0.000000000000000000e+00 1.090041776410457438e-14
2.523000000000000000e+03 0.000000000000000000e+00 0.000000000000000000e+00 1.089481938016285867e-14
2.524000000000000000e+03 0.000000000000000000e+00 0.000000000000000000e+00 1.088924286765748434e-14
2.525000000000000000e+03 0.000000000000000000e+00 0.000000000000000000e+00 1.088368810938598410e-14
2.526000000000000000e+03 0.000000000000000000e+00 0.000000000000000000e+00 1.087815490725203555e-14
2.527000000000000000e+03 0.000000000000000000e+00 0.000000000000000000e+00 1.087264315480852465e-14
2.528000000000000000e+03 0.000000000000000000e+00 0.000000000000000000e+00 1.086715263500306808e-14
2.529000000000000000e+03 0.000000000000000000e+00 0.000000000000000000e+00 1.086168324612566943e-14
2.530000000000000000e+03 0.000000000000000000e+00 0.000000000000000000e+00 1.085623476169341618e-14
2.531000000000000000e+03 0.000000000000000000e+00 0.000000000000000000e+00 1.085080705701526651e-14
2.532000000000000000e+03 0.000000000000000000e+00 0.000000000000000000e+00 1.084539992569992462e-14
2.533000000000000000e+03 0.000000000000000000e+00 0.000000000000000000e+00 1.084001323380812526e-14
2.534000000000000000e+03 0.000000000000000000e+00 0.000000000000000000e+00 1.083464675679526129e-14
2.535000000000000000e+03 0.000000000000000000e+00 0.000000000000000000e+00 1.082930036821095912e-14
2.536000000000000000e+03 0.000000000000000000e+00 0.000000000000000000e+00 1.082397383714490170e-14
2.537000000000000000e+03 0.000000000000000000e+00 0.000000000000000000e+00 1.081866703856167314e-14
2.538000000000000000e+03 0.000000000000000000e+00 0.000000000000000000e+00 1.081337973882690926e-14
2.539000000000000000e+03 0.000000000000000000e+00 0.000000000000000000e+00 1.080811180123201071e-14
2.540000000000000000e+03 0.000000000000000000e+00 0.000000000000000000e+00 1.080286298988397358e-14
2.541000000000000000e+03 0.000000000000000000e+00 0.000000000000000000e+00 1.079763316377476778e-14
2.542000000000000000e+03 0.000000000000000000e+00 0.000000000000000000e+00 1.079242208476970071e-14
2.543000000000000000e+03 0.000000000000000000e+00 0.000000000000000000e+00 1.078722960982566887e-14
2.544000000000000000e+03 0.000000000000000000e+00 0.000000000000000000e+00 1.078205550104658170e-14
2.545000000000000000e+03 0.000000000000000000e+00 0.000000000000000000e+00 1.077689959963066688e-14
2.546000000000000000e+03 0.000000000000000000e+00 0.000000000000000000e+00 1.077176166774463664e-14
2.547000000000000000e+03 0.000000000000000000e+00 0.000000000000000000e+00 1.076664155312049538e-14
2.548000000000000000e+03 0.000000000000000000e+00 0.000000000000000000e+00 1.076153901759467506e-14
2.549000000000000000e+03 0.000000000000000000e+00 0.000000000000000000e+00 1.075645391045433731e-14
2.550000000000000000e+03 0.000000000000000000e+00 0.000000000000000000e+00 1.075138598185929752e-14
2.551000000000000000e+03 0.000000000000000000e+00 0.000000000000000000e+00 1.074633506876033379e-14
2.552000000000000000e+03 0.000000000000000000e+00 0.000000000000000000e+00 1.074130092894486014e-14
2.553000000000000000e+03 0.000000000000000000e+00 0.000000000000000000e+00 1.073628340668403933e-14
2.554000000000000000e+03 0.000000000000000000e+00 0.000000000000000000e+00 1.073128225001872430e-14
2.555000000000000000e+03 0.000000000000000000e+00 0.000000000000000000e+00 1.072629729331807486e-14
2.556000000000000000e+03 0.000000000000000000e+00 0.000000000000000000e+00 1.072132829270065558e-14
2.557000000000000000e+03 0.000000000000000000e+00 0.000000000000000000e+00 1.071637507839988569e-14
2.558000000000000000e+03 0.000000000000000000e+00 0.000000000000000000e+00 1.071143739756230230e-14
2.559000000000000000e+03 0.000000000000000000e+00 0.000000000000000000e+00 1.070651509036364000e-14
2.560000000000000000e+03 0.000000000000000000e+00 0.000000000000000000e+00 1.070160789985360038e-14
2.561000000000000000e+03 0.000000000000000000e+00 0.000000000000000000e+00 1.069671565737626203e-14
2.562000000000000000e+03 0.000000000000000000e+00 0.000000000000000000e+00 1.069183810366749969e-14
2.563000000000000000e+03 0.000000000000000000e+00 0.000000000000000000e+00 1.068697507874757609e-14
2.564000000000000000e+03 0.000000000000000000e+00 0.000000000000000000e+00 1.068212633437473283e-14
2.565000000000000000e+03 0.000000000000000000e+00 0.000000000000000000e+00 1.067729170279074857e-14
2.566000000000000000e+03 0.000000000000000000e+00 0.000000000000000000e+00 1.067247092705654409e-14
2.567000000000000000e+03 0.000000000000000000e+00 0.000000000000000000e+00 1.066766384772738913e-14
2.568000000000000000e+03 0.000000000000000000e+00 0.000000000000000000e+00 1.066287020576094352e-14
2.569000000000000000e+03 0.000000000000000000e+00 0.000000000000000000e+00 1.065808984492488587e-14
2.570000000000000000e+03 0.000000000000000000e+00 0.000000000000000000e+00 1.065332250350101249e-14
2.571000000000000000e+03 0.000000000000000000e+00 0.000000000000000000e+00 1.064856802802653641e-14
2.572000000000000000e+03 0.000000000000000000e+00 0.000000000000000000e+00 1.064382615532346052e-14
2.573000000000000000e+03 0.000000000000000000e+00 0.000000000000000000e+00 1.063909673371762323e-14
2.574000000000000000e+03 0.000000000000000000e+00 0.000000000000000000e+00 1.063437950994479388e-14
2.575000000000000000e+03 0.000000000000000000e+00 0.000000000000000000e+00 1.062967433353963923e-14
2.576000000000000000e+03 0.000000000000000000e+00 0.000000000000000000e+00 1.062498094303126663e-14
2.577000000000000000e+03 0.000000000000000000e+00 0.000000000000000000e+00 1.062029918872451405e-14
2.578000000000000000e+03 0.000000000000000000e+00 0.000000000000000000e+00 1.061562881778448209e-14
2.579000000000000000e+03 0.000000000000000000e+00 0.000000000000000000e+00 1.061096966952045362e-14
2.580000000000000000e+03 0.000000000000000000e+00 0.000000000000000000e+00 1.060632150578953506e-14
2.581000000000000000e+03 0.000000000000000000e+00 0.000000000000000000e+00 1.060168417188634626e-14
2.582000000000000000e+03 0.000000000000000000e+00 0.000000000000000000e+00 1.059705742566486059e-14
2.583000000000000000e+03 0.000000000000000000e+00 0.000000000000000000e+00 1.059244111296013547e-14
2.584000000000000000e+03 0.000000000000000000e+00 0.000000000000000000e+00 1.058783499130687964e-14
2.585000000000000000e+03 0.000000000000000000e+00 0.000000000000000000e+00 1.058323891865514182e-14
2.586000000000000000e+03 0.000000000000000000e+00 0.000000000000000000e+00 1.057865265157720308e-14
2.587000000000000000e+03 0.000000000000000000e+00 0.000000000000000000e+00 1.057407605359060845e-14
2.588000000000000000e+03 0.000000000000000000e+00 0.000000000000000000e+00 1.056950887984576611e-14
2.589000000000000000e+03 0.000000000000000000e+00 0.000000000000000000e+00 1.056495099674125627e-14
2.590000000000000000e+03 0.000000000000000000e+00 0.000000000000000000e+00 1.056040215824369880e-14
2.591000000000000000e+03 0.000000000000000000e+00 0.000000000000000000e+00 1.055586223297563373e-14
2.592000000000000000e+03 0.000000000000000000e+00 0.000000000000000000e+00 1.055133097280775479e-14
2.593000000000000000e+03 0.000000000000000000e+00 0.000000000000000000e+00 1.054680825919181852e-14
2.594000000000000000e+03 0.000000000000000000e+00 0.000000000000000000e+00 1.054229384126925399e-14
2.595000000000000000e+03 0.000000000000000000e+00 0.000000000000000000e+00 1.053778760701299478e-14
2.596000000000000000e+03 0.000000000000000000e+00 0.000000000000000000e+00 1.053328931428488077e-14
2.597000000000000000e+03 0.000000000000000000e+00 0.000000000000000000e+00 1.052879884286155392e-14
2.598000000000000000e+03 0.000000000000000000e+00 0.000000000000000000e+00 1.052431595430663912e-14
2.599000000000000000e+03 0.000000000000000000e+00 0.000000000000000000e+00 1.051984053661012355e-14
2.600000000000000000e+03 0.000000000000000000e+00 0.000000000000000000e+00 1.051537236343698087e-14
2.601000000000000000e+03 0.000000000000000000e+00 0.000000000000000000e+00 1.051091131351092722e-14
2.602000000000000000e+03 0.000000000000000000e+00 0.000000000000000000e+00 1.050645717818748918e-14
2.603000000000000000e+03 0.000000000000000000e+00 0.000000000000000000e+00 1.050200983113444082e-14
2.604000000000000000e+03 0.000000000000000000e+00 0.000000000000000000e+00 1.049756907256978863e-14
2.605000000000000000e+03 0.000000000000000000e+00 0.000000000000000000e+00 1.049313477162347585e-14
2.606000000000000000e+03 0.000000000000000000e+00 0.000000000000000000e+00 1.048870673493187534e-14
2.607000000000000000e+03 0.000000000000000000e+00 0.000000000000000000e+00 1.048428484978224752e-14
2.608000000000000000e+03 0.000000000000000000e+00 0.000000000000000000e+00 1.047986891506594308e-14
2.609000000000000000e+03 0.000000000000000000e+00 0.000000000000000000e+00 1.047545881325757137e-14
2.610000000000000000e+03 0.000000000000000000e+00 0.000000000000000000e+00 1.047105436270963271e-14
2.611000000000000000e+03 0.000000000000000000e+00 0.000000000000000000e+00 1.046665545583404724e-14
2.612000000000000000e+03 0.000000000000000000e+00 0.000000000000000000e+00 1.046226190741802846e-14
2.613000000000000000e+03 0.000000000000000000e+00 0.000000000000000000e+00 1.045787362475688787e-14
2.614000000000000000e+03 0.000000000000000000e+00 0.000000000000000000e+00 1.045349042187620322e-14
2.615000000000000000e+03 0.000000000000000000e+00 0.000000000000000000e+00 1.044911221215307386e-14
2.616000000000000000e+03 0.000000000000000000e+00 0.000000000000000000e+00 1.044473880849406730e-14
2.617000000000000000e+03 0.000000000000000000e+00 0.000000000000000000e+00 1.044037012787024956e-14
2.618000000000000000e+03 0.000000000000000000e+00 0.000000000000000000e+00 1.043600600459667561e-14
2.619000000000000000e+03 0.000000000000000000e+00 0.000000000000000000e+00 1.043164635686663312e-14
2.620000000000000000e+03 0.000000000000000000e+00 0.000000000000000000e+00 1.042729101575107653e-14
2.621000000000000000e+03 0.000000000000000000e+00 0.000000000000000000e+00 1.042293990034398332e-14
2.622000000000000000e+03 0.000000000000000000e+00 0.000000000000000000e+00 1.041859286334531991e-14
2.623000000000000000e+03 0.000000000000000000e+00 0.000000000000000000e+00 1.041424982333596970e-14
2.624000000000000000e+03 0.000000000000000000e+00 0.000000000000000000e+00 1.040991063194280690e-14
2.625000000000000000e+03 0.000000000000000000e+00 0.000000000000000000e+00 1.040557521766936551e-14
2.626000000000000000e+03 0.000000000000000000e+00 0.000000000000000000e+00 1.040124344371839719e-14
2.627000000000000000e+03 0.000000000000000000e+00 0.000000000000000000e+00 1.039691525334131996e-14
2.628000000000000000e+03 0.000000000000000000e+00 0.000000000000000000e+00 1.039259050429408016e-14
2.629000000000000000e+03 0.000000000000000000e+00 0.000000000000000000e+00 1.038826914580990499e-14
2.630000000000000000e+03 0.000000000000000000e+00 0.000000000000000000e+00 1.038395104410194818e-14
2.631000000000000000e+03 0.000000000000000000e+00 0.000000000000000000e+00 1.037963616394240799e-14
2.632000000000000000e+03 0.000000000000000000e+00 0.000000000000000000e+00 1.037532436232445749e-14
2.633000000000000000e+03 0.000000000000000000e+00 0.000000000000000000e+00 1.037101562233381762e-14
2.634000000000000000e+03 0.000000000000000000e+00 0.000000000000000000e+00 1.036670980862984487e-14
2.635000000000000000e+03 0.000000000000000000e+00 0.000000000000000000e+00 1.036240690163544913e-14
2.636000000000000000e+03 0.000000000000000000e+00 0.000000000000000000e+00 1.035810678945808213e-14
2.637000000000000000e+03 0.000000000000000000e+00 0.000000000000000000e+00 1.035380944231203162e-14
2.638000000000000000e+03 0.000000000000000000e+00 0.000000000000000000e+00 1.034951475870085057e-14
2.639000000000000000e+03 0.000000000000000000e+00 0.000000000000000000e+00 1.034522272534184420e-14
2.640000000000000000e+03 0.000000000000000000e+00 0.000000000000000000e+00 1.034093323587818836e-14
2.641000000000000000e+03 0.000000000000000000e+00 0.000000000000000000e+00 1.033664629422248323e-14
2.642000000000000000e+03 0.000000000000000000e+00 0.000000000000000000e+00 1.033236180294254209e-14
2.643000000000000000e+03 0.000000000000000000e+00 0.000000000000000000e+00 1.032807976396908780e-14
2.644000000000000000e+03 0.000000000000000000e+00 0.000000000000000000e+00 1.032380008375451034e-14
2.645000000000000000e+03 0.000000000000000000e+00 0.000000000000000000e+00 1.031952277420829327e-14
2.646000000000000000e+03 0.000000000000000000e+00 0.000000000000000000e+00 1.031524775454198592e-14
2.647000000000000000e+03 0.000000000000000000e+00 0.000000000000000000e+00 1.031097504217762082e-14
2.648000000000000000e+03 0.000000000000000000e+00 0.000000000000000000e+00 1.030670457182312459e-14
2.649000000000000000e+03 0.000000000000000000e+00 0.000000000000000000e+00 1.030243635981690784e-14
2.650000000000000000e+03 0.000000000000000000e+00 0.000000000000000000e+00 1.029817034653333556e-14
2.651000000000000000e+03 0.000000000000000000e+00 0.000000000000000000e+00 1.029390655846173848e-14
2.652000000000000000e+03 0.000000000000000000e+00 0.000000000000000000e+00 1.028964494093307453e-14
2.653000000000000000e+03 0.000000000000000000e+00 0.000000000000000000e+00 1.028538552752210634e-14
2.654000000000000000e+03 0.000000000000000000e+00 0.000000000000000000e+00 1.028112827140730912e-14
2.655000000000000000e+03 0.000000000000000000e+00 0.000000000000000000e+00 1.027687321211631295e-14
2.656000000000000000e+03 0.000000000000000000e+00 0.000000000000000000e+00 1.027262030915729304e-14
2.657000000000000000e+03 0.000000000000000000e+00 0.000000000000000000e+00 1.026836960969626343e-14
2.658000000000000000e+03 0.000000000000000000e+00 0.000000000000000000e+00 1.026412108075472357e-14
2.659000000000000000e+03 0.000000000000000000e+00 0.000000000000000000e+00 1.025987477679620940e-14
2.660000000000000000e+03 0.000000000000000000e+00 0.000000000000000000e+00 1.025563067163405086e-14
2.661000000000000000e+03 0.000000000000000000e+00 0.000000000000000000e+00 1.025138882811549150e-14
2.662000000000000000e+03 0.000000000000000000e+00 0.000000000000000000e+00 1.024714922774032471e-14
2.663000000000000000e+03 0.000000000000000000e+00 0.000000000000000000e+00 1.024291194046921473e-14
2.664000000000000000e+03 0.000000000000000000e+00 0.000000000000000000e+00 1.023867695433102693e-14
2.665000000000000000e+03 0.000000000000000000e+00 0.000000000000000000e+00 1.023444434819425865e-14
2.666000000000000000e+03 0.000000000000000000e+00 0.000000000000000000e+00 1.023021411714092223e-14
2.667000000000000000e+03 0.000000000000000000e+00 0.000000000000000000e+00 1.022598634756193328e-14
2.668000000000000000e+03 0.000000000000000000e+00 0.000000000000000000e+00 1.022176104116095996e-14
2.669000000000000000e+03 0.000000000000000000e+00 0.000000000000000000e+00 1.021753829099867057e-14
2.670000000000000000e+03 0.000000000000000000e+00 0.000000000000000000e+00 1.021331810793054373e-14
2.671000000000000000e+03 0.000000000000000000e+00 0.000000000000000000e+00 1.020910058984454161e-14
2.672000000000000000e+03 0.000000000000000000e+00 0.000000000000000000e+00 1.020488575475690938e-14
2.673000000000000000e+03 0.000000000000000000e+00 0.000000000000000000e+00 1.020067370885373016e-14
2.674000000000000000e+03 0.000000000000000000e+00 0.000000000000000000e+00 1.019646447662404847e-14
2.675000000000000000e+03 0.000000000000000000e+00 0.000000000000000000e+00 1.019225817022462421e-14
2.676000000000000000e+03 0.000000000000000000e+00 0.000000000000000000e+00 1.018805482163568600e-14
2.677000000000000000e+03 0.000000000000000000e+00 0.000000000000000000e+00 1.018385455033805133e-14
2.678000000000000000e+03 0.000000000000000000e+00 0.000000000000000000e+00 1.017965739414053438e-14
2.679000000000000000e+03 0.000000000000000000e+00 0.000000000000000000e+00 1.017546347978072196e-14
2.680000000000000000e+03 0.000000000000000000e+00 0.000000000000000000e+00 1.017127285132943769e-14
2.681000000000000000e+03 0.000000000000000000e+00 0.000000000000000000e+00 1.016708564282452131e-14
2.682000000000000000e+03 0.000000000000000000e+00 0.000000000000000000e+00 1.016290190619564490e-14
2.683000000000000000e+03 0.000000000000000000e+00 0.000000000000000000e+00 1.015872178011534330e-14
2.684000000000000000e+03 0.000000000000000000e+00 0.000000000000000000e+00 1.015454532360624939e-14
2.685000000000000000e+03 0.000000000000000000e+00 0.000000000000000000e+00 1.015037268086935353e-14
2.686000000000000000e+03 0.000000000000000000e+00 0.000000000000000000e+00 1.014620391718059689e-14
2.687000000000000000e+03 0.000000000000000000e+00 0.000000000000000000e+00 1.014203918191557395e-14
2.688000000000000000e+03 0.000000000000000000e+00 0.000000000000000000e+00 1.013787854569473485e-14
2.689000000000000000e+03 0.000000000000000000e+00 0.000000000000000000e+00 1.013372216348863532e-14
2.690000000000000000e+03 0.000000000000000000e+00 0.000000000000000000e+00 1.012957011063914479e-14
2.691000000000000000e+03 0.000000000000000000e+00 0.000000000000000000e+00 1.012542254732308167e-14
2.692000000000000000e+03 0.000000000000000000e+00 0.000000000000000000e+00 1.012127955536172067e-14
2.693000000000000000e+03 0.000000000000000000e+00 0.000000000000000000e+00 1.011714129950200386e-14
2.694000000000000000e+03 0.000000000000000000e+00 0.000000000000000000e+00 1.011300786618649513e-14
2.695000000000000000e+03 0.000000000000000000e+00 0.000000000000000000e+00 1.010887942637223419e-14
2.696000000000000000e+03 0.000000000000000000e+00 0.000000000000000000e+00 1.010475607197313327e-14
2.697000000000000000e+03 0.000000000000000000e+00 0.000000000000000000e+00 1.010063797725923960e-14
2.698000000000000000e+03 0.000000000000000000e+00 0.000000000000000000e+00 1.009652524148810097e-14
2.699000000000000000e+03 0.000000000000000000e+00 0.000000000000000000e+00 1.009241804302925859e-14
2.700000000000000000e+03 0.000000000000000000e+00 0.000000000000000000e+00 1.008831648349922886e-14
2.701000000000000000e+03 0.000000000000000000e+00 0.000000000000000000e+00 1.008422074729193228e-14
2.702000000000000000e+03 0.000000000000000000e+00 0.000000000000000000e+00 1.008013093993011619e-14
2.703000000000000000e+03 0.000000000000000000e+00 0.000000000000000000e+00 1.007604724991504896e-14
2.704000000000000000e+03 0.000000000000000000e+00 0.000000000000000000e+00 1.007196978554215362e-14
2.705000000000000000e+03 0.000000000000000000e+00 0.000000000000000000e+00 1.006789874035255574e-14
2.706000000000000000e+03 0.000000000000000000e+00 0.000000000000000000e+00 1.006383422646646098e-14
2.707000000000000000e+03 0.000000000000000000e+00 0.000000000000000000e+00 1.005977644178276036e-14
2.708000000000000000e+03 0.000000000000000000e+00 0.000000000000000000e+00 1.005572550158299754e-14
2.709000000000000000e+03 0.000000000000000000e+00 0.000000000000000000e+00 1.005168160724551444e-14
2.710000000000000000e+03 0.000000000000000000e+00 0.000000000000000000e+00 1.004764487898051405e-14
2.711000000000000000e+03 0.000000000000000000e+00 0.000000000000000000e+00 1.004361552098313971e-14
2.712000000000000000e+03 0.000000000000000000e+00 0.000000000000000000e+00 1.003959365592549994e-14
2.713000000000000000e+03 0.000000000000000000e+00 0.000000000000000000e+00 1.003557949222552942e-14
2.714000000000000000e+03 0.000000000000000000e+00 0.000000000000000000e+00 1.003157315521405509e-14
2.715000000000000000e+03 0.000000000000000000e+00 0.000000000000000000e+00 1.002757485349717074e-14
2.716000000000000000e+03 0.000000000000000000e+00 0.000000000000000000e+00 1.002358471594862753e-14
2.717000000000000000e+03 0.000000000000000000e+00 0.000000000000000000e+00 1.001960295263957120e-14
2.718000000000000000e+03 0.000000000000000000e+00 0.000000000000000000e+00 1.001562969481007845e-14
2.719000000000000000e+03 0.000000000000000000e+00 0.000000000000000000e+00 1.001166515368183761e-14
2.720000000000000000e+03 0.000000000000000000e+00 0.000000000000000000e+00 1.000770946195115946e-14
2.721000000000000000e+03 0.000000000000000000e+00 0.000000000000000000e+00 1.000376283352033375e-14
2.722000000000000000e+03 0.000000000000000000e+00 0.000000000000000000e+00 9.999825401851237110e-15
2.723000000000000000e+03 0.000000000000000000e+00 0.000000000000000000e+00 9.995897383624557368e-15
2.724000000000000000e+03 0.000000000000000000e+00 0.000000000000000000e+00 9.991978913338171128e-15
2.725000000000000000e+03 0.000000000000000000e+00 0.000000000000000000e+00 9.988070207948742906e-15
2.726000000000000000e+03 0.000000000000000000e+00 0.000000000000000000e+00 9.984171404589241338e-15
2.727000000000000000e+03 0.000000000000000000e+00 0.000000000000000000e+00 9.980282721455716621e-15
2.728000000000000000e+03 0.000000000000000000e+00 0.000000000000000000e+00 9.976404300899580071e-15
2.729000000000000000e+03 0.000000000000000000e+00 0.000000000000000000e+00 9.972536356231783424e-15
2.730000000000000000e+03 0.000000000000000000e+00 0.000000000000000000e+00 9.968679023984637685e-15
2.731000000000000000e+03 0.000000000000000000e+00 0.000000000000000000e+00 9.964832526896359483e-15
2.732000000000000000e+03 0.000000000000000000e+00 0.000000000000000000e+00 9.960997000123080931e-15
2.733000000000000000e+03 0.000000000000000000e+00 0.000000000000000000e+00 9.957172661958951814e-15
2.734000000000000000e+03 0.000000000000000000e+00 0.000000000000000000e+00 9.953359647844892500e-15
2.735000000000000000e+03 0.000000000000000000e+00 0.000000000000000000e+00 9.949558175498878234e-15
2.736000000000000000e+03 0.000000000000000000e+00 0.000000000000000000e+00 9.945768391360623529e-15
2.737000000000000000e+03 0.000000000000000000e+00 0.000000000000000000e+00 9.941990503586718184e-15
2.738000000000000000e+03 0.000000000000000000e+00 0.000000000000000000e+00 9.938224654272990472e-15
2.739000000000000000e+03 0.000000000000000000e+00 0.000000000000000000e+00 9.934471048614931921e-15
2.740000000000000000e+03 0.000000000000000000e+00 0.000000000000000000e+00 9.930729829739864813e-15
2.741000000000000000e+03 0.000000000000000000e+00 0.000000000000000000e+00 9.927001210152829538e-15
2.742000000000000000e+03 0.000000000000000000e+00 0.000000000000000000e+00 9.923285314802614010e-15
2.743000000000000000e+03 0.000000000000000000e+00 0.000000000000000000e+00 9.919582371106801553e-15
2.744000000000000000e+03 0.000000000000000000e+00 0.000000000000000000e+00 9.915892496082156858e-15
2.745000000000000000e+03 0.000000000000000000e+00 0.000000000000000000e+00 9.912215906749227978e-15
2.746000000000000000e+03 0.000000000000000000e+00 0.000000000000000000e+00 9.908552725852253722e-15
2.747000000000000000e+03 0.000000000000000000e+00 0.000000000000000000e+00 9.904903167442078975e-15
2.748000000000000000e+03 0.000000000000000000e+00 0.000000000000000000e+00 9.901267356577488842e-15
2.749000000000000000e+03 0.000000000000000000e+00 0.000000000000000000e+00 9.897645497779288940e-15
2.750000000000000000e+03 0.000000000000000000e+00 0.000000000000000000e+00 9.894037718347263586e-15
2.751000000000000000e+03 0.000000000000000000e+00 0.000000000000000000e+00 9.890444217990758523e-15
2.752000000000000000e+03 0.000000000000000000e+00 0.000000000000000000e+00 9.886865107804572249e-15
2.753000000000000000e+03 0.000000000000000000e+00 0.000000000000000000e+00 9.883300595486753385e-15
2.754000000000000000e+03 0.000000000000000000e+00 0.000000000000000000e+00 9.879750784718759563e-15
2.755000000000000000e+03 0.000000000000000000e+00 0.000000000000000000e+00 9.876215878421209410e-15
2.756000000000000000e+03 0.000000000000000000e+00 0.000000000000000000e+00 9.872695976845445035e-15
2.757000000000000000e+03 0.000000000000000000e+00 0.000000000000000000e+00 9.869191283010459176e-15
2.758000000000000000e+03 0.000000000000000000e+00 0.000000000000000000e+00 9.865701895250677719e-15
2.759000000000000000e+03 0.000000000000000000e+00 0.000000000000000000e+00 9.862228008137107815e-15
2.760000000000000000e+03 0.000000000000000000e+00 0.000000000000000000e+00 9.858769710238637436e-15
2.761000000000000000e+03 0.000000000000000000e+00 0.000000000000000000e+00 9.855327193410061553e-15
2.762000000000000000e+03 0.000000000000000000e+00 0.000000000000000000e+00 9.851900552615866417e-15
2.763000000000000000e+03 0.000000000000000000e+00 0.000000000000000000e+00 9.848489969334953203e-15
2.764000000000000000e+03 0.000000000000000000e+00 0.000000000000000000e+00 9.845095531429422066e-15
2.765000000000000000e+03 0.000000000000000000e+00 0.000000000000000000e+00 9.841717417143401127e-15
2.766000000000000000e+03 0.000000000000000000e+00 0.000000000000000000e+00 9.838355712272938587e-15
2.767000000000000000e+03 0.000000000000000000e+00 0.000000000000000000e+00 9.835010583941449971e-15
2.768000000000000000e+03 0.000000000000000000e+00 0.000000000000000000e+00 9.831682118585112549e-15
2.769000000000000000e+03 0.000000000000000000e+00 0.000000000000000000e+00 9.828370469400154025e-15
2.770000000000000000e+03 0.000000000000000000e+00 0.000000000000000000e+00 9.825075723452988424e-15
2.771000000000000000e+03 0.000000000000000000e+00 0.000000000000000000e+00 9.821798036690670846e-15
2.772000000000000000e+03 0.000000000000000000e+00 0.000000000000000000e+00 9.818537480095139045e-15
2.773000000000000000e+03 0.000000000000000000e+00 0.000000000000000000e+00 9.815294200474650727e-15
2.774000000000000000e+03 0.000000000000000000e+00 0.000000000000000000e+00 9.812068272358928817e-15
2.775000000000000000e+03 0.000000000000000000e+00 0.000000000000000000e+00 9.808859839184114132e-15
2.776000000000000000e+03 0.000000000000000000e+00 0.000000000000000000e+00 9.805668967516798430e-15
2.777000000000000000e+03 0.000000000000000000e+00 0.000000000000000000e+00 9.802495789582875796e-15
2.778000000000000000e+03 0.000000000000000000e+00 0.000000000000000000e+00 9.799340369791417613e-15
2.779000000000000000e+03 0.000000000000000000e+00 0.000000000000000000e+00 9.796202826290269962e-15
2.780000000000000000e+03 0.000000000000000000e+00 0.000000000000000000e+00 9.793083222817189908e-15
2.781000000000000000e+03 0.000000000000000000e+00 0.000000000000000000e+00 9.789981661356823674e-15
2.782000000000000000e+03 0.000000000000000000e+00 0.000000000000000000e+00 9.786898206635277954e-15
2.783000000000000000e+03 0.000000000000000000e+00 0.000000000000000000e+00 9.783832951516398652e-15
2.784000000000000000e+03 0.000000000000000000e+00 0.000000000000000000e+00 9.780785944447967822e-15
2.785000000000000000e+03 0.000000000000000000e+00 0.000000000000000000e+00 9.777757281752726112e-15
2.786000000000000000e+03 0.000000000000000000e+00 0.000000000000000000e+00 9.774747006004437927e-15
2.787000000000000000e+03 0.000000000000000000e+00 0.000000000000000000e+00 9.771755195968359231e-15
2.788000000000000000e+03 0.000000000000000000e+00 0.000000000000000000e+00 9.768781891039348505e-15
2.789000000000000000e+03 0.000000000000000000e+00 0.000000000000000000e+00 9.765827171438726972e-15
2.790000000000000000e+03 0.000000000000000000e+00 0.000000000000000000e+00 9.762891057707258780e-15
2.791000000000000000e+03 0.000000000000000000e+00 0.000000000000000000e+00 9.759973629467215225e-15
2.792000000000000000e+03 0.000000000000000000e+00 0.000000000000000000e+00 9.757074898488227462e-15
2.793000000000000000e+03 0.000000000000000000e+00 0.000000000000000000e+00 9.754194926459011600e-15
2.794000000000000000e+03 0.000000000000000000e+00 0.000000000000000000e+00 9.751333719583994944e-15
2.795000000000000000e+03 0.000000000000000000e+00 0.000000000000000000e+00 9.748491341558563263e-15
2.796000000000000000e+03 0.000000000000000000e+00 0.000000000000000000e+00 9.745667785870622452e-15
2.797000000000000000e+03 0.000000000000000000e+00 0.000000000000000000e+00 9.742863106959603998e-15
2.798000000000000000e+03 0.000000000000000000e+00 0.000000000000000000e+00 9.740077283089974470e-15
2.799000000000000000e+03 0.000000000000000000e+00 0.000000000000000000e+00 9.737310365087332017e-15
2.800000000000000000e+03 0.000000000000000000e+00 0.000000000000000000e+00 9.734562323216577712e-15
2.801000000000000000e+03 0.000000000000000000e+00 0.000000000000000000e+00 9.731833196681309135e-15
2.802000000000000000e+03 0.000000000000000000e+00 0.000000000000000000e+00 9.729122951201930636e-15
2.803000000000000000e+03 0.000000000000000000e+00 0.000000000000000000e+00 9.726431611355682973e-15
2.804000000000000000e+03 0.000000000000000000e+00 0.000000000000000000e+00 9.723759131016960252e-15
2.805000000000000000e+03 0.000000000000000000e+00 0.000000000000000000e+00 9.721105535963523310e-15
2.806000000000000000e+03 0.000000000000000000e+00 0.000000000000000000e+00 9.718470773767010588e-15
2.807000000000000000e+03 0.000000000000000000e+00 0.000000000000000000e+00 9.715854852455085228e-15
2.808000000000000000e+03 0.000000000000000000e+00 0.000000000000000000e+00 9.713257706414101020e-15
2.809000000000000000e+03 0.000000000000000000e+00 0.000000000000000000e+00 9.710679343551288869e-15
2.810000000000000000e+03 0.000000000000000000e+00 0.000000000000000000e+00 9.708119691608955696e-15
2.811000000000000000e+03 0.000000000000000000e+00 0.000000000000000000e+00 9.705578740085062535e-15
2.812000000000000000e+03 0.000000000000000000e+00 0.000000000000000000e+00 9.703056420586793585e-15
2.813000000000000000e+03 0.000000000000000000e+00 0.000000000000000000e+00 9.700552704508984307e-15
2.814000000000000000e+03 0.000000000000000000e+00 0.000000000000000000e+00 9.698067507159202904e-15
2.815000000000000000e+03 0.000000000000000000e+00 0.000000000000000000e+00 9.695600798262559756e-15
2.816000000000000000e+03 0.000000000000000000e+00 0.000000000000000000e+00 9.693152485708758872e-15
2.817000000000000000e+03 0.000000000000000000e+00 0.000000000000000000e+00 9.690722527625109157e-15
2.818000000000000000e+03 0.000000000000000000e+00 0.000000000000000000e+00 9.688310817756513207e-15
2.819000000000000000e+03 0.000000000000000000e+00 0.000000000000000000e+00 9.685917307718266287e-15
2.820000000000000000e+03 0.000000000000000000e+00 0.000000000000000000e+00 9.683541884035958356e-15
2.821000000000000000e+03 0.000000000000000000e+00 0.000000000000000000e+00 9.681184493793890097e-15
2.822000000000000000e+03 0.000000000000000000e+00 0.000000000000000000e+00 9.678845009592431066e-15
2.823000000000000000e+03 0.000000000000000000e+00 0.000000000000000000e+00 9.676523365986438900e-15
2.824000000000000000e+03 0.000000000000000000e+00 0.000000000000000000e+00 9.674219436538835455e-15
2.825000000000000000e+03 0.000000000000000000e+00 0.000000000000000000e+00 9.671933140797832217e-15
2.826000000000000000e+03 0.000000000000000000e+00 0.000000000000000000e+00 9.669664342329194097e-15
2.827000000000000000e+03 0.000000000000000000e+00 0.000000000000000000e+00 9.667412959820351228e-15
2.828000000000000000e+03 0.000000000000000000e+00 0.000000000000000000e+00 9.665178842918936825e-15
2.829000000000000000e+03 0.000000000000000000e+00 0.000000000000000000e+00 9.662961899686740170e-15
2.830000000000000000e+03 0.000000000000000000e+00 0.000000000000000000e+00 9.660761971557900953e-15
2.831000000000000000e+03 0.000000000000000000e+00 0.000000000000000000e+00 9.658578960352725195e-15
2.832000000000000000e+03 0.000000000000000000e+00 0.000000000000000000e+00 9.656412702410265659e-15
2.833000000000000000e+03 0.000000000000000000e+00 0.000000000000000000e+00 9.654263085579252922e-15
2.834000000000000000e+03 0.000000000000000000e+00 0.000000000000000000e+00 9.652129941993956505e-15
2.835000000000000000e+03 0.000000000000000000e+00 0.000000000000000000e+00 9.650013152289576697e-15
2.836000000000000000e+03 0.000000000000000000e+00 0.000000000000000000e+00 9.647912536041827848e-15
2.837000000000000000e+03 0.000000000000000000e+00 0.000000000000000000e+00 9.645827959976863071e-15
2.838000000000000000e+03 0.000000000000000000e+00 0.000000000000000000e+00 9.643759236563365805e-15
2.839000000000000000e+03 0.000000000000000000e+00 0.000000000000000000e+00 9.641706232665200614e-15
2.840000000000000000e+03 0.000000000000000000e+00 0.000000000000000000e+00 9.639668747289554528e-15
2.841000000000000000e+03 0.000000000000000000e+00 0.000000000000000000e+00 9.637646644568241181e-15
2.842000000000000000e+03 0.000000000000000000e+00 0.000000000000000000e+00 9.635639715367772251e-15
2.843000000000000000e+03 0.000000000000000000e+00 0.000000000000000000e+00 9.633647813324043964e-15
2.844000000000000000e+03 0.000000000000000000e+00 0.000000000000000000e+00 9.631670722635295211e-15
2.845000000000000000e+03 0.000000000000000000e+00 0.000000000000000000e+00 9.629708291052191700e-15
2.846000000000000000e+03 0.000000000000000000e+00 0.000000000000000000e+00 9.627760297692730181e-15
2.847000000000000000e+03 0.000000000000000000e+00 0.000000000000000000e+00 9.625826577358901074e-15
2.848000000000000000e+03 0.000000000000000000e+00 0.000000000000000000e+00 9.623906904592195584e-15
2.849000000000000000e+03 0.000000000000000000e+00 0.000000000000000000e+00 9.622001097517314667e-15
2.850000000000000000e+03 0.000000000000000000e+00 0.000000000000000000e+00 9.620108927691842135e-15
2.851000000000000000e+03 0.000000000000000000e+00 0.000000000000000000e+00 9.618230211110469301e-15
2.852000000000000000e+03 0.000000000000000000e+00 0.000000000000000000e+00 9.616364708239381449e-15
2.853000000000000000e+03 0.000000000000000000e+00 0.000000000000000000e+00 9.614512230718749810e-15
2.854000000000000000e+03 0.000000000000000000e+00 0.000000000000000000e+00 9.612672531754741804e-15
2.855000000000000000e+03 0.000000000000000000e+00 0.000000000000000000e+00 9.610845410700644566e-15
2.856000000000000000e+03 0.000000000000000000e+00 0.000000000000000000e+00 9.609030615625686363e-15
2.857000000000000000e+03 0.000000000000000000e+00 0.000000000000000000e+00 9.607227946559190770e-15
2.858000000000000000e+03 0.000000000000000000e+00 0.000000000000000000e+00 9.605437147031589642e-15
2.859000000000000000e+03 0.000000000000000000e+00 0.000000000000000000e+00 9.603658006321629068e-15
2.860000000000000000e+03 0.000000000000000000e+00 0.000000000000000000e+00 9.601890264000165607e-15
2.861000000000000000e+03 0.000000000000000000e+00 0.000000000000000000e+00 9.600133702687108917e-15
2.862000000000000000e+03 0.000000000000000000e+00 0.000000000000000000e+00 9.598388066447112190e-15
2.863000000000000000e+03 0.000000000000000000e+00 0.000000000000000000e+00 9.596653123904616620e-15
2.864000000000000000e+03 0.000000000000000000e+00 0.000000000000000000e+00 9.594928611497831647e-15
2.865000000000000000e+03 0.000000000000000000e+00 0.000000000000000000e+00 9.593214305345555345e-15
2.866000000000000000e+03 0.000000000000000000e+00 0.000000000000000000e+00 9.591509929292710018e-15
2.867000000000000000e+03 0.000000000000000000e+00 0.000000000000000000e+00 9.589815260229164253e-15
2.868000000000000000e+03 0.000000000000000000e+00 0.000000000000000000e+00 9.588130022529659848e-15
2.869000000000000000e+03 0.000000000000000000e+00 0.000000000000000000e+00 9.586453983696560665e-15
2.870000000000000000e+03 0.000000000000000000e+00 0.000000000000000000e+00 9.584786866120765320e-15
2.871000000000000000e+03 0.000000000000000000e+00 0.000000000000000000e+00 9.583128440524482323e-15
2.872000000000000000e+03 0.000000000000000000e+00 0.000000000000000000e+00 9.581478418220980541e-15
2.873000000000000000e+03 0.000000000000000000e+00 0.000000000000000000e+00 9.579836577307686859e-15
2.874000000000000000e+03 0.000000000000000000e+00 0.000000000000000000e+00 9.578202622180825338e-15
2.875000000000000000e+03 0.000000000000000000e+00 0.000000000000000000e+00 9.576576325610113478e-15
2.876000000000000000e+03 0.000000000000000000e+00 0.000000000000000000e+00 9.574957402861560751e-15
2.877000000000000000e+03 0.000000000000000000e+00 0.000000000000000000e+00 9.573345615142398907e-15
2.878000000000000000e+03 0.000000000000000000e+00 0.000000000000000000e+00 9.571740663376552937e-15
2.879000000000000000e+03 0.000000000000000000e+00 0.000000000000000000e+00 9.570142319222544561e-15
2.880000000000000000e+03 0.000000000000000000e+00 0.000000000000000000e+00 9.568550284471521960e-15
2.881000000000000000e+03 0.000000000000000000e+00 0.000000000000000000e+00 9.566964324299944684e-15
2.882000000000000000e+03 0.000000000000000000e+00 0.000000000000000000e+00 9.565384147259027133e-15
2.883000000000000000e+03 0.000000000000000000e+00 0.000000000000000000e+00 9.563809514620359489e-15
2.884000000000000000e+03 0.000000000000000000e+00 0.000000000000000000e+00 9.562240127887423915e-15
2.885000000000000000e+03 0.000000000000000000e+00 0.000000000000000000e+00 9.560675753811725956e-15
2.886000000000000000e+03 0.000000000000000000e+00 0.000000000000000000e+00 9.559116097383512976e-15
2.887000000000000000e+03 0.000000000000000000e+00 0.000000000000000000e+00 9.557560926466339849e-15
2.888000000000000000e+03 0.000000000000000000e+00 0.000000000000000000e+00 9.556009945703049065e-15
2.889000000000000000e+03 0.000000000000000000e+00 0.000000000000000000e+00 9.554462922570869801e-15
2.890000000000000000e+03 0.000000000000000000e+00 0.000000000000000000e+00 9.552919569491518313e-15
2.891000000000000000e+03 0.000000000000000000e+00 0.000000000000000000e+00 9.551379651743416000e-15
2.892000000000000000e+03 0.000000000000000000e+00 0.000000000000000000e+00 9.549842884260589688e-15
2.893000000000000000e+03 0.000000000000000000e+00 0.000000000000000000e+00 9.548309030450470457e-15
2.894000000000000000e+03 0.000000000000000000e+00 0.000000000000000000e+00 9.546777814352688835e-15
2.895000000000000000e+03 0.000000000000000000e+00 0.000000000000000000e+00 9.545248996919456776e-15
2.896000000000000000e+03 0.000000000000000000e+00 0.000000000000000000e+00 9.543722305630205965e-15
2.897000000000000000e+03 0.000000000000000000e+00 0.000000000000000000e+00 9.542197506846810923e-15
2.898000000000000000e+03 0.000000000000000000e+00 0.000000000000000000e+00 9.540674321214522053e-15
2.899000000000000000e+03 0.000000000000000000e+00 0.000000000000000000e+00 9.539152532282287349e-15
2.900000000000000000e+03 0.000000000000000000e+00 0.000000000000000000e+00 9.537631857957473447e-15
2.901000000000000000e+03 0.000000000000000000e+00 0.000000000000000000e+00 9.536112089297390657e-15
2.902000000000000000e+03 0.000000000000000000e+00 0.000000000000000000e+00 9.534592940429963556e-15
2.903000000000000000e+03 0.000000000000000000e+00 0.000000000000000000e+00 9.533074214735839811e-15
2.904000000000000000e+03 0.000000000000000000e+00 0.000000000000000000e+00 9.531555631672942657e-15
2.905000000000000000e+03 0.000000000000000000e+00 0.000000000000000000e+00 9.530036992728379067e-15
2.906000000000000000e+03 0.000000000000000000e+00 0.000000000000000000e+00 9.528518033929357216e-15
2.907000000000000000e+03 0.000000000000000000e+00 0.000000000000000000e+00 9.526998557365214690e-15
2.908000000000000000e+03 0.000000000000000000e+00 0.000000000000000000e+00 9.525478305514707118e-15
2.909000000000000000e+03 0.000000000000000000e+00 0.000000000000000000e+00 9.523957088286749499e-15
2.910000000000000000e+03 0.000000000000000000e+00 0.000000000000000000e+00 9.522434651684693273e-15
2.911000000000000000e+03 0.000000000000000000e+00 0.000000000000000000e+00 9.520910808548254720e-15
2.912000000000000000e+03 0.000000000000000000e+00 0.000000000000000000e+00 9.519385314754916210e-15
2.913000000000000000e+03 0.000000000000000000e+00 0.000000000000000000e+00 9.517857991687271688e-15
2.914000000000000000e+03 0.000000000000000000e+00 0.000000000000000000e+00 9.516328600003627198e-15
2.915000000000000000e+03 0.000000000000000000e+00 0.000000000000000000e+00 9.514796965693661631e-15
2.916000000000000000e+03 0.000000000000000000e+00 0.000000000000000000e+00 9.513262859058593678e-15
2.917000000000000000e+03 0.000000000000000000e+00 0.000000000000000000e+00 9.511726116256967370e-15
2.918000000000000000e+03 0.000000000000000000e+00 0.000000000000000000e+00 9.510186512738942280e-15
2.919000000000000000e+03 0.000000000000000000e+00 0.000000000000000000e+00 9.508643897443054020e-15
2.920000000000000000e+03 0.000000000000000000e+00 0.000000000000000000e+00 9.507098056809298004e-15
2.921000000000000000e+03 0.000000000000000000e+00 0.000000000000000000e+00 9.505548845736121827e-15
2.922000000000000000e+03 0.000000000000000000e+00 0.000000000000000000e+00 9.503996056921439289e-15
2.923000000000000000e+03 0.000000000000000000e+00 0.000000000000000000e+00 9.502439565008760226e-15
2.924000000000000000e+03 0.000000000000000000e+00 0.000000000000000000e+00 9.500879165700782246e-15
2.925000000000000000e+03 0.000000000000000000e+00 0.000000000000000000e+00 9.499314744397160449e-15
2.926000000000000000e+03 0.000000000000000000e+00 0.000000000000000000e+00 9.497746105645357712e-15
2.927000000000000000e+03 0.000000000000000000e+00 0.000000000000000000e+00 9.496173150004460287e-15
2.928000000000000000e+03 0.000000000000000000e+00 0.000000000000000000e+00 9.494595694731904917e-15
2.929000000000000000e+03 0.000000000000000000e+00 0.000000000000000000e+00 9.493013648987570531e-15
2.930000000000000000e+03 0.000000000000000000e+00 0.000000000000000000e+00 9.491426836197704110e-15
2.931000000000000000e+03 0.000000000000000000e+00 0.000000000000000000e+00 9.489835179589399947e-15
2.932000000000000000e+03 0.000000000000000000e+00 0.000000000000000000e+00 9.488238513887231231e-15
2.933000000000000000e+03 0.000000000000000000e+00 0.000000000000000000e+00 9.486636778345572957e-15
2.934000000000000000e+03 0.000000000000000000e+00 0.000000000000000000e+00 9.485029813576538616e-15
2.935000000000000000e+03 0.000000000000000000e+00 0.000000000000000000e+00 9.483417576449426429e-15
2.936000000000000000e+03 0.000000000000000000e+00 0.000000000000000000e+00 9.481799919455299812e-15
2.937000000000000000e+03 0.000000000000000000e+00 0.000000000000000000e+00 9.480176809644006732e-15
2.938000000000000000e+03 0.000000000000000000e+00 0.000000000000000000e+00 9.478548113618871507e-15
2.939000000000000000e+03 0.000000000000000000e+00 0.000000000000000000e+00 9.476913807139467006e-15
2.940000000000000000e+03 0.000000000000000000e+00 0.000000000000000000e+00 9.475273771549933348e-15
2.941000000000000000e+03 0.000000000000000000e+00 0.000000000000000000e+00 9.473627997105672140e-15
2.942000000000000000e+03 0.000000000000000000e+00 0.000000000000000000e+00 9.471976382197979869e-15
2.943000000000000000e+03 0.000000000000000000e+00 0.000000000000000000e+00 9.470318933433877425e-15
2.944000000000000000e+03 0.000000000000000000e+00 0.000000000000000000e+00 9.468655559974512226e-15
2.945000000000000000e+03 0.000000000000000000e+00 0.000000000000000000e+00 9.466986278030800749e-15
2.946000000000000000e+03 0.000000000000000000e+00 0.000000000000000000e+00 9.465311012704293859e-15
2.947000000000000000e+03 0.000000000000000000e+00 0.000000000000000000e+00 9.463629795596497517e-15
2.948000000000000000e+03 0.000000000000000000e+00 0.000000000000000000e+00 9.461942560983343922e-15
2.949000000000000000e+03 0.000000000000000000e+00 0.000000000000000000e+00 9.460249358302924284e-15
2.950000000000000000e+03 0.000000000000000000e+00 0.000000000000000000e+00 9.458550144602792569e-15
2.951000000000000000e+03 0.000000000000000000e+00 0.000000000000000000e+00 9.456844978728736397e-15
2.952000000000000000e+03 0.000000000000000000e+00 0.000000000000000000e+00 9.455133829082168592e-15
2.953000000000000000e+03 0.000000000000000000e+00 0.000000000000000000e+00 9.453416768882989010e-15
2.954000000000000000e+03 0.000000000000000000e+00 0.000000000000000000e+00 9.451693782456940094e-15
2.955000000000000000e+03 0.000000000000000000e+00 0.000000000000000000e+00 9.449964959013475916e-15
2.956000000000000000e+03 0.000000000000000000e+00 0.000000000000000000e+00 9.448230298894643409e-15
2.957000000000000000e+03 0.000000000000000000e+00 0.000000000000000000e+00 9.446489902305459614e-15
2.958000000000000000e+03 0.000000000000000000e+00 0.000000000000000000e+00 9.444743781163020614e-15
2.959000000000000000e+03 0.000000000000000000e+00 0.000000000000000000e+00 9.442992059846840741e-15
2.960000000000000000e+03 0.000000000000000000e+00 0.000000000000000000e+00 9.441234760647096796e-15
2.961000000000000000e+03 0.000000000000000000e+00 0.000000000000000000e+00 9.439472015073783700e-15
2.962000000000000000e+03 0.000000000000000000e+00 0.000000000000000000e+00 9.437703869680472280e-15
2.963000000000000000e+03 0.000000000000000000e+00 0.000000000000000000e+00 9.435930464120978791e-15
2.964000000000000000e+03 0.000000000000000000e+00 0.000000000000000000e+00 9.434151858815772396e-15
2.965000000000000000e+03 0.000000000000000000e+00 0.000000000000000000e+00 9.432368222933616129e-15
2.966000000000000000e+03 0.000000000000000000e+00 0.000000000000000000e+00 9.430579626539987009e-15
2.967000000000000000e+03 0.000000000000000000e+00 0.000000000000000000e+00 9.428786246722863349e-15
2.968000000000000000e+03 0.000000000000000000e+00 0.000000000000000000e+00 9.426988184043611172e-15
2.969000000000000000e+03 0.000000000000000000e+00 0.000000000000000000e+00 9.425185630532245656e-15
2.970000000000000000e+03 0.000000000000000000e+00 0.000000000000000000e+00 9.423378711050218346e-15
2.971000000000000000e+03 0.000000000000000000e+00 0.000000000000000000e+00 9.421567628006830320e-15
2.972000000000000000e+03 0.000000000000000000e+00 0.000000000000000000e+00 9.419752523853304309e-15
2.973000000000000000e+03 0.000000000000000000e+00 0.000000000000000000e+00 9.417933609571866766e-15
2.974000000000000000e+03 0.000000000000000000e+00 0.000000000000000000e+00 9.416111049467435751e-15
2.975000000000000000e+03 0.000000000000000000e+00 0.000000000000000000e+00 9.414285069817905149e-15
2.976000000000000000e+03 0.000000000000000000e+00 0.000000000000000000e+00 9.412455835405250341e-15
2.977000000000000000e+03 0.000000000000000000e+00 0.000000000000000000e+00 9.410623597783969028e-15
2.978000000000000000e+03 0.000000000000000000e+00 0.000000000000000000e+00 9.408788527024547478e-15
2.979000000000000000e+03 0.000000000000000000e+00 0.000000000000000000e+00 9.406950896465951444e-15
2.980000000000000000e+03 0.000000000000000000e+00 0.000000000000000000e+00 9.405110887367777187e-15
2.981000000000000000e+03 0.000000000000000000e+00 0.000000000000000000e+00 9.403268786574145583e-15
2.982000000000000000e+03 0.000000000000000000e+00 0.000000000000000000e+00 9.401424797300731326e-15
2.983000000000000000e+03 0.000000000000000000e+00 0.000000000000000000e+00 9.399579223724333550e-15
2.984000000000000000e+03 0.000000000000000000e+00 0.000000000000000000e+00 9.397732288672291233e-15
2.985000000000000000e+03 0.000000000000000000e+00 0.000000000000000000e+00 9.395884301936398681e-15
2.986000000000000000e+03 0.000000000000000000e+00 0.000000000000000000e+00 9.394035507664592198e-15
2.987000000000000000e+03 0.000000000000000000e+00 0.000000000000000000e+00 9.392186239626801704e-15
2.988000000000000000e+03 0.000000000000000000e+00 0.000000000000000000e+00 9.390336743276110204e-15
2.989000000000000000e+03 0.000000000000000000e+00 0.000000000000000000e+00 9.388487375732774587e-15
2.990000000000000000e+03 0.000000000000000000e+00 0.000000000000000000e+00 9.386638396842569346e-15
2.991000000000000000e+03 0.000000000000000000e+00 0.000000000000000000e+00 9.384790165777166798e-15
2.992000000000000000e+03 0.000000000000000000e+00 0.000000000000000000e+00 9.382942966943391612e-15
2.993000000000000000e+03 0.000000000000000000e+00 0.000000000000000000e+00 9.381097165093608451e-15
2.994000000000000000e+03 0.000000000000000000e+00 0.000000000000000000e+00 9.379253059416516418e-15
2.995000000000000000e+03 0.000000000000000000e+00 0.000000000000000000e+00 9.377411033808114864e-15
2.996000000000000000e+03 0.000000000000000000e+00 0.000000000000000000e+00 9.375571390961672682e-15
2.997000000000000000e+03 0.000000000000000000e+00 0.000000000000000000e+00 9.373734533090763478e-15
2.998000000000000000e+03 0.000000000000000000e+00 0.000000000000000000e+00 9.371900767780488328e-15
2.999000000000000000e+03 0.000000000000000000e+00 0.000000000000000000e+00 9.370070509650520747e-15
3.000000000000000000e+03 0.000000000000000000e+00 0.000000000000000000e+00 9.368244079294715169e-15
