# Fiducial parameters: cosmomc_theta = 0.0104092, logA = 3.044, ombh2 = 0.02237, omch2 = 0.12, ns = 0.9649, tau = 0.0544, h = 0.6733981423479604, lens_potential_accuracy = 8, lens_margin = 2050, AccuracyBoost = 2.0, lSampleBoost = 2.0, lAccuracyBoost = 2.0, kmax = 10, k_per_logint = 130, nonlinear = True, DoLateRadTruncation = False
30 10000007 0.00035004579 0.01273455
31 10000007 0.0003505213 0.012094581
32 10000006 0.000351701 0.011450781
33 10000006 0.00035332402 0.010817983
34 10000006 0.00035546194 0.010222043
35 10000006 0.00035789862 0.0096123291
36 10000005 0.00036057358 0.0090355129
37 10000005 0.00036351953 0.0084575073
38 10000005 0.00036668192 0.0078851799
39 10000005 0.00037004606 0.0073190372
40 4.713835 0.00037361251 0.0067542965
41 4.5570972 0.0003774112 0.0061888807
42 4.4100811 0.00038142274 0.0056278625
43 4.2720057 0.00038561535 0.0050755581
44 4.1422761 0.00038996384 0.0045305088
45 4.020398 0.0003944393 0.0039905748
46 3.9056361 0.00039900371 0.0034553448
47 3.797381 0.00040364168 0.0029254281
48 3.6950569 0.00040832771 0.0024012754
49 3.5981908 0.00041303914 0.0018836214
50 3.5065169 0.00041778297 0.0013732681
51 3.4197999 0.00042256449 0.00087122197
52 3.3375481 0.0004273762 0.00037907983
53 3.2592904 0.00043220105 -0.00010213284
54 3.1847117 0.00043702861 -0.0005733875
55 3.1135521 0.00044185327 -0.0010363259
56 3.0458097 0.00044665338 -0.0014934499
57 2.9814508 0.00045141617 -0.0019463499
58 2.9201832 0.00045613354 -0.0023949038
59 2.8616529 0.00046079928 -0.0028385818
60 2.8056611 0.00046539799 -0.0032762401
61 2.7520738 0.00046991318 -0.0037068859
62 2.7007513 0.00047434313 -0.0041300355
63 2.6515955 0.00047868523 -0.0045456791
64 2.6044793 0.00048294002 -0.0049536718
65 2.5593256 0.0004871091 -0.0053539691
66 2.5160747 0.00049118522 -0.0057468838
67 2.4745906 0.00049516078 -0.006131561
68 2.434725 0.00049902594 -0.0065075633
69 2.3963279 0.00050277407 -0.0068742055
70 2.3592877 0.00050640042 -0.0072313286
71 2.3235108 0.00050990688 -0.0075792088
72 2.2890655 0.00051329381 -0.0079193874
73 2.2560202 0.0005165624 -0.0082532508
74 2.224312 0.00051970778 -0.0085809144
75 2.1938751 0.00052272459 -0.0089023352
76 2.1645962 0.00052560635 -0.0092169923
77 2.1362829 0.00052834726 -0.0095236798
78 2.1088775 0.0005309417 -0.0098222017
79 2.0823804 0.00053338573 -0.010112671
80 2.0567669 0.00053567547 -0.010395562
81 2.0320197 0.00053780849 -0.010670748
82 2.0081087 0.00053978419 -0.01093821
83 1.9849736 0.00054160085 -0.011197918
84 1.9625815 0.00054325772 -0.011449815
85 1.9408911 0.00054475417 -0.011693914
86 1.9198679 0.00054609125 -0.01193009
87 1.8994603 0.00054726906 -0.012158068
88 1.8796239 0.00054828722 -0.012378077
89 1.8603485 0.00054914549 -0.012589859
90 1.8416107 0.00054984299 -0.01279385
91 1.8233956 0.0005503784 -0.012989542
92 1.8056871 0.00055075178 -0.013177674
93 1.7884722 0.00055096225 -0.013357986
94 1.7717303 0.00055101137 -0.013530524
95 1.7554499 0.00055089775 -0.013695711
96 1.7396108 0.00055062296 -0.01385314
97 1.7241958 0.00055018583 -0.014003222
98 1.7091943 0.00054958778 -0.014146104
99 1.6945762 0.000548829 -0.014281399
100 1.6803377 0.00054791261 -0.014409518
101 1.6664601 0.00054683878 -0.014530355
102 1.6529317 0.00054560456 -0.014644093
103 1.6397292 0.00054421942 -0.01475071
104 1.6268448 0.00054267561 -0.014850067
105 1.6142607 0.00054097922 -0.014942622
106 1.6019647 0.00053913073 -0.015027793
107 1.589942 0.00053713662 -0.015106273
108 1.5781779 0.00053499329 -0.015177593
109 1.5666673 0.00053270576 -0.015242315
110 1.5553953 0.00053027268 -0.015300003
111 1.5443505 0.00052769791 -0.015351059
112 1.5335266 0.00052498688 -0.015395241
113 1.5229118 0.00052213744 -0.015432767
114 1.5124979 0.00051915081 -0.015463594
115 1.502273 0.00051603437 -0.015488112
116 1.4922347 0.00051279051 -0.015505866
117 1.4823728 0.00050941581 -0.015517264
118 1.4726746 0.00050591867 -0.015522397
119 1.4631407 0.00050229999 -0.015521013
120 1.4537608 0.0004985639 -0.015513572
121 1.4445289 0.00049471172 -0.015499826
122 1.4354317 0.00049074649 -0.015480187
123 1.4264686 0.00048667296 -0.015454394
124 1.4176314 0.00048249149 -0.015422634
125 1.4089129 0.00047820887 -0.015385132
126 1.4003101 0.00047382557 -0.015341773
127 1.3918148 0.00046934712 -0.015292597
128 1.3834211 0.00046477493 -0.015237895
129 1.3751291 0.00046011425 -0.015177676
130 1.3669296 0.00045536558 -0.015111952
131 1.3588148 0.00045053413 -0.015040763
132 1.3507894 0.00044562539 -0.014964446
133 1.342845 0.00044064015 -0.014882669
134 1.3349766 0.00043558747 -0.014796027
135 1.3271833 0.00043046517 -0.014704342
136 1.3194614 0.00042527995 -0.014607385
137 1.311807 0.00042003454 -0.014505851
138 1.3042174 0.00041473534 -0.014399569
139 1.296688 0.00040938402 -0.014288652
140 1.2892199 0.00040398422 -0.014173216
141 1.2818077 0.00039854462 -0.014053199
142 1.2744475 0.00039306435 -0.013929008
143 1.2671409 0.00038754826 -0.01380035
144 1.2598813 0.00038200195 -0.0136677
145 1.2526677 0.00037642675 -0.013530879
146 1.2454931 0.00037082876 -0.013390148
147 1.2383555 0.00036521356 -0.013245375
148 1.231253 0.00035958286 -0.013096824
149 1.22418 0.0003539415 -0.012944627
150 1.2171348 0.00034829312 -0.01278861
151 1.210112 0.0003426415 -0.012629115
152 1.2031136 0.00033699082 -0.012466153
153 1.1961378 0.00033134556 -0.012299813
154 1.1891841 0.00032571193 -0.012130206
155 1.1822528 0.00032009011 -0.01195739
156 1.1753448 0.00031448701 -0.011781524
157 1.168457 0.00030890347 -0.0116028
158 1.1615919 0.00030334736 -0.011421203
159 1.1547171 0.0002978191 -0.011236754
160 1.1478328 0.00029232437 -0.011049603
161 1.140962 0.00028686683 -0.010859919
162 1.1341051 0.00028144987 -0.01066774
163 1.1272596 0.00027608013 -0.010473075
164 1.1204221 0.00027075738 -0.010276111
165 1.1135944 0.00026548593 -0.010077004
166 1.1067732 0.00026027027 -0.0098758397
167 1.099958 0.00025511458 -0.0096724556
168 1.0931482 0.00025002288 -0.0094671466
169 1.0863445 0.00024499854 -0.0092601135
170 1.0795452 0.00024004377 -0.0090511456
171 1.0727478 0.00023516357 -0.0088407244
172 1.0659558 0.00023036063 -0.0086285745
173 1.0591662 0.00022563844 -0.0084150099
174 1.0523777 0.00022099949 -0.0082000337
175 1.0455926 0.00021644942 -0.0079838965
176 1.0388071 0.00021198924 -0.0077664156
177 1.0320229 0.00020762409 -0.0075477762
178 1.0252378 0.0002033562 -0.0073282019
179 1.0184524 0.00019918742 -0.0071077063
180 1.0116672 0.00019512254 -0.0068862631
181 1.0048812 0.00019116446 -0.0066641483
182 0.99809588 0.00018731603 -0.0064412968
183 0.99130873 0.00018357851 -0.0062179545
184 0.98452207 0.00017995614 -0.0059941125
185 0.97773323 0.00017645236 -0.0057698149
186 0.97094336 0.00017306799 -0.0055451891
187 0.96415377 0.00016980541 -0.005320325
188 0.95736255 0.00016666817 -0.0050952981
189 0.95057062 0.00016365871 -0.0048701684
190 0.94377733 0.0001607791 -0.0046451072
191 0.93698346 0.00015803116 -0.004420074
192 0.93018701 0.00015541749 -0.0041952477
193 0.92338871 0.00015293946 -0.0039705932
194 0.91659138 0.00015059961 -0.0037463458
195 0.90979252 0.00014839976 -0.0035224385
196 0.9029947 0.00014634179 -0.0032990172
197 0.89619655 0.00014442756 -0.0030762145
198 0.8894017 0.0001426587 -0.0028540254
199 0.88261045 0.00014103686 -0.0026325352
200 0.87582538 0.00013956328 -0.0024118007
201 0.86904228 0.00013823967 -0.0021919426
202 0.86226113 0.00013706719 -0.0019730142
203 0.855479 0.00013604721 -0.0017550778
204 0.84869815 0.00013518078 -0.0015381928
205 0.84191481 0.00013446896 -0.0013224227
206 0.8351317 0.00013391281 -0.0011078396
207 0.82834666 0.00013351335 -0.00089448462
208 0.8215618 0.0001332712 -0.00068244779
209 0.81477941 0.00013318711 -0.00047178433
210 0.80800027 0.00013326203 -0.00026257077
211 0.80122551 0.00013349664 -5.4871945e-05
212 0.79445811 0.0001338912 0.00015125016
213 0.78769831 0.00013444671 0.00035573676
214 0.78094835 0.00013516345 0.00055853099
215 0.77420848 0.00013604092 0.00075957344
216 0.76747831 0.00013708066 0.00095879846
217 0.76075724 0.00013828213 0.0011561543
218 0.75404608 0.00013964474 0.0013516156
219 0.74734522 0.00014116957 0.0015450985
220 0.74065284 0.00014285605 0.0017365797
221 0.73397228 0.00014470331 0.0019259714
222 0.72730045 0.00014671249 0.0021132766
223 0.72064035 0.00014888161 0.0022984211
224 0.71399249 0.00015121111 0.0024813743
225 0.70735682 0.00015369903 0.0026620562
226 0.70073433 0.00015634597 0.0028404692
227 0.69412557 0.00015915151 0.0030165606
228 0.68753104 0.00016211349 0.0031902231
229 0.68095222 0.00016523201 0.0033614883
230 0.67438847 0.00016850578 0.0035303387
231 0.66784082 0.00017193261 0.0036966648
232 0.66131033 0.00017551198 0.0038604635
233 0.65479725 0.00017924316 0.0040217381
234 0.64830043 0.00018312412 0.0041803823
235 0.64182379 0.0001871542 0.0043364099
236 0.63536435 0.00019133232 0.0044898125
237 0.62892515 0.00019565522 0.0046404618
238 0.62250631 0.00020012167 0.0047884121
239 0.61609158 0.00020472969 0.0049337109
240 0.60968394 0.00020947867 0.0050761073
241 0.60329753 0.00021436652 0.0052157383
242 0.59693528 0.0002193907 0.0053525932
243 0.59059661 0.00022455002 0.005486522
244 0.58428158 0.00022984174 0.005617661
245 0.57799226 0.0002352646 0.0057458709
246 0.57172817 0.00024081444 0.0058712064
247 0.56549002 0.00024649125 0.0059936758
248 0.55927898 0.00025229252 0.0061130866
249 0.55309526 0.00025821461 0.0062296176
250 0.54693881 0.00026425715 0.0063431881
251 0.54080951 0.00027041492 0.006453705
252 0.53470842 0.00027668702 0.0065613283
253 0.52863481 0.00028307031 0.0066659165
254 0.52259077 0.00028956239 0.0067674683
255 0.51657405 0.00029615978 0.006865887
256 0.51058624 0.00030286063 0.006961346
257 0.50462741 0.00030966196 0.0070536768
258 0.49869951 0.00031656001 0.0071429681
259 0.49280281 0.00032355354 0.0072292687
260 0.48693922 0.00033063891 0.0073124497
261 0.48110836 0.00033781303 0.0073926222
262 0.47531171 0.00034507366 0.0074697582
263 0.46955056 0.00035241776 0.0075438321
264 0.4638239 0.00035984237 0.0076148947
265 0.45813335 0.00036734402 0.0076829886
266 0.45247754 0.00037491892 0.0077479601
267 0.44685827 0.00038256364 0.0078099291
268 0.44127491 0.00039027577 0.0078688782
269 0.43572712 0.00039805223 0.0079247344
270 0.43021529 0.0004058888 0.007977672
271 0.42474116 0.00041378296 0.0080274966
272 0.41930335 0.00042173156 0.0080744319
273 0.41390425 0.00042972967 0.0081181832
274 0.40854286 0.00043777542 0.0081592274
275 0.40321987 0.00044586489 0.0081972296
276 0.39793664 0.00045399471 0.0082322079
277 0.39269289 0.00046216195 0.0082642906
278 0.38748856 0.00047036322 0.0082934854
279 0.38232624 0.000478594 0.008319691
280 0.37720642 0.00048685101 0.00834304
281 0.37212693 0.0004951315 0.0083636128
282 0.36708868 0.0005034311 0.0083813505
283 0.36209256 0.00051174622 0.0083962803
284 0.35713761 0.00052007471 0.0084083689
285 0.35222498 0.00052841184 0.0084176213
286 0.34735425 0.00053675534 0.0084241761
287 0.34252693 0.00054509978 0.0084280553
288 0.33774241 0.00055344271 0.0084292068
289 0.33300055 0.00056178111 0.0084276015
290 0.32830281 0.00057011114 0.0084234418
291 0.32364887 0.00057843057 0.0084166054
292 0.319038 0.00058672983 0.0084071352
293 0.31447167 0.000595013 0.0083952846
294 0.30994902 0.00060327525 0.0083806065
295 0.30547083 0.00061150602 0.0083635892
296 0.30103659 0.00061970999 0.008343967
297 0.296646 0.00062787689 0.0083218743
298 0.29230056 0.00063600719 0.0082973788
299 0.28799959 0.00064409536 0.0082703829
300 0.28374321 0.00065213678 0.0082410909
301 0.27953225 0.00066013701 0.008209358
302 0.27536656 0.000668081 0.0081753911
303 0.27124609 0.00067597397 0.0081391802
304 0.2671716 0.00068381249 0.0081007527
305 0.26314324 0.00069159082 0.0080601466
306 0.25916051 0.00069931118 0.0080173833
307 0.25522398 0.0007069629 0.0079724704
308 0.25133413 0.00071454763 0.0079254536
309 0.24749023 0.00072206093 0.0078765275
310 0.24369164 0.00072949451 0.0078256043
311 0.23994035 0.00073685428 0.00777261
312 0.23623461 0.00074413089 0.0077177493
313 0.23257537 0.00075132687 0.0076608796
314 0.22896258 0.00075843318 0.0076022339
315 0.22539565 0.00076544621 0.0075417385
316 0.22187508 0.00077237179 0.0074794276
317 0.21840115 0.00077919782 0.0074154466
318 0.21497379 0.00078592641 0.0073497503
319 0.21158375 0.00079255296 0.0072824119
320 0.20822985 0.0007990799 0.0072134209
321 0.20492239 0.00080549983 0.0071428945
322 0.20165973 0.00081180917 0.0070707454
323 0.19844304 0.0008180069 0.006997201
324 0.19527112 0.00082408845 0.0069221842
325 0.19214445 0.00083005598 0.0068456786
326 0.18906303 0.00083590835 0.0067678958
327 0.18602641 0.00084163645 0.0066887507
328 0.18303458 0.00084724004 0.0066082642
329 0.1800872 0.00085271995 0.0065265991
330 0.17718487 0.00085806973 0.0064436705
331 0.17432641 0.00086329243 0.0063596197
332 0.17151241 0.00086838444 0.0062743616
333 0.16874212 0.00087334095 0.0061881114
334 0.16601551 0.00087816263 0.0061007988
335 0.1633331 0.00088284448 0.0060124628
336 0.1606939 0.00088738848 0.0059232042
337 0.1580981 0.00089179252 0.0058330244
338 0.15554514 0.00089605605 0.0057419989
339 0.15303541 0.00090017549 0.0056501926
340 0.15056849 0.00090415475 0.0055575856
341 0.14814367 0.00090798338 0.0054642847
342 0.14576116 0.00091166422 0.0053702128
343 0.14342023 0.00091519525 0.0052755184
344 0.14112058 0.00091857147 0.0051801771
345 0.13886186 0.00092179626 0.0050842341
346 0.13664401 0.00092486274 0.0049876665
347 0.13446636 0.00092777462 0.0048905765
348 0.13232862 0.0009305229 0.0047930153
349 0.13023073 0.0009331174 0.0046950598
350 0.12817293 0.00093555411 0.0045966841
351 0.12615434 0.00093783489 0.004497911
352 0.12417557 0.0009399582 0.0043989082
353 0.12223555 0.000941924 0.0042996499
354 0.12033438 0.00094373376 0.0042002088
355 0.11847224 0.00094538391 0.004100584
356 0.11664786 0.00094687583 0.0040008683
357 0.11486132 0.00094820929 0.0039010124
358 0.11311223 0.00094938405 0.0038011316
359 0.1114016 0.00095039416 0.0037011925
360 0.10972826 0.00095124257 0.0036012975
361 0.1080913 0.00095192944 0.0035013972
362 0.10649002 0.00095245232 0.0034015555
363 0.10492463 0.00095281198 0.0033018661
364 0.10339373 0.00095301026 0.0032022878
365 0.10189878 0.00095304651 0.0031028986
366 0.10043751 0.00095291996 0.0030037329
367 0.099010625 0.00095263328 0.0029048471
368 0.097617763 0.00095218272 0.0028062168
369 0.096257916 0.00095157683 0.0027079512
370 0.09493165 0.00095080618 0.0026100516
371 0.093637612 0.00094988254 0.0025125344
372 0.092376176 0.00094879492 0.0024154698
373 0.091146402 0.0009475537 0.002318845
374 0.089948246 0.0009461568 0.0022227289
375 0.088780723 0.00094460394 0.002127129
376 0.087644056 0.00094289567 0.0020320993
377 0.086537814 0.00094103364 0.0019376065
378 0.085461098 0.00093901595 0.0018437354
379 0.08441399 0.00093684414 0.0017505066
380 0.08339617 0.00093451996 0.0016579316
381 0.082406861 0.00093204559 0.0015660502
382 0.081445977 0.00092941389 0.0014748622
383 0.080513233 0.0009266372 0.0013844272
384 0.079607427 0.00092371157 0.0012947514
385 0.078728806 0.00092064005 0.0012058688
386 0.077877249 0.00091742728 0.0011177999
387 0.077051879 0.00091407337 0.0010305828
388 0.07625185 0.000910583 0.0009442386
389 0.075477509 0.00090695535 0.00085878128
390 0.074728097 0.00090319394 0.00077424685
391 0.074003479 0.00089930005 0.00069063936
392 0.07330251 0.00089527252 0.00060800941
393 0.072625563 0.00089111703 0.00052634572
394 0.071971691 0.00088683262 0.00044568843
395 0.071340585 0.00088241847 0.00036604517
396 0.070731913 0.00087788332 0.00028744265
397 0.070145035 0.00087322245 0.00020989666
398 0.06957997 0.00086844105 0.00013342048
399 0.069034994 0.00086353815 5.8034938e-05
400 0.068509823 0.00085852253 -1.6244401e-05
401 0.068005272 0.00085338935 -8.9402799e-05
402 0.067520805 0.00084814292 -0.00016142487
403 0.067056118 0.00084278932 -0.00023229228
404 0.066610869 0.00083732713 -0.00030199599
405 0.066184453 0.0008317576 -0.00037051896
406 0.065776276 0.00082608914 -0.00043785029
407 0.065386345 0.00082031985 -0.00050396941
408 0.065014009 0.0008144495 -0.00056887018
409 0.064658438 0.00080848711 -0.00063253536
410 0.064320022 0.00080243258 -0.00069495735
411 0.06399734 0.00079628698 -0.00075612665
412 0.063690873 0.0007900549 -0.00081603061
413 0.063399969 0.00078373784 -0.00087467026
414 0.063124237 0.00077733938 -0.00093203651
415 0.06286285 0.00077086394 -0.000988126
416 0.062616253 0.00076431113 -0.0010429302
417 0.062383281 0.00075768611 -0.0010964246
418 0.062164224 0.00075099097 -0.0011486341
419 0.061958158 0.00074422704 -0.0011995288
420 0.061765282 0.0007373958 -0.0012491215
421 0.061584976 0.00073050407 -0.0012973843
422 0.061416569 0.00072354859 -0.0013443257
423 0.061260431 0.00071653223 -0.0013899392
424 0.061115583 0.00070946014 -0.0014342297
425 0.060981722 0.0007023341 -0.0014771781
426 0.060858849 0.00069515764 -0.0015187952
427 0.060745881 0.00068793633 -0.0015591068
428 0.060643278 0.00068067401 -0.0015980813
429 0.060549789 0.00067337185 -0.0016357242
430 0.060465392 0.00066603209 -0.0016720764
431 0.060389927 0.00065866351 -0.0017070827
432 0.060322761 0.00065126419 -0.0017407929
433 0.060264105 0.00064383815 -0.0017732051
434 0.060213044 0.00063639004 -0.0018042903
435 0.060169695 0.00062891752 -0.001834085
436 0.060133751 0.00062142668 -0.0018625618
437 0.060104855 0.00061391863 -0.0018897589
438 0.060082781 0.00060639797 -0.0019156509
439 0.060069272 0.00059886453 -0.0019402394
440 0.060061868 0.00059132197 -0.0019635646
441 0.060060198 0.00058377473 -0.0019856045
442 0.060063685 0.00057622404 -0.0020063596
443 0.060072393 0.00056867448 -0.0020258608
444 0.060085656 0.00056112786 -0.0020441109
445 0.060103261 0.00055358568 -0.0020611083
446 0.060124722 0.00054605398 -0.0020768818
447 0.06015005 0.00053853336 -0.0020913915
448 0.060179185 0.00053102807 -0.0021046909
449 0.060211845 0.00052354084 -0.0021168187
450 0.060247572 0.00051607182 -0.0021277212
451 0.060286389 0.00050862701 -0.0021374728
452 0.060328214 0.00050120657 -0.0021460291
453 0.060372476 0.00049381521 -0.0021534457
454 0.060418985 0.00048645445 -0.0021596978
455 0.060467347 0.00047912669 -0.0021648186
456 0.060517196 0.00047183443 -0.0021688208
457 0.060568567 0.00046457872 -0.0021716704
458 0.060620826 0.00045736363 -0.002173415
459 0.060673332 0.00045019192 -0.0021740725
460 0.060726855 0.00044306435 -0.002173658
461 0.060780376 0.00043598335 -0.0021721403
462 0.060834475 0.00042895479 -0.0021696184
463 0.060888435 0.00042197992 -0.0021660524
464 0.060942763 0.00041506082 -0.0021614919
465 0.060996679 0.00040820135 -0.002155938
466 0.061050689 0.00040140242 -0.0021494214
467 0.061104064 0.00039466813 -0.0021419583
468 0.061156781 0.00038799991 -0.0021335506
469 0.061208694 0.00038139882 -0.0021242512
470 0.061259315 0.00037486609 -0.0021140056
471 0.061308355 0.00036840561 -0.0021028619
472 0.061355596 0.00036202063 -0.0020908569
473 0.061401068 0.00035571035 -0.002077981
474 0.061444605 0.00034947556 -0.0020642719
475 0.06148587 0.00034332193 -0.0020496961
476 0.061525015 0.00033725107 -0.002034333
477 0.061561617 0.00033126091 -0.0020181669
478 0.061595133 0.00032535771 -0.0020012592
479 0.061625218 0.00031954183 -0.0019835755
480 0.061652375 0.00031381639 -0.0019651764
481 0.061677312 0.00030817858 -0.0019460585
482 0.06169913 0.00030263539 -0.0019262307
483 0.061718133 0.00029718543 -0.0019057561
484 0.061733595 0.00029183173 -0.0018846071
485 0.061745574 0.00028657557 -0.0018628108
486 0.061754372 0.00028141661 -0.001840409
487 0.061759092 0.00027635719 -0.0018173989
488 0.061760152 0.00027140097 -0.0017938138
489 0.061757555 0.00026654497 -0.0017696556
490 0.061751032 0.00026179418 -0.0017449507
491 0.061740637 0.00025714898 -0.0017197413
492 0.061726309 0.00025260841 -0.001694027
493 0.061708211 0.00024817461 -0.0016678113
494 0.06168614 0.00024385043 -0.0016411632
495 0.061659959 0.00023963644 -0.0016140604
496 0.061629871 0.0002355315 -0.0015865341
497 0.061595334 0.00023153791 -0.0015586023
498 0.061556479 0.00022765629 -0.0015302966
499 0.061513321 0.0002238873 -0.001501617
500 0.061465455 0.00022023292 -0.0014725817
501 0.061412984 0.00021669229 -0.0014432317
502 0.061355884 0.0002132676 -0.0014135876
503 0.061294032 0.00020995719 -0.0013836224
504 0.061227549 0.00020676537 -0.0013534174
505 0.0611566 0.0002036891 -0.0013229567
506 0.061080815 0.00020073034 -0.0012922558
507 0.061000569 0.00019788992 -0.0012613638
508 0.06091582 0.00019516821 -0.0012302939
509 0.060826285 0.00019256532 -0.0011990363
510 0.06073236 0.00019008137 -0.0011676477
511 0.060633688 0.00018771636 -0.0011361305
512 0.060530607 0.00018547016 -0.0011045013
513 0.060422861 0.0001833432 -0.0010727706
514 0.060310503 0.00018133569 -0.0010409726
515 0.060193605 0.00017944717 -0.0010091108
516 0.060072196 0.00017767778 -0.00097722737
517 0.059946211 0.00017602731 -0.00094531591
518 0.059815302 0.00017449574 -0.00091340041
519 0.059679788 0.00017308287 -0.00088150804
520 0.059539505 0.00017178823 -0.00084963763
521 0.059394652 0.00017061203 -0.00081781912
522 0.059245226 0.00016955375 -0.00078607553
523 0.059090966 0.00016861308 -0.00075439584
524 0.058932345 0.00016778907 -0.0007228296
525 0.058769077 0.00016708152 -0.00069137811
526 0.058601589 0.00016648942 -0.00066004211
527 0.058429667 0.00016601259 -0.0006288665
528 0.058253488 0.00016565003 -0.00059784373
529 0.058073077 0.00016540138 -0.00056700822
530 0.057888572 0.00016526546 -0.00053635333
531 0.05769981 0.00016524177 -0.00050591583
532 0.057507155 0.00016532921 -0.00047569176
533 0.057310408 0.00016552714 -0.00044571231
534 0.057109469 0.00016583441 -0.00041599105
535 0.056904782 0.00016625062 -0.00038653188
536 0.056696029 0.00016677468 -0.00035735687
537 0.056483457 0.0001674053 -0.00032848077
538 0.056267362 0.00016814161 -0.00029991096
539 0.05604762 0.00016898222 -0.00027167248
540 0.055823812 0.00016992614 -0.00024376064
541 0.055597135 0.00017097239 -0.00021619825
542 0.055366456 0.00017211968 -0.00018900075
543 0.055132487 0.00017336672 -0.00016216946
544 0.054895311 0.00017471249 -0.00013572455
545 0.054654911 0.00017615503 -0.00010966999
546 0.054411426 0.00017769368 -8.4021964e-05
547 0.05416456 0.0001793264 -5.8786243e-05
548 0.0539148 0.00018105053 -3.3973976e-05
549 0.053662019 0.00018286842 -9.5953021e-06
550 0.053406314 0.00018477399 1.4339934e-05
551 0.053147941 0.00018676951 3.7823605e-05
552 0.052886644 0.00018885087 6.0843863e-05
553 0.052622829 0.00019101678 8.3391966e-05
554 0.052356674 0.00019326672 0.00010545878
555 0.052087965 0.0001955978 0.00012703447
556 0.051816822 0.00019800931 0.00014811025
557 0.05154366 0.00020049861 0.00016867825
558 0.05126854 0.00020306498 0.00018872935
559 0.050991637 0.00020570603 0.00020825835
560 0.050712664 0.00020842074 0.00022725842
561 0.050432012 0.00021120533 0.00024572234
562 0.050149289 0.00021406087 0.00026364508
563 0.049864954 0.00021698302 0.00028101834
564 0.049579035 0.00021997118 0.00029783778
565 0.04929137 0.00022302314 0.00031409853
566 0.049002188 0.00022613856 0.00032979681
567 0.048711727 0.00022931194 0.00034492774
568 0.048419877 0.00023254406 0.000359486
569 0.048126686 0.00023583304 0.0003734694
570 0.047832268 0.00023917519 0.00038687387
571 0.047536741 0.00024256964 0.00039969532
572 0.047240293 0.00024601359 0.00041193008
573 0.046942926 0.00024950601 0.00042357882
574 0.046644684 0.00025304518 0.00043464159
575 0.046345895 0.00025662758 0.00044511473
576 0.046046418 0.00026025277 0.00045499856
577 0.045746554 0.00026391756 0.00046428947
578 0.045446331 0.00026761967 0.00047298829
579 0.045145765 0.0002713595 0.00048109237
580 0.044845063 0.00027513174 0.00048860686
581 0.044544307 0.00027893603 0.0004955224
582 0.044243572 0.00028276985 0.00050184506
583 0.043942786 0.00028663111 0.00050757281
584 0.043642353 0.00029051926 0.00051270467
585 0.043342149 0.00029442905 0.00051724048
586 0.04304221 0.00029836113 0.00052117979
587 0.042742688 0.00030231282 0.00052452776
588 0.042443829 0.0003062815 0.00052728638
589 0.042145369 0.00031026495 0.00052945342
590 0.041847737 0.00031426191 0.000531036
591 0.041550872 0.00031826987 0.00053203138
592 0.04125484 0.00032228691 0.00053244567
593 0.040959693 0.00032631084 0.00053228099
594 0.040665465 0.00033033959 0.00053153811
595 0.040372387 0.00033437076 0.00053022212
596 0.040080485 0.00033840338 0.00052834098
597 0.039789736 0.0003424338 0.00052589113
598 0.039500634 0.00034646086 0.00052288195
599 0.039213316 0.00035048357 0.00051931327
600 0.038927348 0.00035449784 0.0005151908
601 0.038643028 0.00035850335 0.00051052465
602 0.038360085 0.0003624974 0.00050531852
603 0.038078977 0.00036647871 0.00049957334
604 0.037799459 0.00037044395 0.00049330216
605 0.037521639 0.00037439233 0.00048650566
606 0.037245785 0.00037832206 0.00047919078
607 0.036971689 0.00038223173 0.00047136654
608 0.036699639 0.00038611792 0.00046303331
609 0.036429723 0.00038998004 0.00045420522
610 0.036161645 0.00039381546 0.00044488618
611 0.035895946 0.00039762113 0.0004350801
612 0.035632333 0.00040139661 0.00042479583
613 0.035370856 0.00040514054 0.00041403892
614 0.035111927 0.00040885014 0.00040281943
615 0.034855116 0.00041252353 0.00039114571
616 0.034600976 0.00041615975 0.00037902868
617 0.034349231 0.0004197584 0.00036647424
618 0.034100033 0.00042331855 0.00035349419
619 0.033853422 0.00042683518 0.00034009697
620 0.033609428 0.00043031074 0.00032628966
621 0.033368273 0.00043374241 0.00031208271
622 0.033129804 0.00043712677 0.00029748448
623 0.032894031 0.00044046481 0.0002825043
624 0.032661124 0.0004437538 0.00026714974
625 0.03243108 0.00044699276 0.0002514294
626 0.032203998 0.00045017867 0.00023535303
627 0.031979704 0.00045331082 0.00021892769
628 0.03175857 0.00045638815 0.00020216346
629 0.031540282 0.0004594086 0.00018507042
630 0.031325073 0.00046237353 0.00016765941
631 0.031112877 0.00046527709 0.000149939
632 0.030903739 0.00046812227 0.00013192126
633 0.03069779 0.00047090531 0.00011361058
634 0.030494945 0.00047362503 9.5021644e-05
635 0.030295232 0.00047628167 7.6164163e-05
636 0.030098771 0.00047887314 5.7047501e-05
637 0.029905528 0.0004813994 3.7681105e-05
638 0.029714947 0.00048385784 1.8078257e-05
639 0.029527134 0.00048624939 -1.7523092e-06
640 0.029342505 0.00048857117 -2.1802441e-05
641 0.029161212 0.00049082463 -4.2061009e-05
642 0.028983085 0.00049300506 -6.2517185e-05
643 0.028808405 0.00049511538 -8.3160989e-05
644 0.028636871 0.00049715303 -0.00010397703
645 0.028468719 0.00049911566 -0.00012495895
646 0.028303939 0.00050100351 -0.00014609491
647 0.028142397 0.00050281615 -0.00016737678
648 0.027984183 0.00050455103 -0.00018879086
649 0.027829242 0.00050620957 -0.000210329
650 0.027677784 0.00050778965 -0.00023197728
651 0.027529543 0.00050929317 -0.00025372767
652 0.027384607 0.00051071878 -0.00027556491
653 0.027243054 0.000512067 -0.00029748343
654 0.027104841 0.00051333697 -0.00031947073
655 0.02697007 0.00051452716 -0.00034151814
656 0.026838458 0.0005156402 -0.00036360781
657 0.026710239 0.0005166735 -0.00038574186
658 0.02658533 0.00051762815 -0.00040790044
659 0.026463737 0.00051850169 -0.00043007649
660 0.026345419 0.00051929548 -0.00045226083
661 0.026230351 0.00052000839 -0.00047443211
662 0.0261186 0.0005206393 -0.00049659435
663 0.026010016 0.00052119017 -0.00051872937
664 0.02590472 0.00052165859 -0.0005408302
665 0.025802622 0.0005220461 -0.00056289198
666 0.025703645 0.00052235187 -0.00058489303
667 0.025607824 0.00052257743 -0.00060682811
668 0.025515269 0.00052272062 -0.00062868583
669 0.025425711 0.00052278241 -0.00065046508
670 0.025339356 0.00052276318 -0.00067214738
671 0.025256053 0.00052266349 -0.00069372515
672 0.025175791 0.00052248276 -0.00071519916
673 0.025098527 0.00052222135 -0.00073653893
674 0.025024248 0.00052187995 -0.0007577487
675 0.024953012 0.00052145823 -0.00077882553
676 0.024884694 0.00052095672 -0.00079974623
677 0.024819296 0.00052037601 -0.00082051382
678 0.024756421 0.00051971538 -0.00084111015
679 0.024696265 0.00051897487 -0.00086153142
680 0.024638922 0.00051815618 -0.00088176965
681 0.024584269 0.00051725745 -0.00090180756
682 0.024532298 0.00051628053 -0.0009216428
683 0.024483058 0.00051522432 -0.00094126459
684 0.024436558 0.00051409052 -0.00096066487
685 0.024392563 0.00051288078 -0.00097984015
686 0.024351136 0.00051159501 -0.00099877827
687 0.024312292 0.00051023576 -0.0010174706
688 0.024275954 0.00050880144 -0.0010359324
689 0.024242131 0.00050729528 -0.0010541292
690 0.024210708 0.00050571857 -0.0010720589
691 0.024181669 0.00050407062 -0.0010897246
692 0.024154958 0.00050235262 -0.001107112
693 0.024130593 0.00050056464 -0.0011242283
694 0.024108444 0.00049870935 -0.0011410553
695 0.024088583 0.0004967856 -0.0011575765
696 0.02407069 0.00049479365 -0.0011737886
697 0.024055091 0.00049273664 -0.0011897006
698 0.024041429 0.00049061375 -0.0012053016
699 0.024029873 0.00048842574 -0.0012205605
700 0.024020263 0.00048617495 -0.0012355034
701 0.024012525 0.00048386127 -0.0012501241
702 0.024006609 0.00048148608 -0.0012643996
703 0.024002534 0.00047905122 -0.0012783443
704 0.024000353 0.00047655681 -0.0012919269
705 0.0239997 0.00047400434 -0.0013051601
706 0.024000876 0.00047139522 -0.0013180327
707 0.024003597 0.00046873111 -0.0013305399
708 0.024007833 0.00046601171 -0.0013427053
709 0.02401368 0.00046324044 -0.0013544875
710 0.024020909 0.00046041717 -0.0013659072
711 0.024029554 0.00045754295 -0.0013769281
712 0.024039681 0.00045461945 -0.0013875947
713 0.024050998 0.00045164687 -0.0013978538
714 0.024063555 0.00044862744 -0.0014077268
715 0.024077427 0.00044556203 -0.0014172185
716 0.024092349 0.00044245102 -0.0014263213
717 0.024108307 0.00043929534 -0.0014350154
718 0.024125358 0.00043609619 -0.0014433209
719 0.024143299 0.00043285599 -0.0014512091
720 0.024162248 0.0004295751 -0.0014587022
721 0.024182026 0.00042625667 -0.0014657722
722 0.024202666 0.00042290099 -0.0014724616
723 0.024224152 0.00041951096 -0.001478734
724 0.024246378 0.00041608763 -0.0014846077
725 0.024269382 0.00041263247 -0.0014900788
726 0.024293022 0.00040914629 -0.0014951281
727 0.024317326 0.0004056313 -0.0014997773
728 0.024342267 0.0004020879 -0.0015040194
729 0.024367586 0.00039851856 -0.0015078462
730 0.024393496 0.00039492324 -0.0015112644
731 0.024419837 0.00039130375 -0.0015142926
732 0.024446489 0.00038766139 -0.0015168747
733 0.024473503 0.00038399828 -0.0015190669
734 0.024500827 0.00038031367 -0.001520841
735 0.024528255 0.00037661162 -0.0015222042
736 0.024555993 0.00037289241 -0.0015231639
737 0.024583713 0.00036915699 -0.001523705
738 0.0246116 0.00036540758 -0.0015238365
739 0.024639534 0.00036164538 -0.0015235675
740 0.024667398 0.00035787208 -0.0015228805
741 0.024695123 0.00035408892 -0.0015217828
742 0.024722757 0.00035029771 -0.0015203049
743 0.024750252 0.00034649945 -0.0015184073
744 0.024777483 0.00034269622 -0.0015161188
745 0.024804406 0.00033888942 -0.0015134199
746 0.024830974 0.0003350804 -0.0015103444
747 0.024857171 0.00033127032 -0.0015068607
748 0.024882959 0.00032746012 -0.0015029931
749 0.024908318 0.00032365157 -0.0014987518
750 0.024933152 0.0003198461 -0.0014941105
751 0.024957419 0.00031604428 -0.0014890889
752 0.024981034 0.00031224836 -0.0014836973
753 0.02500407 0.00030845853 -0.0014779373
754 0.025026452 0.00030467669 -0.0014717901
755 0.025048127 0.00030090474 -0.0014652821
756 0.025069055 0.00029714336 -0.0014584153
757 0.025089322 0.00029339567 -0.0014511894
758 0.025108483 0.00028966075 -0.0014436271
759 0.025126592 0.00028594173 -0.0014357058
760 0.025143819 0.00028223976 -0.0014274476
761 0.025160264 0.00027855533 -0.0014188453
762 0.02517581 0.00027489048 -0.0014099143
763 0.025190471 0.0002712453 -0.0014006515
764 0.025204124 0.00026762091 -0.0013910474
765 0.025216715 0.00026401936 -0.0013811416
766 0.025228323 0.00026044152 -0.001370896
767 0.025238754 0.00025688694 -0.0013603422
768 0.025248144 0.00025335872 -0.001349465
769 0.025256227 0.00024985755 -0.0013382844
770 0.025263185 0.0002463848 -0.0013267957
771 0.025268876 0.00024294106 -0.0013150191
772 0.025273243 0.00023952889 -0.001302947
773 0.025276371 0.0002361485 -0.001290603
774 0.025278097 0.00023280119 -0.0012779775
775 0.025278454 0.00022948839 -0.0012650862
776 0.025277517 0.00022621115 -0.0012519347
777 0.025275262 0.0002229698 -0.0012385299
778 0.025271634 0.00021976558 -0.0012248789
779 0.025266714 0.00021659929 -0.0012109984
780 0.025260419 0.00021347244 -0.0011968735
781 0.025252829 0.00021038469 -0.0011825308
782 0.025243777 0.00020733758 -0.0011679661
783 0.025233389 0.00020433188 -0.0011531809
784 0.025221544 0.0002013683 -0.0011381781
785 0.025208221 0.00019844676 -0.0011229674
786 0.025193286 0.0001955687 -0.0011075459
787 0.025176834 0.00019273454 -0.0010919228
788 0.025158813 0.00018994527 -0.001076094
789 0.025139062 0.00018720181 -0.0010600807
790 0.025117769 0.00018450478 -0.0010438738
791 0.025094836 0.00018185605 -0.0010275038
792 0.025070311 0.00017925619 -0.0010109775
793 0.025044073 0.00017670674 -0.00099428999
794 0.025016237 0.00017420785 -0.00097746148
795 0.024986715 0.00017176122 -0.00096050414
796 0.024955592 0.00016936633 -0.00094341775
797 0.024922842 0.00016702376 -0.00092621345
798 0.024888971 0.00016473356 -0.0009089028
799 0.024854051 0.00016249602 -0.00089147214
800 0.024817481 0.00016031154 -0.00087392404
801 0.024779354 0.00015817944 -0.00085629365
802 0.024739634 0.00015609955 -0.00083855915
803 0.024698348 0.00015407408 -0.00082073188
804 0.024655411 0.00015210186 -0.00080282734
805 0.024610814 0.00015018534 -0.00078484705
806 0.024564453 0.00014832415 -0.00076679894
807 0.024516379 0.00014651911 -0.00074867789
808 0.024466584 0.00014477116 -0.00073050893
809 0.024414997 0.00014308037 -0.00071228596
810 0.024361658 0.00014144733 -0.00069401606
811 0.024306563 0.00013987207 -0.00067571891
812 0.024249875 0.00013835341 -0.00065739533
813 0.024191551 0.00013689211 -0.00063906097
814 0.024131669 0.00013548804 -0.0006207157
815 0.024070299 0.00013414048 -0.00060238101
816 0.024007462 0.00013285037 -0.00058404531
817 0.023943106 0.00013161724 -0.00056572678
818 0.02387723 0.00013044136 -0.00054742515
819 0.023809798 0.00012932224 -0.00052914561
820 0.02374076 0.00012826145 -0.00051088657
821 0.023670014 0.00012725793 -0.00049265624
822 0.023597615 0.00012631246 -0.00047445862
823 0.023523487 0.00012542457 -0.00045628827
824 0.023447751 0.00012459456 -0.00043816069
825 0.023370433 0.00012382206 -0.00042009072
826 0.023291578 0.00012310698 -0.00040207907
827 0.023211291 0.00012244835 -0.00038414136
828 0.023129521 0.00012184638 -0.00036628851
829 0.023046464 0.00012130061 -0.00034852573
830 0.022962112 0.00012081139 -0.000330866
831 0.022876475 0.00012037738 -0.00031330667
832 0.022789526 0.00011999891 -0.00029585719
833 0.022701153 0.00011967628 -0.00027851354
834 0.022611463 0.00011940904 -0.00026128182
835 0.022520358 0.00011919663 -0.00024416463
836 0.022427761 0.00011903933 -0.00022715786
837 0.022333746 0.0001189368 -0.00021027057
838 0.022237055 0.0001188885 -0.00019350649
839 0.022138899 0.0001188934 -0.00017687456
840 0.022039575 0.00011895114 -0.00016038233
841 0.021939028 0.00011906049 -0.00014403861
842 0.021837296 0.00011922138 -0.00012784744
843 0.021734434 0.00011943249 -0.00011181895
844 0.021630639 0.00011969284 -9.5957762e-05
845 0.021525675 0.0001200027 -8.0270408e-05
846 0.021419758 0.00012036179 -6.4759276e-05
847 0.021312722 0.00012077038 -4.9424907e-05
848 0.021204615 0.00012122731 -3.4274725e-05
849 0.02109541 0.00012173289 -1.9310329e-05
850 0.020985055 0.0001222869 -4.5350905e-06
851 0.020873706 0.00012288962 1.004771e-05
852 0.020761252 0.00012353866 2.4435839e-05
853 0.020647792 0.00012423387 3.8625352e-05
854 0.020533362 0.00012497332 5.261397e-05
855 0.02041811 0.00012575628 6.6400859e-05
856 0.020301955 0.00012658173 7.9981628e-05
857 0.020185075 0.00012744751 9.3354432e-05
858 0.020067474 0.00012835393 0.00010651568
859 0.019949176 0.00012929942 0.00011946102
860 0.019830161 0.00013028426 0.0001321846
861 0.019710502 0.0001313078 0.00014468102
862 0.019590192 0.00013236899 0.0001569449
863 0.019469262 0.00013346872 0.00016897099
864 0.01934772 0.00013460556 0.00018075368
865 0.019225577 0.00013577945 0.0001922886
866 0.019102919 0.00013698921 0.00020357541
867 0.018979644 0.00013823404 0.00021461606
868 0.018855821 0.00013951277 0.00022540826
869 0.018731518 0.00014082418 0.0002359567
870 0.018606679 0.00014216816 0.00024625912
871 0.018481335 0.00014354305 0.00025631577
872 0.018355601 0.00014494747 0.00026612957
873 0.018229395 0.00014638052 0.00027569621
874 0.01810284 0.00014784162 0.00028501438
875 0.017975942 0.00014932982 0.00029408032
876 0.017848764 0.00015084343 0.00030289161
877 0.017721899 0.00015238103 0.00031144591
878 0.017595418 0.00015394223 0.00031974181
879 0.017468816 0.00015552599 0.00032777504
880 0.017342055 0.00015713125 0.00033554448
881 0.017215133 0.00015875705 0.00034304927
882 0.017088151 0.00016040349 0.00035028532
883 0.01696106 0.00016206848 0.00035725364
884 0.016833885 0.00016375276 0.00036394985
885 0.01670668 0.00016545503 0.00037037225
886 0.016579394 0.00016717383 0.00037652129
887 0.01645209 0.0001689093 0.00038239612
888 0.016324874 0.00017066005 0.00038799884
889 0.016197613 0.00017242424 0.00039333506
890 0.016070454 0.00017420202 0.00039840026
891 0.015943395 0.00017599199 0.0004031993
892 0.015816439 0.00017779278 0.00040773423
893 0.015689637 0.00017960417 0.00041200397
894 0.015563086 0.0001814236 0.00041601493
895 0.015436622 0.00018325173 0.00041975872
896 0.015310468 0.00018508612 0.00042324478
897 0.015184548 0.00018692633 0.00042647157
898 0.015058916 0.00018877103 0.00042943845
899 0.014933626 0.00019061866 0.00043214655
900 0.014808677 0.00019246921 0.00043459759
901 0.014684059 0.0001943204 0.00043679252
902 0.014559886 0.00019617241 0.00043873095
903 0.014436162 0.000198024 0.00044041466
904 0.01431286 0.00019987421 0.00044184672
905 0.014190062 0.00020172167 0.00044302641
906 0.014067765 0.00020356694 0.00044395295
907 0.01394604 0.00020540748 0.00044462899
908 0.013824851 0.00020724295 0.00044505666
909 0.013704254 0.00020907339 0.00044524008
910 0.013584242 0.00021089738 0.00044517834
911 0.013464846 0.00021271385 0.00044487388
912 0.013346138 0.00021452211 0.00044433108
913 0.013228102 0.0002163221 0.00044354887
914 0.013110737 0.00021811204 0.00044253116
915 0.012994043 0.00021989148 0.00044128039
916 0.012878113 0.0002216601 0.00043980286
917 0.01276251 0.00022341583 0.00043809292
918 0.012647232 0.00022515876 0.00043615953
919 0.012532749 0.00022688758 0.00043400162
920 0.012419063 0.0002286018 0.00043162289
921 0.012306106 0.00023030004 0.00042902666
922 0.012193989 0.00023198154 0.00042621513
923 0.012082749 0.00023364636 0.00042319423
924 0.011972286 0.00023529355 0.00041996373
925 0.011862736 0.0002369212 0.00041653119
926 0.011754058 0.00023853018 0.00041290086
927 0.011646287 0.00024011908 0.00040907105
928 0.011539462 0.00024168729 0.00040505202
929 0.011433607 0.00024323424 0.00040084378
930 0.011328667 0.00024475885 0.00039644955
931 0.011224684 0.00024626034 0.00039187256
932 0.011121734 0.00024773859 0.00038711419
933 0.011019749 0.00024919253 0.00038218294
934 0.010918782 0.00025062091 0.0003770753
935 0.010818831 0.00025202363 0.0003717975
936 0.010719876 0.00025339966 0.00036635316
937 0.010621982 0.00025474895 0.00036074385
938 0.010525116 0.00025607073 0.00035497763
939 0.010429343 0.00025736405 0.00034905333
940 0.01033459 0.0002586278 0.00034297759
941 0.010240962 0.00025986297 0.00033675251
942 0.010148394 0.00026106754 0.00033038209
943 0.010056936 0.00026224149 0.00032386876
944 0.0099665673 0.00026338481 0.00031721791
945 0.0098773495 0.0002644967 0.00031043639
946 0.0097892116 0.00026557675 0.00030352404
947 0.0097022429 0.00026662425 0.00029648527
948 0.0096163983 0.00026763926 0.00028932606
949 0.0095316519 0.00026862137 0.00028204802
950 0.0094481218 0.00026956985 0.00027465788
951 0.0093657293 0.00027048386 0.00026715642
952 0.0092844703 0.000271364 0.00025954984
953 0.0092043867 0.00027220899 0.00025183955
954 0.0091254351 0.00027301902 0.00024403268
955 0.0090476836 0.00027379315 0.00023612897
956 0.008971086 0.00027453115 0.00022813638
957 0.0088953746 0.00027523336 0.00022005574
958 0.008820512 0.00027589931 0.00021189328
959 0.0087468293 0.00027652848 0.00020365412
960 0.008674363 0.00027712198 0.00019534297
961 0.0086030762 0.00027767847 0.00018696374
962 0.0085329984 0.0002781984 0.00017852109
963 0.0084641334 0.00027868196 0.0001700201
964 0.0083964328 0.00027912831 0.000161464
965 0.0083299099 0.00027953817 0.00015285668
966 0.0082645635 0.00027991042 0.00014420254
967 0.0082004452 0.00028024535 0.00013550496
968 0.0081374794 0.00028054284 0.00012676791
969 0.0080757213 0.00028080227 0.00011799503
970 0.0080151531 0.00028102342 0.00010918985
971 0.0079557288 0.00028120744 0.00010035672
972 0.0078974781 0.00028135322 9.1500013e-05
973 0.0078404152 0.00028146074 8.2622919e-05
974 0.0077845399 0.00028153123 7.3729691e-05
975 0.0077297766 0.00028156293 6.4825125e-05
976 0.0076761566 0.00028155738 5.5911857e-05
977 0.0076237201 0.00028151373 4.6995131e-05
978 0.0075724146 0.00028143272 3.8077077e-05
979 0.0075222399 0.00028131432 2.9162439e-05
980 0.0074732272 0.00028115812 2.0254506e-05
981 0.0074253124 0.00028096552 1.1356393e-05
982 0.0073785192 0.00028073515 2.4723555e-06
983 0.0073327931 0.0002804687 -6.394784e-06
984 0.0072882204 0.00028016534 -1.524168e-05
985 0.007244738 0.00027982506 -2.406407e-05
986 0.0072023134 0.00027944851 -3.2860296e-05
987 0.0071610159 0.0002790358 -4.1626639e-05
988 0.0071207813 0.000278586 -5.0361275e-05
989 0.0070816048 0.00027810068 -5.9060093e-05
990 0.0070434656 0.00027757823 -6.7720976e-05
991 0.0070063764 0.00027702008 -7.6340795e-05
992 0.0069703695 0.00027642626 -8.491595e-05
993 0.0069353504 0.00027579629 -9.3442232e-05
994 0.0069013993 0.00027513165 -0.00010191699
995 0.0068684148 0.0002744317 -0.00011033714
996 0.0068364529 0.0002736979 -0.00011869784
997 0.0068058392 0.00027292913 -0.00012699657
998 0.0067765731 0.00027212631 -0.00013523169
999 0.0067482553 0.0002712902 -0.00014339587
1000 0.0067209216 0.00027042036 -0.00015148681
1001 0.0066944801 0.00026951737 -0.00015950162
1002 0.0066690106 0.00026858134 -0.00016743505
1003 0.0066444235 0.00026761211 -0.00017528684
1004 0.0066207574 0.0002666105 -0.00018304963
1005 0.0065979126 0.0002655759 -0.00019072147
1006 0.0065759779 0.00026451021 -0.0001982986
1007 0.0065548585 0.00026341413 -0.00020578519
1008 0.0065345922 0.00026228875 -0.00021317681
1009 0.0065151817 0.0002611351 -0.00022047092
1010 0.0064965212 0.00025995485 -0.00022766964
1011 0.0064787137 0.00025874855 -0.00023476862
1012 0.0064616456 0.00025751722 -0.0002417707
1013 0.006445321 0.0002562605 -0.00024867204
1014 0.0064298396 0.00025497848 -0.0002554681
1015 0.0064150388 0.00025367095 -0.00026216041
1016 0.0064010214 0.00025233783 -0.00026874637
1017 0.0063877821 0.00025097824 -0.00027522521
1018 0.0063752233 0.00024959265 -0.0002815912
1019 0.006363384 0.00024818081 -0.00028784548
1020 0.0063522697 0.00024674315 -0.00029398566
1021 0.0063418267 0.0002452816 -0.00030000601
1022 0.0063320517 0.00024379665 -0.000305903
1023 0.0063228576 0.00024228953 -0.00031167747
1024 0.0063143268 0.00024076112 -0.00031732245
1025 0.0063063282 0.0002392129 -0.00032283632
1026 0.0062989417 0.0002376457 -0.00032821392
1027 0.0062920764 0.00023605957 -0.00033345849
1028 0.0062857362 0.00023445555 -0.00033857173
1029 0.0062800015 0.00023283352 -0.00034355491
1030 0.0062747504 0.00023119414 -0.00034840713
1031 0.0062700541 0.00022953801 -0.00035313132
1032 0.0062658246 0.00022786525 -0.00035772849
1033 0.0062621588 0.00022617637 -0.00036220208
1034 0.0062589538 0.00022447211 -0.00036654646
1035 0.0062562641 0.00022275333 -0.00037075862
1036 0.0062539901 0.00022102094 -0.00037483788
1037 0.0062518328 0.00021927549 -0.00037878105
1038 0.0062498731 0.00021751836 -0.00038258604
1039 0.0062482883 0.00021574974 -0.00038624852
1040 0.0062470365 0.00021397036 -0.00038976818
1041 0.0062461593 0.00021218104 -0.00039314255
1042 0.0062456097 0.00021038127 -0.00039637541
1043 0.0062453445 0.00020857138 -0.00039946515
1044 0.0062454499 0.00020675195 -0.00040241535
1045 0.0062458413 0.00020492225 -0.00040521877
1046 0.0062465217 0.00020308373 -0.00040788874
1047 0.0062474787 0.00020123542 -0.00041041673
1048 0.0062487285 0.00019937868 -0.00041280613
1049 0.0062502198 0.00019751523 -0.00041505169
1050 0.0062519494 0.00019564561 -0.0004171645
1051 0.0062538782 0.00019377148 -0.00041914214
1052 0.0062560112 0.0001918928 -0.00042097734
1053 0.0062583429 0.00019001209 -0.0004226751
1054 0.0062608747 0.00018812987 -0.00042423353
1055 0.0062635271 0.00018624651 -0.00042565982
1056 0.0062663401 0.00018436232 -0.00042694767
1057 0.0062692708 0.0001824782 -0.00042809716
1058 0.0062723206 0.00018059451 -0.00042911736
1059 0.0062754548 0.00017871151 -0.00042999927
1060 0.0062787063 0.00017683029 -0.00043074216
1061 0.0062820412 0.00017495087 -0.00043135952
1062 0.0062854517 0.00017307383 -0.00043183335
1063 0.0062889184 0.00017119955 -0.00043218322
1064 0.0062924275 0.00016932894 -0.0004323989
1065 0.0062959337 0.0001674623 -0.00043248205
1066 0.0062994859 0.00016560003 -0.00043244525
1067 0.0063030097 0.00016374302 -0.00043227382
1068 0.0063065792 0.00016189164 -0.00043197433
1069 0.0063100784 0.00016004634 -0.00043155036
1070 0.006313592 0.0001582081 -0.00043100095
1071 0.0063170372 0.0001563769 -0.000430328
1072 0.0063204553 0.00015455387 -0.0004295342
1073 0.0063237681 0.00015273957 -0.00042861761
1074 0.0063270179 0.00015093425 -0.00042758287
1075 0.0063301733 0.00014913897 -0.00042643131
1076 0.0063332693 0.0001473541 -0.00042515853
1077 0.0063362495 0.00014557965 -0.00042377182
1078 0.0063391559 0.00014381662 -0.00042227743
1079 0.0063418928 0.00014206559 -0.00042066549
1080 0.0063445412 0.00014032658 -0.00041894667
1081 0.0063470308 0.00013860077 -0.00041711657
1082 0.0063493458 0.00013688803 -0.00041517792
1083 0.0063514945 0.00013518914 -0.00041313449
1084 0.0063534901 0.00013350427 -0.00041098714
1085 0.0063552812 0.00013183428 -0.00040874052
1086 0.0063568788 0.00013017893 -0.0004063873
1087 0.0063582917 0.00012853883 -0.00040393939
1088 0.0063594646 0.00012691491 -0.00040139231
1089 0.0063604111 0.00012530717 -0.00039874862
1090 0.0063611363 0.00012371586 -0.00039601008
1091 0.0063616383 0.0001221416 -0.00039317796
1092 0.0063618794 0.00012058502 -0.0003902595
1093 0.0063618694 0.00011904629 -0.0003872537
1094 0.0063616062 0.00011752605 -0.00038415824
1095 0.006361092 0.00011602465 -0.00038098514
1096 0.0063602836 0.00011454256 -0.00037772843
1097 0.0063592411 0.00011308013 -0.0003743903
1098 0.006357906 0.00011163733 -0.00037097939
1099 0.006356263 0.00011021501 -0.00036749091
1100 0.0063543839 0.00010881316 -0.00036393382
1101 0.006352148 0.00010743154 -0.00036030104
1102 0.00634964 0.00010607121 -0.00035660262
1103 0.0063467979 0.00010473209 -0.00035283185
1104 0.0063436867 0.00010341488 -0.00034899861
1105 0.006340235 0.00010211896 -0.00034510333
1106 0.006336442 0.00010084507 -0.00034114929
1107 0.0063323629 9.9593435e-05 -0.00033713484
1108 0.0063279144 9.8364277e-05 -0.00033306652
1109 0.0063231765 9.7157966e-05 -0.00032894454
1110 0.0063180717 9.597451e-05 -0.00032476952
1111 0.0063126521 9.4814544e-05 -0.00032054625
1112 0.006306869 9.3677367e-05 -0.0003162749
1113 0.0063007786 9.2563956e-05 -0.00031195962
1114 0.006294328 9.147456e-05 -0.00030760246
1115 0.006287539 9.0408528e-05 -0.00030320307
1116 0.0062803932 8.9366901e-05 -0.00029876667
1117 0.006273002 8.8349098e-05 -0.0002942958
1118 0.0062653499 8.7355754e-05 -0.00028978972
1119 0.0062573254 8.63868e-05 -0.00028525285
1120 0.0062489326 8.5442e-05 -0.00028068692
1121 0.0062402 8.4522079e-05 -0.00027609163
1122 0.006231108 8.3626653e-05 -0.00027147284
1123 0.0062216452 8.2755894e-05 -0.00026682907
1124 0.0062118545 8.1910126e-05 -0.00026216702
1125 0.0062016751 8.1089113e-05 -0.00025748235
1126 0.0061910978 8.0292891e-05 -0.00025278415
1127 0.0061802041 7.9521743e-05 -0.00024807053
1128 0.0061689575 7.8775764e-05 -0.00024334412
1129 0.0061573319 7.8054912e-05 -0.00023860867
1130 0.0061453814 7.7358895e-05 -0.00023386915
1131 0.0061330643 7.6687972e-05 -0.00022911993
1132 0.0061203953 7.6042352e-05 -0.00022436976
1133 0.0061073973 7.5421837e-05 -0.00021961727
1134 0.0060940096 7.4826285e-05 -0.00021486726
1135 0.0060802974 7.4255507e-05 -0.00021011907
1136 0.0060662461 7.3709847e-05 -0.00020537485
1137 0.0060518346 7.3188883e-05 -0.00020063947
1138 0.006037091 7.2692773e-05 -0.00019591078
1139 0.0060220233 7.2220996e-05 -0.00019119166
1140 0.006006556 7.1774176e-05 -0.00018648733
1141 0.0059907967 7.1351476e-05 -0.00018179641
1142 0.0059746881 7.0953241e-05 -0.00017711939
1143 0.0059582549 7.0579307e-05 -0.00017246269
1144 0.0059414705 7.0229489e-05 -0.00016782768
1145 0.0059243747 6.9903816e-05 -0.00016321247
1146 0.0059069617 6.9601853e-05 -0.00015862106
1147 0.0058892374 6.9323773e-05 -0.00015405613
1148 0.0058711718 6.9069213e-05 -0.00014951856
1149 0.0058527932 6.8837795e-05 -0.00014500948
1150 0.0058341094 6.8629417e-05 -0.00014052938
1151 0.0058151219 6.8444206e-05 -0.00013608394
1152 0.005795831 6.8281736e-05 -0.00013167314
1153 0.0057762685 6.8141855e-05 -0.00012729682
1154 0.0057563747 6.8024554e-05 -0.00012295588
1155 0.0057362156 6.7928892e-05 -0.00011865551
1156 0.0057157596 6.7855535e-05 -0.0001143958
1157 0.0056948968 6.7803619e-05 -0.00011017791
1158 0.0056736272 6.7773386e-05 -0.0001060031
1159 0.005652104 6.7764053e-05 -0.00010187476
1160 0.0056303192 6.7775926e-05 -9.7792681e-05
1161 0.0056082818 6.7808442e-05 -9.3757613e-05
1162 0.0055860262 6.7861229e-05 -8.9771154e-05
1163 0.0055635156 6.7934179e-05 -8.5835759e-05
1164 0.0055407818 6.8027231e-05 -8.1952336e-05
1165 0.0055178284 6.8139502e-05 -7.8121827e-05
1166 0.0054946299 6.8271386e-05 -7.4345368e-05
1167 0.0054712135 6.8422059e-05 -7.0624924e-05
1168 0.0054475762 6.8591407e-05 -6.696087e-05
1169 0.0054237609 6.8779435e-05 -6.3353323e-05
1170 0.0053997351 6.8984921e-05 -5.9805585e-05
1171 0.0053755185 6.9208611e-05 -5.6317845e-05
1172 0.0053511292 6.9449684e-05 -5.2890691e-05
1173 0.0053265591 6.9707658e-05 -4.952547e-05
1174 0.0053018132 6.9982597e-05 -4.6223389e-05
1175 0.0052768794 7.0273999e-05 -4.2985564e-05
1176 0.005251809 7.0581192e-05 -3.9812677e-05
1177 0.0052265958 7.0904103e-05 -3.6704328e-05
1178 0.0052011913 7.1242711e-05 -3.3662347e-05
1179 0.0051756824 7.1596209e-05 -3.0688403e-05
1180 0.0051500334 7.1964238e-05 -2.7782298e-05
1181 0.0051242363 7.2346486e-05 -2.494486e-05
1182 0.0050983241 7.2742837e-05 -2.2176701e-05
1183 0.005072308 7.3152659e-05 -1.9479799e-05
1184 0.0050461727 7.3575751e-05 -1.6851929e-05
1185 0.0050199358 7.4011308e-05 -1.4295427e-05
1186 0.0049935753 7.4459494e-05 -1.1812072e-05
1187 0.0049671385 7.4919626e-05 -9.4007035e-06
1188 0.0049406253 7.5391367e-05 -7.0629893e-06
1189 0.0049140306 7.5874341e-05 -4.799104e-06
1190 0.0048873251 7.6368391e-05 -2.6091326e-06
1191 0.0048605898 7.6872441e-05 -4.9188083e-07
1192 0.0048337897 7.7386872e-05 1.5500964e-06
1193 0.0048069382 7.7911181e-05 3.5159899e-06
1194 0.004780068 7.844437e-05 5.4075077e-06
1195 0.0047531438 7.8986481e-05 7.2238706e-06
1196 0.0047261726 7.9537166e-05 8.9645911e-06
1197 0.0046993825 8.0096211e-05 1.063e-05
1198 0.0046727889 8.0662477e-05 1.2219372e-05
1199 0.0046462079 8.1236356e-05 1.3732682e-05
1200 0.0046195838 8.1816995e-05 1.5170271e-05
1201 0.004592978 8.2404245e-05 1.6530482e-05
1202 0.0045663738 8.2997661e-05 1.7815169e-05
1203 0.00453978 8.3596506e-05 1.9024081e-05
1204 0.0045132159 8.4201132e-05 2.0157517e-05
1205 0.0044866677 8.4810293e-05 2.1214261e-05
1206 0.0044601524 8.5424413e-05 2.2195271e-05
1207 0.0044336714 8.6042153e-05 2.3103199e-05
1208 0.004407248 8.6664298e-05 2.3934433e-05
1209 0.0043809041 8.7289479e-05 2.4689954e-05
1210 0.0043545877 8.7917892e-05 2.5371425e-05
1211 0.0043283337 8.8548748e-05 2.5978776e-05
1212 0.0043021635 8.9181996e-05 2.6513293e-05
1213 0.0042760596 8.9817126e-05 2.6973487e-05
1214 0.0042500432 9.0454107e-05 2.7360553e-05
1215 0.0042241487 9.1091933e-05 2.7676395e-05
1216 0.0041983144 9.1730659e-05 2.7917843e-05
1217 0.0041725819 9.236975e-05 2.8089476e-05
1218 0.0041469776 9.300894e-05 2.8188295e-05
1219 0.0041214744 9.3647622e-05 2.8216343e-05
1220 0.0040960782 9.4285619e-05 2.817499e-05
1221 0.0040708359 9.4922249e-05 2.8063016e-05
1222 0.0040456751 9.5557703e-05 2.7881983e-05
1223 0.0040206779 9.6191076e-05 2.7631477e-05
1224 0.0039957955 9.6822387e-05 2.7313944e-05
1225 0.0039710834 9.7451103e-05 2.6929784e-05
1226 0.0039464912 9.8077017e-05 2.6478234e-05
1227 0.0039220803 9.8699634e-05 2.5962402e-05
1228 0.0038978195 9.9318926e-05 2.5381365e-05
1229 0.0038737524 9.9934446e-05 2.4736705e-05
1230 0.0038498402 0.00010054587 2.4029987e-05
1231 0.0038260813 0.00010115275 2.325973e-05
1232 0.0038025145 0.0001017551 2.2428782e-05
1233 0.0037791654 0.00010235176 2.1537646e-05
1234 0.0037559551 0.00010294323 2.0586168e-05
1235 0.0037329627 0.00010352882 1.9576226e-05
1236 0.0037101527 0.00010410851 1.8508087e-05
1237 0.0036873981 0.00010468129 1.7382351e-05
1238 0.003664857 0.00010524773 1.6200559e-05
1239 0.003642504 0.00010580676 1.4963324e-05
1240 0.0036203603 0.00010635837 1.3672039e-05
1241 0.0035984485 0.00010690269 1.232808e-05
1242 0.0035767577 0.000107439 1.0931424e-05
1243 0.0035552633 0.00010796699 9.4823555e-06
1244 0.0035339924 0.00010848674 7.9849221e-06
1245 0.0035129433 0.00010899727 6.4365706e-06
1246 0.0034921432 0.00010949915 4.8423081e-06
1247 0.0034715619 0.00010999153 3.1994666e-06
1248 0.0034512233 0.00011047452 1.510597e-06
1249 0.0034310993 0.00011094736 -2.239169e-07
1250 0.0034112495 0.00011141008 -2.0016459e-06
1251 0.003391606 0.0001118627 -3.8216134e-06
1252 0.0033722023 0.00011230467 -5.6840168e-06
1253 0.0033530634 0.000112736 -7.5853869e-06
1254 0.0033341598 0.00011315669 -9.5271665e-06
1255 0.0033155153 0.00011356635 -1.1505894e-05
1256 0.0032971335 0.00011396486 -1.3520003e-05
1257 0.0032790073 0.00011435178 -1.5570588e-05
1258 0.0032611403 0.00011472783 -1.7654627e-05
1259 0.0032434967 0.00011509161 -1.9770357e-05
1260 0.0032261654 0.00011544412 -2.1918893e-05
1261 0.0032090547 0.00011578435 -2.4096172e-05
1262 0.0031922209 0.00011611236 -2.6303641e-05
1263 0.0031756645 0.00011642797 -2.8538918e-05
1264 0.003159354 0.00011673155 -3.0798699e-05
1265 0.0031433159 0.00011702211 -3.3086216e-05
1266 0.0031275197 0.00011729997 -3.5397035e-05
1267 0.0031120223 0.00011756495 -3.772946e-05
1268 0.0030967908 0.00011781724 -4.0083615e-05
1269 0.0030818272 0.0001180562 -4.2459321e-05
1270 0.0030671245 0.00011828243 -4.4852603e-05
1271 0.0030526862 0.00011849506 -4.7263965e-05
1272 0.0030385368 0.00011869445 -4.9690617e-05
1273 0.0030246498 0.00011888031 -5.213298e-05
1274 0.0030110136 0.00011905263 -5.4590253e-05
1275 0.0029976588 0.0001192117 -5.7059749e-05
1276 0.0029844881 0.00011935694 -5.9539874e-05
1277 0.0029715008 0.00011948869 -6.2029788e-05
1278 0.0029587843 0.0001196067 -6.4528683e-05
1279 0.0029463313 0.00011971054 -6.703656e-05
1280 0.0029341465 0.00011980105 -6.9548166e-05
1281 0.0029222304 0.00011987705 -7.206707e-05
1282 0.0029105783 0.00011993931 -7.4589974e-05
1283 0.002899191 0.00011998755 -7.7115453e-05
1284 0.0028880642 0.00012002136 -7.9642006e-05
1285 0.0028772014 0.00012004109 -8.2169889e-05
1286 0.0028665981 0.00012004653 -8.4696343e-05
1287 0.0028562573 0.00012003821 -8.7221724e-05
1288 0.0028461741 0.00012001535 -8.9742346e-05
1289 0.0028363426 0.00011997864 -9.2259695e-05
1290 0.0028267733 0.00011992793 -9.4771003e-05
1291 0.0028174554 0.00011986321 -9.7276031e-05
1292 0.002808391 0.00011978467 -9.9773721e-05
1293 0.0027995769 0.00011969249 -0.00010226105
1294 0.0027910135 0.00011958621 -0.00010473843
1295 0.0027826944 0.00011946614 -0.0001072055
1296 0.0027746206 0.00011933242 -0.00010965978
1297 0.002766789 0.00011918464 -0.00011210208
1298 0.0027591988 0.00011902347 -0.0001145287
1299 0.002751845 0.00011884829 -0.00011694042
1300 0.0027447257 0.00011865971 -0.00011933595
1301 0.0027378391 0.0001184571 -0.00012171405
1302 0.0027311819 0.00011824165 -0.00012407347
1303 0.0027247514 0.00011801274 -0.00012641345
1304 0.0027185432 0.00011777036 -0.00012873448
1305 0.0027125633 0.00011751526 -0.00013103347
1306 0.002706799 0.00011724726 -0.00013330909
1307 0.0027012511 0.00011696617 -0.00013556186
1308 0.0026959171 0.00011667254 -0.00013779219
1309 0.0026907951 0.00011636606 -0.00013999579
1310 0.0026858764 0.00011604719 -0.00014217456
1311 0.0026811636 0.00011571583 -0.0001443257
1312 0.0026766523 0.00011537207 -0.00014645021
1313 0.0026723367 0.000115016 -0.00014854337
1314 0.0026682179 0.00011464804 -0.00015061102
1315 0.0026642872 0.00011426819 -0.00015264455
1316 0.0026604708 0.00011387657 -0.0001546501
1317 0.0026567657 0.00011347382 -0.0001566236
1318 0.0026532418 0.00011305949 -0.00015856411
1319 0.0026498969 0.00011263459 -0.00016047101
1320 0.0026467249 0.00011219859 -0.0001623443
1321 0.0026437262 0.00011175208 -0.00016418226
1322 0.0026408979 0.00011129514 -0.00016598645
1323 0.0026382307 0.00011082788 -0.00016775455
1324 0.0026357236 0.00011035072 -0.00016948626
1325 0.0026333743 0.00010986328 -0.00017117999
1326 0.0026311769 0.00010936609 -0.00017283532
1327 0.0026291316 0.00010885931 -0.00017445392
1328 0.002627229 0.00010834293 -0.0001760328
1329 0.0026254671 0.00010781736 -0.0001775721
1330 0.0026238423 0.00010728277 -0.00017907054
1331 0.0026223538 0.00010673942 -0.0001805303
1332 0.0026209897 0.00010618724 -0.00018194818
1333 0.0026197542 0.00010562668 -0.00018332623
1334 0.0026186417 0.00010505804 -0.00018465951
1335 0.0026176414 0.00010448133 -0.00018595266
1336 0.0026167609 0.00010389689 -0.00018720172
1337 0.0026159882 0.00010330467 -0.00018840839
1338 0.0026153229 0.00010270547 -0.00018957131
1339 0.002614759 0.00010209877 -0.00019069048
1340 0.0026142895 0.00010148556 -0.00019176609
1341 0.0026139183 0.00010086513 -0.00019279698
1342 0.0026136338 0.00010023866 -0.00019378325
1343 0.0026134345 9.9605509e-05 -0.00019472441
1344 0.0026133151 9.8966584e-05 -0.00019562135
1345 0.0026132774 9.8321489e-05 -0.00019647093
1346 0.0026133095 9.7670845e-05 -0.00019727509
1347 0.0026134107 9.7014544e-05 -0.00019803261
1348 0.0026135754 9.6352975e-05 -0.0001987447
1349 0.0026138041 9.5686448e-05 -0.00019941014
1350 0.0026140891 9.50154e-05 -0.00020002928
1351 0.0026144259 9.4339654e-05 -0.00020060224
1352 0.0026148112 9.36597e-05 -0.0002011285
1353 0.0026152498 9.2975631e-05 -0.00020160686
1354 0.0026157108 9.2288365e-05 -0.00020204225
1355 0.0026162327 9.1597389e-05 -0.00020242903
1356 0.0026168541 9.0903413e-05 -0.00020277003
1357 0.002617583 9.0206759e-05 -0.00020306588
1358 0.0026183443 8.950701e-05 -0.00020331487
1359 0.0026191187 8.8805005e-05 -0.00020351765
1360 0.002619899 8.8100869e-05 -0.00020367587
1361 0.0026206928 8.7394645e-05 -0.00020378559
1362 0.0026215226 8.6686486e-05 -0.00020385085
1363 0.0026223395 8.5976979e-05 -0.00020387097
1364 0.0026231713 8.5265899e-05 -0.00020384427
1365 0.0026240176 8.4553924e-05 -0.00020377293
1366 0.0026248261 8.3841043e-05 -0.0002036564
1367 0.0026256512 8.3127631e-05 -0.00020349599
1368 0.0026264681 8.2413529e-05 -0.00020328874
1369 0.0026272512 8.1699661e-05 -0.00020303886
1370 0.0026280551 8.0985801e-05 -0.00020274323
1371 0.0026288024 8.0272022e-05 -0.00020240483
1372 0.0026295425 7.9559207e-05 -0.00020202242
1373 0.0026302545 7.8846968e-05 -0.00020159676
1374 0.0026309411 7.8135834e-05 -0.00020112886
1375 0.0026315718 7.7425905e-05 -0.00020061813
1376 0.0026321788 7.6717664e-05 -0.00020006505
1377 0.0026327611 7.6010902e-05 -0.00019947024
1378 0.0026332905 7.5306166e-05 -0.00019883341
1379 0.0026337752 7.4603388e-05 -0.00019815628
1380 0.0026341885 7.390315e-05 -0.00019743832
1381 0.0026345781 7.3205106e-05 -0.00019667866
1382 0.0026348999 7.2509737e-05 -0.00019588109
1383 0.0026351525 7.1817321e-05 -0.00019504134
1384 0.0026353374 7.1127702e-05 -0.00019416364
1385 0.0026354791 7.0441567e-05 -0.00019324621
1386 0.0026355566 6.97589e-05 -0.00019229106
1387 0.0026355459 6.9080084e-05 -0.00019129866
1388 0.0026354695 6.8405157e-05 -0.000190269
1389 0.0026353077 6.7734306e-05 -0.00018920528
1390 0.0026350846 6.7067891e-05 -0.00018810335
1391 0.0026347766 6.6405962e-05 -0.00018696704
1392 0.0026343844 6.5748933e-05 -0.00018579722
1393 0.0026339332 6.5096697e-05 -0.00018459319
1394 0.0026333788 6.4449448e-05 -0.00018335369
1395 0.0026327195 6.3807534e-05 -0.00018208317
1396 0.0026320326 6.3170681e-05 -0.00018077839
1397 0.0026313227 6.2539618e-05 -0.00017944382
1398 0.0026304887 6.1914146e-05 -0.00017807611
1399 0.002629577 6.129453e-05 -0.0001766784
1400 0.0026285434 6.0680935e-05 -0.00017525066
1401 0.0026274346 6.0073449e-05 -0.00017379383
1402 0.002626203 5.947232e-05 -0.00017230772
1403 0.0026248794 5.8877442e-05 -0.00017079459
1404 0.0026234584 5.8289173e-05 -0.00016925365
1405 0.0026219189 5.7707805e-05 -0.00016768606
1406 0.0026202639 5.713341e-05 -0.0001660931
1407 0.0026184948 5.6565633e-05 -0.00016447531
1408 0.0026166331 5.6005237e-05 -0.00016283138
1409 0.0026146356 5.5451822e-05 -0.00016116492
1410 0.0026125477 5.4905798e-05 -0.00015947433
1411 0.0026103248 5.4367149e-05 -0.00015776213
1412 0.0026079931 5.3836159e-05 -0.00015602834
1413 0.0026055264 5.3312882e-05 -0.0001542725
1414 0.0026029536 5.2797435e-05 -0.00015249651
1415 0.0026002491 5.2289698e-05 -0.00015070189
1416 0.0025974403 5.1790131e-05 -0.00014888802
1417 0.0025944998 5.1298624e-05 -0.00014705758
1418 0.0025914558 5.0815378e-05 -0.00014520987
1419 0.0025882853 5.0340506e-05 -0.00014334587
1420 0.0025849898 4.9874003e-05 -0.00014146644
1421 0.0025815656 4.9415955e-05 -0.00013957114
1422 0.0025780194 4.8966513e-05 -0.00013766325
1423 0.0025743751 4.852552e-05 -0.00013574163
1424 0.0025705839 4.8093486e-05 -0.00013380791
1425 0.002566669 4.7670104e-05 -0.00013186173
1426 0.0025626376 4.7255584e-05 -0.00012990563
1427 0.0025584619 4.6849855e-05 -0.00012793767
1428 0.0025541651 4.6453075e-05 -0.00012596159
1429 0.0025497515 4.6065157e-05 -0.00012397637
1430 0.0025452237 4.5686285e-05 -0.00012198252
1431 0.002540554 4.53166e-05 -0.00011998198
1432 0.002535766 4.4956102e-05 -0.00011797417
1433 0.0025308447 4.4604677e-05 -0.00011596098
1434 0.0025258069 4.4262271e-05 -0.00011394202
1435 0.0025206346 4.3929277e-05 -0.00011192032
1436 0.0025152292 4.360539e-05 -0.00010989341
1437 0.0025095686 4.3290637e-05 -0.00010786469
1438 0.0025037759 4.2985245e-05 -0.00010583297
1439 0.0024978746 4.2689297e-05 -0.00010379986
1440 0.0024918596 4.2402529e-05 -0.00010176709
1441 0.0024857166 4.2124999e-05 -9.9733706e-05
1442 0.0024794414 4.1856688e-05 -9.770047e-05
1443 0.0024730392 4.1597587e-05 -9.5669256e-05
1444 0.0024665272 4.1347815e-05 -9.3640264e-05
1445 0.0024598894 4.1107335e-05 -9.1612889e-05
1446 0.0024531191 4.0876097e-05 -8.9589338e-05
1447 0.0024462451 4.0654068e-05 -8.7570406e-05
1448 0.0024392455 4.044115e-05 -8.5555491e-05
1449 0.0024321191 4.0237575e-05 -8.3546118e-05
1450 0.0024248876 4.0043028e-05 -8.1543367e-05
1451 0.0024175564 3.9857654e-05 -7.954763e-05
1452 0.0024100952 3.9681288e-05 -7.7558333e-05
1453 0.0024025134 3.9514004e-05 -7.5578497e-05
1454 0.0023948269 3.9355803e-05 -7.3607875e-05
1455 0.0023870398 3.9206417e-05 -7.1645294e-05
1456 0.0023791514 3.9066007e-05 -6.9694025e-05
1457 0.0023711596 3.8934562e-05 -6.7753275e-05
1458 0.0023630457 3.8811589e-05 -6.582373e-05
1459 0.0023548339 3.8697478e-05 -6.3905833e-05
1460 0.0023465245 3.8592192e-05 -6.2000465e-05
1461 0.0023381056 3.8495239e-05 -6.0108215e-05
1462 0.0023295968 3.8406855e-05 -5.8229725e-05
1463 0.0023209826 3.8326987e-05 -5.6365173e-05
1464 0.002312273 3.8255393e-05 -5.4515088e-05
1465 0.0023034633 3.8192215e-05 -5.2680278e-05
1466 0.0022945801 3.813726e-05 -5.0861295e-05
1467 0.0022855869 3.8090244e-05 -4.9058595e-05
1468 0.0022765268 3.8051576e-05 -4.727258e-05
1469 0.0022673719 3.8020635e-05 -4.550473e-05
1470 0.0022581182 3.7997768e-05 -4.375381e-05
1471 0.0022487997 3.7982544e-05 -4.2021641e-05
1472 0.0022393859 3.797517e-05 -4.0307874e-05
1473 0.0022298812 3.797516e-05 -3.8614157e-05
1474 0.0022203166 3.7982943e-05 -3.6939367e-05
1475 0.002210653 3.7997873e-05 -3.5285485e-05
1476 0.0022010371 3.8020365e-05 -3.3651343e-05
1477 0.0021914457 3.8049919e-05 -3.2038477e-05
1478 0.0021817767 3.8086398e-05 -3.0447307e-05
1479 0.0021720556 3.8130124e-05 -2.8878218e-05
1480 0.0021622547 3.8180491e-05 -2.73304e-05
1481 0.0021524003 3.8237902e-05 -2.5805935e-05
1482 0.0021424662 3.8301735e-05 -2.4304457e-05
1483 0.0021324766 3.8372169e-05 -2.2826052e-05
1484 0.0021224553 3.8449003e-05 -2.1371287e-05
1485 0.0021123543 3.8532208e-05 -1.9941301e-05
1486 0.0021022201 3.8621357e-05 -1.8534684e-05
1487 0.0020920076 3.8716654e-05 -1.7153262e-05
1488 0.0020817582 3.8817903e-05 -1.5796848e-05
1489 0.0020714746 3.8924909e-05 -1.4465112e-05
1490 0.002061122 3.90376e-05 -1.3159388e-05
1491 0.0020507352 3.9155631e-05 -1.1879064e-05
1492 0.0020403056 3.9279167e-05 -1.0625208e-05
1493 0.0020298386 3.9408003e-05 -9.3973193e-06
1494 0.0020193325 3.9541799e-05 -8.1961757e-06
1495 0.0020087903 3.9680629e-05 -7.0215579e-06
1496 0.0019982143 3.9824414e-05 -5.8745098e-06
1497 0.001987611 3.997269e-05 -4.7541076e-06
1498 0.0019769769 4.0125623e-05 -3.6612655e-06
1499 0.0019663153 4.0282921e-05 -2.59556e-06
1500 0.0019556306 4.0444517e-05 -1.5575661e-06
1501 0.0019449224 4.0610236e-05 -5.4819138e-07
1502 0.0019341965 4.0779844e-05 4.3445641e-07
1503 0.0019234521 4.0953432e-05 1.3882264e-06
1504 0.0019126927 4.1130516e-05 2.3140484e-06
1505 0.0019019205 4.1311368e-05 3.2115772e-06
1506 0.001891136 4.1495366e-05 4.0808076e-06
1507 0.0018803399 4.1682783e-05 4.9217778e-06
1508 0.0018695371 4.1873357e-05 5.7339054e-06
1509 0.0018587274 4.2066705e-05 6.5178374e-06
1510 0.0018479153 4.2262879e-05 7.2727769e-06
1511 0.0018370976 4.2461736e-05 7.999401e-06
1512 0.0018262875 4.2663185e-05 8.697497e-06
1513 0.0018154784 4.2866943e-05 9.3675975e-06
1514 0.0018046789 4.3072781e-05 1.0008273e-05
1515 0.0017938894 4.3280948e-05 1.0621424e-05
1516 0.0017830923 4.3491026e-05 1.1205997e-05
1517 0.0017722892 4.3702913e-05 1.176174e-05
1518 0.0017615046 4.3916398e-05 1.2290104e-05
1519 0.0017507375 4.4131441e-05 1.2790036e-05
1520 0.0017399899 4.4347766e-05 1.3261841e-05
1521 0.0017292642 4.456538e-05 1.3705635e-05
1522 0.0017185631 4.4784329e-05 1.412153e-05
1523 0.0017078848 4.5003944e-05 1.4509703e-05
1524 0.0016972353 4.5224411e-05 1.4870393e-05
1525 0.0016866146 4.5445448e-05 1.5202698e-05
1526 0.0016760267 4.5667141e-05 1.5508116e-05
1527 0.0016654711 4.5889317e-05 1.5786369e-05
1528 0.00165495 4.6111588e-05 1.6037243e-05
1529 0.0016444674 4.6334052e-05 1.6261417e-05
1530 0.0016340242 4.6556487e-05 1.6458746e-05
1531 0.0016236218 4.677879e-05 1.6628934e-05
1532 0.0016132589 4.7000959e-05 1.6773192e-05
1533 0.0016029418 4.7222417e-05 1.6890875e-05
1534 0.0015926715 4.7443487e-05 1.6982607e-05
1535 0.0015824459 4.7663937e-05 1.7048744e-05
1536 0.0015722708 4.7883412e-05 1.7088741e-05
1537 0.001562141 4.8101841e-05 1.71032e-05
1538 0.0015520677 4.8319395e-05 1.7092293e-05
1539 0.0015420454 4.8535524e-05 1.7056548e-05
1540 0.0015320794 4.8750468e-05 1.699636e-05
1541 0.0015221676 4.8963911e-05 1.6911255e-05
1542 0.0015123179 4.9175911e-05 1.6801885e-05
1543 0.0015025267 4.9386036e-05 1.666937e-05
1544 0.0014927997 4.9594624e-05 1.6512734e-05
1545 0.0014831319 4.9801062e-05 1.6333269e-05
1546 0.001473531 5.0005455e-05 1.6130527e-05
1547 0.0014639966 5.0207761e-05 1.5905065e-05
1548 0.0014545272 5.0407891e-05 1.5657261e-05
1549 0.0014451281 5.0605538e-05 1.5386848e-05
1550 0.0014357971 5.0800686e-05 1.509533e-05
1551 0.0014265369 5.0993219e-05 1.4781933e-05
1552 0.0014173477 5.1182974e-05 1.4447517e-05
1553 0.0014082337 5.136994e-05 1.4092456e-05
1554 0.0013991905 5.1554159e-05 1.3716493e-05
1555 0.0013902231 5.1735067e-05 1.3320672e-05
1556 0.0013813077 5.1912977e-05 1.2905392e-05
1557 0.0013724453 5.2087802e-05 1.2470437e-05
1558 0.0013636607 5.2259185e-05 1.2016674e-05
1559 0.0013549577 5.2427301e-05 1.1544862e-05
1560 0.0013463324 5.2591826e-05 1.1054047e-05
1561 0.0013377896 5.2752847e-05 1.0545623e-05
1562 0.0013293293 5.2910254e-05 1.0020143e-05
1563 0.0013209511 5.3063957e-05 9.4775759e-06
1564 0.001312658 5.3213917e-05 8.9184127e-06
1565 0.0013044495 5.3359991e-05 8.3431769e-06
1566 0.0012963275 5.3501945e-05 7.7524794e-06
1567 0.0012882905 5.3640129e-05 7.1460758e-06
1568 0.0012803395 5.3774118e-05 6.5248272e-06
1569 0.0012724778 5.3903857e-05 5.8889314e-06
1570 0.001264703 5.4029463e-05 5.2392257e-06
1571 0.0012570184 5.4150498e-05 4.5751808e-06
1572 0.0012494218 5.4267283e-05 3.8981694e-06
1573 0.0012419148 5.4379633e-05 3.2083574e-06
1574 0.0012344988 5.4487319e-05 2.5062501e-06
1575 0.0012271731 5.4590565e-05 1.7917746e-06
1576 0.0012199385 5.4689245e-05 1.0657725e-06
1577 0.0012127966 5.4783225e-05 3.2926494e-07
1578 0.0012057469 5.4872691e-05 -4.1823116e-07
1579 0.0011987918 5.4957383e-05 -1.1757335e-06
1580 0.0011919278 5.503729e-05 -1.9428578e-06
1581 0.0011851577 5.5112439e-05 -2.7194083e-06
1582 0.0011784833 5.5182888e-05 -3.5047531e-06
1583 0.0011719001 5.5248328e-05 -4.2987323e-06
1584 0.0011654118 5.5308952e-05 -5.1004244e-06
1585 0.0011590155 5.5364481e-05 -5.9096463e-06
1586 0.0011527146 5.5415077e-05 -6.7267025e-06
1587 0.0011465072 5.5460588e-05 -7.550175e-06
1588 0.001140393 5.5500962e-05 -8.3804073e-06
1589 0.0011343713 5.5536323e-05 -9.2162571e-06
1590 0.0011284443 5.5566548e-05 -1.005811e-05
1591 0.0011226114 5.5591684e-05 -1.0904713e-05
1592 0.0011168713 5.5611607e-05 -1.1756064e-05
1593 0.0011112239 5.5626324e-05 -1.261206e-05
1594 0.0011056714 5.5635872e-05 -1.3471538e-05
1595 0.0011002088 5.5640121e-05 -1.4334809e-05
1596 0.0010948446 5.5639264e-05 -1.5200771e-05
1597 0.0010895791 5.5633163e-05 -1.6069558e-05
1598 0.0010844084 5.5621804e-05 -1.6940806e-05
1599 0.0010793215 5.5605323e-05 -1.7813685e-05
1600 0.0010743319 5.5583472e-05 -1.8687892e-05
1601 0.0010694335 5.5556539e-05 -1.9563235e-05
1602 0.0010646224 5.5524299e-05 -2.0439301e-05
1603 0.001059903 5.5486653e-05 -2.131546e-05
1604 0.0010552717 5.5443922e-05 -2.2191585e-05
1605 0.0010507304 5.5395865e-05 -2.3067437e-05
1606 0.0010462771 5.534266e-05 -2.3942443e-05
1607 0.0010419119 5.5284105e-05 -2.4815589e-05
1608 0.0010376327 5.522025e-05 -2.5688074e-05
1609 0.0010334388 5.5151149e-05 -2.6557987e-05
1610 0.001029333 5.5076967e-05 -2.7425526e-05
1611 0.0010253109 5.4997981e-05 -2.8290339e-05
1612 0.0010213736 5.491369e-05 -2.9151913e-05
1613 0.0010175208 5.4824463e-05 -3.0010206e-05
1614 0.0010137498 5.4730411e-05 -3.0864038e-05
1615 0.0010100619 5.4631597e-05 -3.171375e-05
1616 0.0010064574 5.4527831e-05 -3.255915e-05
1617 0.001002932 5.4419125e-05 -3.3398743e-05
1618 0.00099948618 5.430573e-05 -3.4234057e-05
1619 0.00099612305 5.4187409e-05 -3.506308e-05
1620 0.00099283592 5.406456e-05 -3.5886161e-05
1621 0.00098962616 5.3936699e-05 -3.6703331e-05
1622 0.0009864933 5.3804292e-05 -3.7513872e-05
1623 0.00098343607 5.3667328e-05 -3.8317544e-05
1624 0.00098045379 5.3525636e-05 -3.9113636e-05
1625 0.0009775455 5.3379537e-05 -3.9902376e-05
1626 0.00097471093 5.3229077e-05 -4.0683807e-05
1627 0.00097194713 5.3074129e-05 -4.1456653e-05
1628 0.00096925635 5.291488e-05 -4.2220868e-05
1629 0.00096663573 5.2751379e-05 -4.2976865e-05
1630 0.00096408305 5.2583444e-05 -4.3724055e-05
1631 0.00096159914 5.2411505e-05 -4.4461529e-05
1632 0.00095918231 5.2235336e-05 -4.5189736e-05
1633 0.00095683042 5.2055097e-05 -4.5908178e-05
1634 0.00095454573 5.1870833e-05 -4.6616741e-05
1635 0.00095232395 5.168237e-05 -4.7314944e-05
1636 0.00095011981 5.1489997e-05 -4.8002759e-05
1637 0.00094797839 5.1294048e-05 -4.8680212e-05
1638 0.00094589726 5.1094e-05 -4.9346166e-05
1639 0.00094387666 5.0890298e-05 -5.00013e-05
1640 0.00094191514 5.0683092e-05 -5.0645326e-05
1641 0.00094000885 5.0472383e-05 -5.1277393e-05
1642 0.00093816041 5.0258148e-05 -5.1897786e-05
1643 0.00093636626 5.0040613e-05 -5.2506539e-05
1644 0.00093462861 4.9819899e-05 -5.3103138e-05
1645 0.00093294205 4.9595853e-05 -5.3686798e-05
1646 0.00093130783 4.9368431e-05 -5.4258536e-05
1647 0.0009297248 4.913821e-05 -5.4817697e-05
1648 0.0009281896 4.8904758e-05 -5.5363953e-05
1649 0.00092670463 4.8668302e-05 -5.5897111e-05
1650 0.00092526314 4.8428835e-05 -5.6417226e-05
1651 0.00092387026 4.8186641e-05 -5.6924008e-05
1652 0.00092252246 4.7941772e-05 -5.7417515e-05
1653 0.00092121493 4.7694188e-05 -5.7897715e-05
1654 0.00091995287 4.744387e-05 -5.8363753e-05
1655 0.00091873079 4.7191173e-05 -5.8816669e-05
1656 0.00091754613 4.6936046e-05 -5.9255744e-05
1657 0.00091640286 4.6678686e-05 -5.9680952e-05
1658 0.00091529553 4.6418897e-05 -6.0091533e-05
1659 0.00091422575 4.6157022e-05 -6.0488608e-05
1660 0.00091319136 4.5893181e-05 -6.087183e-05
1661 0.00091218896 4.562717e-05 -6.1240425e-05
1662 0.00091121972 4.5359391e-05 -6.1594984e-05
1663 0.00091028324 4.5089755e-05 -6.1935398e-05
1664 0.00090937642 4.4818496e-05 -6.2261335e-05
1665 0.00090849694 4.4545484e-05 -6.2572553e-05
1666 0.00090764578 4.4270766e-05 -6.2869586e-05
1667 0.00090682203 4.3994832e-05 -6.3152262e-05
1668 0.00090602378 4.3717332e-05 -6.3420362e-05
1669 0.00090524867 4.3438388e-05 -6.3673842e-05
1670 0.00090449658 4.3158306e-05 -6.39126e-05
1671 0.00090376603 4.2876922e-05 -6.4136917e-05
1672 0.00090305526 4.2594536e-05 -6.4346406e-05
1673 0.00090236556 4.231118e-05 -6.4541656e-05
1674 0.00090169274 4.2026903e-05 -6.4722619e-05
1675 0.00090107629 4.1741921e-05 -6.4888708e-05
1676 0.00090051697 4.1456342e-05 -6.504035e-05
1677 0.00089997121 4.1170332e-05 -6.5178079e-05
1678 0.00089944148 4.0883644e-05 -6.5301191e-05
1679 0.00089892215 4.0596657e-05 -6.5409994e-05
1680 0.00089841454 4.0309498e-05 -6.5504366e-05
1681 0.00089791927 4.0021944e-05 -6.5584842e-05
1682 0.00089743064 3.9734286e-05 -6.5651071e-05
1683 0.00089695082 3.9446544e-05 -6.570277e-05
1684 0.00089647938 3.9158678e-05 -6.5740651e-05
1685 0.0008960134 3.8870965e-05 -6.576469e-05
1686 0.00089555179 3.858348e-05 -6.5774157e-05
1687 0.0008950942 3.8296034e-05 -6.57701e-05
1688 0.00089464063 3.8009012e-05 -6.5752615e-05
1689 0.00089418943 3.7722219e-05 -6.5720959e-05
1690 0.00089373781 3.7436133e-05 -6.5676265e-05
1691 0.00089328617 3.7150503e-05 -6.5617775e-05
1692 0.00089283528 3.6865506e-05 -6.5545994e-05
1693 0.0008923799 3.6581167e-05 -6.5461019e-05
1694 0.00089192345 3.6297659e-05 -6.5362353e-05
1695 0.00089145995 3.6015031e-05 -6.5250723e-05
1696 0.00089099464 3.5733085e-05 -6.512648e-05
1697 0.00089052399 3.5452263e-05 -6.4989177e-05
1698 0.00089004301 3.5172366e-05 -6.4839043e-05
1699 0.00088955558 3.4893576e-05 -6.4676417e-05
1700 0.00088906034 3.4616093e-05 -6.4500889e-05
1701 0.00088855503 3.4339679e-05 -6.4313462e-05
1702 0.00088803997 3.4064683e-05 -6.4113759e-05
1703 0.0008875138 3.3791253e-05 -6.390199e-05
1704 0.0008869769 3.3519081e-05 -6.3678776e-05
1705 0.00088642788 3.3248764e-05 -6.3443834e-05
1706 0.00088586504 3.2979899e-05 -6.3197988e-05
1707 0.00088528836 3.271269e-05 -6.2940495e-05
1708 0.00088469792 3.2447398e-05 -6.2672081e-05
1709 0.00088409356 3.2183792e-05 -6.2392882e-05
1710 0.00088347213 3.192222e-05 -6.2102622e-05
1711 0.00088283432 3.1662401e-05 -6.180226e-05
1712 0.0008821799 3.1404557e-05 -6.1491355e-05
1713 0.00088150622 3.1148806e-05 -6.1170513e-05
1714 0.00088081612 3.0895027e-05 -6.083926e-05
1715 0.00088004461 3.0643463e-05 -6.0498788e-05
1716 0.00087919266 3.039414e-05 -6.0148798e-05
1717 0.00087832078 3.0147107e-05 -5.9789076e-05
1718 0.00087742714 2.990226e-05 -5.9420623e-05
1719 0.00087651425 2.9659795e-05 -5.9042974e-05
1720 0.00087557937 2.9419629e-05 -5.865684e-05
1721 0.00087462462 2.9182056e-05 -5.8262379e-05
1722 0.00087364668 2.8946909e-05 -5.7859653e-05
1723 0.00087264551 2.8714471e-05 -5.7448413e-05
1724 0.00087162408 2.8484504e-05 -5.70296e-05
1725 0.0008705768 2.825722e-05 -5.6603378e-05
1726 0.00086950575 2.8032545e-05 -5.6169708e-05
1727 0.00086841164 2.7810719e-05 -5.5728578e-05
1728 0.00086729244 2.7591457e-05 -5.5280912e-05
1729 0.00086614749 2.7375187e-05 -5.4826394e-05
1730 0.00086497853 2.7161729e-05 -5.4365403e-05
1731 0.00086378147 2.6951041e-05 -5.3897774e-05
1732 0.00086255987 2.674324e-05 -5.3424153e-05
1733 0.00086131078 2.6538485e-05 -5.2944841e-05
1734 0.00086003425 2.6336585e-05 -5.2459587e-05
1735 0.00085872958 2.6137631e-05 -5.1968686e-05
1736 0.00085739973 2.5941808e-05 -5.1472873e-05
1737 0.00085604234 2.5749041e-05 -5.0971947e-05
1738 0.00085465645 2.5559341e-05 -5.0466723e-05
1739 0.00085324378 2.5372782e-05 -4.9956903e-05
1740 0.00085180446 2.5189413e-05 -4.9442499e-05
1741 0.00085033705 2.5009162e-05 -4.8924637e-05
1742 0.00084884236 2.483215e-05 -4.8402879e-05
1743 0.00084731945 2.4658222e-05 -4.7877592e-05
1744 0.0008457659 2.4487676e-05 -4.734908e-05
1745 0.00084418706 2.4320291e-05 -4.6817465e-05
1746 0.00084257746 2.4156225e-05 -4.6282827e-05
1747 0.00084093878 2.3995286e-05 -4.5745293e-05
1748 0.00083927345 2.383777e-05 -4.5205489e-05
1749 0.00083757551 2.3683498e-05 -4.4663266e-05
1750 0.00083585145 2.3532461e-05 -4.4119062e-05
1751 0.00083409783 2.3384769e-05 -4.357318e-05
1752 0.00083231513 2.3240421e-05 -4.302576e-05
1753 0.00083050585 2.3099363e-05 -4.2477143e-05
1754 0.00082866604 2.296159e-05 -4.1926959e-05
1755 0.00082685496 2.2827245e-05 -4.1376143e-05
1756 0.00082507326 2.2696153e-05 -4.0824402e-05
1757 0.00082326276 2.2568434e-05 -4.0272621e-05
1758 0.00082142385 2.2443933e-05 -3.9720272e-05
1759 0.00081955445 2.2322874e-05 -3.9167921e-05
1760 0.00081765814 2.2205063e-05 -3.8615611e-05
1761 0.0008157323 2.2090562e-05 -3.8063855e-05
1762 0.00081377912 2.1979383e-05 -3.7512397e-05
1763 0.00081179897 2.1871462e-05 -3.6962028e-05
1764 0.00080978892 2.1766846e-05 -3.6412695e-05
1765 0.00080775349 2.1665494e-05 -3.5864156e-05
1766 0.00080569211 2.1567433e-05 -3.5317052e-05
1767 0.00080360368 2.1472617e-05 -3.4772017e-05
1768 0.00080148954 2.138105e-05 -3.4228338e-05
1769 0.00079934995 2.1292715e-05 -3.3687217e-05
1770 0.00079718468 2.1207612e-05 -3.3147956e-05
1771 0.00079499593 2.1125716e-05 -3.2611139e-05
1772 0.00079278058 2.104699e-05 -3.2077157e-05
1773 0.00079054242 2.097142e-05 -3.1546047e-05
1774 0.00078827874 2.0899003e-05 -3.1017932e-05
1775 0.00078599293 2.0829699e-05 -3.0492656e-05
1776 0.00078368164 2.076352e-05 -2.9970874e-05
1777 0.00078134813 2.0700423e-05 -2.9452366e-05
1778 0.00077899307 2.0640365e-05 -2.8937733e-05
1779 0.00077661352 2.0583351e-05 -2.8426795e-05
1780 0.00077421415 2.0529344e-05 -2.7920155e-05
1781 0.00077179144 2.047831e-05 -2.7417117e-05
1782 0.00076934908 2.0430243e-05 -2.6918863e-05
1783 0.00076688509 2.0385131e-05 -2.642474e-05
1784 0.00076440123 2.0342882e-05 -2.5935673e-05
1785 0.00076189726 2.0303531e-05 -2.5451132e-05
1786 0.00075937479 2.0267021e-05 -2.4971231e-05
1787 0.00075683465 2.0233312e-05 -2.4497048e-05
1788 0.00075427551 2.0202381e-05 -2.4027518e-05
1789 0.00075169709 2.01742e-05 -2.3563742e-05
1790 0.00074910335 2.0148743e-05 -2.3105341e-05
1791 0.00074648984 2.0125976e-05 -2.2652073e-05
1792 0.00074386304 2.0105837e-05 -2.2204906e-05
1793 0.00074121754 2.0088308e-05 -2.1763712e-05
1794 0.00073855678 2.0073323e-05 -2.1328457e-05
1795 0.00073584315 2.0060909e-05 -2.08992e-05
1796 0.00073308146 2.0050977e-05 -2.0476265e-05
1797 0.00073030452 2.004351e-05 -2.0059739e-05
1798 0.00072751213 2.0038455e-05 -1.964961e-05
1799 0.0007247083 2.003578e-05 -1.9245863e-05
1800 0.00072189116 2.0035435e-05 -1.8848984e-05
1801 0.00071906263 2.0037405e-05 -1.8458672e-05
1802 0.00071622263 2.0041637e-05 -1.8075433e-05
1803 0.00071337185 2.0048099e-05 -1.769894e-05
1804 0.00071051055 2.0056701e-05 -1.7329886e-05
1805 0.00070764016 2.0067456e-05 -1.6967562e-05
1806 0.00070476082 2.0080299e-05 -1.6612377e-05
1807 0.00070187315 2.0095169e-05 -1.6264566e-05
1808 0.00069897439 2.0112047e-05 -1.5923948e-05
1809 0.00069606996 2.0130866e-05 -1.5591037e-05
1810 0.00069315721 2.0151597e-05 -1.5265491e-05
1811 0.00069023921 2.0174185e-05 -1.4947362e-05
1812 0.00068731277 2.0198577e-05 -1.4636767e-05
1813 0.00068438237 2.0224734e-05 -1.4333605e-05
1814 0.00068144666 2.0252626e-05 -1.4038341e-05
1815 0.00067850746 2.028217e-05 -1.3750509e-05
1816 0.00067556605 2.0313363e-05 -1.3470833e-05
1817 0.00067261716 2.0346109e-05 -1.3198487e-05
1818 0.00066966869 2.03804e-05 -1.293423e-05
1819 0.00066671766 2.0416159e-05 -1.2677798e-05
1820 0.00066376356 2.0453344e-05 -1.2428852e-05
1821 0.00066080891 2.0491843e-05 -1.218807e-05
1822 0.00065785793 2.0531794e-05 -1.1955436e-05
1823 0.00065490174 2.0573007e-05 -1.1730382e-05
1824 0.00065194614 2.0615363e-05 -1.1513529e-05
1825 0.00064899488 2.0658888e-05 -1.1304525e-05
1826 0.00064604097 2.0703694e-05 -1.1103376e-05
1827 0.00064309231 2.0749424e-05 -1.0910209e-05
1828 0.00064014622 2.0796216e-05 -1.0725264e-05
1829 0.00063720396 2.0844057e-05 -1.0548096e-05
1830 0.00063426435 2.0892848e-05 -1.0378613e-05
1831 0.0006313313 2.0942479e-05 -1.0217537e-05
1832 0.00062840346 2.0992931e-05 -1.0063937e-05
1833 0.00062548098 2.1044109e-05 -9.9181956e-06
1834 0.00062256555 2.1096155e-05 -9.7807629e-06
1835 0.00061968469 2.1148807e-05 -9.6507498e-06
1836 0.00061683891 2.1202092e-05 -9.5288408e-06
1837 0.00061400035 2.1255996e-05 -9.4146574e-06
1838 0.00061117082 2.1310442e-05 -9.3082286e-06
1839 0.00060834903 2.1365417e-05 -9.2096697e-06
1840 0.00060553857 2.1420801e-05 -9.1187153e-06
1841 0.00060273351 2.1476638e-05 -9.0356624e-06
1842 0.00059993997 2.1532639e-05 -8.9598612e-06
1843 0.00059715763 2.1589111e-05 -8.8920051e-06
1844 0.00059438761 2.1645802e-05 -8.8315371e-06
1845 0.00059162657 2.1702589e-05 -8.7782973e-06
1846 0.00058887945 2.1759619e-05 -8.7328941e-06
1847 0.00058614568 2.1816797e-05 -8.6948837e-06
1848 0.00058342113 2.1873979e-05 -8.6639636e-06
1849 0.00058071358 2.1931187e-05 -8.6403467e-06
1850 0.00057801666 2.1988329e-05 -8.6240839e-06
1851 0.00057533505 2.2045416e-05 -8.6151414e-06
1852 0.00057266741 2.2102299e-05 -8.6131471e-06
1853 0.00057001392 2.2159185e-05 -8.6184465e-06
1854 0.00056737507 2.2215653e-05 -8.6304573e-06
1855 0.00056475329 2.2271995e-05 -8.6493555e-06
1856 0.00056214778 2.2327978e-05 -8.6752252e-06
1857 0.00055955818 2.2383752e-05 -8.707484e-06
1858 0.00055698517 2.2439063e-05 -8.746536e-06
1859 0.00055442909 2.249394e-05 -8.7920475e-06
1860 0.00055189349 2.2548388e-05 -8.8438996e-06
1861 0.00054937129 2.2602433e-05 -8.9018536e-06
1862 0.00054686922 2.2655844e-05 -8.9665229e-06
1863 0.00054438677 2.2708757e-05 -9.0369649e-06
1864 0.00054192278 2.27612e-05 -9.1135181e-06
1865 0.00053947795 2.2812801e-05 -9.1963068e-06
1866 0.00053705098 2.2863819e-05 -9.284703e-06
1867 0.00053464471 2.2914167e-05 -9.3789608e-06
1868 0.00053225938 2.2963719e-05 -9.4786365e-06
1869 0.00052989272 2.3012504e-05 -9.5837471e-06
1870 0.00052754831 2.3060544e-05 -9.6946881e-06
1871 0.00052522457 2.3107712e-05 -9.8105913e-06
1872 0.00052292021 2.3154042e-05 -9.9316144e-06
1873 0.00052063867 2.3199536e-05 -1.0057828e-05
1874 0.00051837741 2.3243964e-05 -1.0189221e-05
1875 0.00051610239 2.3287478e-05 -1.0325268e-05
1876 0.00051381162 2.3329972e-05 -1.0465896e-05
1877 0.00051154411 2.3371563e-05 -1.0611196e-05
1878 0.00050929948 2.3412059e-05 -1.076113e-05
1879 0.00050707646 2.345142e-05 -1.0915284e-05
1880 0.00050487585 2.348986e-05 -1.1073869e-05
1881 0.00050269943 2.3526927e-05 -1.1236266e-05
1882 0.00050054642 2.356297e-05 -1.1403063e-05
1883 0.00049841575 2.3597841e-05 -1.1573314e-05
1884 0.00049630748 2.3631566e-05 -1.1747626e-05
1885 0.00049422368 2.3663918e-05 -1.1925646e-05
1886 0.00049216465 2.3695019e-05 -1.2107184e-05
1887 0.00049012757 2.3724879e-05 -1.2292008e-05
1888 0.00048811419 2.3753413e-05 -1.2480192e-05
1889 0.00048612446 2.3780629e-05 -1.2671799e-05
1890 0.00048415895 2.3806564e-05 -1.2866035e-05
1891 0.00048221733 2.3831054e-05 -1.3063174e-05
1892 0.00048030082 2.3854146e-05 -1.3263431e-05
1893 0.00047840809 2.3875837e-05 -1.3466124e-05
1894 0.00047653801 2.3896192e-05 -1.3671209e-05
1895 0.00047469389 2.3915177e-05 -1.3878978e-05
1896 0.00047287282 2.3932679e-05 -1.4088847e-05
1897 0.0004710771 2.3948753e-05 -1.4300665e-05
1898 0.00046930541 2.3963217e-05 -1.451465e-05
1899 0.0004675577 2.397631e-05 -1.4730631e-05
1900 0.00046583512 2.3987828e-05 -1.4948608e-05
1901 0.00046413626 2.3997804e-05 -1.5167846e-05
1902 0.0004624611 2.4006136e-05 -1.5388789e-05
1903 0.0004608097 2.4013133e-05 -1.5611139e-05
1904 0.00045918332 2.4018367e-05 -1.5834693e-05
1905 0.00045758008 2.4022115e-05 -1.6059467e-05
1906 0.00045600171 2.4024314e-05 -1.628544e-05
1907 0.00045444677 2.4024889e-05 -1.6512184e-05
1908 0.000452914 2.4023907e-05 -1.6739592e-05
1909 0.00045140731 2.4021368e-05 -1.6967991e-05
1910 0.0004499238 2.4017163e-05 -1.7196729e-05
1911 0.00044846303 2.4011269e-05 -1.742586e-05
1912 0.00044702662 2.400388e-05 -1.7655336e-05
1913 0.00044561226 2.3994836e-05 -1.7885032e-05
1914 0.0004442212 2.3984159e-05 -1.8114499e-05
1915 0.00044285708 2.3971877e-05 -1.8344309e-05
1916 0.00044151921 2.395782e-05 -1.8574069e-05
1917 0.00044020383 2.394232e-05 -1.8802995e-05
1918 0.00043891081 2.3925076e-05 -1.9032066e-05
1919 0.00043764156 2.3906363e-05 -1.9259991e-05
1920 0.00043639313 2.3885958e-05 -1.9487824e-05
1921 0.00043516761 2.3863985e-05 -1.9714478e-05
1922 0.00043396351 2.3840317e-05 -1.9940556e-05
1923 0.00043278071 2.3815225e-05 -2.0165729e-05
1924 0.00043162162 2.3788574e-05 -2.0389536e-05
1925 0.00043048188 2.3760266e-05 -2.0612163e-05
1926 0.00042936283 2.3730392e-05 -2.0833814e-05
1927 0.00042826587 2.3699005e-05 -2.1053803e-05
1928 0.00042718896 2.3666089e-05 -2.1272294e-05
1929 0.00042613268 2.3631522e-05 -2.1489124e-05
1930 0.00042509745 2.3595468e-05 -2.1704094e-05
1931 0.00042408167 2.3557866e-05 -2.19174e-05
1932 0.00042308451 2.3518898e-05 -2.2128793e-05
1933 0.00042210791 2.3478297e-05 -2.2338139e-05
1934 0.00042115 2.3436176e-05 -2.2545629e-05
1935 0.00042021145 2.33926e-05 -2.2750567e-05
1936 0.00041929162 2.3347497e-05 -2.2953377e-05
1937 0.00041839023 2.3301041e-05 -2.3153629e-05
1938 0.00041750734 2.3253087e-05 -2.3351419e-05
1939 0.00041664172 2.320378e-05 -2.3546911e-05
1940 0.00041579359 2.3152984e-05 -2.3739441e-05
1941 0.00041496271 2.3100809e-05 -2.3929617e-05
1942 0.00041414919 2.3047299e-05 -2.411661e-05
1943 0.00041335319 2.29924e-05 -2.4300707e-05
1944 0.00041257224 2.2936166e-05 -2.4482237e-05
1945 0.00041180769 2.2878573e-05 -2.4660242e-05
1946 0.00041105945 2.2819591e-05 -2.4835099e-05
1947 0.00041032654 2.2759397e-05 -2.5006977e-05
1948 0.0004096088 2.2697831e-05 -2.5175563e-05
1949 0.00040890559 2.2635024e-05 -2.5340476e-05
1950 0.00040821604 2.2570833e-05 -2.5502132e-05
1951 0.00040754255 2.2505413e-05 -2.5660352e-05
1952 0.00040688176 2.2438743e-05 -2.5815087e-05
1953 0.00040623439 2.237093e-05 -2.5966024e-05
1954 0.00040560046 2.2301989e-05 -2.6113147e-05
1955 0.0004050195 2.2231805e-05 -2.6256561e-05
1956 0.00040449055 2.2160457e-05 -2.6396437e-05
1957 0.00040397413 2.208811e-05 -2.6532404e-05
1958 0.0004034698 2.2014713e-05 -2.666435e-05
1959 0.00040297728 2.1940288e-05 -2.6792507e-05
1960 0.00040249557 2.1864671e-05 -2.6916603e-05
1961 0.00040202586 2.1788169e-05 -2.7036868e-05
1962 0.00040156504 2.1710719e-05 -2.7152943e-05
1963 0.00040111626 2.1632203e-05 -2.726489e-05
1964 0.00040067692 2.155277e-05 -2.7372729e-05
1965 0.00040024598 2.147234e-05 -2.7476433e-05
1966 0.00039982624 2.1391115e-05 -2.7575918e-05
1967 0.00039941466 2.1308905e-05 -2.7671151e-05
1968 0.000399011 2.1225962e-05 -2.7762073e-05
1969 0.00039861742 2.1142036e-05 -2.7848646e-05
1970 0.00039823071 2.1057496e-05 -2.7931012e-05
1971 0.00039785155 2.0972181e-05 -2.8008909e-05
1972 0.00039748061 2.0886115e-05 -2.8082673e-05
1973 0.00039711545 2.0799255e-05 -2.8151947e-05
1974 0.00039675761 2.071173e-05 -2.8216647e-05
1975 0.00039640723 2.0623547e-05 -2.8277081e-05
1976 0.0003960619 2.0534801e-05 -2.8332994e-05
1977 0.00039572174 2.0445358e-05 -2.8384291e-05
1978 0.00039538697 2.0355209e-05 -2.8431179e-05
1979 0.00039505619 2.0264697e-05 -2.8473607e-05
1980 0.00039473177 2.0173474e-05 -2.8511429e-05
1981 0.00039441022 2.0081874e-05 -2.8544965e-05
1982 0.00039409385 1.9989761e-05 -2.857357e-05
1983 0.00039378137 1.9897125e-05 -2.8598126e-05
1984 0.00039347098 1.9804203e-05 -2.8618106e-05
1985 0.00039316546 1.9710869e-05 -2.8633411e-05
1986 0.00039286109 1.9617088e-05 -2.864443e-05
1987 0.00039256014 1.9523104e-05 -2.865095e-05
1988 0.00039226164 1.9428776e-05 -2.8652885e-05
1989 0.00039196404 1.9334223e-05 -2.8650316e-05
1990 0.00039166888 1.9239312e-05 -2.8643532e-05
1991 0.00039137529 1.9144257e-05 -2.8632003e-05
1992 0.00039108238 1.9048931e-05 -2.8616057e-05
1993 0.00039078881 1.8953439e-05 -2.8595892e-05
1994 0.00039049687 1.8857877e-05 -2.8571107e-05
1995 0.0003901725 1.8762143e-05 -2.8541875e-05
1996 0.00038981864 1.8666202e-05 -2.8508352e-05
1997 0.00038946358 1.8570281e-05 -2.8470368e-05
1998 0.00038910686 1.8474361e-05 -2.8427977e-05
1999 0.00038875 1.8378306e-05 -2.8381461e-05
2000 0.00038839001 1.828225e-05 -2.8330439e-05
2001 0.00038803008 1.8186262e-05 -2.8275127e-05
2002 0.00038766683 1.8090359e-05 -2.8215919e-05
2003 0.00038730159 1.7994497e-05 -2.8152259e-05
2004 0.00038693347 1.7898672e-05 -2.8084257e-05
2005 0.00038656369 1.7803109e-05 -2.8012365e-05
2006 0.00038619007 1.7707561e-05 -2.7936154e-05
2007 0.00038581272 1.7612254e-05 -2.7856216e-05
2008 0.00038543246 1.7517162e-05 -2.7772046e-05
2009 0.00038504941 1.7422266e-05 -2.7684014e-05
2010 0.00038466028 1.7327677e-05 -2.7591891e-05
2011 0.00038426854 1.7233265e-05 -2.7495654e-05
2012 0.00038387041 1.7139131e-05 -2.7395749e-05
2013 0.00038346676 1.7045258e-05 -2.7292043e-05
2014 0.00038306191 1.6951771e-05 -2.7184339e-05
2015 0.00038264896 1.6858616e-05 -2.7073025e-05
2016 0.00038222764 1.6765915e-05 -2.6958047e-05
2017 0.00038180583 1.6673546e-05 -2.6839611e-05
2018 0.00038137678 1.6581592e-05 -2.6717622e-05
2019 0.00038094177 1.6490149e-05 -2.659201e-05
2020 0.00038050005 1.6399126e-05 -2.6463283e-05
2021 0.00038005199 1.6308695e-05 -2.6331055e-05
2022 0.00037959941 1.621869e-05 -2.6195581e-05
2023 0.00037913836 1.6129278e-05 -2.6057009e-05
2024 0.00037867168 1.6040423e-05 -2.5915029e-05
2025 0.00037819784 1.5952125e-05 -2.5769967e-05
2026 0.00037771619 1.5864438e-05 -2.5621981e-05
2027 0.00037722744 1.5777365e-05 -2.5471026e-05
2028 0.00037673182 1.569091e-05 -2.5316975e-05
2029 0.00037622775 1.5605087e-05 -2.5159944e-05
2030 0.0003757159 1.5519947e-05 -2.5000302e-05
2031 0.00037519776 1.5435498e-05 -2.4837738e-05
2032 0.00037467035 1.5351736e-05 -2.4672752e-05
2033 0.00037413457 1.5268714e-05 -2.4505032e-05
2034 0.00037359135 1.5186425e-05 -2.4334585e-05
2035 0.00037304851 1.5104908e-05 -2.4161801e-05
2036 0.00037249753 1.5024145e-05 -2.3986755e-05
2037 0.00037193707 1.4944158e-05 -2.3809106e-05
2038 0.00037136883 1.4864982e-05 -2.3629251e-05
2039 0.00037079107 1.4786613e-05 -2.3447075e-05
2040 0.00037020448 1.4709068e-05 -2.3262887e-05
2041 0.00036960787 1.4632351e-05 -2.3076637e-05
2042 0.00036900231 1.4556476e-05 -2.2888039e-05
2043 0.0003683881 1.4481477e-05 -2.2697683e-05
2044 0.00036776442 1.440736e-05 -2.2505474e-05
2045 0.00036713186 1.4334125e-05 -2.2311401e-05
2046 0.00036648989 1.4261796e-05 -2.2115482e-05
2047 0.00036583745 1.4190384e-05 -2.1917969e-05
2048 0.00036517665 1.4119928e-05 -2.1719035e-05
2049 0.00036450649 1.4050397e-05 -2.1518514e-05
2050 0.00036382708 1.398184e-05 -2.1316559e-05
2051 0.00036313756 1.3914227e-05 -2.1113241e-05
2052 0.00036243913 1.3847587e-05 -2.0908666e-05
2053 0.0003617302 1.3781912e-05 -2.0702673e-05
2054 0.00036101175 1.371722e-05 -2.0495706e-05
2055 0.00036028282 1.3653504e-05 -2.0287454e-05
2056 0.00035954531 1.3590795e-05 -2.0078218e-05
2057 0.00035879707 1.3529087e-05 -1.9867994e-05
2058 0.00035804005 1.3468381e-05 -1.9656973e-05
2059 0.00035727225 1.3408689e-05 -1.9445126e-05
2060 0.00035649576 1.3350014e-05 -1.9232466e-05
2061 0.00035570873 1.3292365e-05 -1.9019107e-05
2062 0.00035491307 1.3235743e-05 -1.880521e-05
2063 0.000354107 1.3180161e-05 -1.8590992e-05
2064 0.00035329144 1.3125609e-05 -1.8375979e-05
2065 0.00035246723 1.3072102e-05 -1.8160813e-05
2066 0.00035163303 1.3019632e-05 -1.7945272e-05
2067 0.00035078908 1.2968216e-05 -1.7729431e-05
2068 0.0003499369 1.2917843e-05 -1.7513621e-05
2069 0.00034907432 1.2868515e-05 -1.7297577e-05
2070 0.00034820369 1.2820242e-05 -1.7081645e-05
2071 0.00034732383 1.277302e-05 -1.6865572e-05
2072 0.0003464333 1.2726841e-05 -1.6649676e-05
2073 0.00034553475 1.2681708e-05 -1.6434042e-05
2074 0.00034463539 1.2637625e-05 -1.6218596e-05
2075 0.00034373654 1.2594606e-05 -1.6003307e-05
2076 0.00034282678 1.255262e-05 -1.578843e-05
2077 0.00034190934 1.251168e-05 -1.5574107e-05
2078 0.00034098258 1.2471786e-05 -1.5360239e-05
2079 0.00034004762 1.2432944e-05 -1.514681e-05
2080 0.0003391045 1.239513e-05 -1.4934283e-05
2081 0.00033815338 1.2358368e-05 -1.4722228e-05
2082 0.00033719381 1.2322641e-05 -1.4511005e-05
2083 0.00033622635 1.228794e-05 -1.4300783e-05
2084 0.0003352506 1.2254288e-05 -1.4091186e-05
2085 0.00033426864 1.2221642e-05 -1.3882818e-05
2086 0.00033327748 1.219003e-05 -1.3675362e-05
2087 0.00033227902 1.2159429e-05 -1.346893e-05
2088 0.00033127444 1.2129839e-05 -1.3263646e-05
2089 0.0003302617 1.2101254e-05 -1.3059646e-05
2090 0.00032924159 1.2073667e-05 -1.2856742e-05
2091 0.00032821421 1.2047085e-05 -1.2655172e-05
2092 0.00032717922 1.2021474e-05 -1.2455002e-05
2093 0.00032613828 1.199685e-05 -1.225611e-05
2094 0.00032509089 1.1973181e-05 -1.2058721e-05
2095 0.00032403577 1.1950497e-05 -1.1862944e-05
2096 0.00032297559 1.1928756e-05 -1.1668563e-05
2097 0.00032190877 1.1907966e-05 -1.1475876e-05
2098 0.00032083533 1.1888124e-05 -1.1284813e-05
2099 0.00031975637 1.1869192e-05 -1.1095581e-05
2100 0.00031867068 1.1851191e-05 -1.0907917e-05
2101 0.00031757951 1.1834105e-05 -1.0722122e-05
2102 0.00031648228 1.1817928e-05 -1.0538163e-05
2103 0.00031537982 1.180263e-05 -1.0356099e-05
2104 0.00031427116 1.1788218e-05 -1.0175925e-05
2105 0.00031315761 1.177469e-05 -9.9978349e-06
2106 0.00031203832 1.1762005e-05 -9.8215194e-06
2107 0.00031091506 1.1750191e-05 -9.6474083e-06
2108 0.00030978558 1.1739212e-05 -9.4754766e-06
2109 0.00030865326 1.1729052e-05 -9.3053937e-06
2110 0.00030751559 1.1719719e-05 -9.1377363e-06
2111 0.00030637477 1.17112e-05 -8.9720929e-06
2112 0.00030522952 1.1703467e-05 -8.8088041e-06
2113 0.00030408091 1.1696521e-05 -8.6476552e-06
2114 0.00030290621 1.1690346e-05 -8.4888678e-06
2115 0.00030170719 1.168492e-05 -8.3323688e-06
2116 0.00030050461 1.1680233e-05 -8.1782903e-06
2117 0.00029929945 1.1676298e-05 -8.0264739e-06
2118 0.00029809082 1.167306e-05 -7.8771642e-06
2119 0.0002968804 1.1670542e-05 -7.7301331e-06
2120 0.00029566588 1.1668715e-05 -7.5856996e-06
2121 0.0002944509 1.166757e-05 -7.4436848e-06
2122 0.00029323277 1.1667079e-05 -7.3041741e-06
2123 0.00029201271 1.1667243e-05 -7.1671097e-06
2124 0.00029079235 1.1668052e-05 -7.0327065e-06
2125 0.00028956895 1.166947e-05 -6.9007057e-06
2126 0.00028834514 1.1671508e-05 -6.7713586e-06
2127 0.00028712007 1.1674129e-05 -6.6446315e-06
2128 0.00028589446 1.1677341e-05 -6.5203976e-06
2129 0.00028466819 1.1681106e-05 -6.3988848e-06
2130 0.0002834402 1.1685419e-05 -6.2799281e-06
2131 0.00028221251 1.1690281e-05 -6.1636764e-06
2132 0.000280984 1.1695654e-05 -6.0501229e-06
2133 0.00027975575 1.1701529e-05 -5.9391672e-06
2134 0.00027852712 1.1707909e-05 -5.8310133e-06
2135 0.00027729953 1.1714756e-05 -5.7254844e-06
2136 0.00027607256 1.1722052e-05 -5.6227042e-06
2137 0.00027484533 1.1729799e-05 -5.5225114e-06
2138 0.00027361942 1.1737982e-05 -5.4251688e-06
2139 0.00027239531 1.1746567e-05 -5.3304153e-06
2140 0.00027117247 1.1755557e-05 -5.238453e-06
2141 0.00026995088 1.1764938e-05 -5.1491807e-06
2142 0.00026873128 1.1774693e-05 -5.0627501e-06
2143 0.00026751275 1.1784775e-05 -4.9789036e-06
2144 0.00026629729 1.1795219e-05 -4.8978084e-06
2145 0.00026508349 1.1805968e-05 -4.819449e-06
2146 0.00026387147 1.1817016e-05 -4.7438783e-06
2147 0.00026266203 1.1828375e-05 -4.6709849e-06
2148 0.00026145504 1.183999e-05 -4.600818e-06
2149 0.00026025148 1.1851859e-05 -4.5333631e-06
2150 0.00025905017 1.1863982e-05 -4.4687856e-06
2151 0.00025785223 1.1876328e-05 -4.4065918e-06
2152 0.00025665686 1.1888878e-05 -4.3473768e-06
2153 0.00025546579 1.1901618e-05 -4.2906276e-06
2154 0.00025428897 1.1914531e-05 -4.2367638e-06
2155 0.00025312814 1.1927621e-05 -4.1854924e-06
2156 0.00025197007 1.1940844e-05 -4.1369335e-06
2157 0.00025081618 1.1954218e-05 -4.0908868e-06
2158 0.00024966673 1.19677e-05 -4.0474775e-06
2159 0.00024852054 1.1981294e-05 -4.0068155e-06
2160 0.00024737932 1.1994973e-05 -3.9687042e-06
2161 0.00024624226 1.2008725e-05 -3.9331141e-06
2162 0.00024511002 1.2022541e-05 -3.9000612e-06
2163 0.00024398271 1.2036399e-05 -3.8695337e-06
2164 0.00024286001 1.2050288e-05 -3.8415954e-06
2165 0.00024174178 1.2064184e-05 -3.8161595e-06
2166 0.0002406291 1.2078076e-05 -3.7931889e-06
2167 0.00023952186 1.2091967e-05 -3.7727472e-06
2168 0.0002384195 1.2105825e-05 -3.7546706e-06
2169 0.00023732256 1.2119635e-05 -3.7389642e-06
2170 0.00023623172 1.2133406e-05 -3.7257477e-06
2171 0.00023514572 1.2147094e-05 -3.7147866e-06
2172 0.00023406641 1.216072e-05 -3.7061567e-06
2173 0.00023299309 1.2174264e-05 -3.6998163e-06
2174 0.00023192611 1.218769e-05 -3.6957302e-06
2175 0.00023086594 1.2201022e-05 -3.6938177e-06
2176 0.00022981189 1.2214216e-05 -3.6941419e-06
2177 0.00022876422 1.222729e-05 -3.6966028e-06
2178 0.00022772277 1.2240201e-05 -3.7012632e-06
2179 0.00022668847 1.225295e-05 -3.7079667e-06
2180 0.0002256612 1.2265517e-05 -3.7168737e-06
2181 0.00022463985 1.22779e-05 -3.7277613e-06
2182 0.00022362644 1.229008e-05 -3.7406222e-06
2183 0.00022261953 1.2302062e-05 -3.7555147e-06
2184 0.0002216204 1.2313799e-05 -3.772438e-06
2185 0.00022062759 1.2325324e-05 -3.7913422e-06
2186 0.00021964244 1.2336609e-05 -3.8118958e-06
2187 0.00021866556 1.234763e-05 -3.8343376e-06
2188 0.00021769502 1.2358407e-05 -3.8587662e-06
2189 0.00021673272 1.2368892e-05 -3.8848648e-06
2190 0.00021577846 1.2379102e-05 -3.9127109e-06
2191 0.00021483124 1.2389017e-05 -3.9423722e-06
2192 0.000213892 1.2398636e-05 -3.9736525e-06
2193 0.00021296062 1.2407919e-05 -4.0066845e-06
2194 0.00021203437 1.2416883e-05 -4.0411511e-06
2195 0.00021111507 1.2425521e-05 -4.0774153e-06
2196 0.00021020444 1.2433809e-05 -4.1150506e-06
2197 0.00020930144 1.2441744e-05 -4.1543463e-06
2198 0.00020840592 1.2449304e-05 -4.195034e-06
2199 0.00020751865 1.245652e-05 -4.2370461e-06
2200 0.00020663989 1.2463342e-05 -4.2806449e-06
2201 0.00020576925 1.24698e-05 -4.3255027e-06
2202 0.00020490702 1.2475865e-05 -4.3716571e-06
2203 0.00020405273 1.2481537e-05 -4.4191689e-06
2204 0.00020320766 1.2486806e-05 -4.4678418e-06
2205 0.00020237054 1.2491659e-05 -4.5176914e-06
2206 0.00020154141 1.2496117e-05 -4.5687619e-06
2207 0.00020072104 1.250013e-05 -4.6209503e-06
2208 0.00019990852 1.2503715e-05 -4.6742093e-06
2209 0.0001991049 1.2506861e-05 -4.7285882e-06
2210 0.00019831 1.2509557e-05 -4.7838334e-06
2211 0.00019752266 1.2511807e-05 -4.8401742e-06
2212 0.00019674406 1.2513615e-05 -4.8974846e-06
2213 0.00019597396 1.2514958e-05 -4.9555771e-06
2214 0.00019521238 1.2515846e-05 -5.0145656e-06
2215 0.00019445835 1.2516254e-05 -5.0742777e-06
2216 0.00019371366 1.2516208e-05 -5.1348703e-06
2217 0.00019297754 1.2515677e-05 -5.1961095e-06
2218 0.0001922495 1.2514672e-05 -5.2580159e-06
2219 0.0001915292 1.2513202e-05 -5.3207243e-06
2220 0.00019081781 1.2511248e-05 -5.3838728e-06
2221 0.00019011495 1.250881e-05 -5.4475754e-06
2222 0.00018942008 1.2505888e-05 -5.5119227e-06
2223 0.00018873443 1.2502497e-05 -5.5766863e-06
2224 0.0001880562 1.2498603e-05 -5.641994e-06
2225 0.00018738681 1.2494215e-05 -5.707519e-06
2226 0.00018672473 1.248933e-05 -5.7735292e-06
2227 0.00018607165 1.2483935e-05 -5.8398553e-06
2228 0.00018542671 1.2478053e-05 -5.9065166e-06
2229 0.00018478882 1.247166e-05 -5.9734157e-06
2230 0.00018416002 1.2464772e-05 -6.0405901e-06
2231 0.00018353894 1.2457364e-05 -6.1078056e-06
2232 0.00018292624 1.2449471e-05 -6.1753207e-06
2233 0.00018232049 1.244105e-05 -6.2428301e-06
2234 0.00018173396 1.2432157e-05 -6.3104571e-06
2235 0.00018116486 1.2422749e-05 -6.3780837e-06
2236 0.00018060451 1.2412863e-05 -6.4456428e-06
2237 0.00018005141 1.2402471e-05 -6.5132651e-06
2238 0.00017950611 1.2391608e-05 -6.5807394e-06
2239 0.00017896777 1.2380255e-05 -6.6481505e-06
2240 0.00017843843 1.2368404e-05 -6.7153806e-06
2241 0.00017791514 1.2356056e-05 -6.7824151e-06
2242 0.00017739989 1.2343232e-05 -6.8492851e-06
2243 0.00017689241 1.232992e-05 -6.9158012e-06
2244 0.00017639204 1.2316112e-05 -6.9820917e-06
2245 0.00017589875 1.2301816e-05 -7.0480255e-06
2246 0.00017541242 1.2287041e-05 -7.1136995e-06
2247 0.00017493318 1.227179e-05 -7.1789382e-06
2248 0.0001744611 1.2256051e-05 -7.2438752e-06
2249 0.00017399603 1.2239856e-05 -7.3082317e-06
2250 0.00017353807 1.2223175e-05 -7.3721727e-06
2251 0.00017308726 1.2206036e-05 -7.435548e-06
2252 0.00017264268 1.2188408e-05 -7.4984637e-06
2253 0.00017220431 1.2170333e-05 -7.560786e-06
2254 0.0001717732 1.2151801e-05 -7.6225512e-06
2255 0.00017134737 1.2132793e-05 -7.6836612e-06
2256 0.00017092896 1.2113331e-05 -7.7440958e-06
2257 0.00017051678 1.2093415e-05 -7.8039652e-06
2258 0.000170111 1.2073027e-05 -7.8630999e-06
2259 0.00016971073 1.2052203e-05 -7.9215346e-06
2260 0.00016931693 1.2030932e-05 -7.9791826e-06
2261 0.00016892969 1.2009227e-05 -8.0360414e-06
2262 0.00016854798 1.1987096e-05 -8.0921813e-06
2263 0.00016817099 1.1964562e-05 -8.1474861e-06
2264 0.00016780074 1.194161e-05 -8.2019047e-06
2265 0.00016743606 1.1918261e-05 -8.2554547e-06
2266 0.0001670773 1.1894499e-05 -8.3082324e-06
2267 0.00016672327 1.1870362e-05 -8.3599991e-06
2268 0.00016637437 1.1845841e-05 -8.4108885e-06
2269 0.00016603128 1.1820935e-05 -8.4607478e-06
2270 0.0001656933 1.1795663e-05 -8.5097779e-06
2271 0.0001653603 1.1770018e-05 -8.557818e-06
2272 0.00016503265 1.1744004e-05 -8.6047799e-06
2273 0.00016470997 1.171764e-05 -8.6508067e-06
2274 0.00016436988 1.1690916e-05 -8.6957242e-06
2275 0.00016401205 1.1663856e-05 -8.7396011e-06
2276 0.00016365978 1.1636468e-05 -8.7824603e-06
2277 0.00016331116 1.1608753e-05 -8.8242475e-06
2278 0.00016296731 1.1580724e-05 -8.8649051e-06
2279 0.00016262798 1.1552392e-05 -8.9044497e-06
2280 0.00016229341 1.1523762e-05 -8.9429742e-06
2281 0.00016196275 1.1494819e-05 -8.9801543e-06
2282 0.00016163605 1.1465605e-05 -9.0163009e-06
2283 0.00016131253 1.14361e-05 -9.0513377e-06
2284 0.00016099404 1.1406309e-05 -9.0851091e-06
2285 0.00016067869 1.1376253e-05 -9.1176938e-06
2286 0.00016036748 1.1345938e-05 -9.1491431e-06
2287 0.00016005974 1.1315375e-05 -9.1793652e-06
2288 0.00015975529 1.1284548e-05 -9.2083121e-06
2289 0.00015945431 1.1253506e-05 -9.235999e-06
2290 0.00015915697 1.1222235e-05 -9.262511e-06
2291 0.00015886222 1.1190749e-05 -9.2877756e-06
2292 0.00015857126 1.1159049e-05 -9.3118837e-06
2293 0.00015828286 1.1127168e-05 -9.3345652e-06
2294 0.00015799751 1.1095096e-05 -9.3562181e-06
2295 0.00015771508 1.1062845e-05 -9.3763762e-06
2296 0.00015743479 1.1030419e-05 -9.3953471e-06
2297 0.00015715757 1.0997835e-05 -9.4130851e-06
2298 0.00015688257 1.0965089e-05 -9.4295302e-06
2299 0.00015661073 1.0932191e-05 -9.4446605e-06
2300 0.00015634042 1.0899153e-05 -9.4583807e-06
2301 0.00015607245 1.0865964e-05 -9.4710366e-06
2302 0.00015580689 1.0832657e-05 -9.4821567e-06
2303 0.0001555423 1.0799219e-05 -9.4922312e-06
2304 0.00015528098 1.0765679e-05 -9.5008765e-06
2305 0.00015502062 1.0732035e-05 -9.508246e-06
2306 0.00015476221 1.069829e-05 -9.5142873e-06
2307 0.00015450559 1.0664464e-05 -9.519e-06
2308 0.00015425016 1.0630549e-05 -9.5225084e-06
2309 0.00015399578 1.0596561e-05 -9.5246781e-06
2310 0.00015374352 1.0562519e-05 -9.5256669e-06
2311 0.00015349243 1.0528418e-05 -9.525342e-06
2312 0.00015324192 1.0494266e-05 -9.5236698e-06
2313 0.0001529926 1.0460072e-05 -9.5208207e-06
2314 0.00015276805 1.0425865e-05 -9.5167197e-06
2315 0.00015256688 1.0391608e-05 -9.5113101e-06
2316 0.00015236639 1.0357351e-05 -9.5047159e-06
2317 0.00015216678 1.0323086e-05 -9.4968418e-06
2318 0.00015196775 1.0288814e-05 -9.4876986e-06
2319 0.00015176851 1.0254546e-05 -9.4773854e-06
2320 0.00015157035 1.022029e-05 -9.4658854e-06
2321 0.00015137208 1.0186051e-05 -9.4530976e-06
2322 0.00015117386 1.0151854e-05 -9.4392275e-06
2323 0.00015097681 1.011768e-05 -9.4240042e-06
2324 0.000150779 1.0083569e-05 -9.4077343e-06
2325 0.0001505815 1.0049495e-05 -9.3902858e-06
2326 0.00015038356 1.0015507e-05 -9.3716944e-06
2327 0.00015018584 9.981583e-06 -9.3519042e-06
2328 0.0001499879 9.947753e-06 -9.3310722e-06
2329 0.00014979022 9.9140007e-06 -9.3091408e-06
2330 0.00014959167 9.8803635e-06 -9.286112e-06
2331 0.00014939262 9.846826e-06 -9.2620052e-06
2332 0.00014919348 9.8133859e-06 -9.2368097e-06
2333 0.00014899413 9.7800743e-06 -9.21057e-06
2334 0.00014879409 9.7468728e-06 -9.183298e-06
2335 0.00014859287 9.7138149e-06 -9.1549498e-06
2336 0.00014839089 9.6808761e-06 -9.1256548e-06
2337 0.00014818902 9.6480944e-06 -9.0953155e-06
2338 0.00014798564 9.6154493e-06 -9.0639794e-06
2339 0.00014778148 9.5829633e-06 -9.0316706e-06
2340 0.0001475766 9.5506474e-06 -8.9984663e-06
2341 0.00014737034 9.5184991e-06 -8.964262e-06
2342 0.00014716365 9.4865217e-06 -8.9291222e-06
2343 0.00014695547 9.4547362e-06 -8.8930886e-06
2344 0.00014674605 9.4231264e-06 -8.8561887e-06
2345 0.00014653546 9.3917284e-06 -8.8184025e-06
2346 0.00014632455 9.3605113e-06 -8.7797502e-06
2347 0.00014611141 9.3295062e-06 -8.7401882e-06
2348 0.0001458973 9.2986967e-06 -8.6998531e-06
2349 0.00014568141 9.2681161e-06 -8.6586454e-06
2350 0.00014546425 9.2377467e-06 -8.6167047e-06
2351 0.00014524631 9.2076012e-06 -8.5739434e-06
2352 0.00014502628 9.1776861e-06 -8.5304618e-06
2353 0.00014480477 9.1480126e-06 -8.4861353e-06
2354 0.0001445708 9.1185674e-06 -8.4412768e-06
2355 0.00014432556 9.0893807e-06 -8.3954963e-06
2356 0.00014407783 9.0604461e-06 -8.3491055e-06
2357 0.00014382939 9.0317638e-06 -8.3021846e-06
2358 0.0001435785 9.0033523e-06 -8.2545643e-06
2359 0.00014332671 8.9752012e-06 -8.2062543e-06
2360 0.00014307289 8.9473141e-06 -8.157336e-06
2361 0.00014281733 8.9196977e-06 -8.107861e-06
2362 0.00014255951 8.8923497e-06 -8.0577911e-06
2363 0.00014230037 8.8652878e-06 -8.0072708e-06
2364 0.00014203877 8.8384996e-06 -7.9561043e-06
2365 0.00014177603 8.8119982e-06 -7.9045253e-06
2366 0.00014151179 8.7857847e-06 -7.8524139e-06
2367 0.00014124452 8.7598549e-06 -7.7998616e-06
2368 0.00014097595 8.7342245e-06 -7.7468398e-06
2369 0.00014070595 8.7088858e-06 -7.6934981e-06
2370 0.00014043305 8.6838628e-06 -7.6395547e-06
2371 0.0001401589 8.6591342e-06 -7.5853237e-06
2372 0.0001398827 8.6347109e-06 -7.5307404e-06
2373 0.00013960526 8.6105982e-06 -7.4758879e-06
2374 0.00013932473 8.5867915e-06 -7.4206526e-06
2375 0.00013904313 8.5632966e-06 -7.3651266e-06
2376 0.00013875943 8.5401215e-06 -7.3093636e-06
2377 0.00013847295 8.5172746e-06 -7.2532943e-06
2378 0.00013818532 8.4947308e-06 -7.1969367e-06
2379 0.00013789545 8.4725034e-06 -7.1404542e-06
2380 0.00013760461 8.450613e-06 -7.0837324e-06
2381 0.00013731082 8.4290252e-06 -7.0268268e-06
2382 0.00013701509 8.4077754e-06 -6.9698213e-06
2383 0.00013671727 8.3868536e-06 -6.9126486e-06
2384 0.00013641752 8.3662542e-06 -6.8553199e-06
2385 0.00013611664 8.3459809e-06 -6.7978459e-06
2386 0.0001358128 8.3260315e-06 -6.7403736e-06
2387 0.00013550704 8.3064103e-06 -6.6828228e-06
2388 0.00013520015 8.2871216e-06 -6.6252209e-06
2389 0.00013489123 8.268164e-06 -6.5675967e-06
2390 0.00013457958 8.2495432e-06 -6.5099906e-06
2391 0.00013426668 8.2312542e-06 -6.4523876e-06
2392 0.00013395246 8.2132933e-06 -6.3948637e-06
2393 0.00013363552 8.1956681e-06 -6.3373702e-06
2394 0.00013332119 8.1783764e-06 -6.2799699e-06
2395 0.0001330084 8.1614184e-06 -6.2226456e-06
2396 0.00013269456 8.1447848e-06 -6.1654322e-06
2397 0.00013237861 8.1284889e-06 -6.1083862e-06
2398 0.00013206044 8.1125303e-06 -6.0513902e-06
2399 0.00013174114 8.0968895e-06 -5.994669e-06
2400 0.0001314198 8.0815819e-06 -5.9380271e-06
2401 0.00013109634 8.066596e-06 -5.8816449e-06
2402 0.00013077239 8.0519394e-06 -5.8254839e-06
2403 0.0001304455 8.0376087e-06 -5.7695442e-06
2404 0.00013011808 8.0235986e-06 -5.7138493e-06
2405 0.0001297886 8.0099213e-06 -5.6583744e-06
2406 0.00012945769 7.9965579e-06 -5.6032076e-06
2407 0.00012912546 7.9835185e-06 -5.5483572e-06
2408 0.00012879109 7.9707901e-06 -5.4937886e-06
2409 0.00012845595 7.9583839e-06 -5.4395359e-06
2410 0.00012811872 7.9462886e-06 -5.3855956e-06
2411 0.00012778081 7.9345128e-06 -5.3320555e-06
2412 0.0001274406 7.923041e-06 -5.278833e-06
2413 0.00012709993 7.9118842e-06 -5.225998e-06
2414 0.00012675748 7.9010121e-06 -5.1735868e-06
2415 0.00012641353 7.8904683e-06 -5.121592e-06
2416 0.00012606882 7.8802139e-06 -5.0699575e-06
2417 0.00012572258 7.8702572e-06 -5.0187959e-06
2418 0.00012537565 7.8605947e-06 -4.968047e-06
2419 0.00012502693 7.8512456e-06 -4.9178355e-06
2420 0.00012467813 7.8421592e-06 -4.8680285e-06
2421 0.00012432772 7.8333836e-06 -4.8187272e-06
2422 0.00012397641 7.824883e-06 -4.7699474e-06
2423 0.00012362494 7.8166693e-06 -4.7216512e-06
2424 0.0001232716 7.8087161e-06 -4.673892e-06
2425 0.00012291801 7.8010694e-06 -4.6265871e-06
2426 0.00012256362 7.7936722e-06 -4.5799299e-06
2427 0.00012220791 7.7865471e-06 -4.5337955e-06
2428 0.00012185196 7.7796884e-06 -4.4881323e-06
2429 0.00012149568 7.7731044e-06 -4.4430859e-06
2430 0.0001211381 7.7667619e-06 -4.3986686e-06
2431 0.00012078029 7.7606844e-06 -4.3548072e-06
2432 0.00012042182 7.7548619e-06 -4.3115027e-06
2433 0.00012006294 7.7492843e-06 -4.2688492e-06
2434 0.00011969327 7.7439489e-06 -4.2267519e-06
2435 0.00011932232 7.7388595e-06 -4.1853522e-06
2436 0.0001189515 7.7340031e-06 -4.1445392e-06
2437 0.00011858014 7.729374e-06 -4.1043688e-06
2438 0.00011820876 7.724983e-06 -4.064842e-06
2439 0.0001178367 7.7208191e-06 -4.025971e-06
2440 0.00011746478 7.7168665e-06 -3.9877293e-06
2441 0.00011709267 7.713143e-06 -3.9501737e-06
2442 0.00011672057 7.7096314e-06 -3.9132986e-06
2443 0.00011634763 7.7063212e-06 -3.8770704e-06
2444 0.00011597525 7.7032206e-06 -3.8415494e-06
2445 0.00011560349 7.7003259e-06 -3.8066929e-06
2446 0.00011523078 7.6976176e-06 -3.7725326e-06
2447 0.00011485931 7.6951089e-06 -3.7390267e-06
2448 0.00011448759 7.6927836e-06 -3.7062784e-06
2449 0.00011411535 7.6906503e-06 -3.6741899e-06
2450 0.00011374442 7.6886874e-06 -3.6428509e-06
2451 0.00011337307 7.6869094e-06 -3.6121912e-06
2452 0.00011300274 7.6852938e-06 -3.5822318e-06
2453 0.00011263184 7.6838506e-06 -3.5530175e-06
2454 0.00011226202 7.6825707e-06 -3.5244954e-06
2455 0.00011189225 7.6814425e-06 -3.4966797e-06
2456 0.0001115235 7.680465e-06 -3.4695998e-06
2457 0.00011115561 7.6796326e-06 -3.4432266e-06
2458 0.00011078771 7.6789456e-06 -3.4176412e-06
2459 0.00011041972 7.6784073e-06 -3.3926985e-06
2460 0.0001100534 7.6779901e-06 -3.3684643e-06
2461 0.00010968764 7.6777164e-06 -3.3450444e-06
2462 0.00010932186 7.6775657e-06 -3.3222711e-06
2463 0.00010895816 7.677527e-06 -3.3001878e-06
2464 0.00010859424 7.6776052e-06 -3.2789043e-06
2465 0.00010823177 7.677809e-06 -3.2582863e-06
2466 0.00010786963 7.6781092e-06 -3.238362e-06
2467 0.00010750877 7.6785113e-06 -3.2191985e-06
2468 0.00010714905 7.6790159e-06 -3.2006482e-06
2469 0.00010679049 7.6796158e-06 -3.1829348e-06
2470 0.00010643221 7.6803005e-06 -3.1658593e-06
2471 0.00010607573 7.6810748e-06 -3.1494569e-06
2472 0.00010572034 7.6819165e-06 -3.1337526e-06
2473 0.00010537411 7.6828453e-06 -3.1187905e-06
2474 0.00010503682 7.6838392e-06 -3.1044669e-06
2475 0.00010470121 7.6849014e-06 -3.0908763e-06
2476 0.0001043664 7.6860295e-06 -3.077956e-06
2477 0.00010403325 7.6872175e-06 -3.0656785e-06
2478 0.00010370167 7.688443e-06 -3.0540801e-06
2479 0.00010337154 7.6897257e-06 -3.0431295e-06
2480 0.00010304205 7.6910613e-06 -3.0328876e-06
2481 0.00010271478 7.6924261e-06 -3.0232378e-06
2482 0.00010238891 7.6938355e-06 -3.0142502e-06
2483 0.00010206438 7.6952832e-06 -3.0059561e-06
2484 0.00010174121 7.6967556e-06 -2.9982332e-06
2485 0.00010142012 7.6982471e-06 -2.9911701e-06
2486 0.00010110098 7.6997679e-06 -2.9846907e-06
2487 0.00010078311 7.7012904e-06 -2.9788487e-06
2488 0.00010046714 7.7028344e-06 -2.9736196e-06
2489 0.00010015228 7.7043931e-06 -2.9690191e-06
2490 9.9839317e-05 7.7059367e-06 -2.964936e-06
2491 9.9529054e-05 7.7074934e-06 -2.9615379e-06
2492 9.9219745e-05 7.7090343e-06 -2.9586556e-06
2493 9.8912224e-05 7.7105777e-06 -2.956373e-06
2494 9.8606826e-05 7.7121136e-06 -2.9546327e-06
2495 9.8303155e-05 7.7136226e-06 -2.9534875e-06
2496 9.8001657e-05 7.7151212e-06 -2.9529024e-06
2497 9.7701832e-05 7.7165906e-06 -2.9527864e-06
2498 9.7404041e-05 7.718048e-06 -2.9532827e-06
2499 9.7108103e-05 7.7194539e-06 -2.9542277e-06
2500 9.6814208e-05 7.7208309e-06 -2.9557705e-06
2501 9.6522295e-05 7.7221755e-06 -2.9577448e-06
2502 9.6232393e-05 7.7234749e-06 -2.9603056e-06
2503 9.5944517e-05 7.7247117e-06 -2.9632559e-06
2504 9.5658637e-05 7.7259143e-06 -2.9667993e-06
2505 9.537475e-05 7.7270662e-06 -2.9707304e-06
2506 9.5092874e-05 7.7281549e-06 -2.9751532e-06
2507 9.4813312e-05 7.7291818e-06 -2.9800135e-06
2508 9.4535692e-05 7.7301545e-06 -2.9853614e-06
2509 9.4260124e-05 7.731072e-06 -2.991089e-06
2510 9.3986707e-05 7.7319074e-06 -2.9972806e-06
2511 9.3715503e-05 7.7326864e-06 -3.0038613e-06
2512 9.3446547e-05 7.7333794e-06 -3.0108302e-06
2513 9.3178356e-05 7.7340035e-06 -3.0181874e-06
2514 9.2911332e-05 7.7345567e-06 -3.0259568e-06
2515 9.2646596e-05 7.7350249e-06 -3.0340935e-06
2516 9.2383862e-05 7.7354033e-06 -3.0425563e-06
2517 9.2123354e-05 7.735695e-06 -3.0514359e-06
2518 9.1864893e-05 7.7359039e-06 -3.0605771e-06
2519 9.1608744e-05 7.7360201e-06 -3.0700697e-06
2520 9.1354603e-05 7.7360475e-06 -3.0799081e-06
2521 9.1102791e-05 7.7359704e-06 -3.0900268e-06
2522 9.0853025e-05 7.7358103e-06 -3.1004421e-06
2523 9.0605469e-05 7.7355398e-06 -3.1111785e-06
2524 9.0359991e-05 7.7351777e-06 -3.1221519e-06
2525 9.0116874e-05 7.7347132e-06 -3.1333924e-06
2526 8.98758e-05 7.7341381e-06 -3.1448833e-06
2527 8.9636983e-05 7.7334658e-06 -3.1565996e-06
2528 8.9400312e-05 7.7326797e-06 -3.1685791e-06
2529 8.9165826e-05 7.7317877e-06 -3.1807809e-06
2530 8.893351e-05 7.7307945e-06 -3.1931791e-06
2531 8.8703281e-05 7.7296825e-06 -3.2057225e-06
2532 8.8475316e-05 7.728456e-06 -3.2185081e-06
2533 8.8249388e-05 7.7271212e-06 -3.2314375e-06
2534 8.802575e-05 7.7256734e-06 -3.2445507e-06
2535 8.78041e-05 7.7241002e-06 -3.2578108e-06
2536 8.7584696e-05 7.7224112e-06 -3.2711915e-06
2537 8.7367383e-05 7.7205982e-06 -3.2847415e-06
2538 8.7152187e-05 7.7186588e-06 -3.2983755e-06
2539 8.6939076e-05 7.7166018e-06 -3.3121574e-06
2540 8.6728183e-05 7.7144107e-06 -3.3260034e-06
2541 8.6519255e-05 7.7121082e-06 -3.3399643e-06
2542 8.6312464e-05 7.7096764e-06 -3.3539699e-06
2543 8.6107836e-05 7.7071331e-06 -3.3680933e-06
2544 8.590523e-05 7.7044459e-06 -3.3822227e-06
2545 8.5704726e-05 7.7016541e-06 -3.3964027e-06
2546 8.5506265e-05 7.6987318e-06 -3.4106185e-06
2547 8.5309841e-05 7.6956859e-06 -3.4249171e-06
2548 8.511548e-05 7.6925132e-06 -3.4391783e-06
2549 8.4923213e-05 7.6892127e-06 -3.453401e-06
2550 8.473281e-05 7.6857852e-06 -3.4676771e-06
2551 8.4544442e-05 7.682225e-06 -3.4819054e-06
2552 8.4358154e-05 7.6785455e-06 -3.4961096e-06
2553 8.416707e-05 7.6747238e-06 -3.5103594e-06
2554 8.397119e-05 7.6707847e-06 -3.5244599e-06
2555 8.3777287e-05 7.6667075e-06 -3.5385489e-06
2556 8.3585329e-05 7.6625061e-06 -3.5525254e-06
2557 8.3395305e-05 7.6581622e-06 -3.5664808e-06
2558 8.3207025e-05 7.6537001e-06 -3.5803462e-06
2559 8.302079e-05 7.6491097e-06 -3.5941066e-06
2560 8.2836477e-05 7.6443948e-06 -3.6077597e-06
2561 8.2653854e-05 7.6395432e-06 -3.6213211e-06
2562 8.2473171e-05 7.6345558e-06 -3.6347596e-06
2563 8.2294209e-05 7.629456e-06 -3.6480618e-06
2564 8.2117054e-05 7.6242092e-06 -3.661232e-06
2565 8.1941622e-05 7.6188392e-06 -3.6742714e-06
2566 8.1767835e-05 7.613344e-06 -3.6871521e-06
2567 8.1595821e-05 7.6077028e-06 -3.6998395e-06
2568 8.1425474e-05 7.6019525e-06 -3.7124071e-06
2569 8.1256938e-05 7.596068e-06 -3.7247776e-06
2570 8.1089821e-05 7.5900731e-06 -3.7369796e-06
2571 8.0924539e-05 7.583948e-06 -3.7489571e-06
2572 8.0760618e-05 7.5776924e-06 -3.7608082e-06
2573 8.0598466e-05 7.5713263e-06 -3.772389e-06
2574 8.0437841e-05 7.564852e-06 -3.7837618e-06
2575 8.0278757e-05 7.5582563e-06 -3.7949642e-06
2576 8.012113e-05 7.5515394e-06 -3.8059341e-06
2577 7.9964887e-05 7.5447127e-06 -3.8166612e-06
2578 7.9810244e-05 7.5377747e-06 -3.8271523e-06
2579 7.9656972e-05 7.5307236e-06 -3.837409e-06
2580 7.9505049e-05 7.5235585e-06 -3.8473609e-06
2581 7.9354449e-05 7.5162816e-06 -3.8570965e-06
2582 7.9205225e-05 7.5088996e-06 -3.8665883e-06
2583 7.9057274e-05 7.5014201e-06 -3.8757915e-06
2584 7.8910665e-05 7.4938242e-06 -3.8847191e-06
2585 7.8765154e-05 7.4861332e-06 -3.8933573e-06
2586 7.8620978e-05 7.4783327e-06 -3.9017583e-06
2587 7.847791e-05 7.4704475e-06 -3.9098329e-06
2588 7.8336172e-05 7.4624513e-06 -3.9176058e-06
2589 7.8195439e-05 7.454361e-06 -3.9250907e-06
2590 7.8055812e-05 7.4461697e-06 -3.9322862e-06
2591 7.7917238e-05 7.4379082e-06 -3.9391207e-06
2592 7.7779705e-05 7.4295379e-06 -3.9456709e-06
2593 7.7650409e-05 7.4210653e-06 -3.951891e-06
2594 7.7529333e-05 7.4125169e-06 -3.9578096e-06
2595 7.740912e-05 7.4038844e-06 -3.9633704e-06
2596 7.7289852e-05 7.3951563e-06 -3.9686163e-06
2597 7.7171362e-05 7.3863553e-06 -3.9735121e-06
2598 7.7053778e-05 7.3774727e-06 -3.9780688e-06
2599 7.6937082e-05 7.3685128e-06 -3.9823006e-06
2600 7.6821197e-05 7.3594629e-06 -3.9861383e-06
2601 7.6706159e-05 7.3503504e-06 -3.9896904e-06
2602 7.6591795e-05 7.3411819e-06 -3.9928478e-06
2603 7.6478117e-05 7.3319354e-06 -3.9956731e-06
2604 7.6365184e-05 7.3226143e-06 -3.998125e-06
2605 7.6253024e-05 7.3132277e-06 -4.0002123e-06
2606 7.614137e-05 7.3037824e-06 -4.0019551e-06
2607 7.6030447e-05 7.2942709e-06 -4.0033263e-06
2608 7.5920139e-05 7.2847111e-06 -4.0043269e-06
2609 7.581022e-05 7.2750855e-06 -4.0049802e-06
2610 7.5701005e-05 7.2654009e-06 -4.0052481e-06
2611 7.5592306e-05 7.25567e-06 -4.0051343e-06
2612 7.5484038e-05 7.2458783e-06 -4.0046869e-06
2613 7.5376285e-05 7.2360366e-06 -4.0038673e-06
2614 7.5268978e-05 7.2261512e-06 -4.0026563e-06
2615 7.516203e-05 7.2162179e-06 -4.0010726e-06
2616 7.5055576e-05 7.206249e-06 -3.999131e-06
2617 7.4949448e-05 7.1962259e-06 -3.9968018e-06
2618 7.4843698e-05 7.1861822e-06 -3.9941003e-06
2619 7.473827e-05 7.1760801e-06 -3.9910499e-06
2620 7.4633292e-05 7.1659616e-06 -3.9876402e-06
2621 7.4528449e-05 7.1558143e-06 -3.9838447e-06
2622 7.442385e-05 7.1456262e-06 -3.9796962e-06
2623 7.4319515e-05 7.1354187e-06 -3.9751826e-06
2624 7.4215585e-05 7.1251854e-06 -3.9702674e-06
2625 7.4111685e-05 7.1149221e-06 -3.9650152e-06
2626 7.400803e-05 7.1046575e-06 -3.9593623e-06
2627 7.3904471e-05 7.0943546e-06 -3.9534108e-06
2628 7.3801043e-05 7.0840379e-06 -3.9470662e-06
2629 7.3697713e-05 7.0737189e-06 -3.940345e-06
2630 7.3594287e-05 7.0633831e-06 -3.9332748e-06
2631 7.3491054e-05 7.0530336e-06 -3.9258819e-06
2632 7.3387873e-05 7.0426755e-06 -3.918119e-06
2633 7.3281084e-05 7.0323161e-06 -3.9099569e-06
2634 7.3170574e-05 7.021958e-06 -3.9015012e-06
2635 7.3060135e-05 7.011617e-06 -3.8926821e-06
2636 7.2949541e-05 7.0012662e-06 -3.8835239e-06
2637 7.2838986e-05 6.9909255e-06 -3.8740506e-06
2638 7.272837e-05 6.9805884e-06 -3.8642324e-06
2639 7.2617738e-05 6.9702777e-06 -3.8540908e-06
2640 7.2506902e-05 6.9599739e-06 -3.8436263e-06
2641 7.2395988e-05 6.9496775e-06 -3.8328189e-06
2642 7.2284816e-05 6.9394066e-06 -3.8217142e-06
2643 7.2173566e-05 6.9291496e-06 -3.8102468e-06
2644 7.2062067e-05 6.9189151e-06 -3.7984674e-06
2645 7.1950278e-05 6.9087036e-06 -3.786383e-06
2646 7.1838391e-05 6.8985112e-06 -3.7740205e-06
2647 7.1726177e-05 6.8883498e-06 -3.7613079e-06
2648 7.1613629e-05 6.8782259e-06 -3.7482913e-06
2649 7.1500916e-05 6.8681246e-06 -3.735003e-06
2650 7.1387734e-05 6.8580641e-06 -3.7213844e-06
2651 7.1274425e-05 6.848026e-06 -3.7075078e-06
2652 7.1160616e-05 6.8380373e-06 -3.693349e-06
2653 7.1046501e-05 6.8280851e-06 -3.6788545e-06
2654 7.0931851e-05 6.8181585e-06 -3.6641033e-06
2655 7.0816989e-05 6.8082848e-06 -3.6490935e-06
2656 7.0701616e-05 6.7984536e-06 -3.6337878e-06
2657 7.0585766e-05 6.7886743e-06 -3.6182042e-06
2658 7.0469371e-05 6.7789354e-06 -3.6023513e-06
2659 7.0352587e-05 6.7692401e-06 -3.5862763e-06
2660 7.0235288e-05 6.7596093e-06 -3.5699311e-06
2661 7.0117607e-05 6.750018e-06 -3.5533147e-06
2662 6.9999344e-05 6.7404878e-06 -3.5364842e-06
2663 6.9880565e-05 6.7310066e-06 -3.5194076e-06
2664 6.9761556e-05 6.7215878e-06 -3.5021138e-06
2665 6.9641786e-05 6.7122325e-06 -3.4845861e-06
2666 6.9521502e-05 6.7029378e-06 -3.4668289e-06
2667 6.9400727e-05 6.6937004e-06 -3.4488951e-06
2668 6.927949e-05 6.6845275e-06 -3.430705e-06
2669 6.9157623e-05 6.6754218e-06 -3.4123456e-06
2670 6.9035177e-05 6.666387e-06 -3.3937835e-06
2671 6.8912245e-05 6.65741e-06 -3.3750365e-06
2672 6.8788685e-05 6.648514e-06 -3.3560874e-06
2673 6.8660807e-05 6.639673e-06 -3.3369608e-06
2674 6.8528569e-05 6.6309148e-06 -3.3176761e-06
2675 6.8395733e-05 6.6222251e-06 -3.2982015e-06
2676 6.8262343e-05 6.6136044e-06 -3.2785865e-06
2677 6.8128323e-05 6.6050695e-06 -3.2588015e-06
2678 6.7993805e-05 6.5965977e-06 -3.2388555e-06
2679 6.7858671e-05 6.5882093e-06 -3.2187798e-06
2680 6.7723031e-05 6.5799008e-06 -3.198573e-06
2681 6.758685e-05 6.5716659e-06 -3.1782058e-06
2682 6.745e-05 6.5635239e-06 -3.1577127e-06
2683 6.7312615e-05 6.5554481e-06 -3.1371359e-06
2684 6.717459e-05 6.547463e-06 -3.1164045e-06
2685 6.7036012e-05 6.5395542e-06 -3.0955714e-06
2686 6.6896698e-05 6.5317388e-06 -3.0746502e-06
2687 6.675696e-05 6.5240069e-06 -3.0536401e-06
2688 6.6616575e-05 6.5163574e-06 -3.0325153e-06
2689 6.6475704e-05 6.508794e-06 -3.0113137e-06
2690 6.6334159e-05 6.5013231e-06 -2.9900133e-06
2691 6.6192203e-05 6.493935e-06 -2.9686835e-06
2692 6.6049607e-05 6.4866469e-06 -2.9472733e-06
2693 6.5906475e-05 6.4794366e-06 -2.9257876e-06
2694 6.576274e-05 6.4723312e-06 -2.9042604e-06
2695 6.5618457e-05 6.4653007e-06 -2.8827079e-06
2696 6.5473609e-05 6.4583706e-06 -2.8610927e-06
2697 6.5328279e-05 6.4515385e-06 -2.8394422e-06
2698 6.5182419e-05 6.4447857e-06 -2.8177733e-06
2699 6.5036013e-05 6.4381305e-06 -2.7960559e-06
2700 6.4888939e-05 6.4315679e-06 -2.7743339e-06
2701 6.4741409e-05 6.4251085e-06 -2.7525929e-06
2702 6.459325e-05 6.4187334e-06 -2.7308507e-06
2703 6.4444692e-05 6.4124516e-06 -2.7091043e-06
2704 6.4295532e-05 6.406263e-06 -2.687366e-06
2705 6.4145747e-05 6.400179e-06 -2.6656245e-06
2706 6.3995414e-05 6.3941735e-06 -2.643891e-06
2707 6.3844729e-05 6.3882799e-06 -2.6221893e-06
2708 6.369336e-05 6.3824796e-06 -2.6005124e-06
2709 6.3541618e-05 6.3767669e-06 -2.5788639e-06
2710 6.3389195e-05 6.3711525e-06 -2.5572447e-06
2711 6.3236343e-05 6.3656379e-06 -2.5356758e-06
2712 6.3083114e-05 6.360206e-06 -2.5141641e-06
2713 6.2937351e-05 6.3548733e-06 -2.4926724e-06
2714 6.2799081e-05 6.3496386e-06 -2.4712601e-06
2715 6.2660307e-05 6.3445102e-06 -2.4499019e-06
2716 6.2521114e-05 6.3394564e-06 -2.4286389e-06
2717 6.2381468e-05 6.3345141e-06 -2.4074171e-06
2718 6.224128e-05 6.329652e-06 -2.3862698e-06
2719 6.2100574e-05 6.3248895e-06 -2.3652087e-06
2720 6.1959403e-05 6.3202232e-06 -2.3442089e-06
2721 6.1817801e-05 6.3156453e-06 -2.3233346e-06
2722 6.1675702e-05 6.3111627e-06 -2.3025465e-06
2723 6.1533252e-05 6.3067697e-06 -2.2818623e-06
2724 6.1390395e-05 6.3024725e-06 -2.261249e-06
2725 6.124699e-05 6.2982644e-06 -2.2407848e-06
2726 6.1103335e-05 6.2941555e-06 -2.2204041e-06
2727 6.0959346e-05 6.2901261e-06 -2.2001775e-06
2728 6.0815013e-05 6.2861953e-06 -2.1800299e-06
2729 6.0670344e-05 6.2823451e-06 -2.1600363e-06
2730 6.0525376e-05 6.2785945e-06 -2.1401774e-06
2731 6.0380085e-05 6.2749347e-06 -2.1204564e-06
2732 6.0234531e-05 6.271358e-06 -2.1008659e-06
2733 6.0088642e-05 6.2678666e-06 -2.0814201e-06
2734 5.9942404e-05 6.2644663e-06 -2.0621314e-06
2735 5.9795909e-05 6.2611445e-06 -2.0429643e-06
2736 5.9649202e-05 6.2579144e-06 -2.0239881e-06
2737 5.9502255e-05 6.2547659e-06 -2.0051524e-06
2738 5.935511e-05 6.2517045e-06 -1.9864824e-06
2739 5.9207729e-05 6.2487169e-06 -1.9679787e-06
2740 5.9060197e-05 6.2458249e-06 -1.9496354e-06
2741 5.8912486e-05 6.2430112e-06 -1.9314838e-06
2742 5.876454e-05 6.2402668e-06 -1.9134862e-06
2743 5.8616453e-05 6.2376171e-06 -1.8956929e-06
2744 5.8468259e-05 6.23504e-06 -1.8780698e-06
2745 5.8319813e-05 6.2325393e-06 -1.8606235e-06
2746 5.8171389e-05 6.2301193e-06 -1.8433637e-06
2747 5.8022803e-05 6.227775e-06 -1.8263199e-06
2748 5.7874122e-05 6.2255035e-06 -1.8094514e-06
2749 5.772533e-05 6.2233058e-06 -1.7927934e-06
2750 5.7576496e-05 6.2211895e-06 -1.7763235e-06
2751 5.7427531e-05 6.2191264e-06 -1.7600585e-06
2752 5.7278675e-05 6.2171515e-06 -1.7440048e-06
2753 5.712783e-05 6.2152432e-06 -1.7281329e-06
2754 5.6975071e-05 6.2134029e-06 -1.7125048e-06
2755 5.6822401e-05 6.2116371e-06 -1.6970672e-06
2756 5.6669756e-05 6.2099275e-06 -1.6818444e-06
2757 5.6517189e-05 6.2082899e-06 -1.6668416e-06
2758 5.6364663e-05 6.2067085e-06 -1.6520728e-06
2759 5.6212147e-05 6.2051965e-06 -1.6374956e-06
2760 5.6059775e-05 6.2037562e-06 -1.6231476e-06
2761 5.5907607e-05 6.2023612e-06 -1.6090197e-06
2762 5.5755362e-05 6.2010394e-06 -1.5951235e-06
2763 5.5603335e-05 6.1997683e-06 -1.5814586e-06
2764 5.5451346e-05 6.1985587e-06 -1.5680031e-06
2765 5.5299572e-05 6.1974052e-06 -1.5547762e-06
2766 5.5147932e-05 6.1963082e-06 -1.5417658e-06
2767 5.4996462e-05 6.195268e-06 -1.5289944e-06
2768 5.4845278e-05 6.1942751e-06 -1.5164461e-06
2769 5.4694209e-05 6.1933358e-06 -1.504144e-06
2770 5.4543369e-05 6.1924451e-06 -1.4920567e-06
2771 5.439276e-05 6.1916053e-06 -1.4802074e-06
2772 5.424241e-05 6.1908207e-06 -1.4685769e-06
2773 5.4092411e-05 6.190074e-06 -1.4571794e-06
2774 5.3942541e-05 6.1893776e-06 -1.4460133e-06
2775 5.3792993e-05 6.1887266e-06 -1.4350686e-06
2776 5.3643669e-05 6.1881194e-06 -1.4243761e-06
2777 5.3494755e-05 6.1875435e-06 -1.4139155e-06
2778 5.3346103e-05 6.1870181e-06 -1.4036724e-06
2779 5.3197708e-05 6.1865301e-06 -1.3936574e-06
2780 5.3049783e-05 6.1860902e-06 -1.3838753e-06
2781 5.2902172e-05 6.1856742e-06 -1.3743404e-06
2782 5.2754935e-05 6.1852926e-06 -1.3650191e-06
2783 5.2608049e-05 6.1849491e-06 -1.3559183e-06
2784 5.2461755e-05 6.1846406e-06 -1.3470576e-06
2785 5.2315761e-05 6.1843725e-06 -1.3384219e-06
2786 5.217012e-05 6.1841158e-06 -1.3300176e-06
2787 5.2025122e-05 6.1839056e-06 -1.3218392e-06
2788 5.1880456e-05 6.1837148e-06 -1.3138835e-06
2789 5.1736172e-05 6.1835576e-06 -1.3061571e-06
2790 5.1592514e-05 6.1834171e-06 -1.2986397e-06
2791 5.1449299e-05 6.183306e-06 -1.291364e-06
2792 5.1306601e-05 6.1832151e-06 -1.284309e-06
2793 5.116446e-05 6.1831452e-06 -1.2774788e-06
2794 5.1022814e-05 6.1831072e-06 -1.2708467e-06
2795 5.0881789e-05 6.1830713e-06 -1.2644594e-06
2796 5.0741367e-05 6.1830719e-06 -1.2582822e-06
2797 5.060141e-05 6.1830697e-06 -1.2523174e-06
2798 5.0462029e-05 6.1831005e-06 -1.246584e-06
2799 5.0323275e-05 6.1831369e-06 -1.2410347e-06
2800 5.0184909e-05 6.1831928e-06 -1.2357219e-06
2801 5.0047314e-05 6.1832571e-06 -1.2306029e-06
2802 4.9910336e-05 6.1833266e-06 -1.2257108e-06
2803 4.9773882e-05 6.1834112e-06 -1.2210128e-06
2804 4.963804e-05 6.1835008e-06 -1.2165454e-06
2805 4.9502923e-05 6.1836068e-06 -1.2122754e-06
2806 4.9368293e-05 6.1837135e-06 -1.2081969e-06
2807 4.9234348e-05 6.1838182e-06 -1.2042971e-06
2808 4.9101033e-05 6.1839355e-06 -1.2006424e-06
2809 4.896843e-05 6.1840554e-06 -1.1971579e-06
2810 4.8836461e-05 6.184173e-06 -1.1938696e-06
2811 4.8705097e-05 6.1842792e-06 -1.1907712e-06
2812 4.8574495e-05 6.1843957e-06 -1.1878676e-06
2813 4.8444531e-05 6.1845085e-06 -1.1851682e-06
2814 4.8315226e-05 6.1846139e-06 -1.1826421e-06
2815 4.8186653e-05 6.1847272e-06 -1.1802879e-06
2816 4.8058756e-05 6.1848256e-06 -1.1781221e-06
2817 4.7931599e-05 6.1849145e-06 -1.1761236e-06
2818 4.7805124e-05 6.185009e-06 -1.1743043e-06
2819 4.7679489e-05 6.1850796e-06 -1.1726654e-06
2820 4.75545e-05 6.1851562e-06 -1.1711883e-06
2821 4.7430229e-05 6.1852203e-06 -1.1698729e-06
2822 4.7306727e-05 6.1852756e-06 -1.1687266e-06
2823 4.718393e-05 6.1853174e-06 -1.1677201e-06
2824 4.7061941e-05 6.1853448e-06 -1.1669032e-06
2825 4.6940638e-05 6.1853602e-06 -1.1662422e-06
2826 4.6820125e-05 6.1853547e-06 -1.1656991e-06
2827 4.670037e-05 6.1853397e-06 -1.1653159e-06
2828 4.6581333e-05 6.1853028e-06 -1.165083e-06
2829 4.6463067e-05 6.1852611e-06 -1.1649979e-06
2830 4.6345586e-05 6.1851952e-06 -1.1650578e-06
2831 4.622889e-05 6.1851179e-06 -1.1652297e-06
2832 4.6112961e-05 6.1850195e-06 -1.1655473e-06
2833 4.5992922e-05 6.1848907e-06 -1.1660067e-06
2834 4.5873536e-05 6.1847532e-06 -1.1665719e-06
2835 4.5755045e-05 6.1845933e-06 -1.1672706e-06
2836 4.5637266e-05 6.1844095e-06 -1.1681096e-06
2837 4.5520368e-05 6.1842045e-06 -1.1690447e-06
2838 4.5404117e-05 6.1839827e-06 -1.1701011e-06
2839 4.5288783e-05 6.1837267e-06 -1.1712511e-06
2840 4.5174201e-05 6.1834405e-06 -1.172549e-06
2841 4.5060426e-05 6.1831454e-06 -1.1739251e-06
2842 4.4947429e-05 6.182813e-06 -1.1754025e-06
2843 4.4835185e-05 6.1824624e-06 -1.1770067e-06
2844 4.4723769e-05 6.1820866e-06 -1.1786669e-06
2845 4.4613189e-05 6.1816781e-06 -1.1804601e-06
2846 4.4503371e-05 6.1812352e-06 -1.1822956e-06
2847 4.4394406e-05 6.1807789e-06 -1.1842435e-06
2848 4.4286337e-05 6.1802973e-06 -1.186271e-06
2849 4.4178929e-05 6.1797835e-06 -1.1883707e-06
2850 4.4072268e-05 6.179237e-06 -1.1905494e-06
2851 4.3966447e-05 6.178657e-06 -1.1928106e-06
2852 4.3861531e-05 6.1780556e-06 -1.1951302e-06
2853 4.3757289e-05 6.1774197e-06 -1.197534e-06
2854 4.3653818e-05 6.1767566e-06 -1.1999852e-06
2855 4.3551243e-05 6.1760588e-06 -1.2025124e-06
2856 4.3449338e-05 6.1753214e-06 -1.2050822e-06
2857 4.3348325e-05 6.1745654e-06 -1.2077109e-06
2858 4.3247978e-05 6.1737699e-06 -1.2104099e-06
2859 4.3148492e-05 6.1729413e-06 -1.2131281e-06
2860 4.3049805e-05 6.1720796e-06 -1.2159057e-06
2861 4.2951781e-05 6.1711964e-06 -1.218736e-06
2862 4.2854625e-05 6.1702651e-06 -1.2215991e-06
2863 4.2758224e-05 6.1693022e-06 -1.2244925e-06
2864 4.2662551e-05 6.1683125e-06 -1.227419e-06
2865 4.2567656e-05 6.1672766e-06 -1.2303878e-06
2866 4.247335e-05 6.1662154e-06 -1.2333726e-06
2867 4.2379998e-05 6.1651128e-06 -1.2363946e-06
2868 4.2287313e-05 6.1639801e-06 -1.2394344e-06
2869 4.2195446e-05 6.1627968e-06 -1.2424906e-06
2870 4.2104238e-05 6.1615894e-06 -1.2455674e-06
2871 4.2013722e-05 6.1603558e-06 -1.2486546e-06
2872 4.192825e-05 6.1590806e-06 -1.2517546e-06
2873 4.1847704e-05 6.1577692e-06 -1.2548715e-06
2874 4.1767896e-05 6.1564187e-06 -1.2579724e-06
2875 4.1688722e-05 6.155044e-06 -1.2610896e-06
2876 4.1610306e-05 6.1536266e-06 -1.2642065e-06
2877 4.1532648e-05 6.15218e-06 -1.2673002e-06
2878 4.1455591e-05 6.1507053e-06 -1.270414e-06
2879 4.1379206e-05 6.1491815e-06 -1.2735182e-06
2880 4.1303516e-05 6.1476289e-06 -1.2765986e-06
2881 4.1228593e-05 6.1460491e-06 -1.2796672e-06
2882 4.1154183e-05 6.1444292e-06 -1.2827296e-06
2883 4.1080473e-05 6.142776e-06 -1.2857733e-06
2884 4.1007421e-05 6.1410939e-06 -1.2887719e-06
2885 4.0935069e-05 6.1393744e-06 -1.2917672e-06
2886 4.0863273e-05 6.1376204e-06 -1.2947371e-06
2887 4.0792098e-05 6.1358376e-06 -1.2976548e-06
2888 4.0721542e-05 6.1340158e-06 -1.3005736e-06
2889 4.0651539e-05 6.1321704e-06 -1.3034281e-06
2890 4.058235e-05 6.1302903e-06 -1.3062711e-06
2891 4.0513574e-05 6.1283659e-06 -1.3090681e-06
2892 4.0445462e-05 6.1264226e-06 -1.3118113e-06
2893 4.0377876e-05 6.1244491e-06 -1.3145293e-06
2894 4.0310997e-05 6.1224412e-06 -1.3171889e-06
2895 4.0244634e-05 6.1204123e-06 -1.3198146e-06
2896 4.0178772e-05 6.1183443e-06 -1.322366e-06
2897 4.0113485e-05 6.1162447e-06 -1.3248912e-06
2898 4.0048879e-05 6.1141242e-06 -1.3273559e-06
2899 3.9984659e-05 6.1119629e-06 -1.3297594e-06
2900 3.9921029e-05 6.1097844e-06 -1.3321062e-06
2901 3.9857878e-05 6.1075586e-06 -1.3344113e-06
2902 3.9795234e-05 6.1053219e-06 -1.3366275e-06
2903 3.9733214e-05 6.1030515e-06 -1.3387838e-06
2904 3.9671624e-05 6.1007528e-06 -1.3408842e-06
2905 3.9610551e-05 6.0984264e-06 -1.3429113e-06
2906 3.9549899e-05 6.0960699e-06 -1.344878e-06
2907 3.9489849e-05 6.0936895e-06 -1.346768e-06
2908 3.9430186e-05 6.0912901e-06 -1.3485878e-06
2909 3.9370989e-05 6.0888596e-06 -1.3503397e-06
2910 3.9312271e-05 6.0863987e-06 -1.3520137e-06
2911 3.9254095e-05 6.0839255e-06 -1.3536219e-06
2912 3.9189982e-05 6.081427e-06 -1.3551429e-06
2913 3.9120004e-05 6.0788952e-06 -1.3565933e-06
2914 3.9050568e-05 6.076351e-06 -1.3579663e-06
2915 3.8981437e-05 6.0737841e-06 -1.3592519e-06
2916 3.8912765e-05 6.0711868e-06 -1.3604593e-06
2917 3.8844567e-05 6.0685703e-06 -1.3615829e-06
2918 3.8776772e-05 6.0659345e-06 -1.3626354e-06
2919 3.8709357e-05 6.0632765e-06 -1.3635887e-06
2920 3.8642325e-05 6.0606083e-06 -1.3644611e-06
2921 3.8575671e-05 6.0579078e-06 -1.3652625e-06
2922 3.8509371e-05 6.0551939e-06 -1.365965e-06
2923 3.8443548e-05 6.0524577e-06 -1.3665879e-06
2924 3.8377974e-05 6.0497123e-06 -1.3671153e-06
2925 3.8312817e-05 6.0469463e-06 -1.3675613e-06
2926 3.8247983e-05 6.0441612e-06 -1.3679189e-06
2927 3.8183489e-05 6.041355e-06 -1.368178e-06
2928 3.8119365e-05 6.0385364e-06 -1.3683695e-06
2929 3.8055538e-05 6.0357108e-06 -1.3684433e-06
2930 3.7992021e-05 6.0328685e-06 -1.3684454e-06
2931 3.7928807e-05 6.03e-06 -1.368349e-06
2932 3.7865937e-05 6.0271238e-06 -1.3681556e-06
2933 3.7803303e-05 6.0242466e-06 -1.3678816e-06
2934 3.7740946e-05 6.0213439e-06 -1.3675073e-06
2935 3.7678951e-05 6.01844e-06 -1.3670456e-06
2936 3.7617152e-05 6.0155277e-06 -1.3664931e-06
2937 3.7555562e-05 6.0125975e-06 -1.3658473e-06
2938 3.7494328e-05 6.0096637e-06 -1.3651097e-06
2939 3.743331e-05 6.0067198e-06 -1.3642815e-06
2940 3.7372564e-05 6.0037762e-06 -1.3633527e-06
2941 3.7311955e-05 6.0008159e-06 -1.3623357e-06
2942 3.7251688e-05 5.9978636e-06 -1.361219e-06
2943 3.7191588e-05 5.9948986e-06 -1.3600203e-06
2944 3.7131605e-05 5.991925e-06 -1.358732e-06
2945 3.7071927e-05 5.9889512e-06 -1.3573364e-06
2946 3.7012478e-05 5.9859678e-06 -1.3558576e-06
2947 3.6953026e-05 5.9829876e-06 -1.3542764e-06
2948 3.6893933e-05 5.9800121e-06 -1.3526142e-06
2949 3.683494e-05 5.977027e-06 -1.3508493e-06
2950 3.6776116e-05 5.9740302e-06 -1.3490029e-06
2951 3.6717443e-05 5.9710484e-06 -1.3470517e-06
2952 3.666254e-05 5.9680704e-06 -1.3450151e-06
2953 3.6611324e-05 5.9650827e-06 -1.3428927e-06
2954 3.6560274e-05 5.9620979e-06 -1.3406691e-06
2955 3.6509361e-05 5.9591104e-06 -1.3383736e-06
2956 3.6458518e-05 5.9561396e-06 -1.3359657e-06
2957 3.6407819e-05 5.9531591e-06 -1.3334738e-06
2958 3.6357116e-05 5.9501884e-06 -1.3309088e-06
2959 3.6306641e-05 5.9472119e-06 -1.3282407e-06
2960 3.6256197e-05 5.9442489e-06 -1.3254853e-06
2961 3.6205731e-05 5.9412932e-06 -1.3226457e-06
2962 3.6155495e-05 5.9383443e-06 -1.3197233e-06
2963 3.6105146e-05 5.9353955e-06 -1.3167134e-06
2964 3.6055006e-05 5.9324569e-06 -1.3136166e-06
2965 3.60049e-05 5.929523e-06 -1.3104346e-06
2966 3.5954803e-05 5.9266061e-06 -1.3071827e-06
2967 3.5904782e-05 5.9236923e-06 -1.3038508e-06
2968 3.5854794e-05 5.9207861e-06 -1.3004413e-06
2969 3.5804787e-05 5.9178949e-06 -1.2969348e-06
2970 3.5754896e-05 5.9150198e-06 -1.2933709e-06
2971 3.5705048e-05 5.9121374e-06 -1.2897228e-06
2972 3.565519e-05 5.9092794e-06 -1.2860089e-06
2973 3.5605232e-05 5.9064338e-06 -1.2821911e-06
2974 3.5555421e-05 5.9036002e-06 -1.2783208e-06
2975 3.5505636e-05 5.9007782e-06 -1.2743861e-06
2976 3.5455857e-05 5.8979707e-06 -1.2703606e-06
2977 3.5405978e-05 5.8951729e-06 -1.2662885e-06
2978 3.5356152e-05 5.8923997e-06 -1.2621246e-06
2979 3.5306356e-05 5.8896287e-06 -1.257916e-06
2980 3.5256575e-05 5.8868854e-06 -1.2536281e-06
2981 3.5206786e-05 5.8841486e-06 -1.249276e-06
2982 3.5156978e-05 5.8814385e-06 -1.2448689e-06
2983 3.5107147e-05 5.878743e-06 -1.2403999e-06
2984 3.5057326e-05 5.8760518e-06 -1.2358617e-06
2985 3.5007475e-05 5.8733896e-06 -1.231277e-06
2986 3.4957631e-05 5.8707445e-06 -1.2266261e-06
2987 3.4907613e-05 5.8681179e-06 -1.2219213e-06
2988 3.4857754e-05 5.8655228e-06 -1.2171751e-06
2989 3.4807803e-05 5.8629333e-06 -1.2123526e-06
2990 3.4757801e-05 5.8603639e-06 -1.2074987e-06
2991 3.4707799e-05 5.8578199e-06 -1.2025722e-06
2992 3.4659178e-05 5.8552889e-06 -1.1976104e-06
2993 3.4611801e-05 5.852787e-06 -1.1925926e-06
2994 3.456435e-05 5.8502974e-06 -1.1875363e-06
2995 3.4516884e-05 5.8478404e-06 -1.1824337e-06
2996 3.4469394e-05 5.8453999e-06 -1.177276e-06
2997 3.4421856e-05 5.8429852e-06 -1.1720849e-06
2998 3.437424e-05 5.8405911e-06 -1.1668485e-06
2999 3.4326619e-05 5.8382214e-06 -1.1615815e-06
3000 3.4278924e-05 5.8358715e-06 -1.1562772e-06
3001 3.4231203e-05 5.833559e-06 -1.1509322e-06
3002 3.4183385e-05 5.8312557e-06 -1.1455485e-06
3003 3.4135589e-05 5.8289798e-06 -1.1401399e-06
3004 3.4087701e-05 5.8267357e-06 -1.1347146e-06
3005 3.4039742e-05 5.8245186e-06 -1.129235e-06
3006 3.3991783e-05 5.8223124e-06 -1.1237367e-06
3007 3.3943677e-05 5.820147e-06 -1.1182122e-06
3008 3.389556e-05 5.8180013e-06 -1.112664e-06
3009 3.3847352e-05 5.8158809e-06 -1.107076e-06
3010 3.3799086e-05 5.8137887e-06 -1.1014829e-06
3011 3.3750781e-05 5.8117213e-06 -1.0958571e-06
3012 3.3702332e-05 5.809677e-06 -1.0902217e-06
3013 3.3653873e-05 5.8076707e-06 -1.0845593e-06
3014 3.3605326e-05 5.8056819e-06 -1.0788808e-06
3015 3.3556695e-05 5.8037306e-06 -1.073199e-06
3016 3.3508e-05 5.8017914e-06 -1.067488e-06
3017 3.3459206e-05 5.7998904e-06 -1.0617717e-06
3018 3.3410381e-05 5.7980068e-06 -1.0560328e-06
3019 3.3361418e-05 5.7961587e-06 -1.0502997e-06
3020 3.33124e-05 5.7943383e-06 -1.0445475e-06
3021 3.3263302e-05 5.7925448e-06 -1.0387887e-06
3022 3.3214065e-05 5.7907781e-06 -1.0330247e-06
3023 3.316484e-05 5.7890384e-06 -1.0272593e-06
3024 3.3115453e-05 5.787336e-06 -1.0214885e-06
3025 3.3066023e-05 5.7856514e-06 -1.0157206e-06
3026 3.3016545e-05 5.7839943e-06 -1.0099496e-06
3027 3.2966976e-05 5.7823737e-06 -1.0041812e-06
3028 3.2917284e-05 5.780782e-06 -9.9842301e-07
3029 3.2867579e-05 5.7792074e-06 -9.9266508e-07
3030 3.2817786e-05 5.7776706e-06 -9.869203e-07
3031 3.2768073e-05 5.7761613e-06 -9.8117271e-07
3032 3.2718046e-05 5.7746799e-06 -9.7543662e-07
3033 3.2668048e-05 5.773225e-06 -9.6971396e-07
3034 3.2618047e-05 5.771799e-06 -9.6401246e-07
3035 3.2567805e-05 5.7703997e-06 -9.5830878e-07
3036 3.2517642e-05 5.7690283e-06 -9.5262419e-07
3037 3.2467301e-05 5.7676944e-06 -9.4696071e-07
3038 3.2417027e-05 5.7663779e-06 -9.4131736e-07
3039 3.2366677e-05 5.7650985e-06 -9.3567879e-07
3040 3.2316191e-05 5.763837e-06 -9.3007726e-07
3041 3.2265766e-05 5.7626114e-06 -9.2448953e-07
3042 3.2215297e-05 5.7614146e-06 -9.1892298e-07
3043 3.2164697e-05 5.7602441e-06 -9.133794e-07
3044 3.2114128e-05 5.7591003e-06 -9.0785587e-07
3045 3.2063575e-05 5.7579836e-06 -9.0236678e-07
3046 3.2012851e-05 5.7568937e-06 -8.9690302e-07
3047 3.1962197e-05 5.7558303e-06 -8.9146389e-07
3048 3.1911507e-05 5.7548034e-06 -8.8606323e-07
3049 3.1860715e-05 5.7537929e-06 -8.8068853e-07
3050 3.1809995e-05 5.752809e-06 -8.753383e-07
3051 3.1759268e-05 5.7518611e-06 -8.7002483e-07
3052 3.1708414e-05 5.7509389e-06 -8.647555e-07
3053 3.1657634e-05 5.750032e-06 -8.5950157e-07
3054 3.1606871e-05 5.7491615e-06 -8.5430138e-07
3055 3.1556008e-05 5.7483163e-06 -8.491331e-07
3056 3.1505244e-05 5.7474967e-06 -8.4399781e-07
3057 3.1454504e-05 5.7467023e-06 -8.3891411e-07
3058 3.1403707e-05 5.7459327e-06 -8.3385657e-07
3059 3.1352953e-05 5.7451985e-06 -8.2883895e-07
3060 3.1302289e-05 5.7444778e-06 -8.238734e-07
3061 3.1251449e-05 5.7437819e-06 -8.1894307e-07
3062 3.1200806e-05 5.7431208e-06 -8.1405764e-07
3063 3.1150174e-05 5.7424731e-06 -8.0921234e-07
3064 3.1099558e-05 5.7418598e-06 -8.0440969e-07
3065 3.1048871e-05 5.7412689e-06 -7.9965145e-07
3066 3.0998313e-05 5.7407022e-06 -7.9494404e-07
3067 3.0947773e-05 5.7401578e-06 -7.9028531e-07
3068 3.0897169e-05 5.7396367e-06 -7.8566635e-07
3069 3.0846701e-05 5.739138e-06 -7.8109543e-07
3070 3.0796305e-05 5.7386619e-06 -7.7657197e-07
3071 3.0745957e-05 5.7382073e-06 -7.7209578e-07
3072 3.069032e-05 5.7377849e-06 -7.6767606e-07
3073 3.0629421e-05 5.7373737e-06 -7.6329465e-07
3074 3.0568698e-05 5.7369937e-06 -7.5896399e-07
3075 3.050806e-05 5.7366251e-06 -7.5469728e-07
3076 3.0447423e-05 5.7362865e-06 -7.5046943e-07
3077 3.0386846e-05 5.7359687e-06 -7.4630226e-07
3078 3.0326372e-05 5.7356703e-06 -7.4217966e-07
3079 3.0266049e-05 5.7353928e-06 -7.3811165e-07
3080 3.020569e-05 5.7351343e-06 -7.340878e-07
3081 3.0145488e-05 5.7348944e-06 -7.3013092e-07
3082 3.0085229e-05 5.7346738e-06 -7.2622495e-07
3083 3.0025154e-05 5.7344718e-06 -7.2236451e-07
3084 2.9965116e-05 5.7342974e-06 -7.1856226e-07
3085 2.9905184e-05 5.7341316e-06 -7.148113e-07
3086 2.9845291e-05 5.7339933e-06 -7.111224e-07
3087 2.978554e-05 5.7338615e-06 -7.0748696e-07
3088 2.9725806e-05 5.7337569e-06 -7.0389879e-07
3089 2.9666303e-05 5.7336697e-06 -7.0037316e-07
3090 2.9606753e-05 5.7335979e-06 -6.969018e-07
3091 2.9547435e-05 5.7335421e-06 -6.934856e-07
3092 2.9488174e-05 5.7335026e-06 -6.9013127e-07
3093 2.9428932e-05 5.7334787e-06 -6.8682511e-07
3094 2.9369869e-05 5.7334692e-06 -6.8357942e-07
3095 2.9310943e-05 5.7334852e-06 -6.8038711e-07
3096 2.9252175e-05 5.7335044e-06 -6.7725226e-07
3097 2.9193442e-05 5.7335492e-06 -6.7417781e-07
3098 2.9134804e-05 5.7335962e-06 -6.7115636e-07
3099 2.9076334e-05 5.7336677e-06 -6.6819359e-07
3100 2.9017942e-05 5.7337505e-06 -6.6528788e-07
3101 2.8959729e-05 5.7338374e-06 -6.6243833e-07
3102 2.8901663e-05 5.7339465e-06 -6.5964275e-07
3103 2.8843613e-05 5.7340664e-06 -6.5690511e-07
3104 2.8785746e-05 5.7342096e-06 -6.5422388e-07
3105 2.8728144e-05 5.7343535e-06 -6.5159944e-07
3106 2.8670573e-05 5.7345086e-06 -6.4903026e-07
3107 2.8613142e-05 5.7346735e-06 -6.4652095e-07
3108 2.8555845e-05 5.7348585e-06 -6.4405538e-07
3109 2.8498768e-05 5.7350451e-06 -6.4165829e-07
3110 2.844186e-05 5.7352486e-06 -6.3930951e-07
3111 2.8384965e-05 5.7354634e-06 -6.3701367e-07
3112 2.8336149e-05 5.7356752e-06 -6.3477101e-07
3113 2.8295181e-05 5.7359063e-06 -6.3258578e-07
3114 2.8254459e-05 5.736146e-06 -6.3045963e-07
3115 2.8213886e-05 5.7363934e-06 -6.283748e-07
3116 2.8173368e-05 5.7366473e-06 -6.2635514e-07
3117 2.8133132e-05 5.7369206e-06 -6.2437666e-07
3118 2.8092993e-05 5.7371888e-06 -6.2246207e-07
3119 2.8053126e-05 5.7374649e-06 -6.2058883e-07
3120 2.8013392e-05 5.7377561e-06 -6.1877028e-07
3121 2.7973769e-05 5.7380434e-06 -6.1700402e-07
3122 2.7934423e-05 5.7383474e-06 -6.1528328e-07
3123 2.7895288e-05 5.7386567e-06 -6.1361612e-07
3124 2.7856221e-05 5.7389685e-06 -6.11991e-07
3125 2.7817411e-05 5.7392876e-06 -6.1042636e-07
3126 2.7778839e-05 5.7395997e-06 -6.089032e-07
3127 2.7740334e-05 5.739937e-06 -6.0742565e-07
3128 2.7702112e-05 5.7402679e-06 -6.0600195e-07
3129 2.7664088e-05 5.740602e-06 -6.0462261e-07
3130 2.7626201e-05 5.7409383e-06 -6.0328823e-07
3131 2.7588534e-05 5.741289e-06 -6.0200019e-07
3132 2.755116e-05 5.7416313e-06 -6.0075329e-07
3133 2.7513803e-05 5.7419869e-06 -5.9955589e-07
3134 2.7476825e-05 5.7423345e-06 -5.9838897e-07
3135 2.7439998e-05 5.7426933e-06 -5.9728351e-07
3136 2.7403389e-05 5.7430544e-06 -5.9620277e-07
3137 2.7366894e-05 5.7434155e-06 -5.9517755e-07
3138 2.7330696e-05 5.7437788e-06 -5.9418554e-07
3139 2.7294703e-05 5.7441422e-06 -5.9322833e-07
3140 2.7258894e-05 5.7445057e-06 -5.9231813e-07
3141 2.7223282e-05 5.7448793e-06 -5.9145027e-07
3142 2.7187809e-05 5.7452425e-06 -5.9061053e-07
3143 2.7152613e-05 5.7456048e-06 -5.8981907e-07
3144 2.7117652e-05 5.745979e-06 -5.8906019e-07
3145 2.7082855e-05 5.7463503e-06 -5.8833442e-07
3146 2.7048288e-05 5.7467119e-06 -5.8764671e-07
3147 2.7013934e-05 5.7470818e-06 -5.869895e-07
3148 2.69797e-05 5.7474505e-06 -5.8636892e-07
3149 2.6945729e-05 5.7478172e-06 -5.857845e-07
3150 2.6911966e-05 5.7481822e-06 -5.8523251e-07
3151 2.6878395e-05 5.7485407e-06 -5.8470645e-07
3152 2.6841073e-05 5.7489018e-06 -5.8421775e-07
3153 2.6799902e-05 5.7492747e-06 -5.8375613e-07
3154 2.6758941e-05 5.7496262e-06 -5.8331843e-07
3155 2.6718163e-05 5.7499815e-06 -5.8291435e-07
3156 2.6677524e-05 5.7503404e-06 -5.825398e-07
3157 2.6637124e-05 5.750697e-06 -5.8219273e-07
3158 2.6596955e-05 5.7510382e-06 -5.8186578e-07
3159 2.6556972e-05 5.75138e-06 -5.8156491e-07
3160 2.6517167e-05 5.7517295e-06 -5.8129625e-07
3161 2.6477604e-05 5.7520645e-06 -5.8104591e-07
3162 2.6438212e-05 5.7524044e-06 -5.8081293e-07
3163 2.6398998e-05 5.7527356e-06 -5.8060879e-07
3164 2.6359963e-05 5.7530707e-06 -5.8042503e-07
3165 2.632115e-05 5.7533902e-06 -5.8026385e-07
3166 2.6282522e-05 5.7537073e-06 -5.8012308e-07
3167 2.6244171e-05 5.7540269e-06 -5.7999505e-07
3168 2.6205934e-05 5.7543289e-06 -5.798897e-07
3169 2.6167836e-05 5.7546416e-06 -5.7980168e-07
3170 2.6130003e-05 5.7549473e-06 -5.7972888e-07
3171 2.609231e-05 5.755244e-06 -5.7967145e-07
3172 2.6054845e-05 5.7555315e-06 -5.7962588e-07
3173 2.6017541e-05 5.7558203e-06 -5.7960542e-07
3174 2.5980534e-05 5.7560979e-06 -5.7959119e-07
3175 2.5943604e-05 5.7563728e-06 -5.7958919e-07
3176 2.5906909e-05 5.7566343e-06 -5.7959866e-07
3177 2.5870352e-05 5.7569083e-06 -5.7962176e-07
3178 2.5834017e-05 5.7571615e-06 -5.7965147e-07
3179 2.5797935e-05 5.7574148e-06 -5.7970284e-07
3180 2.5761983e-05 5.7576537e-06 -5.7974949e-07
3181 2.5726217e-05 5.7578968e-06 -5.7980915e-07
3182 2.5690652e-05 5.7581357e-06 -5.7987656e-07
3183 2.5655344e-05 5.7583622e-06 -5.7995e-07
3184 2.5620176e-05 5.7585903e-06 -5.8003054e-07
3185 2.5585156e-05 5.7588036e-06 -5.801141e-07
3186 2.5550431e-05 5.7590105e-06 -5.8019918e-07
3187 2.5515831e-05 5.7592182e-06 -5.802893e-07
3188 2.5481477e-05 5.7594096e-06 -5.8038153e-07
3189 2.5447242e-05 5.75961e-06 -5.8048219e-07
3190 2.5413211e-05 5.7597932e-06 -5.8057567e-07
3191 2.5379458e-05 5.7599741e-06 -5.8067589e-07
3192 2.5345463e-05 5.760141e-06 -5.8077459e-07
3193 2.5311541e-05 5.7603157e-06 -5.8087485e-07
3194 2.5277753e-05 5.7604797e-06 -5.8096468e-07
3195 2.5244134e-05 5.7606307e-06 -5.8105939e-07
3196 2.5210641e-05 5.7607813e-06 -5.8114681e-07
3197 2.5177388e-05 5.7609256e-06 -5.8123143e-07
3198 2.5144313e-05 5.7610559e-06 -5.8131292e-07
3199 2.5111429e-05 5.7611875e-06 -5.8138957e-07
3200 2.5078681e-05 5.7613132e-06 -5.8145662e-07
3201 2.5046183e-05 5.761431e-06 -5.8151874e-07
3202 2.5013828e-05 5.7615469e-06 -5.8157416e-07
3203 2.4981564e-05 5.7616418e-06 -5.8162122e-07
3204 2.4949495e-05 5.7617467e-06 -5.8165337e-07
3205 2.4917686e-05 5.76184e-06 -5.8168663e-07
3206 2.488594e-05 5.7619128e-06 -5.817079e-07
3207 2.4854349e-05 5.7619967e-06 -5.8171238e-07
3208 2.4823053e-05 5.7620654e-06 -5.8170601e-07
3209 2.4791738e-05 5.7621415e-06 -5.8169662e-07
3210 2.4760616e-05 5.7622052e-06 -5.8166843e-07
3211 2.4729727e-05 5.7622555e-06 -5.8162677e-07
3212 2.4698904e-05 5.7622993e-06 -5.8157398e-07
3213 2.4668294e-05 5.762351e-06 -5.8151492e-07
3214 2.4637775e-05 5.7623859e-06 -5.8143568e-07
3215 2.4607328e-05 5.7624214e-06 -5.8134005e-07
3216 2.4577161e-05 5.7624502e-06 -5.8123606e-07
3217 2.454702e-05 5.7624688e-06 -5.8111317e-07
3218 2.4517069e-05 5.7624787e-06 -5.8097368e-07
3219 2.4487163e-05 5.7624875e-06 -5.8081271e-07
3220 2.4457484e-05 5.7624902e-06 -5.8064188e-07
3221 2.442792e-05 5.7624969e-06 -5.8045719e-07
3222 2.4398343e-05 5.762488e-06 -5.8024484e-07
3223 2.4369011e-05 5.7624714e-06 -5.8001888e-07
3224 2.4339695e-05 5.762457e-06 -5.797806e-07
3225 2.4310531e-05 5.7624319e-06 -5.7952429e-07
3226 2.4281526e-05 5.762407e-06 -5.7923761e-07
3227 2.4252497e-05 5.7623682e-06 -5.789411e-07
3228 2.4223678e-05 5.7623318e-06 -5.7862136e-07
3229 2.4194983e-05 5.7622905e-06 -5.7828365e-07
3230 2.4166264e-05 5.7622443e-06 -5.7792256e-07
3231 2.4137684e-05 5.7621908e-06 -5.7754829e-07
3232 2.4111379e-05 5.7621331e-06 -5.7714294e-07
3233 2.4085016e-05 5.7620684e-06 -5.7671993e-07
3234 2.4058808e-05 5.7620037e-06 -5.7627868e-07
3235 2.4032742e-05 5.7619399e-06 -5.7581671e-07
3236 2.4006623e-05 5.7618636e-06 -5.753325e-07
3237 2.3980729e-05 5.7617913e-06 -5.7482358e-07
3238 2.3954882e-05 5.7617053e-06 -5.7429263e-07
3239 2.3929008e-05 5.7616255e-06 -5.737446e-07
3240 2.3903352e-05 5.7615416e-06 -5.7316357e-07
3241 2.3877741e-05 5.7614547e-06 -5.7256826e-07
3242 2.3852103e-05 5.761363e-06 -5.7194835e-07
3243 2.3826653e-05 5.7612678e-06 -5.7130601e-07
3244 2.3801302e-05 5.7611696e-06 -5.7064385e-07
3245 2.3775995e-05 5.7610678e-06 -5.6995124e-07
3246 2.3750656e-05 5.7609628e-06 -5.6923681e-07
3247 2.3725502e-05 5.7608647e-06 -5.6849784e-07
3248 2.3700427e-05 5.7607531e-06 -5.677341e-07
3249 2.3675378e-05 5.7606492e-06 -5.6694613e-07
3250 2.365035e-05 5.7605328e-06 -5.66137e-07
3251 2.362545e-05 5.7604239e-06 -5.6530312e-07
3252 2.3600606e-05 5.7603122e-06 -5.6443562e-07
3253 2.3575835e-05 5.7601986e-06 -5.6355014e-07
3254 2.3551061e-05 5.7600822e-06 -5.6264135e-07
3255 2.3526398e-05 5.759965e-06 -5.6170766e-07
3256 2.3501835e-05 5.7598457e-06 -5.6075397e-07
3257 2.3477284e-05 5.7597247e-06 -5.5976902e-07
3258 2.345275e-05 5.7596119e-06 -5.5875781e-07
3259 2.3428339e-05 5.7594884e-06 -5.5772236e-07
3260 2.3403951e-05 5.7593733e-06 -5.5666777e-07
3261 2.3379653e-05 5.759248e-06 -5.5558821e-07
3262 2.3355426e-05 5.7591311e-06 -5.5448334e-07
3263 2.3331109e-05 5.7590134e-06 -5.5335086e-07
3264 2.3306963e-05 5.7588846e-06 -5.5219212e-07
3265 2.3282828e-05 5.7587658e-06 -5.5101521e-07
3266 2.325874e-05 5.758646e-06 -5.4980522e-07
3267 2.3234709e-05 5.758536e-06 -5.4857823e-07
3268 2.3210739e-05 5.7584153e-06 -5.4732822e-07
3269 2.3186768e-05 5.7582953e-06 -5.4604553e-07
3270 2.316273e-05 5.758175e-06 -5.44746e-07
3271 2.3140958e-05 5.7580655e-06 -5.4342092e-07
3272 2.3121401e-05 5.7579458e-06 -5.420704e-07
3273 2.3101764e-05 5.7578382e-06 -5.4069577e-07
3274 2.3082209e-05 5.7577307e-06 -5.3930412e-07
3275 2.3062737e-05 5.7576248e-06 -5.3788647e-07
3276 2.3043196e-05 5.7575199e-06 -5.3645373e-07
3277 2.3023691e-05 5.7574056e-06 -5.3498764e-07
3278 2.3004278e-05 5.757314e-06 -5.335063e-07
3279 2.2984839e-05 5.757213e-06 -5.3199825e-07
3280 2.2965359e-05 5.7571143e-06 -5.3047346e-07
3281 2.2946022e-05 5.7570168e-06 -5.2892702e-07
3282 2.2926581e-05 5.7569306e-06 -5.273515e-07
3283 2.2907185e-05 5.7568373e-06 -5.2576644e-07
3284 2.2887854e-05 5.7567566e-06 -5.2414889e-07
3285 2.286846e-05 5.7566672e-06 -5.225196e-07
3286 2.2849182e-05 5.7565916e-06 -5.2086935e-07
3287 2.2829799e-05 5.7565181e-06 -5.1919622e-07
3288 2.2810386e-05 5.7564476e-06 -5.1750982e-07
3289 2.2791093e-05 5.756381e-06 -5.1580604e-07
3290 2.2771703e-05 5.7563166e-06 -5.1407521e-07
3291 2.2752323e-05 5.7562551e-06 -5.1232915e-07
3292 2.2733017e-05 5.7562078e-06 -5.1056625e-07
3293 2.2713588e-05 5.7561534e-06 -5.0878458e-07
3294 2.2694176e-05 5.7561022e-06 -5.0698307e-07
3295 2.2674828e-05 5.7560645e-06 -5.0516517e-07
3296 2.2655366e-05 5.756031e-06 -5.0332779e-07
3297 2.2635933e-05 5.755992e-06 -5.014737e-07
3298 2.2616573e-05 5.7559669e-06 -4.9960801e-07
3299 2.2597096e-05 5.7559456e-06 -4.9772493e-07
3300 2.2577605e-05 5.7559293e-06 -4.9582482e-07
3301 2.2558197e-05 5.7559174e-06 -4.9391043e-07
3302 2.2538685e-05 5.7559111e-06 -4.9198688e-07
3303 2.2519254e-05 5.7559087e-06 -4.9004208e-07
3304 2.2499704e-05 5.7559208e-06 -4.8808848e-07
3305 2.2480164e-05 5.7559289e-06 -4.8611619e-07
3306 2.246067e-05 5.755951e-06 -4.8413639e-07
3307 2.2441111e-05 5.7559699e-06 -4.8213998e-07
3308 2.2421514e-05 5.7560026e-06 -4.8013408e-07
3309 2.2401962e-05 5.7560416e-06 -4.7810616e-07
3310 2.2382319e-05 5.7560752e-06 -4.7607509e-07
3311 2.2356872e-05 5.7561248e-06 -4.7403586e-07
3312 2.2325633e-05 5.75618e-06 -4.7197765e-07
3313 2.2294318e-05 5.7562412e-06 -4.699054e-07
3314 2.2263037e-05 5.7563183e-06 -4.6783174e-07
3315 2.2231644e-05 5.7563908e-06 -4.6575216e-07
3316 2.2200294e-05 5.7564702e-06 -4.6365672e-07
3317 2.2169075e-05 5.7565651e-06 -4.6155285e-07
3318 2.2137716e-05 5.7566566e-06 -4.5943758e-07
3319 2.2106363e-05 5.7567639e-06 -4.5731471e-07
3320 2.2074949e-05 5.7568775e-06 -4.5519094e-07
3321 2.2043695e-05 5.7569873e-06 -4.5305071e-07
3322 2.2012261e-05 5.7571137e-06 -4.5090678e-07
3323 2.1980951e-05 5.7572462e-06 -4.4875525e-07
3324 2.1949517e-05 5.7573856e-06 -4.4659508e-07
3325 2.1918153e-05 5.7575419e-06 -4.4443501e-07
3326 2.1886806e-05 5.7576958e-06 -4.4226706e-07
3327 2.185534e-05 5.7578537e-06 -4.4008875e-07
3328 2.1823991e-05 5.7580204e-06 -4.3790925e-07
3329 2.1792614e-05 5.7582041e-06 -4.3572392e-07
3330 2.1761214e-05 5.7583942e-06 -4.33542e-07
3331 2.1729838e-05 5.7585817e-06 -4.3134904e-07
3332 2.1698573e-05 5.7587857e-06 -4.2915843e-07
3333 2.1667149e-05 5.7589976e-06 -4.2696599e-07
3334 2.1635774e-05 5.7592161e-06 -4.2477162e-07
3335 2.1604477e-05 5.7594415e-06 -4.2257034e-07
3336 2.1573052e-05 5.7596734e-06 -4.2037191e-07
3337 2.1541737e-05 5.7599151e-06 -4.1816958e-07
3338 2.1510338e-05 5.7601617e-06 -4.1596845e-07
3339 2.1479006e-05 5.7604256e-06 -4.1376685e-07
3340 2.1447638e-05 5.7606874e-06 -4.115687e-07
3341 2.1416333e-05 5.7609675e-06 -4.0936612e-07
3342 2.1384987e-05 5.7612434e-06 -4.0717072e-07
3343 2.1353639e-05 5.7615367e-06 -4.0497669e-07
3344 2.1322307e-05 5.7618385e-06 -4.0278061e-07
3345 2.1290921e-05 5.762147e-06 -4.0059365e-07
3346 2.1259551e-05 5.7624632e-06 -3.9840535e-07
3347 2.1228308e-05 5.7627868e-06 -3.962216e-07
3348 2.1196924e-05 5.763118e-06 -3.9404178e-07
3349 2.1165578e-05 5.7634563e-06 -3.9186846e-07
3350 2.1134277e-05 5.7638023e-06 -3.896989e-07
3351 2.1109772e-05 5.7641656e-06 -3.8753411e-07
3352 2.1091992e-05 5.7645268e-06 -3.853733e-07
3353 2.1074309e-05 5.7649046e-06 -3.8321951e-07
3354 2.1056501e-05 5.7652904e-06 -3.8106898e-07
3355 2.1038772e-05 5.7656723e-06 -3.789286e-07
3356 2.1020933e-05 5.7660715e-06 -3.7679203e-07
3357 2.1003203e-05 5.7664814e-06 -3.7466798e-07
3358 2.0985353e-05 5.7668957e-06 -3.7254773e-07
3359 2.0967619e-05 5.7673189e-06 -3.7043529e-07
3360 2.0949752e-05 5.7677575e-06 -3.6833186e-07
3361 2.0931999e-05 5.7681972e-06 -3.6623696e-07
3362 2.0914215e-05 5.7686411e-06 -3.6414838e-07
3363 2.089637e-05 5.7691012e-06 -3.6207082e-07
3364 2.0878601e-05 5.7695628e-06 -3.6000434e-07
3365 2.0860729e-05 5.7700372e-06 -3.5794511e-07
3366 2.0842952e-05 5.7705218e-06 -3.559013e-07
3367 2.0825183e-05 5.7710036e-06 -3.5386063e-07
3368 2.0807301e-05 5.7715038e-06 -3.5183552e-07
3369 2.0789522e-05 5.7720095e-06 -3.4982066e-07
3370 2.0771775e-05 5.7725207e-06 -3.4781595e-07
3371 2.0753888e-05 5.7730424e-06 -3.4582252e-07
3372 2.0736114e-05 5.7735776e-06 -3.4383971e-07
3373 2.0718381e-05 5.7741112e-06 -3.418717e-07
3374 2.0700534e-05 5.7746524e-06 -3.3991469e-07
3375 2.0682771e-05 5.7752102e-06 -3.3796694e-07
3376 2.0665026e-05 5.7757757e-06 -3.3603668e-07
3377 2.0647305e-05 5.7763378e-06 -3.3411718e-07
3378 2.0629509e-05 5.7769164e-06 -3.3221099e-07
3379 2.0611792e-05 5.7775017e-06 -3.3032057e-07
3380 2.0594125e-05 5.7780935e-06 -3.2844102e-07
3381 2.0576439e-05 5.7786917e-06 -3.265751e-07
3382 2.0558806e-05 5.7792972e-06 -3.2472255e-07
3383 2.0541039e-05 5.7799091e-06 -3.2288228e-07
3384 2.0523435e-05 5.7805372e-06 -3.2106311e-07
3385 2.0505866e-05 5.781161e-06 -3.1925517e-07
3386 2.0488269e-05 5.7817923e-06 -3.1746087e-07
3387 2.0470712e-05 5.7824394e-06 -3.1568065e-07
3388 2.0453202e-05 5.7830918e-06 -3.1391625e-07
3389 2.0435632e-05 5.7837422e-06 -3.1216742e-07
3390 2.0418161e-05 5.7844068e-06 -3.1043438e-07
3391 2.039643e-05 5.785078e-06 -3.087206e-07
3392 2.0370368e-05 5.7857556e-06 -3.0701841e-07
3393 2.0344201e-05 5.7864383e-06 -3.0533192e-07
3394 2.0318201e-05 5.7871279e-06 -3.0366468e-07
3395 2.029223e-05 5.7878319e-06 -3.0201448e-07
3396 2.0266327e-05 5.7885323e-06 -3.0037909e-07
3397 2.0240408e-05 5.7892382e-06 -2.987612e-07
3398 2.0214592e-05 5.78996e-06 -2.9715772e-07
3399 2.0188785e-05 5.7906864e-06 -2.9557486e-07
3400 2.0163006e-05 5.791409e-06 -2.9401075e-07
3401 2.0137267e-05 5.7921457e-06 -2.9245983e-07
3402 2.011159e-05 5.792889e-06 -2.9092919e-07
3403 2.0085994e-05 5.7936363e-06 -2.894129e-07
3404 2.0060505e-05 5.7943891e-06 -2.8791492e-07
3405 2.0034956e-05 5.7951469e-06 -2.8643571e-07
3406 2.0009454e-05 5.795909e-06 -2.8497281e-07
3407 1.998402e-05 5.7966866e-06 -2.8353249e-07
3408 1.9958623e-05 5.7974585e-06 -2.8210351e-07
3409 1.9933303e-05 5.7982453e-06 -2.8069582e-07
3410 1.9908101e-05 5.7990261e-06 -2.7930429e-07
3411 1.9882871e-05 5.7998214e-06 -2.7793095e-07
3412 1.9857664e-05 5.8006213e-06 -2.7657572e-07
3413 1.9832521e-05 5.8014153e-06 -2.752398e-07
3414 1.9807525e-05 5.8022236e-06 -2.7392296e-07
3415 1.978248e-05 5.8030358e-06 -2.7262315e-07
3416 1.975746e-05 5.8038622e-06 -2.7133845e-07
3417 1.9732619e-05 5.8046818e-06 -2.7007653e-07
3418 1.9707729e-05 5.805506e-06 -2.6882995e-07
3419 1.9682916e-05 5.8063338e-06 -2.6759982e-07
3420 1.9658206e-05 5.8071752e-06 -2.6638921e-07
3421 1.9633476e-05 5.8080101e-06 -2.6519684e-07
3422 1.9608917e-05 5.8088587e-06 -2.6402366e-07
3423 1.9584294e-05 5.8097109e-06 -2.6286356e-07
3424 1.9559836e-05 5.8105659e-06 -2.6172551e-07
3425 1.9535303e-05 5.8114244e-06 -2.6060317e-07
3426 1.9510987e-05 5.8122858e-06 -2.5949965e-07
3427 1.9486582e-05 5.8131504e-06 -2.5841606e-07
3428 1.9462343e-05 5.814018e-06 -2.5734593e-07
3429 1.9438066e-05 5.8148883e-06 -2.562981e-07
3430 1.9413938e-05 5.815762e-06 -2.5526213e-07
3431 1.9392566e-05 5.8166479e-06 -2.54246e-07
3432 1.9374039e-05 5.8175265e-06 -2.5324686e-07
3433 1.9355511e-05 5.8184176e-06 -2.5226619e-07
3434 1.9337129e-05 5.8193114e-06 -2.5130367e-07
3435 1.9318794e-05 5.8201978e-06 -2.5035565e-07
3436 1.9300538e-05 5.8210963e-06 -2.4942355e-07
3437 1.9282228e-05 5.8219967e-06 -2.4851019e-07
3438 1.9264105e-05 5.8228995e-06 -2.4761155e-07
3439 1.9246046e-05 5.8238143e-06 -2.4672912e-07
3440 1.9227936e-05 5.8247213e-06 -2.4586533e-07
3441 1.9209999e-05 5.8256298e-06 -2.4501887e-07
3442 1.9192137e-05 5.8265504e-06 -2.441862e-07
3443 1.9174347e-05 5.8274623e-06 -2.4336669e-07
3444 1.9156529e-05 5.8283861e-06 -2.4256933e-07
3445 1.9138843e-05 5.8293014e-06 -2.4178617e-07
3446 1.9121264e-05 5.8302284e-06 -2.4101743e-07
3447 1.9103751e-05 5.8311567e-06 -2.4026514e-07
3448 1.9086246e-05 5.8320862e-06 -2.3952586e-07
3449 1.9068869e-05 5.8330172e-06 -2.3880283e-07
3450 1.9051592e-05 5.8339495e-06 -2.3809735e-07
3451 1.9034276e-05 5.8348831e-06 -2.3740489e-07
3452 1.9017128e-05 5.8358172e-06 -2.3672558e-07
3453 1.9000076e-05 5.8367625e-06 -2.3605925e-07
3454 1.8983122e-05 5.8376992e-06 -2.3541123e-07
3455 1.8966132e-05 5.8386462e-06 -2.3477877e-07
3456 1.8949291e-05 5.8395941e-06 -2.3415807e-07
3457 1.893255e-05 5.8405328e-06 -2.3355009e-07
3458 1.8915901e-05 5.8414816e-06 -2.3295642e-07
3459 1.8899211e-05 5.8424317e-06 -2.3237947e-07
3460 1.8882712e-05 5.8433818e-06 -2.3181329e-07
3461 1.8866303e-05 5.8443322e-06 -2.3125981e-07
3462 1.8849883e-05 5.845283e-06 -2.307199e-07
3463 1.8833617e-05 5.846244e-06 -2.30194e-07
3464 1.8817475e-05 5.847195e-06 -2.2967588e-07
3465 1.8801384e-05 5.8481463e-06 -2.2917559e-07
3466 1.8785272e-05 5.8491074e-06 -2.2868476e-07
3467 1.8769354e-05 5.8500688e-06 -2.2820773e-07
3468 1.8753513e-05 5.85102e-06 -2.2774148e-07
3469 1.8737763e-05 5.8519809e-06 -2.2728615e-07
3470 1.8721994e-05 5.8529419e-06 -2.2684277e-07
3471 1.8703601e-05 5.8539022e-06 -2.2641213e-07
3472 1.86824e-05 5.8548624e-06 -2.2599232e-07
3473 1.8661275e-05 5.855822e-06 -2.255818e-07
3474 1.8640332e-05 5.8567811e-06 -2.2518199e-07
3475 1.8619368e-05 5.8577497e-06 -2.2479499e-07
3476 1.8598582e-05 5.8587076e-06 -2.2441515e-07
3477 1.8577786e-05 5.8596746e-06 -2.2404775e-07
3478 1.8557067e-05 5.8606311e-06 -2.236905e-07
3479 1.8536529e-05 5.861597e-06 -2.2334185e-07
3480 1.8515972e-05 5.8625619e-06 -2.2300277e-07
3481 1.8495596e-05 5.8635263e-06 -2.226718e-07
3482 1.8475192e-05 5.8644897e-06 -2.2235009e-07
3483 1.845498e-05 5.8654525e-06 -2.2203834e-07
3484 1.8434743e-05 5.8664145e-06 -2.2173336e-07
3485 1.8414681e-05 5.8673754e-06 -2.2143955e-07
3486 1.8394606e-05 5.8683357e-06 -2.2114997e-07
3487 1.8374708e-05 5.8693046e-06 -2.2086823e-07
3488 1.8354888e-05 5.8702629e-06 -2.2059554e-07
3489 1.8335043e-05 5.8712296e-06 -2.2032891e-07
3490 1.8315376e-05 5.8721958e-06 -2.2007057e-07
3491 1.8295787e-05 5.8731505e-06 -2.1981493e-07
3492 1.8276176e-05 5.8741145e-06 -2.1957476e-07
3493 1.8256744e-05 5.8750767e-06 -2.1933178e-07
3494 1.8237382e-05 5.876038e-06 -2.1910114e-07
3495 1.8218003e-05 5.876998e-06 -2.188718e-07
3496 1.81988e-05 5.8779669e-06 -2.1865063e-07
3497 1.8179672e-05 5.8789245e-06 -2.1843623e-07
3498 1.8160624e-05 5.879881e-06 -2.1822272e-07
3499 1.8141651e-05 5.8808461e-06 -2.1801654e-07
3500 1.8122648e-05 5.8817995e-06 -2.1781435e-07
3501 1.8103827e-05 5.8827618e-06 -2.1761717e-07
3502 1.808508e-05 5.8837227e-06 -2.1742374e-07
3503 1.8066406e-05 5.884682e-06 -2.1723541e-07
3504 1.8047804e-05 5.88563e-06 -2.1705315e-07
3505 1.802928e-05 5.8865865e-06 -2.1686797e-07
3506 1.801083e-05 5.8875515e-06 -2.1668887e-07
3507 1.7992451e-05 5.8885047e-06 -2.1651537e-07
3508 1.7974149e-05 5.8894572e-06 -2.1634357e-07
3509 1.7955917e-05 5.8904074e-06 -2.161735e-07
3510 1.7937764e-05 5.8913664e-06 -2.1600963e-07
3511 1.7921384e-05 5.8923139e-06 -2.1584478e-07
3512 1.7906778e-05 5.8932701e-06 -2.1568493e-07
3513 1.7892343e-05 5.8942245e-06 -2.1552359e-07
3514 1.7877883e-05 5.8951779e-06 -2.153665e-07
3515 1.786349e-05 5.8961292e-06 -2.1520774e-07
3516 1.7849272e-05 5.897079e-06 -2.1505487e-07
3517 1.7835029e-05 5.8980273e-06 -2.1490146e-07
3518 1.7820852e-05 5.898974e-06 -2.1475181e-07
3519 1.7806843e-05 5.8999189e-06 -2.1460101e-07
3520 1.7792811e-05 5.9008723e-06 -2.1444793e-07
3521 1.7778842e-05 5.9018139e-06 -2.1430085e-07
3522 1.7765048e-05 5.902764e-06 -2.1414951e-07
3523 1.775122e-05 5.9037028e-06 -2.1400178e-07
3524 1.7737563e-05 5.9046495e-06 -2.1385446e-07
3525 1.7723866e-05 5.905595e-06 -2.1370511e-07
3526 1.7710243e-05 5.9065385e-06 -2.1355594e-07
3527 1.769678e-05 5.9074806e-06 -2.1340628e-07
3528 1.7683284e-05 5.9084211e-06 -2.1325527e-07
3529 1.7669858e-05 5.9093598e-06 -2.1310592e-07
3530 1.7656596e-05 5.910297e-06 -2.1295258e-07
3531 1.7643294e-05 5.9112328e-06 -2.1280265e-07
3532 1.7630051e-05 5.9121767e-06 -2.1264816e-07
3533 1.7616974e-05 5.9131088e-06 -2.1249345e-07
3534 1.7603854e-05 5.9140499e-06 -2.1233543e-07
3535 1.7590898e-05 5.914989e-06 -2.1217721e-07
3536 1.7577905e-05 5.9159269e-06 -2.1201692e-07
3537 1.756497e-05 5.9168536e-06 -2.11856e-07
3538 1.7552186e-05 5.9177888e-06 -2.1169262e-07
3539 1.7539369e-05 5.9187228e-06 -2.1152615e-07
3540 1.7526707e-05 5.9196651e-06 -2.113586e-07
3541 1.7514002e-05 5.9205965e-06 -2.111876e-07
3542 1.7501353e-05 5.9215266e-06 -2.1101335e-07
3543 1.7488853e-05 5.9224653e-06 -2.1083725e-07
3544 1.7476316e-05 5.9233929e-06 -2.1065643e-07
3545 1.7463831e-05 5.924329e-06 -2.1047543e-07
3546 1.7451497e-05 5.9252541e-06 -2.1028982e-07
3547 1.7439116e-05 5.9261876e-06 -2.1010126e-07
3548 1.7426888e-05 5.9271205e-06 -2.0990812e-07
3549 1.7414611e-05 5.928052e-06 -2.0971428e-07
3550 1.7402388e-05 5.9289823e-06 -2.095137e-07
3551 1.7389708e-05 5.9299119e-06 -2.0931029e-07
3552 1.737629e-05 5.9308505e-06 -2.0910288e-07
3553 1.7363015e-05 5.9317779e-06 -2.0889025e-07
3554 1.7349691e-05 5.9327044e-06 -2.0867714e-07
3555 1.7336511e-05 5.9336399e-06 -2.0845706e-07
3556 1.7323384e-05 5.9345645e-06 -2.0823454e-07
3557 1.7310301e-05 5.9354984e-06 -2.0800549e-07
3558 1.7297166e-05 5.9364313e-06 -2.0777211e-07
3559 1.728418e-05 5.9373635e-06 -2.0753503e-07
3560 1.7271231e-05 5.9382952e-06 -2.072963e-07
3561 1.725824e-05 5.9392258e-06 -2.0704908e-07
3562 1.7245387e-05 5.9401558e-06 -2.0679782e-07
3563 1.7232578e-05 5.9410852e-06 -2.0654309e-07
3564 1.7219718e-05 5.9420238e-06 -2.0628545e-07
3565 1.7206995e-05 5.9429515e-06 -2.0601943e-07
3566 1.7194323e-05 5.9438886e-06 -2.0574888e-07
3567 1.7181689e-05 5.944815e-06 -2.0547403e-07
3568 1.7168994e-05 5.9457509e-06 -2.0519434e-07
3569 1.7156445e-05 5.9466858e-06 -2.049084e-07
3570 1.714393e-05 5.9476105e-06 -2.0461941e-07
3571 1.7131457e-05 5.9485446e-06 -2.0432623e-07
3572 1.7119028e-05 5.9494787e-06 -2.0402519e-07
3573 1.7106538e-05 5.9504223e-06 -2.0371909e-07
3574 1.7094185e-05 5.9513558e-06 -2.0340887e-07
3575 1.7081871e-05 5.9522886e-06 -2.0309697e-07
3576 1.7069596e-05 5.9532314e-06 -2.0277334e-07
3577 1.7057254e-05 5.9541641e-06 -2.0245006e-07
3578 1.704505e-05 5.9551063e-06 -2.0211715e-07
3579 1.7032885e-05 5.9560387e-06 -2.0178216e-07
3580 1.7020758e-05 5.9569808e-06 -2.0144189e-07
3581 1.7008653e-05 5.9579228e-06 -2.0109405e-07
3582 1.6996593e-05 5.9588647e-06 -2.0074377e-07
3583 1.6984456e-05 5.9598064e-06 -2.0038684e-07
3584 1.6972461e-05 5.9607483e-06 -2.0002422e-07
3585 1.6960489e-05 5.9616903e-06 -1.9965535e-07
3586 1.6948549e-05 5.9626423e-06 -1.9928454e-07
3587 1.6936645e-05 5.9635848e-06 -1.9890622e-07
3588 1.6924768e-05 5.964537e-06 -1.9852434e-07
3589 1.6912917e-05 5.96548e-06 -1.9813496e-07
3590 1.6901092e-05 5.9664327e-06 -1.9774162e-07
3591 1.6888798e-05 5.9673859e-06 -1.9734357e-07
3592 1.6876124e-05 5.9683395e-06 -1.9694046e-07
3593 1.6863486e-05 5.9692935e-06 -1.9653124e-07
3594 1.6850861e-05 5.9702478e-06 -1.9611787e-07
3595 1.6838364e-05 5.9712021e-06 -1.9569795e-07
3596 1.6825786e-05 5.9721573e-06 -1.9527533e-07
3597 1.6813237e-05 5.973113e-06 -1.9484532e-07
3598 1.6800706e-05 5.9740791e-06 -1.9441164e-07
3599 1.6788195e-05 5.9750361e-06 -1.939723e-07
3600 1.6775808e-05 5.9760032e-06 -1.9352632e-07
3601 1.676334e-05 5.9769716e-06 -1.9307913e-07
3602 1.6750889e-05 5.9779305e-06 -1.9262615e-07
3603 1.6738462e-05 5.9789006e-06 -1.9216583e-07
3604 1.6726056e-05 5.9798712e-06 -1.9170344e-07
3605 1.6713763e-05 5.9808427e-06 -1.9123535e-07
3606 1.6701392e-05 5.9818151e-06 -1.9076385e-07
3607 1.6689036e-05 5.9827987e-06 -1.9028696e-07
3608 1.6676801e-05 5.9837728e-06 -1.8980498e-07
3609 1.6664478e-05 5.9847485e-06 -1.8932077e-07
3610 1.6652179e-05 5.9857347e-06 -1.8882813e-07
3611 1.6639989e-05 5.9867222e-06 -1.8833513e-07
3612 1.6627713e-05 5.9877008e-06 -1.8783461e-07
3613 1.661546e-05 5.9886907e-06 -1.8733122e-07
3614 1.6603324e-05 5.9896815e-06 -1.8682411e-07
3615 1.6591094e-05 5.9906734e-06 -1.863116e-07
3616 1.6578891e-05 5.9916667e-06 -1.8579694e-07
3617 1.6566798e-05 5.9926614e-06 -1.8527886e-07
3618 1.6554618e-05 5.9936572e-06 -1.8475496e-07
3619 1.6542461e-05 5.9946646e-06 -1.842273e-07
3620 1.6530412e-05 5.9956629e-06 -1.8369572e-07
3621 1.6518279e-05 5.9966728e-06 -1.831608e-07
3622 1.6506265e-05 5.997674e-06 -1.8262305e-07
3623 1.6494162e-05 5.9986868e-06 -1.8208055e-07
3624 1.6482177e-05 5.9997007e-06 -1.8153557e-07
3625 1.6470105e-05 6.0007162e-06 -1.8098568e-07
3626 1.645815e-05 6.0017332e-06 -1.8043351e-07
3627 1.6446107e-05 6.0027516e-06 -1.7987531e-07
3628 1.6434181e-05 6.0037716e-06 -1.7931825e-07
3629 1.6422175e-05 6.0047934e-06 -1.7875716e-07
3630 1.6410283e-05 6.0058171e-06 -1.7819338e-07
3631 1.6401903e-05 6.006852e-06 -1.7762481e-07
3632 1.6393644e-05 6.0078788e-06 -1.7705351e-07
3633 1.6385299e-05 6.0089172e-06 -1.7648036e-07
3634 1.637707e-05 6.0099574e-06 -1.7590551e-07
3635 1.6368755e-05 6.0109991e-06 -1.7532878e-07
3636 1.6360559e-05 6.012033e-06 -1.747468e-07
3637 1.6352275e-05 6.0130786e-06 -1.741635e-07
3638 1.6344105e-05 6.0141356e-06 -1.7357738e-07
3639 1.633585e-05 6.0151847e-06 -1.7299202e-07
3640 1.632771e-05 6.0162354e-06 -1.7240315e-07
3641 1.6319488e-05 6.0172884e-06 -1.7181088e-07
3642 1.6311372e-05 6.0183528e-06 -1.7121852e-07
3643 1.6303176e-05 6.0194094e-06 -1.7062336e-07
3644 1.6295096e-05 6.0204779e-06 -1.7002884e-07
3645 1.6286922e-05 6.0215482e-06 -1.6943106e-07
3646 1.6278866e-05 6.0226106e-06 -1.6883297e-07
3647 1.6270715e-05 6.023685e-06 -1.6823005e-07
3648 1.6262684e-05 6.0247611e-06 -1.6763006e-07
3649 1.6254657e-05 6.0258395e-06 -1.6702772e-07
3650 1.6246544e-05 6.0269295e-06 -1.6642243e-07
3651 1.6238539e-05 6.0280121e-06 -1.6581864e-07
3652 1.6230445e-05 6.0290964e-06 -1.6521356e-07
3653 1.622246e-05 6.0301925e-06 -1.6460664e-07
3654 1.6214384e-05 6.031281e-06 -1.6400055e-07
3655 1.6206418e-05 6.0323816e-06 -1.6339324e-07
3656 1.6198355e-05 6.033484e-06 -1.6278578e-07
3657 1.6190407e-05 6.0345888e-06 -1.6217784e-07
3658 1.6182359e-05 6.0356954e-06 -1.6156711e-07
3659 1.6174421e-05 6.0368048e-06 -1.6096032e-07
3660 1.616639e-05 6.0379158e-06 -1.6035072e-07
3661 1.6158469e-05 6.039029e-06 -1.5974282e-07
3662 1.6150444e-05 6.0401446e-06 -1.5913465e-07
3663 1.6142532e-05 6.0412723e-06 -1.5852628e-07
3664 1.6134523e-05 6.0423922e-06 -1.5791883e-07
3665 1.6126619e-05 6.0435244e-06 -1.5731156e-07
3666 1.611862e-05 6.0446485e-06 -1.5670441e-07
3667 1.6110725e-05 6.0457848e-06 -1.5609768e-07
3668 1.6102739e-05 6.0469236e-06 -1.5549179e-07
3669 1.609485e-05 6.0480644e-06 -1.5488638e-07
3670 1.6086966e-05 6.0492075e-06 -1.5428243e-07
3671 1.607919e-05 6.0503529e-06 -1.5367806e-07
3672 1.6071516e-05 6.0515004e-06 -1.5307645e-07
3673 1.6063748e-05 6.0526498e-06 -1.5247487e-07
3674 1.6055986e-05 6.0538119e-06 -1.5187379e-07
3675 1.6048227e-05 6.0549662e-06 -1.5127477e-07
3676 1.6040476e-05 6.0561326e-06 -1.506759e-07
3677 1.6032825e-05 6.0573014e-06 -1.500802e-07
3678 1.6025085e-05 6.0584618e-06 -1.4948409e-07
3679 1.601735e-05 6.0596349e-06 -1.488911e-07
3680 1.6009621e-05 6.0608102e-06 -1.4829931e-07
3681 1.6001903e-05 6.0619877e-06 -1.4770819e-07
3682 1.5994291e-05 6.0631774e-06 -1.4711959e-07
3683 1.5986587e-05 6.0643593e-06 -1.4653271e-07
3684 1.5978893e-05 6.0655434e-06 -1.4594897e-07
3685 1.5971205e-05 6.0667397e-06 -1.4536485e-07
3686 1.5963526e-05 6.067928e-06 -1.4478397e-07
3687 1.595586e-05 6.0691284e-06 -1.4420658e-07
3688 1.5948303e-05 6.0703212e-06 -1.436285e-07
3689 1.5940661e-05 6.0715262e-06 -1.4305396e-07
3690 1.5933028e-05 6.0727332e-06 -1.4248166e-07
3691 1.5925409e-05 6.0739424e-06 -1.4191273e-07
3692 1.5917805e-05 6.0751537e-06 -1.4134587e-07
3693 1.5910319e-05 6.0763671e-06 -1.4078078e-07
3694 1.5902744e-05 6.0775927e-06 -1.4021915e-07
3695 1.5895185e-05 6.0788104e-06 -1.3966008e-07
3696 1.5887644e-05 6.0800304e-06 -1.3910546e-07
3697 1.5880118e-05 6.0812622e-06 -1.3855118e-07
3698 1.5872613e-05 6.0824961e-06 -1.3800099e-07
3699 1.5865222e-05 6.0837221e-06 -1.3745277e-07
3700 1.585775e-05 6.0849603e-06 -1.3690905e-07
3701 1.5850291e-05 6.0862004e-06 -1.3636785e-07
3702 1.5842854e-05 6.0874424e-06 -1.3582967e-07
3703 1.5835433e-05 6.0886867e-06 -1.3529615e-07
3704 1.5828126e-05 6.0899324e-06 -1.3476565e-07
3705 1.5820748e-05 6.0911907e-06 -1.3423576e-07
3706 1.5813382e-05 6.0924406e-06 -1.3371124e-07
3707 1.5806035e-05 6.0937025e-06 -1.3318992e-07
3708 1.5798707e-05 6.0949566e-06 -1.3267272e-07
3709 1.5791494e-05 6.0962226e-06 -1.3215737e-07
3710 1.5781501e-05 6.0974904e-06 -1.3164611e-07
3711 1.5768828e-05 6.09875e-06 -1.3113975e-07
3712 1.5756266e-05 6.1000214e-06 -1.3063593e-07
3713 1.5743629e-05 6.101295e-06 -1.3013477e-07
3714 1.5731102e-05 6.10258e-06 -1.2963827e-07
3715 1.5718496e-05 6.103857e-06 -1.2914516e-07
3716 1.5706004e-05 6.1051359e-06 -1.2865585e-07
3717 1.5693427e-05 6.1064166e-06 -1.2816899e-07
3718 1.5680963e-05 6.1077089e-06 -1.2768658e-07
3719 1.5668415e-05 6.1090031e-06 -1.2720904e-07
3720 1.5655988e-05 6.110289e-06 -1.2673469e-07
3721 1.564347e-05 6.1115866e-06 -1.2626221e-07
3722 1.5631072e-05 6.112886e-06 -1.2579601e-07
3723 1.5618681e-05 6.1141868e-06 -1.2533354e-07
3724 1.5606207e-05 6.1154895e-06 -1.2487516e-07
3725 1.5593844e-05 6.1167939e-06 -1.2441889e-07
3726 1.5581493e-05 6.1180998e-06 -1.2396777e-07
3727 1.5569154e-05 6.1194176e-06 -1.2352089e-07
3728 1.5556732e-05 6.1207267e-06 -1.2307785e-07
3729 1.5544418e-05 6.1220473e-06 -1.2263847e-07
3730 1.5532115e-05 6.1233597e-06 -1.222032e-07
3731 1.5519822e-05 6.1246835e-06 -1.2177133e-07
3732 1.5507542e-05 6.1260086e-06 -1.2134473e-07
3733 1.549527e-05 6.1273353e-06 -1.2092186e-07
3734 1.5483014e-05 6.1286635e-06 -1.2050169e-07
3735 1.5470666e-05 6.1299933e-06 -1.2008658e-07
3736 1.5458431e-05 6.1313243e-06 -1.1967561e-07
3737 1.5446206e-05 6.1326569e-06 -1.1926883e-07
3738 1.5433992e-05 6.1340009e-06 -1.1886547e-07
3739 1.5421793e-05 6.1353359e-06 -1.1846689e-07
3740 1.5409604e-05 6.1366825e-06 -1.1807253e-07
3741 1.5397424e-05 6.1380302e-06 -1.1768189e-07
3742 1.5385361e-05 6.1393693e-06 -1.172954e-07
3743 1.5373209e-05 6.14072e-06 -1.1691131e-07
3744 1.5361074e-05 6.1420715e-06 -1.1653273e-07
3745 1.5348952e-05 6.1434244e-06 -1.1615983e-07
3746 1.5336843e-05 6.1447785e-06 -1.1578896e-07
3747 1.532475e-05 6.1461436e-06 -1.1542246e-07
3748 1.5312675e-05 6.1475e-06 -1.1506032e-07
3749 1.5300721e-05 6.1488578e-06 -1.1470141e-07
3750 1.5291777e-05 6.1502263e-06 -1.1434792e-07
3751 1.5285857e-05 6.1515961e-06 -1.1399715e-07
3752 1.5280058e-05 6.1529568e-06 -1.1365063e-07
3753 1.5274273e-05 6.1543288e-06 -1.1330857e-07
3754 1.5268412e-05 6.1557018e-06 -1.1297089e-07
3755 1.5262674e-05 6.1570757e-06 -1.126356e-07
3756 1.5256859e-05 6.1584507e-06 -1.123054e-07
3757 1.5251162e-05 6.1598267e-06 -1.1197913e-07
3758 1.5245491e-05 6.1612036e-06 -1.1165683e-07
3759 1.5239746e-05 6.1625916e-06 -1.1133722e-07
3760 1.523412e-05 6.1639703e-06 -1.1102158e-07
3761 1.5228522e-05 6.1653597e-06 -1.1071071e-07
3762 1.5222849e-05 6.1667503e-06 -1.1040307e-07
3763 1.5217306e-05 6.1681313e-06 -1.1009849e-07
3764 1.5211786e-05 6.1695233e-06 -1.0979708e-07
3765 1.5206192e-05 6.1709165e-06 -1.0949972e-07
3766 1.5200725e-05 6.1723103e-06 -1.092064e-07
3767 1.5195291e-05 6.1737044e-06 -1.0891706e-07
3768 1.518978e-05 6.1750995e-06 -1.0863009e-07
3769 1.5184393e-05 6.1765053e-06 -1.0834685e-07
3770 1.517904e-05 6.1779018e-06 -1.0806638e-07
3771 1.5173609e-05 6.179309e-06 -1.0779095e-07
3772 1.516831e-05 6.1807069e-06 -1.0751723e-07
3773 1.5162938e-05 6.1821152e-06 -1.0724802e-07
3774 1.5157696e-05 6.1835242e-06 -1.0698114e-07
3775 1.5152478e-05 6.1849339e-06 -1.0671838e-07
3776 1.5147183e-05 6.1863441e-06 -1.0645849e-07
3777 1.5142018e-05 6.1877546e-06 -1.0620071e-07
3778 1.5136877e-05 6.1891656e-06 -1.0594787e-07
3779 1.5131662e-05 6.1905773e-06 -1.0569709e-07
3780 1.5126572e-05 6.1919997e-06 -1.0544974e-07
3781 1.5121503e-05 6.1934123e-06 -1.0520538e-07
3782 1.5116363e-05 6.1948355e-06 -1.0496294e-07
3783 1.5111344e-05 6.196249e-06 -1.0472435e-07
3784 1.5106346e-05 6.1976727e-06 -1.0448816e-07
3785 1.5101274e-05 6.1990974e-06 -1.042554e-07
3786 1.5096326e-05 6.200522e-06 -1.0402701e-07
3787 1.5091393e-05 6.2019473e-06 -1.0379863e-07
3788 1.5086384e-05 6.2033726e-06 -1.0357471e-07
3789 1.5081495e-05 6.2047987e-06 -1.0335307e-07
3790 1.5073921e-05 6.206225e-06 -1.0313315e-07
3791 1.5063566e-05 6.2076615e-06 -1.029158e-07
3792 1.5053232e-05 6.2090882e-06 -1.0270167e-07
3793 1.504301e-05 6.2105253e-06 -1.0249105e-07
3794 1.5032707e-05 6.2119627e-06 -1.022813e-07
3795 1.5022523e-05 6.2133905e-06 -1.0207412e-07
3796 1.501225e-05 6.2148283e-06 -1.0186959e-07
3797 1.5002094e-05 6.2162667e-06 -1.0166799e-07
3798 1.4991851e-05 6.2177049e-06 -1.0146746e-07
3799 1.4981729e-05 6.2191538e-06 -1.012698e-07
3800 1.4971517e-05 6.2205925e-06 -1.0107414e-07
3801 1.4961421e-05 6.2220315e-06 -1.0088045e-07
3802 1.4951238e-05 6.2234805e-06 -1.0068843e-07
3803 1.4941169e-05 6.22492e-06 -1.0049956e-07
3804 1.4931015e-05 6.2263695e-06 -1.0031116e-07
3805 1.492097e-05 6.2278191e-06 -1.0012505e-07
3806 1.4910945e-05 6.2292686e-06 -9.9941592e-08
3807 1.4900831e-05 6.2307186e-06 -9.9759363e-08
3808 1.4890831e-05 6.2321684e-06 -9.95795e-08
3809 1.4880849e-05 6.2336182e-06 -9.9400384e-08
3810 1.4870782e-05 6.2350683e-06 -9.9222417e-08
3811 1.4860827e-05 6.2365184e-06 -9.9048053e-08
3812 1.4850892e-05 6.2379788e-06 -9.8874276e-08
3813 1.4840871e-05 6.2394288e-06 -9.8701159e-08
3814 1.4830971e-05 6.2408893e-06 -9.8530045e-08
3815 1.4821084e-05 6.2423496e-06 -9.8360465e-08
3816 1.4811221e-05 6.2438002e-06 -9.8191946e-08
3817 1.4801271e-05 6.2452604e-06 -9.80258e-08
3818 1.4791446e-05 6.246721e-06 -9.7858678e-08
3819 1.4781639e-05 6.2481811e-06 -9.7693543e-08
3820 1.4771849e-05 6.2496515e-06 -9.7530432e-08
3821 1.4762082e-05 6.251112e-06 -9.7367266e-08
3822 1.4752337e-05 6.2525722e-06 -9.7206019e-08
3823 1.4742513e-05 6.2540425e-06 -9.7044893e-08
3824 1.4732813e-05 6.2555025e-06 -9.6884833e-08
3825 1.4723137e-05 6.2569727e-06 -9.6726308e-08
3826 1.4713479e-05 6.2584426e-06 -9.6567818e-08
3827 1.4703854e-05 6.2599128e-06 -9.6409894e-08
3828 1.4694247e-05 6.2613826e-06 -9.6253044e-08
3829 1.468467e-05 6.2628525e-06 -9.60966e-08
3830 1.4678212e-05 6.264322e-06 -9.5940616e-08
3831 1.4674881e-05 6.2657914e-06 -9.5787065e-08
3832 1.4671477e-05 6.2672609e-06 -9.5631239e-08
3833 1.4668198e-05 6.2687403e-06 -9.5476902e-08
3834 1.4664944e-05 6.2702095e-06 -9.5322881e-08
3835 1.4661613e-05 6.2716884e-06 -9.517017e-08
3836 1.4658408e-05 6.2731675e-06 -9.5016693e-08
3837 1.4655231e-05 6.2746462e-06 -9.4864236e-08
3838 1.4651979e-05 6.2761151e-06 -9.4711436e-08
3839 1.4648846e-05 6.2775939e-06 -9.4559038e-08
3840 1.4645743e-05 6.2790824e-06 -9.4406193e-08
3841 1.4642564e-05 6.2805607e-06 -9.4254862e-08
3842 1.4639504e-05 6.282039e-06 -9.4103062e-08
3843 1.4636469e-05 6.2835274e-06 -9.3950844e-08
3844 1.4633359e-05 6.2850057e-06 -9.379943e-08
3845 1.4630368e-05 6.2864938e-06 -9.3647914e-08
3846 1.4627399e-05 6.2879716e-06 -9.3495146e-08
3847 1.4624448e-05 6.2894598e-06 -9.3343024e-08
3848 1.462142e-05 6.2909475e-06 -9.3190112e-08
3849 1.4618512e-05 6.292435e-06 -9.3037378e-08
3850 1.4615616e-05 6.2939224e-06 -9.2885659e-08
3851 1.461264e-05 6.2954098e-06 -9.2732237e-08
3852 1.4609779e-05 6.2969072e-06 -9.2578063e-08
3853 1.4606937e-05 6.2983946e-06 -9.2424253e-08
3854 1.4604107e-05 6.2998818e-06 -9.2270455e-08
3855 1.4601192e-05 6.3013791e-06 -9.2115812e-08
3856 1.4598389e-05 6.3028759e-06 -9.196035e-08
3857 1.4595599e-05 6.3043628e-06 -9.1805299e-08
3858 1.459272e-05 6.3058597e-06 -9.1650461e-08
3859 1.4589954e-05 6.3073564e-06 -9.1493795e-08
3860 1.4587192e-05 6.308853e-06 -9.1336483e-08
3861 1.4584444e-05 6.3103598e-06 -9.1178887e-08
3862 1.4581602e-05 6.3118559e-06 -9.1020657e-08
3863 1.457887e-05 6.3133525e-06 -9.0862884e-08
3864 1.4576145e-05 6.3148585e-06 -9.0703282e-08
3865 1.4573429e-05 6.3163549e-06 -9.0542978e-08
3866 1.4570615e-05 6.317861e-06 -9.0382464e-08
3867 1.4567909e-05 6.3193672e-06 -9.022023e-08
3868 1.4565211e-05 6.3208633e-06 -9.0058396e-08
3869 1.456252e-05 6.3223693e-06 -8.9895869e-08
3870 1.4558437e-05 6.3238753e-06 -8.9732367e-08
3871 1.4553054e-05 6.3253812e-06 -8.9567764e-08
3872 1.4547781e-05 6.326897e-06 -8.9402287e-08
3873 1.4542413e-05 6.3284029e-06 -8.9236546e-08
3874 1.4537053e-05 6.3299087e-06 -8.9069289e-08
3875 1.4531801e-05 6.3314246e-06 -8.8900834e-08
3876 1.452645e-05 6.3329402e-06 -8.873227e-08
3877 1.4521111e-05 6.3344459e-06 -8.8562088e-08
3878 1.4515776e-05 6.3359616e-06 -8.8391237e-08
3879 1.4510552e-05 6.3374774e-06 -8.8220276e-08
3880 1.4505231e-05 6.3389927e-06 -8.8046918e-08
3881 1.4499924e-05 6.3405086e-06 -8.7872926e-08
3882 1.4494723e-05 6.3420242e-06 -8.7698843e-08
3883 1.4489434e-05 6.3435498e-06 -8.7522573e-08
3884 1.4484156e-05 6.3450654e-06 -8.734594e-08
3885 1.4478986e-05 6.346591e-06 -8.7167947e-08
3886 1.4473727e-05 6.3481068e-06 -8.6988531e-08
3887 1.4468482e-05 6.3496325e-06 -8.6809432e-08
3888 1.4463247e-05 6.3511583e-06 -8.662724e-08
3889 1.4458126e-05 6.352684e-06 -8.6445152e-08
3890 1.4452922e-05 6.3542101e-06 -8.6261924e-08
3891 1.4447727e-05 6.355736e-06 -8.607761e-08
3892 1.4442649e-05 6.3572622e-06 -8.5891922e-08
3893 1.4437486e-05 6.3587882e-06 -8.5704549e-08
3894 1.4432334e-05 6.3603145e-06 -8.5517085e-08
3895 1.4427201e-05 6.3618507e-06 -8.532701e-08
3896 1.4422179e-05 6.3633872e-06 -8.5137088e-08
3897 1.4417077e-05 6.3649134e-06 -8.4945523e-08
3898 1.4411987e-05 6.3664503e-06 -8.4753049e-08
3899 1.4407015e-05 6.3679867e-06 -8.4558536e-08
3900 1.4401958e-05 6.3695236e-06 -8.4362759e-08
3901 1.4396918e-05 6.3710608e-06 -8.4166511e-08
3902 1.4391994e-05 6.372598e-06 -8.3968833e-08
3903 1.4386985e-05 6.3741354e-06 -8.3771177e-08
3904 1.4381993e-05 6.3756828e-06 -8.3570977e-08
3905 1.4377116e-05 6.3772205e-06 -8.3369482e-08
3906 1.4372157e-05 6.3787685e-06 -8.3167756e-08
3907 1.4367211e-05 6.3803068e-06 -8.2964153e-08
3908 1.4362278e-05 6.381855e-06 -8.2760223e-08
3909 1.4357459e-05 6.3834037e-06 -8.2554364e-08
3910 1.4352754e-05 6.3849525e-06 -8.234872e-08
3911 1.434826e-05 6.3865017e-06 -8.2140893e-08
3912 1.4343681e-05 6.388051e-06 -8.1931799e-08
3913 1.433921e-05 6.3896003e-06 -8.1722576e-08
3914 1.4334751e-05 6.3911602e-06 -8.1511874e-08
3915 1.43303e-05 6.3927102e-06 -8.1299133e-08
3916 1.4325859e-05 6.3942705e-06 -8.1086481e-08
3917 1.4321427e-05 6.3958212e-06 -8.0872616e-08
3918 1.4317004e-05 6.3973822e-06 -8.0656739e-08
3919 1.4312483e-05 6.3989433e-06 -8.0441072e-08
3920 1.430807e-05 6.4005049e-06 -8.0223671e-08
3921 1.4303662e-05 6.4020667e-06 -8.0005523e-08
3922 1.4299258e-05 6.4036286e-06 -7.9786442e-08
3923 1.4294859e-05 6.4051911e-06 -7.9566169e-08
3924 1.4290463e-05 6.4067637e-06 -7.9344406e-08
3925 1.4285966e-05 6.4083269e-06 -7.9122281e-08
3926 1.4281573e-05 6.4099003e-06 -7.8898461e-08
3927 1.4277178e-05 6.411464e-06 -7.8674081e-08
3928 1.4272787e-05 6.4130382e-06 -7.8449641e-08
3929 1.4268395e-05 6.4146123e-06 -7.8224123e-08
3930 1.4264007e-05 6.4161871e-06 -7.7996435e-08
3931 1.4259513e-05 6.4177626e-06 -7.7769007e-08
3932 1.4255123e-05 6.4193379e-06 -7.7540215e-08
3933 1.4250732e-05 6.4209142e-06 -7.7310924e-08
3934 1.4246338e-05 6.4224906e-06 -7.7080629e-08
3935 1.4241949e-05 6.4240774e-06 -7.684957e-08
3936 1.4237553e-05 6.4256543e-06 -7.6618752e-08
3937 1.4233156e-05 6.427242e-06 -7.6386429e-08
3938 1.422866e-05 6.4288299e-06 -7.6152918e-08
3939 1.4224261e-05 6.4304185e-06 -7.5919155e-08
3940 1.4219864e-05 6.4320071e-06 -7.5684239e-08
3941 1.4215467e-05 6.4335966e-06 -7.5448669e-08
3942 1.4211065e-05 6.4351863e-06 -7.5213247e-08
3943 1.4206667e-05 6.4367764e-06 -7.4976173e-08
3944 1.4202173e-05 6.4383671e-06 -7.4739035e-08
3945 1.4197777e-05 6.4399682e-06 -7.4501517e-08
3946 1.4193382e-05 6.4415597e-06 -7.4263597e-08
3947 1.4188991e-05 6.4431619e-06 -7.4024681e-08
3948 1.4184602e-05 6.4447544e-06 -7.3785707e-08
3949 1.4180217e-05 6.4463575e-06 -7.3546221e-08
3950 1.4176335e-05 6.447961e-06 -7.3305583e-08
3951 1.4172957e-05 6.449565e-06 -7.3065499e-08
3952 1.4169683e-05 6.4511695e-06 -7.2823636e-08
3953 1.4166314e-05 6.4527843e-06 -7.2582509e-08
3954 1.4163053e-05 6.4543898e-06 -7.2340486e-08
3955 1.4159696e-05 6.4559958e-06 -7.2098298e-08
3956 1.4156446e-05 6.4576123e-06 -7.1855534e-08
3957 1.4153108e-05 6.4592195e-06 -7.1612296e-08
3958 1.4149875e-05 6.460837e-06 -7.1369637e-08
3959 1.4146552e-05 6.4624553e-06 -7.112615e-08
3960 1.4143339e-05 6.4640739e-06 -7.0882472e-08
3961 1.4140035e-05 6.4656931e-06 -7.0638945e-08
3962 1.413684e-05 6.4673129e-06 -7.0394577e-08
3963 1.413356e-05 6.4689334e-06 -7.0150227e-08
3964 1.4130384e-05 6.4705643e-06 -6.9906508e-08
3965 1.4127125e-05 6.4721858e-06 -6.9661818e-08
3966 1.4123972e-05 6.4738179e-06 -6.9417203e-08
3967 1.4120729e-05 6.4754405e-06 -6.9172466e-08
3968 1.41176e-05 6.4770738e-06 -6.8927984e-08
3969 1.4114379e-05 6.4787076e-06 -6.8682689e-08
3970 1.4111268e-05 6.480342e-06 -6.8438674e-08
3971 1.4108069e-05 6.481977e-06 -6.8193688e-08
3972 1.410498e-05 6.4836127e-06 -6.7949332e-08
3973 1.41018e-05 6.4852489e-06 -6.7704874e-08
3974 1.4098733e-05 6.4868857e-06 -6.7460047e-08
3975 1.4095574e-05 6.4885331e-06 -6.7215382e-08
3976 1.4092523e-05 6.4901711e-06 -6.6970904e-08
3977 1.4089381e-05 6.4918197e-06 -6.6727171e-08
3978 1.4086347e-05 6.4934689e-06 -6.648342e-08
3979 1.4083222e-05 6.4951088e-06 -6.6239935e-08
3980 1.4080203e-05 6.4967592e-06 -6.599578e-08
3981 1.4077092e-05 6.4984103e-06 -6.5753351e-08
3982 1.4074086e-05 6.500062e-06 -6.5510257e-08
3983 1.4070986e-05 6.5017243e-06 -6.5267774e-08
3984 1.4067991e-05 6.5033771e-06 -6.5026283e-08
3985 1.4064901e-05 6.5050307e-06 -6.4783493e-08
3986 1.4061914e-05 6.5066948e-06 -6.4541758e-08
3987 1.405883e-05 6.5083596e-06 -6.4300737e-08
3988 1.4055851e-05 6.5100148e-06 -6.4060256e-08
3989 1.4052772e-05 6.5116808e-06 -6.3819824e-08
3990 1.4048296e-05 6.5133474e-06 -6.3580039e-08
3991 1.4042322e-05 6.5150146e-06 -6.3341084e-08
3992 1.403625e-05 6.5166823e-06 -6.3101404e-08
3993 1.4030278e-05 6.5183508e-06 -6.2863768e-08
3994 1.4024308e-05 6.5200298e-06 -6.2626124e-08
3995 1.4018337e-05 6.5216995e-06 -6.2389103e-08
3996 1.4012267e-05 6.5233798e-06 -6.2152984e-08
3997 1.4006298e-05 6.5250507e-06 -6.1917566e-08
3998 1.400033e-05 6.5267322e-06 -6.1682383e-08
3999 1.3994361e-05 6.5284143e-06 -6.1448535e-08
4000 1.3988291e-05 6.5300971e-06 -6.121492e-08
4001 1.398232e-05 6.5317804e-06 -6.0982974e-08
4002 1.3976349e-05 6.5334643e-06 -6.0751087e-08
4003 1.3970382e-05 6.5351489e-06 -6.05203e-08
4004 1.3964311e-05 6.5368441e-06 -6.0289677e-08
4005 1.3958343e-05 6.5385298e-06 -6.0060417e-08
4006 1.3952374e-05 6.5402262e-06 -5.9831794e-08
4007 1.3946404e-05 6.5419132e-06 -5.9604868e-08
4008 1.3940439e-05 6.5436108e-06 -5.9377965e-08
4009 1.3934373e-05 6.5453089e-06 -5.91519e-08
4010 1.3928411e-05 6.5470077e-06 -5.8926739e-08
4011 1.3922448e-05 6.5487071e-06 -5.8703209e-08
4012 1.3916491e-05 6.5504071e-06 -5.8480361e-08
4013 1.3910535e-05 6.5521076e-06 -5.8258989e-08
4014 1.3904584e-05 6.5538187e-06 -5.8037866e-08
4015 1.3898539e-05 6.5555204e-06 -5.7817495e-08
4016 1.3892594e-05 6.5572328e-06 -5.7598991e-08
4017 1.388666e-05 6.5589356e-06 -5.7380366e-08
4018 1.3880729e-05 6.5606491e-06 -5.7164089e-08
4019 1.3874804e-05 6.5623631e-06 -5.694861e-08
4020 1.3868887e-05 6.5640778e-06 -5.6733256e-08
4021 1.3862877e-05 6.565793e-06 -5.6519917e-08
4022 1.3856975e-05 6.5675087e-06 -5.6307414e-08
4023 1.3851084e-05 6.569235e-06 -5.6096213e-08
4024 1.3845199e-05 6.570952e-06 -5.5885177e-08
4025 1.3839326e-05 6.5726694e-06 -5.5676936e-08
4026 1.3833464e-05 6.5743974e-06 -5.5468353e-08
4027 1.382761e-05 6.576126e-06 -5.5261668e-08
4028 1.382177e-05 6.5778452e-06 -5.5056175e-08
4029 1.381584e-05 6.5795749e-06 -5.4851208e-08
4030 1.3812918e-05 6.5813051e-06 -5.4647723e-08
4031 1.381011e-05 6.5830358e-06 -5.4446136e-08
4032 1.3807214e-05 6.5847771e-06 -5.4245145e-08
4033 1.3804328e-05 6.5865089e-06 -5.4045544e-08
4034 1.3801457e-05 6.5882413e-06 -5.3847026e-08
4035 1.3798596e-05 6.5899842e-06 -5.364951e-08
4036 1.3795748e-05 6.5917176e-06 -5.3453853e-08
4037 1.3792906e-05 6.5934615e-06 -5.3258515e-08
4038 1.3790081e-05 6.5952059e-06 -5.306536e-08
4039 1.3787269e-05 6.5969508e-06 -5.2872984e-08
4040 1.3784465e-05 6.5986962e-06 -5.2681885e-08
4041 1.3781672e-05 6.6004422e-06 -5.249215e-08
4042 1.3778894e-05 6.6021886e-06 -5.2303663e-08
4043 1.3776123e-05 6.6039355e-06 -5.2116578e-08
4044 1.3773364e-05 6.6056928e-06 -5.1931034e-08
4045 1.3770613e-05 6.6074406e-06 -5.1745914e-08
4046 1.3767872e-05 6.6091989e-06 -5.1563198e-08
4047 1.3765142e-05 6.6109577e-06 -5.1381669e-08
4048 1.376242e-05 6.6127169e-06 -5.1200925e-08
4049 1.3759709e-05 6.6144766e-06 -5.1021753e-08
4050 1.3757004e-05 6.6162368e-06 -5.084373e-08
4051 1.3754308e-05 6.6179974e-06 -5.0667187e-08
4052 1.3751621e-05 6.6197584e-06 -5.0491791e-08
4053 1.3749036e-05 6.6215199e-06 -5.0318771e-08
4054 1.3746363e-05 6.6232918e-06 -5.0145824e-08
4055 1.3743694e-05 6.6250541e-06 -4.9974677e-08
4056 1.3741033e-05 6.6268269e-06 -4.9805352e-08
4057 1.3738375e-05 6.6286001e-06 -4.9636459e-08
4058 1.3735724e-05 6.6303736e-06 -4.9469673e-08
4059 1.373308e-05 6.6321376e-06 -4.9303972e-08
4060 1.373044e-05 6.633922e-06 -4.9139872e-08
4061 1.3727804e-05 6.6356968e-06 -4.8977112e-08
4062 1.3725174e-05 6.6374719e-06 -4.8815364e-08
4063 1.3722547e-05 6.6392474e-06 -4.8655073e-08
4064 1.3719926e-05 6.6410333e-06 -4.8496669e-08
4065 1.3717311e-05 6.6428096e-06 -4.8338767e-08
4066 1.3714699e-05 6.6445962e-06 -4.8182863e-08
4067 1.371209e-05 6.6463833e-06 -4.802796e-08
4068 1.3709486e-05 6.6481706e-06 -4.7874706e-08
4069 1.3705585e-05 6.6499582e-06 -4.7722657e-08
4070 1.3700289e-05 6.6517463e-06 -4.7572285e-08
4071 1.3694999e-05 6.6535346e-06 -4.742318e-08
4072 1.3689717e-05 6.6553233e-06 -4.7275206e-08
4073 1.3684433e-05 6.6571223e-06 -4.7128823e-08
4074 1.3679161e-05 6.6589116e-06 -4.6983045e-08
4075 1.3673892e-05 6.6607112e-06 -4.6839784e-08
4076 1.3668727e-05 6.6625111e-06 -4.669719e-08
4077 1.3663474e-05 6.6643014e-06 -4.6555687e-08
4078 1.3658223e-05 6.6661019e-06 -4.6416246e-08
4079 1.3652983e-05 6.6679027e-06 -4.6277349e-08
4080 1.3647747e-05 6.6697038e-06 -4.6139893e-08
4081 1.3642522e-05 6.6715152e-06 -4.6004161e-08
4082 1.3637305e-05 6.6733169e-06 -4.5869506e-08
4083 1.3632199e-05 6.6751188e-06 -4.573574e-08
4084 1.3626997e-05 6.676931e-06 -4.5603519e-08
4085 1.3621807e-05 6.6787435e-06 -4.5472612e-08
4086 1.3616628e-05 6.6805462e-06 -4.5343514e-08
4087 1.3611462e-05 6.6823592e-06 -4.5215112e-08
4088 1.3606302e-05 6.6841724e-06 -4.5087687e-08
4089 1.3601153e-05 6.6859859e-06 -4.4962026e-08
4090 1.3596117e-05 6.6877996e-06 -4.4837453e-08
4091 1.3590993e-05 6.6896235e-06 -4.4713365e-08
4092 1.3585882e-05 6.6914377e-06 -4.459101e-08
4093 1.358078e-05 6.6932621e-06 -4.4469863e-08
4094 1.3575694e-05 6.6950767e-06 -4.4349603e-08
4095 1.3570719e-05 6.6969015e-06 -4.4230609e-08
4096 1.3565657e-05 6.6987266e-06 -4.4112886e-08
4097 1.3560607e-05 6.7005519e-06 -4.3996073e-08
4098 1.3555571e-05 6.7023773e-06 -4.3880697e-08
4099 1.3550548e-05 6.704203e-06 -4.3765945e-08
4100 1.3545637e-05 6.7060288e-06 -4.3652899e-08
4101 1.354064e-05 6.7078549e-06 -4.3540513e-08
4102 1.3535654e-05 6.7096911e-06 -4.3429174e-08
4103 1.3530681e-05 6.7115176e-06 -4.3318813e-08
4104 1.3525724e-05 6.7133542e-06 -4.3210107e-08
4105 1.3520877e-05 6.7151809e-06 -4.3101788e-08
4106 1.3515943e-05 6.7170179e-06 -4.2994559e-08
4107 1.3511019e-05 6.718855e-06 -4.2888393e-08
4108 1.3506111e-05 6.7206922e-06 -4.2783746e-08
4109 1.3502012e-05 6.7225296e-06 -4.2679753e-08
4110 1.3498725e-05 6.7243772e-06 -4.2576299e-08
4111 1.3495449e-05 6.7262148e-06 -4.2474498e-08
4112 1.3492185e-05 6.7280527e-06 -4.237328e-08
4113 1.3488931e-05 6.7299007e-06 -4.2273027e-08
4114 1.3485687e-05 6.7317489e-06 -4.2173658e-08
4115 1.3482453e-05 6.7335871e-06 -4.2075116e-08
4116 1.3479228e-05 6.7354355e-06 -4.1977692e-08
4117 1.3476015e-05 6.7372841e-06 -4.1880982e-08
4118 1.3472808e-05 6.7391327e-06 -4.1785686e-08
4119 1.3469611e-05 6.7409915e-06 -4.1690335e-08
4120 1.3466421e-05 6.7428404e-06 -4.1596519e-08
4121 1.346324e-05 6.7446894e-06 -4.1502754e-08
4122 1.346007e-05 6.7465485e-06 -4.141061e-08
4123 1.3456904e-05 6.7483976e-06 -4.131921e-08
4124 1.3453748e-05 6.7502569e-06 -4.1228649e-08
4125 1.3450595e-05 6.7521163e-06 -4.1138917e-08
4126 1.3447453e-05 6.7539757e-06 -4.1049793e-08
4127 1.3444314e-05 6.7558353e-06 -4.0961284e-08
4128 1.3441184e-05 6.7576949e-06 -4.0873847e-08
4129 1.3438061e-05 6.7595546e-06 -4.0786837e-08
4130 1.3434945e-05 6.7614244e-06 -4.0701192e-08
4131 1.3431835e-05 6.7632842e-06 -4.0616117e-08
4132 1.3428731e-05 6.7651541e-06 -4.0530862e-08
4133 1.3425631e-05 6.7670141e-06 -4.0447015e-08
4134 1.342254e-05 6.7688841e-06 -4.0363743e-08
4135 1.3419457e-05 6.7707542e-06 -4.0281537e-08
4136 1.341638e-05 6.7726243e-06 -4.0199514e-08
4137 1.3413308e-05 6.7744945e-06 -4.0118496e-08
4138 1.3410245e-05 6.7763647e-06 -4.0038206e-08
4139 1.3407186e-05 6.7782451e-06 -3.9958187e-08
4140 1.3404136e-05 6.7801155e-06 -3.9878568e-08
4141 1.3401095e-05 6.7819859e-06 -3.9799388e-08
4142 1.3398058e-05 6.7838664e-06 -3.9721191e-08
4143 1.3395032e-05 6.785747e-06 -3.9643812e-08
4144 1.3392013e-05 6.7876276e-06 -3.9566537e-08
4145 1.3389002e-05 6.7895082e-06 -3.948982e-08
4146 1.3386001e-05 6.791389e-06 -3.9413163e-08
4147 1.3383008e-05 6.7932698e-06 -3.9337707e-08
4148 1.3380024e-05 6.7951506e-06 -3.926219e-08
4149 1.3377946e-05 6.7970314e-06 -3.9187687e-08
4150 1.3376882e-05 6.7989223e-06 -3.9112869e-08
4151 1.3375824e-05 6.8008033e-06 -3.9039126e-08
4152 1.3374779e-05 6.8026943e-06 -3.8965672e-08
4153 1.3373742e-05 6.8045853e-06 -3.8892344e-08
4154 1.3372714e-05 6.8064764e-06 -3.8819673e-08
4155 1.3371697e-05 6.8083676e-06 -3.8747135e-08
4156 1.3370591e-05 6.8102587e-06 -3.8674897e-08
4157 1.3369593e-05 6.8121499e-06 -3.8603608e-08
4158 1.3368608e-05 6.8140412e-06 -3.8532057e-08
4159 1.3367634e-05 6.8159425e-06 -3.8460603e-08
4160 1.336667e-05 6.8178338e-06 -3.8389786e-08
4161 1.3365714e-05 6.8197352e-06 -3.8319353e-08
4162 1.3364772e-05 6.8216366e-06 -3.8248893e-08
4163 1.3363838e-05 6.823528e-06 -3.8179025e-08
4164 1.3362816e-05 6.8254295e-06 -3.8109058e-08
4165 1.3361905e-05 6.827331e-06 -3.8039607e-08
4166 1.3361002e-05 6.8292425e-06 -3.7970743e-08
4167 1.3360111e-05 6.831144e-06 -3.7901881e-08
4168 1.3359231e-05 6.8330457e-06 -3.7832651e-08
4169 1.3358359e-05 6.8349573e-06 -3.776401e-08
4170 1.3357498e-05 6.836859e-06 -3.7695128e-08
4171 1.3356643e-05 6.8387707e-06 -3.762724e-08
4172 1.3355701e-05 6.8406825e-06 -3.7559209e-08
4173 1.3354867e-05 6.8425943e-06 -3.7491154e-08
4174 1.3354042e-05 6.8445061e-06 -3.742323e-08
4175 1.3353225e-05 6.846418e-06 -3.7355902e-08
4176 1.3352417e-05 6.8483298e-06 -3.7288239e-08
4177 1.3351617e-05 6.8502417e-06 -3.7220772e-08
4178 1.3350822e-05 6.8521637e-06 -3.7153706e-08
4179 1.3350039e-05 6.8540757e-06 -3.7086349e-08
4180 1.3349261e-05 6.8559977e-06 -3.7019294e-08
4181 1.334839e-05 6.8579197e-06 -3.6952565e-08
4182 1.3347625e-05 6.8598418e-06 -3.6885713e-08
4183 1.334687e-05 6.8617639e-06 -3.6818841e-08
4184 1.3346118e-05 6.863686e-06 -3.6752185e-08
4185 1.3345372e-05 6.8656082e-06 -3.6685178e-08
4186 1.3344634e-05 6.8675304e-06 -3.6618545e-08
4187 1.3343904e-05 6.8694526e-06 -3.6551929e-08
4188 1.3343175e-05 6.8713849e-06 -3.6485337e-08
4189 1.3339954e-05 6.8733171e-06 -3.6419114e-08
4190 1.3334337e-05 6.8752394e-06 -3.63528e-08
4191 1.3328627e-05 6.8771718e-06 -3.6286211e-08
4192 1.3323019e-05 6.8791042e-06 -3.6219804e-08
4193 1.3317419e-05 6.8810366e-06 -3.6153123e-08
4194 1.3311726e-05 6.8829691e-06 -3.6086192e-08
4195 1.3306136e-05 6.8849116e-06 -3.6019894e-08
4196 1.330055e-05 6.8868442e-06 -3.5953498e-08
4197 1.3294871e-05 6.8887768e-06 -3.5886868e-08
4198 1.3289296e-05 6.8907195e-06 -3.5820109e-08
4199 1.3283727e-05 6.8926622e-06 -3.5753604e-08
4200 1.3278062e-05 6.894595e-06 -3.5686894e-08
4201 1.3272503e-05 6.8965379e-06 -3.562011e-08
4202 1.326695e-05 6.8984808e-06 -3.5553077e-08
4203 1.3261404e-05 6.9004238e-06 -3.5486108e-08
4204 1.3255862e-05 6.9023769e-06 -3.5419091e-08
4205 1.3250226e-05 6.90432e-06 -3.5351849e-08
4206 1.3244698e-05 6.9062631e-06 -3.5284708e-08
4207 1.3239175e-05 6.9082163e-06 -3.521739e-08
4208 1.3233655e-05 6.9101696e-06 -3.5149836e-08
4209 1.3228146e-05 6.912113e-06 -3.5082804e-08
4210 1.322254e-05 6.9140664e-06 -3.501507e-08
4211 1.3217042e-05 6.9160199e-06 -3.4947152e-08
4212 1.3211552e-05 6.9179735e-06 -3.4879066e-08
4213 1.3206068e-05 6.9199372e-06 -3.4811216e-08
4214 1.3200591e-05 6.921891e-06 -3.474308e-08
4215 1.319512e-05 6.9238447e-06 -3.4674594e-08
4216 1.3189655e-05 6.9258087e-06 -3.4606041e-08
4217 1.31842e-05 6.9277627e-06 -3.4537662e-08
4218 1.3178651e-05 6.9297268e-06 -3.4468819e-08
4219 1.3173207e-05 6.9316909e-06 -3.4399974e-08
4220 1.3167772e-05 6.9336552e-06 -3.4331254e-08
4221 1.3162346e-05 6.9356195e-06 -3.426188e-08
4222 1.3156923e-05 6.937584e-06 -3.4192576e-08
4223 1.3151509e-05 6.9395485e-06 -3.4123139e-08
4224 1.3146103e-05 6.9415231e-06 -3.4053151e-08
4225 1.3140701e-05 6.9434878e-06 -3.3983252e-08
4226 1.3135307e-05 6.9454626e-06 -3.3913823e-08
4227 1.3129921e-05 6.9474375e-06 -3.3843208e-08
4228 1.3124539e-05 6.9494025e-06 -3.3772985e-08
4229 1.3120965e-05 6.9513776e-06 -3.3702289e-08
4230 1.3118995e-05 6.9533527e-06 -3.3631917e-08
4231 1.3117133e-05 6.955338e-06 -3.35608e-08
4232 1.3115175e-05 6.9573134e-06 -3.3489967e-08
4233 1.3113224e-05 6.959289e-06 -3.3418705e-08
4234 1.3111379e-05 6.9612746e-06 -3.3347321e-08
4235 1.3109437e-05 6.9632503e-06 -3.3275816e-08
4236 1.3107604e-05 6.9652362e-06 -3.3204333e-08
4237 1.3105672e-05 6.9672222e-06 -3.3132526e-08
4238 1.3103843e-05 6.9692083e-06 -3.3060407e-08
4239 1.3101923e-05 6.9711945e-06 -3.2988317e-08
4240 1.3100104e-05 6.9731808e-06 -3.2915804e-08
4241 1.3098189e-05 6.9751672e-06 -3.2843782e-08
4242 1.3096377e-05 6.9771538e-06 -3.2770871e-08
4243 1.309447e-05 6.9791505e-06 -3.2698097e-08
4244 1.3092666e-05 6.9811373e-06 -3.2625387e-08
4245 1.3090766e-05 6.9831342e-06 -3.2552437e-08
4246 1.3088967e-05 6.9851313e-06 -3.2479032e-08
4247 1.3087072e-05 6.9871285e-06 -3.2405829e-08
4248 1.308528e-05 6.9891258e-06 -3.2332337e-08
4249 1.308339e-05 6.9911233e-06 -3.2258556e-08
4250 1.3081604e-05 6.9931209e-06 -3.2184864e-08
4251 1.3079722e-05 6.9951187e-06 -3.2111186e-08
4252 1.3077939e-05 6.9971266e-06 -3.2037028e-08
4253 1.307606e-05 6.9991246e-06 -3.1962909e-08
4254 1.3074186e-05 7.0011327e-06 -3.1889324e-08
4255 1.3072411e-05 7.003141e-06 -3.1814223e-08
4256 1.307054e-05 7.0051495e-06 -3.1739891e-08
4257 1.3068772e-05 7.0071581e-06 -3.1665135e-08
4258 1.3066907e-05 7.0091668e-06 -3.1590529e-08
4259 1.3065144e-05 7.0111757e-06 -3.151545e-08
4260 1.3063286e-05 7.0131848e-06 -3.1440443e-08
4261 1.306153e-05 7.015204e-06 -3.1365375e-08
4262 1.3059679e-05 7.0172134e-06 -3.1290027e-08
4263 1.3057929e-05 7.019233e-06 -3.1215051e-08
4264 1.3056084e-05 7.0212427e-06 -3.1139742e-08
4265 1.3054342e-05 7.0232626e-06 -3.1064363e-08
4266 1.3052507e-05 7.0252826e-06 -3.098891e-08
4267 1.3050771e-05 7.0273028e-06 -3.0913067e-08
4268 1.3048944e-05 7.0293332e-06 -3.08375e-08
4269 1.3049121e-05 7.0313537e-06 -3.076169e-08
4270 1.3051101e-05 7.0333745e-06 -3.068591e-08
4271 1.3053187e-05 7.0354053e-06 -3.0609935e-08
4272 1.3055274e-05 7.0374264e-06 -3.053362e-08
4273 1.305727e-05 7.0394577e-06 -3.0457622e-08
4274 1.305937e-05 7.0414892e-06 -3.0381557e-08
4275 1.3061478e-05 7.0435208e-06 -3.030499e-08
4276 1.3063488e-05 7.0455526e-06 -3.0228709e-08
4277 1.3065605e-05 7.0475845e-06 -3.0152343e-08
4278 1.3067727e-05 7.0496167e-06 -3.0075807e-08
4279 1.3069852e-05 7.051659e-06 -2.9999319e-08
4280 1.3071886e-05 7.0536915e-06 -2.9922463e-08
4281 1.3074023e-05 7.0557343e-06 -2.9846086e-08
4282 1.3076166e-05 7.0577771e-06 -2.9769204e-08
4283 1.3078317e-05 7.0598202e-06 -2.9692294e-08
4284 1.3080371e-05 7.0618634e-06 -2.9615613e-08
4285 1.3082529e-05 7.0639069e-06 -2.9538669e-08
4286 1.3084694e-05 7.0659505e-06 -2.946193e-08
4287 1.3086862e-05 7.0679943e-06 -2.9385088e-08
4288 1.3089038e-05 7.0700383e-06 -2.9308268e-08
4289 1.3091216e-05 7.0720925e-06 -2.9231164e-08
4290 1.3093298e-05 7.0741469e-06 -2.9154366e-08
4291 1.3095486e-05 7.0761915e-06 -2.9077173e-08
4292 1.309768e-05 7.0782463e-06 -2.9000789e-08
4293 1.3099874e-05 7.0803013e-06 -2.8923907e-08
4294 1.3102072e-05 7.0823565e-06 -2.8847114e-08
4295 1.3104276e-05 7.0844118e-06 -2.8770234e-08
4296 1.310648e-05 7.0864774e-06 -2.8693404e-08
4297 1.3108687e-05 7.0885331e-06 -2.8616772e-08
4298 1.3110899e-05 7.0905891e-06 -2.8539895e-08
4299 1.3113112e-05 7.0926552e-06 -2.8463744e-08
4300 1.3115327e-05 7.0947215e-06 -2.8387424e-08
4301 1.3117545e-05 7.0967881e-06 -2.8310881e-08
4302 1.3119763e-05 7.0988548e-06 -2.8234082e-08
4303 1.3121982e-05 7.1009217e-06 -2.8158139e-08
4304 1.3124203e-05 7.1029889e-06 -2.8081942e-08
4305 1.3126428e-05 7.1050562e-06 -2.8005592e-08
4306 1.312865e-05 7.1071337e-06 -2.7929928e-08
4307 1.3130874e-05 7.1092014e-06 -2.7854053e-08
4308 1.3133099e-05 7.1112794e-06 -2.7778237e-08
4309 1.3133224e-05 7.1133475e-06 -2.7702756e-08
4310 1.3131149e-05 7.1154258e-06 -2.7626969e-08
4311 1.3129075e-05 7.1175043e-06 -2.75514e-08
4312 1.3127103e-05 7.119583e-06 -2.7476271e-08
4313 1.312503e-05 7.1216619e-06 -2.7400857e-08
4314 1.3122956e-05 7.123751e-06 -2.732578e-08
4315 1.3120983e-05 7.1258304e-06 -2.7251072e-08
4316 1.3118912e-05 7.1279199e-06 -2.7176146e-08
4317 1.3116842e-05 7.1299996e-06 -2.7101641e-08
4318 1.3114872e-05 7.1320896e-06 -2.70273e-08
4319 1.3112804e-05 7.1341797e-06 -2.6953077e-08
4320 1.3110736e-05 7.1362701e-06 -2.6878842e-08
4321 1.310877e-05 7.1383606e-06 -2.6804824e-08
4322 1.3106708e-05 7.1404513e-06 -2.6731262e-08
4323 1.3104643e-05 7.1425423e-06 -2.6657672e-08
4324 1.3102685e-05 7.1446435e-06 -2.6584061e-08
4325 1.3100627e-05 7.1467348e-06 -2.6510917e-08
4326 1.3098569e-05 7.1488364e-06 -2.6437649e-08
4327 1.3096617e-05 7.1509282e-06 -2.6364744e-08
4328 1.3094566e-05 7.1530301e-06 -2.6291974e-08
4329 1.3092522e-05 7.1551323e-06 -2.6219351e-08
4330 1.3090579e-05 7.1572347e-06 -2.6146982e-08
4331 1.308854e-05 7.1593473e-06 -2.6074981e-08
4332 1.3086504e-05 7.16145e-06 -2.6003154e-08
4333 1.3084577e-05 7.163553e-06 -2.5931441e-08
4334 1.3082551e-05 7.1656662e-06 -2.585971e-08
4335 1.308063e-05 7.1677695e-06 -2.5788292e-08
4336 1.3078616e-05 7.1698831e-06 -2.5717182e-08
4337 1.3076605e-05 7.1719969e-06 -2.5646187e-08
4338 1.3074702e-05 7.1741109e-06 -2.5575682e-08
4339 1.3072703e-05 7.176225e-06 -2.5504926e-08
4340 1.307071e-05 7.1783394e-06 -2.5434576e-08
4341 1.3068821e-05 7.180464e-06 -2.5364627e-08
4342 1.3066841e-05 7.1825787e-06 -2.5294805e-08
4343 1.3064864e-05 7.1847037e-06 -2.5225126e-08
4344 1.3062993e-05 7.1868188e-06 -2.5155737e-08
4345 1.3061031e-05 7.1889441e-06 -2.5086555e-08
4346 1.3059074e-05 7.1910696e-06 -2.5017526e-08
4347 1.3057219e-05 7.1931953e-06 -2.4949017e-08
4348 1.3055273e-05 7.1953212e-06 -2.4880442e-08
4349 1.3051532e-05 7.1974473e-06 -2.4812155e-08
4350 1.3045896e-05 7.1995736e-06 -2.4744348e-08
4351 1.3040367e-05 7.2017101e-06 -2.467635e-08
4352 1.3034741e-05 7.2038367e-06 -2.4609171e-08
4353 1.3029121e-05 7.2059735e-06 -2.4542123e-08
4354 1.3023603e-05 7.2081105e-06 -2.447508e-08
4355 1.3017993e-05 7.2102477e-06 -2.4408542e-08
4356 1.3012386e-05 7.2123851e-06 -2.434198e-08
4357 1.3006881e-05 7.2145227e-06 -2.4275809e-08
4358 1.3001278e-05 7.2166604e-06 -2.4210196e-08
4359 1.2995782e-05 7.2187983e-06 -2.4144716e-08
4360 1.2990185e-05 7.2209464e-06 -2.4079363e-08
4361 1.2984695e-05 7.2230947e-06 -2.4014401e-08
4362 1.2979103e-05 7.2252331e-06 -2.3949603e-08
4363 1.2973612e-05 7.2273817e-06 -2.3885199e-08
4364 1.2968026e-05 7.2295305e-06 -2.3821241e-08
4365 1.2962538e-05 7.2316795e-06 -2.3757387e-08
4366 1.2956954e-05 7.2338286e-06 -2.369399e-08
4367 1.2951468e-05 7.2359779e-06 -2.3630735e-08
4368 1.2945983e-05 7.2381374e-06 -2.3567878e-08
4369 1.2940399e-05 7.240287e-06 -2.350529e-08
4370 1.2934915e-05 7.2424468e-06 -2.3443042e-08
4371 1.292933e-05 7.2445968e-06 -2.3380976e-08
4372 1.2923844e-05 7.2467569e-06 -2.3319175e-08
4373 1.2918357e-05 7.2489172e-06 -2.3257908e-08
4374 1.2912771e-05 7.2510776e-06 -2.3196779e-08
4375 1.2907282e-05 7.2532382e-06 -2.3135937e-08
4376 1.2901794e-05 7.255409e-06 -2.307553e-08
4377 1.2896305e-05 7.2575699e-06 -2.3015373e-08
4378 1.2890716e-05 7.259741e-06 -2.2955477e-08
4379 1.2885227e-05 7.2619022e-06 -2.2896059e-08
4380 1.2879736e-05 7.2640736e-06 -2.2836896e-08
4381 1.2874246e-05 7.2662451e-06 -2.2777955e-08
4382 1.2868655e-05 7.2684168e-06 -2.2719596e-08
4383 1.2863165e-05 7.2705886e-06 -2.2661249e-08
4384 1.2857676e-05 7.2727606e-06 -2.2603203e-08
4385 1.2852187e-05 7.2749327e-06 -2.2545865e-08
4386 1.2846697e-05 7.277115e-06 -2.2488451e-08
4387 1.284121e-05 7.2792874e-06 -2.2431455e-08
4388 1.2835723e-05 7.28147e-06 -2.2374905e-08
4389 1.283284e-05 7.2836527e-06 -2.2318499e-08
4390 1.2832759e-05 7.2858355e-06 -2.2262313e-08
4391 1.2832579e-05 7.2880185e-06 -2.2206536e-08
4392 1.2832501e-05 7.2902016e-06 -2.2151053e-08
4393 1.283233e-05 7.2923849e-06 -2.2096012e-08
4394 1.2832259e-05 7.2945683e-06 -2.2041113e-08
4395 1.2832093e-05 7.2967618e-06 -2.1986534e-08
4396 1.2832033e-05 7.2989455e-06 -2.193229e-08
4397 1.2831975e-05 7.3011393e-06 -2.187848e-08
4398 1.2831825e-05 7.3033332e-06 -2.1824628e-08
4399 1.2831778e-05 7.3055273e-06 -2.1771241e-08
4400 1.2831638e-05 7.3077215e-06 -2.1718112e-08
4401 1.2831604e-05 7.3099158e-06 -2.1665233e-08
4402 1.2831474e-05 7.3121102e-06 -2.1612846e-08
4403 1.2831452e-05 7.3143048e-06 -2.156057e-08
4404 1.2831336e-05 7.3165094e-06 -2.1508563e-08
4405 1.2831327e-05 7.3187043e-06 -2.1456746e-08
4406 1.2831325e-05 7.3209092e-06 -2.1405368e-08
4407 1.283123e-05 7.3231142e-06 -2.1354019e-08
4408 1.2831242e-05 7.3253194e-06 -2.1303127e-08
4409 1.283116e-05 7.3275247e-06 -2.1252535e-08
4410 1.2831186e-05 7.3297301e-06 -2.120205e-08
4411 1.2831118e-05 7.3319356e-06 -2.1152041e-08
4412 1.2831156e-05 7.3341512e-06 -2.1102057e-08
4413 1.2831202e-05 7.3363569e-06 -2.1052473e-08
4414 1.2831155e-05 7.3385728e-06 -2.1003088e-08
4415 1.2831213e-05 7.3407887e-06 -2.0954153e-08
4416 1.2831175e-05 7.3430048e-06 -2.0905398e-08
4417 1.2831248e-05 7.345221e-06 -2.085669e-08
4418 1.2831221e-05 7.3474373e-06 -2.0808125e-08
4419 1.2831303e-05 7.3496536e-06 -2.076027e-08
4420 1.2831387e-05 7.3518701e-06 -2.0712286e-08
4421 1.2831376e-05 7.3540966e-06 -2.0664772e-08
4422 1.283147e-05 7.3563133e-06 -2.0617257e-08
4423 1.2831467e-05 7.3585401e-06 -2.0570198e-08
4424 1.2831566e-05 7.360767e-06 -2.0523337e-08
4425 1.283157e-05 7.3629939e-06 -2.0476692e-08
4426 1.2831675e-05 7.365221e-06 -2.0430339e-08
4427 1.2831781e-05 7.3674481e-06 -2.0384311e-08
4428 1.283179e-05 7.3696753e-06 -2.0338283e-08
4429 1.2831e-05 7.3719026e-06 -2.0292549e-08
4430 1.283011e-05 7.37414e-06 -2.0247114e-08
4431 1.2829221e-05 7.3763675e-06 -2.0201949e-08
4432 1.2828332e-05 7.3786051e-06 -2.0156885e-08
4433 1.2827543e-05 7.3808427e-06 -2.0112214e-08
4434 1.2826653e-05 7.3830805e-06 -2.0067638e-08
4435 1.2825763e-05 7.3853183e-06 -2.0023497e-08
4436 1.2824972e-05 7.3875562e-06 -1.9979423e-08
4437 1.2824079e-05 7.3897942e-06 -1.9935667e-08
4438 1.2823186e-05 7.3920422e-06 -1.989209e-08
4439 1.282239e-05 7.3942804e-06 -1.9848698e-08
4440 1.2821493e-05 7.3965286e-06 -1.9805694e-08
4441 1.2820595e-05 7.3987769e-06 -1.9762783e-08
4442 1.2819795e-05 7.4010253e-06 -1.9720224e-08
4443 1.2818894e-05 7.4032737e-06 -1.9677648e-08
4444 1.2817991e-05 7.4055222e-06 -1.9635485e-08
4445 1.2817086e-05 7.4077708e-06 -1.9593359e-08
4446 1.2816281e-05 7.4100195e-06 -1.9551703e-08
4447 1.2815374e-05 7.4122782e-06 -1.9510099e-08
4448 1.2814467e-05 7.414527e-06 -1.9468591e-08
4449 1.2813658e-05 7.4167859e-06 -1.9427739e-08
4450 1.281275e-05 7.4190449e-06 -1.9386551e-08
4451 1.2811841e-05 7.4213039e-06 -1.9345783e-08
4452 1.2811034e-05 7.423563e-06 -1.9305081e-08
4453 1.2810127e-05 7.4258221e-06 -1.9264751e-08
4454 1.280922e-05 7.4280814e-06 -1.922442e-08
4455 1.2808416e-05 7.4303507e-06 -1.918427e-08
4456 1.2807513e-05 7.4326101e-06 -1.914454e-08
4457 1.2806614e-05 7.4348795e-06 -1.9104697e-08
4458 1.2805716e-05 7.437149e-06 -1.9065191e-08
4459 1.2804921e-05 7.4394185e-06 -1.9025651e-08
4460 1.2804031e-05 7.4416782e-06 -1.8986524e-08
4461 1.2803144e-05 7.4439578e-06 -1.8947382e-08
4462 1.2802362e-05 7.4462276e-06 -1.8908406e-08
4463 1.2801484e-05 7.4484974e-06 -1.8869552e-08
4464 1.2800612e-05 7.4507773e-06 -1.8830915e-08
4465 1.2799844e-05 7.4530472e-06 -1.8792276e-08
4466 1.2798983e-05 7.4553271e-06 -1.8753847e-08
4467 1.2798127e-05 7.4576072e-06 -1.8715534e-08
4468 1.2796879e-05 7.4598873e-06 -1.8677025e-08
4469 1.2795236e-05 7.4621675e-06 -1.8639062e-08
4470 1.2793701e-05 7.4644477e-06 -1.8601123e-08
4471 1.2792073e-05 7.4667279e-06 -1.8563239e-08
4472 1.279045e-05 7.4690083e-06 -1.8525364e-08
4473 1.2788837e-05 7.4712987e-06 -1.8487731e-08
4474 1.278723e-05 7.4735891e-06 -1.8450126e-08
4475 1.2785629e-05 7.4758696e-06 -1.841262e-08
4476 1.2784037e-05 7.4781602e-06 -1.837515e-08
4477 1.2782451e-05 7.4804508e-06 -1.8337765e-08
4478 1.2780871e-05 7.4827415e-06 -1.8300436e-08
4479 1.2779299e-05 7.4850422e-06 -1.8263243e-08
4480 1.2777732e-05 7.487333e-06 -1.8226132e-08
4481 1.2776173e-05 7.4896238e-06 -1.8189003e-08
4482 1.2774619e-05 7.4919246e-06 -1.8152202e-08
4483 1.277307e-05 7.4942256e-06 -1.8115088e-08
4484 1.2771526e-05 7.4965165e-06 -1.8078369e-08
4485 1.2769988e-05 7.4988175e-06 -1.8041482e-08
4486 1.2768454e-05 7.5011186e-06 -1.8004923e-08
4487 1.2766923e-05 7.5034297e-06 -1.7968141e-08
4488 1.2765497e-05 7.5057309e-06 -1.7931597e-08
4489 1.2763974e-05 7.5080321e-06 -1.7895023e-08
4490 1.2762453e-05 7.5103433e-06 -1.7858679e-08
4491 1.2760934e-05 7.5126446e-06 -1.7822308e-08
4492 1.2759417e-05 7.514956e-06 -1.7786097e-08
4493 1.2757901e-05 7.5172673e-06 -1.7749776e-08
4494 1.2756386e-05 7.5195788e-06 -1.7713588e-08
4495 1.2754871e-05 7.5218903e-06 -1.767732e-08
4496 1.2753356e-05 7.5242018e-06 -1.7641293e-08
4497 1.2751841e-05 7.5265234e-06 -1.7605379e-08
4498 1.2750326e-05 7.528835e-06 -1.756951e-08
4499 1.2748809e-05 7.5311566e-06 -1.7533473e-08
4500 1.274729e-05 7.5334684e-06 -1.7497816e-08
4501 1.2745771e-05 7.5357901e-06 -1.7462137e-08
4502 1.2744248e-05 7.538112e-06 -1.7426543e-08
4503 1.2742724e-05 7.5404338e-06 -1.7390922e-08
4504 1.2741197e-05 7.5427557e-06 -1.7355389e-08
4505 1.2739768e-05 7.5450877e-06 -1.731994e-08
4506 1.2738236e-05 7.5474097e-06 -1.7284457e-08
4507 1.2736701e-05 7.5497417e-06 -1.7249294e-08
4508 1.2736064e-05 7.5520638e-06 -1.7214083e-08
4509 1.2736525e-05 7.5543959e-06 -1.7178628e-08
4510 1.2736882e-05 7.5567281e-06 -1.7143753e-08
4511 1.2737238e-05 7.5590603e-06 -1.7108612e-08
4512 1.273769e-05 7.5613926e-06 -1.7073474e-08
4513 1.2738041e-05 7.563725e-06 -1.7038648e-08
4514 1.273839e-05 7.5660673e-06 -1.7003667e-08
4515 1.2738837e-05 7.5683997e-06 -1.6968855e-08
4516 1.2739183e-05 7.5707422e-06 -1.6933966e-08
4517 1.2739629e-05 7.5730847e-06 -1.6899259e-08
4518 1.2739973e-05 7.5754273e-06 -1.6864461e-08
4519 1.2740318e-05 7.5777599e-06 -1.6829578e-08
4520 1.2740763e-05 7.5801126e-06 -1.679489e-08
4521 1.2741108e-05 7.5824553e-06 -1.6760302e-08
4522 1.2741454e-05 7.584798e-06 -1.6725489e-08
4523 1.2741902e-05 7.5871508e-06 -1.6690921e-08
4524 1.2742251e-05 7.5894937e-06 -1.6656276e-08
4525 1.2742604e-05 7.5918465e-06 -1.6621682e-08
4526 1.274306e-05 7.5941995e-06 -1.6587092e-08
4527 1.2743418e-05 7.5965525e-06 -1.6552445e-08
4528 1.2743881e-05 7.5989055e-06 -1.6517816e-08
4529 1.2744248e-05 7.6012587e-06 -1.6483253e-08
4530 1.2744619e-05 7.6036118e-06 -1.6448617e-08
4531 1.2745096e-05 7.605975e-06 -1.6414018e-08
4532 1.2745478e-05 7.6083282e-06 -1.637922e-08
4533 1.2745865e-05 7.6106915e-06 -1.6344618e-08
4534 1.2746358e-05 7.6130448e-06 -1.6309973e-08
4535 1.2746757e-05 7.6154083e-06 -1.6275324e-08
4536 1.2747263e-05 7.6177717e-06 -1.6240766e-08
4537 1.2747675e-05 7.6201452e-06 -1.6205975e-08
4538 1.2748093e-05 7.6225087e-06 -1.6171203e-08
4539 1.2748619e-05 7.6248723e-06 -1.6136431e-08
4540 1.2749051e-05 7.6272459e-06 -1.6101648e-08
4541 1.274959e-05 7.6296097e-06 -1.6066884e-08
4542 1.2750035e-05 7.6319834e-06 -1.6031968e-08
4543 1.2750486e-05 7.6343572e-06 -1.5997323e-08
4544 1.2751045e-05 7.636731e-06 -1.5962327e-08
4545 1.2751509e-05 7.6391049e-06 -1.5927591e-08
4546 1.2752079e-05 7.6414788e-06 -1.5892578e-08
4547 1.2752555e-05 7.6438528e-06 -1.5857584e-08
4548 1.2752136e-05 7.6462369e-06 -1.5822734e-08
4549 1.2750922e-05 7.648621e-06 -1.5787785e-08
4550 1.2749613e-05 7.6509951e-06 -1.5752858e-08
4551 1.2748408e-05 7.6533793e-06 -1.5717876e-08
4552 1.2747207e-05 7.6557636e-06 -1.5682879e-08
4553 1.2745909e-05 7.6581479e-06 -1.564791e-08
4554 1.2744714e-05 7.6605323e-06 -1.5612888e-08
4555 1.2743422e-05 7.6629266e-06 -1.5577884e-08
4556 1.2742232e-05 7.6653111e-06 -1.5542966e-08
4557 1.2740943e-05 7.6677056e-06 -1.5508018e-08
4558 1.2739755e-05 7.6700902e-06 -1.5473027e-08
4559 1.2738468e-05 7.6724849e-06 -1.5438071e-08
4560 1.2737282e-05 7.6748795e-06 -1.5402991e-08
4561 1.2735995e-05 7.6772743e-06 -1.5368155e-08
4562 1.2734808e-05 7.6796691e-06 -1.533309e-08
4563 1.2733518e-05 7.6820639e-06 -1.5298207e-08
4564 1.2732328e-05 7.6844688e-06 -1.526344e-08
4565 1.2731036e-05 7.6868638e-06 -1.5228535e-08
4566 1.2729841e-05 7.6892688e-06 -1.5193622e-08
4567 1.2728544e-05 7.6916739e-06 -1.5159006e-08
4568 1.2727344e-05 7.694079e-06 -1.5124083e-08
4569 1.2726042e-05 7.6964842e-06 -1.5089238e-08
4570 1.2724836e-05 7.6988894e-06 -1.505454e-08
4571 1.2723527e-05 7.7012948e-06 -1.5019959e-08
4572 1.2722315e-05 7.7037001e-06 -1.4985298e-08
4573 1.2720999e-05 7.7061156e-06 -1.4950661e-08
4574 1.2719779e-05 7.708521e-06 -1.4916205e-08
4575 1.2718458e-05 7.7109366e-06 -1.4881585e-08
4576 1.2717232e-05 7.7133522e-06 -1.4846956e-08
4577 1.2715903e-05 7.7157678e-06 -1.4812601e-08
4578 1.2714671e-05 7.7181835e-06 -1.4778006e-08
4579 1.2713336e-05 7.7205993e-06 -1.4743553e-08
4580 1.27121e-05 7.7230251e-06 -1.470907e-08
4581 1.271076e-05 7.725441e-06 -1.4674758e-08
4582 1.2709518e-05 7.727867e-06 -1.4640425e-08
4583 1.2708276e-05 7.730293e-06 -1.4606117e-08
4584 1.2706932e-05 7.7327091e-06 -1.4571865e-08
4585 1.2705687e-05 7.7351352e-06 -1.4537547e-08
4586 1.2704342e-05 7.7375614e-06 -1.4503355e-08
4587 1.2703096e-05 7.7399976e-06 -1.4469103e-08
4588 1.2702152e-05 7.7424239e-06 -1.4434709e-08
4589 1.2701509e-05 7.7448503e-06 -1.4400551e-08
4590 1.2700968e-05 7.7472867e-06 -1.4366414e-08
4591 1.2700428e-05 7.7497232e-06 -1.4332179e-08
4592 1.2699891e-05 7.7521498e-06 -1.4298032e-08
4593 1.2699256e-05 7.7545864e-06 -1.4263998e-08
4594 1.2698725e-05 7.7570231e-06 -1.4229837e-08
4595 1.2698198e-05 7.7594699e-06 -1.4195806e-08
4596 1.2697675e-05 7.7619067e-06 -1.4161651e-08
4597 1.2697056e-05 7.7643436e-06 -1.4127644e-08
4598 1.2696542e-05 7.7667905e-06 -1.4093647e-08
4599 1.2696034e-05 7.7692375e-06 -1.4059462e-08
4600 1.269553e-05 7.7716746e-06 -1.4025658e-08
4601 1.2694932e-05 7.7741217e-06 -1.3991688e-08
4602 1.2694439e-05 7.7765689e-06 -1.3957751e-08
4603 1.2693953e-05 7.7790261e-06 -1.3923817e-08
4604 1.2693473e-05 7.7814734e-06 -1.3889798e-08
4605 1.2692898e-05 7.7839208e-06 -1.3855955e-08
4606 1.2692431e-05 7.7863783e-06 -1.3822008e-08
4607 1.2691969e-05 7.7888358e-06 -1.3787945e-08
4608 1.2691513e-05 7.7912833e-06 -1.3754176e-08
4609 1.2690963e-05 7.793741e-06 -1.3720301e-08
4610 1.2690519e-05 7.7961987e-06 -1.3686537e-08
4611 1.2690081e-05 7.7986565e-06 -1.3652775e-08
4612 1.2689648e-05 7.8011243e-06 -1.3619122e-08
4613 1.268912e-05 7.8035822e-06 -1.3585334e-08
4614 1.2688698e-05 7.8060501e-06 -1.3551647e-08
4615 1.2688279e-05 7.8085082e-06 -1.3518069e-08
4616 1.2687865e-05 7.8109762e-06 -1.3484332e-08
4617 1.2687355e-05 7.8134444e-06 -1.3450905e-08
4618 1.2686949e-05 7.8159126e-06 -1.3417577e-08
4619 1.2686545e-05 7.8183809e-06 -1.3384213e-08
4620 1.2686144e-05 7.8208493e-06 -1.3350678e-08
4621 1.2685645e-05 7.8233277e-06 -1.3317379e-08
4622 1.2685248e-05 7.8257962e-06 -1.3284069e-08
4623 1.2684853e-05 7.8282747e-06 -1.3250971e-08
4624 1.2684458e-05 7.8307534e-06 -1.3217836e-08
4625 1.2683963e-05 7.833232e-06 -1.3184807e-08
4626 1.2683568e-05 7.8357108e-06 -1.3151806e-08
4627 1.2683173e-05 7.8381896e-06 -1.3119005e-08
4628 1.2684377e-05 7.8406685e-06 -1.3086266e-08
4629 1.268718e-05 7.8431574e-06 -1.3053522e-08
4630 1.268988e-05 7.8456364e-06 -1.3020917e-08
4631 1.269268e-05 7.8481255e-06 -1.2988221e-08
4632 1.2695476e-05 7.8506046e-06 -1.2955909e-08
4633 1.2698271e-05 7.8530938e-06 -1.2923539e-08
4634 1.2701062e-05 7.8555831e-06 -1.2891269e-08
4635 1.270385e-05 7.8580724e-06 -1.2859005e-08
4636 1.2706636e-05 7.8605718e-06 -1.2826946e-08
4637 1.2709318e-05 7.8630613e-06 -1.2795045e-08
4638 1.2712097e-05 7.8655608e-06 -1.2763161e-08
4639 1.2714873e-05 7.8680504e-06 -1.2731287e-08
4640 1.2717645e-05 7.87055e-06 -1.2699611e-08
4641 1.2720414e-05 7.8730497e-06 -1.2668032e-08
4642 1.272318e-05 7.8755495e-06 -1.263649e-08
4643 1.2725944e-05 7.8780493e-06 -1.2605029e-08
4644 1.2728704e-05 7.8805493e-06 -1.2573779e-08
4645 1.2731462e-05 7.8830592e-06 -1.2542645e-08
4646 1.2734217e-05 7.8855593e-06 -1.2511528e-08
4647 1.2736971e-05 7.8880693e-06 -1.2480509e-08
4648 1.2739724e-05 7.8905795e-06 -1.2449673e-08
4649 1.2742474e-05 7.8930897e-06 -1.2418793e-08
4650 1.2745224e-05 7.8956e-06 -1.2388163e-08
4651 1.2747973e-05 7.8981104e-06 -1.2357536e-08
4652 1.2750722e-05 7.9006208e-06 -1.2326974e-08
4653 1.2753471e-05 7.9031312e-06 -1.2296551e-08
4654 1.2756221e-05 7.9056518e-06 -1.2266263e-08
4655 1.2758972e-05 7.9081624e-06 -1.2236067e-08
4656 1.2761825e-05 7.910683e-06 -1.2205874e-08
4657 1.2764578e-05 7.9132038e-06 -1.2175908e-08
4658 1.2767335e-05 7.9157245e-06 -1.214597e-08
4659 1.2770094e-05 7.9182454e-06 -1.2116091e-08
4660 1.2772857e-05 7.9207763e-06 -1.2086277e-08
4661 1.2775623e-05 7.9232973e-06 -1.2056686e-08
4662 1.2778393e-05 7.9258283e-06 -1.2027191e-08
4663 1.2781166e-05 7.9283494e-06 -1.199756e-08
4664 1.2784045e-05 7.9308805e-06 -1.196826e-08
4665 1.2786828e-05 7.9334117e-06 -1.1938822e-08
4666 1.2789616e-05 7.935943e-06 -1.1909578e-08
4667 1.279241e-05 7.9384744e-06 -1.1880462e-08
4668 1.2793708e-05 7.9410058e-06 -1.1851479e-08
4669 1.2793512e-05 7.9435472e-06 -1.1822433e-08
4670 1.2793422e-05 7.9460787e-06 -1.1793558e-08
4671 1.2793238e-05 7.9486203e-06 -1.1764813e-08
4672 1.2793059e-05 7.9511619e-06 -1.1736274e-08
4673 1.2792886e-05 7.9537036e-06 -1.1707665e-08
4674 1.2792719e-05 7.9562454e-06 -1.1679118e-08
4675 1.2792557e-05 7.9587872e-06 -1.1650626e-08
4676 1.27924e-05 7.961329e-06 -1.1622471e-08
4677 1.2792349e-05 7.963871e-06 -1.1594217e-08
4678 1.2792203e-05 7.966423e-06 -1.1566102e-08
4679 1.2792061e-05 7.968975e-06 -1.15381e-08
4680 1.2791924e-05 7.9715171e-06 -1.1510185e-08
4681 1.2791791e-05 7.9740692e-06 -1.1482547e-08
4682 1.2791662e-05 7.9766215e-06 -1.1454794e-08
4683 1.2791537e-05 7.9791837e-06 -1.1427253e-08
4684 1.2791414e-05 7.9817361e-06 -1.1399781e-08
4685 1.2791394e-05 7.9842884e-06 -1.1372345e-08
4686 1.2791277e-05 7.9868509e-06 -1.1345244e-08
4687 1.2791162e-05 7.9894134e-06 -1.1318039e-08
4688 1.2791048e-05 7.9919659e-06 -1.1291102e-08
4689 1.2790935e-05 7.9945285e-06 -1.126417e-08
4690 1.2790824e-05 7.9970912e-06 -1.1237471e-08
4691 1.2790712e-05 7.9996639e-06 -1.1210918e-08
4692 1.2790701e-05 8.0022266e-06 -1.1184412e-08
4693 1.2790589e-05 8.0047894e-06 -1.1158064e-08
4694 1.2790477e-05 8.0073623e-06 -1.1131755e-08
4695 1.2790364e-05 8.0099352e-06 -1.110566e-08
4696 1.279025e-05 8.0124982e-06 -1.107957e-08
4697 1.2790134e-05 8.0150712e-06 -1.1053647e-08
4698 1.2790016e-05 8.0176443e-06 -1.1028023e-08
4699 1.2789897e-05 8.0202274e-06 -1.100236e-08
4700 1.2789875e-05 8.0228006e-06 -1.097699e-08
4701 1.278975e-05 8.0253738e-06 -1.0951535e-08
4702 1.2789623e-05 8.0279571e-06 -1.0926377e-08
4703 1.2789494e-05 8.0305404e-06 -1.0901247e-08
4704 1.2789363e-05 8.0331238e-06 -1.0876351e-08
4705 1.2789228e-05 8.0357072e-06 -1.0851475e-08
4706 1.2789091e-05 8.0382907e-06 -1.0826737e-08
4707 1.2789052e-05 8.0408742e-06 -1.0802227e-08
4708 1.2788511e-05 8.0434578e-06 -1.0777814e-08
4709 1.2787567e-05 8.0460514e-06 -1.0753456e-08
4710 1.2786621e-05 8.0486351e-06 -1.0729296e-08
4711 1.2785674e-05 8.0512288e-06 -1.0705194e-08
4712 1.2784725e-05 8.0538225e-06 -1.0681323e-08
4713 1.2783775e-05 8.0564163e-06 -1.06575e-08
4714 1.2782823e-05 8.0590102e-06 -1.0633815e-08
4715 1.2781972e-05 8.0616041e-06 -1.0610283e-08
4716 1.2781019e-05 8.064208e-06 -1.0586764e-08
4717 1.2780066e-05 8.066802e-06 -1.0563452e-08
4718 1.2779114e-05 8.069406e-06 -1.0540279e-08
4719 1.2778162e-05 8.0720101e-06 -1.0517205e-08
4720 1.2777211e-05 8.0746142e-06 -1.0494174e-08
4721 1.2776262e-05 8.0772184e-06 -1.0471277e-08
4722 1.2775314e-05 8.0798226e-06 -1.0448479e-08
4723 1.2774469e-05 8.0824268e-06 -1.0425788e-08
4724 1.2773525e-05 8.0850311e-06 -1.0403228e-08
4725 1.2772585e-05 8.0876455e-06 -1.0380736e-08
4726 1.2771648e-05 8.0902598e-06 -1.0358515e-08
4727 1.2770714e-05 8.0928642e-06 -1.0336301e-08
4728 1.2769784e-05 8.0954787e-06 -1.0314162e-08
4729 1.2768857e-05 8.0980932e-06 -1.0292063e-08
4730 1.2767935e-05 8.1007177e-06 -1.0270146e-08
4731 1.2767117e-05 8.1033323e-06 -1.0248297e-08
4732 1.2766204e-05 8.1059469e-06 -1.0226542e-08
4733 1.2765295e-05 8.1085716e-06 -1.0204962e-08
4734 1.2764392e-05 8.1111963e-06 -1.018342e-08
4735 1.2763492e-05 8.113821e-06 -1.0161902e-08
4736 1.2762599e-05 8.1164358e-06 -1.0140603e-08
4737 1.2761709e-05 8.1190706e-06 -1.0119356e-08
4738 1.2760826e-05 8.1216954e-06 -1.0098184e-08
4739 1.2760046e-05 8.1243203e-06 -1.0077088e-08
4740 1.2759172e-05 8.1269552e-06 -1.0056059e-08
4741 1.2758303e-05 8.1295802e-06 -1.0035228e-08
4742 1.2757437e-05 8.1322152e-06 -1.0014448e-08
4743 1.2756577e-05 8.1348502e-06 -9.9937173e-09
4744 1.2755721e-05 8.1374853e-06 -9.9730846e-09
4745 1.2754869e-05 8.1401204e-06 -9.952653e-09
4746 1.275402e-05 8.1427556e-06 -9.9322049e-09
4747 1.2753276e-05 8.1454008e-06 -9.9118088e-09
4748 1.2752834e-05 8.148036e-06 -9.8915887e-09
4749 1.2752795e-05 8.1506812e-06 -9.8714872e-09
4750 1.2752759e-05 8.1533265e-06 -9.8514688e-09
4751 1.2752726e-05 8.1559618e-06 -9.8314885e-09
4752 1.2752694e-05 8.1586072e-06 -9.8115645e-09
4753 1.2752764e-05 8.1612626e-06 -9.7918464e-09
4754 1.2752735e-05 8.163908e-06 -9.7721411e-09
4755 1.2752707e-05 8.1665535e-06 -9.7524956e-09
4756 1.275268e-05 8.169209e-06 -9.7330582e-09
4757 1.2752653e-05 8.1718645e-06 -9.7136836e-09
4758 1.2752727e-05 8.1745101e-06 -9.694449e-09
4759 1.27527e-05 8.1771657e-06 -9.6752502e-09
4760 1.2752673e-05 8.1798213e-06 -9.6561083e-09
4761 1.2752645e-05 8.1824869e-06 -9.6371414e-09
4762 1.2752615e-05 8.1851426e-06 -9.6181907e-09
4763 1.2752585e-05 8.1877983e-06 -9.5993662e-09
4764 1.2752655e-05 8.1904641e-06 -9.5807386e-09
4765 1.2752622e-05 8.1931299e-06 -9.5621191e-09
4766 1.2752588e-05 8.1957957e-06 -9.5434961e-09
4767 1.2752552e-05 8.1984615e-06 -9.525054e-09
4768 1.2752514e-05 8.2011274e-06 -9.5068228e-09
4769 1.2752575e-05 8.2037933e-06 -9.4884583e-09
4770 1.2752534e-05 8.2064592e-06 -9.4703688e-09
4771 1.2752491e-05 8.2091352e-06 -9.4522272e-09
4772 1.2752446e-05 8.2118012e-06 -9.43424e-09
4773 1.27524e-05 8.2144772e-06 -9.4164438e-09
4774 1.2752453e-05 8.2171533e-06 -9.3986728e-09
4775 1.2752404e-05 8.2198293e-06 -9.3808467e-09
4776 1.2752353e-05 8.2225054e-06 -9.3632385e-09
4777 1.2752302e-05 8.2251916e-06 -9.3456522e-09
4778 1.2752251e-05 8.2278677e-06 -9.3282536e-09
4779 1.2752198e-05 8.2305539e-06 -9.3108898e-09
4780 1.2752245e-05 8.2332301e-06 -9.2936178e-09
4781 1.2752193e-05 8.2359164e-06 -9.2762546e-09
4782 1.275214e-05 8.2386026e-06 -9.2591986e-09
4783 1.2752088e-05 8.2412889e-06 -9.2420759e-09
4784 1.2752036e-05 8.2439752e-06 -9.2250316e-09
4785 1.2752086e-05 8.2466716e-06 -9.2080896e-09
4786 1.2752037e-05 8.2493579e-06 -9.1911466e-09
4787 1.275199e-05 8.2520543e-06 -9.1743535e-09
4788 1.2751744e-05 8.2547507e-06 -9.1576632e-09
4789 1.27513e-05 8.2574472e-06 -9.1409153e-09
4790 1.2750859e-05 8.2601437e-06 -9.1242781e-09
4791 1.2750321e-05 8.2628401e-06 -9.1078072e-09
4792 1.2749885e-05 8.2655367e-06 -9.0912353e-09
4793 1.2749453e-05 8.2682332e-06 -9.0747318e-09
4794 1.2749023e-05 8.2709398e-06 -9.0583973e-09
4795 1.2748597e-05 8.2736464e-06 -9.0420142e-09
4796 1.2748075e-05 8.276343e-06 -9.0257186e-09
4797 1.2747657e-05 8.2790496e-06 -9.0095063e-09
4798 1.2747242e-05 8.2817563e-06 -8.9933059e-09
4799 1.2746832e-05 8.284473e-06 -8.9771364e-09
4800 1.2746424e-05 8.2871797e-06 -8.9609727e-09
4801 1.2746022e-05 8.2898865e-06 -8.9449629e-09
4802 1.2745523e-05 8.2926032e-06 -8.9289083e-09
4803 1.2745128e-05 8.29532e-06 -8.9129383e-09
4804 1.2744737e-05 8.2980368e-06 -8.8969283e-09
4805 1.274435e-05 8.3007537e-06 -8.8810205e-09
4806 1.2743967e-05 8.3034705e-06 -8.8653381e-09
4807 1.2743487e-05 8.3061874e-06 -8.8494224e-09
4808 1.274311e-05 8.3089043e-06 -8.8336279e-09
4809 1.2742737e-05 8.3116313e-06 -8.8178569e-09
4810 1.2742366e-05 8.3143482e-06 -8.8022694e-09
4811 1.2741999e-05 8.3170752e-06 -8.7865583e-09
4812 1.2741534e-05 8.3198022e-06 -8.7709533e-09
4813 1.2741172e-05 8.3225292e-06 -8.7553855e-09
4814 1.2740812e-05 8.3252563e-06 -8.7398014e-09
4815 1.2740454e-05 8.3279934e-06 -8.7243683e-09
4816 1.2740097e-05 8.3307205e-06 -8.7088748e-09
4817 1.2739743e-05 8.3334576e-06 -8.6934247e-09
4818 1.2739289e-05 8.3361848e-06 -8.6781737e-09
4819 1.2738936e-05 8.338922e-06 -8.6628089e-09
4820 1.2738584e-05 8.3416591e-06 -8.6475557e-09
4821 1.2738232e-05 8.3443964e-06 -8.6322435e-09
4822 1.2737881e-05 8.3471436e-06 -8.6170917e-09
4823 1.273743e-05 8.3498809e-06 -8.6019804e-09
4824 1.2737078e-05 8.3526282e-06 -8.5868295e-09
4825 1.2736726e-05 8.3553655e-06 -8.5717803e-09
4826 1.2736374e-05 8.3581128e-06 -8.5567232e-09
4827 1.2736021e-05 8.3608602e-06 -8.5417181e-09
4828 1.2737567e-05 8.3636076e-06 -8.5267752e-09
4829 1.2739112e-05 8.366355e-06 -8.5118927e-09
4830 1.2740756e-05 8.3691124e-06 -8.4970064e-09
4831 1.2742299e-05 8.3718599e-06 -8.4822332e-09
4832 1.2743941e-05 8.3746173e-06 -8.4674189e-09
4833 1.2745482e-05 8.3773648e-06 -8.4526974e-09
4834 1.2747121e-05 8.3801223e-06 -8.4380473e-09
4835 1.274866e-05 8.3828799e-06 -8.4234268e-09
4836 1.2750197e-05 8.3856374e-06 -8.4088402e-09
4837 1.2751834e-05 8.388395e-06 -8.3941607e-09
4838 1.2753369e-05 8.3911626e-06 -8.3796369e-09
4839 1.2755004e-05 8.3939203e-06 -8.3650973e-09
4840 1.2756538e-05 8.3966879e-06 -8.3506202e-09
4841 1.2758171e-05 8.3994556e-06 -8.3361414e-09
4842 1.2759704e-05 8.4022233e-06 -8.3218201e-09
4843 1.2761337e-05 8.404991e-06 -8.3073972e-09
4844 1.2762869e-05 8.4077587e-06 -8.2930803e-09
4845 1.2764502e-05 8.4105265e-06 -8.2787211e-09
4846 1.2766035e-05 8.4133043e-06 -8.264459e-09
4847 1.2767669e-05 8.4160721e-06 -8.2501658e-09
4848 1.2769203e-05 8.4188499e-06 -8.2358931e-09
4849 1.2770838e-05 8.4216278e-06 -8.2216687e-09
4850 1.2772375e-05 8.4244056e-06 -8.2075724e-09
4851 1.2773913e-05 8.4271835e-06 -8.1933684e-09
4852 1.2775553e-05 8.4299614e-06 -8.1792839e-09
4853 1.2777094e-05 8.4327493e-06 -8.165141e-09
4854 1.2778737e-05 8.4355273e-06 -8.1510837e-09
4855 1.2780283e-05 8.4383153e-06 -8.1369919e-09
4856 1.2781931e-05 8.4411033e-06 -8.1229113e-09
4857 1.2783481e-05 8.4438913e-06 -8.1089008e-09
4858 1.2785134e-05 8.4466793e-06 -8.0947061e-09
4859 1.2786789e-05 8.4494674e-06 -8.0807483e-09
4860 1.2788348e-05 8.4522655e-06 -8.0667811e-09
4861 1.2790009e-05 8.4550536e-06 -8.0527407e-09
4862 1.2791573e-05 8.4578517e-06 -8.0386891e-09
4863 1.279324e-05 8.4606399e-06 -8.0246942e-09
4864 1.279481e-05 8.4634381e-06 -8.0106961e-09
4865 1.2796483e-05 8.4662363e-06 -7.9967552e-09
4866 1.2798059e-05 8.4690445e-06 -7.9828006e-09
4867 1.2799338e-05 8.4718428e-06 -7.9688509e-09
4868 1.280012e-05 8.4746411e-06 -7.9549161e-09
4869 1.2801004e-05 8.4774494e-06 -7.940963e-09
4870 1.2801792e-05 8.4802577e-06 -7.9269836e-09
4871 1.2802681e-05 8.4830561e-06 -7.9131549e-09
4872 1.2803573e-05 8.4858644e-06 -7.8993052e-09
4873 1.2804367e-05 8.4886828e-06 -7.8853394e-09
4874 1.2805264e-05 8.4914912e-06 -7.8714226e-09
4875 1.2806061e-05 8.4942997e-06 -7.8575926e-09
4876 1.2806961e-05 8.4971181e-06 -7.8437664e-09
4877 1.2807762e-05 8.4999266e-06 -7.8299016e-09
4878 1.2808665e-05 8.5027451e-06 -7.8160454e-09
4879 1.2809468e-05 8.5055637e-06 -7.8022182e-09
4880 1.2810373e-05 8.5083822e-06 -7.788521e-09
4881 1.2811278e-05 8.5112008e-06 -7.7746737e-09
4882 1.2812084e-05 8.5140294e-06 -7.7608825e-09
4883 1.281299e-05 8.5168481e-06 -7.747195e-09
4884 1.2813797e-05 8.5196767e-06 -7.7334744e-09
4885 1.2814703e-05 8.5225054e-06 -7.7197366e-09
4886 1.2815509e-05 8.5253241e-06 -7.7060192e-09
4887 1.2816415e-05 8.5281528e-06 -7.6923467e-09
4888 1.2817321e-05 8.5309916e-06 -7.6786439e-09
4889 1.2818126e-05 8.5338204e-06 -7.6649876e-09
4890 1.2819031e-05 8.5366492e-06 -7.6514518e-09
4891 1.2819835e-05 8.539488e-06 -7.6378914e-09
4892 1.2820738e-05 8.5423268e-06 -7.6242546e-09
4893 1.282154e-05 8.5451557e-06 -7.6106748e-09
4894 1.2822441e-05 8.5479946e-06 -7.5971576e-09
4895 1.2823342e-05 8.5508436e-06 -7.583611e-09
4896 1.2824141e-05 8.5536825e-06 -7.5701603e-09
4897 1.282504e-05 8.5565215e-06 -7.5566897e-09
4898 1.2825838e-05 8.5593705e-06 -7.5432909e-09
4899 1.2826735e-05 8.5622095e-06 -7.5298212e-09
4900 1.2827631e-05 8.5650585e-06 -7.516384e-09
4901 1.2828427e-05 8.5679076e-06 -7.5030009e-09
4902 1.2829322e-05 8.5707567e-06 -7.4896657e-09
4903 1.2830117e-05 8.5736158e-06 -7.4763602e-09
4904 1.2831012e-05 8.5764649e-06 -7.4629998e-09
4905 1.2831907e-05 8.5793141e-06 -7.4497346e-09
4906 1.2832701e-05 8.5821733e-06 -7.4363612e-09
4907 1.2832896e-05 8.5850325e-06 -7.4231709e-09
4908 1.2832292e-05 8.5878917e-06 -7.4098269e-09
4909 1.2831788e-05 8.590751e-06 -7.3966119e-09
4910 1.2831184e-05 8.5936103e-06 -7.3833828e-09
4911 1.2830682e-05 8.5964696e-06 -7.37014e-09
4912 1.2830081e-05 8.5993389e-06 -7.3569706e-09
4913 1.2829581e-05 8.6021983e-06 -7.3437737e-09
4914 1.2829082e-05 8.6050677e-06 -7.330606e-09
4915 1.2828486e-05 8.6079371e-06 -7.3174548e-09
4916 1.282799e-05 8.6108065e-06 -7.3043129e-09
4917 1.2827397e-05 8.613676e-06 -7.2911481e-09
4918 1.2826905e-05 8.6165455e-06 -7.2779197e-09
4919 1.2826316e-05 8.619425e-06 -7.264821e-09
4920 1.2825829e-05 8.6222945e-06 -7.2517674e-09
4921 1.2825345e-05 8.6251741e-06 -7.2386344e-09
4922 1.2824762e-05 8.6280537e-06 -7.2255251e-09
4923 1.2824282e-05 8.6309333e-06 -7.212448e-09
4924 1.2823705e-05 8.6338129e-06 -7.1993321e-09
4925 1.282323e-05 8.6366926e-06 -7.1862625e-09
4926 1.2822657e-05 8.6395823e-06 -7.1732887e-09
4927 1.2822187e-05 8.642462e-06 -7.1601836e-09
4928 1.282162e-05 8.6453517e-06 -7.1471589e-09
4929 1.2821154e-05 8.6482415e-06 -7.1341714e-09
4930 1.282069e-05 8.6511313e-06 -7.1210743e-09
4931 1.2820129e-05 8.6540211e-06 -7.1080115e-09
4932 1.281967e-05 8.6569109e-06 -7.0950646e-09
4933 1.2819113e-05 8.6598008e-06 -7.0820126e-09
4934 1.2818658e-05 8.6627007e-06 -7.0690486e-09
4935 1.2818104e-05 8.6655906e-06 -7.0561167e-09
4936 1.2817651e-05 8.6684905e-06 -7.0432379e-09
4937 1.28172e-05 8.6713905e-06 -7.030234e-09
4938 1.281665e-05 8.6742905e-06 -7.0173095e-09
4939 1.2816201e-05 8.6771905e-06 -7.0044504e-09
4940 1.2815653e-05 8.6801006e-06 -6.9915225e-09
4941 1.2815205e-05 8.6830006e-06 -6.9786379e-09
4942 1.2814657e-05 8.6859107e-06 -6.9657308e-09
4943 1.281421e-05 8.6888208e-06 -6.9529885e-09
4944 1.2813663e-05 8.691721e-06 -6.940217e-09
4945 1.2813216e-05 8.6946311e-06 -6.9274596e-09
4946 1.2812768e-05 8.6975513e-06 -6.9147365e-09
4947 1.281342e-05 8.7004616e-06 -6.9020016e-09
4948 1.2815272e-05 8.7033718e-06 -6.8892813e-09
4949 1.2817123e-05 8.7062921e-06 -6.8765392e-09
4950 1.2818973e-05 8.7092124e-06 -6.8639269e-09
4951 1.2820922e-05 8.7121327e-06 -6.8513064e-09
4952 1.282277e-05 8.715053e-06 -6.83874e-09
4953 1.2824617e-05 8.7179734e-06 -6.8261003e-09
4954 1.2826463e-05 8.7208938e-06 -6.8135398e-09
4955 1.2828308e-05 8.7238242e-06 -6.8010122e-09
4956 1.2830152e-05 8.7267447e-06 -6.7885616e-09
4957 1.2832094e-05 8.7296752e-06 -6.7761203e-09
4958 1.2833936e-05 8.7326056e-06 -6.7636886e-09
4959 1.2835777e-05 8.7355362e-06 -6.7512692e-09
4960 1.2837617e-05 8.7384667e-06 -6.7388687e-09
4961 1.2839455e-05 8.7413973e-06 -6.7265961e-09
4962 1.2841394e-05 8.7443279e-06 -6.7143409e-09
4963 1.2843231e-05 8.7472685e-06 -6.7020251e-09
4964 1.2845068e-05 8.7502092e-06 -6.6897365e-09
4965 1.2846905e-05 8.7531498e-06 -6.6775166e-09
4966 1.2848742e-05 8.7560905e-06 -6.6653421e-09
4967 1.2850678e-05 8.7590313e-06 -6.6531956e-09
4968 1.2852515e-05 8.761972e-06 -6.6410009e-09
4969 1.2854352e-05 8.7649128e-06 -6.6289321e-09
4970 1.2856189e-05 8.7678636e-06 -6.6168692e-09
4971 1.2858128e-05 8.7708144e-06 -6.6047378e-09
4972 1.2859967e-05 8.7737553e-06 -6.5926886e-09
4973 1.2861807e-05 8.7767062e-06 -6.5806303e-09
4974 1.2863648e-05 8.7796571e-06 -6.5686072e-09
4975 1.2865591e-05 8.782618e-06 -6.5566736e-09
4976 1.2867436e-05 8.7855689e-06 -6.5446993e-09
4977 1.2869283e-05 8.7885299e-06 -6.5327929e-09
4978 1.2871131e-05 8.7914809e-06 -6.5208752e-09
4979 1.2873082e-05 8.7944419e-06 -6.509036e-09
4980 1.2874934e-05 8.797403e-06 -6.4971544e-09
4981 1.2876789e-05 8.8003641e-06 -6.4852014e-09
4982 1.2878747e-05 8.8033251e-06 -6.4733871e-09
4983 1.2880607e-05 8.8062963e-06 -6.4615378e-09
4984 1.2882469e-05 8.8092574e-06 -6.449698e-09
4985 1.2884334e-05 8.8122286e-06 -6.4379693e-09
4986 1.2886302e-05 8.8151998e-06 -6.4261952e-09
4987 1.2887973e-05 8.818171e-06 -6.4144473e-09
4988 1.2889346e-05 8.8211422e-06 -6.4026808e-09
4989 1.2890821e-05 8.8241135e-06 -6.3910317e-09
4990 1.28922e-05 8.8270848e-06 -6.3793069e-09
4991 1.289368e-05 8.8300661e-06 -6.3675917e-09
4992 1.2895163e-05 8.8330474e-06 -6.3559849e-09
4993 1.2896547e-05 8.8360188e-06 -6.3443243e-09
4994 1.2898034e-05 8.8390002e-06 -6.3326633e-09
4995 1.2899523e-05 8.8419816e-06 -6.3210972e-09
4996 1.2900914e-05 8.844973e-06 -6.3096189e-09
4997 1.2902406e-05 8.8479545e-06 -6.2981325e-09
4998 1.2903799e-05 8.8509359e-06 -6.2866092e-09
4999 1.2905293e-05 8.8539275e-06 -6.2751636e-09
5000 1.2906789e-05 8.856919e-06 -6.2637513e-09
