3.000000000000000000e+01 0.000000000000000000e+00 0.000000000000000000e+00 3.089041857301133133e-11
3.100000000000000000e+01 0.000000000000000000e+00 0.000000000000000000e+00 2.897213928433533034e-11
3.200000000000000000e+01 0.000000000000000000e+00 0.000000000000000000e+00 2.722846776998239442e-11
3.300000000000000000e+01 0.000000000000000000e+00 0.000000000000000000e+00 2.563882852119362468e-11
3.400000000000000000e+01 0.000000000000000000e+00 0.000000000000000000e+00 2.418558508162097105e-11
3.500000000000000000e+01 0.000000000000000000e+00 0.000000000000000000e+00 2.285356157192070295e-11
3.600000000000000000e+01 0.000000000000000000e+00 0.000000000000000000e+00 2.162963119456977343e-11
3.700000000000000000e+01 0.000000000000000000e+00 0.000000000000000000e+00 2.050240261437914337e-11
3.800000000000000000e+01 0.000000000000000000e+00 0.000000000000000000e+00 1.946194267955312612e-11
3.900000000000000000e+01 0.000000000000000000e+00 0.000000000000000000e+00 1.849956612246729725e-11
4.000000000000000000e+01 0.000000000000000000e+00 0.000000000000000000e+00 1.760764450358673759e-11
4.100000000000000000e+01 0.000000000000000000e+00 0.000000000000000000e+00 1.677946248883483474e-11
4.200000000000000000e+01 0.000000000000000000e+00 0.000000000000000000e+00 1.600908316987664008e-11
4.300000000000000000e+01 0.000000000000000000e+00 0.000000000000000000e+00 1.529124836309407013e-11
4.400000000000000000e+01 0.000000000000000000e+00 0.000000000000000000e+00 1.462128183761478497e-11
4.500000000000000000e+01 0.000000000000000000e+00 0.000000000000000000e+00 1.399501900426673543e-11
4.600000000000000000e+01 0.000000000000000000e+00 0.000000000000000000e+00 1.340873614747807926e-11
4.700000000000000000e+01 0.000000000000000000e+00 0.000000000000000000e+00 1.285910033656985903e-11
4.800000000000000000e+01 0.000000000000000000e+00 0.000000000000000000e+00 1.234311665322759140e-11
4.900000000000000000e+01 0.000000000000000000e+00 0.000000000000000000e+00 1.185809222152567793e-11
5.000000000000000000e+01 0.000000000000000000e+00 0.000000000000000000e+00 1.140159625820301247e-11
5.100000000000000000e+01 0.000000000000000000e+00 0.000000000000000000e+00 1.097143389296309947e-11
5.200000000000000000e+01 0.000000000000000000e+00 0.000000000000000000e+00 1.056561559878402941e-11
5.300000000000000000e+01 0.000000000000000000e+00 0.000000000000000000e+00 1.018233796635425699e-11
5.400000000000000000e+01 0.000000000000000000e+00 0.000000000000000000e+00 9.819959996177148542e-12
5.500000000000000000e+01 0.000000000000000000e+00 0.000000000000000000e+00 9.476988860821484677e-12
5.600000000000000000e+01 0.000000000000000000e+00 0.000000000000000000e+00 9.152061294025823356e-12
5.700000000000000000e+01 0.000000000000000000e+00 0.000000000000000000e+00 8.843933013189389188e-12
5.800000000000000000e+01 0.000000000000000000e+00 0.000000000000000000e+00 8.551463906518893101e-12
5.900000000000000000e+01 0.000000000000000000e+00 0.000000000000000000e+00 8.273610208752917510e-12
6.000000000000000000e+01 0.000000000000000000e+00 0.000000000000000000e+00 8.009412552373039163e-12
6.100000000000000000e+01 0.000000000000000000e+00 0.000000000000000000e+00 7.757990090663454707e-12
6.200000000000000000e+01 0.000000000000000000e+00 0.000000000000000000e+00 7.518530853609459511e-12
6.300000000000000000e+01 0.000000000000000000e+00 0.000000000000000000e+00 7.290287364309130152e-12
6.400000000000000000e+01 0.000000000000000000e+00 0.000000000000000000e+00 7.072568682768191332e-12
6.500000000000000000e+01 0.000000000000000000e+00 0.000000000000000000e+00 6.864737180318943070e-12
6.600000000000000000e+01 0.000000000000000000e+00 0.000000000000000000e+00 6.666201924741125901e-12
6.700000000000000000e+01 0.000000000000000000e+00 0.000000000000000000e+00 6.476416308864061657e-12
6.800000000000000000e+01 0.000000000000000000e+00 0.000000000000000000e+00 6.294872535066956135e-12
6.900000000000000000e+01 0.000000000000000000e+00 0.000000000000000000e+00 6.121099874621892600e-12
7.000000000000000000e+01 0.000000000000000000e+00 0.000000000000000000e+00 5.954660001626785166e-12
7.100000000000000000e+01 0.000000000000000000e+00 0.000000000000000000e+00 5.795145774388455422e-12
7.200000000000000000e+01 0.000000000000000000e+00 0.000000000000000000e+00 5.642177236327104458e-12
7.300000000000000000e+01 0.000000000000000000e+00 0.000000000000000000e+00 5.495400798461715325e-12
7.400000000000000000e+01 0.000000000000000000e+00 0.000000000000000000e+00 5.354485792163843545e-12
7.500000000000000000e+01 0.000000000000000000e+00 0.000000000000000000e+00 5.219123936758062945e-12
7.600000000000000000e+01 0.000000000000000000e+00 0.000000000000000000e+00 5.089026372556944379e-12
7.700000000000000000e+01 0.000000000000000000e+00 0.000000000000000000e+00 4.963923344003334391e-12
7.800000000000000000e+01 0.000000000000000000e+00 0.000000000000000000e+00 4.843561610523884232e-12
7.900000000000000000e+01 0.000000000000000000e+00 0.000000000000000000e+00 4.727704299393337134e-12
8.000000000000000000e+01 0.000000000000000000e+00 0.000000000000000000e+00 4.616128650239864272e-12
8.100000000000000000e+01 0.000000000000000000e+00 0.000000000000000000e+00 4.508625984494405772e-12
8.200000000000000000e+01 0.000000000000000000e+00 0.000000000000000000e+00 4.404999718299893336e-12
8.300000000000000000e+01 0.000000000000000000e+00 0.000000000000000000e+00 4.305065433960756837e-12
8.400000000000000000e+01 0.000000000000000000e+00 0.000000000000000000e+00 4.208649115469424249e-12
8.500000000000000000e+01 0.000000000000000000e+00 0.000000000000000000e+00 4.115587298128292921e-12
8.600000000000000000e+01 0.000000000000000000e+00 0.000000000000000000e+00 4.025725497662499751e-12
8.700000000000000000e+01 0.000000000000000000e+00 0.000000000000000000e+00 3.938918413022761420e-12
8.800000000000000000e+01 0.000000000000000000e+00 0.000000000000000000e+00 3.855028510683038748e-12
8.900000000000000000e+01 0.000000000000000000e+00 0.000000000000000000e+00 3.773926286298189503e-12
9.000000000000000000e+01 0.000000000000000000e+00 0.000000000000000000e+00 3.695488973159403838e-12
9.100000000000000000e+01 0.000000000000000000e+00 0.000000000000000000e+00 3.619600843327724628e-12
9.200000000000000000e+01 0.000000000000000000e+00 0.000000000000000000e+00 3.546152037271523824e-12
9.300000000000000000e+01 0.000000000000000000e+00 0.000000000000000000e+00 3.475038881254278543e-12
9.400000000000000000e+01 0.000000000000000000e+00 0.000000000000000000e+00 3.406162828050887783e-12
9.500000000000000000e+01 0.000000000000000000e+00 0.000000000000000000e+00 3.339430778272662628e-12
9.600000000000000000e+01 0.000000000000000000e+00 0.000000000000000000e+00 3.274754124208443805e-12
9.700000000000000000e+01 0.000000000000000000e+00 0.000000000000000000e+00 3.212049079777798148e-12
9.800000000000000000e+01 0.000000000000000000e+00 0.000000000000000000e+00 3.151235795951134482e-12
9.900000000000000000e+01 0.000000000000000000e+00 0.000000000000000000e+00 3.092238700458245756e-12
1.000000000000000000e+02 0.000000000000000000e+00 0.000000000000000000e+00 3.034985684964316718e-12
1.010000000000000000e+02 0.000000000000000000e+00 0.000000000000000000e+00 2.979408442701776608e-12
1.020000000000000000e+02 0.000000000000000000e+00 0.000000000000000000e+00 2.925441718158453261e-12
1.030000000000000000e+02 0.000000000000000000e+00 0.000000000000000000e+00 2.873023650275377531e-12
1.040000000000000000e+02 0.000000000000000000e+00 0.000000000000000000e+00 2.822095072477105438e-12
1.050000000000000000e+02 0.000000000000000000e+00 0.000000000000000000e+00 2.772599846964556571e-12
1.060000000000000000e+02 0.000000000000000000e+00 0.000000000000000000e+00 2.724484226740125208e-12
1.070000000000000000e+02 0.000000000000000000e+00 0.000000000000000000e+00 2.677697176212376748e-12
1.080000000000000000e+02 0.000000000000000000e+00 0.000000000000000000e+00 2.632189778975987186e-12
1.090000000000000000e+02 0.000000000000000000e+00 0.000000000000000000e+00 2.587915556300520422e-12
1.100000000000000000e+02 0.000000000000000000e+00 0.000000000000000000e+00 2.544829910282843869e-12
1.110000000000000000e+02 0.000000000000000000e+00 0.000000000000000000e+00 2.502890441439446760e-12
1.120000000000000000e+02 0.000000000000000000e+00 0.000000000000000000e+00 2.462056418087992841e-12
1.130000000000000000e+02 0.000000000000000000e+00 0.000000000000000000e+00 2.422289096117120558e-12
1.140000000000000000e+02 0.000000000000000000e+00 0.000000000000000000e+00 2.383551218044538907e-12
1.150000000000000000e+02 0.000000000000000000e+00 0.000000000000000000e+00 2.345807320768085571e-12
1.160000000000000000e+02 0.000000000000000000e+00 0.000000000000000000e+00 2.309023271034518421e-12
1.170000000000000000e+02 0.000000000000000000e+00 0.000000000000000000e+00 2.273166560759911007e-12
1.180000000000000000e+02 0.000000000000000000e+00 0.000000000000000000e+00 2.238205868736142554e-12
1.190000000000000000e+02 0.000000000000000000e+00 0.000000000000000000e+00 2.204111350420400367e-12
1.200000000000000000e+02 0.000000000000000000e+00 0.000000000000000000e+00 2.170854225792862512e-12
1.210000000000000000e+02 0.000000000000000000e+00 0.000000000000000000e+00 2.138407055689624404e-12
1.220000000000000000e+02 0.000000000000000000e+00 0.000000000000000000e+00 2.106743356473462041e-12
1.230000000000000000e+02 0.000000000000000000e+00 0.000000000000000000e+00 2.075837865400147478e-12
1.240000000000000000e+02 0.000000000000000000e+00 0.000000000000000000e+00 2.045666178813556190e-12
1.250000000000000000e+02 0.000000000000000000e+00 0.000000000000000000e+00 2.016205006617842224e-12
1.260000000000000000e+02 0.000000000000000000e+00 0.000000000000000000e+00 1.987431831311421181e-12
1.270000000000000000e+02 0.000000000000000000e+00 0.000000000000000000e+00 1.959325154288198323e-12
1.280000000000000000e+02 0.000000000000000000e+00 0.000000000000000000e+00 1.931864171412677825e-12
1.290000000000000000e+02 0.000000000000000000e+00 0.000000000000000000e+00 1.905029013339504157e-12
1.300000000000000000e+02 0.000000000000000000e+00 0.000000000000000000e+00 1.878800434842065816e-12
1.310000000000000000e+02 0.000000000000000000e+00 0.000000000000000000e+00 1.853160050292956617e-12
1.320000000000000000e+02 0.000000000000000000e+00 0.000000000000000000e+00 1.828090033772616481e-12
1.330000000000000000e+02 0.000000000000000000e+00 0.000000000000000000e+00 1.803573352840606960e-12
1.340000000000000000e+02 0.000000000000000000e+00 0.000000000000000000e+00 1.779593478293241773e-12
1.350000000000000000e+02 0.000000000000000000e+00 0.000000000000000000e+00 1.756134612474319987e-12
1.360000000000000000e+02 0.000000000000000000e+00 0.000000000000000000e+00 1.733181411675887084e-12
1.370000000000000000e+02 0.000000000000000000e+00 0.000000000000000000e+00 1.710719205932597058e-12
1.380000000000000000e+02 0.000000000000000000e+00 0.000000000000000000e+00 1.688733736851759144e-12
1.390000000000000000e+02 0.000000000000000000e+00 0.000000000000000000e+00 1.667211367143626665e-12
1.400000000000000000e+02 0.000000000000000000e+00 0.000000000000000000e+00 1.646138833009538192e-12
1.410000000000000000e+02 0.000000000000000000e+00 0.000000000000000000e+00 1.625503443886680953e-12
1.420000000000000000e+02 0.000000000000000000e+00 0.000000000000000000e+00 1.605292848397883175e-12
1.430000000000000000e+02 0.000000000000000000e+00 0.000000000000000000e+00 1.585495225116386018e-12
1.440000000000000000e+02 0.000000000000000000e+00 0.000000000000000000e+00 1.566099059310324133e-12
1.450000000000000000e+02 0.000000000000000000e+00 0.000000000000000000e+00 1.547093329638826780e-12
1.460000000000000000e+02 0.000000000000000000e+00 0.000000000000000000e+00 1.528467291812744118e-12
1.470000000000000000e+02 0.000000000000000000e+00 0.000000000000000000e+00 1.510210658943131305e-12
1.480000000000000000e+02 0.000000000000000000e+00 0.000000000000000000e+00 1.492313395501238968e-12
1.490000000000000000e+02 0.000000000000000000e+00 0.000000000000000000e+00 1.474765892750753136e-12
1.500000000000000000e+02 0.000000000000000000e+00 0.000000000000000000e+00 1.457558768294208334e-12
1.510000000000000000e+02 0.000000000000000000e+00 0.000000000000000000e+00 1.440683037937239486e-12
1.520000000000000000e+02 0.000000000000000000e+00 0.000000000000000000e+00 1.424129922452732714e-12
1.530000000000000000e+02 0.000000000000000000e+00 0.000000000000000000e+00 1.407891013299107717e-12
1.540000000000000000e+02 0.000000000000000000e+00 0.000000000000000000e+00 1.391958087918433195e-12
1.550000000000000000e+02 0.000000000000000000e+00 0.000000000000000000e+00 1.376323270928665299e-12
1.560000000000000000e+02 0.000000000000000000e+00 0.000000000000000000e+00 1.360978854616347440e-12
1.570000000000000000e+02 0.000000000000000000e+00 0.000000000000000000e+00 1.345917456194349819e-12
1.580000000000000000e+02 0.000000000000000000e+00 0.000000000000000000e+00 1.331131844068392297e-12
1.590000000000000000e+02 0.000000000000000000e+00 0.000000000000000000e+00 1.316615092011347226e-12
1.600000000000000000e+02 0.000000000000000000e+00 0.000000000000000000e+00 1.302360409641394415e-12
1.610000000000000000e+02 0.000000000000000000e+00 0.000000000000000000e+00 1.288361293443900678e-12
1.620000000000000000e+02 0.000000000000000000e+00 0.000000000000000000e+00 1.274611362526379647e-12
1.630000000000000000e+02 0.000000000000000000e+00 0.000000000000000000e+00 1.261104505204986265e-12
1.640000000000000000e+02 0.000000000000000000e+00 0.000000000000000000e+00 1.247834720541923262e-12
1.650000000000000000e+02 0.000000000000000000e+00 0.000000000000000000e+00 1.234796260745884158e-12
1.660000000000000000e+02 0.000000000000000000e+00 0.000000000000000000e+00 1.221983478107417058e-12
1.670000000000000000e+02 0.000000000000000000e+00 0.000000000000000000e+00 1.209390962908821204e-12
1.680000000000000000e+02 0.000000000000000000e+00 0.000000000000000000e+00 1.197013395660474908e-12
1.690000000000000000e+02 0.000000000000000000e+00 0.000000000000000000e+00 1.184845681496746276e-12
1.700000000000000000e+02 0.000000000000000000e+00 0.000000000000000000e+00 1.172882805893064044e-12
1.710000000000000000e+02 0.000000000000000000e+00 0.000000000000000000e+00 1.161119967275564277e-12
1.720000000000000000e+02 0.000000000000000000e+00 0.000000000000000000e+00 1.149552435883955531e-12
1.730000000000000000e+02 0.000000000000000000e+00 0.000000000000000000e+00 1.138175682220563399e-12
1.740000000000000000e+02 0.000000000000000000e+00 0.000000000000000000e+00 1.126985242624765279e-12
1.750000000000000000e+02 0.000000000000000000e+00 0.000000000000000000e+00 1.115976841684368101e-12
1.760000000000000000e+02 0.000000000000000000e+00 0.000000000000000000e+00 1.105146263656172571e-12
1.770000000000000000e+02 0.000000000000000000e+00 0.000000000000000000e+00 1.094489470726552325e-12
1.780000000000000000e+02 0.000000000000000000e+00 0.000000000000000000e+00 1.084002478144215735e-12
1.790000000000000000e+02 0.000000000000000000e+00 0.000000000000000000e+00 1.073681470271983817e-12
1.800000000000000000e+02 0.000000000000000000e+00 0.000000000000000000e+00 1.063522678377449351e-12
1.810000000000000000e+02 0.000000000000000000e+00 0.000000000000000000e+00 1.053522494313227364e-12
1.820000000000000000e+02 0.000000000000000000e+00 0.000000000000000000e+00 1.043677351462105081e-12
1.830000000000000000e+02 0.000000000000000000e+00 0.000000000000000000e+00 1.033983835922271724e-12
1.840000000000000000e+02 0.000000000000000000e+00 0.000000000000000000e+00 1.024438570177077607e-12
1.850000000000000000e+02 0.000000000000000000e+00 0.000000000000000000e+00 1.015038322546284961e-12
1.860000000000000000e+02 0.000000000000000000e+00 0.000000000000000000e+00 1.005779892770362206e-12
1.870000000000000000e+02 0.000000000000000000e+00 0.000000000000000000e+00 9.966602197384661314e-13
1.880000000000000000e+02 0.000000000000000000e+00 0.000000000000000000e+00 9.876762695177443281e-13
1.890000000000000000e+02 0.000000000000000000e+00 0.000000000000000000e+00 9.788251409278619045e-13
1.900000000000000000e+02 0.000000000000000000e+00 0.000000000000000000e+00 9.701039564526236446e-13
1.910000000000000000e+02 0.000000000000000000e+00 0.000000000000000000e+00 9.615099650092162274e-13
1.920000000000000000e+02 0.000000000000000000e+00 0.000000000000000000e+00 9.530404356312113825e-13
1.930000000000000000e+02 0.000000000000000000e+00 0.000000000000000000e+00 9.446927582637880258e-13
1.940000000000000000e+02 0.000000000000000000e+00 0.000000000000000000e+00 9.364643400970739983e-13
1.950000000000000000e+02 0.000000000000000000e+00 0.000000000000000000e+00 9.283527036137272479e-13
1.960000000000000000e+02 0.000000000000000000e+00 0.000000000000000000e+00 9.203553857158967188e-13
1.970000000000000000e+02 0.000000000000000000e+00 0.000000000000000000e+00 9.124700339213909624e-13
1.980000000000000000e+02 0.000000000000000000e+00 0.000000000000000000e+00 9.046943072726244659e-13
1.990000000000000000e+02 0.000000000000000000e+00 0.000000000000000000e+00 8.970259707182309917e-13
2.000000000000000000e+02 0.000000000000000000e+00 0.000000000000000000e+00 8.894627987689098098e-13
2.010000000000000000e+02 0.000000000000000000e+00 0.000000000000000000e+00 8.820026671312210756e-13
2.020000000000000000e+02 0.000000000000000000e+00 0.000000000000000000e+00 8.746434590775831060e-13
2.030000000000000000e+02 0.000000000000000000e+00 0.000000000000000000e+00 8.673831545552323249e-13
2.040000000000000000e+02 0.000000000000000000e+00 0.000000000000000000e+00 8.602197397751737992e-13
2.050000000000000000e+02 0.000000000000000000e+00 0.000000000000000000e+00 8.531512934607516353e-13
2.060000000000000000e+02 0.000000000000000000e+00 0.000000000000000000e+00 8.461758986514223565e-13
2.070000000000000000e+02 0.000000000000000000e+00 0.000000000000000000e+00 8.392917271274439498e-13
2.080000000000000000e+02 0.000000000000000000e+00 0.000000000000000000e+00 8.324969537779575086e-13
2.090000000000000000e+02 0.000000000000000000e+00 0.000000000000000000e+00 8.257898384885829829e-13
2.100000000000000000e+02 0.000000000000000000e+00 0.000000000000000000e+00 8.191686427111036172e-13
2.110000000000000000e+02 0.000000000000000000e+00 0.000000000000000000e+00 8.126317099196447343e-13
2.120000000000000000e+02 0.000000000000000000e+00 0.000000000000000000e+00 8.061773836002352022e-13
2.130000000000000000e+02 0.000000000000000000e+00 0.000000000000000000e+00 7.998040860510901854e-13
2.140000000000000000e+02 0.000000000000000000e+00 0.000000000000000000e+00 7.935102383837014783e-13
2.150000000000000000e+02 0.000000000000000000e+00 0.000000000000000000e+00 7.872943380952190047e-13
2.160000000000000000e+02 0.000000000000000000e+00 0.000000000000000000e+00 7.811548797467064200e-13
2.170000000000000000e+02 0.000000000000000000e+00 0.000000000000000000e+00 7.750904317492133232e-13
2.180000000000000000e+02 0.000000000000000000e+00 0.000000000000000000e+00 7.690995589252402042e-13
2.190000000000000000e+02 0.000000000000000000e+00 0.000000000000000000e+00 7.631808968674948891e-13
2.200000000000000000e+02 0.000000000000000000e+00 0.000000000000000000e+00 7.573330766852628865e-13
2.210000000000000000e+02 0.000000000000000000e+00 0.000000000000000000e+00 7.515547980845277920e-13
2.220000000000000000e+02 0.000000000000000000e+00 0.000000000000000000e+00 7.458447550452994871e-13
2.230000000000000000e+02 0.000000000000000000e+00 0.000000000000000000e+00 7.402017079584209838e-13
2.240000000000000000e+02 0.000000000000000000e+00 0.000000000000000000e+00 7.346244109219791813e-13
2.250000000000000000e+02 0.000000000000000000e+00 0.000000000000000000e+00 7.291116818992628388e-13
2.260000000000000000e+02 0.000000000000000000e+00 0.000000000000000000e+00 7.236623321041334537e-13
2.270000000000000000e+02 0.000000000000000000e+00 0.000000000000000000e+00 7.182752343829344720e-13
2.280000000000000000e+02 0.000000000000000000e+00 0.000000000000000000e+00 7.129492541837755123e-13
2.290000000000000000e+02 0.000000000000000000e+00 0.000000000000000000e+00 7.076833166747205359e-13
2.300000000000000000e+02 0.000000000000000000e+00 0.000000000000000000e+00 7.024763390389239476e-13
2.310000000000000000e+02 0.000000000000000000e+00 0.000000000000000000e+00 6.973272964498982042e-13
2.320000000000000000e+02 0.000000000000000000e+00 0.000000000000000000e+00 6.922351551281184396e-13
2.330000000000000000e+02 0.000000000000000000e+00 0.000000000000000000e+00 6.871989378783335832e-13
2.340000000000000000e+02 0.000000000000000000e+00 0.000000000000000000e+00 6.822176580112428710e-13
2.350000000000000000e+02 0.000000000000000000e+00 0.000000000000000000e+00 6.772903834484908232e-13
2.360000000000000000e+02 0.000000000000000000e+00 0.000000000000000000e+00 6.724161724072723347e-13
2.370000000000000000e+02 0.000000000000000000e+00 0.000000000000000000e+00 6.675941359682708768e-13
2.380000000000000000e+02 0.000000000000000000e+00 0.000000000000000000e+00 6.628233753027237961e-13
2.390000000000000000e+02 0.000000000000000000e+00 0.000000000000000000e+00 6.581030426635679709e-13
2.400000000000000000e+02 0.000000000000000000e+00 0.000000000000000000e+00 6.534322801975120067e-13
2.410000000000000000e+02 0.000000000000000000e+00 0.000000000000000000e+00 6.488102795544212090e-13
2.420000000000000000e+02 0.000000000000000000e+00 0.000000000000000000e+00 6.442362220889239611e-13
2.430000000000000000e+02 0.000000000000000000e+00 0.000000000000000000e+00 6.397093368413149561e-13
2.440000000000000000e+02 0.000000000000000000e+00 0.000000000000000000e+00 6.352288426804116950e-13
2.450000000000000000e+02 0.000000000000000000e+00 0.000000000000000000e+00 6.307940047189604500e-13
2.460000000000000000e+02 0.000000000000000000e+00 0.000000000000000000e+00 6.264040774177459028e-13
2.470000000000000000e+02 0.000000000000000000e+00 0.000000000000000000e+00 6.220583603805933723e-13
2.480000000000000000e+02 0.000000000000000000e+00 0.000000000000000000e+00 6.177561422539590242e-13
2.490000000000000000e+02 0.000000000000000000e+00 0.000000000000000000e+00 6.134967556185729180e-13
2.500000000000000000e+02 0.000000000000000000e+00 0.000000000000000000e+00 6.092795217931774098e-13
2.510000000000000000e+02 0.000000000000000000e+00 0.000000000000000000e+00 6.051038047794168526e-13
2.520000000000000000e+02 0.000000000000000000e+00 0.000000000000000000e+00 6.009689573401927618e-13
2.530000000000000000e+02 0.000000000000000000e+00 0.000000000000000000e+00 5.968743734763017688e-13
2.540000000000000000e+02 0.000000000000000000e+00 0.000000000000000000e+00 5.928194357786999217e-13
2.550000000000000000e+02 0.000000000000000000e+00 0.000000000000000000e+00 5.888035673205895080e-13
2.560000000000000000e+02 0.000000000000000000e+00 0.000000000000000000e+00 5.848261791826181245e-13
2.570000000000000000e+02 0.000000000000000000e+00 0.000000000000000000e+00 5.808867218784983395e-13
2.580000000000000000e+02 0.000000000000000000e+00 0.000000000000000000e+00 5.769846338953175191e-13
2.590000000000000000e+02 0.000000000000000000e+00 0.000000000000000000e+00 5.731193920447718513e-13
2.600000000000000000e+02 0.000000000000000000e+00 0.000000000000000000e+00 5.692904609301130350e-13
2.610000000000000000e+02 0.000000000000000000e+00 0.000000000000000000e+00 5.654973425690819852e-13
2.620000000000000000e+02 0.000000000000000000e+00 0.000000000000000000e+00 5.617395265433996876e-13
2.630000000000000000e+02 0.000000000000000000e+00 0.000000000000000000e+00 5.580165387245950543e-13
2.640000000000000000e+02 0.000000000000000000e+00 0.000000000000000000e+00 5.543278925731235506e-13
2.650000000000000000e+02 0.000000000000000000e+00 0.000000000000000000e+00 5.506731368085421453e-13
2.660000000000000000e+02 0.000000000000000000e+00 0.000000000000000000e+00 5.470518076200048731e-13
2.670000000000000000e+02 0.000000000000000000e+00 0.000000000000000000e+00 5.434634755179718514e-13
2.680000000000000000e+02 0.000000000000000000e+00 0.000000000000000000e+00 5.399076982762679410e-13
2.690000000000000000e+02 0.000000000000000000e+00 0.000000000000000000e+00 5.363840671740530217e-13
2.700000000000000000e+02 0.000000000000000000e+00 0.000000000000000000e+00 5.328921606034974031e-13
2.710000000000000000e+02 0.000000000000000000e+00 0.000000000000000000e+00 5.294315893710227733e-13
2.720000000000000000e+02 0.000000000000000000e+00 0.000000000000000000e+00 5.260019514418770799e-13
2.730000000000000000e+02 0.000000000000000000e+00 0.000000000000000000e+00 5.226028761923012432e-13
2.740000000000000000e+02 0.000000000000000000e+00 0.000000000000000000e+00 5.192339801886098168e-13
2.750000000000000000e+02 0.000000000000000000e+00 0.000000000000000000e+00 5.158949104137385596e-13
2.760000000000000000e+02 0.000000000000000000e+00 0.000000000000000000e+00 5.125853009616518397e-13
2.770000000000000000e+02 0.000000000000000000e+00 0.000000000000000000e+00 5.093048154984272439e-13
2.780000000000000000e+02 0.000000000000000000e+00 0.000000000000000000e+00 5.060531046170822866e-13
2.790000000000000000e+02 0.000000000000000000e+00 0.000000000000000000e+00 5.028298476409208822e-13
2.800000000000000000e+02 0.000000000000000000e+00 0.000000000000000000e+00 4.996347106758144721e-13
2.810000000000000000e+02 0.000000000000000000e+00 0.000000000000000000e+00 4.964673878918546114e-13
2.820000000000000000e+02 0.000000000000000000e+00 0.000000000000000000e+00 4.933275599656061333e-13
2.830000000000000000e+02 0.000000000000000000e+00 0.000000000000000000e+00 4.902149348707380747e-13
2.840000000000000000e+02 0.000000000000000000e+00 0.000000000000000000e+00 4.871292070116745234e-13
2.850000000000000000e+02 0.000000000000000000e+00 0.000000000000000000e+00 4.840700972205034380e-13
2.860000000000000000e+02 0.000000000000000000e+00 0.000000000000000000e+00 4.810373127395563336e-13
2.870000000000000000e+02 0.000000000000000000e+00 0.000000000000000000e+00 4.780305862901757230e-13
2.880000000000000000e+02 0.000000000000000000e+00 0.000000000000000000e+00 4.750496371073863489e-13
2.890000000000000000e+02 0.000000000000000000e+00 0.000000000000000000e+00 4.720942090174095458e-13
2.900000000000000000e+02 0.000000000000000000e+00 0.000000000000000000e+00 4.691640323312547083e-13
2.910000000000000000e+02 0.000000000000000000e+00 0.000000000000000000e+00 4.662588611309680469e-13
2.920000000000000000e+02 0.000000000000000000e+00 0.000000000000000000e+00 4.633784359920642809e-13
2.930000000000000000e+02 0.000000000000000000e+00 0.000000000000000000e+00 4.605225205157344309e-13
2.940000000000000000e+02 0.000000000000000000e+00 0.000000000000000000e+00 4.576908646889408674e-13
2.950000000000000000e+02 0.000000000000000000e+00 0.000000000000000000e+00 4.548832408118079463e-13
2.960000000000000000e+02 0.000000000000000000e+00 0.000000000000000000e+00 4.520994075869076154e-13
2.970000000000000000e+02 0.000000000000000000e+00 0.000000000000000000e+00 4.493391452197132899e-13
2.980000000000000000e+02 0.000000000000000000e+00 0.000000000000000000e+00 4.466022204177857483e-13
2.990000000000000000e+02 0.000000000000000000e+00 0.000000000000000000e+00 4.438884206512664952e-13
3.000000000000000000e+02 0.000000000000000000e+00 0.000000000000000000e+00 4.411975197945159669e-13
3.010000000000000000e+02 0.000000000000000000e+00 0.000000000000000000e+00 4.385293120210695010e-13
3.020000000000000000e+02 0.000000000000000000e+00 0.000000000000000000e+00 4.358835777067904294e-13
3.030000000000000000e+02 0.000000000000000000e+00 0.000000000000000000e+00 4.332601169496705092e-13
3.040000000000000000e+02 0.000000000000000000e+00 0.000000000000000000e+00 4.306587161003439741e-13
3.050000000000000000e+02 0.000000000000000000e+00 0.000000000000000000e+00 4.280791807184439252e-13
3.060000000000000000e+02 0.000000000000000000e+00 0.000000000000000000e+00 4.255213024888454341e-13
3.070000000000000000e+02 0.000000000000000000e+00 0.000000000000000000e+00 4.229848918194872525e-13
3.080000000000000000e+02 0.000000000000000000e+00 0.000000000000000000e+00 4.204697452739894303e-13
3.090000000000000000e+02 0.000000000000000000e+00 0.000000000000000000e+00 4.179756775605326178e-13
3.100000000000000000e+02 0.000000000000000000e+00 0.000000000000000000e+00 4.155024896629005149e-13
3.110000000000000000e+02 0.000000000000000000e+00 0.000000000000000000e+00 4.130500001862258430e-13
3.120000000000000000e+02 0.000000000000000000e+00 0.000000000000000000e+00 4.106180140396287245e-13
3.130000000000000000e+02 0.000000000000000000e+00 0.000000000000000000e+00 4.082063532753296755e-13
3.140000000000000000e+02 0.000000000000000000e+00 0.000000000000000000e+00 4.058148263189000795e-13
3.150000000000000000e+02 0.000000000000000000e+00 0.000000000000000000e+00 4.034432583675525879e-13
3.160000000000000000e+02 0.000000000000000000e+00 0.000000000000000000e+00 4.010914611222739388e-13
3.170000000000000000e+02 0.000000000000000000e+00 0.000000000000000000e+00 3.987592624842837073e-13
3.180000000000000000e+02 0.000000000000000000e+00 0.000000000000000000e+00 3.964464770623953018e-13
3.190000000000000000e+02 0.000000000000000000e+00 0.000000000000000000e+00 3.941529352886841654e-13
3.200000000000000000e+02 0.000000000000000000e+00 0.000000000000000000e+00 3.918784544586433572e-13
3.210000000000000000e+02 0.000000000000000000e+00 0.000000000000000000e+00 3.896228673187329302e-13
3.220000000000000000e+02 0.000000000000000000e+00 0.000000000000000000e+00 3.873859935985787807e-13
3.230000000000000000e+02 0.000000000000000000e+00 0.000000000000000000e+00 3.851676681900692869e-13
3.240000000000000000e+02 0.000000000000000000e+00 0.000000000000000000e+00 3.829677131308510058e-13
3.250000000000000000e+02 0.000000000000000000e+00 0.000000000000000000e+00 3.807859653073120362e-13
3.260000000000000000e+02 0.000000000000000000e+00 0.000000000000000000e+00 3.786222488741706262e-13
3.270000000000000000e+02 0.000000000000000000e+00 0.000000000000000000e+00 3.764764025774609817e-13
3.280000000000000000e+02 0.000000000000000000e+00 0.000000000000000000e+00 3.743482526397324707e-13
3.290000000000000000e+02 0.000000000000000000e+00 0.000000000000000000e+00 3.722376396311296585e-13
3.300000000000000000e+02 0.000000000000000000e+00 0.000000000000000000e+00 3.701443917760207481e-13
3.310000000000000000e+02 0.000000000000000000e+00 0.000000000000000000e+00 3.680683514176956051e-13
3.320000000000000000e+02 0.000000000000000000e+00 0.000000000000000000e+00 3.660093487277216998e-13
3.330000000000000000e+02 0.000000000000000000e+00 0.000000000000000000e+00 3.639672278154584311e-13
3.340000000000000000e+02 0.000000000000000000e+00 0.000000000000000000e+00 3.619418207607738937e-13
3.350000000000000000e+02 0.000000000000000000e+00 0.000000000000000000e+00 3.599329734702187818e-13
3.360000000000000000e+02 0.000000000000000000e+00 0.000000000000000000e+00 3.579405200296614172e-13
3.370000000000000000e+02 0.000000000000000000e+00 0.000000000000000000e+00 3.559643081008129772e-13
3.380000000000000000e+02 0.000000000000000000e+00 0.000000000000000000e+00 3.540041738146261938e-13
3.390000000000000000e+02 0.000000000000000000e+00 0.000000000000000000e+00 3.520599666273296921e-13
3.400000000000000000e+02 0.000000000000000000e+00 0.000000000000000000e+00 3.501315247958781542e-13
3.410000000000000000e+02 0.000000000000000000e+00 0.000000000000000000e+00 3.482186996329174100e-13
3.420000000000000000e+02 0.000000000000000000e+00 0.000000000000000000e+00 3.463213315669892459e-13
3.430000000000000000e+02 0.000000000000000000e+00 0.000000000000000000e+00 3.444392738909219296e-13
3.440000000000000000e+02 0.000000000000000000e+00 0.000000000000000000e+00 3.425723692449747282e-13
3.450000000000000000e+02 0.000000000000000000e+00 0.000000000000000000e+00 3.407204729806091887e-13
3.460000000000000000e+02 0.000000000000000000e+00 0.000000000000000000e+00 3.388834299901300923e-13
3.470000000000000000e+02 0.000000000000000000e+00 0.000000000000000000e+00 3.370610978182562635e-13
3.480000000000000000e+02 0.000000000000000000e+00 0.000000000000000000e+00 3.352533237143281395e-13
3.490000000000000000e+02 0.000000000000000000e+00 0.000000000000000000e+00 3.334599674554626513e-13
3.500000000000000000e+02 0.000000000000000000e+00 0.000000000000000000e+00 3.316808787354845945e-13
3.510000000000000000e+02 0.000000000000000000e+00 0.000000000000000000e+00 3.299159196826447659e-13
3.520000000000000000e+02 0.000000000000000000e+00 0.000000000000000000e+00 3.281649425156730660e-13
3.530000000000000000e+02 0.000000000000000000e+00 0.000000000000000000e+00 3.264278117785007508e-13
3.540000000000000000e+02 0.000000000000000000e+00 0.000000000000000000e+00 3.247043822988218750e-13
3.550000000000000000e+02 0.000000000000000000e+00 0.000000000000000000e+00 3.229945211232794792e-13
3.560000000000000000e+02 0.000000000000000000e+00 0.000000000000000000e+00 3.212980857994905995e-13
3.570000000000000000e+02 0.000000000000000000e+00 0.000000000000000000e+00 3.196149459652931937e-13
3.580000000000000000e+02 0.000000000000000000e+00 0.000000000000000000e+00 3.179449618970975091e-13
3.590000000000000000e+02 0.000000000000000000e+00 0.000000000000000000e+00 3.162880058781011500e-13
3.600000000000000000e+02 0.000000000000000000e+00 0.000000000000000000e+00 3.146439410711244578e-13
3.610000000000000000e+02 0.000000000000000000e+00 0.000000000000000000e+00 3.130126424206709325e-13
3.620000000000000000e+02 0.000000000000000000e+00 0.000000000000000000e+00 3.113939759640774100e-13
3.630000000000000000e+02 0.000000000000000000e+00 0.000000000000000000e+00 3.097878194525395684e-13
3.640000000000000000e+02 0.000000000000000000e+00 0.000000000000000000e+00 3.081940418407236460e-13
3.650000000000000000e+02 0.000000000000000000e+00 0.000000000000000000e+00 3.066125236546075324e-13
3.660000000000000000e+02 0.000000000000000000e+00 0.000000000000000000e+00 3.050431367974694316e-13
3.670000000000000000e+02 0.000000000000000000e+00 0.000000000000000000e+00 3.034857646606709148e-13
3.680000000000000000e+02 0.000000000000000000e+00 0.000000000000000000e+00 3.019402821486688636e-13
3.690000000000000000e+02 0.000000000000000000e+00 0.000000000000000000e+00 3.004065754758135050e-13
3.700000000000000000e+02 0.000000000000000000e+00 0.000000000000000000e+00 2.988845225831019654e-13
3.710000000000000000e+02 0.000000000000000000e+00 0.000000000000000000e+00 2.973740125596140728e-13
3.720000000000000000e+02 0.000000000000000000e+00 0.000000000000000000e+00 2.958749263248265308e-13
3.730000000000000000e+02 0.000000000000000000e+00 0.000000000000000000e+00 2.943871558323813736e-13
3.740000000000000000e+02 0.000000000000000000e+00 0.000000000000000000e+00 2.929105850209625211e-13
3.750000000000000000e+02 0.000000000000000000e+00 0.000000000000000000e+00 2.914451087206924505e-13
3.760000000000000000e+02 0.000000000000000000e+00 0.000000000000000000e+00 2.899906138491599119e-13
3.770000000000000000e+02 0.000000000000000000e+00 0.000000000000000000e+00 2.885469980719161600e-13
3.780000000000000000e+02 0.000000000000000000e+00 0.000000000000000000e+00 2.871141512617675920e-13
3.790000000000000000e+02 0.000000000000000000e+00 0.000000000000000000e+00 2.856919738756154699e-13
3.800000000000000000e+02 0.000000000000000000e+00 0.000000000000000000e+00 2.842803587379077357e-13
3.810000000000000000e+02 0.000000000000000000e+00 0.000000000000000000e+00 2.828792090965120574e-13
3.820000000000000000e+02 0.000000000000000000e+00 0.000000000000000000e+00 2.814884206573404519e-13
3.830000000000000000e+02 0.000000000000000000e+00 0.000000000000000000e+00 2.801078993942557025e-13
3.840000000000000000e+02 0.000000000000000000e+00 0.000000000000000000e+00 2.787375438943442059e-13
3.850000000000000000e+02 0.000000000000000000e+00 0.000000000000000000e+00 2.773772628045247052e-13
3.860000000000000000e+02 0.000000000000000000e+00 0.000000000000000000e+00 2.760269574738192154e-13
3.870000000000000000e+02 0.000000000000000000e+00 0.000000000000000000e+00 2.746865392209401609e-13
3.880000000000000000e+02 0.000000000000000000e+00 0.000000000000000000e+00 2.733559121221403940e-13
3.890000000000000000e+02 0.000000000000000000e+00 0.000000000000000000e+00 2.720349900589213976e-13
3.900000000000000000e+02 0.000000000000000000e+00 0.000000000000000000e+00 2.707236797837911492e-13
3.910000000000000000e+02 0.000000000000000000e+00 0.000000000000000000e+00 2.694218976744069648e-13
3.920000000000000000e+02 0.000000000000000000e+00 0.000000000000000000e+00 2.681295530608673846e-13
3.930000000000000000e+02 0.000000000000000000e+00 0.000000000000000000e+00 2.668465647795456889e-13
3.940000000000000000e+02 0.000000000000000000e+00 0.000000000000000000e+00 2.655728446875341238e-13
3.950000000000000000e+02 0.000000000000000000e+00 0.000000000000000000e+00 2.643083139558648856e-13
3.960000000000000000e+02 0.000000000000000000e+00 0.000000000000000000e+00 2.630528868840096704e-13
3.970000000000000000e+02 0.000000000000000000e+00 0.000000000000000000e+00 2.618064869543652976e-13
3.980000000000000000e+02 0.000000000000000000e+00 0.000000000000000000e+00 2.605690308092963708e-13
3.990000000000000000e+02 0.000000000000000000e+00 0.000000000000000000e+00 2.593404441211638141e-13
4.000000000000000000e+02 0.000000000000000000e+00 0.000000000000000000e+00 2.581206458449990679e-13
4.010000000000000000e+02 0.000000000000000000e+00 0.000000000000000000e+00 2.569095637794859025e-13
4.020000000000000000e+02 0.000000000000000000e+00 0.000000000000000000e+00 2.557071190676138088e-13
4.030000000000000000e+02 0.000000000000000000e+00 0.000000000000000000e+00 2.545132415324250540e-13
4.040000000000000000e+02 0.000000000000000000e+00 0.000000000000000000e+00 2.533278544245803752e-13
4.050000000000000000e+02 0.000000000000000000e+00 0.000000000000000000e+00 2.521508895519517645e-13
4.060000000000000000e+02 0.000000000000000000e+00 0.000000000000000000e+00 2.509822721930744278e-13
4.070000000000000000e+02 0.000000000000000000e+00 0.000000000000000000e+00 2.498219360109344902e-13
4.080000000000000000e+02 0.000000000000000000e+00 0.000000000000000000e+00 2.486698082228720868e-13
4.090000000000000000e+02 0.000000000000000000e+00 0.000000000000000000e+00 2.475258242740283176e-13
4.100000000000000000e+02 0.000000000000000000e+00 0.000000000000000000e+00 2.463899132503877911e-13
4.110000000000000000e+02 0.000000000000000000e+00 0.000000000000000000e+00 2.452620123358900297e-13
4.120000000000000000e+02 0.000000000000000000e+00 0.000000000000000000e+00 2.441420523826693487e-13
4.130000000000000000e+02 0.000000000000000000e+00 0.000000000000000000e+00 2.430299722094462361e-13
4.140000000000000000e+02 0.000000000000000000e+00 0.000000000000000000e+00 2.419257043699053614e-13
4.150000000000000000e+02 0.000000000000000000e+00 0.000000000000000000e+00 2.408291892294405685e-13
4.160000000000000000e+02 0.000000000000000000e+00 0.000000000000000000e+00 2.397403609770143862e-13
4.170000000000000000e+02 0.000000000000000000e+00 0.000000000000000000e+00 2.386591614840417528e-13
4.180000000000000000e+02 0.000000000000000000e+00 0.000000000000000000e+00 2.375855264502448589e-13
4.190000000000000000e+02 0.000000000000000000e+00 0.000000000000000000e+00 2.365193991886436523e-13
4.200000000000000000e+02 0.000000000000000000e+00 0.000000000000000000e+00 2.354607168549906082e-13
4.210000000000000000e+02 0.000000000000000000e+00 0.000000000000000000e+00 2.344094241001979169e-13
4.220000000000000000e+02 0.000000000000000000e+00 0.000000000000000000e+00 2.333654594888489595e-13
4.230000000000000000e+02 0.000000000000000000e+00 0.000000000000000000e+00 2.323287689289744162e-13
4.240000000000000000e+02 0.000000000000000000e+00 0.000000000000000000e+00 2.312992923235248932e-13
4.250000000000000000e+02 0.000000000000000000e+00 0.000000000000000000e+00 2.302769768025509801e-13
4.260000000000000000e+02 0.000000000000000000e+00 0.000000000000000000e+00 2.292617635372739688e-13
4.270000000000000000e+02 0.000000000000000000e+00 0.000000000000000000e+00 2.282536008142818860e-13
4.280000000000000000e+02 0.000000000000000000e+00 0.000000000000000000e+00 2.272524310038080286e-13
4.290000000000000000e+02 0.000000000000000000e+00 0.000000000000000000e+00 2.262582034733475057e-13
4.300000000000000000e+02 0.000000000000000000e+00 0.000000000000000000e+00 2.252708617355129040e-13
4.310000000000000000e+02 0.000000000000000000e+00 0.000000000000000000e+00 2.242903562224571678e-13
4.320000000000000000e+02 0.000000000000000000e+00 0.000000000000000000e+00 2.233166315206707738e-13
4.330000000000000000e+02 0.000000000000000000e+00 0.000000000000000000e+00 2.223496390390610622e-13
4.340000000000000000e+02 0.000000000000000000e+00 0.000000000000000000e+00 2.213893244024261188e-13
4.350000000000000000e+02 0.000000000000000000e+00 0.000000000000000000e+00 2.204356399517272361e-13
4.360000000000000000e+02 0.000000000000000000e+00 0.000000000000000000e+00 2.194885322833177594e-13
4.370000000000000000e+02 0.000000000000000000e+00 0.000000000000000000e+00 2.185479546397152678e-13
4.380000000000000000e+02 0.000000000000000000e+00 0.000000000000000000e+00 2.176138545473218632e-13
4.390000000000000000e+02 0.000000000000000000e+00 0.000000000000000000e+00 2.166861860953766672e-13
4.400000000000000000e+02 0.000000000000000000e+00 0.000000000000000000e+00 2.157648977198037208e-13
4.410000000000000000e+02 0.000000000000000000e+00 0.000000000000000000e+00 2.148499442844520831e-13
4.420000000000000000e+02 0.000000000000000000e+00 0.000000000000000000e+00 2.139412751145116539e-13
4.430000000000000000e+02 0.000000000000000000e+00 0.000000000000000000e+00 2.130388458217845451e-13
4.440000000000000000e+02 0.000000000000000000e+00 0.000000000000000000e+00 2.121426065512602573e-13
4.450000000000000000e+02 0.000000000000000000e+00 0.000000000000000000e+00 2.112525136444283537e-13
4.460000000000000000e+02 0.000000000000000000e+00 0.000000000000000000e+00 2.103685180130617625e-13
4.470000000000000000e+02 0.000000000000000000e+00 0.000000000000000000e+00 2.094905767087799328e-13
4.480000000000000000e+02 0.000000000000000000e+00 0.000000000000000000e+00 2.086186413813927752e-13
4.490000000000000000e+02 0.000000000000000000e+00 0.000000000000000000e+00 2.077526697474303002e-13
4.500000000000000000e+02 0.000000000000000000e+00 0.000000000000000000e+00 2.068926141646170061e-13
4.510000000000000000e+02 0.000000000000000000e+00 0.000000000000000000e+00 2.060384329854722837e-13
4.520000000000000000e+02 0.000000000000000000e+00 0.000000000000000000e+00 2.051900792502717886e-13
4.530000000000000000e+02 0.000000000000000000e+00 0.000000000000000000e+00 2.043475119154842207e-13
4.540000000000000000e+02 0.000000000000000000e+00 0.000000000000000000e+00 2.035106846866546588e-13
4.550000000000000000e+02 0.000000000000000000e+00 0.000000000000000000e+00 2.026795570869812912e-13
4.560000000000000000e+02 0.000000000000000000e+00 0.000000000000000000e+00 2.018540834522241912e-13
4.570000000000000000e+02 0.000000000000000000e+00 0.000000000000000000e+00 2.010342238509066263e-13
4.580000000000000000e+02 0.000000000000000000e+00 0.000000000000000000e+00 2.002199332275469506e-13
4.590000000000000000e+02 0.000000000000000000e+00 0.000000000000000000e+00 1.994111721877871612e-13
4.600000000000000000e+02 0.000000000000000000e+00 0.000000000000000000e+00 1.986078962612978676e-13
4.610000000000000000e+02 0.000000000000000000e+00 0.000000000000000000e+00 1.978100665478485940e-13
4.620000000000000000e+02 0.000000000000000000e+00 0.000000000000000000e+00 1.970176391470202768e-13
4.630000000000000000e+02 0.000000000000000000e+00 0.000000000000000000e+00 1.962305756376829871e-13
4.640000000000000000e+02 0.000000000000000000e+00 0.000000000000000000e+00 1.954488326751593396e-13
4.650000000000000000e+02 0.000000000000000000e+00 0.000000000000000000e+00 1.946723723039138710e-13
4.660000000000000000e+02 0.000000000000000000e+00 0.000000000000000000e+00 1.939011516930622052e-13
4.670000000000000000e+02 0.000000000000000000e+00 0.000000000000000000e+00 1.931351333424323107e-13
4.680000000000000000e+02 0.000000000000000000e+00 0.000000000000000000e+00 1.923742749163949170e-13
4.690000000000000000e+02 0.000000000000000000e+00 0.000000000000000000e+00 1.916185393657047703e-13
4.700000000000000000e+02 0.000000000000000000e+00 0.000000000000000000e+00 1.908678848272892869e-13
4.710000000000000000e+02 0.000000000000000000e+00 0.000000000000000000e+00 1.901222746730132696e-13
4.720000000000000000e+02 0.000000000000000000e+00 0.000000000000000000e+00 1.893816675101726606e-13
4.730000000000000000e+02 0.000000000000000000e+00 0.000000000000000000e+00 1.886460271095193629e-13
4.740000000000000000e+02 0.000000000000000000e+00 0.000000000000000000e+00 1.879153125428815359e-13
4.750000000000000000e+02 0.000000000000000000e+00 0.000000000000000000e+00 1.871894879743514934e-13
4.760000000000000000e+02 0.000000000000000000e+00 0.000000000000000000e+00 1.864685129129447143e-13
4.770000000000000000e+02 0.000000000000000000e+00 0.000000000000000000e+00 1.857523519183897739e-13
4.780000000000000000e+02 0.000000000000000000e+00 0.000000000000000000e+00 1.850409649313092325e-13
4.790000000000000000e+02 0.000000000000000000e+00 0.000000000000000000e+00 1.843343168639238235e-13
4.800000000000000000e+02 0.000000000000000000e+00 0.000000000000000000e+00 1.836323680953188067e-13
4.810000000000000000e+02 0.000000000000000000e+00 0.000000000000000000e+00 1.829350838954167365e-13
4.820000000000000000e+02 0.000000000000000000e+00 0.000000000000000000e+00 1.822424250488661090e-13
4.830000000000000000e+02 0.000000000000000000e+00 0.000000000000000000e+00 1.815543571906320225e-13
4.840000000000000000e+02 0.000000000000000000e+00 0.000000000000000000e+00 1.808708414982658629e-13
4.850000000000000000e+02 0.000000000000000000e+00 0.000000000000000000e+00 1.801918439535361268e-13
4.860000000000000000e+02 0.000000000000000000e+00 0.000000000000000000e+00 1.795173261240651423e-13
4.870000000000000000e+02 0.000000000000000000e+00 0.000000000000000000e+00 1.788472543467758499e-13
4.880000000000000000e+02 0.000000000000000000e+00 0.000000000000000000e+00 1.781815905669644129e-13
4.890000000000000000e+02 0.000000000000000000e+00 0.000000000000000000e+00 1.775203014501124962e-13
4.900000000000000000e+02 0.000000000000000000e+00 0.000000000000000000e+00 1.768633493331319842e-13
4.910000000000000000e+02 0.000000000000000000e+00 0.000000000000000000e+00 1.762107012154161353e-13
4.920000000000000000e+02 0.000000000000000000e+00 0.000000000000000000e+00 1.755623198224107722e-13
4.930000000000000000e+02 0.000000000000000000e+00 0.000000000000000000e+00 1.749181724726829823e-13
4.940000000000000000e+02 0.000000000000000000e+00 0.000000000000000000e+00 1.742782222654447981e-13
4.950000000000000000e+02 0.000000000000000000e+00 0.000000000000000000e+00 1.736424368499406465e-13
4.960000000000000000e+02 0.000000000000000000e+00 0.000000000000000000e+00 1.730107796930250380e-13
4.970000000000000000e+02 0.000000000000000000e+00 0.000000000000000000e+00 1.723832187711949469e-13
4.980000000000000000e+02 0.000000000000000000e+00 0.000000000000000000e+00 1.717597179190446503e-13
4.990000000000000000e+02 0.000000000000000000e+00 0.000000000000000000e+00 1.711402454384041756e-13
5.000000000000000000e+02 0.000000000000000000e+00 0.000000000000000000e+00 1.705247655340912037e-13
5.010000000000000000e+02 0.000000000000000000e+00 0.000000000000000000e+00 1.699132468333926852e-13
5.020000000000000000e+02 0.000000000000000000e+00 0.000000000000000000e+00 1.693056539203062168e-13
5.030000000000000000e+02 0.000000000000000000e+00 0.000000000000000000e+00 1.687019557420631124e-13
5.040000000000000000e+02 0.000000000000000000e+00 0.000000000000000000e+00 1.681021172585569513e-13
5.050000000000000000e+02 0.000000000000000000e+00 0.000000000000000000e+00 1.675061077525680383e-13
5.060000000000000000e+02 0.000000000000000000e+00 0.000000000000000000e+00 1.669138925665422303e-13
5.070000000000000000e+02 0.000000000000000000e+00 0.000000000000000000e+00 1.663254413091704576e-13
5.080000000000000000e+02 0.000000000000000000e+00 0.000000000000000000e+00 1.657407197100355877e-13
5.090000000000000000e+02 0.000000000000000000e+00 0.000000000000000000e+00 1.651596977116531551e-13
5.100000000000000000e+02 0.000000000000000000e+00 0.000000000000000000e+00 1.645823414181856094e-13
5.110000000000000000e+02 0.000000000000000000e+00 0.000000000000000000e+00 1.640086211259474516e-13
5.120000000000000000e+02 0.000000000000000000e+00 0.000000000000000000e+00 1.634385033136589279e-13
5.130000000000000000e+02 0.000000000000000000e+00 0.000000000000000000e+00 1.628719586296339183e-13
5.140000000000000000e+02 0.000000000000000000e+00 0.000000000000000000e+00 1.623089539338171864e-13
5.150000000000000000e+02 0.000000000000000000e+00 0.000000000000000000e+00 1.617494602301674369e-13
5.160000000000000000e+02 0.000000000000000000e+00 0.000000000000000000e+00 1.611934447772229008e-13
5.170000000000000000e+02 0.000000000000000000e+00 0.000000000000000000e+00 1.606408789272433306e-13
5.180000000000000000e+02 0.000000000000000000e+00 0.000000000000000000e+00 1.600917303477060132e-13
5.190000000000000000e+02 0.000000000000000000e+00 0.000000000000000000e+00 1.595459707477439529e-13
5.200000000000000000e+02 0.000000000000000000e+00 0.000000000000000000e+00 1.590035682068423766e-13
5.210000000000000000e+02 0.000000000000000000e+00 0.000000000000000000e+00 1.584644947997157065e-13
5.220000000000000000e+02 0.000000000000000000e+00 0.000000000000000000e+00 1.579287190003715338e-13
5.230000000000000000e+02 0.000000000000000000e+00 0.000000000000000000e+00 1.573962132612652386e-13
5.240000000000000000e+02 0.000000000000000000e+00 0.000000000000000000e+00 1.568669464739642412e-13
5.250000000000000000e+02 0.000000000000000000e+00 0.000000000000000000e+00 1.563408914591734567e-13
5.260000000000000000e+02 0.000000000000000000e+00 0.000000000000000000e+00 1.558180175259579344e-13
5.270000000000000000e+02 0.000000000000000000e+00 0.000000000000000000e+00 1.552982978775013576e-13
5.280000000000000000e+02 0.000000000000000000e+00 0.000000000000000000e+00 1.547817022338609146e-13
5.290000000000000000e+02 0.000000000000000000e+00 0.000000000000000000e+00 1.542682041907784527e-13
5.300000000000000000e+02 0.000000000000000000e+00 0.000000000000000000e+00 1.537577738886080717e-13
5.310000000000000000e+02 0.000000000000000000e+00 0.000000000000000000e+00 1.532503853228814283e-13
5.320000000000000000e+02 0.000000000000000000e+00 0.000000000000000000e+00 1.527460090598104097e-13
5.330000000000000000e+02 0.000000000000000000e+00 0.000000000000000000e+00 1.522446194904552703e-13
5.340000000000000000e+02 0.000000000000000000e+00 0.000000000000000000e+00 1.517461876178241184e-13
5.350000000000000000e+02 0.000000000000000000e+00 0.000000000000000000e+00 1.512506882342563116e-13
5.360000000000000000e+02 0.000000000000000000e+00 0.000000000000000000e+00 1.507580927862021496e-13
5.370000000000000000e+02 0.000000000000000000e+00 0.000000000000000000e+00 1.502683764747674559e-13
5.380000000000000000e+02 0.000000000000000000e+00 0.000000000000000000e+00 1.497815111173029156e-13
5.390000000000000000e+02 0.000000000000000000e+00 0.000000000000000000e+00 1.492974724046850443e-13
5.400000000000000000e+02 0.000000000000000000e+00 0.000000000000000000e+00 1.488162325686249636e-13
5.410000000000000000e+02 0.000000000000000000e+00 0.000000000000000000e+00 1.483377676805170384e-13
5.420000000000000000e+02 0.000000000000000000e+00 0.000000000000000000e+00 1.478620504744372406e-13
5.430000000000000000e+02 0.000000000000000000e+00 0.000000000000000000e+00 1.473890574349822985e-13
5.440000000000000000e+02 0.000000000000000000e+00 0.000000000000000000e+00 1.469187616985972783e-13
5.450000000000000000e+02 0.000000000000000000e+00 0.000000000000000000e+00 1.464511401728264933e-13
5.460000000000000000e+02 0.000000000000000000e+00 0.000000000000000000e+00 1.459861665014061892e-13
5.470000000000000000e+02 0.000000000000000000e+00 0.000000000000000000e+00 1.455238179509238667e-13
5.480000000000000000e+02 0.000000000000000000e+00 0.000000000000000000e+00 1.450640685718685089e-13
5.490000000000000000e+02 0.000000000000000000e+00 0.000000000000000000e+00 1.446068961045155176e-13
5.500000000000000000e+02 0.000000000000000000e+00 0.000000000000000000e+00 1.441522751131334553e-13
5.510000000000000000e+02 0.000000000000000000e+00 0.000000000000000000e+00 1.437001837126020191e-13
5.520000000000000000e+02 0.000000000000000000e+00 0.000000000000000000e+00 1.432505968842350613e-13
5.530000000000000000e+02 0.000000000000000000e+00 0.000000000000000000e+00 1.428034932257307465e-13
5.540000000000000000e+02 0.000000000000000000e+00 0.000000000000000000e+00 1.423588481021245360e-13
5.550000000000000000e+02 0.000000000000000000e+00 0.000000000000000000e+00 1.419166405674045656e-13
5.560000000000000000e+02 0.000000000000000000e+00 0.000000000000000000e+00 1.414768464780437196e-13
5.570000000000000000e+02 0.000000000000000000e+00 0.000000000000000000e+00 1.410394453429216630e-13
5.580000000000000000e+02 0.000000000000000000e+00 0.000000000000000000e+00 1.406044134255621942e-13
5.590000000000000000e+02 0.000000000000000000e+00 0.000000000000000000e+00 1.401717306234055992e-13
5.600000000000000000e+02 0.000000000000000000e+00 0.000000000000000000e+00 1.397413737064271795e-13
5.610000000000000000e+02 0.000000000000000000e+00 0.000000000000000000e+00 1.393133229947023160e-13
5.620000000000000000e+02 0.000000000000000000e+00 0.000000000000000000e+00 1.388875557394458949e-13
5.630000000000000000e+02 0.000000000000000000e+00 0.000000000000000000e+00 1.384640526314735118e-13
5.640000000000000000e+02 0.000000000000000000e+00 0.000000000000000000e+00 1.380427914035403638e-13
5.650000000000000000e+02 0.000000000000000000e+00 0.000000000000000000e+00 1.376237532180029080e-13
5.660000000000000000e+02 0.000000000000000000e+00 0.000000000000000000e+00 1.372069162233434636e-13
5.670000000000000000e+02 0.000000000000000000e+00 0.000000000000000000e+00 1.367922620322836718e-13
5.680000000000000000e+02 0.000000000000000000e+00 0.000000000000000000e+00 1.363797692442177607e-13
5.690000000000000000e+02 0.000000000000000000e+00 0.000000000000000000e+00 1.359694198608538005e-13
5.700000000000000000e+02 0.000000000000000000e+00 0.000000000000000000e+00 1.355611930009733518e-13
5.710000000000000000e+02 0.000000000000000000e+00 0.000000000000000000e+00 1.351550710851786881e-13
5.720000000000000000e+02 0.000000000000000000e+00 0.000000000000000000e+00 1.347510336621868488e-13
5.730000000000000000e+02 0.000000000000000000e+00 0.000000000000000000e+00 1.343490635821852312e-13
5.740000000000000000e+02 0.000000000000000000e+00 0.000000000000000000e+00 1.339491408511837724e-13
5.750000000000000000e+02 0.000000000000000000e+00 0.000000000000000000e+00 1.335512487507689441e-13
5.760000000000000000e+02 0.000000000000000000e+00 0.000000000000000000e+00 1.331553676881522133e-13
5.770000000000000000e+02 0.000000000000000000e+00 0.000000000000000000e+00 1.327614814371231115e-13
5.780000000000000000e+02 0.000000000000000000e+00 0.000000000000000000e+00 1.323695708391702225e-13
5.790000000000000000e+02 0.000000000000000000e+00 0.000000000000000000e+00 1.319796200706083035e-13
5.800000000000000000e+02 0.000000000000000000e+00 0.000000000000000000e+00 1.315916104136231715e-13
5.810000000000000000e+02 0.000000000000000000e+00 0.000000000000000000e+00 1.312055264729956103e-13
5.820000000000000000e+02 0.000000000000000000e+00 0.000000000000000000e+00 1.308213500298480619e-13
5.830000000000000000e+02 0.000000000000000000e+00 0.000000000000000000e+00 1.304390660003224627e-13
5.840000000000000000e+02 0.000000000000000000e+00 0.000000000000000000e+00 1.300586566373389944e-13
5.850000000000000000e+02 0.000000000000000000e+00 0.000000000000000000e+00 1.296801072850883191e-13
5.860000000000000000e+02 0.000000000000000000e+00 0.000000000000000000e+00 1.293034006561349778e-13
5.870000000000000000e+02 0.000000000000000000e+00 0.000000000000000000e+00 1.289285224489144252e-13
5.880000000000000000e+02 0.000000000000000000e+00 0.000000000000000000e+00 1.285554557755678554e-13
5.890000000000000000e+02 0.000000000000000000e+00 0.000000000000000000e+00 1.281841867661810974e-13
5.900000000000000000e+02 0.000000000000000000e+00 0.000000000000000000e+00 1.278146989546730682e-13
5.910000000000000000e+02 0.000000000000000000e+00 0.000000000000000000e+00 1.274469788265158020e-13
5.920000000000000000e+02 0.000000000000000000e+00 0.000000000000000000e+00 1.270810103363766333e-13
5.930000000000000000e+02 0.000000000000000000e+00 0.000000000000000000e+00 1.267167803438700862e-13
5.940000000000000000e+02 0.000000000000000000e+00 0.000000000000000000e+00 1.263542732197537711e-13
5.950000000000000000e+02 0.000000000000000000e+00 0.000000000000000000e+00 1.259934761998648211e-13
5.960000000000000000e+02 0.000000000000000000e+00 0.000000000000000000e+00 1.256343740641942425e-13
5.970000000000000000e+02 0.000000000000000000e+00 0.000000000000000000e+00 1.252769544211265941e-13
5.980000000000000000e+02 0.000000000000000000e+00 0.000000000000000000e+00 1.249212023989070275e-13
5.990000000000000000e+02 0.000000000000000000e+00 0.000000000000000000e+00 1.245671059227459522e-13
6.000000000000000000e+02 0.000000000000000000e+00 0.000000000000000000e+00 1.242146505408095548e-13
6.010000000000000000e+02 0.000000000000000000e+00 0.000000000000000000e+00 1.238638245636864365e-13
6.020000000000000000e+02 0.000000000000000000e+00 0.000000000000000000e+00 1.235146138813290773e-13
6.030000000000000000e+02 0.000000000000000000e+00 0.000000000000000000e+00 1.231670071092440422e-13
6.040000000000000000e+02 0.000000000000000000e+00 0.000000000000000000e+00 1.228209904453893138e-13
6.050000000000000000e+02 0.000000000000000000e+00 0.000000000000000000e+00 1.224765529249474781e-13
6.060000000000000000e+02 0.000000000000000000e+00 0.000000000000000000e+00 1.221336810235891302e-13
6.070000000000000000e+02 0.000000000000000000e+00 0.000000000000000000e+00 1.217923640917296877e-13
6.080000000000000000e+02 0.000000000000000000e+00 0.000000000000000000e+00 1.214525889590743351e-13
6.090000000000000000e+02 0.000000000000000000e+00 0.000000000000000000e+00 1.211143452940851442e-13
6.100000000000000000e+02 0.000000000000000000e+00 0.000000000000000000e+00 1.207776202063800893e-13
6.110000000000000000e+02 0.000000000000000000e+00 0.000000000000000000e+00 1.204424036777958708e-13
6.120000000000000000e+02 0.000000000000000000e+00 0.000000000000000000e+00 1.201086831572035158e-13
6.130000000000000000e+02 0.000000000000000000e+00 0.000000000000000000e+00 1.197764488343914867e-13
6.140000000000000000e+02 0.000000000000000000e+00 0.000000000000000000e+00 1.194456884714193690e-13
6.150000000000000000e+02 0.000000000000000000e+00 0.000000000000000000e+00 1.191163925537749984e-13
6.160000000000000000e+02 0.000000000000000000e+00 0.000000000000000000e+00 1.187885491423054527e-13
6.170000000000000000e+02 0.000000000000000000e+00 0.000000000000000000e+00 1.184621489004466047e-13
6.180000000000000000e+02 0.000000000000000000e+00 0.000000000000000000e+00 1.181371801809708938e-13
6.190000000000000000e+02 0.000000000000000000e+00 0.000000000000000000e+00 1.178136339557740286e-13
6.200000000000000000e+02 0.000000000000000000e+00 0.000000000000000000e+00 1.174914987649818787e-13
6.210000000000000000e+02 0.000000000000000000e+00 0.000000000000000000e+00 1.171707658457490623e-13
6.220000000000000000e+02 0.000000000000000000e+00 0.000000000000000000e+00 1.168514239661074285e-13
6.230000000000000000e+02 0.000000000000000000e+00 0.000000000000000000e+00 1.165334646114273232e-13
6.240000000000000000e+02 0.000000000000000000e+00 0.000000000000000000e+00 1.162168767783060883e-13
6.250000000000000000e+02 0.000000000000000000e+00 0.000000000000000000e+00 1.159016521464969190e-13
6.260000000000000000e+02 0.000000000000000000e+00 0.000000000000000000e+00 1.155877799828595657e-13
6.270000000000000000e+02 0.000000000000000000e+00 0.000000000000000000e+00 1.152752521751700715e-13
6.280000000000000000e+02 0.000000000000000000e+00 0.000000000000000000e+00 1.149640581882001348e-13
6.290000000000000000e+02 0.000000000000000000e+00 0.000000000000000000e+00 1.146541900720204880e-13
6.300000000000000000e+02 0.000000000000000000e+00 0.000000000000000000e+00 1.143456375430771504e-13
6.310000000000000000e+02 0.000000000000000000e+00 0.000000000000000000e+00 1.140383928741382821e-13
6.320000000000000000e+02 0.000000000000000000e+00 0.000000000000000000e+00 1.137324459225751954e-13
6.330000000000000000e+02 0.000000000000000000e+00 0.000000000000000000e+00 1.134277891618040961e-13
6.340000000000000000e+02 0.000000000000000000e+00 0.000000000000000000e+00 1.131244126671446809e-13
6.350000000000000000e+02 0.000000000000000000e+00 0.000000000000000000e+00 1.128223090597823154e-13
6.360000000000000000e+02 0.000000000000000000e+00 0.000000000000000000e+00 1.125214686152357854e-13
6.370000000000000000e+02 0.000000000000000000e+00 0.000000000000000000e+00 1.122218841170405935e-13
6.380000000000000000e+02 0.000000000000000000e+00 0.000000000000000000e+00 1.119235460354712474e-13
6.390000000000000000e+02 0.000000000000000000e+00 0.000000000000000000e+00 1.116264472753836828e-13
6.400000000000000000e+02 0.000000000000000000e+00 0.000000000000000000e+00 1.113305785372982876e-13
6.410000000000000000e+02 0.000000000000000000e+00 0.000000000000000000e+00 1.110359328662891805e-13
6.420000000000000000e+02 0.000000000000000000e+00 0.000000000000000000e+00 1.107425011221879667e-13
6.430000000000000000e+02 0.000000000000000000e+00 0.000000000000000000e+00 1.104502764970477886e-13
6.440000000000000000e+02 0.000000000000000000e+00 0.000000000000000000e+00 1.101592500227762479e-13
6.450000000000000000e+02 0.000000000000000000e+00 0.000000000000000000e+00 1.098694150342842619e-13
6.460000000000000000e+02 0.000000000000000000e+00 0.000000000000000000e+00 1.095807627360991870e-13
6.470000000000000000e+02 0.000000000000000000e+00 0.000000000000000000e+00 1.092932866053493625e-13
6.480000000000000000e+02 0.000000000000000000e+00 0.000000000000000000e+00 1.090069779751591698e-13
6.490000000000000000e+02 0.000000000000000000e+00 0.000000000000000000e+00 1.087218304655453433e-13
6.500000000000000000e+02 0.000000000000000000e+00 0.000000000000000000e+00 1.084378355550597820e-13
6.510000000000000000e+02 0.000000000000000000e+00 0.000000000000000000e+00 1.081549870420778817e-13
6.520000000000000000e+02 0.000000000000000000e+00 0.000000000000000000e+00 1.078732765552807585e-13
6.530000000000000000e+02 0.000000000000000000e+00 0.000000000000000000e+00 1.075926979725001250e-13
6.540000000000000000e+02 0.000000000000000000e+00 0.000000000000000000e+00 1.073132431097652135e-13
6.550000000000000000e+02 0.000000000000000000e+00 0.000000000000000000e+00 1.070349059564574398e-13
6.560000000000000000e+02 0.000000000000000000e+00 0.000000000000000000e+00 1.067576784957866647e-13
6.570000000000000000e+02 0.000000000000000000e+00 0.000000000000000000e+00 1.064815548737302491e-13
6.580000000000000000e+02 0.000000000000000000e+00 0.000000000000000000e+00 1.062065271581116531e-13
6.590000000000000000e+02 0.000000000000000000e+00 0.000000000000000000e+00 1.059325896345238195e-13
6.600000000000000000e+02 0.000000000000000000e+00 0.000000000000000000e+00 1.056597345295705031e-13
6.610000000000000000e+02 0.000000000000000000e+00 0.000000000000000000e+00 1.053879562233850067e-13
6.620000000000000000e+02 0.000000000000000000e+00 0.000000000000000000e+00 1.051172471257664735e-13
6.630000000000000000e+02 0.000000000000000000e+00 0.000000000000000000e+00 1.048476017313175781e-13
6.640000000000000000e+02 0.000000000000000000e+00 0.000000000000000000e+00 1.045790125398025186e-13
6.650000000000000000e+02 0.000000000000000000e+00 0.000000000000000000e+00 1.043114741964964783e-13
6.660000000000000000e+02 0.000000000000000000e+00 0.000000000000000000e+00 1.040449793592419525e-13
6.670000000000000000e+02 0.000000000000000000e+00 0.000000000000000000e+00 1.037795227688209966e-13
6.680000000000000000e+02 0.000000000000000000e+00 0.000000000000000000e+00 1.035150971947793779e-13
6.690000000000000000e+02 0.000000000000000000e+00 0.000000000000000000e+00 1.032516975621340067e-13
6.700000000000000000e+02 0.000000000000000000e+00 0.000000000000000000e+00 1.029893167292561356e-13
6.710000000000000000e+02 0.000000000000000000e+00 0.000000000000000000e+00 1.027279497322862668e-13
6.720000000000000000e+02 0.000000000000000000e+00 0.000000000000000000e+00 1.024675896106498584e-13
6.730000000000000000e+02 0.000000000000000000e+00 0.000000000000000000e+00 1.022082314893716774e-13
6.740000000000000000e+02 0.000000000000000000e+00 0.000000000000000000e+00 1.019498685209332939e-13
6.750000000000000000e+02 0.000000000000000000e+00 0.000000000000000000e+00 1.016924959759911876e-13
6.760000000000000000e+02 0.000000000000000000e+00 0.000000000000000000e+00 1.014361071321880793e-13
6.770000000000000000e+02 0.000000000000000000e+00 0.000000000000000000e+00 1.011806973854881132e-13
6.780000000000000000e+02 0.000000000000000000e+00 0.000000000000000000e+00 1.009262601385045091e-13
6.790000000000000000e+02 0.000000000000000000e+00 0.000000000000000000e+00 1.006727908808540186e-13
6.800000000000000000e+02 0.000000000000000000e+00 0.000000000000000000e+00 1.004202831770479996e-13
6.810000000000000000e+02 0.000000000000000000e+00 0.000000000000000000e+00 1.001687325855201600e-13
6.820000000000000000e+02 0.000000000000000000e+00 0.000000000000000000e+00 9.991813284945885273e-14
6.830000000000000000e+02 0.000000000000000000e+00 0.000000000000000000e+00 9.966847962178510904e-14
6.840000000000000000e+02 0.000000000000000000e+00 0.000000000000000000e+00 9.941976676480869897e-14
6.850000000000000000e+02 0.000000000000000000e+00 0.000000000000000000e+00 9.917199006197713160e-14
6.860000000000000000e+02 0.000000000000000000e+00 0.000000000000000000e+00 9.892514350774475372e-14
6.870000000000000000e+02 0.000000000000000000e+00 0.000000000000000000e+00 9.867922300371055872e-14
6.880000000000000000e+02 0.000000000000000000e+00 0.000000000000000000e+00 9.843422264208342605e-14
6.890000000000000000e+02 0.000000000000000000e+00 0.000000000000000000e+00 9.819013850085065037e-14
6.900000000000000000e+02 0.000000000000000000e+00 0.000000000000000000e+00 9.794696475441558333e-14
6.910000000000000000e+02 0.000000000000000000e+00 0.000000000000000000e+00 9.770469759508943817e-14
6.920000000000000000e+02 0.000000000000000000e+00 0.000000000000000000e+00 9.746333136206881156e-14
6.930000000000000000e+02 0.000000000000000000e+00 0.000000000000000000e+00 9.722286235971675185e-14
6.940000000000000000e+02 0.000000000000000000e+00 0.000000000000000000e+00 9.698328503702434953e-14
6.950000000000000000e+02 0.000000000000000000e+00 0.000000000000000000e+00 9.674459578828979437e-14
6.960000000000000000e+02 0.000000000000000000e+00 0.000000000000000000e+00 9.650678923640534486e-14
6.970000000000000000e+02 0.000000000000000000e+00 0.000000000000000000e+00 9.626986187649468950e-14
6.980000000000000000e+02 0.000000000000000000e+00 0.000000000000000000e+00 9.603380844712929365e-14
6.990000000000000000e+02 0.000000000000000000e+00 0.000000000000000000e+00 9.579862557828019883e-14
7.000000000000000000e+02 0.000000000000000000e+00 0.000000000000000000e+00 9.556430813257425283e-14
7.010000000000000000e+02 0.000000000000000000e+00 0.000000000000000000e+00 9.533085285402194620e-14
7.020000000000000000e+02 0.000000000000000000e+00 0.000000000000000000e+00 9.509825473195924984e-14
7.030000000000000000e+02 0.000000000000000000e+00 0.000000000000000000e+00 9.486651062203665352e-14
7.040000000000000000e+02 0.000000000000000000e+00 0.000000000000000000e+00 9.463561563502478844e-14
7.050000000000000000e+02 0.000000000000000000e+00 0.000000000000000000e+00 9.440556673723470648e-14
7.060000000000000000e+02 0.000000000000000000e+00 0.000000000000000000e+00 9.417635918444156293e-14
7.070000000000000000e+02 0.000000000000000000e+00 0.000000000000000000e+00 9.394799005314870396e-14
7.080000000000000000e+02 0.000000000000000000e+00 0.000000000000000000e+00 9.372045469986923898e-14
7.090000000000000000e+02 0.000000000000000000e+00 0.000000000000000000e+00 9.349375033532799126e-14
7.100000000000000000e+02 0.000000000000000000e+00 0.000000000000000000e+00 9.326787242893970412e-14
7.110000000000000000e+02 0.000000000000000000e+00 0.000000000000000000e+00 9.304281827740342747e-14
7.120000000000000000e+02 0.000000000000000000e+00 0.000000000000000000e+00 9.281858348895022512e-14
7.130000000000000000e+02 0.000000000000000000e+00 0.000000000000000000e+00 9.259516548567233653e-14
7.140000000000000000e+02 0.000000000000000000e+00 0.000000000000000000e+00 9.237255999684681088e-14
7.150000000000000000e+02 0.000000000000000000e+00 0.000000000000000000e+00 9.215076452619853938e-14
7.160000000000000000e+02 0.000000000000000000e+00 0.000000000000000000e+00 9.192977491777854441e-14
7.170000000000000000e+02 0.000000000000000000e+00 0.000000000000000000e+00 9.170958879344683104e-14
7.180000000000000000e+02 0.000000000000000000e+00 0.000000000000000000e+00 9.149020213297175572e-14
7.190000000000000000e+02 0.000000000000000000e+00 0.000000000000000000e+00 9.127161263606397415e-14
7.200000000000000000e+02 0.000000000000000000e+00 0.000000000000000000e+00 9.105381640017948951e-14
7.210000000000000000e+02 0.000000000000000000e+00 0.000000000000000000e+00 9.083681123183943662e-14
7.220000000000000000e+02 0.000000000000000000e+00 0.000000000000000000e+00 9.062059334181879156e-14
7.230000000000000000e+02 0.000000000000000000e+00 0.000000000000000000e+00 9.040516060375526529e-14
7.240000000000000000e+02 0.000000000000000000e+00 0.000000000000000000e+00 9.019050936031620229e-14
7.250000000000000000e+02 0.000000000000000000e+00 0.000000000000000000e+00 8.997663758179432555e-14
7.260000000000000000e+02 0.000000000000000000e+00 0.000000000000000000e+00 8.976354169982381628e-14
7.270000000000000000e+02 0.000000000000000000e+00 0.000000000000000000e+00 8.955121979378747007e-14
7.280000000000000000e+02 0.000000000000000000e+00 0.000000000000000000e+00 8.933966836191769322e-14
7.290000000000000000e+02 0.000000000000000000e+00 0.000000000000000000e+00 8.912888559853025099e-14
7.300000000000000000e+02 0.000000000000000000e+00 0.000000000000000000e+00 8.891886810027144384e-14
7.310000000000000000e+02 0.000000000000000000e+00 0.000000000000000000e+00 8.870961413027780515e-14
7.320000000000000000e+02 0.000000000000000000e+00 0.000000000000000000e+00 8.850112039270289957e-14
7.330000000000000000e+02 0.000000000000000000e+00 0.000000000000000000e+00 8.829338522205087548e-14
7.340000000000000000e+02 0.000000000000000000e+00 0.000000000000000000e+00 8.808640538813192564e-14
7.350000000000000000e+02 0.000000000000000000e+00 0.000000000000000000e+00 8.788017931295138209e-14
7.360000000000000000e+02 0.000000000000000000e+00 0.000000000000000000e+00 8.767470385818950964e-14
7.370000000000000000e+02 0.000000000000000000e+00 0.000000000000000000e+00 8.746997751801183968e-14
7.380000000000000000e+02 0.000000000000000000e+00 0.000000000000000000e+00 8.726599720264555366e-14
7.390000000000000000e+02 0.000000000000000000e+00 0.000000000000000000e+00 8.706276149299011419e-14
7.400000000000000000e+02 0.000000000000000000e+00 0.000000000000000000e+00 8.686026735645146160e-14
7.410000000000000000e+02 0.000000000000000000e+00 0.000000000000000000e+00 8.665851343698499519e-14
7.420000000000000000e+02 0.000000000000000000e+00 0.000000000000000000e+00 8.645749679979265048e-14
7.430000000000000000e+02 0.000000000000000000e+00 0.000000000000000000e+00 8.625721612235180829e-14
7.440000000000000000e+02 0.000000000000000000e+00 0.000000000000000000e+00 8.605766851264375043e-14
7.450000000000000000e+02 0.000000000000000000e+00 0.000000000000000000e+00 8.585885273087844665e-14
7.460000000000000000e+02 0.000000000000000000e+00 0.000000000000000000e+00 8.566076593248876517e-14
7.470000000000000000e+02 0.000000000000000000e+00 0.000000000000000000e+00 8.546340692669712126e-14
7.480000000000000000e+02 0.000000000000000000e+00 0.000000000000000000e+00 8.526677291265485257e-14
7.490000000000000000e+02 0.000000000000000000e+00 0.000000000000000000e+00 8.507086273971377911e-14
7.500000000000000000e+02 0.000000000000000000e+00 0.000000000000000000e+00 8.487567368092184060e-14
7.510000000000000000e+02 0.000000000000000000e+00 0.000000000000000000e+00 8.468120460035380361e-14
7.520000000000000000e+02 0.000000000000000000e+00 0.000000000000000000e+00 8.448745279711033877e-14
7.530000000000000000e+02 0.000000000000000000e+00 0.000000000000000000e+00 8.429441719222036704e-14
7.540000000000000000e+02 0.000000000000000000e+00 0.000000000000000000e+00 8.410209511197938388e-14
7.550000000000000000e+02 0.000000000000000000e+00 0.000000000000000000e+00 8.391048548856196819e-14
7.560000000000000000e+02 0.000000000000000000e+00 0.000000000000000000e+00 8.371958570832944114e-14
7.570000000000000000e+02 0.000000000000000000e+00 0.000000000000000000e+00 8.352939471444069544e-14
7.580000000000000000e+02 0.000000000000000000e+00 0.000000000000000000e+00 8.333990991013329875e-14
7.590000000000000000e+02 0.000000000000000000e+00 0.000000000000000000e+00 8.315113026269108799e-14
7.600000000000000000e+02 0.000000000000000000e+00 0.000000000000000000e+00 8.296305321012183012e-14
7.610000000000000000e+02 0.000000000000000000e+00 0.000000000000000000e+00 8.277567773085638315e-14
7.620000000000000000e+02 0.000000000000000000e+00 0.000000000000000000e+00 8.258900125767298471e-14
7.630000000000000000e+02 0.000000000000000000e+00 0.000000000000000000e+00 8.240302279383142912e-14
7.640000000000000000e+02 0.000000000000000000e+00 0.000000000000000000e+00 8.221773979260286900e-14
7.650000000000000000e+02 0.000000000000000000e+00 0.000000000000000000e+00 8.203315123916534650e-14
7.660000000000000000e+02 0.000000000000000000e+00 0.000000000000000000e+00 8.184925461475738000e-14
7.670000000000000000e+02 0.000000000000000000e+00 0.000000000000000000e+00 8.166604889266676996e-14
7.680000000000000000e+02 0.000000000000000000e+00 0.000000000000000000e+00 8.148353158259633242e-14
7.690000000000000000e+02 0.000000000000000000e+00 0.000000000000000000e+00 8.130170163720554646e-14
7.700000000000000000e+02 0.000000000000000000e+00 0.000000000000000000e+00 8.112055653772903033e-14
7.710000000000000000e+02 0.000000000000000000e+00 0.000000000000000000e+00 8.094009527513312146e-14
7.720000000000000000e+02 0.000000000000000000e+00 0.000000000000000000e+00 8.076031531087099992e-14
7.730000000000000000e+02 0.000000000000000000e+00 0.000000000000000000e+00 8.058121560004319597e-14
7.740000000000000000e+02 0.000000000000000000e+00 0.000000000000000000e+00 8.040279362196685312e-14
7.750000000000000000e+02 0.000000000000000000e+00 0.000000000000000000e+00 8.022504832407903979e-14
7.760000000000000000e+02 0.000000000000000000e+00 0.000000000000000000e+00 8.004797716271931247e-14
7.770000000000000000e+02 0.000000000000000000e+00 0.000000000000000000e+00 7.987157908408158313e-14
7.780000000000000000e+02 0.000000000000000000e+00 0.000000000000000000e+00 7.969585152325593149e-14
7.790000000000000000e+02 0.000000000000000000e+00 0.000000000000000000e+00 7.952079338762926071e-14
7.800000000000000000e+02 0.000000000000000000e+00 0.000000000000000000e+00 7.934640212629779383e-14
7.810000000000000000e+02 0.000000000000000000e+00 0.000000000000000000e+00 7.917267661306820302e-14
7.820000000000000000e+02 0.000000000000000000e+00 0.000000000000000000e+00 7.899961426835261808e-14
7.830000000000000000e+02 0.000000000000000000e+00 0.000000000000000000e+00 7.882721394811729994e-14
7.840000000000000000e+02 0.000000000000000000e+00 0.000000000000000000e+00 7.865547306290778584e-14
7.850000000000000000e+02 0.000000000000000000e+00 0.000000000000000000e+00 7.848439041953214754e-14
7.860000000000000000e+02 0.000000000000000000e+00 0.000000000000000000e+00 7.831396340843392888e-14
7.870000000000000000e+02 0.000000000000000000e+00 0.000000000000000000e+00 7.814419082694169363e-14
7.880000000000000000e+02 0.000000000000000000e+00 0.000000000000000000e+00 7.797507001922964296e-14
7.890000000000000000e+02 0.000000000000000000e+00 0.000000000000000000e+00 7.780659975625112338e-14
7.900000000000000000e+02 0.000000000000000000e+00 0.000000000000000000e+00 7.763877735875303519e-14
7.910000000000000000e+02 0.000000000000000000e+00 0.000000000000000000e+00 7.747160156231213770e-14
7.920000000000000000e+02 0.000000000000000000e+00 0.000000000000000000e+00 7.730506965482631746e-14
7.930000000000000000e+02 0.000000000000000000e+00 0.000000000000000000e+00 7.713918035133432117e-14
7.940000000000000000e+02 0.000000000000000000e+00 0.000000000000000000e+00 7.697393088538322297e-14
7.950000000000000000e+02 0.000000000000000000e+00 0.000000000000000000e+00 7.680931993485624421e-14
7.960000000000000000e+02 0.000000000000000000e+00 0.000000000000000000e+00 7.664534472049873589e-14
7.970000000000000000e+02 0.000000000000000000e+00 0.000000000000000000e+00 7.648200386383599237e-14
7.980000000000000000e+02 0.000000000000000000e+00 0.000000000000000000e+00 7.631929455236461931e-14
7.990000000000000000e+02 0.000000000000000000e+00 0.000000000000000000e+00 7.615721537202259070e-14
8.000000000000000000e+02 0.000000000000000000e+00 0.000000000000000000e+00 7.599576345658396122e-14
8.010000000000000000e+02 0.000000000000000000e+00 0.000000000000000000e+00 7.583493736250841173e-14
8.020000000000000000e+02 0.000000000000000000e+00 0.000000000000000000e+00 7.567473419339830132e-14
8.030000000000000000e+02 0.000000000000000000e+00 0.000000000000000000e+00 7.551515243131234266e-14
8.040000000000000000e+02 0.000000000000000000e+00 0.000000000000000000e+00 7.535618915578097470e-14
8.050000000000000000e+02 0.000000000000000000e+00 0.000000000000000000e+00 7.519784280603009800e-14
8.060000000000000000e+02 0.000000000000000000e+00 0.000000000000000000e+00 7.504011044121007516e-14
8.070000000000000000e+02 0.000000000000000000e+00 0.000000000000000000e+00 7.488299043305867083e-14
8.080000000000000000e+02 0.000000000000000000e+00 0.000000000000000000e+00 7.472647979377606120e-14
8.090000000000000000e+02 0.000000000000000000e+00 0.000000000000000000e+00 7.457057686656182537e-14
8.100000000000000000e+02 0.000000000000000000e+00 0.000000000000000000e+00 7.441527861841996328e-14
8.110000000000000000e+02 0.000000000000000000e+00 0.000000000000000000e+00 7.426058333260970137e-14
8.120000000000000000e+02 0.000000000000000000e+00 0.000000000000000000e+00 7.410648793145468997e-14
8.130000000000000000e+02 0.000000000000000000e+00 0.000000000000000000e+00 7.395299065809470938e-14
8.140000000000000000e+02 0.000000000000000000e+00 0.000000000000000000e+00 7.380008840382364825e-14
8.150000000000000000e+02 0.000000000000000000e+00 0.000000000000000000e+00 7.364777934820370487e-14
8.160000000000000000e+02 0.000000000000000000e+00 0.000000000000000000e+00 7.349606034566504535e-14
8.170000000000000000e+02 0.000000000000000000e+00 0.000000000000000000e+00 7.334492953239367585e-14
8.180000000000000000e+02 0.000000000000000000e+00 0.000000000000000000e+00 7.319438370651656349e-14
8.190000000000000000e+02 0.000000000000000000e+00 0.000000000000000000e+00 7.304442097333136711e-14
8.200000000000000000e+02 0.000000000000000000e+00 0.000000000000000000e+00 7.289503808009116162e-14
8.210000000000000000e+02 0.000000000000000000e+00 0.000000000000000000e+00 7.274623307544118763e-14
8.220000000000000000e+02 0.000000000000000000e+00 0.000000000000000000e+00 7.259800267495052130e-14
8.230000000000000000e+02 0.000000000000000000e+00 0.000000000000000000e+00 7.245034488964144311e-14
8.240000000000000000e+02 0.000000000000000000e+00 0.000000000000000000e+00 7.230325638199855944e-14
8.250000000000000000e+02 0.000000000000000000e+00 0.000000000000000000e+00 7.215673511889616234e-14
8.260000000000000000e+02 0.000000000000000000e+00 0.000000000000000000e+00 7.201077771637077859e-14
8.270000000000000000e+02 0.000000000000000000e+00 0.000000000000000000e+00 7.186538209778758820e-14
8.280000000000000000e+02 0.000000000000000000e+00 0.000000000000000000e+00 7.172054484812186495e-14
8.290000000000000000e+02 0.000000000000000000e+00 0.000000000000000000e+00 7.157626383330599153e-14
8.300000000000000000e+02 0.000000000000000000e+00 0.000000000000000000e+00 7.143253560319752710e-14
8.310000000000000000e+02 0.000000000000000000e+00 0.000000000000000000e+00 7.128935798888419924e-14
8.320000000000000000e+02 0.000000000000000000e+00 0.000000000000000000e+00 7.114672749112300895e-14
8.330000000000000000e+02 0.000000000000000000e+00 0.000000000000000000e+00 7.100464191703365349e-14
8.340000000000000000e+02 0.000000000000000000e+00 0.000000000000000000e+00 7.086309772701682752e-14
8.350000000000000000e+02 0.000000000000000000e+00 0.000000000000000000e+00 7.072209268329656383e-14
8.360000000000000000e+02 0.000000000000000000e+00 0.000000000000000000e+00 7.058162322402442311e-14
8.370000000000000000e+02 0.000000000000000000e+00 0.000000000000000000e+00 7.044168705789861017e-14
8.380000000000000000e+02 0.000000000000000000e+00 0.000000000000000000e+00 7.030228061229057957e-14
8.390000000000000000e+02 0.000000000000000000e+00 0.000000000000000000e+00 7.016340155267944720e-14
8.400000000000000000e+02 0.000000000000000000e+00 0.000000000000000000e+00 7.002504627447387916e-14
8.410000000000000000e+02 0.000000000000000000e+00 0.000000000000000000e+00 6.988721240601150139e-14
8.420000000000000000e+02 0.000000000000000000e+00 0.000000000000000000e+00 6.974989633036508870e-14
8.430000000000000000e+02 0.000000000000000000e+00 0.000000000000000000e+00 6.961309564350810613e-14
8.440000000000000000e+02 0.000000000000000000e+00 0.000000000000000000e+00 6.947680669885478379e-14
8.450000000000000000e+02 0.000000000000000000e+00 0.000000000000000000e+00 6.934102707593079898e-14
8.460000000000000000e+02 0.000000000000000000e+00 0.000000000000000000e+00 6.920575309390346866e-14
8.470000000000000000e+02 0.000000000000000000e+00 0.000000000000000000e+00 6.907098231279385270e-14
8.480000000000000000e+02 0.000000000000000000e+00 0.000000000000000000e+00 6.893671104244302625e-14
8.490000000000000000e+02 0.000000000000000000e+00 0.000000000000000000e+00 6.880293681018641171e-14
8.500000000000000000e+02 0.000000000000000000e+00 0.000000000000000000e+00 6.866965590142215965e-14
8.510000000000000000e+02 0.000000000000000000e+00 0.000000000000000000e+00 6.853686583469373038e-14
8.520000000000000000e+02 0.000000000000000000e+00 0.000000000000000000e+00 6.840456289295441153e-14
8.530000000000000000e+02 0.000000000000000000e+00 0.000000000000000000e+00 6.827274457113397680e-14
8.540000000000000000e+02 0.000000000000000000e+00 0.000000000000000000e+00 6.814140713420610966e-14
8.550000000000000000e+02 0.000000000000000000e+00 0.000000000000000000e+00 6.801054806165617665e-14
8.560000000000000000e+02 0.000000000000000000e+00 0.000000000000000000e+00 6.788016362378272284e-14
8.570000000000000000e+02 0.000000000000000000e+00 0.000000000000000000e+00 6.775025128863375499e-14
8.580000000000000000e+02 0.000000000000000000e+00 0.000000000000000000e+00 6.762080731574839914e-14
8.590000000000000000e+02 0.000000000000000000e+00 0.000000000000000000e+00 6.749182916690821605e-14
8.600000000000000000e+02 0.000000000000000000e+00 0.000000000000000000e+00 6.736331310003716116e-14
8.610000000000000000e+02 0.000000000000000000e+00 0.000000000000000000e+00 6.723525657329031961e-14
8.620000000000000000e+02 0.000000000000000000e+00 0.000000000000000000e+00 6.710765584759132514e-14
8.630000000000000000e+02 0.000000000000000000e+00 0.000000000000000000e+00 6.698050836787242688e-14
8.640000000000000000e+02 0.000000000000000000e+00 0.000000000000000000e+00 6.685381040191562791e-14
8.650000000000000000e+02 0.000000000000000000e+00 0.000000000000000000e+00 6.672755939320982695e-14
8.660000000000000000e+02 0.000000000000000000e+00 0.000000000000000000e+00 6.660175161927786891e-14
8.670000000000000000e+02 0.000000000000000000e+00 0.000000000000000000e+00 6.647638452653646245e-14
8.680000000000000000e+02 0.000000000000000000e+00 0.000000000000000000e+00 6.635145439419294187e-14
8.690000000000000000e+02 0.000000000000000000e+00 0.000000000000000000e+00 6.622695868792332907e-14
8.700000000000000000e+02 0.000000000000000000e+00 0.000000000000000000e+00 6.610289368634302239e-14
8.710000000000000000e+02 0.000000000000000000e+00 0.000000000000000000e+00 6.597925687095355273e-14
8.720000000000000000e+02 0.000000000000000000e+00 0.000000000000000000e+00 6.585604453118522278e-14
8.730000000000000000e+02 0.000000000000000000e+00 0.000000000000000000e+00 6.573325415499080484e-14
8.740000000000000000e+02 0.000000000000000000e+00 0.000000000000000000e+00 6.561088205914717798e-14
8.750000000000000000e+02 0.000000000000000000e+00 0.000000000000000000e+00 6.548892573493317928e-14
8.760000000000000000e+02 0.000000000000000000e+00 0.000000000000000000e+00 6.536738151282143647e-14
8.770000000000000000e+02 0.000000000000000000e+00 0.000000000000000000e+00 6.524624690947802188e-14
8.780000000000000000e+02 0.000000000000000000e+00 0.000000000000000000e+00 6.512551827855093347e-14
8.790000000000000000e+02 0.000000000000000000e+00 0.000000000000000000e+00 6.500519313723907177e-14
8.800000000000000000e+02 0.000000000000000000e+00 0.000000000000000000e+00 6.488526787726657972e-14
8.810000000000000000e+02 0.000000000000000000e+00 0.000000000000000000e+00 6.476574003150905614e-14
8.820000000000000000e+02 0.000000000000000000e+00 0.000000000000000000e+00 6.464660602835060055e-14
8.830000000000000000e+02 0.000000000000000000e+00 0.000000000000000000e+00 6.452786341005737413e-14
8.840000000000000000e+02 0.000000000000000000e+00 0.000000000000000000e+00 6.440950863112951818e-14
8.850000000000000000e+02 0.000000000000000000e+00 0.000000000000000000e+00 6.429153926550811751e-14
8.860000000000000000e+02 0.000000000000000000e+00 0.000000000000000000e+00 6.417395180178921967e-14
8.870000000000000000e+02 0.000000000000000000e+00 0.000000000000000000e+00 6.405674383361755968e-14
8.880000000000000000e+02 0.000000000000000000e+00 0.000000000000000000e+00 6.393991187646279833e-14
8.890000000000000000e+02 0.000000000000000000e+00 0.000000000000000000e+00 6.382345355105506470e-14
8.900000000000000000e+02 0.000000000000000000e+00 0.000000000000000000e+00 6.370736540956989420e-14
8.910000000000000000e+02 0.000000000000000000e+00 0.000000000000000000e+00 6.359164510410496149e-14
8.920000000000000000e+02 0.000000000000000000e+00 0.000000000000000000e+00 6.347628921582683154e-14
8.930000000000000000e+02 0.000000000000000000e+00 0.000000000000000000e+00 6.336129543283822961e-14
8.940000000000000000e+02 0.000000000000000000e+00 0.000000000000000000e+00 6.324666037417952593e-14
8.950000000000000000e+02 0.000000000000000000e+00 0.000000000000000000e+00 6.313238175577756702e-14
8.960000000000000000e+02 0.000000000000000000e+00 0.000000000000000000e+00 6.301845623944142925e-14
8.970000000000000000e+02 0.000000000000000000e+00 0.000000000000000000e+00 6.290488157687993247e-14
8.980000000000000000e+02 0.000000000000000000e+00 0.000000000000000000e+00 6.279165447540718419e-14
8.990000000000000000e+02 0.000000000000000000e+00 0.000000000000000000e+00 6.267877271711809328e-14
9.000000000000000000e+02 0.000000000000000000e+00 0.000000000000000000e+00 6.256623304617048426e-14
9.010000000000000000e+02 0.000000000000000000e+00 0.000000000000000000e+00 6.245403329367094163e-14
9.020000000000000000e+02 0.000000000000000000e+00 0.000000000000000000e+00 6.234217023984466682e-14
9.030000000000000000e+02 0.000000000000000000e+00 0.000000000000000000e+00 6.223064176227958230e-14
9.040000000000000000e+02 0.000000000000000000e+00 0.000000000000000000e+00 6.211944468547998030e-14
9.050000000000000000e+02 0.000000000000000000e+00 0.000000000000000000e+00 6.200857691472555261e-14
9.060000000000000000e+02 0.000000000000000000e+00 0.000000000000000000e+00 6.189803533399681619e-14
9.070000000000000000e+02 0.000000000000000000e+00 0.000000000000000000e+00 6.178781787817538627e-14
9.080000000000000000e+02 0.000000000000000000e+00 0.000000000000000000e+00 6.167792148855103519e-14
9.090000000000000000e+02 0.000000000000000000e+00 0.000000000000000000e+00 6.156834413932012312e-14
9.100000000000000000e+02 0.000000000000000000e+00 0.000000000000000000e+00 6.145908281932924917e-14
9.110000000000000000e+02 0.000000000000000000e+00 0.000000000000000000e+00 6.135013554759704234e-14
9.120000000000000000e+02 0.000000000000000000e+00 0.000000000000000000e+00 6.124149936700961073e-14
9.130000000000000000e+02 0.000000000000000000e+00 0.000000000000000000e+00 6.113317233307708975e-14
9.140000000000000000e+02 0.000000000000000000e+00 0.000000000000000000e+00 6.102515154601450761e-14
9.150000000000000000e+02 0.000000000000000000e+00 0.000000000000000000e+00 6.091743509602009438e-14
9.160000000000000000e+02 0.000000000000000000e+00 0.000000000000000000e+00 6.081002014155227118e-14
9.170000000000000000e+02 0.000000000000000000e+00 0.000000000000000000e+00 6.070290481590720058e-14
9.180000000000000000e+02 0.000000000000000000e+00 0.000000000000000000e+00 6.059608632799545197e-14
9.190000000000000000e+02 0.000000000000000000e+00 0.000000000000000000e+00 6.048956285765225786e-14
9.200000000000000000e+02 0.000000000000000000e+00 0.000000000000000000e+00 6.038333166008495744e-14
9.210000000000000000e+02 0.000000000000000000e+00 0.000000000000000000e+00 6.027739096575628579e-14
9.220000000000000000e+02 0.000000000000000000e+00 0.000000000000000000e+00 6.017173807256529538e-14
9.230000000000000000e+02 0.000000000000000000e+00 0.000000000000000000e+00 6.006637126187587655e-14
9.240000000000000000e+02 0.000000000000000000e+00 0.000000000000000000e+00 5.996128788512661703e-14
9.250000000000000000e+02 0.000000000000000000e+00 0.000000000000000000e+00 5.985648627665866759e-14
9.260000000000000000e+02 0.000000000000000000e+00 0.000000000000000000e+00 5.975196384184901191e-14
9.270000000000000000e+02 0.000000000000000000e+00 0.000000000000000000e+00 5.964771894937082253e-14
9.280000000000000000e+02 0.000000000000000000e+00 0.000000000000000000e+00 5.954374906207519153e-14
9.290000000000000000e+02 0.000000000000000000e+00 0.000000000000000000e+00 5.944005260320902966e-14
9.300000000000000000e+02 0.000000000000000000e+00 0.000000000000000000e+00 5.933662708441320117e-14
9.310000000000000000e+02 0.000000000000000000e+00 0.000000000000000000e+00 5.923347097256931553e-14
9.320000000000000000e+02 0.000000000000000000e+00 0.000000000000000000e+00 5.913058182352012037e-14
9.330000000000000000e+02 0.000000000000000000e+00 0.000000000000000000e+00 5.902795816260841942e-14
9.340000000000000000e+02 0.000000000000000000e+00 0.000000000000000000e+00 5.892559759796571557e-14
9.350000000000000000e+02 0.000000000000000000e+00 0.000000000000000000e+00 5.882349870073683403e-14
9.360000000000000000e+02 0.000000000000000000e+00 0.000000000000000000e+00 5.872165912328489797e-14
9.370000000000000000e+02 0.000000000000000000e+00 0.000000000000000000e+00 5.862007748772158416e-14
9.380000000000000000e+02 0.000000000000000000e+00 0.000000000000000000e+00 5.851875149614585310e-14
9.390000000000000000e+02 0.000000000000000000e+00 0.000000000000000000e+00 5.841767981329361884e-14
9.400000000000000000e+02 0.000000000000000000e+00 0.000000000000000000e+00 5.831686019474392857e-14
9.410000000000000000e+02 0.000000000000000000e+00 0.000000000000000000e+00 5.821629136103937999e-14
9.420000000000000000e+02 0.000000000000000000e+00 0.000000000000000000e+00 5.811597110390171132e-14
9.430000000000000000e+02 0.000000000000000000e+00 0.000000000000000000e+00 5.801589819662043333e-14
9.440000000000000000e+02 0.000000000000000000e+00 0.000000000000000000e+00 5.791607047628369039e-14
9.450000000000000000e+02 0.000000000000000000e+00 0.000000000000000000e+00 5.781648676109403792e-14
9.460000000000000000e+02 0.000000000000000000e+00 0.000000000000000000e+00 5.771714494340197729e-14
9.470000000000000000e+02 0.000000000000000000e+00 0.000000000000000000e+00 5.761804388196104852e-14
9.480000000000000000e+02 0.000000000000000000e+00 0.000000000000000000e+00 5.751918152298041718e-14
9.490000000000000000e+02 0.000000000000000000e+00 0.000000000000000000e+00 5.742055676955110241e-14
9.500000000000000000e+02 0.000000000000000000e+00 0.000000000000000000e+00 5.732216761261038017e-14
9.510000000000000000e+02 0.000000000000000000e+00 0.000000000000000000e+00 5.722401299183282662e-14
9.520000000000000000e+02 0.000000000000000000e+00 0.000000000000000000e+00 5.712609094650313458e-14
9.530000000000000000e+02 0.000000000000000000e+00 0.000000000000000000e+00 5.702840045953669118e-14
9.540000000000000000e+02 0.000000000000000000e+00 0.000000000000000000e+00 5.693093962056653602e-14
9.550000000000000000e+02 0.000000000000000000e+00 0.000000000000000000e+00 5.683370745537170965e-14
9.560000000000000000e+02 0.000000000000000000e+00 0.000000000000000000e+00 5.673670209448555654e-14
9.570000000000000000e+02 0.000000000000000000e+00 0.000000000000000000e+00 5.663992260005939836e-14
9.580000000000000000e+02 0.000000000000000000e+00 0.000000000000000000e+00 5.654336715652827771e-14
9.590000000000000000e+02 0.000000000000000000e+00 0.000000000000000000e+00 5.644703486690225131e-14
9.600000000000000000e+02 0.000000000000000000e+00 0.000000000000000000e+00 5.635092395722582733e-14
9.610000000000000000e+02 0.000000000000000000e+00 0.000000000000000000e+00 5.625503357283253552e-14
9.620000000000000000e+02 0.000000000000000000e+00 0.000000000000000000e+00 5.615936198484217530e-14
9.630000000000000000e+02 0.000000000000000000e+00 0.000000000000000000e+00 5.606390838010001158e-14
9.640000000000000000e+02 0.000000000000000000e+00 0.000000000000000000e+00 5.596867106901485922e-14
9.650000000000000000e+02 0.000000000000000000e+00 0.000000000000000000e+00 5.587364928012022750e-14
9.660000000000000000e+02 0.000000000000000000e+00 0.000000000000000000e+00 5.577884136646687062e-14
9.670000000000000000e+02 0.000000000000000000e+00 0.000000000000000000e+00 5.568424659816382347e-14
9.680000000000000000e+02 0.000000000000000000e+00 0.000000000000000000e+00 5.558986336368834658e-14
9.690000000000000000e+02 0.000000000000000000e+00 0.000000000000000000e+00 5.549569097507561442e-14
9.700000000000000000e+02 0.000000000000000000e+00 0.000000000000000000e+00 5.540172786877794308e-14
9.710000000000000000e+02 0.000000000000000000e+00 0.000000000000000000e+00 5.530797338173191756e-14
9.720000000000000000e+02 0.000000000000000000e+00 0.000000000000000000e+00 5.521442600376095164e-14
9.730000000000000000e+02 0.000000000000000000e+00 0.000000000000000000e+00 5.512108510534374988e-14
9.740000000000000000e+02 0.000000000000000000e+00 0.000000000000000000e+00 5.502794922463304958e-14
9.750000000000000000e+02 0.000000000000000000e+00 0.000000000000000000e+00 5.493501776756873998e-14
9.760000000000000000e+02 0.000000000000000000e+00 0.000000000000000000e+00 5.484228930262275199e-14
9.770000000000000000e+02 0.000000000000000000e+00 0.000000000000000000e+00 5.474976327971234841e-14
9.780000000000000000e+02 0.000000000000000000e+00 0.000000000000000000e+00 5.465743831271568172e-14
9.790000000000000000e+02 0.000000000000000000e+00 0.000000000000000000e+00 5.456531387620323697e-14
9.800000000000000000e+02 0.000000000000000000e+00 0.000000000000000000e+00 5.447338863492808122e-14
9.810000000000000000e+02 0.000000000000000000e+00 0.000000000000000000e+00 5.438166209471442195e-14
9.820000000000000000e+02 0.000000000000000000e+00 0.000000000000000000e+00 5.429013295059010381e-14
9.830000000000000000e+02 0.000000000000000000e+00 0.000000000000000000e+00 5.419880075777330452e-14
9.840000000000000000e+02 0.000000000000000000e+00 0.000000000000000000e+00 5.410766423977545246e-14
9.850000000000000000e+02 0.000000000000000000e+00 0.000000000000000000e+00 5.401672299179889130e-14
9.860000000000000000e+02 0.000000000000000000e+00 0.000000000000000000e+00 5.392597578228929866e-14
9.870000000000000000e+02 0.000000000000000000e+00 0.000000000000000000e+00 5.383542223394591365e-14
9.880000000000000000e+02 0.000000000000000000e+00 0.000000000000000000e+00 5.374506115441598565e-14
9.890000000000000000e+02 0.000000000000000000e+00 0.000000000000000000e+00 5.365489220236290983e-14
9.900000000000000000e+02 0.000000000000000000e+00 0.000000000000000000e+00 5.356491423319115826e-14
9.910000000000000000e+02 0.000000000000000000e+00 0.000000000000000000e+00 5.347512693016276550e-14
9.920000000000000000e+02 0.000000000000000000e+00 0.000000000000000000e+00 5.338552918745269132e-14
9.930000000000000000e+02 0.000000000000000000e+00 0.000000000000000000e+00 5.329612072938297214e-14
9.940000000000000000e+02 0.000000000000000000e+00 0.000000000000000000e+00 5.320690048388101023e-14
9.950000000000000000e+02 0.000000000000000000e+00 0.000000000000000000e+00 5.311786821098200776e-14
9.960000000000000000e+02 0.000000000000000000e+00 0.000000000000000000e+00 5.302902287138986235e-14
9.970000000000000000e+02 0.000000000000000000e+00 0.000000000000000000e+00 5.294036426094823002e-14
9.980000000000000000e+02 0.000000000000000000e+00 0.000000000000000000e+00 5.285189138570970618e-14
9.990000000000000000e+02 0.000000000000000000e+00 0.000000000000000000e+00 5.276360406239628035e-14
1.000000000000000000e+03 0.000000000000000000e+00 0.000000000000000000e+00 5.267550134564854847e-14
1.001000000000000000e+03 0.000000000000000000e+00 0.000000000000000000e+00 5.258758308169084398e-14
1.002000000000000000e+03 0.000000000000000000e+00 0.000000000000000000e+00 5.249984836170077704e-14
1.003000000000000000e+03 0.000000000000000000e+00 0.000000000000000000e+00 5.241229706237054659e-14
1.004000000000000000e+03 0.000000000000000000e+00 0.000000000000000000e+00 5.232492831561772694e-14
1.005000000000000000e+03 0.000000000000000000e+00 0.000000000000000000e+00 5.223774202902189878e-14
1.006000000000000000e+03 0.000000000000000000e+00 0.000000000000000000e+00 5.215073736616791127e-14
1.007000000000000000e+03 0.000000000000000000e+00 0.000000000000000000e+00 5.206391426773530499e-14
1.008000000000000000e+03 0.000000000000000000e+00 0.000000000000000000e+00 5.197727193515838697e-14
1.009000000000000000e+03 0.000000000000000000e+00 0.000000000000000000e+00 5.189081033830783294e-14
1.010000000000000000e+03 0.000000000000000000e+00 0.000000000000000000e+00 5.180452870341976836e-14
1.011000000000000000e+03 0.000000000000000000e+00 0.000000000000000000e+00 5.171842704383450010e-14
1.012000000000000000e+03 0.000000000000000000e+00 0.000000000000000000e+00 5.163250461970836473e-14
1.013000000000000000e+03 0.000000000000000000e+00 0.000000000000000000e+00 5.154676146821975825e-14
1.014000000000000000e+03 0.000000000000000000e+00 0.000000000000000000e+00 5.146119687515118270e-14
1.015000000000000000e+03 0.000000000000000000e+00 0.000000000000000000e+00 5.137581091984901946e-14
1.016000000000000000e+03 0.000000000000000000e+00 0.000000000000000000e+00 5.129060291592413903e-14
1.017000000000000000e+03 0.000000000000000000e+00 0.000000000000000000e+00 5.120557297464814258e-14
1.018000000000000000e+03 0.000000000000000000e+00 0.000000000000000000e+00 5.112072044423068357e-14
1.019000000000000000e+03 0.000000000000000000e+00 0.000000000000000000e+00 5.103604546197909889e-14
1.020000000000000000e+03 0.000000000000000000e+00 0.000000000000000000e+00 5.095154740545424649e-14
1.021000000000000000e+03 0.000000000000000000e+00 0.000000000000000000e+00 5.086722643857179206e-14
1.022000000000000000e+03 0.000000000000000000e+00 0.000000000000000000e+00 5.078308197408918798e-14
1.023000000000000000e+03 0.000000000000000000e+00 0.000000000000000000e+00 5.069911420372849388e-14
1.024000000000000000e+03 0.000000000000000000e+00 0.000000000000000000e+00 5.061532257347113725e-14
1.025000000000000000e+03 0.000000000000000000e+00 0.000000000000000000e+00 5.053170729799381209e-14
1.026000000000000000e+03 0.000000000000000000e+00 0.000000000000000000e+00 5.044826784331985961e-14
1.027000000000000000e+03 0.000000000000000000e+00 0.000000000000000000e+00 5.036500445375880166e-14
1.028000000000000000e+03 0.000000000000000000e+00 0.000000000000000000e+00 5.028191662659382346e-14
1.029000000000000000e+03 0.000000000000000000e+00 0.000000000000000000e+00 5.019900463458392653e-14
1.030000000000000000e+03 0.000000000000000000e+00 0.000000000000000000e+00 5.011626800326578487e-14
1.031000000000000000e+03 0.000000000000000000e+00 0.000000000000000000e+00 5.003370702379502758e-14
1.032000000000000000e+03 0.000000000000000000e+00 0.000000000000000000e+00 4.995132124601080443e-14
1.033000000000000000e+03 0.000000000000000000e+00 0.000000000000000000e+00 4.986911098793782660e-14
1.034000000000000000e+03 0.000000000000000000e+00 0.000000000000000000e+00 4.978707583051547286e-14
1.035000000000000000e+03 0.000000000000000000e+00 0.000000000000000000e+00 4.970521610687946369e-14
1.036000000000000000e+03 0.000000000000000000e+00 0.000000000000000000e+00 4.962353142143551790e-14
1.037000000000000000e+03 0.000000000000000000e+00 0.000000000000000000e+00 4.954202213742500807e-14
1.038000000000000000e+03 0.000000000000000000e+00 0.000000000000000000e+00 4.946068787377062481e-14
1.039000000000000000e+03 0.000000000000000000e+00 0.000000000000000000e+00 4.937952902315059027e-14
1.040000000000000000e+03 0.000000000000000000e+00 0.000000000000000000e+00 4.929854521884859324e-14
1.041000000000000000e+03 0.000000000000000000e+00 0.000000000000000000e+00 4.921773687273167651e-14
1.042000000000000000e+03 0.000000000000000000e+00 0.000000000000000000e+00 4.913710364955349388e-14
1.043000000000000000e+03 0.000000000000000000e+00 0.000000000000000000e+00 4.905664596986343007e-14
1.044000000000000000e+03 0.000000000000000000e+00 0.000000000000000000e+00 4.897636352382918279e-14
1.045000000000000000e+03 0.000000000000000000e+00 0.000000000000000000e+00 4.889625674601872518e-14
1.046000000000000000e+03 0.000000000000000000e+00 0.000000000000000000e+00 4.881632533807784518e-14
1.047000000000000000e+03 0.000000000000000000e+00 0.000000000000000000e+00 4.873656976341754885e-14
1.048000000000000000e+03 0.000000000000000000e+00 0.000000000000000000e+00 4.865698973288265738e-14
1.049000000000000000e+03 0.000000000000000000e+00 0.000000000000000000e+00 4.857758572563363334e-14
1.050000000000000000e+03 0.000000000000000000e+00 0.000000000000000000e+00 4.849835748104060922e-14
1.051000000000000000e+03 0.000000000000000000e+00 0.000000000000000000e+00 4.841930547848355287e-14
1.052000000000000000e+03 0.000000000000000000e+00 0.000000000000000000e+00 4.834042948014160109e-14
1.053000000000000000e+03 0.000000000000000000e+00 0.000000000000000000e+00 4.826172997569956126e-14
1.054000000000000000e+03 0.000000000000000000e+00 0.000000000000000000e+00 4.818320673390713148e-14
1.055000000000000000e+03 0.000000000000000000e+00 0.000000000000000000e+00 4.810486026776777176e-14
1.056000000000000000e+03 0.000000000000000000e+00 0.000000000000000000e+00 4.802669035372971165e-14
1.057000000000000000e+03 0.000000000000000000e+00 0.000000000000000000e+00 4.794869751502772883e-14
1.058000000000000000e+03 0.000000000000000000e+00 0.000000000000000000e+00 4.787088154438554706e-14
1.059000000000000000e+03 0.000000000000000000e+00 0.000000000000000000e+00 4.779324295952251256e-14
1.060000000000000000e+03 0.000000000000000000e+00 0.000000000000000000e+00 4.771578157232212072e-14
1.061000000000000000e+03 0.000000000000000000e+00 0.000000000000000000e+00 4.763849791472061949e-14
1.062000000000000000e+03 0.000000000000000000e+00 0.000000000000000000e+00 4.756139179396528666e-14
1.063000000000000000e+03 0.000000000000000000e+00 0.000000000000000000e+00 4.748446375439610351e-14
1.064000000000000000e+03 0.000000000000000000e+00 0.000000000000000000e+00 4.740771361243982364e-14
1.065000000000000000e+03 0.000000000000000000e+00 0.000000000000000000e+00 4.733114190743636915e-14
1.066000000000000000e+03 0.000000000000000000e+00 0.000000000000000000e+00 4.725474847190426529e-14
1.067000000000000000e+03 0.000000000000000000e+00 0.000000000000000000e+00 4.717853384570475765e-14
1.068000000000000000e+03 0.000000000000000000e+00 0.000000000000000000e+00 4.710249785947058370e-14
1.069000000000000000e+03 0.000000000000000000e+00 0.000000000000000000e+00 4.702664105574695887e-14
1.070000000000000000e+03 0.000000000000000000e+00 0.000000000000000000e+00 4.695096327576826118e-14
1.071000000000000000e+03 0.000000000000000000e+00 0.000000000000000000e+00 4.687546505786950494e-14
1.072000000000000000e+03 0.000000000000000000e+00 0.000000000000000000e+00 4.680014623649403600e-14
1.073000000000000000e+03 0.000000000000000000e+00 0.000000000000000000e+00 4.672500735526431300e-14
1.074000000000000000e+03 0.000000000000000000e+00 0.000000000000000000e+00 4.665004824743213580e-14
1.075000000000000000e+03 0.000000000000000000e+00 0.000000000000000000e+00 4.657526944957556769e-14
1.076000000000000000e+03 0.000000000000000000e+00 0.000000000000000000e+00 4.650067079389815753e-14
1.077000000000000000e+03 0.000000000000000000e+00 0.000000000000000000e+00 4.642625281493724225e-14
1.078000000000000000e+03 0.000000000000000000e+00 0.000000000000000000e+00 4.635201534399633091e-14
1.079000000000000000e+03 0.000000000000000000e+00 0.000000000000000000e+00 4.627795890328420240e-14
1.080000000000000000e+03 0.000000000000000000e+00 0.000000000000000000e+00 4.620408332746658560e-14
1.081000000000000000e+03 0.000000000000000000e+00 0.000000000000000000e+00 4.613038912891920920e-14
1.082000000000000000e+03 0.000000000000000000e+00 0.000000000000000000e+00 4.605687613201825387e-14
1.083000000000000000e+03 0.000000000000000000e+00 0.000000000000000000e+00 4.598354484188247068e-14
1.084000000000000000e+03 0.000000000000000000e+00 0.000000000000000000e+00 4.591039507797207370e-14
1.085000000000000000e+03 0.000000000000000000e+00 0.000000000000000000e+00 4.583742733305779321e-14
1.086000000000000000e+03 0.000000000000000000e+00 0.000000000000000000e+00 4.576464142814274160e-14
1.087000000000000000e+03 0.000000000000000000e+00 0.000000000000000000e+00 4.569203783526577241e-14
1.088000000000000000e+03 0.000000000000000000e+00 0.000000000000000000e+00 4.561961636021333186e-14
1.089000000000000000e+03 0.000000000000000000e+00 0.000000000000000000e+00 4.554737746904648118e-14
1.090000000000000000e+03 0.000000000000000000e+00 0.000000000000000000e+00 4.547532095810491212e-14
1.091000000000000000e+03 0.000000000000000000e+00 0.000000000000000000e+00 4.540344727629830365e-14
1.092000000000000000e+03 0.000000000000000000e+00 0.000000000000000000e+00 4.533175621216326992e-14
1.093000000000000000e+03 0.000000000000000000e+00 0.000000000000000000e+00 4.526024819756852294e-14
1.094000000000000000e+03 0.000000000000000000e+00 0.000000000000000000e+00 4.518892300784470354e-14
1.095000000000000000e+03 0.000000000000000000e+00 0.000000000000000000e+00 4.511778105992587850e-14
1.096000000000000000e+03 0.000000000000000000e+00 0.000000000000000000e+00 4.504682211578278648e-14
1.097000000000000000e+03 0.000000000000000000e+00 0.000000000000000000e+00 4.497604656781725801e-14
1.098000000000000000e+03 0.000000000000000000e+00 0.000000000000000000e+00 4.490545416339939024e-14
1.099000000000000000e+03 0.000000000000000000e+00 0.000000000000000000e+00 4.483504528049051091e-14
1.100000000000000000e+03 0.000000000000000000e+00 0.000000000000000000e+00 4.476481964538018284e-14
1.101000000000000000e+03 0.000000000000000000e+00 0.000000000000000000e+00 4.469477761902637971e-14
1.102000000000000000e+03 0.000000000000000000e+00 0.000000000000000000e+00 4.462491890269205211e-14
1.103000000000000000e+03 0.000000000000000000e+00 0.000000000000000000e+00 4.455524384285699495e-14
1.104000000000000000e+03 0.000000000000000000e+00 0.000000000000000000e+00 4.448575211917186283e-14
1.105000000000000000e+03 0.000000000000000000e+00 0.000000000000000000e+00 4.441644405456462968e-14
1.106000000000000000e+03 0.000000000000000000e+00 0.000000000000000000e+00 4.434731931427336669e-14
1.107000000000000000e+03 0.000000000000000000e+00 0.000000000000000000e+00 4.427837819195128078e-14
1.108000000000000000e+03 0.000000000000000000e+00 0.000000000000000000e+00 4.420962033682788050e-14
1.109000000000000000e+03 0.000000000000000000e+00 0.000000000000000000e+00 4.414104602049803588e-14
1.110000000000000000e+03 0.000000000000000000e+00 0.000000000000000000e+00 4.407265486645013725e-14
1.111000000000000000e+03 0.000000000000000000e+00 0.000000000000000000e+00 4.400444712737985954e-14
1.112000000000000000e+03 0.000000000000000000e+00 0.000000000000000000e+00 4.393642239877446405e-14
1.113000000000000000e+03 0.000000000000000000e+00 0.000000000000000000e+00 4.386858091028524424e-14
1.114000000000000000e+03 0.000000000000000000e+00 0.000000000000000000e+00 4.380092223418752591e-14
1.115000000000000000e+03 0.000000000000000000e+00 0.000000000000000000e+00 4.373344657225603779e-14
1.116000000000000000e+03 0.000000000000000000e+00 0.000000000000000000e+00 4.366615347216747890e-14
1.117000000000000000e+03 0.000000000000000000e+00 0.000000000000000000e+00 4.359904310896943407e-14
1.118000000000000000e+03 0.000000000000000000e+00 0.000000000000000000e+00 4.353211500860764902e-14
1.119000000000000000e+03 0.000000000000000000e+00 0.000000000000000000e+00 4.346536931465052971e-14
1.120000000000000000e+03 0.000000000000000000e+00 0.000000000000000000e+00 4.339880553370557201e-14
1.121000000000000000e+03 0.000000000000000000e+00 0.000000000000000000e+00 4.333242377311807122e-14
1.122000000000000000e+03 0.000000000000000000e+00 0.000000000000000000e+00 4.326622351817050511e-14
1.123000000000000000e+03 0.000000000000000000e+00 0.000000000000000000e+00 4.320020485092580172e-14
1.124000000000000000e+03 0.000000000000000000e+00 0.000000000000000000e+00 4.313436722659125565e-14
1.125000000000000000e+03 0.000000000000000000e+00 0.000000000000000000e+00 4.306871070243926673e-14
1.126000000000000000e+03 0.000000000000000000e+00 0.000000000000000000e+00 4.300323470475183420e-14
1.127000000000000000e+03 0.000000000000000000e+00 0.000000000000000000e+00 4.293793926376811704e-14
1.128000000000000000e+03 0.000000000000000000e+00 0.000000000000000000e+00 4.287282377925157065e-14
1.129000000000000000e+03 0.000000000000000000e+00 0.000000000000000000e+00 4.280788824937453687e-14
1.130000000000000000e+03 0.000000000000000000e+00 0.000000000000000000e+00 4.274313204948552271e-14
1.131000000000000000e+03 0.000000000000000000e+00 0.000000000000000000e+00 4.267855515343589069e-14
1.132000000000000000e+03 0.000000000000000000e+00 0.000000000000000000e+00 4.261415690483935280e-14
1.133000000000000000e+03 0.000000000000000000e+00 0.000000000000000000e+00 4.254993724918806908e-14
1.134000000000000000e+03 0.000000000000000000e+00 0.000000000000000000e+00 4.248589550152767135e-14
1.135000000000000000e+03 0.000000000000000000e+00 0.000000000000000000e+00 4.242203157597788312e-14
1.136000000000000000e+03 0.000000000000000000e+00 0.000000000000000000e+00 4.235834476697973111e-14
1.137000000000000000e+03 0.000000000000000000e+00 0.000000000000000000e+00 4.229483495475070744e-14
1.138000000000000000e+03 0.000000000000000000e+00 0.000000000000000000e+00 4.223150140699231295e-14
1.139000000000000000e+03 0.000000000000000000e+00 0.000000000000000000e+00 4.216834397557053031e-14
1.140000000000000000e+03 0.000000000000000000e+00 0.000000000000000000e+00 4.210536190383943214e-14
1.141000000000000000e+03 0.000000000000000000e+00 0.000000000000000000e+00 4.204255501369680007e-14
1.142000000000000000e+03 0.000000000000000000e+00 0.000000000000000000e+00 4.197992252238303158e-14
1.143000000000000000e+03 0.000000000000000000e+00 0.000000000000000000e+00 4.191746422850181132e-14
1.144000000000000000e+03 0.000000000000000000e+00 0.000000000000000000e+00 4.185517932272927688e-14
1.145000000000000000e+03 0.000000000000000000e+00 0.000000000000000000e+00 4.179306757005032870e-14
1.146000000000000000e+03 0.000000000000000000e+00 0.000000000000000000e+00 4.173112814175648211e-14
1.147000000000000000e+03 0.000000000000000000e+00 0.000000000000000000e+00 4.166936077714832993e-14
1.148000000000000000e+03 0.000000000000000000e+00 0.000000000000000000e+00 4.160776462200916623e-14
1.149000000000000000e+03 0.000000000000000000e+00 0.000000000000000000e+00 4.154633938579069645e-14
1.150000000000000000e+03 0.000000000000000000e+00 0.000000000000000000e+00 4.148508419071779879e-14
1.151000000000000000e+03 0.000000000000000000e+00 0.000000000000000000e+00 4.142399872420878873e-14
1.152000000000000000e+03 0.000000000000000000e+00 0.000000000000000000e+00 4.136308208612541700e-14
1.153000000000000000e+03 0.000000000000000000e+00 0.000000000000000000e+00 4.130233393525171766e-14
1.154000000000000000e+03 0.000000000000000000e+00 0.000000000000000000e+00 4.124175334980376084e-14
1.155000000000000000e+03 0.000000000000000000e+00 0.000000000000000000e+00 4.118133996195065062e-14
1.156000000000000000e+03 0.000000000000000000e+00 0.000000000000000000e+00 4.112109283574581008e-14
1.157000000000000000e+03 0.000000000000000000e+00 0.000000000000000000e+00 4.106101157877707777e-14
1.158000000000000000e+03 0.000000000000000000e+00 0.000000000000000000e+00 4.100109523079775498e-14
1.159000000000000000e+03 0.000000000000000000e+00 0.000000000000000000e+00 4.094134337491263106e-14
1.160000000000000000e+03 0.000000000000000000e+00 0.000000000000000000e+00 4.088175503230833916e-14
1.161000000000000000e+03 0.000000000000000000e+00 0.000000000000000000e+00 4.082232976599997516e-14
1.162000000000000000e+03 0.000000000000000000e+00 0.000000000000000000e+00 4.076306657928491472e-14
1.163000000000000000e+03 0.000000000000000000e+00 0.000000000000000000e+00 4.070396501024176096e-14
1.164000000000000000e+03 0.000000000000000000e+00 0.000000000000000000e+00 4.064502404181525926e-14
1.165000000000000000e+03 0.000000000000000000e+00 0.000000000000000000e+00 4.058624319191555939e-14
1.166000000000000000e+03 0.000000000000000000e+00 0.000000000000000000e+00 4.052762142387277158e-14
1.167000000000000000e+03 0.000000000000000000e+00 0.000000000000000000e+00 4.046915824183598559e-14
1.168000000000000000e+03 0.000000000000000000e+00 0.000000000000000000e+00 4.041085259099410461e-14
1.169000000000000000e+03 0.000000000000000000e+00 0.000000000000000000e+00 4.035270395804722731e-14
1.170000000000000000e+03 0.000000000000000000e+00 0.000000000000000000e+00 4.029471127001918838e-14
1.171000000000000000e+03 0.000000000000000000e+00 0.000000000000000000e+00 4.023687399696289997e-14
1.172000000000000000e+03 0.000000000000000000e+00 0.000000000000000000e+00 4.017919105345655914e-14
1.173000000000000000e+03 0.000000000000000000e+00 0.000000000000000000e+00 4.012166189467707357e-14
1.174000000000000000e+03 0.000000000000000000e+00 0.000000000000000000e+00 4.006428542070620415e-14
1.175000000000000000e+03 0.000000000000000000e+00 0.000000000000000000e+00 4.000706106620855021e-14
1.176000000000000000e+03 0.000000000000000000e+00 0.000000000000000000e+00 3.994998772301691193e-14
1.177000000000000000e+03 0.000000000000000000e+00 0.000000000000000000e+00 3.989306481301028351e-14
1.178000000000000000e+03 0.000000000000000000e+00 0.000000000000000000e+00 3.983629121109458639e-14
1.179000000000000000e+03 0.000000000000000000e+00 0.000000000000000000e+00 3.977966633096624461e-14
1.180000000000000000e+03 0.000000000000000000e+00 0.000000000000000000e+00 3.972318903500490777e-14
1.181000000000000000e+03 0.000000000000000000e+00 0.000000000000000000e+00 3.966685872599326074e-14
1.182000000000000000e+03 0.000000000000000000e+00 0.000000000000000000e+00 3.961067425798035478e-14
1.183000000000000000e+03 0.000000000000000000e+00 0.000000000000000000e+00 3.955463501906135123e-14
1.184000000000000000e+03 0.000000000000000000e+00 0.000000000000000000e+00 3.949873985895039709e-14
1.185000000000000000e+03 0.000000000000000000e+00 0.000000000000000000e+00 3.944298815694779494e-14
1.186000000000000000e+03 0.000000000000000000e+00 0.000000000000000000e+00 3.938737875632674975e-14
1.187000000000000000e+03 0.000000000000000000e+00 0.000000000000000000e+00 3.933191102459464263e-14
1.188000000000000000e+03 0.000000000000000000e+00 0.000000000000000000e+00 3.927658380090221768e-14
1.189000000000000000e+03 0.000000000000000000e+00 0.000000000000000000e+00 3.922139644403697688e-14
1.190000000000000000e+03 0.000000000000000000e+00 0.000000000000000000e+00 3.916634778261957032e-14
1.191000000000000000e+03 0.000000000000000000e+00 0.000000000000000000e+00 3.911143717644474282e-14
1.192000000000000000e+03 0.000000000000000000e+00 0.000000000000000000e+00 3.905666344695867542e-14
1.193000000000000000e+03 0.000000000000000000e+00 0.000000000000000000e+00 3.900202594537689089e-14
1.194000000000000000e+03 0.000000000000000000e+00 0.000000000000000000e+00 3.894752349106844270e-14
1.195000000000000000e+03 0.000000000000000000e+00 0.000000000000000000e+00 3.889315542938892974e-14
1.196000000000000000e+03 0.000000000000000000e+00 0.000000000000000000e+00 3.883892058186469395e-14
1.197000000000000000e+03 0.000000000000000000e+00 0.000000000000000000e+00 3.878481828781651043e-14
1.198000000000000000e+03 0.000000000000000000e+00 0.000000000000000000e+00 3.873084737130827839e-14
1.199000000000000000e+03 0.000000000000000000e+00 0.000000000000000000e+00 3.867700716994119500e-14
1.200000000000000000e+03 0.000000000000000000e+00 0.000000000000000000e+00 3.862329650470934196e-14
1.201000000000000000e+03 0.000000000000000000e+00 0.000000000000000000e+00 3.856971471483195219e-14
1.202000000000000000e+03 0.000000000000000000e+00 0.000000000000000000e+00 3.851626062361082217e-14
1.203000000000000000e+03 0.000000000000000000e+00 0.000000000000000000e+00 3.846293356827025656e-14
1.204000000000000000e+03 0.000000000000000000e+00 0.000000000000000000e+00 3.840973237570844976e-14
1.205000000000000000e+03 0.000000000000000000e+00 0.000000000000000000e+00 3.835665638634625919e-14
1.206000000000000000e+03 0.000000000000000000e+00 0.000000000000000000e+00 3.830370442394882664e-14
1.207000000000000000e+03 0.000000000000000000e+00 0.000000000000000000e+00 3.825087583490743703e-14
1.208000000000000000e+03 0.000000000000000000e+00 0.000000000000000000e+00 3.819816944742873995e-14
1.209000000000000000e+03 0.000000000000000000e+00 0.000000000000000000e+00 3.814558461061352399e-14
1.210000000000000000e+03 0.000000000000000000e+00 0.000000000000000000e+00 3.809312015917518438e-14
1.211000000000000000e+03 0.000000000000000000e+00 0.000000000000000000e+00 3.804077544091350139e-14
1.212000000000000000e+03 0.000000000000000000e+00 0.000000000000000000e+00 3.798854930224952533e-14
1.213000000000000000e+03 0.000000000000000000e+00 0.000000000000000000e+00 3.793644109456017356e-14
1.214000000000000000e+03 0.000000000000000000e+00 0.000000000000000000e+00 3.788444967062148413e-14
1.215000000000000000e+03 0.000000000000000000e+00 0.000000000000000000e+00 3.783257438306228403e-14
1.216000000000000000e+03 0.000000000000000000e+00 0.000000000000000000e+00 3.778081409936694181e-14
1.217000000000000000e+03 0.000000000000000000e+00 0.000000000000000000e+00 3.772916817614176535e-14
1.218000000000000000e+03 0.000000000000000000e+00 0.000000000000000000e+00 3.767763548669489195e-14
1.219000000000000000e+03 0.000000000000000000e+00 0.000000000000000000e+00 3.762621539948680447e-14
1.220000000000000000e+03 0.000000000000000000e+00 0.000000000000000000e+00 3.757490679468930438e-14
1.221000000000000000e+03 0.000000000000000000e+00 0.000000000000000000e+00 3.752370904934925313e-14
1.222000000000000000e+03 0.000000000000000000e+00 0.000000000000000000e+00 3.747262105419975987e-14
1.223000000000000000e+03 0.000000000000000000e+00 0.000000000000000000e+00 3.742164219541194159e-14
1.224000000000000000e+03 0.000000000000000000e+00 0.000000000000000000e+00 3.737077136855893510e-14
1.225000000000000000e+03 0.000000000000000000e+00 0.000000000000000000e+00 3.732000797285343210e-14
1.226000000000000000e+03 0.000000000000000000e+00 0.000000000000000000e+00 3.726935091579699828e-14
1.227000000000000000e+03 0.000000000000000000e+00 0.000000000000000000e+00 3.721879960233356387e-14
1.228000000000000000e+03 0.000000000000000000e+00 0.000000000000000000e+00 3.716835295181392811e-14
1.229000000000000000e+03 0.000000000000000000e+00 0.000000000000000000e+00 3.711801037990574588e-14
1.230000000000000000e+03 0.000000000000000000e+00 0.000000000000000000e+00 3.706777081846133694e-14
1.231000000000000000e+03 0.000000000000000000e+00 0.000000000000000000e+00 3.701763369447777457e-14
1.232000000000000000e+03 0.000000000000000000e+00 0.000000000000000000e+00 3.696759795296063067e-14
1.233000000000000000e+03 0.000000000000000000e+00 0.000000000000000000e+00 3.691766303296700200e-14
1.234000000000000000e+03 0.000000000000000000e+00 0.000000000000000000e+00 3.686782789362349350e-14
1.235000000000000000e+03 0.000000000000000000e+00 0.000000000000000000e+00 3.681809198439305350e-14
1.236000000000000000e+03 0.000000000000000000e+00 0.000000000000000000e+00 3.676845427907922079e-14
1.237000000000000000e+03 0.000000000000000000e+00 0.000000000000000000e+00 3.671891424160904289e-14
1.238000000000000000e+03 0.000000000000000000e+00 0.000000000000000000e+00 3.666947085888863431e-14
1.239000000000000000e+03 0.000000000000000000e+00 0.000000000000000000e+00 3.662012360401236359e-14
1.240000000000000000e+03 0.000000000000000000e+00 0.000000000000000000e+00 3.657087148161495280e-14
1.241000000000000000e+03 0.000000000000000000e+00 0.000000000000000000e+00 3.652171397871648156e-14
1.242000000000000000e+03 0.000000000000000000e+00 0.000000000000000000e+00 3.647265011211889845e-14
1.243000000000000000e+03 0.000000000000000000e+00 0.000000000000000000e+00 3.642367938412085274e-14
1.244000000000000000e+03 0.000000000000000000e+00 0.000000000000000000e+00 3.637480082814499277e-14
1.245000000000000000e+03 0.000000000000000000e+00 0.000000000000000000e+00 3.632601395666099127e-14
1.246000000000000000e+03 0.000000000000000000e+00 0.000000000000000000e+00 3.627731782278711931e-14
1.247000000000000000e+03 0.000000000000000000e+00 0.000000000000000000e+00 3.622871195316419111e-14
1.248000000000000000e+03 0.000000000000000000e+00 0.000000000000000000e+00 3.618019541948373444e-14
1.249000000000000000e+03 0.000000000000000000e+00 0.000000000000000000e+00 3.613176776172249062e-14
1.250000000000000000e+03 0.000000000000000000e+00 0.000000000000000000e+00 3.608342806349077325e-14
1.251000000000000000e+03 0.000000000000000000e+00 0.000000000000000000e+00 3.603517588700668889e-14
1.252000000000000000e+03 0.000000000000000000e+00 0.000000000000000000e+00 3.598701032677277017e-14
1.253000000000000000e+03 0.000000000000000000e+00 0.000000000000000000e+00 3.593893095730386851e-14
1.254000000000000000e+03 0.000000000000000000e+00 0.000000000000000000e+00 3.589093689195877867e-14
1.255000000000000000e+03 0.000000000000000000e+00 0.000000000000000000e+00 3.584302771932785835e-14
1.256000000000000000e+03 0.000000000000000000e+00 0.000000000000000000e+00 3.579520256726926674e-14
1.257000000000000000e+03 0.000000000000000000e+00 0.000000000000000000e+00 3.574746104056199268e-14
1.258000000000000000e+03 0.000000000000000000e+00 0.000000000000000000e+00 3.569980228523701996e-14
1.259000000000000000e+03 0.000000000000000000e+00 0.000000000000000000e+00 3.565222591917840596e-14
1.260000000000000000e+03 0.000000000000000000e+00 0.000000000000000000e+00 3.560473110897885074e-14
1.261000000000000000e+03 0.000000000000000000e+00 0.000000000000000000e+00 3.555731748655087665e-14
1.262000000000000000e+03 0.000000000000000000e+00 0.000000000000000000e+00 3.550998423473480906e-14
1.263000000000000000e+03 0.000000000000000000e+00 0.000000000000000000e+00 3.546273100351455372e-14
1.264000000000000000e+03 0.000000000000000000e+00 0.000000000000000000e+00 3.541555699351603086e-14
1.265000000000000000e+03 0.000000000000000000e+00 0.000000000000000000e+00 3.536846186876108378e-14
1.266000000000000000e+03 0.000000000000000000e+00 0.000000000000000000e+00 3.532144484635517057e-14
1.267000000000000000e+03 0.000000000000000000e+00 0.000000000000000000e+00 3.527450560784222458e-14
1.268000000000000000e+03 0.000000000000000000e+00 0.000000000000000000e+00 3.522764338669410012e-14
1.269000000000000000e+03 0.000000000000000000e+00 0.000000000000000000e+00 3.518085788005972455e-14
1.270000000000000000e+03 0.000000000000000000e+00 0.000000000000000000e+00 3.513414833897055415e-14
1.271000000000000000e+03 0.000000000000000000e+00 0.000000000000000000e+00 3.508751447653796525e-14
1.272000000000000000e+03 0.000000000000000000e+00 0.000000000000000000e+00 3.504095556231735755e-14
1.273000000000000000e+03 0.000000000000000000e+00 0.000000000000000000e+00 3.499447132628527195e-14
1.274000000000000000e+03 0.000000000000000000e+00 0.000000000000000000e+00 3.494806105736352347e-14
1.275000000000000000e+03 0.000000000000000000e+00 0.000000000000000000e+00 3.490172450153396552e-14
1.276000000000000000e+03 0.000000000000000000e+00 0.000000000000000000e+00 3.485546096539060133e-14
1.277000000000000000e+03 0.000000000000000000e+00 0.000000000000000000e+00 3.480927021264548220e-14
1.278000000000000000e+03 0.000000000000000000e+00 0.000000000000000000e+00 3.476315156469187545e-14
1.279000000000000000e+03 0.000000000000000000e+00 0.000000000000000000e+00 3.471710480307316854e-14
1.280000000000000000e+03 0.000000000000000000e+00 0.000000000000000000e+00 3.467112926739183567e-14
1.281000000000000000e+03 0.000000000000000000e+00 0.000000000000000000e+00 3.462522475573144972e-14
1.282000000000000000e+03 0.000000000000000000e+00 0.000000000000000000e+00 3.457939062450802009e-14
1.283000000000000000e+03 0.000000000000000000e+00 0.000000000000000000e+00 3.453362668518483173e-14
1.284000000000000000e+03 0.000000000000000000e+00 0.000000000000000000e+00 3.448793231318619172e-14
1.285000000000000000e+03 0.000000000000000000e+00 0.000000000000000000e+00 3.444230733502555106e-14
1.286000000000000000e+03 0.000000000000000000e+00 0.000000000000000000e+00 3.439675114738723910e-14
1.287000000000000000e+03 0.000000000000000000e+00 0.000000000000000000e+00 3.435126359219561579e-14
1.288000000000000000e+03 0.000000000000000000e+00 0.000000000000000000e+00 3.430584408279526057e-14
1.289000000000000000e+03 0.000000000000000000e+00 0.000000000000000000e+00 3.426049248465290065e-14
1.290000000000000000e+03 0.000000000000000000e+00 0.000000000000000000e+00 3.421520822827246838e-14
1.291000000000000000e+03 0.000000000000000000e+00 0.000000000000000000e+00 3.416999119405947614e-14
1.292000000000000000e+03 0.000000000000000000e+00 0.000000000000000000e+00 3.412484083446051459e-14
1.293000000000000000e+03 0.000000000000000000e+00 0.000000000000000000e+00 3.407975704627184608e-14
1.294000000000000000e+03 0.000000000000000000e+00 0.000000000000000000e+00 3.403473930007906581e-14
1.295000000000000000e+03 0.000000000000000000e+00 0.000000000000000000e+00 3.398978750919852137e-14
1.296000000000000000e+03 0.000000000000000000e+00 0.000000000000000000e+00 3.394490116723720521e-14
1.297000000000000000e+03 0.000000000000000000e+00 0.000000000000000000e+00 3.390008020190648510e-14
1.298000000000000000e+03 0.000000000000000000e+00 0.000000000000000000e+00 3.385532412457083335e-14
1.299000000000000000e+03 0.000000000000000000e+00 0.000000000000000000e+00 3.381063287972013384e-14
1.300000000000000000e+03 0.000000000000000000e+00 0.000000000000000000e+00 3.376600600153539837e-14
1.301000000000000000e+03 0.000000000000000000e+00 0.000000000000000000e+00 3.372144344955321217e-14
1.302000000000000000e+03 0.000000000000000000e+00 0.000000000000000000e+00 3.367694477832508978e-14
1.303000000000000000e+03 0.000000000000000000e+00 0.000000000000000000e+00 3.363250996438697570e-14
1.304000000000000000e+03 0.000000000000000000e+00 0.000000000000000000e+00 3.358813857932139285e-14
1.305000000000000000e+03 0.000000000000000000e+00 0.000000000000000000e+00 3.354383061793148965e-14
1.306000000000000000e+03 0.000000000000000000e+00 0.000000000000000000e+00 3.349958567280558350e-14
1.307000000000000000e+03 0.000000000000000000e+00 0.000000000000000000e+00 3.345540375732945121e-14
1.308000000000000000e+03 0.000000000000000000e+00 0.000000000000000000e+00 3.341128447884264208e-14
1.309000000000000000e+03 0.000000000000000000e+00 0.000000000000000000e+00 3.336722787153917140e-14
1.310000000000000000e+03 0.000000000000000000e+00 0.000000000000000000e+00 3.332323356060764563e-14
1.311000000000000000e+03 0.000000000000000000e+00 0.000000000000000000e+00 3.327930159587824351e-14
1.312000000000000000e+03 0.000000000000000000e+00 0.000000000000000000e+00 3.323543162194922271e-14
1.313000000000000000e+03 0.000000000000000000e+00 0.000000000000000000e+00 3.319162370580737593e-14
1.314000000000000000e+03 0.000000000000000000e+00 0.000000000000000000e+00 3.314787751160846984e-14
1.315000000000000000e+03 0.000000000000000000e+00 0.000000000000000000e+00 3.310419311852300138e-14
1.316000000000000000e+03 0.000000000000000000e+00 0.000000000000000000e+00 3.306057020830998530e-14
1.317000000000000000e+03 0.000000000000000000e+00 0.000000000000000000e+00 3.301700887732354312e-14
1.318000000000000000e+03 0.000000000000000000e+00 0.000000000000000000e+00 3.297350882365287392e-14
1.319000000000000000e+03 0.000000000000000000e+00 0.000000000000000000e+00 3.293007016140116038e-14
1.320000000000000000e+03 0.000000000000000000e+00 0.000000000000000000e+00 3.288669260248727357e-14
1.321000000000000000e+03 0.000000000000000000e+00 0.000000000000000000e+00 3.284337627561019723e-14
1.322000000000000000e+03 0.000000000000000000e+00 0.000000000000000000e+00 3.280012091198438437e-14
1.323000000000000000e+03 0.000000000000000000e+00 0.000000000000000000e+00 3.275692665439553315e-14
1.324000000000000000e+03 0.000000000000000000e+00 0.000000000000000000e+00 3.271379325320767611e-14
1.325000000000000000e+03 0.000000000000000000e+00 0.000000000000000000e+00 3.267072086610779731e-14
1.326000000000000000e+03 0.000000000000000000e+00 0.000000000000000000e+00 3.262770925939758909e-14
1.327000000000000000e+03 0.000000000000000000e+00 0.000000000000000000e+00 3.258475860559956825e-14
1.328000000000000000e+03 0.000000000000000000e+00 0.000000000000000000e+00 3.254186868556826367e-14
1.329000000000000000e+03 0.000000000000000000e+00 0.000000000000000000e+00 3.249903968649030231e-14
1.330000000000000000e+03 0.000000000000000000e+00 0.000000000000000000e+00 3.245627140279970254e-14
1.331000000000000000e+03 0.000000000000000000e+00 0.000000000000000000e+00 3.241356403730588198e-14
1.332000000000000000e+03 0.000000000000000000e+00 0.000000000000000000e+00 3.237091740117919314e-14
1.333000000000000000e+03 0.000000000000000000e+00 0.000000000000000000e+00 3.232833170905893170e-14
1.334000000000000000e+03 0.000000000000000000e+00 0.000000000000000000e+00 3.228580678617094461e-14
1.335000000000000000e+03 0.000000000000000000e+00 0.000000000000000000e+00 3.224334286197883325e-14
1.336000000000000000e+03 0.000000000000000000e+00 0.000000000000000000e+00 3.220093977749457996e-14
1.337000000000000000e+03 0.000000000000000000e+00 0.000000000000000000e+00 3.215859777457759928e-14
1.338000000000000000e+03 0.000000000000000000e+00 0.000000000000000000e+00 3.211631670684077163e-14
1.339000000000000000e+03 0.000000000000000000e+00 0.000000000000000000e+00 3.207409682986237696e-14
1.340000000000000000e+03 0.000000000000000000e+00 0.000000000000000000e+00 3.203193801339666463e-14
1.341000000000000000e+03 0.000000000000000000e+00 0.000000000000000000e+00 3.198984052231872871e-14
1.342000000000000000e+03 0.000000000000000000e+00 0.000000000000000000e+00 3.194780424003610755e-14
1.343000000000000000e+03 0.000000000000000000e+00 0.000000000000000000e+00 3.190582944416498966e-14
1.344000000000000000e+03 0.000000000000000000e+00 0.000000000000000000e+00 3.186391602846183445e-14
1.345000000000000000e+03 0.000000000000000000e+00 0.000000000000000000e+00 3.182206428279409903e-14
1.346000000000000000e+03 0.000000000000000000e+00 0.000000000000000000e+00 3.178027411082657560e-14
1.347000000000000000e+03 0.000000000000000000e+00 0.000000000000000000e+00 3.173854581295689734e-14
1.348000000000000000e+03 0.000000000000000000e+00 0.000000000000000000e+00 3.169687930749911072e-14
1.349000000000000000e+03 0.000000000000000000e+00 0.000000000000000000e+00 3.165527490391138974e-14
1.350000000000000000e+03 0.000000000000000000e+00 0.000000000000000000e+00 3.161373253232887417e-14
1.351000000000000000e+03 0.000000000000000000e+00 0.000000000000000000e+00 3.157225251098565149e-14
1.352000000000000000e+03 0.000000000000000000e+00 0.000000000000000000e+00 3.153083478384470330e-14
1.353000000000000000e+03 0.000000000000000000e+00 0.000000000000000000e+00 3.148947967886893037e-14
1.354000000000000000e+03 0.000000000000000000e+00 0.000000000000000000e+00 3.144818715231200701e-14
1.355000000000000000e+03 0.000000000000000000e+00 0.000000000000000000e+00 3.140695753917547381e-14
1.356000000000000000e+03 0.000000000000000000e+00 0.000000000000000000e+00 3.136579080724359562e-14
1.357000000000000000e+03 0.000000000000000000e+00 0.000000000000000000e+00 3.132468730194688770e-14
1.358000000000000000e+03 0.000000000000000000e+00 0.000000000000000000e+00 3.128364699838763139e-14
1.359000000000000000e+03 0.000000000000000000e+00 0.000000000000000000e+00 3.124267025013763893e-14
1.360000000000000000e+03 0.000000000000000000e+00 0.000000000000000000e+00 3.120175704123384919e-14
1.361000000000000000e+03 0.000000000000000000e+00 0.000000000000000000e+00 3.116090773155232260e-14
1.362000000000000000e+03 0.000000000000000000e+00 0.000000000000000000e+00 3.112012231712049449e-14
1.363000000000000000e+03 0.000000000000000000e+00 0.000000000000000000e+00 3.107940116262891910e-14
1.364000000000000000e+03 0.000000000000000000e+00 0.000000000000000000e+00 3.103874427340036282e-14
1.365000000000000000e+03 0.000000000000000000e+00 0.000000000000000000e+00 3.099815202137912633e-14
1.366000000000000000e+03 0.000000000000000000e+00 0.000000000000000000e+00 3.095762441875393102e-14
1.367000000000000000e+03 0.000000000000000000e+00 0.000000000000000000e+00 3.091716184293003976e-14
1.368000000000000000e+03 0.000000000000000000e+00 0.000000000000000000e+00 3.087676431500075380e-14
1.369000000000000000e+03 0.000000000000000000e+00 0.000000000000000000e+00 3.083643221724111323e-14
1.370000000000000000e+03 0.000000000000000000e+00 0.000000000000000000e+00 3.079616557306497671e-14
1.371000000000000000e+03 0.000000000000000000e+00 0.000000000000000000e+00 3.075596477058718275e-14
1.372000000000000000e+03 0.000000000000000000e+00 0.000000000000000000e+00 3.071582983895732826e-14
1.373000000000000000e+03 0.000000000000000000e+00 0.000000000000000000e+00 3.067576116606494675e-14
1.374000000000000000e+03 0.000000000000000000e+00 0.000000000000000000e+00 3.063575878548987166e-14
1.375000000000000000e+03 0.000000000000000000e+00 0.000000000000000000e+00 3.059582308906263414e-14
1.376000000000000000e+03 0.000000000000000000e+00 0.000000000000000000e+00 3.055595411108498263e-14
1.377000000000000000e+03 0.000000000000000000e+00 0.000000000000000000e+00 3.051615224960147602e-14
1.378000000000000000e+03 0.000000000000000000e+00 0.000000000000000000e+00 3.047641753930046139e-14
1.379000000000000000e+03 0.000000000000000000e+00 0.000000000000000000e+00 3.043675038028586006e-14
1.380000000000000000e+03 0.000000000000000000e+00 0.000000000000000000e+00 3.039715081099938143e-14
1.381000000000000000e+03 0.000000000000000000e+00 0.000000000000000000e+00 3.035761923105905896e-14
1.382000000000000000e+03 0.000000000000000000e+00 0.000000000000000000e+00 3.031815567900235086e-14
1.383000000000000000e+03 0.000000000000000000e+00 0.000000000000000000e+00 3.027876055823967314e-14
1.384000000000000000e+03 0.000000000000000000e+00 0.000000000000000000e+00 3.023943390624191248e-14
1.385000000000000000e+03 0.000000000000000000e+00 0.000000000000000000e+00 3.020017612560683825e-14
1.386000000000000000e+03 0.000000000000000000e+00 0.000000000000000000e+00 3.016098725361733583e-14
1.387000000000000000e+03 0.000000000000000000e+00 0.000000000000000000e+00 3.012186768992174986e-14
1.388000000000000000e+03 0.000000000000000000e+00 0.000000000000000000e+00 3.008281747259329706e-14
1.389000000000000000e+03 0.000000000000000000e+00 0.000000000000000000e+00 3.004383699958005547e-14
1.390000000000000000e+03 0.000000000000000000e+00 0.000000000000000000e+00 3.000492630727736620e-14
1.391000000000000000e+03 0.000000000000000000e+00 0.000000000000000000e+00 2.996608578758577969e-14
1.392000000000000000e+03 0.000000000000000000e+00 0.000000000000000000e+00 2.992731547740772946e-14
1.393000000000000000e+03 0.000000000000000000e+00 0.000000000000000000e+00 2.988861576464312415e-14
1.394000000000000000e+03 0.000000000000000000e+00 0.000000000000000000e+00 2.984998668148034120e-14
1.395000000000000000e+03 0.000000000000000000e+00 0.000000000000000000e+00 2.981142861348939171e-14
1.396000000000000000e+03 0.000000000000000000e+00 0.000000000000000000e+00 2.977294159118593354e-14
1.397000000000000000e+03 0.000000000000000000e+00 0.000000000000000000e+00 2.973452599187163003e-14
1.398000000000000000e+03 0.000000000000000000e+00 0.000000000000000000e+00 2.969618184375130039e-14
1.399000000000000000e+03 0.000000000000000000e+00 0.000000000000000000e+00 2.965790951697648000e-14
1.400000000000000000e+03 0.000000000000000000e+00 0.000000000000000000e+00 2.961970903676734231e-14
1.401000000000000000e+03 0.000000000000000000e+00 0.000000000000000000e+00 2.958158076772791298e-14
1.402000000000000000e+03 0.000000000000000000e+00 0.000000000000000000e+00 2.954352472881963771e-14
1.403000000000000000e+03 0.000000000000000000e+00 0.000000000000000000e+00 2.950554127937164387e-14
1.404000000000000000e+03 0.000000000000000000e+00 0.000000000000000000e+00 2.946763043149140019e-14
1.405000000000000000e+03 0.000000000000000000e+00 0.000000000000000000e+00 2.942979253677318976e-14
1.406000000000000000e+03 0.000000000000000000e+00 0.000000000000000000e+00 2.939202759949549752e-14
1.407000000000000000e+03 0.000000000000000000e+00 0.000000000000000000e+00 2.935433596419959054e-14
1.408000000000000000e+03 0.000000000000000000e+00 0.000000000000000000e+00 2.931671762541779184e-14
1.409000000000000000e+03 0.000000000000000000e+00 0.000000000000000000e+00 2.927917292163945482e-14
1.410000000000000000e+03 0.000000000000000000e+00 0.000000000000000000e+00 2.924170183930226191e-14
1.411000000000000000e+03 0.000000000000000000e+00 0.000000000000000000e+00 2.920430470395009399e-14
1.412000000000000000e+03 0.000000000000000000e+00 0.000000000000000000e+00 2.916698149825203670e-14
1.413000000000000000e+03 0.000000000000000000e+00 0.000000000000000000e+00 2.912973253688312109e-14
1.414000000000000000e+03 0.000000000000000000e+00 0.000000000000000000e+00 2.909255779297572292e-14
1.415000000000000000e+03 0.000000000000000000e+00 0.000000000000000000e+00 2.905545757326557516e-14
1.416000000000000000e+03 0.000000000000000000e+00 0.000000000000000000e+00 2.901843184094769069e-14
1.417000000000000000e+03 0.000000000000000000e+00 0.000000000000000000e+00 2.898148089269579327e-14
1.418000000000000000e+03 0.000000000000000000e+00 0.000000000000000000e+00 2.894460468123180804e-14
1.419000000000000000e+03 0.000000000000000000e+00 0.000000000000000000e+00 2.890780349161488924e-14
1.420000000000000000e+03 0.000000000000000000e+00 0.000000000000000000e+00 2.887107726807747444e-14
1.421000000000000000e+03 0.000000000000000000e+00 0.000000000000000000e+00 2.883442628492473884e-14
1.422000000000000000e+03 0.000000000000000000e+00 0.000000000000000000e+00 2.879785047391378336e-14
1.423000000000000000e+03 0.000000000000000000e+00 0.000000000000000000e+00 2.876135009689950707e-14
1.424000000000000000e+03 0.000000000000000000e+00 0.000000000000000000e+00 2.872492507572014524e-14
1.425000000000000000e+03 0.000000000000000000e+00 0.000000000000000000e+00 2.868857566180985797e-14
1.426000000000000000e+03 0.000000000000000000e+00 0.000000000000000000e+00 2.865230176234646228e-14
1.427000000000000000e+03 0.000000000000000000e+00 0.000000000000000000e+00 2.861610361882967104e-14
1.428000000000000000e+03 0.000000000000000000e+00 0.000000000000000000e+00 2.857998112545131286e-14
1.429000000000000000e+03 0.000000000000000000e+00 0.000000000000000000e+00 2.854393451131469421e-14
1.430000000000000000e+03 0.000000000000000000e+00 0.000000000000000000e+00 2.850796366229205154e-14
1.431000000000000000e+03 0.000000000000000000e+00 0.000000000000000000e+00 2.847206878965964027e-14
1.432000000000000000e+03 0.000000000000000000e+00 0.000000000000000000e+00 2.843624976918395947e-14
1.433000000000000000e+03 0.000000000000000000e+00 0.000000000000000000e+00 2.840050679803099792e-14
1.434000000000000000e+03 0.000000000000000000e+00 0.000000000000000000e+00 2.836483973708975139e-14
1.435000000000000000e+03 0.000000000000000000e+00 0.000000000000000000e+00 2.832924877091260361e-14
1.436000000000000000e+03 0.000000000000000000e+00 0.000000000000000000e+00 2.829373374711572265e-14
1.437000000000000000e+03 0.000000000000000000e+00 0.000000000000000000e+00 2.825829483581654305e-14
1.438000000000000000e+03 0.000000000000000000e+00 0.000000000000000000e+00 2.822293186987561174e-14
1.439000000000000000e+03 0.000000000000000000e+00 0.000000000000000000e+00 2.818764500407555098e-14
1.440000000000000000e+03 0.000000000000000000e+00 0.000000000000000000e+00 2.815243405854160352e-14
1.441000000000000000e+03 0.000000000000000000e+00 0.000000000000000000e+00 2.811729917481491954e-14
1.442000000000000000e+03 0.000000000000000000e+00 0.000000000000000000e+00 2.808224015817078550e-14
1.443000000000000000e+03 0.000000000000000000e+00 0.000000000000000000e+00 2.804725713647499973e-14
1.444000000000000000e+03 0.000000000000000000e+00 0.000000000000000000e+00 2.801234990394468172e-14
1.445000000000000000e+03 0.000000000000000000e+00 0.000000000000000000e+00 2.797751857081623886e-14
1.446000000000000000e+03 0.000000000000000000e+00 0.000000000000000000e+00 2.794276291958093811e-14
1.447000000000000000e+03 0.000000000000000000e+00 0.000000000000000000e+00 2.790808304552833636e-14
1.448000000000000000e+03 0.000000000000000000e+00 0.000000000000000000e+00 2.787347871571115940e-14
1.449000000000000000e+03 0.000000000000000000e+00 0.000000000000000000e+00 2.783895001116277711e-14
1.450000000000000000e+03 0.000000000000000000e+00 0.000000000000000000e+00 2.780449668424695603e-14
1.451000000000000000e+03 0.000000000000000000e+00 0.000000000000000000e+00 2.777011880161064445e-14
1.452000000000000000e+03 0.000000000000000000e+00 0.000000000000000000e+00 2.773581610168687436e-14
1.453000000000000000e+03 0.000000000000000000e+00 0.000000000000000000e+00 2.770158863614950918e-14
1.454000000000000000e+03 0.000000000000000000e+00 0.000000000000000000e+00 2.766743613097807678e-14
1.455000000000000000e+03 0.000000000000000000e+00 0.000000000000000000e+00 2.763335862178521992e-14
1.456000000000000000e+03 0.000000000000000000e+00 0.000000000000000000e+00 2.759935582113353911e-14
1.457000000000000000e+03 0.000000000000000000e+00 0.000000000000000000e+00 2.756542775124371883e-14
1.458000000000000000e+03 0.000000000000000000e+00 0.000000000000000000e+00 2.753157411123417235e-14
1.459000000000000000e+03 0.000000000000000000e+00 0.000000000000000000e+00 2.749779490654065933e-14
1.460000000000000000e+03 0.000000000000000000e+00 0.000000000000000000e+00 2.746408982585995795e-14
1.461000000000000000e+03 0.000000000000000000e+00 0.000000000000000000e+00 2.743045885806820806e-14
1.462000000000000000e+03 0.000000000000000000e+00 0.000000000000000000e+00 2.739690167751046978e-14
1.463000000000000000e+03 0.000000000000000000e+00 0.000000000000000000e+00 2.736341825904157457e-14
1.464000000000000000e+03 0.000000000000000000e+00 0.000000000000000000e+00 2.733000826274147196e-14
1.465000000000000000e+03 0.000000000000000000e+00 0.000000000000000000e+00 2.729667164764517050e-14
1.466000000000000000e+03 0.000000000000000000e+00 0.000000000000000000e+00 2.726340806096707144e-14
1.467000000000000000e+03 0.000000000000000000e+00 0.000000000000000000e+00 2.723021744944709825e-14
1.468000000000000000e+03 0.000000000000000000e+00 0.000000000000000000e+00 2.719709944371235597e-14
1.469000000000000000e+03 0.000000000000000000e+00 0.000000000000000000e+00 2.716405397892302518e-14
1.470000000000000000e+03 0.000000000000000000e+00 0.000000000000000000e+00 2.713108067399927211e-14
1.471000000000000000e+03 0.000000000000000000e+00 0.000000000000000000e+00 2.709817944949068042e-14
1.472000000000000000e+03 0.000000000000000000e+00 0.000000000000000000e+00 2.706534991232497298e-14
1.473000000000000000e+03 0.000000000000000000e+00 0.000000000000000000e+00 2.703259197070258296e-14
1.474000000000000000e+03 0.000000000000000000e+00 0.000000000000000000e+00 2.699990521852069316e-14
1.475000000000000000e+03 0.000000000000000000e+00 0.000000000000000000e+00 2.696728955238962506e-14
1.476000000000000000e+03 0.000000000000000000e+00 0.000000000000000000e+00 2.693474455521989685e-14
1.477000000000000000e+03 0.000000000000000000e+00 0.000000000000000000e+00 2.690227010938986105e-14
1.478000000000000000e+03 0.000000000000000000e+00 0.000000000000000000e+00 2.686986578765718772e-14
1.479000000000000000e+03 0.000000000000000000e+00 0.000000000000000000e+00 2.683753146004799923e-14
1.480000000000000000e+03 0.000000000000000000e+00 0.000000000000000000e+00 2.680526668757295901e-14
1.481000000000000000e+03 0.000000000000000000e+00 0.000000000000000000e+00 2.677307132972832573e-14
1.482000000000000000e+03 0.000000000000000000e+00 0.000000000000000000e+00 2.674094493723643577e-14
1.483000000000000000e+03 0.000000000000000000e+00 0.000000000000000000e+00 2.670888735707443252e-14
1.484000000000000000e+03 0.000000000000000000e+00 0.000000000000000000e+00 2.667689813057900616e-14
1.485000000000000000e+03 0.000000000000000000e+00 0.000000000000000000e+00 2.664497709446886139e-14
1.486000000000000000e+03 0.000000000000000000e+00 0.000000000000000000e+00 2.661312378000293668e-14
1.487000000000000000e+03 0.000000000000000000e+00 0.000000000000000000e+00 2.658133801209603114e-14
1.488000000000000000e+03 0.000000000000000000e+00 0.000000000000000000e+00 2.654961931441810565e-14
1.489000000000000000e+03 0.000000000000000000e+00 0.000000000000000000e+00 2.651796750524697906e-14
1.490000000000000000e+03 0.000000000000000000e+00 0.000000000000000000e+00 2.648638209686257464e-14
1.491000000000000000e+03 0.000000000000000000e+00 0.000000000000000000e+00 2.645486289813897495e-14
1.492000000000000000e+03 0.000000000000000000e+00 0.000000000000000000e+00 2.642340941601396874e-14
1.493000000000000000e+03 0.000000000000000000e+00 0.000000000000000000e+00 2.639202145110704854e-14
1.494000000000000000e+03 0.000000000000000000e+00 0.000000000000000000e+00 2.636069850110588956e-14
1.495000000000000000e+03 0.000000000000000000e+00 0.000000000000000000e+00 2.632944035855860880e-14
1.496000000000000000e+03 0.000000000000000000e+00 0.000000000000000000e+00 2.629824651671469010e-14
1.497000000000000000e+03 0.000000000000000000e+00 0.000000000000000000e+00 2.626711675786386538e-14
1.498000000000000000e+03 0.000000000000000000e+00 0.000000000000000000e+00 2.623605056897157772e-14
1.499000000000000000e+03 0.000000000000000000e+00 0.000000000000000000e+00 2.620504772677226173e-14
1.500000000000000000e+03 0.000000000000000000e+00 0.000000000000000000e+00 2.617410771078845785e-14
1.501000000000000000e+03 0.000000000000000000e+00 0.000000000000000000e+00 2.614323029130827548e-14
1.502000000000000000e+03 0.000000000000000000e+00 0.000000000000000000e+00 2.611241494245871786e-14
1.503000000000000000e+03 0.000000000000000000e+00 0.000000000000000000e+00 2.608166143003259575e-14
1.504000000000000000e+03 0.000000000000000000e+00 0.000000000000000000e+00 2.605096922157327491e-14
1.505000000000000000e+03 0.000000000000000000e+00 0.000000000000000000e+00 2.602033807874960956e-14
1.506000000000000000e+03 0.000000000000000000e+00 0.000000000000000000e+00 2.598976746542852339e-14
1.507000000000000000e+03 0.000000000000000000e+00 0.000000000000000000e+00 2.595925713979238307e-14
1.508000000000000000e+03 0.000000000000000000e+00 0.000000000000000000e+00 2.592880656046810059e-14
1.509000000000000000e+03 0.000000000000000000e+00 0.000000000000000000e+00 2.589841548556541379e-14
1.510000000000000000e+03 0.000000000000000000e+00 0.000000000000000000e+00 2.586808337119921437e-14
1.511000000000000000e+03 0.000000000000000000e+00 0.000000000000000000e+00 2.583780995563424503e-14
1.512000000000000000e+03 0.000000000000000000e+00 0.000000000000000000e+00 2.580759470833424613e-14
1.513000000000000000e+03 0.000000000000000000e+00 0.000000000000000000e+00 2.577743737118260418e-14
1.514000000000000000e+03 0.000000000000000000e+00 0.000000000000000000e+00 2.574733739470316237e-14
1.515000000000000000e+03 0.000000000000000000e+00 0.000000000000000000e+00 2.571729452354084735e-14
1.516000000000000000e+03 0.000000000000000000e+00 0.000000000000000000e+00 2.568730820149467765e-14
1.517000000000000000e+03 0.000000000000000000e+00 0.000000000000000000e+00 2.565737817597285556e-14
1.518000000000000000e+03 0.000000000000000000e+00 0.000000000000000000e+00 2.562750390169624195e-14
1.519000000000000000e+03 0.000000000000000000e+00 0.000000000000000000e+00 2.559768511595552248e-14
1.520000000000000000e+03 0.000000000000000000e+00 0.000000000000000000e+00 2.556792126799545918e-14
1.521000000000000000e+03 0.000000000000000000e+00 0.000000000000000000e+00 2.553821209273072339e-14
1.522000000000000000e+03 0.000000000000000000e+00 0.000000000000000000e+00 2.550855705270326484e-14
1.523000000000000000e+03 0.000000000000000000e+00 0.000000000000000000e+00 2.547895587052861187e-14
1.524000000000000000e+03 0.000000000000000000e+00 0.000000000000000000e+00 2.544940800507706212e-14
1.525000000000000000e+03 0.000000000000000000e+00 0.000000000000000000e+00 2.541991318747981536e-14
1.526000000000000000e+03 0.000000000000000000e+00 0.000000000000000000e+00 2.539047087834474265e-14
1.527000000000000000e+03 0.000000000000000000e+00 0.000000000000000000e+00 2.536108080237155862e-14
1.528000000000000000e+03 0.000000000000000000e+00 0.000000000000000000e+00 2.533174242514316767e-14
1.529000000000000000e+03 0.000000000000000000e+00 0.000000000000000000e+00 2.530245547050746928e-14
1.530000000000000000e+03 0.000000000000000000e+00 0.000000000000000000e+00 2.527321939794157812e-14
1.531000000000000000e+03 0.000000000000000000e+00 0.000000000000000000e+00 2.524403393403724437e-14
1.532000000000000000e+03 0.000000000000000000e+00 0.000000000000000000e+00 2.521489855108943963e-14
1.533000000000000000e+03 0.000000000000000000e+00 0.000000000000000000e+00 2.518581296829089102e-14
1.534000000000000000e+03 0.000000000000000000e+00 0.000000000000000000e+00 2.515677665533558216e-14
1.535000000000000000e+03 0.000000000000000000e+00 0.000000000000000000e+00 2.512778934340997407e-14
1.536000000000000000e+03 0.000000000000000000e+00 0.000000000000000000e+00 2.509885050690010037e-14
1.537000000000000000e+03 0.000000000000000000e+00 0.000000000000000000e+00 2.506995987254423109e-14
1.538000000000000000e+03 0.000000000000000000e+00 0.000000000000000000e+00 2.504111692129243253e-14
1.539000000000000000e+03 0.000000000000000000e+00 0.000000000000000000e+00 2.501232137105867253e-14
1.540000000000000000e+03 0.000000000000000000e+00 0.000000000000000000e+00 2.498357272286700937e-14
1.541000000000000000e+03 0.000000000000000000e+00 0.000000000000000000e+00 2.495487069305560759e-14
1.542000000000000000e+03 0.000000000000000000e+00 0.000000000000000000e+00 2.492621477469527401e-14
1.543000000000000000e+03 0.000000000000000000e+00 0.000000000000000000e+00 2.489760470996068994e-14
1.544000000000000000e+03 0.000000000000000000e+00 0.000000000000000000e+00 2.486903998336158078e-14
1.545000000000000000e+03 0.000000000000000000e+00 0.000000000000000000e+00 2.484052032923109168e-14
1.546000000000000000e+03 0.000000000000000000e+00 0.000000000000000000e+00 2.481204524469786372e-14
1.547000000000000000e+03 0.000000000000000000e+00 0.000000000000000000e+00 2.478361447872100916e-14
1.548000000000000000e+03 0.000000000000000000e+00 0.000000000000000000e+00 2.475522752594257853e-14
1.549000000000000000e+03 0.000000000000000000e+00 0.000000000000000000e+00 2.472688414757638582e-14
1.550000000000000000e+03 0.000000000000000000e+00 0.000000000000000000e+00 2.469858383184990643e-14
1.551000000000000000e+03 0.000000000000000000e+00 0.000000000000000000e+00 2.467032635152958882e-14
1.552000000000000000e+03 0.000000000000000000e+00 0.000000000000000000e+00 2.464211119590373697e-14
1.553000000000000000e+03 0.000000000000000000e+00 0.000000000000000000e+00 2.461393815088339297e-14
1.554000000000000000e+03 0.000000000000000000e+00 0.000000000000000000e+00 2.458580671030774257e-14
1.555000000000000000e+03 0.000000000000000000e+00 0.000000000000000000e+00 2.455771664986068166e-14
1.556000000000000000e+03 0.000000000000000000e+00 0.000000000000000000e+00 2.452966749386155828e-14
1.557000000000000000e+03 0.000000000000000000e+00 0.000000000000000000e+00 2.450165900825425321e-14
1.558000000000000000e+03 0.000000000000000000e+00 0.000000000000000000e+00 2.447369072613268373e-14
1.559000000000000000e+03 0.000000000000000000e+00 0.000000000000000000e+00 2.444576243707684615e-14
1.560000000000000000e+03 0.000000000000000000e+00 0.000000000000000000e+00 2.441787366286498449e-14
1.561000000000000000e+03 0.000000000000000000e+00 0.000000000000000000e+00 2.439002419731368831e-14
1.562000000000000000e+03 0.000000000000000000e+00 0.000000000000000000e+00 2.436221357564193365e-14
1.563000000000000000e+03 0.000000000000000000e+00 0.000000000000000000e+00 2.433444160094028824e-14
1.564000000000000000e+03 0.000000000000000000e+00 0.000000000000000000e+00 2.430670780812844377e-14
1.565000000000000000e+03 0.000000000000000000e+00 0.000000000000000000e+00 2.427901201140925711e-14
1.566000000000000000e+03 0.000000000000000000e+00 0.000000000000000000e+00 2.425135375237598440e-14
1.567000000000000000e+03 0.000000000000000000e+00 0.000000000000000000e+00 2.422373285595621061e-14
1.568000000000000000e+03 0.000000000000000000e+00 0.000000000000000000e+00 2.419614886261065898e-14
1.569000000000000000e+03 0.000000000000000000e+00 0.000000000000000000e+00 2.416860160985690735e-14
1.570000000000000000e+03 0.000000000000000000e+00 0.000000000000000000e+00 2.414109065347464777e-14
1.571000000000000000e+03 0.000000000000000000e+00 0.000000000000000000e+00 2.411361583359407386e-14
1.572000000000000000e+03 0.000000000000000000e+00 0.000000000000000000e+00 2.408617671904095837e-14
1.573000000000000000e+03 0.000000000000000000e+00 0.000000000000000000e+00 2.405877314672283088e-14
1.574000000000000000e+03 0.000000000000000000e+00 0.000000000000000000e+00 2.403140469918147389e-14
1.575000000000000000e+03 0.000000000000000000e+00 0.000000000000000000e+00 2.400407122939410685e-14
1.576000000000000000e+03 0.000000000000000000e+00 0.000000000000000000e+00 2.397677232275906910e-14
1.577000000000000000e+03 0.000000000000000000e+00 0.000000000000000000e+00 2.394950783361808227e-14
1.578000000000000000e+03 0.000000000000000000e+00 0.000000000000000000e+00 2.392227736765196416e-14
1.579000000000000000e+03 0.000000000000000000e+00 0.000000000000000000e+00 2.389508077647895092e-14
1.580000000000000000e+03 0.000000000000000000e+00 0.000000000000000000e+00 2.386791768143300010e-14
1.581000000000000000e+03 0.000000000000000000e+00 0.000000000000000000e+00 2.384078794914181497e-14
1.582000000000000000e+03 0.000000000000000000e+00 0.000000000000000000e+00 2.381369119590622172e-14
1.583000000000000000e+03 0.000000000000000000e+00 0.000000000000000000e+00 2.378662731052625722e-14
1.584000000000000000e+03 0.000000000000000000e+00 0.000000000000000000e+00 2.375959591496887995e-14
1.585000000000000000e+03 0.000000000000000000e+00 0.000000000000000000e+00 2.373259690541517324e-14
1.586000000000000000e+03 0.000000000000000000e+00 0.000000000000000000e+00 2.370562991175520311e-14
1.587000000000000000e+03 0.000000000000000000e+00 0.000000000000000000e+00 2.367869484192365439e-14
1.588000000000000000e+03 0.000000000000000000e+00 0.000000000000000000e+00 2.365179133580419543e-14
1.589000000000000000e+03 0.000000000000000000e+00 0.000000000000000000e+00 2.362491930301305960e-14
1.590000000000000000e+03 0.000000000000000000e+00 0.000000000000000000e+00 2.359807840516548384e-14
1.591000000000000000e+03 0.000000000000000000e+00 0.000000000000000000e+00 2.357126854953347830e-14
1.592000000000000000e+03 0.000000000000000000e+00 0.000000000000000000e+00 2.354448941375900210e-14
1.593000000000000000e+03 0.000000000000000000e+00 0.000000000000000000e+00 2.351774091072997249e-14
1.594000000000000000e+03 0.000000000000000000e+00 0.000000000000000000e+00 2.349102273418374270e-14
1.595000000000000000e+03 0.000000000000000000e+00 0.000000000000000000e+00 2.346433480359264999e-14
1.596000000000000000e+03 0.000000000000000000e+00 0.000000000000000000e+00 2.343767681854252982e-14
1.597000000000000000e+03 0.000000000000000000e+00 0.000000000000000000e+00 2.341104871677110898e-14
1.598000000000000000e+03 0.000000000000000000e+00 0.000000000000000000e+00 2.338445019900927032e-14
1.599000000000000000e+03 0.000000000000000000e+00 0.000000000000000000e+00 2.335788122788662802e-14
1.600000000000000000e+03 0.000000000000000000e+00 0.000000000000000000e+00 2.333134150041363598e-14
1.601000000000000000e+03 0.000000000000000000e+00 0.000000000000000000e+00 2.330483099793632754e-14
1.602000000000000000e+03 0.000000000000000000e+00 0.000000000000000000e+00 2.327834943141142223e-14
1.603000000000000000e+03 0.000000000000000000e+00 0.000000000000000000e+00 2.325189677906981744e-14
1.604000000000000000e+03 0.000000000000000000e+00 0.000000000000000000e+00 2.322547277327292887e-14
1.605000000000000000e+03 0.000000000000000000e+00 0.000000000000000000e+00 2.319907739874478382e-14
1.606000000000000000e+03 0.000000000000000000e+00 0.000000000000000000e+00 2.317271039485441665e-14
1.607000000000000000e+03 0.000000000000000000e+00 0.000000000000000000e+00 2.314637176436011423e-14
1.608000000000000000e+03 0.000000000000000000e+00 0.000000000000000000e+00 2.312006125658230924e-14
1.609000000000000000e+03 0.000000000000000000e+00 0.000000000000000000e+00 2.309377888937350455e-14
1.610000000000000000e+03 0.000000000000000000e+00 0.000000000000000000e+00 2.306752441271877023e-14
1.611000000000000000e+03 0.000000000000000000e+00 0.000000000000000000e+00 2.304129785857563463e-14
1.612000000000000000e+03 0.000000000000000000e+00 0.000000000000000000e+00 2.301509900307844269e-14
1.613000000000000000e+03 0.000000000000000000e+00 0.000000000000000000e+00 2.298892787115891930e-14
1.614000000000000000e+03 0.000000000000000000e+00 0.000000000000000000e+00 2.296278424721131004e-14
1.615000000000000000e+03 0.000000000000000000e+00 0.000000000000000000e+00 2.293666817923551012e-14
1.616000000000000000e+03 0.000000000000000000e+00 0.000000000000000000e+00 2.291057946243681671e-14
1.617000000000000000e+03 0.000000000000000000e+00 0.000000000000000000e+00 2.288451814059059501e-14
1.618000000000000000e+03 0.000000000000000000e+00 0.000000000000000000e+00 2.285848402918188172e-14
1.619000000000000000e+03 0.000000000000000000e+00 0.000000000000000000e+00 2.283247718642339884e-14
1.620000000000000000e+03 0.000000000000000000e+00 0.000000000000000000e+00 2.280649743436980722e-14
1.621000000000000000e+03 0.000000000000000000e+00 0.000000000000000000e+00 2.278054484213239349e-14
1.622000000000000000e+03 0.000000000000000000e+00 0.000000000000000000e+00 2.275461923150102629e-14
1.623000000000000000e+03 0.000000000000000000e+00 0.000000000000000000e+00 2.272872069142896132e-14
1.624000000000000000e+03 0.000000000000000000e+00 0.000000000000000000e+00 2.270284905914643226e-14
1.625000000000000000e+03 0.000000000000000000e+00 0.000000000000000000e+00 2.267700443777203344e-14
1.626000000000000000e+03 0.000000000000000000e+00 0.000000000000000000e+00 2.265118666701293655e-14
1.627000000000000000e+03 0.000000000000000000e+00 0.000000000000000000e+00 2.262539585404693332e-14
1.628000000000000000e+03 0.000000000000000000e+00 0.000000000000000000e+00 2.259963186275559807e-14
1.629000000000000000e+03 0.000000000000000000e+00 0.000000000000000000e+00 2.257389479889510998e-14
1.630000000000000000e+03 0.000000000000000000e+00 0.000000000000000000e+00 2.254818454231313056e-14
1.631000000000000000e+03 0.000000000000000000e+00 0.000000000000000000e+00 2.252250121084978702e-14
1.632000000000000000e+03 0.000000000000000000e+00 0.000000000000000000e+00 2.249684469842445434e-14
1.633000000000000000e+03 0.000000000000000000e+00 0.000000000000000000e+00 2.247121512370981091e-14
1.634000000000000000e+03 0.000000000000000000e+00 0.000000000000000000e+00 2.244561239228821516e-14
1.635000000000000000e+03 0.000000000000000000e+00 0.000000000000000000e+00 2.242003664524246701e-14
1.636000000000000000e+03 0.000000000000000000e+00 0.000000000000000000e+00 2.239448778085547189e-14
1.637000000000000000e+03 0.000000000000000000e+00 0.000000000000000000e+00 2.236896595382863724e-14
1.638000000000000000e+03 0.000000000000000000e+00 0.000000000000000000e+00 2.234347108261822853e-14
1.639000000000000000e+03 0.000000000000000000e+00 0.000000000000000000e+00 2.231800332340181708e-14
1.640000000000000000e+03 0.000000000000000000e+00 0.000000000000000000e+00 2.229256260629293733e-14
1.641000000000000000e+03 0.000000000000000000e+00 0.000000000000000000e+00 2.226714909391621784e-14
1.642000000000000000e+03 0.000000000000000000e+00 0.000000000000000000e+00 2.224176272574551994e-14
1.643000000000000000e+03 0.000000000000000000e+00 0.000000000000000000e+00 2.221640366990501601e-14
1.644000000000000000e+03 0.000000000000000000e+00 0.000000000000000000e+00 2.219107188443637777e-14
1.645000000000000000e+03 0.000000000000000000e+00 0.000000000000000000e+00 2.216576754278370407e-14
1.646000000000000000e+03 0.000000000000000000e+00 0.000000000000000000e+00 2.214049061509589873e-14
1.647000000000000000e+03 0.000000000000000000e+00 0.000000000000000000e+00 2.211524127914510806e-14
1.648000000000000000e+03 0.000000000000000000e+00 0.000000000000000000e+00 2.209001951719969530e-14
1.649000000000000000e+03 0.000000000000000000e+00 0.000000000000000000e+00 2.206482551827473760e-14
1.650000000000000000e+03 0.000000000000000000e+00 0.000000000000000000e+00 2.203965926579384079e-14
1.651000000000000000e+03 0.000000000000000000e+00 0.000000000000000000e+00 2.201452095560495223e-14
1.652000000000000000e+03 0.000000000000000000e+00 0.000000000000000000e+00 2.198941058335612509e-14
1.653000000000000000e+03 0.000000000000000000e+00 0.000000000000000000e+00 2.196432836012305795e-14
1.654000000000000000e+03 0.000000000000000000e+00 0.000000000000000000e+00 2.193927428056238254e-14
1.655000000000000000e+03 0.000000000000000000e+00 0.000000000000000000e+00 2.191424856416931303e-14
1.656000000000000000e+03 0.000000000000000000e+00 0.000000000000000000e+00 2.188925120826466638e-14
1.657000000000000000e+03 0.000000000000000000e+00 0.000000000000000000e+00 2.186428244683105258e-14
1.658000000000000000e+03 0.000000000000000000e+00 0.000000000000000000e+00 2.183934228882777950e-14
1.659000000000000000e+03 0.000000000000000000e+00 0.000000000000000000e+00 2.181443096915352344e-14
1.660000000000000000e+03 0.000000000000000000e+00 0.000000000000000000e+00 2.178954850180277782e-14
1.661000000000000000e+03 0.000000000000000000e+00 0.000000000000000000e+00 2.176469513373935425e-14
1.662000000000000000e+03 0.000000000000000000e+00 0.000000000000000000e+00 2.173987088307852833e-14
1.663000000000000000e+03 0.000000000000000000e+00 0.000000000000000000e+00 2.171507600353763821e-14
1.664000000000000000e+03 0.000000000000000000e+00 0.000000000000000000e+00 2.169031052399764526e-14
1.665000000000000000e+03 0.000000000000000000e+00 0.000000000000000000e+00 2.166557469408191094e-14
1.666000000000000000e+03 0.000000000000000000e+00 0.000000000000000000e+00 2.164086855768530344e-14
1.667000000000000000e+03 0.000000000000000000e+00 0.000000000000000000e+00 2.161619237063494417e-14
1.668000000000000000e+03 0.000000000000000000e+00 0.000000000000000000e+00 2.159154617632960560e-14
1.669000000000000000e+03 0.000000000000000000e+00 0.000000000000000000e+00 2.156693023443045301e-14
1.670000000000000000e+03 0.000000000000000000e+00 0.000000000000000000e+00 2.154234459712291351e-14
1.671000000000000000e+03 0.000000000000000000e+00 0.000000000000000000e+00 2.151778953431422174e-14
1.672000000000000000e+03 0.000000000000000000e+00 0.000000000000000000e+00 2.149326510212457042e-14
1.673000000000000000e+03 0.000000000000000000e+00 0.000000000000000000e+00 2.146877156685969392e-14
1.674000000000000000e+03 0.000000000000000000e+00 0.000000000000000000e+00 2.144430899558725582e-14
1.675000000000000000e+03 0.000000000000000000e+00 0.000000000000000000e+00 2.141987766019697079e-14
1.676000000000000000e+03 0.000000000000000000e+00 0.000000000000000000e+00 2.139547763328197766e-14
1.677000000000000000e+03 0.000000000000000000e+00 0.000000000000000000e+00 2.137110918849578310e-14
1.678000000000000000e+03 0.000000000000000000e+00 0.000000000000000000e+00 2.134677240057815530e-14
1.679000000000000000e+03 0.000000000000000000e+00 0.000000000000000000e+00 2.132246754221114714e-14
1.680000000000000000e+03 0.000000000000000000e+00 0.000000000000000000e+00 2.129819469708240249e-14
1.681000000000000000e+03 0.000000000000000000e+00 0.000000000000000000e+00 2.127395414385202845e-14
1.682000000000000000e+03 0.000000000000000000e+00 0.000000000000000000e+00 2.124974596208929747e-14
1.683000000000000000e+03 0.000000000000000000e+00 0.000000000000000000e+00 2.122557043870814621e-14
1.684000000000000000e+03 0.000000000000000000e+00 0.000000000000000000e+00 2.120142765010587843e-14
1.685000000000000000e+03 0.000000000000000000e+00 0.000000000000000000e+00 2.117731788560269952e-14
1.686000000000000000e+03 0.000000000000000000e+00 0.000000000000000000e+00 2.115324122726188464e-14
1.687000000000000000e+03 0.000000000000000000e+00 0.000000000000000000e+00 2.112919796424315012e-14
1.688000000000000000e+03 0.000000000000000000e+00 0.000000000000000000e+00 2.110518817832284664e-14
1.689000000000000000e+03 0.000000000000000000e+00 0.000000000000000000e+00 2.108121216529482774e-14
1.690000000000000000e+03 0.000000000000000000e+00 0.000000000000000000e+00 2.105727001161824234e-14
1.691000000000000000e+03 0.000000000000000000e+00 0.000000000000000000e+00 2.103336200668184780e-14
1.692000000000000000e+03 0.000000000000000000e+00 0.000000000000000000e+00 2.100948823741907516e-14
1.693000000000000000e+03 0.000000000000000000e+00 0.000000000000000000e+00 2.098564900280851040e-14
1.694000000000000000e+03 0.000000000000000000e+00 0.000000000000000000e+00 2.096184438789272912e-14
1.695000000000000000e+03 0.000000000000000000e+00 0.000000000000000000e+00 2.093807468531492491e-14
1.696000000000000000e+03 0.000000000000000000e+00 0.000000000000000000e+00 2.091433998503442566e-14
1.697000000000000000e+03 0.000000000000000000e+00 0.000000000000000000e+00 2.089064058180134305e-14
1.698000000000000000e+03 0.000000000000000000e+00 0.000000000000000000e+00 2.086697655667536025e-14
1.699000000000000000e+03 0.000000000000000000e+00 0.000000000000000000e+00 2.084334821852691515e-14
1.700000000000000000e+03 0.000000000000000000e+00 0.000000000000000000e+00 2.081975563995160467e-14
1.701000000000000000e+03 0.000000000000000000e+00 0.000000000000000000e+00 2.079619912646003238e-14
1.702000000000000000e+03 0.000000000000000000e+00 0.000000000000000000e+00 2.077267875788368811e-14
1.703000000000000000e+03 0.000000000000000000e+00 0.000000000000000000e+00 2.074919482779603124e-14
1.704000000000000000e+03 0.000000000000000000e+00 0.000000000000000000e+00 2.072574742410598241e-14
1.705000000000000000e+03 0.000000000000000000e+00 0.000000000000000000e+00 2.070233683811050936e-14
1.706000000000000000e+03 0.000000000000000000e+00 0.000000000000000000e+00 2.067896315793794648e-14
1.707000000000000000e+03 0.000000000000000000e+00 0.000000000000000000e+00 2.065562666964920988e-14
1.708000000000000000e+03 0.000000000000000000e+00 0.000000000000000000e+00 2.063232745946593821e-14
1.709000000000000000e+03 0.000000000000000000e+00 0.000000000000000000e+00 2.060906581305666817e-14
1.710000000000000000e+03 0.000000000000000000e+00 0.000000000000000000e+00 2.058584181313508126e-14
1.711000000000000000e+03 0.000000000000000000e+00 0.000000000000000000e+00 2.056265574842113543e-14
1.712000000000000000e+03 0.000000000000000000e+00 0.000000000000000000e+00 2.053950769484874180e-14
1.713000000000000000e+03 0.000000000000000000e+00 0.000000000000000000e+00 2.051639793779451118e-14
1.714000000000000000e+03 0.000000000000000000e+00 0.000000000000000000e+00 2.049332655373246567e-14
1.715000000000000000e+03 0.000000000000000000e+00 0.000000000000000000e+00 2.047029382206937550e-14
1.716000000000000000e+03 0.000000000000000000e+00 0.000000000000000000e+00 2.044729981389225154e-14
1.717000000000000000e+03 0.000000000000000000e+00 0.000000000000000000e+00 2.042434480922193861e-14
1.718000000000000000e+03 0.000000000000000000e+00 0.000000000000000000e+00 2.040142887180713526e-14
1.719000000000000000e+03 0.000000000000000000e+00 0.000000000000000000e+00 2.037855228435025804e-14
1.720000000000000000e+03 0.000000000000000000e+00 0.000000000000000000e+00 2.035571510229584976e-14
1.721000000000000000e+03 0.000000000000000000e+00 0.000000000000000000e+00 2.033291759810276616e-14
1.722000000000000000e+03 0.000000000000000000e+00 0.000000000000000000e+00 2.031015982559808860e-14
1.723000000000000000e+03 0.000000000000000000e+00 0.000000000000000000e+00 2.028744205544835560e-14
1.724000000000000000e+03 0.000000000000000000e+00 0.000000000000000000e+00 2.026476434184466679e-14
1.725000000000000000e+03 0.000000000000000000e+00 0.000000000000000000e+00 2.024212694976155060e-14
1.726000000000000000e+03 0.000000000000000000e+00 0.000000000000000000e+00 2.021952992129607700e-14
1.727000000000000000e+03 0.000000000000000000e+00 0.000000000000000000e+00 2.019697351996258340e-14
1.728000000000000000e+03 0.000000000000000000e+00 0.000000000000000000e+00 2.017445778540652099e-14
1.729000000000000000e+03 0.000000000000000000e+00 0.000000000000000000e+00 2.015198296755541076e-14
1.730000000000000000e+03 0.000000000000000000e+00 0.000000000000000000e+00 2.012954910562142049e-14
1.731000000000000000e+03 0.000000000000000000e+00 0.000000000000000000e+00 2.010715644550905093e-14
1.732000000000000000e+03 0.000000000000000000e+00 0.000000000000000000e+00 2.008480502034892657e-14
1.733000000000000000e+03 0.000000000000000000e+00 0.000000000000000000e+00 2.006249506796205260e-14
1.734000000000000000e+03 0.000000000000000000e+00 0.000000000000000000e+00 2.004022662158684031e-14
1.735000000000000000e+03 0.000000000000000000e+00 0.000000000000000000e+00 2.001799990927963262e-14
1.736000000000000000e+03 0.000000000000000000e+00 0.000000000000000000e+00 1.999581495273579890e-14
1.737000000000000000e+03 0.000000000000000000e+00 0.000000000000000000e+00 1.997367197611979263e-14
1.738000000000000000e+03 0.000000000000000000e+00 0.000000000000000000e+00 1.995157099744363383e-14
1.739000000000000000e+03 0.000000000000000000e+00 0.000000000000000000e+00 1.992951223970046585e-14
1.740000000000000000e+03 0.000000000000000000e+00 0.000000000000000000e+00 1.990749570633453112e-14
1.741000000000000000e+03 0.000000000000000000e+00 0.000000000000000000e+00 1.988552160797779396e-14
1.742000000000000000e+03 0.000000000000000000e+00 0.000000000000000000e+00 1.986358994830923028e-14
1.743000000000000000e+03 0.000000000000000000e+00 0.000000000000000000e+00 1.984170093301317608e-14
1.744000000000000000e+03 0.000000000000000000e+00 0.000000000000000000e+00 1.981985455295574542e-14
1.745000000000000000e+03 0.000000000000000000e+00 0.000000000000000000e+00 1.979805100506821254e-14
1.746000000000000000e+03 0.000000000000000000e+00 0.000000000000000000e+00 1.977629027583731125e-14
1.747000000000000000e+03 0.000000000000000000e+00 0.000000000000000000e+00 1.975457255961105192e-14
1.748000000000000000e+03 0.000000000000000000e+00 0.000000000000000000e+00 1.973289782761513349e-14
1.749000000000000000e+03 0.000000000000000000e+00 0.000000000000000000e+00 1.971126626764575783e-14
1.750000000000000000e+03 0.000000000000000000e+00 0.000000000000000000e+00 1.968967784567700643e-14
1.751000000000000000e+03 0.000000000000000000e+00 0.000000000000000000e+00 1.966813273409845098e-14
1.752000000000000000e+03 0.000000000000000000e+00 0.000000000000000000e+00 1.964663089698704768e-14
1.753000000000000000e+03 0.000000000000000000e+00 0.000000000000000000e+00 1.962517250096884633e-14
1.754000000000000000e+03 0.000000000000000000e+00 0.000000000000000000e+00 1.960375750343235759e-14
1.755000000000000000e+03 0.000000000000000000e+00 0.000000000000000000e+00 1.958238606177449823e-14
1.756000000000000000e+03 0.000000000000000000e+00 0.000000000000000000e+00 1.956105812560549682e-14
1.757000000000000000e+03 0.000000000000000000e+00 0.000000000000000000e+00 1.953977384286972223e-14
1.758000000000000000e+03 0.000000000000000000e+00 0.000000000000000000e+00 1.951853315376926801e-14
1.759000000000000000e+03 0.000000000000000000e+00 0.000000000000000000e+00 1.949733619532943118e-14
1.760000000000000000e+03 0.000000000000000000e+00 0.000000000000000000e+00 1.947618290562842981e-14
1.761000000000000000e+03 0.000000000000000000e+00 0.000000000000000000e+00 1.945507341773312318e-14
1.762000000000000000e+03 0.000000000000000000e+00 0.000000000000000000e+00 1.943400764972373938e-14
1.763000000000000000e+03 0.000000000000000000e+00 0.000000000000000000e+00 1.941298573434731770e-14
1.764000000000000000e+03 0.000000000000000000e+00 0.000000000000000000e+00 1.939200758195079126e-14
1.765000000000000000e+03 0.000000000000000000e+00 0.000000000000000000e+00 1.937107331380309017e-14
1.766000000000000000e+03 0.000000000000000000e+00 0.000000000000000000e+00 1.935018283077082230e-14
1.767000000000000000e+03 0.000000000000000000e+00 0.000000000000000000e+00 1.932933625077099412e-14
1.768000000000000000e+03 0.000000000000000000e+00 0.000000000000000000e+00 1.930853346462607990e-14
1.769000000000000000e+03 0.000000000000000000e+00 0.000000000000000000e+00 1.928777458360333893e-14
1.770000000000000000e+03 0.000000000000000000e+00 0.000000000000000000e+00 1.926705948824498055e-14
1.771000000000000000e+03 0.000000000000000000e+00 0.000000000000000000e+00 1.924638827550212048e-14
1.772000000000000000e+03 0.000000000000000000e+00 0.000000000000000000e+00 1.922576082229728926e-14
1.773000000000000000e+03 0.000000000000000000e+00 0.000000000000000000e+00 1.920517722046407575e-14
1.774000000000000000e+03 0.000000000000000000e+00 0.000000000000000000e+00 1.918463733398254827e-14
1.775000000000000000e+03 0.000000000000000000e+00 0.000000000000000000e+00 1.916414124150358112e-14
1.776000000000000000e+03 0.000000000000000000e+00 0.000000000000000000e+00 1.914368880865586413e-14
1.777000000000000000e+03 0.000000000000000000e+00 0.000000000000000000e+00 1.912328009771785792e-14
1.778000000000000000e+03 0.000000000000000000e+00 0.000000000000000000e+00 1.910291497080030818e-14
1.779000000000000000e+03 0.000000000000000000e+00 0.000000000000000000e+00 1.908259347701975537e-14
1.780000000000000000e+03 0.000000000000000000e+00 0.000000000000000000e+00 1.906231547436858007e-14
1.781000000000000000e+03 0.000000000000000000e+00 0.000000000000000000e+00 1.904208100669167454e-14
1.782000000000000000e+03 0.000000000000000000e+00 0.000000000000000000e+00 1.902188992034063128e-14
1.783000000000000000e+03 0.000000000000000000e+00 0.000000000000000000e+00 1.900174225777375859e-14
1.784000000000000000e+03 0.000000000000000000e+00 0.000000000000000000e+00 1.898163785096808549e-14
1.785000000000000000e+03 0.000000000000000000e+00 0.000000000000000000e+00 1.896157673136821037e-14
1.786000000000000000e+03 0.000000000000000000e+00 0.000000000000000000e+00 1.894155872665668552e-14
1.787000000000000000e+03 0.000000000000000000e+00 0.000000000000000000e+00 1.892158386559413630e-14
1.788000000000000000e+03 0.000000000000000000e+00 0.000000000000000000e+00 1.890165196336778233e-14
1.789000000000000000e+03 0.000000000000000000e+00 0.000000000000000000e+00 1.888176303864235028e-14
1.790000000000000000e+03 0.000000000000000000e+00 0.000000000000000000e+00 1.886191690309855728e-14
1.791000000000000000e+03 0.000000000000000000e+00 0.000000000000000000e+00 1.884211356734553804e-14
1.792000000000000000e+03 0.000000000000000000e+00 0.000000000000000000e+00 1.882235283258143346e-14
1.793000000000000000e+03 0.000000000000000000e+00 0.000000000000000000e+00 1.880263470233079520e-14
1.794000000000000000e+03 0.000000000000000000e+00 0.000000000000000000e+00 1.878295897591736439e-14
1.795000000000000000e+03 0.000000000000000000e+00 0.000000000000000000e+00 1.876332564444426044e-14
1.796000000000000000e+03 0.000000000000000000e+00 0.000000000000000000e+00 1.874373450328576083e-14
1.797000000000000000e+03 0.000000000000000000e+00 0.000000000000000000e+00 1.872418553540901755e-14
1.798000000000000000e+03 0.000000000000000000e+00 0.000000000000000000e+00 1.870467852706115898e-14
1.799000000000000000e+03 0.000000000000000000e+00 0.000000000000000000e+00 1.868521345983237725e-14
1.800000000000000000e+03 0.000000000000000000e+00 0.000000000000000000e+00 1.866579011397699484e-14
1.801000000000000000e+03 0.000000000000000000e+00 0.000000000000000000e+00 1.864640846201340760e-14
1.802000000000000000e+03 0.000000000000000000e+00 0.000000000000000000e+00 1.862706827936652841e-14
1.803000000000000000e+03 0.000000000000000000e+00 0.000000000000000000e+00 1.860776953251576728e-14
1.804000000000000000e+03 0.000000000000000000e+00 0.000000000000000000e+00 1.858851199288326534e-14
1.805000000000000000e+03 0.000000000000000000e+00 0.000000000000000000e+00 1.856929561626917762e-14
1.806000000000000000e+03 0.000000000000000000e+00 0.000000000000000000e+00 1.855012016507822674e-14
1.807000000000000000e+03 0.000000000000000000e+00 0.000000000000000000e+00 1.853098559394474175e-14
1.808000000000000000e+03 0.000000000000000000e+00 0.000000000000000000e+00 1.851189166554628700e-14
1.809000000000000000e+03 0.000000000000000000e+00 0.000000000000000000e+00 1.849283832083855802e-14
1.810000000000000000e+03 0.000000000000000000e+00 0.000000000000000000e+00 1.847382531557623678e-14
1.811000000000000000e+03 0.000000000000000000e+00 0.000000000000000000e+00 1.845485258945171804e-14
1.812000000000000000e+03 0.000000000000000000e+00 0.000000000000000000e+00 1.843591988877173019e-14
1.813000000000000000e+03 0.000000000000000000e+00 0.000000000000000000e+00 1.841702715100612812e-14
1.814000000000000000e+03 0.000000000000000000e+00 0.000000000000000000e+00 1.839817412346492301e-14
1.815000000000000000e+03 0.000000000000000000e+00 0.000000000000000000e+00 1.837936073038136021e-14
1.816000000000000000e+03 0.000000000000000000e+00 0.000000000000000000e+00 1.836058671882208416e-14
1.817000000000000000e+03 0.000000000000000000e+00 0.000000000000000000e+00 1.834185201203533063e-14
1.818000000000000000e+03 0.000000000000000000e+00 0.000000000000000000e+00 1.832315634615546350e-14
1.819000000000000000e+03 0.000000000000000000e+00 0.000000000000000000e+00 1.830449964248387292e-14
1.820000000000000000e+03 0.000000000000000000e+00 0.000000000000000000e+00 1.828588163293031390e-14
1.821000000000000000e+03 0.000000000000000000e+00 0.000000000000000000e+00 1.826730223777370558e-14
1.822000000000000000e+03 0.000000000000000000e+00 0.000000000000000000e+00 1.824876118073663213e-14
1.823000000000000000e+03 0.000000000000000000e+00 0.000000000000000000e+00 1.823025837645063635e-14
1.824000000000000000e+03 0.000000000000000000e+00 0.000000000000000000e+00 1.821179355069596722e-14
1.825000000000000000e+03 0.000000000000000000e+00 0.000000000000000000e+00 1.819336661059000866e-14
1.826000000000000000e+03 0.000000000000000000e+00 0.000000000000000000e+00 1.817497727774744225e-14
1.827000000000000000e+03 0.000000000000000000e+00 0.000000000000000000e+00 1.815662545642166717e-14
1.828000000000000000e+03 0.000000000000000000e+00 0.000000000000000000e+00 1.813831086688808112e-14
1.829000000000000000e+03 0.000000000000000000e+00 0.000000000000000000e+00 1.812003341249802400e-14
1.830000000000000000e+03 0.000000000000000000e+00 0.000000000000000000e+00 1.810179280832660566e-14
1.831000000000000000e+03 0.000000000000000000e+00 0.000000000000000000e+00 1.808358895823501311e-14
1.832000000000000000e+03 0.000000000000000000e+00 0.000000000000000000e+00 1.806542157057401436e-14
1.833000000000000000e+03 0.000000000000000000e+00 0.000000000000000000e+00 1.804729054516043276e-14
1.834000000000000000e+03 0.000000000000000000e+00 0.000000000000000000e+00 1.802919558802520780e-14
1.835000000000000000e+03 0.000000000000000000e+00 0.000000000000000000e+00 1.801113659318434676e-14
1.836000000000000000e+03 0.000000000000000000e+00 0.000000000000000000e+00 1.799311326660841917e-14
1.837000000000000000e+03 0.000000000000000000e+00 0.000000000000000000e+00 1.797512550074500644e-14
1.838000000000000000e+03 0.000000000000000000e+00 0.000000000000000000e+00 1.795717299775450519e-14
1.839000000000000000e+03 0.000000000000000000e+00 0.000000000000000000e+00 1.793925564505960114e-14
1.840000000000000000e+03 0.000000000000000000e+00 0.000000000000000000e+00 1.792137314498216759e-14
1.841000000000000000e+03 0.000000000000000000e+00 0.000000000000000000e+00 1.790352538459602127e-14
1.842000000000000000e+03 0.000000000000000000e+00 0.000000000000000000e+00 1.788571206288394818e-14
1.843000000000000000e+03 0.000000000000000000e+00 0.000000000000000000e+00 1.786793306761878102e-14
1.844000000000000000e+03 0.000000000000000000e+00 0.000000000000000000e+00 1.785018809320837639e-14
1.845000000000000000e+03 0.000000000000000000e+00 0.000000000000000000e+00 1.783247702497425114e-14
1.846000000000000000e+03 0.000000000000000000e+00 0.000000000000000000e+00 1.781479956240403701e-14
1.847000000000000000e+03 0.000000000000000000e+00 0.000000000000000000e+00 1.779715558099881295e-14
1.848000000000000000e+03 0.000000000000000000e+00 0.000000000000000000e+00 1.777954478467898421e-14
1.849000000000000000e+03 0.000000000000000000e+00 0.000000000000000000e+00 1.776196704675574870e-14
1.850000000000000000e+03 0.000000000000000000e+00 0.000000000000000000e+00 1.774442207050891876e-14
1.851000000000000000e+03 0.000000000000000000e+00 0.000000000000000000e+00 1.772690972957158858e-14
1.852000000000000000e+03 0.000000000000000000e+00 0.000000000000000000e+00 1.770942972527899995e-14
1.853000000000000000e+03 0.000000000000000000e+00 0.000000000000000000e+00 1.769198192822274020e-14
1.854000000000000000e+03 0.000000000000000000e+00 0.000000000000000000e+00 1.767456604198855771e-14
1.855000000000000000e+03 0.000000000000000000e+00 0.000000000000000000e+00 1.765718193775303694e-14
1.856000000000000000e+03 0.000000000000000000e+00 0.000000000000000000e+00 1.763982931840105177e-14
1.857000000000000000e+03 0.000000000000000000e+00 0.000000000000000000e+00 1.762250805227702770e-14
1.858000000000000000e+03 0.000000000000000000e+00 0.000000000000000000e+00 1.760521783958573732e-14
1.859000000000000000e+03 0.000000000000000000e+00 0.000000000000000000e+00 1.758795855570090271e-14
1.860000000000000000e+03 0.000000000000000000e+00 0.000000000000000000e+00 1.757072989736325675e-14
1.861000000000000000e+03 0.000000000000000000e+00 0.000000000000000000e+00 1.755353174055876908e-14
1.862000000000000000e+03 0.000000000000000000e+00 0.000000000000000000e+00 1.753636378328276119e-14
1.863000000000000000e+03 0.000000000000000000e+00 0.000000000000000000e+00 1.751922590043595101e-14
1.864000000000000000e+03 0.000000000000000000e+00 0.000000000000000000e+00 1.750211779301335094e-14
1.865000000000000000e+03 0.000000000000000000e+00 0.000000000000000000e+00 1.748503933847921181e-14
1.866000000000000000e+03 0.000000000000000000e+00 0.000000000000000000e+00 1.746799023290454250e-14
1.867000000000000000e+03 0.000000000000000000e+00 0.000000000000000000e+00 1.745097035264032808e-14
1.868000000000000000e+03 0.000000000000000000e+00 0.000000000000000000e+00 1.743397939922230725e-14
1.869000000000000000e+03 0.000000000000000000e+00 0.000000000000000000e+00 1.741701724738715588e-14
1.870000000000000000e+03 0.000000000000000000e+00 0.000000000000000000e+00 1.740008359904123529e-14
1.871000000000000000e+03 0.000000000000000000e+00 0.000000000000000000e+00 1.738317832620844546e-14
1.872000000000000000e+03 0.000000000000000000e+00 0.000000000000000000e+00 1.736630113480082878e-14
1.873000000000000000e+03 0.000000000000000000e+00 0.000000000000000000e+00 1.734945189316363119e-14
1.874000000000000000e+03 0.000000000000000000e+00 0.000000000000000000e+00 1.733263030771777031e-14
1.875000000000000000e+03 0.000000000000000000e+00 0.000000000000000000e+00 1.731583625252603916e-14
1.876000000000000000e+03 0.000000000000000000e+00 0.000000000000000000e+00 1.729906943314733235e-14
1.877000000000000000e+03 0.000000000000000000e+00 0.000000000000000000e+00 1.728232972919313905e-14
1.878000000000000000e+03 0.000000000000000000e+00 0.000000000000000000e+00 1.726561683974871199e-14
1.879000000000000000e+03 0.000000000000000000e+00 0.000000000000000000e+00 1.724893064997530935e-14
1.880000000000000000e+03 0.000000000000000000e+00 0.000000000000000000e+00 1.723227086422195922e-14
1.881000000000000000e+03 0.000000000000000000e+00 0.000000000000000000e+00 1.721563735998377265e-14
1.882000000000000000e+03 0.000000000000000000e+00 0.000000000000000000e+00 1.719902985122452489e-14
1.883000000000000000e+03 0.000000000000000000e+00 0.000000000000000000e+00 1.718244821114690446e-14
1.884000000000000000e+03 0.000000000000000000e+00 0.000000000000000000e+00 1.716589215700363705e-14
1.885000000000000000e+03 0.000000000000000000e+00 0.000000000000000000e+00 1.714936156238020120e-14
1.886000000000000000e+03 0.000000000000000000e+00 0.000000000000000000e+00 1.713285614605335453e-14
1.887000000000000000e+03 0.000000000000000000e+00 0.000000000000000000e+00 1.711637578444983168e-14
1.888000000000000000e+03 0.000000000000000000e+00 0.000000000000000000e+00 1.709992020087829205e-14
1.889000000000000000e+03 0.000000000000000000e+00 0.000000000000000000e+00 1.708348927116497043e-14
1.890000000000000000e+03 0.000000000000000000e+00 0.000000000000000000e+00 1.706708272034084307e-14
1.891000000000000000e+03 0.000000000000000000e+00 0.000000000000000000e+00 1.705070042714384614e-14
1.892000000000000000e+03 0.000000000000000000e+00 0.000000000000000000e+00 1.703434212153385033e-14
1.893000000000000000e+03 0.000000000000000000e+00 0.000000000000000000e+00 1.701800768211829213e-14
1.894000000000000000e+03 0.000000000000000000e+00 0.000000000000000000e+00 1.700169684492184590e-14
1.895000000000000000e+03 0.000000000000000000e+00 0.000000000000000000e+00 1.698540948697425470e-14
1.896000000000000000e+03 0.000000000000000000e+00 0.000000000000000000e+00 1.696914534728124147e-14
1.897000000000000000e+03 0.000000000000000000e+00 0.000000000000000000e+00 1.695290430508745612e-14
1.898000000000000000e+03 0.000000000000000000e+00 0.000000000000000000e+00 1.693668610028984822e-14
1.899000000000000000e+03 0.000000000000000000e+00 0.000000000000000000e+00 1.692049061653077477e-14
1.900000000000000000e+03 0.000000000000000000e+00 0.000000000000000000e+00 1.690431759401162253e-14
1.901000000000000000e+03 0.000000000000000000e+00 0.000000000000000000e+00 1.688816692106416687e-14
1.902000000000000000e+03 0.000000000000000000e+00 0.000000000000000000e+00 1.687203834184686600e-14
1.903000000000000000e+03 0.000000000000000000e+00 0.000000000000000000e+00 1.685593174662394258e-14
1.904000000000000000e+03 0.000000000000000000e+00 0.000000000000000000e+00 1.683984688447069865e-14
1.905000000000000000e+03 0.000000000000000000e+00 0.000000000000000000e+00 1.682378365033271307e-14
1.906000000000000000e+03 0.000000000000000000e+00 0.000000000000000000e+00 1.680774179551678290e-14
1.907000000000000000e+03 0.000000000000000000e+00 0.000000000000000000e+00 1.679172122483413925e-14
1.908000000000000000e+03 0.000000000000000000e+00 0.000000000000000000e+00 1.677572169007235202e-14
1.909000000000000000e+03 0.000000000000000000e+00 0.000000000000000000e+00 1.675974310067964932e-14
1.910000000000000000e+03 0.000000000000000000e+00 0.000000000000000000e+00 1.674378521661217998e-14
1.911000000000000000e+03 0.000000000000000000e+00 0.000000000000000000e+00 1.672784794911905952e-14
1.912000000000000000e+03 0.000000000000000000e+00 0.000000000000000000e+00 1.671193106177539614e-14
1.913000000000000000e+03 0.000000000000000000e+00 0.000000000000000000e+00 1.669603447096909041e-14
1.914000000000000000e+03 0.000000000000000000e+00 0.000000000000000000e+00 1.668015794166352900e-14
1.915000000000000000e+03 0.000000000000000000e+00 0.000000000000000000e+00 1.666430140072911926e-14
1.916000000000000000e+03 0.000000000000000000e+00 0.000000000000000000e+00 1.664846462197299073e-14
1.917000000000000000e+03 0.000000000000000000e+00 0.000000000000000000e+00 1.663264752859924399e-14
1.918000000000000000e+03 0.000000000000000000e+00 0.000000000000000000e+00 1.661684990603686086e-14
1.919000000000000000e+03 0.000000000000000000e+00 0.000000000000000000e+00 1.660107168482379872e-14
1.920000000000000000e+03 0.000000000000000000e+00 0.000000000000000000e+00 1.658531265184594558e-14
1.921000000000000000e+03 0.000000000000000000e+00 0.000000000000000000e+00 1.656957274381674913e-14
1.922000000000000000e+03 0.000000000000000000e+00 0.000000000000000000e+00 1.655385175374399249e-14
1.923000000000000000e+03 0.000000000000000000e+00 0.000000000000000000e+00 1.653814962460818147e-14
1.924000000000000000e+03 0.000000000000000000e+00 0.000000000000000000e+00 1.652246615638360558e-14
1.925000000000000000e+03 0.000000000000000000e+00 0.000000000000000000e+00 1.650680129478034927e-14
1.926000000000000000e+03 0.000000000000000000e+00 0.000000000000000000e+00 1.649115484676691953e-14
1.927000000000000000e+03 0.000000000000000000e+00 0.000000000000000000e+00 1.647552675913067559e-14
1.928000000000000000e+03 0.000000000000000000e+00 0.000000000000000000e+00 1.645991684627507850e-14
1.929000000000000000e+03 0.000000000000000000e+00 0.000000000000000000e+00 1.644432506372236445e-14
1.930000000000000000e+03 0.000000000000000000e+00 0.000000000000000000e+00 1.642875123326172365e-14
1.931000000000000000e+03 0.000000000000000000e+00 0.000000000000000000e+00 1.641319531282531500e-14
1.932000000000000000e+03 0.000000000000000000e+00 0.000000000000000000e+00 1.639765712770913415e-14
1.933000000000000000e+03 0.000000000000000000e+00 0.000000000000000000e+00 1.638213664940141610e-14
1.934000000000000000e+03 0.000000000000000000e+00 0.000000000000000000e+00 1.636663370508466685e-14
1.935000000000000000e+03 0.000000000000000000e+00 0.000000000000000000e+00 1.635114827517667346e-14
1.936000000000000000e+03 0.000000000000000000e+00 0.000000000000000000e+00 1.633568019560376139e-14
1.937000000000000000e+03 0.000000000000000000e+00 0.000000000000000000e+00 1.632022944702512175e-14
1.938000000000000000e+03 0.000000000000000000e+00 0.000000000000000000e+00 1.630479587644194244e-14
1.939000000000000000e+03 0.000000000000000000e+00 0.000000000000000000e+00 1.628937947324082257e-14
1.940000000000000000e+03 0.000000000000000000e+00 0.000000000000000000e+00 1.627398008440434554e-14
1.941000000000000000e+03 0.000000000000000000e+00 0.000000000000000000e+00 1.625859771058741737e-14
1.942000000000000000e+03 0.000000000000000000e+00 0.000000000000000000e+00 1.624323220267023172e-14
1.943000000000000000e+03 0.000000000000000000e+00 0.000000000000000000e+00 1.622788357016946771e-14
1.944000000000000000e+03 0.000000000000000000e+00 0.000000000000000000e+00 1.621255166866610645e-14
1.945000000000000000e+03 0.000000000000000000e+00 0.000000000000000000e+00 1.619723651468503893e-14
1.946000000000000000e+03 0.000000000000000000e+00 0.000000000000000000e+00 1.618193796940256091e-14
1.947000000000000000e+03 0.000000000000000000e+00 0.000000000000000000e+00 1.616665605621764685e-14
1.948000000000000000e+03 0.000000000000000000e+00 0.000000000000000000e+00 1.615139064525068799e-14
1.949000000000000000e+03 0.000000000000000000e+00 0.000000000000000000e+00 1.613614176236547360e-14
1.950000000000000000e+03 0.000000000000000000e+00 0.000000000000000000e+00 1.612090928452141507e-14
1.951000000000000000e+03 0.000000000000000000e+00 0.000000000000000000e+00 1.610569324613047733e-14
1.952000000000000000e+03 0.000000000000000000e+00 0.000000000000000000e+00 1.609049352946300526e-14
1.953000000000000000e+03 0.000000000000000000e+00 0.000000000000000000e+00 1.607531017574333304e-14
1.954000000000000000e+03 0.000000000000000000e+00 0.000000000000000000e+00 1.606014307655017807e-14
1.955000000000000000e+03 0.000000000000000000e+00 0.000000000000000000e+00 1.604499228285480638e-14
1.956000000000000000e+03 0.000000000000000000e+00 0.000000000000000000e+00 1.602985768864122588e-14
1.957000000000000000e+03 0.000000000000000000e+00 0.000000000000000000e+00 1.601473934770741214e-14
1.958000000000000000e+03 0.000000000000000000e+00 0.000000000000000000e+00 1.599963716594841858e-14
1.959000000000000000e+03 0.000000000000000000e+00 0.000000000000000000e+00 1.598455120083164197e-14
1.960000000000000000e+03 0.000000000000000000e+00 0.000000000000000000e+00 1.596948136584307602e-14
1.961000000000000000e+03 0.000000000000000000e+00 0.000000000000000000e+00 1.595442772576132454e-14
1.962000000000000000e+03 0.000000000000000000e+00 0.000000000000000000e+00 1.593939019581378853e-14
1.963000000000000000e+03 0.000000000000000000e+00 0.000000000000000000e+00 1.592436884565493270e-14
1.964000000000000000e+03 0.000000000000000000e+00 0.000000000000000000e+00 1.590936359761968122e-14
1.965000000000000000e+03 0.000000000000000000e+00 0.000000000000000000e+00 1.589437452918389690e-14
1.966000000000000000e+03 0.000000000000000000e+00 0.000000000000000000e+00 1.587940156739424387e-14
1.967000000000000000e+03 0.000000000000000000e+00 0.000000000000000000e+00 1.586444479456426184e-14
1.968000000000000000e+03 0.000000000000000000e+00 0.000000000000000000e+00 1.584950414566310398e-14
1.969000000000000000e+03 0.000000000000000000e+00 0.000000000000000000e+00 1.583457971099543624e-14
1.970000000000000000e+03 0.000000000000000000e+00 0.000000000000000000e+00 1.581967143031973152e-14
1.971000000000000000e+03 0.000000000000000000e+00 0.000000000000000000e+00 1.580477939434562225e-14
1.972000000000000000e+03 0.000000000000000000e+00 0.000000000000000000e+00 1.578990355405202645e-14
1.973000000000000000e+03 0.000000000000000000e+00 0.000000000000000000e+00 1.577504400581405566e-14
1.974000000000000000e+03 0.000000000000000000e+00 0.000000000000000000e+00 1.576020070256213094e-14
1.975000000000000000e+03 0.000000000000000000e+00 0.000000000000000000e+00 1.574537374752122925e-14
1.976000000000000000e+03 0.000000000000000000e+00 0.000000000000000000e+00 1.573056310008699164e-14
1.977000000000000000e+03 0.000000000000000000e+00 0.000000000000000000e+00 1.571576886318297761e-14
1.978000000000000000e+03 0.000000000000000000e+00 0.000000000000000000e+00 1.570099100348437670e-14
1.979000000000000000e+03 0.000000000000000000e+00 0.000000000000000000e+00 1.568622963219710005e-14
1.980000000000000000e+03 0.000000000000000000e+00 0.000000000000000000e+00 1.567148471749330803e-14
1.981000000000000000e+03 0.000000000000000000e+00 0.000000000000000000e+00 1.565675637529343485e-14
1.982000000000000000e+03 0.000000000000000000e+00 0.000000000000000000e+00 1.564204458435991868e-14
1.983000000000000000e+03 0.000000000000000000e+00 0.000000000000000000e+00 1.562734945978202147e-14
1.984000000000000000e+03 0.000000000000000000e+00 0.000000000000000000e+00 1.561267098776972885e-14
1.985000000000000000e+03 0.000000000000000000e+00 0.000000000000000000e+00 1.559800928471527381e-14
1.986000000000000000e+03 0.000000000000000000e+00 0.000000000000000000e+00 1.558336434114051781e-14
1.987000000000000000e+03 0.000000000000000000e+00 0.000000000000000000e+00 1.556873627845831070e-14
1.988000000000000000e+03 0.000000000000000000e+00 0.000000000000000000e+00 1.555412508786102996e-14
1.989000000000000000e+03 0.000000000000000000e+00 0.000000000000000000e+00 1.553953089855716249e-14
1.990000000000000000e+03 0.000000000000000000e+00 0.000000000000000000e+00 1.552495370108510745e-14
1.991000000000000000e+03 0.000000000000000000e+00 0.000000000000000000e+00 1.551039362671389431e-14
1.992000000000000000e+03 0.000000000000000000e+00 0.000000000000000000e+00 1.549585066772680364e-14
1.993000000000000000e+03 0.000000000000000000e+00 0.000000000000000000e+00 1.548132496127295524e-14
1.994000000000000000e+03 0.000000000000000000e+00 0.000000000000000000e+00 1.546681650428177743e-14
1.995000000000000000e+03 0.000000000000000000e+00 0.000000000000000000e+00 1.545232543857415680e-14
1.996000000000000000e+03 0.000000000000000000e+00 0.000000000000000000e+00 1.543785176342503236e-14
1.997000000000000000e+03 0.000000000000000000e+00 0.000000000000000000e+00 1.542339561857143573e-14
1.998000000000000000e+03 0.000000000000000000e+00 0.000000000000000000e+00 1.540895701225893236e-14
1.999000000000000000e+03 0.000000000000000000e+00 0.000000000000000000e+00 1.539453608759305935e-14
2.000000000000000000e+03 0.000000000000000000e+00 0.000000000000000000e+00 1.538013285257794654e-14
2.001000000000000000e+03 0.000000000000000000e+00 0.000000000000000000e+00 1.536574745140466676e-14
2.002000000000000000e+03 0.000000000000000000e+00 0.000000000000000000e+00 1.535137990014915131e-14
2.003000000000000000e+03 0.000000000000000000e+00 0.000000000000000000e+00 1.533703034114594569e-14
2.004000000000000000e+03 0.000000000000000000e+00 0.000000000000000000e+00 1.532269879304783323e-14
2.005000000000000000e+03 0.000000000000000000e+00 0.000000000000000000e+00 1.530838540044647031e-14
2.006000000000000000e+03 0.000000000000000000e+00 0.000000000000000000e+00 1.529409018269404121e-14
2.007000000000000000e+03 0.000000000000000000e+00 0.000000000000000000e+00 1.527981329058187592e-14
2.008000000000000000e+03 0.000000000000000000e+00 0.000000000000000000e+00 1.526555473885009921e-14
2.009000000000000000e+03 0.000000000000000000e+00 0.000000000000000000e+00 1.525131468679527433e-14
2.010000000000000000e+03 0.000000000000000000e+00 0.000000000000000000e+00 1.523709315009816060e-14
2.011000000000000000e+03 0.000000000000000000e+00 0.000000000000000000e+00 1.522289028346648900e-14
2.012000000000000000e+03 0.000000000000000000e+00 0.000000000000000000e+00 1.520870610908872059e-14
2.013000000000000000e+03 0.000000000000000000e+00 0.000000000000000000e+00 1.519454078409626679e-14
2.014000000000000000e+03 0.000000000000000000e+00 0.000000000000000000e+00 1.518039433045546122e-14
2.015000000000000000e+03 0.000000000000000000e+00 0.000000000000000000e+00 1.516626690545069121e-14
2.016000000000000000e+03 0.000000000000000000e+00 0.000000000000000000e+00 1.515215853731819787e-14
2.017000000000000000e+03 0.000000000000000000e+00 0.000000000000000000e+00 1.513806938021663027e-14
2.018000000000000000e+03 0.000000000000000000e+00 0.000000000000000000e+00 1.512399946334343442e-14
2.019000000000000000e+03 0.000000000000000000e+00 0.000000000000000000e+00 1.510994894403768152e-14
2.020000000000000000e+03 0.000000000000000000e+00 0.000000000000000000e+00 1.509591784909454364e-14
2.021000000000000000e+03 0.000000000000000000e+00 0.000000000000000000e+00 1.508190633779359197e-14
2.022000000000000000e+03 0.000000000000000000e+00 0.000000000000000000e+00 1.506791443733231137e-14
2.023000000000000000e+03 0.000000000000000000e+00 0.000000000000000000e+00 1.505394230557624929e-14
2.024000000000000000e+03 0.000000000000000000e+00 0.000000000000000000e+00 1.503998997197370955e-14
2.025000000000000000e+03 0.000000000000000000e+00 0.000000000000000000e+00 1.502605759237234919e-14
2.026000000000000000e+03 0.000000000000000000e+00 0.000000000000000000e+00 1.501214519231374567e-14
2.027000000000000000e+03 0.000000000000000000e+00 0.000000000000000000e+00 1.499825292743053150e-14
2.028000000000000000e+03 0.000000000000000000e+00 0.000000000000000000e+00 1.498438082658934231e-14
2.029000000000000000e+03 0.000000000000000000e+00 0.000000000000000000e+00 1.497052904775355695e-14
2.030000000000000000e+03 0.000000000000000000e+00 0.000000000000000000e+00 1.495669761415966344e-14
2.031000000000000000e+03 0.000000000000000000e+00 0.000000000000000000e+00 1.494288668368985738e-14
2.032000000000000000e+03 0.000000000000000000e+00 0.000000000000000000e+00 1.492909628203587115e-14
2.033000000000000000e+03 0.000000000000000000e+00 0.000000000000000000e+00 1.491532656447642587e-14
2.034000000000000000e+03 0.000000000000000000e+00 0.000000000000000000e+00 1.490157755756368346e-14
2.035000000000000000e+03 0.000000000000000000e+00 0.000000000000000000e+00 1.488784941455756897e-14
2.036000000000000000e+03 0.000000000000000000e+00 0.000000000000000000e+00 1.487414215736395458e-14
2.037000000000000000e+03 0.000000000000000000e+00 0.000000000000000000e+00 1.486045594375780127e-14
2.038000000000000000e+03 0.000000000000000000e+00 0.000000000000000000e+00 1.484679079161531247e-14
2.039000000000000000e+03 0.000000000000000000e+00 0.000000000000000000e+00 1.483314685313584340e-14
2.040000000000000000e+03 0.000000000000000000e+00 0.000000000000000000e+00 1.481952414931563388e-14
2.041000000000000000e+03 0.000000000000000000e+00 0.000000000000000000e+00 1.480592282801726682e-14
2.042000000000000000e+03 0.000000000000000000e+00 0.000000000000000000e+00 1.479234291117598842e-14
2.043000000000000000e+03 0.000000000000000000e+00 0.000000000000000000e+00 1.477878454418580234e-14
2.044000000000000000e+03 0.000000000000000000e+00 0.000000000000000000e+00 1.476524774519181574e-14
2.045000000000000000e+03 0.000000000000000000e+00 0.000000000000000000e+00 1.475173266105871199e-14
2.046000000000000000e+03 0.000000000000000000e+00 0.000000000000000000e+00 1.473823930944002745e-14
2.047000000000000000e+03 0.000000000000000000e+00 0.000000000000000000e+00 1.472476783259560880e-14
2.048000000000000000e+03 0.000000000000000000e+00 0.000000000000000000e+00 1.471131824465864067e-14
2.049000000000000000e+03 0.000000000000000000e+00 0.000000000000000000e+00 1.469789068665484417e-14
2.050000000000000000e+03 0.000000000000000000e+00 0.000000000000000000e+00 1.468448517061610568e-14
2.051000000000000000e+03 0.000000000000000000e+00 0.000000000000000000e+00 1.467110183213712297e-14
2.052000000000000000e+03 0.000000000000000000e+00 0.000000000000000000e+00 1.465774068396831478e-14
2.053000000000000000e+03 0.000000000000000000e+00 0.000000000000000000e+00 1.464440185728453639e-14
2.054000000000000000e+03 0.000000000000000000e+00 0.000000000000000000e+00 1.463108535940859109e-14
2.055000000000000000e+03 0.000000000000000000e+00 0.000000000000000000e+00 1.461779131960110320e-14
2.056000000000000000e+03 0.000000000000000000e+00 0.000000000000000000e+00 1.460451974325753421e-14
2.057000000000000000e+03 0.000000000000000000e+00 0.000000000000000000e+00 1.459127075868964446e-14
2.058000000000000000e+03 0.000000000000000000e+00 0.000000000000000000e+00 1.457804436854710411e-14
2.059000000000000000e+03 0.000000000000000000e+00 0.000000000000000000e+00 1.456484069463082582e-14
2.060000000000000000e+03 0.000000000000000000e+00 0.000000000000000000e+00 1.455165973856556011e-14
2.061000000000000000e+03 0.000000000000000000e+00 0.000000000000000000e+00 1.453850162250416832e-14
2.062000000000000000e+03 0.000000000000000000e+00 0.000000000000000000e+00 1.452536634498838113e-14
2.063000000000000000e+03 0.000000000000000000e+00 0.000000000000000000e+00 1.451225402277022150e-14
2.064000000000000000e+03 0.000000000000000000e+00 0.000000000000000000e+00 1.449916465037542390e-14
2.065000000000000000e+03 0.000000000000000000e+00 0.000000000000000000e+00 1.448609834236738297e-14
2.066000000000000000e+03 0.000000000000000000e+00 0.000000000000000000e+00 1.447305509172322981e-14
2.067000000000000000e+03 0.000000000000000000e+00 0.000000000000000000e+00 1.446003500887116913e-14
2.068000000000000000e+03 0.000000000000000000e+00 0.000000000000000000e+00 1.444703808411091916e-14
2.069000000000000000e+03 0.000000000000000000e+00 0.000000000000000000e+00 1.443406442300036155e-14
2.070000000000000000e+03 0.000000000000000000e+00 0.000000000000000000e+00 1.442111401284957999e-14
2.071000000000000000e+03 0.000000000000000000e+00 0.000000000000000000e+00 1.440818695574294061e-14
2.072000000000000000e+03 0.000000000000000000e+00 0.000000000000000000e+00 1.439528323390617977e-14
2.073000000000000000e+03 0.000000000000000000e+00 0.000000000000000000e+00 1.438240294867080628e-14
2.074000000000000000e+03 0.000000000000000000e+00 0.000000000000000000e+00 1.436954607815669326e-14
2.075000000000000000e+03 0.000000000000000000e+00 0.000000000000000000e+00 1.435671271707523828e-14
2.076000000000000000e+03 0.000000000000000000e+00 0.000000000000000000e+00 1.434390284366931049e-14
2.077000000000000000e+03 0.000000000000000000e+00 0.000000000000000000e+00 1.433111654980112489e-14
2.078000000000000000e+03 0.000000000000000000e+00 0.000000000000000000e+00 1.431835380270178445e-14
2.079000000000000000e+03 0.000000000000000000e+00 0.000000000000000000e+00 1.430561469574231111e-14
2.080000000000000000e+03 0.000000000000000000e+00 0.000000000000000000e+00 1.429289919532397348e-14
2.081000000000000000e+03 0.000000000000000000e+00 0.000000000000000000e+00 1.428020738765612292e-14
2.082000000000000000e+03 0.000000000000000000e+00 0.000000000000000000e+00 1.426753923620496063e-14
2.083000000000000000e+03 0.000000000000000000e+00 0.000000000000000000e+00 1.425489481842089759e-14
2.084000000000000000e+03 0.000000000000000000e+00 0.000000000000000000e+00 1.424227409857754361e-14
2.085000000000000000e+03 0.000000000000000000e+00 0.000000000000000000e+00 1.422967714978444163e-14
2.086000000000000000e+03 0.000000000000000000e+00 0.000000000000000000e+00 1.421710393106546463e-14
2.087000000000000000e+03 0.000000000000000000e+00 0.000000000000000000e+00 1.420455451006762828e-14
2.088000000000000000e+03 0.000000000000000000e+00 0.000000000000000000e+00 1.419202884197199114e-14
2.089000000000000000e+03 0.000000000000000000e+00 0.000000000000000000e+00 1.417952699063678670e-14
2.090000000000000000e+03 0.000000000000000000e+00 0.000000000000000000e+00 1.416704890386924828e-14
2.091000000000000000e+03 0.000000000000000000e+00 0.000000000000000000e+00 1.415459464535185589e-14
2.092000000000000000e+03 0.000000000000000000e+00 0.000000000000000000e+00 1.414216415692369833e-14
2.093000000000000000e+03 0.000000000000000000e+00 0.000000000000000000e+00 1.412975749436480045e-14
2.094000000000000000e+03 0.000000000000000000e+00 0.000000000000000000e+00 1.411737460121441196e-14
2.095000000000000000e+03 0.000000000000000000e+00 0.000000000000000000e+00 1.410501552912464424e-14
2.096000000000000000e+03 0.000000000000000000e+00 0.000000000000000000e+00 1.409268021376677456e-14
2.097000000000000000e+03 0.000000000000000000e+00 0.000000000000000000e+00 1.408036870458696732e-14
2.098000000000000000e+03 0.000000000000000000e+00 0.000000000000000000e+00 1.406808093345206976e-14
2.099000000000000000e+03 0.000000000000000000e+00 0.000000000000000000e+00 1.405581694407162140e-14
2.100000000000000000e+03 0.000000000000000000e+00 0.000000000000000000e+00 1.404357666556283798e-14
2.101000000000000000e+03 0.000000000000000000e+00 0.000000000000000000e+00 1.403136013844595591e-14
2.102000000000000000e+03 0.000000000000000000e+00 0.000000000000000000e+00 1.401916728330596289e-14
2.103000000000000000e+03 0.000000000000000000e+00 0.000000000000000000e+00 1.400699813842827606e-14
2.104000000000000000e+03 0.000000000000000000e+00 0.000000000000000000e+00 1.399485262272751274e-14
2.105000000000000000e+03 0.000000000000000000e+00 0.000000000000000000e+00 1.398273076828234509e-14
2.106000000000000000e+03 0.000000000000000000e+00 0.000000000000000000e+00 1.397063249049408481e-14
2.107000000000000000e+03 0.000000000000000000e+00 0.000000000000000000e+00 1.395855781823377728e-14
2.108000000000000000e+03 0.000000000000000000e+00 0.000000000000000000e+00 1.394650666494520425e-14
2.109000000000000000e+03 0.000000000000000000e+00 0.000000000000000000e+00 1.393447905463296289e-14
2.110000000000000000e+03 0.000000000000000000e+00 0.000000000000000000e+00 1.392247489497681292e-14
2.111000000000000000e+03 0.000000000000000000e+00 0.000000000000000000e+00 1.391049420832851910e-14
2.112000000000000000e+03 0.000000000000000000e+00 0.000000000000000000e+00 1.389853689781047021e-14
2.113000000000000000e+03 0.000000000000000000e+00 0.000000000000000000e+00 1.388660298189974186e-14
2.114000000000000000e+03 0.000000000000000000e+00 0.000000000000000000e+00 1.387469235855160031e-14
2.115000000000000000e+03 0.000000000000000000e+00 0.000000000000000000e+00 1.386280504265971262e-14
2.116000000000000000e+03 0.000000000000000000e+00 0.000000000000000000e+00 1.385094092676559144e-14
2.117000000000000000e+03 0.000000000000000000e+00 0.000000000000000000e+00 1.383910002411034593e-14
2.118000000000000000e+03 0.000000000000000000e+00 0.000000000000000000e+00 1.382728222360421843e-14
2.119000000000000000e+03 0.000000000000000000e+00 0.000000000000000000e+00 1.381548753237676182e-14
2.120000000000000000e+03 0.000000000000000000e+00 0.000000000000000000e+00 1.380371583652416541e-14
2.121000000000000000e+03 0.000000000000000000e+00 0.000000000000000000e+00 1.379196714065708295e-14
2.122000000000000000e+03 0.000000000000000000e+00 0.000000000000000000e+00 1.378024132873934014e-14
2.123000000000000000e+03 0.000000000000000000e+00 0.000000000000000000e+00 1.376853840154763207e-14
2.124000000000000000e+03 0.000000000000000000e+00 0.000000000000000000e+00 1.375685823873127538e-14
2.125000000000000000e+03 0.000000000000000000e+00 0.000000000000000000e+00 1.374520083608656600e-14
2.126000000000000000e+03 0.000000000000000000e+00 0.000000000000000000e+00 1.373356607349235699e-14
2.127000000000000000e+03 0.000000000000000000e+00 0.000000000000000000e+00 1.372195394205983310e-14
2.128000000000000000e+03 0.000000000000000000e+00 0.000000000000000000e+00 1.371036432050379163e-14
2.129000000000000000e+03 0.000000000000000000e+00 0.000000000000000000e+00 1.369879719356047141e-14
2.130000000000000000e+03 0.000000000000000000e+00 0.000000000000000000e+00 1.368725243773344214e-14
2.131000000000000000e+03 0.000000000000000000e+00 0.000000000000000000e+00 1.367573003410020263e-14
2.132000000000000000e+03 0.000000000000000000e+00 0.000000000000000000e+00 1.366422985486018702e-14
2.133000000000000000e+03 0.000000000000000000e+00 0.000000000000000000e+00 1.365275188214890334e-14
2.134000000000000000e+03 0.000000000000000000e+00 0.000000000000000000e+00 1.364129598192148782e-14
2.135000000000000000e+03 0.000000000000000000e+00 0.000000000000000000e+00 1.362986213295600753e-14
2.136000000000000000e+03 0.000000000000000000e+00 0.000000000000000000e+00 1.361845020171860547e-14
2.137000000000000000e+03 0.000000000000000000e+00 0.000000000000000000e+00 1.360706016298333689e-14
2.138000000000000000e+03 0.000000000000000000e+00 0.000000000000000000e+00 1.359569187547743470e-14
2.139000000000000000e+03 0.000000000000000000e+00 0.000000000000000000e+00 1.358434531305648654e-14
2.140000000000000000e+03 0.000000000000000000e+00 0.000000000000000000e+00 1.357302033541707604e-14
2.141000000000000000e+03 0.000000000000000000e+00 0.000000000000000000e+00 1.356171691350356121e-14
2.142000000000000000e+03 0.000000000000000000e+00 0.000000000000000000e+00 1.355043490039557773e-14
2.143000000000000000e+03 0.000000000000000000e+00 0.000000000000000000e+00 1.353917426861979978e-14
2.144000000000000000e+03 0.000000000000000000e+00 0.000000000000000000e+00 1.352793486776092207e-14
2.145000000000000000e+03 0.000000000000000000e+00 0.000000000000000000e+00 1.351671666555390566e-14
2.146000000000000000e+03 0.000000000000000000e+00 0.000000000000000000e+00 1.350551950991088031e-14
2.147000000000000000e+03 0.000000000000000000e+00 0.000000000000000000e+00 1.349434336547884101e-14
2.148000000000000000e+03 0.000000000000000000e+00 0.000000000000000000e+00 1.348318808043714889e-14
2.149000000000000000e+03 0.000000000000000000e+00 0.000000000000000000e+00 1.347205361505051886e-14
2.150000000000000000e+03 0.000000000000000000e+00 0.000000000000000000e+00 1.346093981389055925e-14
2.151000000000000000e+03 0.000000000000000000e+00 0.000000000000000000e+00 1.344984663560215374e-14
2.152000000000000000e+03 0.000000000000000000e+00 0.000000000000000000e+00 1.343877392310076505e-14
2.153000000000000000e+03 0.000000000000000000e+00 0.000000000000000000e+00 1.342772163046238855e-14
2.154000000000000000e+03 0.000000000000000000e+00 0.000000000000000000e+00 1.341668960136886376e-14
2.155000000000000000e+03 0.000000000000000000e+00 0.000000000000000000e+00 1.340567778417257577e-14
2.156000000000000000e+03 0.000000000000000000e+00 0.000000000000000000e+00 1.339468602214664895e-14
2.157000000000000000e+03 0.000000000000000000e+00 0.000000000000000000e+00 1.338371426632248263e-14
2.158000000000000000e+03 0.000000000000000000e+00 0.000000000000000000e+00 1.337276235522247254e-14
2.159000000000000000e+03 0.000000000000000000e+00 0.000000000000000000e+00 1.336183023568166456e-14
2.160000000000000000e+03 0.000000000000000000e+00 0.000000000000000000e+00 1.335091774934395805e-14
2.161000000000000000e+03 0.000000000000000000e+00 0.000000000000000000e+00 1.334002483890213132e-14
2.162000000000000000e+03 0.000000000000000000e+00 0.000000000000000000e+00 1.332915134265851155e-14
2.163000000000000000e+03 0.000000000000000000e+00 0.000000000000000000e+00 1.331829720454732321e-14
2.164000000000000000e+03 0.000000000000000000e+00 0.000000000000000000e+00 1.330746225875554341e-14
2.165000000000000000e+03 0.000000000000000000e+00 0.000000000000000000e+00 1.329664644887578355e-14
2.166000000000000000e+03 0.000000000000000000e+00 0.000000000000000000e+00 1.328584960668725159e-14
2.167000000000000000e+03 0.000000000000000000e+00 0.000000000000000000e+00 1.327507167528586847e-14
2.168000000000000000e+03 0.000000000000000000e+00 0.000000000000000000e+00 1.326431248549370931e-14
2.169000000000000000e+03 0.000000000000000000e+00 0.000000000000000000e+00 1.325357197908817714e-14
2.170000000000000000e+03 0.000000000000000000e+00 0.000000000000000000e+00 1.324284998589916675e-14
2.171000000000000000e+03 0.000000000000000000e+00 0.000000000000000000e+00 1.323214644529813746e-14
2.172000000000000000e+03 0.000000000000000000e+00 0.000000000000000000e+00 1.322146118876455691e-14
2.173000000000000000e+03 0.000000000000000000e+00 0.000000000000000000e+00 1.321079415187442688e-14
2.174000000000000000e+03 0.000000000000000000e+00 0.000000000000000000e+00 1.320014516589813216e-14
2.175000000000000000e+03 0.000000000000000000e+00 0.000000000000000000e+00 1.318951416668984740e-14
2.176000000000000000e+03 0.000000000000000000e+00 0.000000000000000000e+00 1.317890098006079066e-14
2.177000000000000000e+03 0.000000000000000000e+00 0.000000000000000000e+00 1.316830554067582306e-14
2.178000000000000000e+03 0.000000000000000000e+00 0.000000000000000000e+00 1.315772767585942979e-14
2.179000000000000000e+03 0.000000000000000000e+00 0.000000000000000000e+00 1.314716731645037668e-14
2.180000000000000000e+03 0.000000000000000000e+00 0.000000000000000000e+00 1.313662428535141474e-14
2.181000000000000000e+03 0.000000000000000000e+00 0.000000000000000000e+00 1.312609851592138906e-14
2.182000000000000000e+03 0.000000000000000000e+00 0.000000000000000000e+00 1.311558983070440923e-14
2.183000000000000000e+03 0.000000000000000000e+00 0.000000000000000000e+00 1.310509816017909611e-14
2.184000000000000000e+03 0.000000000000000000e+00 0.000000000000000000e+00 1.309462332694427783e-14
2.185000000000000000e+03 0.000000000000000000e+00 0.000000000000000000e+00 1.308416526022563378e-14
2.186000000000000000e+03 0.000000000000000000e+00 0.000000000000000000e+00 1.307372378254025506e-14
2.187000000000000000e+03 0.000000000000000000e+00 0.000000000000000000e+00 1.306329882217794803e-14
2.188000000000000000e+03 0.000000000000000000e+00 0.000000000000000000e+00 1.305289020157339150e-14
2.189000000000000000e+03 0.000000000000000000e+00 0.000000000000000000e+00 1.304249784830578278e-14
2.190000000000000000e+03 0.000000000000000000e+00 0.000000000000000000e+00 1.303212158262514978e-14
2.191000000000000000e+03 0.000000000000000000e+00 0.000000000000000000e+00 1.302176133146341839e-14
2.192000000000000000e+03 0.000000000000000000e+00 0.000000000000000000e+00 1.301141691396530409e-14
2.193000000000000000e+03 0.000000000000000000e+00 0.000000000000000000e+00 1.300108825681244454e-14
2.194000000000000000e+03 0.000000000000000000e+00 0.000000000000000000e+00 1.299077517853557846e-14
2.195000000000000000e+03 0.000000000000000000e+00 0.000000000000000000e+00 1.298047760555161916e-14
2.196000000000000000e+03 0.000000000000000000e+00 0.000000000000000000e+00 1.297019535594884432e-14
2.197000000000000000e+03 0.000000000000000000e+00 0.000000000000000000e+00 1.295992835610754044e-14
2.198000000000000000e+03 0.000000000000000000e+00 0.000000000000000000e+00 1.294967642613587932e-14
2.199000000000000000e+03 0.000000000000000000e+00 0.000000000000000000e+00 1.293943949239705599e-14
2.200000000000000000e+03 0.000000000000000000e+00 0.000000000000000000e+00 1.292921737369267561e-14
2.201000000000000000e+03 0.000000000000000000e+00 0.000000000000000000e+00 1.291900999649143390e-14
2.202000000000000000e+03 0.000000000000000000e+00 0.000000000000000000e+00 1.290881718165418955e-14
2.203000000000000000e+03 0.000000000000000000e+00 0.000000000000000000e+00 1.289863885318430755e-14
2.204000000000000000e+03 0.000000000000000000e+00 0.000000000000000000e+00 1.288847483324711644e-14
2.205000000000000000e+03 0.000000000000000000e+00 0.000000000000000000e+00 1.287832504475206937e-14
2.206000000000000000e+03 0.000000000000000000e+00 0.000000000000000000e+00 1.286818931048603208e-14
2.207000000000000000e+03 0.000000000000000000e+00 0.000000000000000000e+00 1.285806755276188008e-14
2.208000000000000000e+03 0.000000000000000000e+00 0.000000000000000000e+00 1.284795959538227953e-14
2.209000000000000000e+03 0.000000000000000000e+00 0.000000000000000000e+00 1.283786536003271538e-14
2.210000000000000000e+03 0.000000000000000000e+00 0.000000000000000000e+00 1.282778467108019069e-14
2.211000000000000000e+03 0.000000000000000000e+00 0.000000000000000000e+00 1.281771745421718730e-14
2.212000000000000000e+03 0.000000000000000000e+00 0.000000000000000000e+00 1.280766353234983253e-14
2.213000000000000000e+03 0.000000000000000000e+00 0.000000000000000000e+00 1.279762283325165641e-14
2.214000000000000000e+03 0.000000000000000000e+00 0.000000000000000000e+00 1.278759518351770338e-14
2.215000000000000000e+03 0.000000000000000000e+00 0.000000000000000000e+00 1.277758051016384834e-14
2.216000000000000000e+03 0.000000000000000000e+00 0.000000000000000000e+00 1.276757864155182127e-14
2.217000000000000000e+03 0.000000000000000000e+00 0.000000000000000000e+00 1.275758950896747651e-14
2.218000000000000000e+03 0.000000000000000000e+00 0.000000000000000000e+00 1.274761294012586428e-14
2.219000000000000000e+03 0.000000000000000000e+00 0.000000000000000000e+00 1.273764886825577807e-14
2.220000000000000000e+03 0.000000000000000000e+00 0.000000000000000000e+00 1.272769712347176998e-14
2.221000000000000000e+03 0.000000000000000000e+00 0.000000000000000000e+00 1.271775764058296962e-14
2.222000000000000000e+03 0.000000000000000000e+00 0.000000000000000000e+00 1.270783025079752379e-14
2.223000000000000000e+03 0.000000000000000000e+00 0.000000000000000000e+00 1.269791489222614377e-14
2.224000000000000000e+03 0.000000000000000000e+00 0.000000000000000000e+00 1.268801139692241123e-14
2.225000000000000000e+03 0.000000000000000000e+00 0.000000000000000000e+00 1.267811970492297509e-14
2.226000000000000000e+03 0.000000000000000000e+00 0.000000000000000000e+00 1.266823965326351697e-14
2.227000000000000000e+03 0.000000000000000000e+00 0.000000000000000000e+00 1.265837118129677809e-14
2.228000000000000000e+03 0.000000000000000000e+00 0.000000000000000000e+00 1.264851413074690864e-14
2.229000000000000000e+03 0.000000000000000000e+00 0.000000000000000000e+00 1.263866844307322875e-14
2.230000000000000000e+03 0.000000000000000000e+00 0.000000000000000000e+00 1.262883396270222156e-14
2.231000000000000000e+03 0.000000000000000000e+00 0.000000000000000000e+00 1.261901063418369128e-14
2.232000000000000000e+03 0.000000000000000000e+00 0.000000000000000000e+00 1.260919830400204301e-14
2.233000000000000000e+03 0.000000000000000000e+00 0.000000000000000000e+00 1.259939692042187270e-14
2.234000000000000000e+03 0.000000000000000000e+00 0.000000000000000000e+00 1.258960633359721810e-14
2.235000000000000000e+03 0.000000000000000000e+00 0.000000000000000000e+00 1.257982649603611731e-14
2.236000000000000000e+03 0.000000000000000000e+00 0.000000000000000000e+00 1.257005725984017469e-14
2.237000000000000000e+03 0.000000000000000000e+00 0.000000000000000000e+00 1.256029857965080959e-14
2.238000000000000000e+03 0.000000000000000000e+00 0.000000000000000000e+00 1.255055031333690010e-14
2.239000000000000000e+03 0.000000000000000000e+00 0.000000000000000000e+00 1.254081241694288780e-14
2.240000000000000000e+03 0.000000000000000000e+00 0.000000000000000000e+00 1.253108475093769058e-14
2.241000000000000000e+03 0.000000000000000000e+00 0.000000000000000000e+00 1.252136727441794596e-14
2.242000000000000000e+03 0.000000000000000000e+00 0.000000000000000000e+00 1.251165984959273428e-14
2.243000000000000000e+03 0.000000000000000000e+00 0.000000000000000000e+00 1.250196244077018273e-14
2.244000000000000000e+03 0.000000000000000000e+00 0.000000000000000000e+00 1.249227491452191130e-14
2.245000000000000000e+03 0.000000000000000000e+00 0.000000000000000000e+00 1.248259723678467103e-14
2.246000000000000000e+03 0.000000000000000000e+00 0.000000000000000000e+00 1.247292927761677454e-14
2.247000000000000000e+03 0.000000000000000000e+00 0.000000000000000000e+00 1.246327100848025719e-14
2.248000000000000000e+03 0.000000000000000000e+00 0.000000000000000000e+00 1.245362230362440189e-14
2.249000000000000000e+03 0.000000000000000000e+00 0.000000000000000000e+00 1.244398313725041520e-14
2.250000000000000000e+03 0.000000000000000000e+00 0.000000000000000000e+00 1.243435338887093097e-14
2.251000000000000000e+03 0.000000000000000000e+00 0.000000000000000000e+00 1.242473303849896542e-14
2.252000000000000000e+03 0.000000000000000000e+00 0.000000000000000000e+00 1.241512196863764206e-14
2.253000000000000000e+03 0.000000000000000000e+00 0.000000000000000000e+00 1.240552016509310654e-14
2.254000000000000000e+03 0.000000000000000000e+00 0.000000000000000000e+00 1.239592751107155780e-14
2.255000000000000000e+03 0.000000000000000000e+00 0.000000000000000000e+00 1.238634399904179127e-14
2.256000000000000000e+03 0.000000000000000000e+00 0.000000000000000000e+00 1.237676951760128012e-14
2.257000000000000000e+03 0.000000000000000000e+00 0.000000000000000000e+00 1.236720405972985491e-14
2.258000000000000000e+03 0.000000000000000000e+00 0.000000000000000000e+00 1.235764752248253383e-14
2.259000000000000000e+03 0.000000000000000000e+00 0.000000000000000000e+00 1.234809990386084348e-14
2.260000000000000000e+03 0.000000000000000000e+00 0.000000000000000000e+00 1.233856110403903377e-14
2.261000000000000000e+03 0.000000000000000000e+00 0.000000000000000000e+00 1.232903112596954287e-14
2.262000000000000000e+03 0.000000000000000000e+00 0.000000000000000000e+00 1.231950987602048674e-14
2.263000000000000000e+03 0.000000000000000000e+00 0.000000000000000000e+00 1.230999736257157191e-14
2.264000000000000000e+03 0.000000000000000000e+00 0.000000000000000000e+00 1.230049349734436581e-14
2.265000000000000000e+03 0.000000000000000000e+00 0.000000000000000000e+00 1.229099829218616298e-14
2.266000000000000000e+03 0.000000000000000000e+00 0.000000000000000000e+00 1.228151166255982677e-14
2.267000000000000000e+03 0.000000000000000000e+00 0.000000000000000000e+00 1.227203362844802748e-14
2.268000000000000000e+03 0.000000000000000000e+00 0.000000000000000000e+00 1.226256410809814339e-14
2.269000000000000000e+03 0.000000000000000000e+00 0.000000000000000000e+00 1.225310312297199686e-14
2.270000000000000000e+03 0.000000000000000000e+00 0.000000000000000000e+00 1.224365059685869825e-14
2.271000000000000000e+03 0.000000000000000000e+00 0.000000000000000000e+00 1.223420655633387967e-14
2.272000000000000000e+03 0.000000000000000000e+00 0.000000000000000000e+00 1.222477092900333881e-14
2.273000000000000000e+03 0.000000000000000000e+00 0.000000000000000000e+00 1.221534374645610502e-14
2.274000000000000000e+03 0.000000000000000000e+00 0.000000000000000000e+00 1.220592494346504554e-14
2.275000000000000000e+03 0.000000000000000000e+00 0.000000000000000000e+00 1.219651455317986580e-14
2.276000000000000000e+03 0.000000000000000000e+00 0.000000000000000000e+00 1.218711251838981704e-14
2.277000000000000000e+03 0.000000000000000000e+00 0.000000000000000000e+00 1.217771887695063964e-14
2.278000000000000000e+03 0.000000000000000000e+00 0.000000000000000000e+00 1.216833357295667790e-14
2.279000000000000000e+03 0.000000000000000000e+00 0.000000000000000000e+00 1.215895665264231216e-14
2.280000000000000000e+03 0.000000000000000000e+00 0.000000000000000000e+00 1.214958806498753583e-14
2.281000000000000000e+03 0.000000000000000000e+00 0.000000000000000000e+00 1.214022785852564978e-14
2.282000000000000000e+03 0.000000000000000000e+00 0.000000000000000000e+00 1.213087599092624374e-14
2.283000000000000000e+03 0.000000000000000000e+00 0.000000000000000000e+00 1.212153251243606865e-14
2.284000000000000000e+03 0.000000000000000000e+00 0.000000000000000000e+00 1.211219738605927883e-14
2.285000000000000000e+03 0.000000000000000000e+00 0.000000000000000000e+00 1.210287066689875197e-14
2.286000000000000000e+03 0.000000000000000000e+00 0.000000000000000000e+00 1.209355231934089708e-14
2.287000000000000000e+03 0.000000000000000000e+00 0.000000000000000000e+00 1.208424240595141957e-14
2.288000000000000000e+03 0.000000000000000000e+00 0.000000000000000000e+00 1.207494089599877558e-14
2.289000000000000000e+03 0.000000000000000000e+00 0.000000000000000000e+00 1.206564785642392976e-14
2.290000000000000000e+03 0.000000000000000000e+00 0.000000000000000000e+00 1.205636326088790983e-14
2.291000000000000000e+03 0.000000000000000000e+00 0.000000000000000000e+00 1.204708717863463994e-14
2.292000000000000000e+03 0.000000000000000000e+00 0.000000000000000000e+00 1.203781958801115200e-14
2.293000000000000000e+03 0.000000000000000000e+00 0.000000000000000000e+00 1.202856056270324080e-14
2.294000000000000000e+03 0.000000000000000000e+00 0.000000000000000000e+00 1.201931008720007394e-14
2.295000000000000000e+03 0.000000000000000000e+00 0.000000000000000000e+00 1.201006824070857168e-14
2.296000000000000000e+03 0.000000000000000000e+00 0.000000000000000000e+00 1.200083501075961516e-14
2.297000000000000000e+03 0.000000000000000000e+00 0.000000000000000000e+00 1.199161047834002202e-14
2.298000000000000000e+03 0.000000000000000000e+00 0.000000000000000000e+00 1.198239463874434899e-14
2.299000000000000000e+03 0.000000000000000000e+00 0.000000000000000000e+00 1.197318757626479612e-14
2.300000000000000000e+03 0.000000000000000000e+00 0.000000000000000000e+00 1.196398929025221452e-14
2.301000000000000000e+03 0.000000000000000000e+00 0.000000000000000000e+00 1.195479987053801511e-14
2.302000000000000000e+03 0.000000000000000000e+00 0.000000000000000000e+00 1.194561931679211957e-14
2.303000000000000000e+03 0.000000000000000000e+00 0.000000000000000000e+00 1.193644772467951002e-14
2.304000000000000000e+03 0.000000000000000000e+00 0.000000000000000000e+00 1.192728509874844761e-14
2.305000000000000000e+03 0.000000000000000000e+00 0.000000000000000000e+00 1.191813153463673979e-14
2.306000000000000000e+03 0.000000000000000000e+00 0.000000000000000000e+00 1.190898704164543212e-14
2.307000000000000000e+03 0.000000000000000000e+00 0.000000000000000000e+00 1.189985172108297662e-14
2.308000000000000000e+03 0.000000000000000000e+00 0.000000000000000000e+00 1.189072558274627000e-14
2.309000000000000000e+03 0.000000000000000000e+00 0.000000000000000000e+00 1.188160873594220012e-14
2.310000000000000000e+03 0.000000000000000000e+00 0.000000000000000000e+00 1.187250119250647943e-14
2.311000000000000000e+03 0.000000000000000000e+00 0.000000000000000000e+00 1.186340306551804150e-14
2.312000000000000000e+03 0.000000000000000000e+00 0.000000000000000000e+00 1.185431437233165900e-14
2.313000000000000000e+03 0.000000000000000000e+00 0.000000000000000000e+00 1.184523522874919402e-14
2.314000000000000000e+03 0.000000000000000000e+00 0.000000000000000000e+00 1.183616565613561102e-14
2.315000000000000000e+03 0.000000000000000000e+00 0.000000000000000000e+00 1.182710577527887789e-14
2.316000000000000000e+03 0.000000000000000000e+00 0.000000000000000000e+00 1.181805561037056918e-14
2.317000000000000000e+03 0.000000000000000000e+00 0.000000000000000000e+00 1.180901528441211759e-14
2.318000000000000000e+03 0.000000000000000000e+00 0.000000000000000000e+00 1.179998482705789791e-14
2.319000000000000000e+03 0.000000000000000000e+00 0.000000000000000000e+00 1.179096436391704407e-14
2.320000000000000000e+03 0.000000000000000000e+00 0.000000000000000000e+00 1.178195392872292232e-14
2.321000000000000000e+03 0.000000000000000000e+00 0.000000000000000000e+00 1.177295364847724589e-14
2.322000000000000000e+03 0.000000000000000000e+00 0.000000000000000000e+00 1.176396356208389886e-14
2.323000000000000000e+03 0.000000000000000000e+00 0.000000000000000000e+00 1.175498380146424345e-14
2.324000000000000000e+03 0.000000000000000000e+00 0.000000000000000000e+00 1.174601440654924958e-14
2.325000000000000000e+03 0.000000000000000000e+00 0.000000000000000000e+00 1.173705551314375810e-14
2.326000000000000000e+03 0.000000000000000000e+00 0.000000000000000000e+00 1.172810716617908525e-14
2.327000000000000000e+03 0.000000000000000000e+00 0.000000000000000000e+00 1.171916950511303742e-14
2.328000000000000000e+03 0.000000000000000000e+00 0.000000000000000000e+00 1.171024257655891012e-14
2.329000000000000000e+03 0.000000000000000000e+00 0.000000000000000000e+00 1.170132652307101440e-14
2.330000000000000000e+03 0.000000000000000000e+00 0.000000000000000000e+00 1.169242139333617928e-14
2.331000000000000000e+03 0.000000000000000000e+00 0.000000000000000000e+00 1.168352733195088422e-14
2.332000000000000000e+03 0.000000000000000000e+00 0.000000000000000000e+00 1.167464438964401145e-14
2.333000000000000000e+03 0.000000000000000000e+00 0.000000000000000000e+00 1.166577271419025217e-14
2.334000000000000000e+03 0.000000000000000000e+00 0.000000000000000000e+00 1.165691235757001012e-14
2.335000000000000000e+03 0.000000000000000000e+00 0.000000000000000000e+00 1.164806346880084737e-14
2.336000000000000000e+03 0.000000000000000000e+00 0.000000000000000000e+00 1.163922610634738815e-14
2.337000000000000000e+03 0.000000000000000000e+00 0.000000000000000000e+00 1.163040041997328655e-14
2.338000000000000000e+03 0.000000000000000000e+00 0.000000000000000000e+00 1.162158646910874043e-14
2.339000000000000000e+03 0.000000000000000000e+00 0.000000000000000000e+00 1.161278440681045484e-14
2.340000000000000000e+03 0.000000000000000000e+00 0.000000000000000000e+00 1.160399429675170061e-14
2.341000000000000000e+03 0.000000000000000000e+00 0.000000000000000000e+00 1.159521629346272129e-14
2.342000000000000000e+03 0.000000000000000000e+00 0.000000000000000000e+00 1.158645046168645630e-14
2.343000000000000000e+03 0.000000000000000000e+00 0.000000000000000000e+00 1.157769695830121419e-14
2.344000000000000000e+03 0.000000000000000000e+00 0.000000000000000000e+00 1.156895585167359218e-14
2.345000000000000000e+03 0.000000000000000000e+00 0.000000000000000000e+00 1.156022729912167615e-14
2.346000000000000000e+03 0.000000000000000000e+00 0.000000000000000000e+00 1.155151137251678457e-14
2.347000000000000000e+03 0.000000000000000000e+00 0.000000000000000000e+00 1.154280823031911931e-14
2.348000000000000000e+03 0.000000000000000000e+00 0.000000000000000000e+00 1.153411794440654954e-14
2.349000000000000000e+03 0.000000000000000000e+00 0.000000000000000000e+00 1.152544067748007028e-14
2.350000000000000000e+03 0.000000000000000000e+00 0.000000000000000000e+00 1.151677650047050898e-14
2.351000000000000000e+03 0.000000000000000000e+00 0.000000000000000000e+00 1.150812557876301829e-14
2.352000000000000000e+03 0.000000000000000000e+00 0.000000000000000000e+00 1.149948798700072302e-14
2.353000000000000000e+03 0.000000000000000000e+00 0.000000000000000000e+00 1.149086388906906762e-14
2.354000000000000000e+03 0.000000000000000000e+00 0.000000000000000000e+00 1.148225336142428851e-14
2.355000000000000000e+03 0.000000000000000000e+00 0.000000000000000000e+00 1.147365656877352027e-14
2.356000000000000000e+03 0.000000000000000000e+00 0.000000000000000000e+00 1.146507359047213729e-14
2.357000000000000000e+03 0.000000000000000000e+00 0.000000000000000000e+00 1.145650459254800401e-14
2.358000000000000000e+03 0.000000000000000000e+00 0.000000000000000000e+00 1.144794965333425575e-14
2.359000000000000000e+03 0.000000000000000000e+00 0.000000000000000000e+00 1.143940894283881264e-14
2.360000000000000000e+03 0.000000000000000000e+00 0.000000000000000000e+00 1.143088254136431641e-14
2.361000000000000000e+03 0.000000000000000000e+00 0.000000000000000000e+00 1.142237061919286528e-14
2.362000000000000000e+03 0.000000000000000000e+00 0.000000000000000000e+00 1.141387325709827025e-14
2.363000000000000000e+03 0.000000000000000000e+00 0.000000000000000000e+00 1.140539062627622669e-14
2.364000000000000000e+03 0.000000000000000000e+00 0.000000000000000000e+00 1.139692280886008426e-14
2.365000000000000000e+03 0.000000000000000000e+00 0.000000000000000000e+00 1.138846997394575155e-14
2.366000000000000000e+03 0.000000000000000000e+00 0.000000000000000000e+00 1.138003220642072355e-14
2.367000000000000000e+03 0.000000000000000000e+00 0.000000000000000000e+00 1.137160967594743246e-14
2.368000000000000000e+03 0.000000000000000000e+00 0.000000000000000000e+00 1.136320246449780650e-14
2.369000000000000000e+03 0.000000000000000000e+00 0.000000000000000000e+00 1.135481074427510415e-14
2.370000000000000000e+03 0.000000000000000000e+00 0.000000000000000000e+00 1.134643459764653921e-14
2.371000000000000000e+03 0.000000000000000000e+00 0.000000000000000000e+00 1.133807419565783514e-14
2.372000000000000000e+03 0.000000000000000000e+00 0.000000000000000000e+00 1.132972962260148545e-14
2.373000000000000000e+03 0.000000000000000000e+00 0.000000000000000000e+00 1.132140104845646696e-14
2.374000000000000000e+03 0.000000000000000000e+00 0.000000000000000000e+00 1.131308855765122232e-14
2.375000000000000000e+03 0.000000000000000000e+00 0.000000000000000000e+00 1.130479232249922022e-14
2.376000000000000000e+03 0.000000000000000000e+00 0.000000000000000000e+00 1.129651242437833243e-14
2.377000000000000000e+03 0.000000000000000000e+00 0.000000000000000000e+00 1.128824903677715112e-14
2.378000000000000000e+03 0.000000000000000000e+00 0.000000000000000000e+00 1.128000224254021561e-14
2.379000000000000000e+03 0.000000000000000000e+00 0.000000000000000000e+00 1.127177221254092427e-14
2.380000000000000000e+03 0.000000000000000000e+00 0.000000000000000000e+00 1.126355902926716610e-14
2.381000000000000000e+03 0.000000000000000000e+00 0.000000000000000000e+00 1.125536286381884825e-14
2.382000000000000000e+03 0.000000000000000000e+00 0.000000000000000000e+00 1.124718379670043147e-14
2.383000000000000000e+03 0.000000000000000000e+00 0.000000000000000000e+00 1.123902199917599750e-14
2.384000000000000000e+03 0.000000000000000000e+00 0.000000000000000000e+00 1.123087755055290593e-14
2.385000000000000000e+03 0.000000000000000000e+00 0.000000000000000000e+00 1.122275062130414512e-14
2.386000000000000000e+03 0.000000000000000000e+00 0.000000000000000000e+00 1.121464129025471146e-14
2.387000000000000000e+03 0.000000000000000000e+00 0.000000000000000000e+00 1.120654972669126166e-14
2.388000000000000000e+03 0.000000000000000000e+00 0.000000000000000000e+00 1.119847601023227735e-14
2.389000000000000000e+03 0.000000000000000000e+00 0.000000000000000000e+00 1.119042030930584427e-14
2.390000000000000000e+03 0.000000000000000000e+00 0.000000000000000000e+00 1.118238270148684936e-14
2.391000000000000000e+03 0.000000000000000000e+00 0.000000000000000000e+00 1.117436335279371598e-14
2.392000000000000000e+03 0.000000000000000000e+00 0.000000000000000000e+00 1.116636234117045328e-14
2.393000000000000000e+03 0.000000000000000000e+00 0.000000000000000000e+00 1.115837983104349389e-14
2.394000000000000000e+03 0.000000000000000000e+00 0.000000000000000000e+00 1.115041589705191419e-14
2.395000000000000000e+03 0.000000000000000000e+00 0.000000000000000000e+00 1.114247070025330527e-14
2.396000000000000000e+03 0.000000000000000000e+00 0.000000000000000000e+00 1.113454431397161932e-14
2.397000000000000000e+03 0.000000000000000000e+00 0.000000000000000000e+00 1.112663689716014044e-14
2.398000000000000000e+03 0.000000000000000000e+00 0.000000000000000000e+00 1.111874852091339260e-14
2.399000000000000000e+03 0.000000000000000000e+00 0.000000000000000000e+00 1.111087934397332250e-14
2.400000000000000000e+03 0.000000000000000000e+00 0.000000000000000000e+00 1.110302943493916087e-14
2.401000000000000000e+03 0.000000000000000000e+00 0.000000000000000000e+00 1.109519894982216502e-14
2.402000000000000000e+03 0.000000000000000000e+00 0.000000000000000000e+00 1.108738795499495372e-14
2.403000000000000000e+03 0.000000000000000000e+00 0.000000000000000000e+00 1.107959660682877308e-14
2.404000000000000000e+03 0.000000000000000000e+00 0.000000000000000000e+00 1.107182496909511660e-14
2.405000000000000000e+03 0.000000000000000000e+00 0.000000000000000000e+00 1.106407319481994581e-14
2.406000000000000000e+03 0.000000000000000000e+00 0.000000000000000000e+00 1.105634134803424842e-14
2.407000000000000000e+03 0.000000000000000000e+00 0.000000000000000000e+00 1.104862957843492827e-14
2.408000000000000000e+03 0.000000000000000000e+00 0.000000000000000000e+00 1.104093794719191340e-14
2.409000000000000000e+03 0.000000000000000000e+00 0.000000000000000000e+00 1.103326660243728530e-14
2.410000000000000000e+03 0.000000000000000000e+00 0.000000000000000000e+00 1.102561560228461088e-14
2.411000000000000000e+03 0.000000000000000000e+00 0.000000000000000000e+00 1.101798509258729800e-14
2.412000000000000000e+03 0.000000000000000000e+00 0.000000000000000000e+00 1.101037512962657429e-14
2.413000000000000000e+03 0.000000000000000000e+00 0.000000000000000000e+00 1.100278585629241273e-14
2.414000000000000000e+03 0.000000000000000000e+00 0.000000000000000000e+00 1.099521732755544164e-14
2.415000000000000000e+03 0.000000000000000000e+00 0.000000000000000000e+00 1.098766968205715102e-14
2.416000000000000000e+03 0.000000000000000000e+00 0.000000000000000000e+00 1.098014297140043995e-14
2.417000000000000000e+03 0.000000000000000000e+00 0.000000000000000000e+00 1.097263733419126181e-14
2.418000000000000000e+03 0.000000000000000000e+00 0.000000000000000000e+00 1.096515281780466931e-14
2.419000000000000000e+03 0.000000000000000000e+00 0.000000000000000000e+00 1.095768955736326482e-14
2.420000000000000000e+03 0.000000000000000000e+00 0.000000000000000000e+00 1.095024759789069444e-14
2.421000000000000000e+03 0.000000000000000000e+00 0.000000000000000000e+00 1.094282707271315544e-14
2.422000000000000000e+03 0.000000000000000000e+00 0.000000000000000000e+00 1.093542802623536155e-14
2.423000000000000000e+03 0.000000000000000000e+00 0.000000000000000000e+00 1.092805058674933421e-14
2.424000000000000000e+03 0.000000000000000000e+00 0.000000000000000000e+00 1.092069479568335183e-14
2.425000000000000000e+03 0.000000000000000000e+00 0.000000000000000000e+00 1.091336077969473939e-14
2.426000000000000000e+03 0.000000000000000000e+00 0.000000000000000000e+00 1.090604857732620097e-14
2.427000000000000000e+03 0.000000000000000000e+00 0.000000000000000000e+00 1.089875831015488567e-14
2.428000000000000000e+03 0.000000000000000000e+00 0.000000000000000000e+00 1.089149001328743563e-14
2.429000000000000000e+03 0.000000000000000000e+00 0.000000000000000000e+00 1.088424380473433733e-14
2.430000000000000000e+03 0.000000000000000000e+00 0.000000000000000000e+00 1.087701971544652470e-14
2.431000000000000000e+03 0.000000000000000000e+00 0.000000000000000000e+00 1.086981785886503740e-14
2.432000000000000000e+03 0.000000000000000000e+00 0.000000000000000000e+00 1.086263826284761792e-14
2.433000000000000000e+03 0.000000000000000000e+00 0.000000000000000000e+00 1.085548103690366104e-14
2.434000000000000000e+03 0.000000000000000000e+00 0.000000000000000000e+00 1.084834620532477201e-14
2.435000000000000000e+03 0.000000000000000000e+00 0.000000000000000000e+00 1.084123387435845783e-14
2.436000000000000000e+03 0.000000000000000000e+00 0.000000000000000000e+00 1.083414406404763567e-14
2.437000000000000000e+03 0.000000000000000000e+00 0.000000000000000000e+00 1.082707687736681600e-14
2.438000000000000000e+03 0.000000000000000000e+00 0.000000000000000000e+00 1.082003232987109579e-14
2.439000000000000000e+03 0.000000000000000000e+00 0.000000000000000000e+00 1.081301052231209695e-14
2.440000000000000000e+03 0.000000000000000000e+00 0.000000000000000000e+00 1.080601146599465221e-14
2.441000000000000000e+03 0.000000000000000000e+00 0.000000000000000000e+00 1.079903525766896860e-14
2.442000000000000000e+03 0.000000000000000000e+00 0.000000000000000000e+00 1.079208190503538089e-14
2.443000000000000000e+03 0.000000000000000000e+00 0.000000000000000000e+00 1.078515149876283207e-14
2.444000000000000000e+03 0.000000000000000000e+00 0.000000000000000000e+00 1.077824404414864302e-14
2.445000000000000000e+03 0.000000000000000000e+00 0.000000000000000000e+00 1.077135962755662723e-14
2.446000000000000000e+03 0.000000000000000000e+00 0.000000000000000000e+00 1.076449825028981094e-14
2.447000000000000000e+03 0.000000000000000000e+00 0.000000000000000000e+00 1.075765999541685043e-14
2.448000000000000000e+03 0.000000000000000000e+00 0.000000000000000000e+00 1.075084485877650286e-14
2.449000000000000000e+03 0.000000000000000000e+00 0.000000000000000000e+00 1.074405291752448603e-14
2.450000000000000000e+03 0.000000000000000000e+00 0.000000000000000000e+00 1.073728416542632809e-14
2.451000000000000000e+03 0.000000000000000000e+00 0.000000000000000000e+00 1.073053867543606068e-14
2.452000000000000000e+03 0.000000000000000000e+00 0.000000000000000000e+00 1.072381643610090493e-14
2.453000000000000000e+03 0.000000000000000000e+00 0.000000000000000000e+00 1.071711751633736353e-14
2.454000000000000000e+03 0.000000000000000000e+00 0.000000000000000000e+00 1.071044190109390100e-14
2.455000000000000000e+03 0.000000000000000000e+00 0.000000000000000000e+00 1.070378965411959928e-14
2.456000000000000000e+03 0.000000000000000000e+00 0.000000000000000000e+00 1.069716075778670826e-14
2.457000000000000000e+03 0.000000000000000000e+00 0.000000000000000000e+00 1.069055527339815795e-14
2.458000000000000000e+03 0.000000000000000000e+00 0.000000000000000000e+00 1.068397317596588145e-14
2.459000000000000000e+03 0.000000000000000000e+00 0.000000000000000000e+00 1.067741452470449040e-14
2.460000000000000000e+03 0.000000000000000000e+00 0.000000000000000000e+00 1.067087928962039982e-14
2.461000000000000000e+03 0.000000000000000000e+00 0.000000000000000000e+00 1.066436752653132005e-14
2.462000000000000000e+03 0.000000000000000000e+00 0.000000000000000000e+00 1.065787920113010368e-14
2.463000000000000000e+03 0.000000000000000000e+00 0.000000000000000000e+00 1.065141436358114616e-14
2.464000000000000000e+03 0.000000000000000000e+00 0.000000000000000000e+00 1.064497297487257939e-14
2.465000000000000000e+03 0.000000000000000000e+00 0.000000000000000000e+00 1.063855508241458722e-14
2.466000000000000000e+03 0.000000000000000000e+00 0.000000000000000000e+00 1.063216064056245021e-14
2.467000000000000000e+03 0.000000000000000000e+00 0.000000000000000000e+00 1.062578969071224861e-14
2.468000000000000000e+03 0.000000000000000000e+00 0.000000000000000000e+00 1.061944218461893764e-14
2.469000000000000000e+03 0.000000000000000000e+00 0.000000000000000000e+00 1.061311815902697983e-14
2.470000000000000000e+03 0.000000000000000000e+00 0.000000000000000000e+00 1.060681756220929046e-14
2.471000000000000000e+03 0.000000000000000000e+00 0.000000000000000000e+00 1.060054042573347025e-14
2.472000000000000000e+03 0.000000000000000000e+00 0.000000000000000000e+00 1.059428669431058076e-14
2.473000000000000000e+03 0.000000000000000000e+00 0.000000000000000000e+00 1.058805639455056009e-14
2.474000000000000000e+03 0.000000000000000000e+00 0.000000000000000000e+00 1.058184946816269470e-14
2.475000000000000000e+03 0.000000000000000000e+00 0.000000000000000000e+00 1.057566593693308400e-14
2.476000000000000000e+03 0.000000000000000000e+00 0.000000000000000000e+00 1.056950573716848478e-14
2.477000000000000000e+03 0.000000000000000000e+00 0.000000000000000000e+00 1.056336888764782081e-14
2.478000000000000000e+03 0.000000000000000000e+00 0.000000000000000000e+00 1.055725531998924462e-14
2.479000000000000000e+03 0.000000000000000000e+00 0.000000000000000000e+00 1.055116504781153885e-14
2.480000000000000000e+03 0.000000000000000000e+00 0.000000000000000000e+00 1.054509799685807792e-14
2.481000000000000000e+03 0.000000000000000000e+00 0.000000000000000000e+00 1.053905417652727177e-14
2.482000000000000000e+03 0.000000000000000000e+00 0.000000000000000000e+00 1.053303350924028598e-14
2.483000000000000000e+03 0.000000000000000000e+00 0.000000000000000000e+00 1.052703599914765541e-14
2.484000000000000000e+03 0.000000000000000000e+00 0.000000000000000000e+00 1.052106156423366219e-14
2.485000000000000000e+03 0.000000000000000000e+00 0.000000000000000000e+00 1.051511020477862961e-14
2.486000000000000000e+03 0.000000000000000000e+00 0.000000000000000000e+00 1.050918183442666435e-14
2.487000000000000000e+03 0.000000000000000000e+00 0.000000000000000000e+00 1.050327644747999291e-14
2.488000000000000000e+03 0.000000000000000000e+00 0.000000000000000000e+00 1.049739395503447879e-14
2.489000000000000000e+03 0.000000000000000000e+00 0.000000000000000000e+00 1.049153434628346438e-14
2.490000000000000000e+03 0.000000000000000000e+00 0.000000000000000000e+00 1.048569752417198361e-14
2.491000000000000000e+03 0.000000000000000000e+00 0.000000000000000000e+00 1.047988347474553198e-14
2.492000000000000000e+03 0.000000000000000000e+00 0.000000000000000000e+00 1.047409209455799116e-14
2.493000000000000000e+03 0.000000000000000000e+00 0.000000000000000000e+00 1.046832336183597817e-14
2.494000000000000000e+03 0.000000000000000000e+00 0.000000000000000000e+00 1.046257716752289178e-14
2.495000000000000000e+03 0.000000000000000000e+00 0.000000000000000000e+00 1.045685348477336940e-14
2.496000000000000000e+03 0.000000000000000000e+00 0.000000000000000000e+00 1.045115219962211337e-14
2.497000000000000000e+03 0.000000000000000000e+00 0.000000000000000000e+00 1.044547327808016332e-14
2.498000000000000000e+03 0.000000000000000000e+00 0.000000000000000000e+00 1.043981660341578106e-14
2.499000000000000000e+03 0.000000000000000000e+00 0.000000000000000000e+00 1.043418213654844391e-14
2.500000000000000000e+03 0.000000000000000000e+00 0.000000000000000000e+00 1.042856975443271968e-14
2.501000000000000000e+03 0.000000000000000000e+00 0.000000000000000000e+00 1.042297941495371173e-14
2.502000000000000000e+03 0.000000000000000000e+00 0.000000000000000000e+00 1.041741098986854937e-14
2.503000000000000000e+03 0.000000000000000000e+00 0.000000000000000000e+00 1.041186443136326557e-14
2.504000000000000000e+03 0.000000000000000000e+00 0.000000000000000000e+00 1.040633960626975551e-14
2.505000000000000000e+03 0.000000000000000000e+00 0.000000000000000000e+00 1.040083646133024614e-14
2.506000000000000000e+03 0.000000000000000000e+00 0.000000000000000000e+00 1.039535485859437954e-14
2.507000000000000000e+03 0.000000000000000000e+00 0.000000000000000000e+00 1.038989473973704469e-14
2.508000000000000000e+03 0.000000000000000000e+00 0.000000000000000000e+00 1.038445596250406526e-14
2.509000000000000000e+03 0.000000000000000000e+00 0.000000000000000000e+00 1.037903846159740410e-14
2.510000000000000000e+03 0.000000000000000000e+00 0.000000000000000000e+00 1.037364209035802285e-14
2.511000000000000000e+03 0.000000000000000000e+00 0.000000000000000000e+00 1.036826678059147582e-14
2.512000000000000000e+03 0.000000000000000000e+00 0.000000000000000000e+00 1.036291238420163940e-14
2.513000000000000000e+03 0.000000000000000000e+00 0.000000000000000000e+00 1.035757881521396983e-14
2.514000000000000000e+03 0.000000000000000000e+00 0.000000000000000000e+00 1.035226592597937834e-14
2.515000000000000000e+03 0.000000000000000000e+00 0.000000000000000000e+00 1.034697364075666307e-14
2.516000000000000000e+03 0.000000000000000000e+00 0.000000000000000000e+00 1.034170178871133701e-14
2.517000000000000000e+03 0.000000000000000000e+00 0.000000000000000000e+00 1.033645029703584106e-14
2.518000000000000000e+03 0.000000000000000000e+00 0.000000000000000000e+00 1.033121898458951865e-14
2.519000000000000000e+03 0.000000000000000000e+00 0.000000000000000000e+00 1.032600778212480744e-14
2.520000000000000000e+03 0.000000000000000000e+00 0.000000000000000000e+00 1.032081651426768088e-14
2.521000000000000000e+03 0.000000000000000000e+00 0.000000000000000000e+00 1.031564508960118703e-14
2.522000000000000000e+03 0.000000000000000000e+00 0.000000000000000000e+00 1.031049333520085762e-14
2.523000000000000000e+03 0.000000000000000000e+00 0.000000000000000000e+00 1.030536115068637020e-14
2.524000000000000000e+03 0.000000000000000000e+00 0.000000000000000000e+00 1.030024836513291792e-14
2.525000000000000000e+03 0.000000000000000000e+00 0.000000000000000000e+00 1.029515487284868162e-14
2.526000000000000000e+03 0.000000000000000000e+00 0.000000000000000000e+00 1.029008049127946067e-14
2.527000000000000000e+03 0.000000000000000000e+00 0.000000000000000000e+00 1.028502512535436884e-14
2.528000000000000000e+03 0.000000000000000000e+00 0.000000000000000000e+00 1.027998857534885745e-14
2.529000000000000000e+03 0.000000000000000000e+00 0.000000000000000000e+00 1.027497075116437729e-14
2.530000000000000000e+03 0.000000000000000000e+00 0.000000000000000000e+00 1.026997144480794200e-14
2.531000000000000000e+03 0.000000000000000000e+00 0.000000000000000000e+00 1.026499054542208504e-14
2.532000000000000000e+03 0.000000000000000000e+00 0.000000000000000000e+00 1.026002786409646789e-14
2.533000000000000000e+03 0.000000000000000000e+00 0.000000000000000000e+00 1.025508328198245201e-14
2.534000000000000000e+03 0.000000000000000000e+00 0.000000000000000000e+00 1.025015659381665334e-14
2.535000000000000000e+03 0.000000000000000000e+00 0.000000000000000000e+00 1.024524768826468055e-14
2.536000000000000000e+03 0.000000000000000000e+00 0.000000000000000000e+00 1.024035635470451684e-14
2.537000000000000000e+03 0.000000000000000000e+00 0.000000000000000000e+00 1.023548248354228678e-14
2.538000000000000000e+03 0.000000000000000000e+00 0.000000000000000000e+00 1.023062586230362087e-14
2.539000000000000000e+03 0.000000000000000000e+00 0.000000000000000000e+00 1.022578637107300616e-14
2.540000000000000000e+03 0.000000000000000000e+00 0.000000000000000000e+00 1.022096379584754312e-14
2.541000000000000000e+03 0.000000000000000000e+00 0.000000000000000000e+00 1.021615801330460962e-14
2.542000000000000000e+03 0.000000000000000000e+00 0.000000000000000000e+00 1.021136880782556598e-14
2.543000000000000000e+03 0.000000000000000000e+00 0.000000000000000000e+00 1.020659605483416699e-14
2.544000000000000000e+03 0.000000000000000000e+00 0.000000000000000000e+00 1.020183953961948684e-14
2.545000000000000000e+03 0.000000000000000000e+00 0.000000000000000000e+00 1.019709912342509219e-14
2.546000000000000000e+03 0.000000000000000000e+00 0.000000000000000000e+00 1.019237459219939662e-14
2.547000000000000000e+03 0.000000000000000000e+00 0.000000000000000000e+00 1.018766581391684201e-14
2.548000000000000000e+03 0.000000000000000000e+00 0.000000000000000000e+00 1.018297257473139544e-14
2.549000000000000000e+03 0.000000000000000000e+00 0.000000000000000000e+00 1.017829474466615476e-14
2.550000000000000000e+03 0.000000000000000000e+00 0.000000000000000000e+00 1.017363209971727228e-14
2.551000000000000000e+03 0.000000000000000000e+00 0.000000000000000000e+00 1.016898449900925125e-14
2.552000000000000000e+03 0.000000000000000000e+00 0.000000000000000000e+00 1.016435172622733274e-14
2.553000000000000000e+03 0.000000000000000000e+00 0.000000000000000000e+00 1.015973364785988826e-14
2.554000000000000000e+03 0.000000000000000000e+00 0.000000000000000000e+00 1.015513003920046798e-14
2.555000000000000000e+03 0.000000000000000000e+00 0.000000000000000000e+00 1.015054075818550645e-14
2.556000000000000000e+03 0.000000000000000000e+00 0.000000000000000000e+00 1.014596558814064250e-14
2.557000000000000000e+03 0.000000000000000000e+00 0.000000000000000000e+00 1.014140438379681542e-14
2.558000000000000000e+03 0.000000000000000000e+00 0.000000000000000000e+00 1.013685692079997691e-14
2.559000000000000000e+03 0.000000000000000000e+00 0.000000000000000000e+00 1.013232306371484380e-14
2.560000000000000000e+03 0.000000000000000000e+00 0.000000000000000000e+00 1.012780258493990669e-14
2.561000000000000000e+03 0.000000000000000000e+00 0.000000000000000000e+00 1.012329534142665366e-14
2.562000000000000000e+03 0.000000000000000000e+00 0.000000000000000000e+00 1.011880110403411009e-14
2.563000000000000000e+03 0.000000000000000000e+00 0.000000000000000000e+00 1.011431973827834804e-14
2.564000000000000000e+03 0.000000000000000000e+00 0.000000000000000000e+00 1.010985102585227093e-14
2.565000000000000000e+03 0.000000000000000000e+00 0.000000000000000000e+00 1.010539482576203710e-14
2.566000000000000000e+03 0.000000000000000000e+00 0.000000000000000000e+00 1.010095091211073463e-14
2.567000000000000000e+03 0.000000000000000000e+00 0.000000000000000000e+00 1.009651915208579515e-14
2.568000000000000000e+03 0.000000000000000000e+00 0.000000000000000000e+00 1.009209931850625576e-14
2.569000000000000000e+03 0.000000000000000000e+00 0.000000000000000000e+00 1.008769128202897096e-14
2.570000000000000000e+03 0.000000000000000000e+00 0.000000000000000000e+00 1.008329481346310384e-14
2.571000000000000000e+03 0.000000000000000000e+00 0.000000000000000000e+00 1.007890978660273142e-14
2.572000000000000000e+03 0.000000000000000000e+00 0.000000000000000000e+00 1.007453597146755161e-14
2.573000000000000000e+03 0.000000000000000000e+00 0.000000000000000000e+00 1.007017324401928606e-14
2.574000000000000000e+03 0.000000000000000000e+00 0.000000000000000000e+00 1.006582138386926304e-14
2.575000000000000000e+03 0.000000000000000000e+00 0.000000000000000000e+00 1.006148026857691574e-14
2.576000000000000000e+03 0.000000000000000000e+00 0.000000000000000000e+00 1.005714967059949544e-14
2.577000000000000000e+03 0.000000000000000000e+00 0.000000000000000000e+00 1.005282946865515998e-14
2.578000000000000000e+03 0.000000000000000000e+00 0.000000000000000000e+00 1.004851944361937779e-14
2.579000000000000000e+03 0.000000000000000000e+00 0.000000000000000000e+00 1.004421946455741022e-14
2.580000000000000000e+03 0.000000000000000000e+00 0.000000000000000000e+00 1.003992932627018749e-14
2.581000000000000000e+03 0.000000000000000000e+00 0.000000000000000000e+00 1.003564890373985218e-14
2.582000000000000000e+03 0.000000000000000000e+00 0.000000000000000000e+00 1.003137798849472607e-14
2.583000000000000000e+03 0.000000000000000000e+00 0.000000000000000000e+00 1.002711645629881547e-14
2.584000000000000000e+03 0.000000000000000000e+00 0.000000000000000000e+00 1.002286409878469487e-14
2.585000000000000000e+03 0.000000000000000000e+00 0.000000000000000000e+00 1.001862080326468206e-14
2.586000000000000000e+03 0.000000000000000000e+00 0.000000000000000000e+00 1.001438636075405683e-14
2.587000000000000000e+03 0.000000000000000000e+00 0.000000000000000000e+00 1.001016066405378503e-14
2.588000000000000000e+03 0.000000000000000000e+00 0.000000000000000000e+00 1.000594350308402134e-14
2.589000000000000000e+03 0.000000000000000000e+00 0.000000000000000000e+00 1.000173477353570776e-14
2.590000000000000000e+03 0.000000000000000000e+00 0.000000000000000000e+00 9.997534264498639245e-15
2.591000000000000000e+03 0.000000000000000000e+00 0.000000000000000000e+00 9.993341873989458582e-15
2.592000000000000000e+03 0.000000000000000000e+00 0.000000000000000000e+00 9.989157389322241150e-15
2.593000000000000000e+03 0.000000000000000000e+00 0.000000000000000000e+00 9.984980720575139416e-15
2.594000000000000000e+03 0.000000000000000000e+00 0.000000000000000000e+00 9.980811652638524630e-15
2.595000000000000000e+03 0.000000000000000000e+00 0.000000000000000000e+00 9.976650101844663757e-15
2.596000000000000000e+03 0.000000000000000000e+00 0.000000000000000000e+00 9.972495861225460106e-15
2.597000000000000000e+03 0.000000000000000000e+00 0.000000000000000000e+00 9.968348839625914042e-15
2.598000000000000000e+03 0.000000000000000000e+00 0.000000000000000000e+00 9.964208833717985525e-15
2.599000000000000000e+03 0.000000000000000000e+00 0.000000000000000000e+00 9.960075760013954847e-15
2.600000000000000000e+03 0.000000000000000000e+00 0.000000000000000000e+00 9.955949426383645163e-15
2.601000000000000000e+03 0.000000000000000000e+00 0.000000000000000000e+00 9.951829740776120687e-15
2.602000000000000000e+03 0.000000000000000000e+00 0.000000000000000000e+00 9.947716527526112172e-15
2.603000000000000000e+03 0.000000000000000000e+00 0.000000000000000000e+00 9.943609689870306464e-15
2.604000000000000000e+03 0.000000000000000000e+00 0.000000000000000000e+00 9.939509060347941141e-15
2.605000000000000000e+03 0.000000000000000000e+00 0.000000000000000000e+00 9.935414537946150372e-15
2.606000000000000000e+03 0.000000000000000000e+00 0.000000000000000000e+00 9.931325961187462397e-15
2.607000000000000000e+03 0.000000000000000000e+00 0.000000000000000000e+00 9.927243245718168094e-15
2.608000000000000000e+03 0.000000000000000000e+00 0.000000000000000000e+00 9.923166222828227046e-15
2.609000000000000000e+03 0.000000000000000000e+00 0.000000000000000000e+00 9.919094803617208819e-15
2.610000000000000000e+03 0.000000000000000000e+00 0.000000000000000000e+00 9.915028837233520737e-15
2.611000000000000000e+03 0.000000000000000000e+00 0.000000000000000000e+00 9.910968243932913099e-15
2.612000000000000000e+03 0.000000000000000000e+00 0.000000000000000000e+00 9.906912869375781627e-15
2.613000000000000000e+03 0.000000000000000000e+00 0.000000000000000000e+00 9.902862647477151500e-15
2.614000000000000000e+03 0.000000000000000000e+00 0.000000000000000000e+00 9.898817422999325543e-15
2.615000000000000000e+03 0.000000000000000000e+00 0.000000000000000000e+00 9.894777135228895830e-15
2.616000000000000000e+03 0.000000000000000000e+00 0.000000000000000000e+00 9.890741627679286357e-15
2.617000000000000000e+03 0.000000000000000000e+00 0.000000000000000000e+00 9.886710842718558175e-15
2.618000000000000000e+03 0.000000000000000000e+00 0.000000000000000000e+00 9.882684643467771639e-15
2.619000000000000000e+03 0.000000000000000000e+00 0.000000000000000000e+00 9.878662973086308374e-15
2.620000000000000000e+03 0.000000000000000000e+00 0.000000000000000000e+00 9.874645691338352637e-15
2.621000000000000000e+03 0.000000000000000000e+00 0.000000000000000000e+00 9.870632741973527561e-15
2.622000000000000000e+03 0.000000000000000000e+00 0.000000000000000000e+00 9.866624004377389407e-15
2.623000000000000000e+03 0.000000000000000000e+00 0.000000000000000000e+00 9.862619421517555604e-15
2.624000000000000000e+03 0.000000000000000000e+00 0.000000000000000000e+00 9.858618871465520006e-15
2.625000000000000000e+03 0.000000000000000000e+00 0.000000000000000000e+00 9.854622306041022226e-15
2.626000000000000000e+03 0.000000000000000000e+00 0.000000000000000000e+00 9.850629613594923316e-15
2.627000000000000000e+03 0.000000000000000000e+00 0.000000000000000000e+00 9.846640759258443196e-15
2.628000000000000000e+03 0.000000000000000000e+00 0.000000000000000000e+00 9.842655625979996852e-15
2.629000000000000000e+03 0.000000000000000000e+00 0.000000000000000000e+00 9.838674183955060866e-15
2.630000000000000000e+03 0.000000000000000000e+00 0.000000000000000000e+00 9.834696323485442396e-15
2.631000000000000000e+03 0.000000000000000000e+00 0.000000000000000000e+00 9.830722028808675036e-15
2.632000000000000000e+03 0.000000000000000000e+00 0.000000000000000000e+00 9.826751181116675572e-15
2.633000000000000000e+03 0.000000000000000000e+00 0.000000000000000000e+00 9.822783781119341510e-15
2.634000000000000000e+03 0.000000000000000000e+00 0.000000000000000000e+00 9.818819716757774305e-15
2.635000000000000000e+03 0.000000000000000000e+00 0.000000000000000000e+00 9.814858985612873617e-15
2.636000000000000000e+03 0.000000000000000000e+00 0.000000000000000000e+00 9.810901496840353188e-15
2.637000000000000000e+03 0.000000000000000000e+00 0.000000000000000000e+00 9.806947238041154480e-15
2.638000000000000000e+03 0.000000000000000000e+00 0.000000000000000000e+00 9.802996127479272333e-15
2.639000000000000000e+03 0.000000000000000000e+00 0.000000000000000000e+00 9.799048167432632542e-15
2.640000000000000000e+03 0.000000000000000000e+00 0.000000000000000000e+00 9.795103271115502523e-15
2.641000000000000000e+03 0.000000000000000000e+00 0.000000000000000000e+00 9.791161456148538944e-15
2.642000000000000000e+03 0.000000000000000000e+00 0.000000000000000000e+00 9.787222643375229763e-15
2.643000000000000000e+03 0.000000000000000000e+00 0.000000000000000000e+00 9.783286848047438543e-15
2.644000000000000000e+03 0.000000000000000000e+00 0.000000000000000000e+00 9.779353994054511465e-15
2.645000000000000000e+03 0.000000000000000000e+00 0.000000000000000000e+00 9.775424105155389669e-15
2.646000000000000000e+03 0.000000000000000000e+00 0.000000000000000000e+00 9.771497116479406125e-15
2.647000000000000000e+03 0.000000000000000000e+00 0.000000000000000000e+00 9.767573056359207062e-15
2.648000000000000000e+03 0.000000000000000000e+00 0.000000000000000000e+00 9.763651873526655986e-15
2.649000000000000000e+03 0.000000000000000000e+00 0.000000000000000000e+00 9.759733594768727158e-15
2.650000000000000000e+03 0.000000000000000000e+00 0.000000000000000000e+00 9.755818173351672343e-15
2.651000000000000000e+03 0.000000000000000000e+00 0.000000000000000000e+00 9.751905644720987322e-15
2.652000000000000000e+03 0.000000000000000000e+00 0.000000000000000000e+00 9.747995966024258352e-15
2.653000000000000000e+03 0.000000000000000000e+00 0.000000000000000000e+00 9.744089178556619907e-15
2.654000000000000000e+03 0.000000000000000000e+00 0.000000000000000000e+00 9.740185246108490266e-15
2.655000000000000000e+03 0.000000000000000000e+00 0.000000000000000000e+00 9.736284214703712270e-15
2.656000000000000000e+03 0.000000000000000000e+00 0.000000000000000000e+00 9.732386053218484144e-15
2.657000000000000000e+03 0.000000000000000000e+00 0.000000000000000000e+00 9.728490814060368341e-15
2.658000000000000000e+03 0.000000000000000000e+00 0.000000000000000000e+00 9.724598472306767110e-15
2.659000000000000000e+03 0.000000000000000000e+00 0.000000000000000000e+00 9.720709086467578987e-15
2.660000000000000000e+03 0.000000000000000000e+00 0.000000000000000000e+00 9.716822637131734395e-15
2.661000000000000000e+03 0.000000000000000000e+00 0.000000000000000000e+00 9.712939189938088383e-15
2.662000000000000000e+03 0.000000000000000000e+00 0.000000000000000000e+00 9.709058731812069774e-15
2.663000000000000000e+03 0.000000000000000000e+00 0.000000000000000000e+00 9.705181334259939034e-15
2.664000000000000000e+03 0.000000000000000000e+00 0.000000000000000000e+00 9.701306989536088660e-15
2.665000000000000000e+03 0.000000000000000000e+00 0.000000000000000000e+00 9.697435776653311280e-15
2.666000000000000000e+03 0.000000000000000000e+00 0.000000000000000000e+00 9.693567693696670713e-15
2.667000000000000000e+03 0.000000000000000000e+00 0.000000000000000000e+00 9.689702825871907388e-15
2.668000000000000000e+03 0.000000000000000000e+00 0.000000000000000000e+00 9.685841176633345391e-15
2.669000000000000000e+03 0.000000000000000000e+00 0.000000000000000000e+00 9.681982836653472851e-15
2.670000000000000000e+03 0.000000000000000000e+00 0.000000000000000000e+00 9.678127817143031905e-15
2.671000000000000000e+03 0.000000000000000000e+00 0.000000000000000000e+00 9.674276212385171222e-15
2.672000000000000000e+03 0.000000000000000000e+00 0.000000000000000000e+00 9.670428039514869473e-15
2.673000000000000000e+03 0.000000000000000000e+00 0.000000000000000000e+00 9.666583399732534703e-15
2.674000000000000000e+03 0.000000000000000000e+00 0.000000000000000000e+00 9.662742315466970240e-15
2.675000000000000000e+03 0.000000000000000000e+00 0.000000000000000000e+00 9.658904892632734854e-15
2.676000000000000000e+03 0.000000000000000000e+00 0.000000000000000000e+00 9.655071159816568452e-15
2.677000000000000000e+03 0.000000000000000000e+00 0.000000000000000000e+00 9.651241229019561850e-15
2.678000000000000000e+03 0.000000000000000000e+00 0.000000000000000000e+00 9.647415133414461539e-15
2.679000000000000000e+03 0.000000000000000000e+00 0.000000000000000000e+00 9.643592991005556692e-15
2.680000000000000000e+03 0.000000000000000000e+00 0.000000000000000000e+00 9.639774840070691370e-15
2.681000000000000000e+03 0.000000000000000000e+00 0.000000000000000000e+00 9.635960804652135559e-15
2.682000000000000000e+03 0.000000000000000000e+00 0.000000000000000000e+00 9.632150929593936971e-15
2.683000000000000000e+03 0.000000000000000000e+00 0.000000000000000000e+00 9.628345342424132095e-15
2.684000000000000000e+03 0.000000000000000000e+00 0.000000000000000000e+00 9.624544093908879988e-15
2.685000000000000000e+03 0.000000000000000000e+00 0.000000000000000000e+00 9.620747315859233292e-15
2.686000000000000000e+03 0.000000000000000000e+00 0.000000000000000000e+00 9.616955064136627318e-15
2.687000000000000000e+03 0.000000000000000000e+00 0.000000000000000000e+00 9.613167474545202393e-15
2.688000000000000000e+03 0.000000000000000000e+00 0.000000000000000000e+00 9.609384607122662903e-15
2.689000000000000000e+03 0.000000000000000000e+00 0.000000000000000000e+00 9.605606602140007786e-15
2.690000000000000000e+03 0.000000000000000000e+00 0.000000000000000000e+00 9.601833523179127815e-15
2.691000000000000000e+03 0.000000000000000000e+00 0.000000000000000000e+00 9.598065514591660551e-15
2.692000000000000000e+03 0.000000000000000000e+00 0.000000000000000000e+00 9.594302645238839511e-15
2.693000000000000000e+03 0.000000000000000000e+00 0.000000000000000000e+00 9.590545063026819567e-15
2.694000000000000000e+03 0.000000000000000000e+00 0.000000000000000000e+00 9.586792840348809055e-15
2.695000000000000000e+03 0.000000000000000000e+00 0.000000000000000000e+00 9.583046130205959842e-15
2.696000000000000000e+03 0.000000000000000000e+00 0.000000000000000000e+00 9.579305009377198221e-15
2.697000000000000000e+03 0.000000000000000000e+00 0.000000000000000000e+00 9.575569633223526636e-15
2.698000000000000000e+03 0.000000000000000000e+00 0.000000000000000000e+00 9.571840084747193482e-15
2.699000000000000000e+03 0.000000000000000000e+00 0.000000000000000000e+00 9.568116522379419449e-15
2.700000000000000000e+03 0.000000000000000000e+00 0.000000000000000000e+00 9.564399030549148901e-15
2.701000000000000000e+03 0.000000000000000000e+00 0.000000000000000000e+00 9.560687772751557844e-15
2.702000000000000000e+03 0.000000000000000000e+00 0.000000000000000000e+00 9.556982836291362562e-15
2.703000000000000000e+03 0.000000000000000000e+00 0.000000000000000000e+00 9.553284387818807187e-15
2.704000000000000000e+03 0.000000000000000000e+00 0.000000000000000000e+00 9.549592516524102316e-15
2.705000000000000000e+03 0.000000000000000000e+00 0.000000000000000000e+00 9.545907393110634168e-15
2.706000000000000000e+03 0.000000000000000000e+00 0.000000000000000000e+00 9.542229109730109197e-15
2.707000000000000000e+03 0.000000000000000000e+00 0.000000000000000000e+00 9.538557840515997589e-15
2.708000000000000000e+03 0.000000000000000000e+00 0.000000000000000000e+00 9.534893680017063789e-15
2.709000000000000000e+03 0.000000000000000000e+00 0.000000000000000000e+00 9.531236804911731615e-15
2.710000000000000000e+03 0.000000000000000000e+00 0.000000000000000000e+00 9.527587313826690454e-15
2.711000000000000000e+03 0.000000000000000000e+00 0.000000000000000000e+00 9.523945385562511977e-15
2.712000000000000000e+03 0.000000000000000000e+00 0.000000000000000000e+00 9.520311120410000272e-15
2.713000000000000000e+03 0.000000000000000000e+00 0.000000000000000000e+00 9.516684700537888553e-15
2.714000000000000000e+03 0.000000000000000000e+00 0.000000000000000000e+00 9.513066228183376861e-15
2.715000000000000000e+03 0.000000000000000000e+00 0.000000000000000000e+00 9.509455885055489718e-15
2.716000000000000000e+03 0.000000000000000000e+00 0.000000000000000000e+00 9.505853776195002536e-15
2.717000000000000000e+03 0.000000000000000000e+00 0.000000000000000000e+00 9.502260084136194049e-15
2.718000000000000000e+03 0.000000000000000000e+00 0.000000000000000000e+00 9.498674915588857931e-15
2.719000000000000000e+03 0.000000000000000000e+00 0.000000000000000000e+00 9.495098453597733763e-15
2.720000000000000000e+03 0.000000000000000000e+00 0.000000000000000000e+00 9.491530805754498602e-15
2.721000000000000000e+03 0.000000000000000000e+00 0.000000000000000000e+00 9.487972157242575985e-15
2.722000000000000000e+03 0.000000000000000000e+00 0.000000000000000000e+00 9.484422615781162335e-15
2.723000000000000000e+03 0.000000000000000000e+00 0.000000000000000000e+00 9.480882368813635154e-15
2.724000000000000000e+03 0.000000000000000000e+00 0.000000000000000000e+00 9.477351524603004750e-15
2.725000000000000000e+03 0.000000000000000000e+00 0.000000000000000000e+00 9.473830270358910718e-15
2.726000000000000000e+03 0.000000000000000000e+00 0.000000000000000000e+00 9.470318716520188471e-15
2.727000000000000000e+03 0.000000000000000000e+00 0.000000000000000000e+00 9.466817051026681966e-15
2.728000000000000000e+03 0.000000000000000000e+00 0.000000000000000000e+00 9.463325388842650262e-15
2.729000000000000000e+03 0.000000000000000000e+00 0.000000000000000000e+00 9.459843913038578206e-15
2.730000000000000000e+03 0.000000000000000000e+00 0.000000000000000000e+00 9.456372732765425829e-15
2.731000000000000000e+03 0.000000000000000000e+00 0.000000000000000000e+00 9.452912039518961726e-15
2.732000000000000000e+03 0.000000000000000000e+00 0.000000000000000000e+00 9.449461940807710703e-15
2.733000000000000000e+03 0.000000000000000000e+00 0.000000000000000000e+00 9.446022623729401390e-15
2.734000000000000000e+03 0.000000000000000000e+00 0.000000000000000000e+00 9.442594195779252089e-15
2.735000000000000000e+03 0.000000000000000000e+00 0.000000000000000000e+00 9.439176843229241810e-15
2.736000000000000000e+03 0.000000000000000000e+00 0.000000000000000000e+00 9.435770683578214458e-15
2.737000000000000000e+03 0.000000000000000000e+00 0.000000000000000000e+00 9.432375893913253774e-15
2.738000000000000000e+03 0.000000000000000000e+00 0.000000000000000000e+00 9.428992587359962331e-15
2.739000000000000000e+03 0.000000000000000000e+00 0.000000000000000000e+00 9.425620938102340010e-15
2.740000000000000000e+03 0.000000000000000000e+00 0.000000000000000000e+00 9.422261060067225936e-15
2.741000000000000000e+03 0.000000000000000000e+00 0.000000000000000000e+00 9.418913133964640645e-15
2.742000000000000000e+03 0.000000000000000000e+00 0.000000000000000000e+00 9.415577256589529037e-15
2.743000000000000000e+03 0.000000000000000000e+00 0.000000000000000000e+00 9.412253622487337591e-15
2.744000000000000000e+03 0.000000000000000000e+00 0.000000000000000000e+00 9.408942320849983998e-15
2.745000000000000000e+03 0.000000000000000000e+00 0.000000000000000000e+00 9.405643536474681277e-15
2.746000000000000000e+03 0.000000000000000000e+00 0.000000000000000000e+00 9.402357363800220350e-15
2.747000000000000000e+03 0.000000000000000000e+00 0.000000000000000000e+00 9.399083984666074932e-15
2.748000000000000000e+03 0.000000000000000000e+00 0.000000000000000000e+00 9.395823495585427741e-15
2.749000000000000000e+03 0.000000000000000000e+00 0.000000000000000000e+00 9.392576069488791300e-15
2.750000000000000000e+03 0.000000000000000000e+00 0.000000000000000000e+00 9.389341804915648002e-15
2.751000000000000000e+03 0.000000000000000000e+00 0.000000000000000000e+00 9.386120870146036496e-15
2.752000000000000000e+03 0.000000000000000000e+00 0.000000000000000000e+00 9.382913348659945652e-15
2.753000000000000000e+03 0.000000000000000000e+00 0.000000000000000000e+00 9.379719416159366194e-15
2.754000000000000000e+03 0.000000000000000000e+00 0.000000000000000000e+00 9.376539149102460948e-15
2.755000000000000000e+03 0.000000000000000000e+00 0.000000000000000000e+00 9.373372718802623337e-15
2.756000000000000000e+03 0.000000000000000000e+00 0.000000000000000000e+00 9.370220198557514391e-15
2.757000000000000000e+03 0.000000000000000000e+00 0.000000000000000000e+00 9.367081759887665052e-15
2.758000000000000000e+03 0.000000000000000000e+00 0.000000000000000000e+00 9.363957474343068658e-15
2.759000000000000000e+03 0.000000000000000000e+00 0.000000000000000000e+00 9.360847505667460242e-15
2.760000000000000000e+03 0.000000000000000000e+00 0.000000000000000000e+00 9.357751916433506110e-15
2.761000000000000000e+03 0.000000000000000000e+00 0.000000000000000000e+00 9.354670867961724679e-15
2.762000000000000000e+03 0.000000000000000000e+00 0.000000000000000000e+00 9.351604429022625728e-15
2.763000000000000000e+03 0.000000000000000000e+00 0.000000000000000000e+00 9.348552751389850958e-15
2.764000000000000000e+03 0.000000000000000000e+00 0.000000000000000000e+00 9.345515897332099634e-15
2.765000000000000000e+03 0.000000000000000000e+00 0.000000000000000000e+00 9.342494015876576860e-15
2.766000000000000000e+03 0.000000000000000000e+00 0.000000000000000000e+00 9.339487167515056936e-15
2.767000000000000000e+03 0.000000000000000000e+00 0.000000000000000000e+00 9.336495491129387879e-15
2.768000000000000000e+03 0.000000000000000000e+00 0.000000000000000000e+00 9.333519048104105764e-15
2.769000000000000000e+03 0.000000000000000000e+00 0.000000000000000000e+00 9.330557964631913826e-15
2.770000000000000000e+03 0.000000000000000000e+00 0.000000000000000000e+00 9.327612302864966598e-15
2.771000000000000000e+03 0.000000000000000000e+00 0.000000000000000000e+00 9.324682191887803598e-15
2.772000000000000000e+03 0.000000000000000000e+00 0.000000000000000000e+00 9.321767679216235563e-15
2.773000000000000000e+03 0.000000000000000000e+00 0.000000000000000000e+00 9.318868885709813202e-15
2.774000000000000000e+03 0.000000000000000000e+00 0.000000000000000000e+00 9.315985862555024328e-15
2.775000000000000000e+03 0.000000000000000000e+00 0.000000000000000000e+00 9.313118727834099149e-15
2.776000000000000000e+03 0.000000000000000000e+00 0.000000000000000000e+00 9.310267525639438198e-15
2.777000000000000000e+03 0.000000000000000000e+00 0.000000000000000000e+00 9.307432363934683802e-15
2.778000000000000000e+03 0.000000000000000000e+00 0.000000000000000000e+00 9.304613285199356730e-15
2.779000000000000000e+03 0.000000000000000000e+00 0.000000000000000000e+00 9.301810384669701086e-15
2.780000000000000000e+03 0.000000000000000000e+00 0.000000000000000000e+00 9.299023704560937679e-15
2.781000000000000000e+03 0.000000000000000000e+00 0.000000000000000000e+00 9.296253325483406601e-15
2.782000000000000000e+03 0.000000000000000000e+00 0.000000000000000000e+00 9.293499290996263654e-15
2.783000000000000000e+03 0.000000000000000000e+00 0.000000000000000000e+00 9.290761673620444801e-15
2.784000000000000000e+03 0.000000000000000000e+00 0.000000000000000000e+00 9.288040502211428035e-15
2.785000000000000000e+03 0.000000000000000000e+00 0.000000000000000000e+00 9.285335852984654727e-15
2.786000000000000000e+03 0.000000000000000000e+00 0.000000000000000000e+00 9.282647749829258046e-15
2.787000000000000000e+03 0.000000000000000000e+00 0.000000000000000000e+00 9.279976253100018707e-15
2.788000000000000000e+03 0.000000000000000000e+00 0.000000000000000000e+00 9.277321384194291781e-15
2.789000000000000000e+03 0.000000000000000000e+00 0.000000000000000000e+00 9.274683205365357460e-15
2.790000000000000000e+03 0.000000000000000000e+00 0.000000000000000000e+00 9.272061721024945598e-15
2.791000000000000000e+03 0.000000000000000000e+00 0.000000000000000000e+00 9.269456993375705717e-15
2.792000000000000000e+03 0.000000000000000000e+00 0.000000000000000000e+00 9.266869019187681550e-15
2.793000000000000000e+03 0.000000000000000000e+00 0.000000000000000000e+00 9.264297844500893896e-15
2.794000000000000000e+03 0.000000000000000000e+00 0.000000000000000000e+00 9.261743461415167423e-15
2.795000000000000000e+03 0.000000000000000000e+00 0.000000000000000000e+00 9.259205918502211078e-15
2.796000000000000000e+03 0.000000000000000000e+00 0.000000000000000000e+00 9.256685196523098934e-15
2.797000000000000000e+03 0.000000000000000000e+00 0.000000000000000000e+00 9.254181336015010550e-15
2.798000000000000000e+03 0.000000000000000000e+00 0.000000000000000000e+00 9.251694304125844571e-15
2.799000000000000000e+03 0.000000000000000000e+00 0.000000000000000000e+00 9.249224138667143068e-15
2.800000000000000000e+03 0.000000000000000000e+00 0.000000000000000000e+00 9.246770799948393536e-15
2.801000000000000000e+03 0.000000000000000000e+00 0.000000000000000000e+00 9.244334315487916869e-15
2.802000000000000000e+03 0.000000000000000000e+00 0.000000000000000000e+00 9.241914642071108042e-15
2.803000000000000000e+03 0.000000000000000000e+00 0.000000000000000000e+00 9.239511794145397599e-15
2.804000000000000000e+03 0.000000000000000000e+00 0.000000000000000000e+00 9.237125718159019785e-15
2.805000000000000000e+03 0.000000000000000000e+00 0.000000000000000000e+00 9.234756430259796404e-15
2.806000000000000000e+03 0.000000000000000000e+00 0.000000000000000000e+00 9.232403871687300893e-15
2.807000000000000000e+03 0.000000000000000000e+00 0.000000000000000000e+00 9.230068042746019364e-15
2.808000000000000000e+03 0.000000000000000000e+00 0.000000000000000000e+00 9.227748873030065538e-15
2.809000000000000000e+03 0.000000000000000000e+00 0.000000000000000000e+00 9.225446363325772810e-15
2.810000000000000000e+03 0.000000000000000000e+00 0.000000000000000000e+00 9.223160437745722373e-15
2.811000000000000000e+03 0.000000000000000000e+00 0.000000000000000000e+00 9.220891080647570827e-15
2.812000000000000000e+03 0.000000000000000000e+00 0.000000000000000000e+00 9.218638220373992421e-15
2.813000000000000000e+03 0.000000000000000000e+00 0.000000000000000000e+00 9.216401825082638802e-15
2.814000000000000000e+03 0.000000000000000000e+00 0.000000000000000000e+00 9.214181808619520868e-15
2.815000000000000000e+03 0.000000000000000000e+00 0.000000000000000000e+00 9.211978138265898934e-15
2.816000000000000000e+03 0.000000000000000000e+00 0.000000000000000000e+00 9.209790721635825342e-15
2.817000000000000000e+03 0.000000000000000000e+00 0.000000000000000000e+00 9.207619515934282293e-15
2.818000000000000000e+03 0.000000000000000000e+00 0.000000000000000000e+00 9.205464416205965876e-15
2.819000000000000000e+03 0.000000000000000000e+00 0.000000000000000000e+00 9.203325374299888753e-15
2.820000000000000000e+03 0.000000000000000000e+00 0.000000000000000000e+00 9.201202279254817621e-15
2.821000000000000000e+03 0.000000000000000000e+00 0.000000000000000000e+00 9.199095079412590532e-15
2.822000000000000000e+03 0.000000000000000000e+00 0.000000000000000000e+00 9.197003651530405430e-15
2.823000000000000000e+03 0.000000000000000000e+00 0.000000000000000000e+00 9.194927932917407290e-15
2.824000000000000000e+03 0.000000000000000000e+00 0.000000000000000000e+00 9.192867801950816166e-15
2.825000000000000000e+03 0.000000000000000000e+00 0.000000000000000000e+00 9.190823182698120386e-15
2.826000000000000000e+03 0.000000000000000000e+00 0.000000000000000000e+00 9.188793944936708157e-15
2.827000000000000000e+03 0.000000000000000000e+00 0.000000000000000000e+00 9.186780012558375862e-15
2.828000000000000000e+03 0.000000000000000000e+00 0.000000000000000000e+00 9.184781243090734051e-15
2.829000000000000000e+03 0.000000000000000000e+00 0.000000000000000000e+00 9.182797551265331007e-15
2.830000000000000000e+03 0.000000000000000000e+00 0.000000000000000000e+00 9.180828787632906844e-15
2.831000000000000000e+03 0.000000000000000000e+00 0.000000000000000000e+00 9.178874861799147876e-15
2.832000000000000000e+03 0.000000000000000000e+00 0.000000000000000000e+00 9.176935620359177423e-15
2.833000000000000000e+03 0.000000000000000000e+00 0.000000000000000000e+00 9.175010960494941382e-15
2.834000000000000000e+03 0.000000000000000000e+00 0.000000000000000000e+00 9.173100725614432488e-15
2.835000000000000000e+03 0.000000000000000000e+00 0.000000000000000000e+00 9.171204806933782397e-15
2.836000000000000000e+03 0.000000000000000000e+00 0.000000000000000000e+00 9.169323036794508590e-15
2.837000000000000000e+03 0.000000000000000000e+00 0.000000000000000000e+00 9.167455294202944538e-15
2.838000000000000000e+03 0.000000000000000000e+00 0.000000000000000000e+00 9.165601405549576734e-15
2.839000000000000000e+03 0.000000000000000000e+00 0.000000000000000000e+00 9.163761250708154324e-15
2.840000000000000000e+03 0.000000000000000000e+00 0.000000000000000000e+00 9.161934644254848410e-15
2.841000000000000000e+03 0.000000000000000000e+00 0.000000000000000000e+00 9.160121464191453829e-15
2.842000000000000000e+03 0.000000000000000000e+00 0.000000000000000000e+00 9.158321518224840316e-15
2.843000000000000000e+03 0.000000000000000000e+00 0.000000000000000000e+00 9.156534675324892815e-15
2.844000000000000000e+03 0.000000000000000000e+00 0.000000000000000000e+00 9.154760737648169327e-15
2.845000000000000000e+03 0.000000000000000000e+00 0.000000000000000000e+00 9.152999569419337147e-15
2.846000000000000000e+03 0.000000000000000000e+00 0.000000000000000000e+00 9.151250968776678265e-15
2.847000000000000000e+03 0.000000000000000000e+00 0.000000000000000000e+00 9.149514788614687451e-15
2.848000000000000000e+03 0.000000000000000000e+00 0.000000000000000000e+00 9.147790823477326619e-15
2.849000000000000000e+03 0.000000000000000000e+00 0.000000000000000000e+00 9.146078911400358966e-15
2.850000000000000000e+03 0.000000000000000000e+00 0.000000000000000000e+00 9.144378844932594115e-15
2.851000000000000000e+03 0.000000000000000000e+00 0.000000000000000000e+00 9.142690460816541426e-15
2.852000000000000000e+03 0.000000000000000000e+00 0.000000000000000000e+00 9.141013542027773229e-15
2.853000000000000000e+03 0.000000000000000000e+00 0.000000000000000000e+00 9.139347921937414059e-15
2.854000000000000000e+03 0.000000000000000000e+00 0.000000000000000000e+00 9.137693377414642260e-15
2.855000000000000000e+03 0.000000000000000000e+00 0.000000000000000000e+00 9.136049731106505876e-15
2.856000000000000000e+03 0.000000000000000000e+00 0.000000000000000000e+00 9.134416755843463121e-15
2.857000000000000000e+03 0.000000000000000000e+00 0.000000000000000000e+00 9.132794275622776362e-15
2.858000000000000000e+03 0.000000000000000000e+00 0.000000000000000000e+00 9.131182059765274267e-15
2.859000000000000000e+03 0.000000000000000000e+00 0.000000000000000000e+00 9.129579922944129430e-15
2.860000000000000000e+03 0.000000000000000000e+00 0.000000000000000000e+00 9.127987631509397657e-15
2.861000000000000000e+03 0.000000000000000000e+00 0.000000000000000000e+00 9.126404994633597026e-15
2.862000000000000000e+03 0.000000000000000000e+00 0.000000000000000000e+00 9.124831783529512867e-15
2.863000000000000000e+03 0.000000000000000000e+00 0.000000000000000000e+00 9.123267795016631595e-15
2.864000000000000000e+03 0.000000000000000000e+00 0.000000000000000000e+00 9.121712793885453096e-15
2.865000000000000000e+03 0.000000000000000000e+00 0.000000000000000000e+00 9.120166584622349281e-15
2.866000000000000000e+03 0.000000000000000000e+00 0.000000000000000000e+00 9.118628920954451312e-15
2.867000000000000000e+03 0.000000000000000000e+00 0.000000000000000000e+00 9.117099608787544307e-15
2.868000000000000000e+03 0.000000000000000000e+00 0.000000000000000000e+00 9.115578402996686151e-15
2.869000000000000000e+03 0.000000000000000000e+00 0.000000000000000000e+00 9.114065101356112147e-15
2.870000000000000000e+03 0.000000000000000000e+00 0.000000000000000000e+00 9.112559457571644749e-15
2.871000000000000000e+03 0.000000000000000000e+00 0.000000000000000000e+00 9.111061273108015678e-15
2.872000000000000000e+03 0.000000000000000000e+00 0.000000000000000000e+00 9.109570291953095139e-15
2.873000000000000000e+03 0.000000000000000000e+00 0.000000000000000000e+00 9.108086323033118834e-15
2.874000000000000000e+03 0.000000000000000000e+00 0.000000000000000000e+00 9.106609104493831387e-15
2.875000000000000000e+03 0.000000000000000000e+00 0.000000000000000000e+00 9.105138440923172129e-15
2.876000000000000000e+03 0.000000000000000000e+00 0.000000000000000000e+00 9.103674081225818781e-15
2.877000000000000000e+03 0.000000000000000000e+00 0.000000000000000000e+00 9.102215819729288758e-15
2.878000000000000000e+03 0.000000000000000000e+00 0.000000000000000000e+00 9.100763392462582527e-15
2.879000000000000000e+03 0.000000000000000000e+00 0.000000000000000000e+00 9.099316604138904220e-15
2.880000000000000000e+03 0.000000000000000000e+00 0.000000000000000000e+00 9.097875192136053413e-15
2.881000000000000000e+03 0.000000000000000000e+00 0.000000000000000000e+00 9.096438955562243398e-15
2.882000000000000000e+03 0.000000000000000000e+00 0.000000000000000000e+00 9.095007638698565559e-15
2.883000000000000000e+03 0.000000000000000000e+00 0.000000000000000000e+00 9.093581037442343689e-15
2.884000000000000000e+03 0.000000000000000000e+00 0.000000000000000000e+00 9.092158889968467666e-15
2.885000000000000000e+03 0.000000000000000000e+00 0.000000000000000000e+00 9.090740997817261020e-15
2.886000000000000000e+03 0.000000000000000000e+00 0.000000000000000000e+00 9.089327102807332174e-15
2.887000000000000000e+03 0.000000000000000000e+00 0.000000000000000000e+00 9.087917008002836223e-15
2.888000000000000000e+03 0.000000000000000000e+00 0.000000000000000000e+00 9.086510455268397425e-15
2.889000000000000000e+03 0.000000000000000000e+00 0.000000000000000000e+00 9.085107247731958168e-15
2.890000000000000000e+03 0.000000000000000000e+00 0.000000000000000000e+00 9.083707134988545706e-15
2.891000000000000000e+03 0.000000000000000000e+00 0.000000000000000000e+00 9.082309918373600614e-15
2.892000000000000000e+03 0.000000000000000000e+00 0.000000000000000000e+00 9.080915350213076162e-15
2.893000000000000000e+03 0.000000000000000000e+00 0.000000000000000000e+00 9.079523230434763213e-15
2.894000000000000000e+03 0.000000000000000000e+00 0.000000000000000000e+00 9.078133320219250530e-15
2.895000000000000000e+03 0.000000000000000000e+00 0.000000000000000000e+00 9.076745417497425415e-15
2.896000000000000000e+03 0.000000000000000000e+00 0.000000000000000000e+00 9.075359286914365979e-15
2.897000000000000000e+03 0.000000000000000000e+00 0.000000000000000000e+00 9.073974731733938498e-15
2.898000000000000000e+03 0.000000000000000000e+00 0.000000000000000000e+00 9.072591510399169826e-15
2.899000000000000000e+03 0.000000000000000000e+00 0.000000000000000000e+00 9.071209442469511156e-15
2.900000000000000000e+03 0.000000000000000000e+00 0.000000000000000000e+00 9.069828284128319364e-15
2.901000000000000000e+03 0.000000000000000000e+00 0.000000000000000000e+00 9.068447862158244213e-15
2.902000000000000000e+03 0.000000000000000000e+00 0.000000000000000000e+00 9.067067929325473844e-15
2.903000000000000000e+03 0.000000000000000000e+00 0.000000000000000000e+00 9.065688324063243752e-15
2.904000000000000000e+03 0.000000000000000000e+00 0.000000000000000000e+00 9.064308804343092826e-15
2.905000000000000000e+03 0.000000000000000000e+00 0.000000000000000000e+00 9.062929206911208097e-15
2.906000000000000000e+03 0.000000000000000000e+00 0.000000000000000000e+00 9.061549305348090417e-15
2.907000000000000000e+03 0.000000000000000000e+00 0.000000000000000000e+00 9.060168937109081214e-15
2.908000000000000000e+03 0.000000000000000000e+00 0.000000000000000000e+00 9.058787881829475932e-15
2.909000000000000000e+03 0.000000000000000000e+00 0.000000000000000000e+00 9.057405984335186409e-15
2.910000000000000000e+03 0.000000000000000000e+00 0.000000000000000000e+00 9.056023027560704254e-15
2.911000000000000000e+03 0.000000000000000000e+00 0.000000000000000000e+00 9.054638859085936766e-15
2.912000000000000000e+03 0.000000000000000000e+00 0.000000000000000000e+00 9.053253271051465936e-15
2.913000000000000000e+03 0.000000000000000000e+00 0.000000000000000000e+00 9.051866118901956117e-15
2.914000000000000000e+03 0.000000000000000000e+00 0.000000000000000000e+00 9.050477199234796249e-15
2.915000000000000000e+03 0.000000000000000000e+00 0.000000000000000000e+00 9.049086371813720936e-15
2.916000000000000000e+03 0.000000000000000000e+00 0.000000000000000000e+00 9.047693442047428795e-15
2.917000000000000000e+03 0.000000000000000000e+00 0.000000000000000000e+00 9.046298279128934075e-15
2.918000000000000000e+03 0.000000000000000000e+00 0.000000000000000000e+00 9.044900693174388691e-15
2.919000000000000000e+03 0.000000000000000000e+00 0.000000000000000000e+00 9.043500565193570909e-15
2.920000000000000000e+03 0.000000000000000000e+00 0.000000000000000000e+00 9.042097715434255662e-15
2.921000000000000000e+03 0.000000000000000000e+00 0.000000000000000000e+00 9.040692030232688936e-15
2.922000000000000000e+03 0.000000000000000000e+00 0.000000000000000000e+00 9.039283335618418651e-15
2.923000000000000000e+03 0.000000000000000000e+00 0.000000000000000000e+00 9.037871536133833715e-15
2.924000000000000000e+03 0.000000000000000000e+00 0.000000000000000000e+00 9.036456460376445174e-15
2.925000000000000000e+03 0.000000000000000000e+00 0.000000000000000000e+00 9.035038022758188005e-15
2.926000000000000000e+03 0.000000000000000000e+00 0.000000000000000000e+00 9.033616059782439430e-15
2.927000000000000000e+03 0.000000000000000000e+00 0.000000000000000000e+00 9.032190499795472481e-15
2.928000000000000000e+03 0.000000000000000000e+00 0.000000000000000000e+00 9.030761190936739807e-15
2.929000000000000000e+03 0.000000000000000000e+00 0.000000000000000000e+00 9.029328069257263680e-15
2.930000000000000000e+03 0.000000000000000000e+00 0.000000000000000000e+00 9.027890988329779391e-15
2.931000000000000000e+03 0.000000000000000000e+00 0.000000000000000000e+00 9.026449897006595305e-15
2.932000000000000000e+03 0.000000000000000000e+00 0.000000000000000000e+00 9.025004659007010755e-15
2.933000000000000000e+03 0.000000000000000000e+00 0.000000000000000000e+00 9.023555237776877468e-15
2.934000000000000000e+03 0.000000000000000000e+00 0.000000000000000000e+00 9.022101502121856901e-15
2.935000000000000000e+03 0.000000000000000000e+00 0.000000000000000000e+00 9.020643431548668023e-15
2.936000000000000000e+03 0.000000000000000000e+00 0.000000000000000000e+00 9.019180905575996840e-15
2.937000000000000000e+03 0.000000000000000000e+00 0.000000000000000000e+00 9.017713912697713827e-15
2.938000000000000000e+03 0.000000000000000000e+00 0.000000000000000000e+00 9.016242345192587300e-15
2.939000000000000000e+03 0.000000000000000000e+00 0.000000000000000000e+00 9.014766199330734593e-15
2.940000000000000000e+03 0.000000000000000000e+00 0.000000000000000000e+00 9.013285380574995407e-15
2.941000000000000000e+03 0.000000000000000000e+00 0.000000000000000000e+00 9.011799898345597993e-15
2.942000000000000000e+03 0.000000000000000000e+00 0.000000000000000000e+00 9.010309673550742149e-15
2.943000000000000000e+03 0.000000000000000000e+00 0.000000000000000000e+00 9.008814730404065289e-15
2.944000000000000000e+03 0.000000000000000000e+00 0.000000000000000000e+00 9.007314999435931233e-15
2.945000000000000000e+03 0.000000000000000000e+00 0.000000000000000000e+00 9.005810513249675626e-15
2.946000000000000000e+03 0.000000000000000000e+00 0.000000000000000000e+00 9.004301216830705340e-15
2.947000000000000000e+03 0.000000000000000000e+00 0.000000000000000000e+00 9.002787156648261970e-15
2.948000000000000000e+03 0.000000000000000000e+00 0.000000000000000000e+00 9.001268285675538612e-15
2.949000000000000000e+03 0.000000000000000000e+00 0.000000000000000000e+00 8.999744666562396343e-15
2.950000000000000000e+03 0.000000000000000000e+00 0.000000000000000000e+00 8.998216273044179907e-15
2.951000000000000000e+03 0.000000000000000000e+00 0.000000000000000000e+00 8.996683175797370650e-15
2.952000000000000000e+03 0.000000000000000000e+00 0.000000000000000000e+00 8.995145358395839799e-15
2.953000000000000000e+03 0.000000000000000000e+00 0.000000000000000000e+00 8.993602904141842706e-15
2.954000000000000000e+03 0.000000000000000000e+00 0.000000000000000000e+00 8.992055810737941894e-15
2.955000000000000000e+03 0.000000000000000000e+00 0.000000000000000000e+00 8.990504175575315953e-15
2.956000000000000000e+03 0.000000000000000000e+00 0.000000000000000000e+00 8.988948010354868901e-15
2.957000000000000000e+03 0.000000000000000000e+00 0.000000000000000000e+00 8.987387422030494797e-15
2.958000000000000000e+03 0.000000000000000000e+00 0.000000000000000000e+00 8.985822432393680975e-15
2.959000000000000000e+03 0.000000000000000000e+00 0.000000000000000000e+00 8.984253170329631269e-15
2.960000000000000000e+03 0.000000000000000000e+00 0.000000000000000000e+00 8.982679666781940068e-15
2.961000000000000000e+03 0.000000000000000000e+00 0.000000000000000000e+00 8.981102056655479399e-15
2.962000000000000000e+03 0.000000000000000000e+00 0.000000000000000000e+00 8.979520393076915228e-15
2.963000000000000000e+03 0.000000000000000000e+00 0.000000000000000000e+00 8.977934817971987951e-15
2.964000000000000000e+03 0.000000000000000000e+00 0.000000000000000000e+00 8.976345396775553187e-15
2.965000000000000000e+03 0.000000000000000000e+00 0.000000000000000000e+00 8.974752298351580202e-15
2.966000000000000000e+03 0.000000000000000000e+00 0.000000000000000000e+00 8.973155596356849489e-15
2.967000000000000000e+03 0.000000000000000000e+00 0.000000000000000000e+00 8.971555466238538652e-15
2.968000000000000000e+03 0.000000000000000000e+00 0.000000000000000000e+00 8.969952009363133044e-15
2.969000000000000000e+03 0.000000000000000000e+00 0.000000000000000000e+00 8.968345414257676282e-15
2.970000000000000000e+03 0.000000000000000000e+00 0.000000000000000000e+00 8.966735804111992101e-15
2.971000000000000000e+03 0.000000000000000000e+00 0.000000000000000000e+00 8.965123376350885060e-15
2.972000000000000000e+03 0.000000000000000000e+00 0.000000000000000000e+00 8.963508269877609707e-15
2.973000000000000000e+03 0.000000000000000000e+00 0.000000000000000000e+00 8.961890689377072083e-15
2.974000000000000000e+03 0.000000000000000000e+00 0.000000000000000000e+00 8.960270793478194038e-15
2.975000000000000000e+03 0.000000000000000000e+00 0.000000000000000000e+00 8.958648800501528533e-15
2.976000000000000000e+03 0.000000000000000000e+00 0.000000000000000000e+00 8.957024868797045160e-15
2.977000000000000000e+03 0.000000000000000000e+00 0.000000000000000000e+00 8.955399239645199230e-15
2.978000000000000000e+03 0.000000000000000000e+00 0.000000000000000000e+00 8.953772075599927897e-15
2.979000000000000000e+03 0.000000000000000000e+00 0.000000000000000000e+00 8.952143637452225097e-15
2.980000000000000000e+03 0.000000000000000000e+00 0.000000000000000000e+00 8.950514097267104614e-15
2.981000000000000000e+03 0.000000000000000000e+00 0.000000000000000000e+00 8.948883727453632431e-15
2.982000000000000000e+03 0.000000000000000000e+00 0.000000000000000000e+00 8.947252719663026915e-15
2.983000000000000000e+03 0.000000000000000000e+00 0.000000000000000000e+00 8.945621361420628200e-15
2.984000000000000000e+03 0.000000000000000000e+00 0.000000000000000000e+00 8.943989861689503832e-15
2.985000000000000000e+03 0.000000000000000000e+00 0.000000000000000000e+00 8.942358512343818453e-15
2.986000000000000000e+03 0.000000000000000000e+00 0.000000000000000000e+00 8.940727541388089987e-15
2.987000000000000000e+03 0.000000000000000000e+00 0.000000000000000000e+00 8.939097262486072410e-15
2.988000000000000000e+03 0.000000000000000000e+00 0.000000000000000000e+00 8.937467904150226450e-15
2.989000000000000000e+03 0.000000000000000000e+00 0.000000000000000000e+00 8.935839801277106350e-15
2.990000000000000000e+03 0.000000000000000000e+00 0.000000000000000000e+00 8.934213195244340885e-15
2.991000000000000000e+03 0.000000000000000000e+00 0.000000000000000000e+00 8.932588422269463439e-15
2.992000000000000000e+03 0.000000000000000000e+00 0.000000000000000000e+00 8.930965745995190657e-15
2.993000000000000000e+03 0.000000000000000000e+00 0.000000000000000000e+00 8.929345507108871182e-15
2.994000000000000000e+03 0.000000000000000000e+00 0.000000000000000000e+00 8.927727982268916992e-15
2.995000000000000000e+03 0.000000000000000000e+00 0.000000000000000000e+00 8.926113529158831662e-15
2.996000000000000000e+03 0.000000000000000000e+00 0.000000000000000000e+00 8.924502426788241297e-15
2.997000000000000000e+03 0.000000000000000000e+00 0.000000000000000000e+00 8.922895049029356357e-15
2.998000000000000000e+03 0.000000000000000000e+00 0.000000000000000000e+00 8.921291678475296694e-15
2.999000000000000000e+03 0.000000000000000000e+00 0.000000000000000000e+00 8.919692699681154944e-15
3.000000000000000000e+03 0.000000000000000000e+00 0.000000000000000000e+00 8.918098406555659531e-15
