3.000000000000000000e+01 0.000000000000000000e+00 0.000000000000000000e+00 9.010195937100345945e-11
3.100000000000000000e+01 0.000000000000000000e+00 0.000000000000000000e+00 8.454013859814288469e-11
3.200000000000000000e+01 0.000000000000000000e+00 0.000000000000000000e+00 7.948448160787966629e-11
3.300000000000000000e+01 0.000000000000000000e+00 0.000000000000000000e+00 7.487536454956755776e-11
3.400000000000000000e+01 0.000000000000000000e+00 0.000000000000000000e+00 7.066168773621047096e-11
3.500000000000000000e+01 0.000000000000000000e+00 0.000000000000000000e+00 6.679946536777158252e-11
3.600000000000000000e+01 0.000000000000000000e+00 0.000000000000000000e+00 6.325065812670670538e-11
3.700000000000000000e+01 0.000000000000000000e+00 0.000000000000000000e+00 5.998224372855567910e-11
3.800000000000000000e+01 0.000000000000000000e+00 0.000000000000000000e+00 5.696543389188539269e-11
3.900000000000000000e+01 0.000000000000000000e+00 0.000000000000000000e+00 5.417504746211478023e-11
4.000000000000000000e+01 0.000000000000000000e+00 0.000000000000000000e+00 5.158897349419600166e-11
4.100000000000000000e+01 0.000000000000000000e+00 0.000000000000000000e+00 4.918773984449827887e-11
4.200000000000000000e+01 0.000000000000000000e+00 0.000000000000000000e+00 4.695413722841937372e-11
4.300000000000000000e+01 0.000000000000000000e+00 0.000000000000000000e+00 4.487291715312963277e-11
4.400000000000000000e+01 0.000000000000000000e+00 0.000000000000000000e+00 4.293052381535793860e-11
4.500000000000000000e+01 0.000000000000000000e+00 0.000000000000000000e+00 4.111487901598951072e-11
4.600000000000000000e+01 0.000000000000000000e+00 0.000000000000000000e+00 3.941518775394600100e-11
4.700000000000000000e+01 0.000000000000000000e+00 0.000000000000000000e+00 3.782178299481983325e-11
4.800000000000000000e+01 0.000000000000000000e+00 0.000000000000000000e+00 3.632598233528309458e-11
4.900000000000000000e+01 0.000000000000000000e+00 0.000000000000000000e+00 3.491997460634839685e-11
5.000000000000000000e+01 0.000000000000000000e+00 0.000000000000000000e+00 3.359671270703585418e-11
5.100000000000000000e+01 0.000000000000000000e+00 0.000000000000000000e+00 3.234982966000387739e-11
5.200000000000000000e+01 0.000000000000000000e+00 0.000000000000000000e+00 3.117355753449830665e-11
5.300000000000000000e+01 0.000000000000000000e+00 0.000000000000000000e+00 3.006266463577573364e-11
5.400000000000000000e+01 0.000000000000000000e+00 0.000000000000000000e+00 2.901239339996987301e-11
5.500000000000000000e+01 0.000000000000000000e+00 0.000000000000000000e+00 2.801841291099770756e-11
5.600000000000000000e+01 0.000000000000000000e+00 0.000000000000000000e+00 2.707677079410324793e-11
5.700000000000000000e+01 0.000000000000000000e+00 0.000000000000000000e+00 2.618385702955566468e-11
5.800000000000000000e+01 0.000000000000000000e+00 0.000000000000000000e+00 2.533636625458808093e-11
5.900000000000000000e+01 0.000000000000000000e+00 0.000000000000000000e+00 2.453127003822783004e-11
6.000000000000000000e+01 0.000000000000000000e+00 0.000000000000000000e+00 2.376578701053439727e-11
6.100000000000000000e+01 0.000000000000000000e+00 0.000000000000000000e+00 2.303736137629788019e-11
6.200000000000000000e+01 0.000000000000000000e+00 0.000000000000000000e+00 2.234363912283918472e-11
6.300000000000000000e+01 0.000000000000000000e+00 0.000000000000000000e+00 2.168245131396832386e-11
6.400000000000000000e+01 0.000000000000000000e+00 0.000000000000000000e+00 2.105179485334796009e-11
6.500000000000000000e+01 0.000000000000000000e+00 0.000000000000000000e+00 2.044981945977962257e-11
6.600000000000000000e+01 0.000000000000000000e+00 0.000000000000000000e+00 1.987481199903439644e-11
6.700000000000000000e+01 0.000000000000000000e+00 0.000000000000000000e+00 1.932518626394190408e-11
6.800000000000000000e+01 0.000000000000000000e+00 0.000000000000000000e+00 1.879947014486699710e-11
6.900000000000000000e+01 0.000000000000000000e+00 0.000000000000000000e+00 1.829629755764467165e-11
7.000000000000000000e+01 0.000000000000000000e+00 0.000000000000000000e+00 1.781439782215197117e-11
7.100000000000000000e+01 0.000000000000000000e+00 0.000000000000000000e+00 1.735258932161490682e-11
7.200000000000000000e+01 0.000000000000000000e+00 0.000000000000000000e+00 1.690977061366000217e-11
7.300000000000000000e+01 0.000000000000000000e+00 0.000000000000000000e+00 1.648491544235990116e-11
7.400000000000000000e+01 0.000000000000000000e+00 0.000000000000000000e+00 1.607706526387425675e-11
7.500000000000000000e+01 0.000000000000000000e+00 0.000000000000000000e+00 1.568532529011126811e-11
7.600000000000000000e+01 0.000000000000000000e+00 0.000000000000000000e+00 1.530885818679864659e-11
7.700000000000000000e+01 0.000000000000000000e+00 0.000000000000000000e+00 1.494688094088660057e-11
7.800000000000000000e+01 0.000000000000000000e+00 0.000000000000000000e+00 1.459865948479239918e-11
7.900000000000000000e+01 0.000000000000000000e+00 0.000000000000000000e+00 1.426350622444682611e-11
8.000000000000000000e+01 0.000000000000000000e+00 0.000000000000000000e+00 1.394077544888989544e-11
8.100000000000000000e+01 0.000000000000000000e+00 0.000000000000000000e+00 1.362986137010271336e-11
8.200000000000000000e+01 0.000000000000000000e+00 0.000000000000000000e+00 1.333019416505920407e-11
8.300000000000000000e+01 0.000000000000000000e+00 0.000000000000000000e+00 1.304123844099174159e-11
8.400000000000000000e+01 0.000000000000000000e+00 0.000000000000000000e+00 1.276248980221681735e-11
8.500000000000000000e+01 0.000000000000000000e+00 0.000000000000000000e+00 1.249347365650186637e-11
8.600000000000000000e+01 0.000000000000000000e+00 0.000000000000000000e+00 1.223374222500916402e-11
8.700000000000000000e+01 0.000000000000000000e+00 0.000000000000000000e+00 1.198287361793067930e-11
8.800000000000000000e+01 0.000000000000000000e+00 0.000000000000000000e+00 1.174046920321636973e-11
8.900000000000000000e+01 0.000000000000000000e+00 0.000000000000000000e+00 1.150615292444215944e-11
9.000000000000000000e+01 0.000000000000000000e+00 0.000000000000000000e+00 1.127956896020657064e-11
9.100000000000000000e+01 0.000000000000000000e+00 0.000000000000000000e+00 1.106038123492998950e-11
9.200000000000000000e+01 0.000000000000000000e+00 0.000000000000000000e+00 1.084827133788214870e-11
9.300000000000000000e+01 0.000000000000000000e+00 0.000000000000000000e+00 1.064293817705483664e-11
9.400000000000000000e+01 0.000000000000000000e+00 0.000000000000000000e+00 1.044409612815788647e-11
9.500000000000000000e+01 0.000000000000000000e+00 0.000000000000000000e+00 1.025147479532413710e-11
9.600000000000000000e+01 0.000000000000000000e+00 0.000000000000000000e+00 1.006481736575177988e-11
9.700000000000000000e+01 0.000000000000000000e+00 0.000000000000000000e+00 9.883880466383442886e-12
9.800000000000000000e+01 0.000000000000000000e+00 0.000000000000000000e+00 9.708432672917201618e-12
9.900000000000000000e+01 0.000000000000000000e+00 0.000000000000000000e+00 9.538254452281779960e-12
1.000000000000000000e+02 0.000000000000000000e+00 0.000000000000000000e+00 9.373136814759411493e-12
1.010000000000000000e+02 0.000000000000000000e+00 0.000000000000000000e+00 9.212881315634305449e-12
1.020000000000000000e+02 0.000000000000000000e+00 0.000000000000000000e+00 9.057298831181285970e-12
1.030000000000000000e+02 0.000000000000000000e+00 0.000000000000000000e+00 8.906209620824200073e-12
1.040000000000000000e+02 0.000000000000000000e+00 0.000000000000000000e+00 8.759442206267489483e-12
1.050000000000000000e+02 0.000000000000000000e+00 0.000000000000000000e+00 8.616833464464220062e-12
1.060000000000000000e+02 0.000000000000000000e+00 0.000000000000000000e+00 8.478227620456324114e-12
1.070000000000000000e+02 0.000000000000000000e+00 0.000000000000000000e+00 8.343476360893612249e-12
1.080000000000000000e+02 0.000000000000000000e+00 0.000000000000000000e+00 8.212437911675701291e-12
1.090000000000000000e+02 0.000000000000000000e+00 0.000000000000000000e+00 8.084977183875639221e-12
1.100000000000000000e+02 0.000000000000000000e+00 0.000000000000000000e+00 7.960964918207853234e-12
1.110000000000000000e+02 0.000000000000000000e+00 0.000000000000000000e+00 7.840277861197365593e-12
1.120000000000000000e+02 0.000000000000000000e+00 0.000000000000000000e+00 7.722797959689897222e-12
1.130000000000000000e+02 0.000000000000000000e+00 0.000000000000000000e+00 7.608412568048625116e-12
1.140000000000000000e+02 0.000000000000000000e+00 0.000000000000000000e+00 7.497013695814676021e-12
1.150000000000000000e+02 0.000000000000000000e+00 0.000000000000000000e+00 7.388498222659280468e-12
1.160000000000000000e+02 0.000000000000000000e+00 0.000000000000000000e+00 7.282767206109207922e-12
1.170000000000000000e+02 0.000000000000000000e+00 0.000000000000000000e+00 7.179726101020609926e-12
1.180000000000000000e+02 0.000000000000000000e+00 0.000000000000000000e+00 7.079284111655823061e-12
1.190000000000000000e+02 0.000000000000000000e+00 0.000000000000000000e+00 6.981354423212899373e-12
1.200000000000000000e+02 0.000000000000000000e+00 0.000000000000000000e+00 6.885853596405331396e-12
1.210000000000000000e+02 0.000000000000000000e+00 0.000000000000000000e+00 6.792701797762564245e-12
1.220000000000000000e+02 0.000000000000000000e+00 0.000000000000000000e+00 6.701822236033131592e-12
1.230000000000000000e+02 0.000000000000000000e+00 0.000000000000000000e+00 6.613141393635220236e-12
1.240000000000000000e+02 0.000000000000000000e+00 0.000000000000000000e+00 6.526588500296091788e-12
1.250000000000000000e+02 0.000000000000000000e+00 0.000000000000000000e+00 6.442095761655494803e-12
1.260000000000000000e+02 0.000000000000000000e+00 0.000000000000000000e+00 6.359597866955671035e-12
1.270000000000000000e+02 0.000000000000000000e+00 0.000000000000000000e+00 6.279032218037972403e-12
1.280000000000000000e+02 0.000000000000000000e+00 0.000000000000000000e+00 6.200338462864594935e-12
1.290000000000000000e+02 0.000000000000000000e+00 0.000000000000000000e+00 6.123458727404472992e-12
1.300000000000000000e+02 0.000000000000000000e+00 0.000000000000000000e+00 6.048337170481710928e-12
1.310000000000000000e+02 0.000000000000000000e+00 0.000000000000000000e+00 5.974920219155653003e-12
1.320000000000000000e+02 0.000000000000000000e+00 0.000000000000000000e+00 5.903156140183297422e-12
1.330000000000000000e+02 0.000000000000000000e+00 0.000000000000000000e+00 5.832995282245816595e-12
1.340000000000000000e+02 0.000000000000000000e+00 0.000000000000000000e+00 5.764389662104066491e-12
1.350000000000000000e+02 0.000000000000000000e+00 0.000000000000000000e+00 5.697293207399263946e-12
1.360000000000000000e+02 0.000000000000000000e+00 0.000000000000000000e+00 5.631661361656078508e-12
1.370000000000000000e+02 0.000000000000000000e+00 0.000000000000000000e+00 5.567451322434193609e-12
1.380000000000000000e+02 0.000000000000000000e+00 0.000000000000000000e+00 5.504621668646140748e-12
1.390000000000000000e+02 0.000000000000000000e+00 0.000000000000000000e+00 5.443132591452037464e-12
1.400000000000000000e+02 0.000000000000000000e+00 0.000000000000000000e+00 5.382945542126306104e-12
1.410000000000000000e+02 0.000000000000000000e+00 0.000000000000000000e+00 5.324023455454942857e-12
1.420000000000000000e+02 0.000000000000000000e+00 0.000000000000000000e+00 5.266330417284454742e-12
1.430000000000000000e+02 0.000000000000000000e+00 0.000000000000000000e+00 5.209831880052270242e-12
1.440000000000000000e+02 0.000000000000000000e+00 0.000000000000000000e+00 5.154494346563370980e-12
1.450000000000000000e+02 0.000000000000000000e+00 0.000000000000000000e+00 5.100285584661595308e-12
1.460000000000000000e+02 0.000000000000000000e+00 0.000000000000000000e+00 5.047174320481784663e-12
1.470000000000000000e+02 0.000000000000000000e+00 0.000000000000000000e+00 4.995130449106208527e-12
1.480000000000000000e+02 0.000000000000000000e+00 0.000000000000000000e+00 4.944124742281226370e-12
1.490000000000000000e+02 0.000000000000000000e+00 0.000000000000000000e+00 4.894129056378418102e-12
1.500000000000000000e+02 0.000000000000000000e+00 0.000000000000000000e+00 4.845116047628048688e-12
1.510000000000000000e+02 0.000000000000000000e+00 0.000000000000000000e+00 4.797059379192681460e-12
1.520000000000000000e+02 0.000000000000000000e+00 0.000000000000000000e+00 4.749933446374109633e-12
1.530000000000000000e+02 0.000000000000000000e+00 0.000000000000000000e+00 4.703713578256393988e-12
1.540000000000000000e+02 0.000000000000000000e+00 0.000000000000000000e+00 4.658375775271464857e-12
1.550000000000000000e+02 0.000000000000000000e+00 0.000000000000000000e+00 4.613896907728626129e-12
1.560000000000000000e+02 0.000000000000000000e+00 0.000000000000000000e+00 4.570254459398884929e-12
1.570000000000000000e+02 0.000000000000000000e+00 0.000000000000000000e+00 4.527426724719915709e-12
1.580000000000000000e+02 0.000000000000000000e+00 0.000000000000000000e+00 4.485392559672890941e-12
1.590000000000000000e+02 0.000000000000000000e+00 0.000000000000000000e+00 4.444131577500512130e-12
1.600000000000000000e+02 0.000000000000000000e+00 0.000000000000000000e+00 4.403623904847076038e-12
1.610000000000000000e+02 0.000000000000000000e+00 0.000000000000000000e+00 4.363850376178221488e-12
1.620000000000000000e+02 0.000000000000000000e+00 0.000000000000000000e+00 4.324792296816004822e-12
1.630000000000000000e+02 0.000000000000000000e+00 0.000000000000000000e+00 4.286431633406830104e-12
1.640000000000000000e+02 0.000000000000000000e+00 0.000000000000000000e+00 4.248750784387052476e-12
1.650000000000000000e+02 0.000000000000000000e+00 0.000000000000000000e+00 4.211732767190135729e-12
1.660000000000000000e+02 0.000000000000000000e+00 0.000000000000000000e+00 4.175360996051398683e-12
1.670000000000000000e+02 0.000000000000000000e+00 0.000000000000000000e+00 4.139619464498006482e-12
1.680000000000000000e+02 0.000000000000000000e+00 0.000000000000000000e+00 4.104492530445490982e-12
1.690000000000000000e+02 0.000000000000000000e+00 0.000000000000000000e+00 4.069965095778134245e-12
1.700000000000000000e+02 0.000000000000000000e+00 0.000000000000000000e+00 4.036022395373389986e-12
1.710000000000000000e+02 0.000000000000000000e+00 0.000000000000000000e+00 4.002650176839796513e-12
1.720000000000000000e+02 0.000000000000000000e+00 0.000000000000000000e+00 3.969834492720434209e-12
1.730000000000000000e+02 0.000000000000000000e+00 0.000000000000000000e+00 3.937561876321451228e-12
1.740000000000000000e+02 0.000000000000000000e+00 0.000000000000000000e+00 3.905819143407260987e-12
1.750000000000000000e+02 0.000000000000000000e+00 0.000000000000000000e+00 3.874593560357979846e-12
1.760000000000000000e+02 0.000000000000000000e+00 0.000000000000000000e+00 3.843872654003148827e-12
1.770000000000000000e+02 0.000000000000000000e+00 0.000000000000000000e+00 3.813644375574531457e-12
1.780000000000000000e+02 0.000000000000000000e+00 0.000000000000000000e+00 3.783896914779359082e-12
1.790000000000000000e+02 0.000000000000000000e+00 0.000000000000000000e+00 3.754618862854951925e-12
1.800000000000000000e+02 0.000000000000000000e+00 0.000000000000000000e+00 3.725799029111554933e-12
1.810000000000000000e+02 0.000000000000000000e+00 0.000000000000000000e+00 3.697426602575001114e-12
1.820000000000000000e+02 0.000000000000000000e+00 0.000000000000000000e+00 3.669490972062595721e-12
1.830000000000000000e+02 0.000000000000000000e+00 0.000000000000000000e+00 3.641981885773862758e-12
1.840000000000000000e+02 0.000000000000000000e+00 0.000000000000000000e+00 3.614889274958745724e-12
1.850000000000000000e+02 0.000000000000000000e+00 0.000000000000000000e+00 3.588203412028635439e-12
1.860000000000000000e+02 0.000000000000000000e+00 0.000000000000000000e+00 3.561914736410877808e-12
1.870000000000000000e+02 0.000000000000000000e+00 0.000000000000000000e+00 3.536014011483631599e-12
1.880000000000000000e+02 0.000000000000000000e+00 0.000000000000000000e+00 3.510492153220890599e-12
1.890000000000000000e+02 0.000000000000000000e+00 0.000000000000000000e+00 3.485340385468554671e-12
1.900000000000000000e+02 0.000000000000000000e+00 0.000000000000000000e+00 3.460550072137696864e-12
1.910000000000000000e+02 0.000000000000000000e+00 0.000000000000000000e+00 3.436112869366778083e-12
1.920000000000000000e+02 0.000000000000000000e+00 0.000000000000000000e+00 3.412020561005636990e-12
1.930000000000000000e+02 0.000000000000000000e+00 0.000000000000000000e+00 3.388265209497114378e-12
1.940000000000000000e+02 0.000000000000000000e+00 0.000000000000000000e+00 3.364838994434261790e-12
1.950000000000000000e+02 0.000000000000000000e+00 0.000000000000000000e+00 3.341734360473427526e-12
1.960000000000000000e+02 0.000000000000000000e+00 0.000000000000000000e+00 3.318943858939361270e-12
1.970000000000000000e+02 0.000000000000000000e+00 0.000000000000000000e+00 3.296460295018935691e-12
1.980000000000000000e+02 0.000000000000000000e+00 0.000000000000000000e+00 3.274276570538684267e-12
1.990000000000000000e+02 0.000000000000000000e+00 0.000000000000000000e+00 3.252385829743657914e-12
2.000000000000000000e+02 0.000000000000000000e+00 0.000000000000000000e+00 3.230781305716482479e-12
2.010000000000000000e+02 0.000000000000000000e+00 0.000000000000000000e+00 3.209456462881562822e-12
2.020000000000000000e+02 0.000000000000000000e+00 0.000000000000000000e+00 3.188404846893454141e-12
2.030000000000000000e+02 0.000000000000000000e+00 0.000000000000000000e+00 3.167620224164616158e-12
2.040000000000000000e+02 0.000000000000000000e+00 0.000000000000000000e+00 3.147096436365186710e-12
2.050000000000000000e+02 0.000000000000000000e+00 0.000000000000000000e+00 3.126827536344227249e-12
2.060000000000000000e+02 0.000000000000000000e+00 0.000000000000000000e+00 3.106807645128493077e-12
2.070000000000000000e+02 0.000000000000000000e+00 0.000000000000000000e+00 3.087031086132484499e-12
2.080000000000000000e+02 0.000000000000000000e+00 0.000000000000000000e+00 3.067492245812000689e-12
2.090000000000000000e+02 0.000000000000000000e+00 0.000000000000000000e+00 3.048185704327316313e-12
2.100000000000000000e+02 0.000000000000000000e+00 0.000000000000000000e+00 3.029106099251858327e-12
2.110000000000000000e+02 0.000000000000000000e+00 0.000000000000000000e+00 3.010248255038899768e-12
2.120000000000000000e+02 0.000000000000000000e+00 0.000000000000000000e+00 2.991607048010016629e-12
2.130000000000000000e+02 0.000000000000000000e+00 0.000000000000000000e+00 2.973177534121273606e-12
2.140000000000000000e+02 0.000000000000000000e+00 0.000000000000000000e+00 2.954954816391847620e-12
2.150000000000000000e+02 0.000000000000000000e+00 0.000000000000000000e+00 2.936934172292658933e-12
2.160000000000000000e+02 0.000000000000000000e+00 0.000000000000000000e+00 2.919110920546224310e-12
2.170000000000000000e+02 0.000000000000000000e+00 0.000000000000000000e+00 2.901480548870535145e-12
2.180000000000000000e+02 0.000000000000000000e+00 0.000000000000000000e+00 2.884038582998324668e-12
2.190000000000000000e+02 0.000000000000000000e+00 0.000000000000000000e+00 2.866780710998819090e-12
2.200000000000000000e+02 0.000000000000000000e+00 0.000000000000000000e+00 2.849702655533061382e-12
2.210000000000000000e+02 0.000000000000000000e+00 0.000000000000000000e+00 2.832800296893605582e-12
2.220000000000000000e+02 0.000000000000000000e+00 0.000000000000000000e+00 2.816069545863391207e-12
2.230000000000000000e+02 0.000000000000000000e+00 0.000000000000000000e+00 2.799506466179990463e-12
2.240000000000000000e+02 0.000000000000000000e+00 0.000000000000000000e+00 2.783107149609012781e-12
2.250000000000000000e+02 0.000000000000000000e+00 0.000000000000000000e+00 2.766867835544962123e-12
2.260000000000000000e+02 0.000000000000000000e+00 0.000000000000000000e+00 2.750784789300700355e-12
2.270000000000000000e+02 0.000000000000000000e+00 0.000000000000000000e+00 2.734854419244426340e-12
2.280000000000000000e+02 0.000000000000000000e+00 0.000000000000000000e+00 2.719073157099603800e-12
2.290000000000000000e+02 0.000000000000000000e+00 0.000000000000000000e+00 2.703437573875367030e-12
2.300000000000000000e+02 0.000000000000000000e+00 0.000000000000000000e+00 2.687944261746416240e-12
2.310000000000000000e+02 0.000000000000000000e+00 0.000000000000000000e+00 2.672589948881864662e-12
2.320000000000000000e+02 0.000000000000000000e+00 0.000000000000000000e+00 2.657371381453858626e-12
2.330000000000000000e+02 0.000000000000000000e+00 0.000000000000000000e+00 2.642285439163914832e-12
2.340000000000000000e+02 0.000000000000000000e+00 0.000000000000000000e+00 2.627329017795879791e-12
2.350000000000000000e+02 0.000000000000000000e+00 0.000000000000000000e+00 2.612499142741380608e-12
2.360000000000000000e+02 0.000000000000000000e+00 0.000000000000000000e+00 2.597792854486150246e-12
2.370000000000000000e+02 0.000000000000000000e+00 0.000000000000000000e+00 2.583207319895229259e-12
2.380000000000000000e+02 0.000000000000000000e+00 0.000000000000000000e+00 2.568739719747803030e-12
2.390000000000000000e+02 0.000000000000000000e+00 0.000000000000000000e+00 2.554387357864674198e-12
2.400000000000000000e+02 0.000000000000000000e+00 0.000000000000000000e+00 2.540147551233193851e-12
2.410000000000000000e+02 0.000000000000000000e+00 0.000000000000000000e+00 2.526017736975444789e-12
2.420000000000000000e+02 0.000000000000000000e+00 0.000000000000000000e+00 2.511995364538566777e-12
2.430000000000000000e+02 0.000000000000000000e+00 0.000000000000000000e+00 2.498078000089006988e-12
2.440000000000000000e+02 0.000000000000000000e+00 0.000000000000000000e+00 2.484263222081310175e-12
2.450000000000000000e+02 0.000000000000000000e+00 0.000000000000000000e+00 2.470548723205053089e-12
2.460000000000000000e+02 0.000000000000000000e+00 0.000000000000000000e+00 2.456932207002068306e-12
2.470000000000000000e+02 0.000000000000000000e+00 0.000000000000000000e+00 2.443411489558234619e-12
2.480000000000000000e+02 0.000000000000000000e+00 0.000000000000000000e+00 2.429984396906483679e-12
2.490000000000000000e+02 0.000000000000000000e+00 0.000000000000000000e+00 2.416648865676306865e-12
2.500000000000000000e+02 0.000000000000000000e+00 0.000000000000000000e+00 2.403402841380374996e-12
2.510000000000000000e+02 0.000000000000000000e+00 0.000000000000000000e+00 2.390244378193830600e-12
2.520000000000000000e+02 0.000000000000000000e+00 0.000000000000000000e+00 2.377171539066805830e-12
2.530000000000000000e+02 0.000000000000000000e+00 0.000000000000000000e+00 2.364182493058801897e-12
2.540000000000000000e+02 0.000000000000000000e+00 0.000000000000000000e+00 2.351275417327795046e-12
2.550000000000000000e+02 0.000000000000000000e+00 0.000000000000000000e+00 2.338448594316404445e-12
2.560000000000000000e+02 0.000000000000000000e+00 0.000000000000000000e+00 2.325700313036067820e-12
2.570000000000000000e+02 0.000000000000000000e+00 0.000000000000000000e+00 2.313028966076515001e-12
2.580000000000000000e+02 0.000000000000000000e+00 0.000000000000000000e+00 2.300432952310297084e-12
2.590000000000000000e+02 0.000000000000000000e+00 0.000000000000000000e+00 2.287910772510021703e-12
2.600000000000000000e+02 0.000000000000000000e+00 0.000000000000000000e+00 2.275460932938308358e-12
2.610000000000000000e+02 0.000000000000000000e+00 0.000000000000000000e+00 2.263082040404330541e-12
2.620000000000000000e+02 0.000000000000000000e+00 0.000000000000000000e+00 2.250772706542777365e-12
2.630000000000000000e+02 0.000000000000000000e+00 0.000000000000000000e+00 2.238531641385929618e-12
2.640000000000000000e+02 0.000000000000000000e+00 0.000000000000000000e+00 2.226357559768561188e-12
2.650000000000000000e+02 0.000000000000000000e+00 0.000000000000000000e+00 2.214249273020192244e-12
2.660000000000000000e+02 0.000000000000000000e+00 0.000000000000000000e+00 2.202205596629001561e-12
2.670000000000000000e+02 0.000000000000000000e+00 0.000000000000000000e+00 2.190225440977007903e-12
2.680000000000000000e+02 0.000000000000000000e+00 0.000000000000000000e+00 2.178307719710860280e-12
2.690000000000000000e+02 0.000000000000000000e+00 0.000000000000000000e+00 2.166451439882882318e-12
2.700000000000000000e+02 0.000000000000000000e+00 0.000000000000000000e+00 2.154655611011884631e-12
2.710000000000000000e+02 0.000000000000000000e+00 0.000000000000000000e+00 2.142919333722782264e-12
2.720000000000000000e+02 0.000000000000000000e+00 0.000000000000000000e+00 2.131241710841617067e-12
2.730000000000000000e+02 0.000000000000000000e+00 0.000000000000000000e+00 2.119621933910181663e-12
2.740000000000000000e+02 0.000000000000000000e+00 0.000000000000000000e+00 2.108059196309502343e-12
2.750000000000000000e+02 0.000000000000000000e+00 0.000000000000000000e+00 2.096552777843401422e-12
2.760000000000000000e+02 0.000000000000000000e+00 0.000000000000000000e+00 2.085101959219091895e-12
2.770000000000000000e+02 0.000000000000000000e+00 0.000000000000000000e+00 2.073706105506122322e-12
2.780000000000000000e+02 0.000000000000000000e+00 0.000000000000000000e+00 2.062364581432878938e-12
2.790000000000000000e+02 0.000000000000000000e+00 0.000000000000000000e+00 2.051076833834250133e-12
2.800000000000000000e+02 0.000000000000000000e+00 0.000000000000000000e+00 2.039842307986102905e-12
2.810000000000000000e+02 0.000000000000000000e+00 0.000000000000000000e+00 2.028660529395122667e-12
2.820000000000000000e+02 0.000000000000000000e+00 0.000000000000000000e+00 2.017531020185343115e-12
2.830000000000000000e+02 0.000000000000000000e+00 0.000000000000000000e+00 2.006453380439610923e-12
2.840000000000000000e+02 0.000000000000000000e+00 0.000000000000000000e+00 1.995427205464757518e-12
2.850000000000000000e+02 0.000000000000000000e+00 0.000000000000000000e+00 1.984452165802876576e-12
2.860000000000000000e+02 0.000000000000000000e+00 0.000000000000000000e+00 1.973527925899519321e-12
2.870000000000000000e+02 0.000000000000000000e+00 0.000000000000000000e+00 1.962654222212217500e-12
2.880000000000000000e+02 0.000000000000000000e+00 0.000000000000000000e+00 1.951830784022491330e-12
2.890000000000000000e+02 0.000000000000000000e+00 0.000000000000000000e+00 1.941057409562135507e-12
2.900000000000000000e+02 0.000000000000000000e+00 0.000000000000000000e+00 1.930333888162830707e-12
2.910000000000000000e+02 0.000000000000000000e+00 0.000000000000000000e+00 1.919660075023158194e-12
2.920000000000000000e+02 0.000000000000000000e+00 0.000000000000000000e+00 1.909035814894736056e-12
2.930000000000000000e+02 0.000000000000000000e+00 0.000000000000000000e+00 1.898461015257721762e-12
2.940000000000000000e+02 0.000000000000000000e+00 0.000000000000000000e+00 1.887935571139001206e-12
2.950000000000000000e+02 0.000000000000000000e+00 0.000000000000000000e+00 1.877459437111368534e-12
2.960000000000000000e+02 0.000000000000000000e+00 0.000000000000000000e+00 1.867032553518597549e-12
2.970000000000000000e+02 0.000000000000000000e+00 0.000000000000000000e+00 1.856654916797008784e-12
2.980000000000000000e+02 0.000000000000000000e+00 0.000000000000000000e+00 1.846326507438175553e-12
2.990000000000000000e+02 0.000000000000000000e+00 0.000000000000000000e+00 1.836047358654500874e-12
3.000000000000000000e+02 0.000000000000000000e+00 0.000000000000000000e+00 1.825817485379966537e-12
3.010000000000000000e+02 0.000000000000000000e+00 0.000000000000000000e+00 1.815636952582257724e-12
3.020000000000000000e+02 0.000000000000000000e+00 0.000000000000000000e+00 1.805505804344517212e-12
3.030000000000000000e+02 0.000000000000000000e+00 0.000000000000000000e+00 1.795424131584032131e-12
3.040000000000000000e+02 0.000000000000000000e+00 0.000000000000000000e+00 1.785392002430208447e-12
3.050000000000000000e+02 0.000000000000000000e+00 0.000000000000000000e+00 1.775409528912816464e-12
3.060000000000000000e+02 0.000000000000000000e+00 0.000000000000000000e+00 1.765476797836271451e-12
3.070000000000000000e+02 0.000000000000000000e+00 0.000000000000000000e+00 1.755593936935595287e-12
3.080000000000000000e+02 0.000000000000000000e+00 0.000000000000000000e+00 1.745761046751096910e-12
3.090000000000000000e+02 0.000000000000000000e+00 0.000000000000000000e+00 1.735978265625677687e-12
3.100000000000000000e+02 0.000000000000000000e+00 0.000000000000000000e+00 1.726245702984379784e-12
3.110000000000000000e+02 0.000000000000000000e+00 0.000000000000000000e+00 1.716563503126196151e-12
3.120000000000000000e+02 0.000000000000000000e+00 0.000000000000000000e+00 1.706931779520209936e-12
3.130000000000000000e+02 0.000000000000000000e+00 0.000000000000000000e+00 1.697350677748774710e-12
3.140000000000000000e+02 0.000000000000000000e+00 0.000000000000000000e+00 1.687820310877084916e-12
3.150000000000000000e+02 0.000000000000000000e+00 0.000000000000000000e+00 1.678340821685758873e-12
3.160000000000000000e+02 0.000000000000000000e+00 0.000000000000000000e+00 1.668912319104589397e-12
3.170000000000000000e+02 0.000000000000000000e+00 0.000000000000000000e+00 1.659534938913222446e-12
3.180000000000000000e+02 0.000000000000000000e+00 0.000000000000000000e+00 1.650208781995020329e-12
3.190000000000000000e+02 0.000000000000000000e+00 0.000000000000000000e+00 1.640933973878395019e-12
3.200000000000000000e+02 0.000000000000000000e+00 0.000000000000000000e+00 1.631710604219663849e-12
3.210000000000000000e+02 0.000000000000000000e+00 0.000000000000000000e+00 1.622538785300678796e-12
3.220000000000000000e+02 0.000000000000000000e+00 0.000000000000000000e+00 1.613418592553844127e-12
3.230000000000000000e+02 0.000000000000000000e+00 0.000000000000000000e+00 1.604350122427618137e-12
3.240000000000000000e+02 0.000000000000000000e+00 0.000000000000000000e+00 1.595333433841138614e-12
3.250000000000000000e+02 0.000000000000000000e+00 0.000000000000000000e+00 1.586368605256010256e-12
3.260000000000000000e+02 0.000000000000000000e+00 0.000000000000000000e+00 1.577455676990802957e-12
3.270000000000000000e+02 0.000000000000000000e+00 0.000000000000000000e+00 1.568594707664949361e-12
3.280000000000000000e+02 0.000000000000000000e+00 0.000000000000000000e+00 1.559785717614903942e-12
3.290000000000000000e+02 0.000000000000000000e+00 0.000000000000000000e+00 1.551028744458481192e-12
3.300000000000000000e+02 0.000000000000000000e+00 0.000000000000000000e+00 1.542323787534887393e-12
3.310000000000000000e+02 0.000000000000000000e+00 0.000000000000000000e+00 1.533670862659837063e-12
3.320000000000000000e+02 0.000000000000000000e+00 0.000000000000000000e+00 1.525069947423124642e-12
3.330000000000000000e+02 0.000000000000000000e+00 0.000000000000000000e+00 1.516521035451260301e-12
3.340000000000000000e+02 0.000000000000000000e+00 0.000000000000000000e+00 1.508024082310582268e-12
3.350000000000000000e+02 0.000000000000000000e+00 0.000000000000000000e+00 1.499579059437118437e-12
3.360000000000000000e+02 0.000000000000000000e+00 0.000000000000000000e+00 1.491185900798290367e-12
3.370000000000000000e+02 0.000000000000000000e+00 0.000000000000000000e+00 1.482844555824125956e-12
3.380000000000000000e+02 0.000000000000000000e+00 0.000000000000000000e+00 1.474554937337697344e-12
3.390000000000000000e+02 0.000000000000000000e+00 0.000000000000000000e+00 1.466316973360258654e-12
3.400000000000000000e+02 0.000000000000000000e+00 0.000000000000000000e+00 1.458130556502672866e-12
3.410000000000000000e+02 0.000000000000000000e+00 0.000000000000000000e+00 1.449995594267308135e-12
3.420000000000000000e+02 0.000000000000000000e+00 0.000000000000000000e+00 1.441911960021643680e-12
3.430000000000000000e+02 0.000000000000000000e+00 0.000000000000000000e+00 1.433879542150833779e-12
3.440000000000000000e+02 0.000000000000000000e+00 0.000000000000000000e+00 1.425898195869756121e-12
3.450000000000000000e+02 0.000000000000000000e+00 0.000000000000000000e+00 1.417967791754093965e-12
3.460000000000000000e+02 0.000000000000000000e+00 0.000000000000000000e+00 1.410088168204589755e-12
3.470000000000000000e+02 0.000000000000000000e+00 0.000000000000000000e+00 1.402259179607171903e-12
3.480000000000000000e+02 0.000000000000000000e+00 0.000000000000000000e+00 1.394480649159298845e-12
3.490000000000000000e+02 0.000000000000000000e+00 0.000000000000000000e+00 1.386752416435502305e-12
3.500000000000000000e+02 0.000000000000000000e+00 0.000000000000000000e+00 1.379074291058945949e-12
3.510000000000000000e+02 0.000000000000000000e+00 0.000000000000000000e+00 1.371446099602979103e-12
3.520000000000000000e+02 0.000000000000000000e+00 0.000000000000000000e+00 1.363867639642555481e-12
3.530000000000000000e+02 0.000000000000000000e+00 0.000000000000000000e+00 1.356338726340181151e-12
3.540000000000000000e+02 0.000000000000000000e+00 0.000000000000000000e+00 1.348859146931681847e-12
3.550000000000000000e+02 0.000000000000000000e+00 0.000000000000000000e+00 1.341428706787085717e-12
3.560000000000000000e+02 0.000000000000000000e+00 0.000000000000000000e+00 1.334047184550734527e-12
3.570000000000000000e+02 0.000000000000000000e+00 0.000000000000000000e+00 1.326714377375900422e-12
3.580000000000000000e+02 0.000000000000000000e+00 0.000000000000000000e+00 1.319430056683925091e-12
3.590000000000000000e+02 0.000000000000000000e+00 0.000000000000000000e+00 1.312194012917741739e-12
3.600000000000000000e+02 0.000000000000000000e+00 0.000000000000000000e+00 1.305006012030028965e-12
3.610000000000000000e+02 0.000000000000000000e+00 0.000000000000000000e+00 1.297865839047277709e-12
3.620000000000000000e+02 0.000000000000000000e+00 0.000000000000000000e+00 1.290773255586246753e-12
3.630000000000000000e+02 0.000000000000000000e+00 0.000000000000000000e+00 1.283728042860801345e-12
3.640000000000000000e+02 0.000000000000000000e+00 0.000000000000000000e+00 1.276729959429419265e-12
3.650000000000000000e+02 0.000000000000000000e+00 0.000000000000000000e+00 1.269778783660696697e-12
3.660000000000000000e+02 0.000000000000000000e+00 0.000000000000000000e+00 1.262874272183576327e-12
3.670000000000000000e+02 0.000000000000000000e+00 0.000000000000000000e+00 1.256016201735871394e-12
3.680000000000000000e+02 0.000000000000000000e+00 0.000000000000000000e+00 1.249204328117985467e-12
3.690000000000000000e+02 0.000000000000000000e+00 0.000000000000000000e+00 1.242438427202674539e-12
3.700000000000000000e+02 0.000000000000000000e+00 0.000000000000000000e+00 1.235718254875758070e-12
3.710000000000000000e+02 0.000000000000000000e+00 0.000000000000000000e+00 1.229043587093813760e-12
3.720000000000000000e+02 0.000000000000000000e+00 0.000000000000000000e+00 1.222414180380899171e-12
3.730000000000000000e+02 0.000000000000000000e+00 0.000000000000000000e+00 1.215829811406826267e-12
3.740000000000000000e+02 0.000000000000000000e+00 0.000000000000000000e+00 1.209290238080239660e-12
3.750000000000000000e+02 0.000000000000000000e+00 0.000000000000000000e+00 1.202795238421701913e-12
3.760000000000000000e+02 0.000000000000000000e+00 0.000000000000000000e+00 1.196344572155339954e-12
3.770000000000000000e+02 0.000000000000000000e+00 0.000000000000000000e+00 1.189938019026602395e-12
3.780000000000000000e+02 0.000000000000000000e+00 0.000000000000000000e+00 1.183575340937475885e-12
3.790000000000000000e+02 0.000000000000000000e+00 0.000000000000000000e+00 1.177256319666989960e-12
3.800000000000000000e+02 0.000000000000000000e+00 0.000000000000000000e+00 1.170980719656443878e-12
3.810000000000000000e+02 0.000000000000000000e+00 0.000000000000000000e+00 1.164748325034199054e-12
3.820000000000000000e+02 0.000000000000000000e+00 0.000000000000000000e+00 1.158558902898900737e-12
3.830000000000000000e+02 0.000000000000000000e+00 0.000000000000000000e+00 1.152412239809263515e-12
3.840000000000000000e+02 0.000000000000000000e+00 0.000000000000000000e+00 1.146308105781959265e-12
3.850000000000000000e+02 0.000000000000000000e+00 0.000000000000000000e+00 1.140246289848374635e-12
3.860000000000000000e+02 0.000000000000000000e+00 0.000000000000000000e+00 1.134226564763203253e-12
3.870000000000000000e+02 0.000000000000000000e+00 0.000000000000000000e+00 1.128248722195290082e-12
3.880000000000000000e+02 0.000000000000000000e+00 0.000000000000000000e+00 1.122312537698066885e-12
3.890000000000000000e+02 0.000000000000000000e+00 0.000000000000000000e+00 1.116417805403053233e-12
3.900000000000000000e+02 0.000000000000000000e+00 0.000000000000000000e+00 1.110564303601895094e-12
3.910000000000000000e+02 0.000000000000000000e+00 0.000000000000000000e+00 1.104751828745942290e-12
3.920000000000000000e+02 0.000000000000000000e+00 0.000000000000000000e+00 1.098980161660845384e-12
3.930000000000000000e+02 0.000000000000000000e+00 0.000000000000000000e+00 1.093249101114924655e-12
3.940000000000000000e+02 0.000000000000000000e+00 0.000000000000000000e+00 1.087558430352377330e-12
3.950000000000000000e+02 0.000000000000000000e+00 0.000000000000000000e+00 1.081907950091154465e-12
3.960000000000000000e+02 0.000000000000000000e+00 0.000000000000000000e+00 1.076297445815432333e-12
3.970000000000000000e+02 0.000000000000000000e+00 0.000000000000000000e+00 1.070726720162997704e-12
3.980000000000000000e+02 0.000000000000000000e+00 0.000000000000000000e+00 1.065195560570290431e-12
3.990000000000000000e+02 0.000000000000000000e+00 0.000000000000000000e+00 1.059703771276023367e-12
4.000000000000000000e+02 0.000000000000000000e+00 0.000000000000000000e+00 1.054251141574748977e-12
4.010000000000000000e+02 0.000000000000000000e+00 0.000000000000000000e+00 1.048837477121133387e-12
4.020000000000000000e+02 0.000000000000000000e+00 0.000000000000000000e+00 1.043462568726126416e-12
4.030000000000000000e+02 0.000000000000000000e+00 0.000000000000000000e+00 1.038126223167338522e-12
4.040000000000000000e+02 0.000000000000000000e+00 0.000000000000000000e+00 1.032828232573968346e-12
4.050000000000000000e+02 0.000000000000000000e+00 0.000000000000000000e+00 1.027568404742646624e-12
4.060000000000000000e+02 0.000000000000000000e+00 0.000000000000000000e+00 1.022346532897465695e-12
4.070000000000000000e+02 0.000000000000000000e+00 0.000000000000000000e+00 1.017162425455552623e-12
4.080000000000000000e+02 0.000000000000000000e+00 0.000000000000000000e+00 1.012015876517038545e-12
4.090000000000000000e+02 0.000000000000000000e+00 0.000000000000000000e+00 1.006906694981083765e-12
4.100000000000000000e+02 0.000000000000000000e+00 0.000000000000000000e+00 1.001834675614243458e-12
4.110000000000000000e+02 0.000000000000000000e+00 0.000000000000000000e+00 9.967996276863303702e-13
4.120000000000000000e+02 0.000000000000000000e+00 0.000000000000000000e+00 9.918013463604273641e-13
4.130000000000000000e+02 0.000000000000000000e+00 0.000000000000000000e+00 9.868396410551722465e-13
4.140000000000000000e+02 0.000000000000000000e+00 0.000000000000000000e+00 9.819143071818582039e-13
4.150000000000000000e+02 0.000000000000000000e+00 0.000000000000000000e+00 9.770251540653624444e-13
4.160000000000000000e+02 0.000000000000000000e+00 0.000000000000000000e+00 9.721719772709090750e-13
4.170000000000000000e+02 0.000000000000000000e+00 0.000000000000000000e+00 9.673545859743525367e-13
4.180000000000000000e+02 0.000000000000000000e+00 0.000000000000000000e+00 9.625727755758556305e-13
4.190000000000000000e+02 0.000000000000000000e+00 0.000000000000000000e+00 9.578263550012635156e-13
4.200000000000000000e+02 0.000000000000000000e+00 0.000000000000000000e+00 9.531151194146249722e-13
4.210000000000000000e+02 0.000000000000000000e+00 0.000000000000000000e+00 9.484388772642531457e-13
4.220000000000000000e+02 0.000000000000000000e+00 0.000000000000000000e+00 9.437974234413903886e-13
4.230000000000000000e+02 0.000000000000000000e+00 0.000000000000000000e+00 9.391905657721226174e-13
4.240000000000000000e+02 0.000000000000000000e+00 0.000000000000000000e+00 9.346180987515469883e-13
4.250000000000000000e+02 0.000000000000000000e+00 0.000000000000000000e+00 9.300798295965624007e-13
4.260000000000000000e+02 0.000000000000000000e+00 0.000000000000000000e+00 9.255755523182217668e-13
4.270000000000000000e+02 0.000000000000000000e+00 0.000000000000000000e+00 9.211050734330298052e-13
4.280000000000000000e+02 0.000000000000000000e+00 0.000000000000000000e+00 9.166681863995833493e-13
4.290000000000000000e+02 0.000000000000000000e+00 0.000000000000000000e+00 9.122646969184887557e-13
4.300000000000000000e+02 0.000000000000000000e+00 0.000000000000000000e+00 9.078943978494971130e-13
4.310000000000000000e+02 0.000000000000000000e+00 0.000000000000000000e+00 9.035570941892559047e-13
4.320000000000000000e+02 0.000000000000000000e+00 0.000000000000000000e+00 8.992525781072519717e-13
4.330000000000000000e+02 0.000000000000000000e+00 0.000000000000000000e+00 8.949806537607117900e-13
4.340000000000000000e+02 0.000000000000000000e+00 0.000000000000000000e+00 8.907411126994467915e-13
4.350000000000000000e+02 0.000000000000000000e+00 0.000000000000000000e+00 8.865337582513175562e-13
4.360000000000000000e+02 0.000000000000000000e+00 0.000000000000000000e+00 8.823583812658452374e-13
4.370000000000000000e+02 0.000000000000000000e+00 0.000000000000000000e+00 8.782147843061209433e-13
4.380000000000000000e+02 0.000000000000000000e+00 0.000000000000000000e+00 8.741027575548164855e-13
4.390000000000000000e+02 0.000000000000000000e+00 0.000000000000000000e+00 8.700221027983832771e-13
4.400000000000000000e+02 0.000000000000000000e+00 0.000000000000000000e+00 8.659726096333327729e-13
4.410000000000000000e+02 0.000000000000000000e+00 0.000000000000000000e+00 8.619540789827739855e-13
4.420000000000000000e+02 0.000000000000000000e+00 0.000000000000000000e+00 8.579662999681049911e-13
4.430000000000000000e+02 0.000000000000000000e+00 0.000000000000000000e+00 8.540090727382237380e-13
4.440000000000000000e+02 0.000000000000000000e+00 0.000000000000000000e+00 8.500821858626118297e-13
4.450000000000000000e+02 0.000000000000000000e+00 0.000000000000000000e+00 8.461854388267797733e-13
4.460000000000000000e+02 0.000000000000000000e+00 0.000000000000000000e+00 8.423186196525662304e-13
4.470000000000000000e+02 0.000000000000000000e+00 0.000000000000000000e+00 8.384815272447636587e-13
4.480000000000000000e+02 0.000000000000000000e+00 0.000000000000000000e+00 8.346739491559113340e-13
4.490000000000000000e+02 0.000000000000000000e+00 0.000000000000000000e+00 8.308956837367392367e-13
4.500000000000000000e+02 0.000000000000000000e+00 0.000000000000000000e+00 8.271465181327104844e-13
4.510000000000000000e+02 0.000000000000000000e+00 0.000000000000000000e+00 8.234262501968352729e-13
4.520000000000000000e+02 0.000000000000000000e+00 0.000000000000000000e+00 8.197346667337090391e-13
4.530000000000000000e+02 0.000000000000000000e+00 0.000000000000000000e+00 8.160715651608145234e-13
4.540000000000000000e+02 0.000000000000000000e+00 0.000000000000000000e+00 8.124367320576058063e-13
4.550000000000000000e+02 0.000000000000000000e+00 0.000000000000000000e+00 8.088299644261115400e-13
4.560000000000000000e+02 0.000000000000000000e+00 0.000000000000000000e+00 8.052510486652489914e-13
4.570000000000000000e+02 0.000000000000000000e+00 0.000000000000000000e+00 8.016997814588815646e-13
4.580000000000000000e+02 0.000000000000000000e+00 0.000000000000000000e+00 7.981759490909104550e-13
4.590000000000000000e+02 0.000000000000000000e+00 0.000000000000000000e+00 7.946793480530412339e-13
4.600000000000000000e+02 0.000000000000000000e+00 0.000000000000000000e+00 7.912097645841020333e-13
4.610000000000000000e+02 0.000000000000000000e+00 0.000000000000000000e+00 7.877669949915792839e-13
4.620000000000000000e+02 0.000000000000000000e+00 0.000000000000000000e+00 7.843508255423771949e-13
4.630000000000000000e+02 0.000000000000000000e+00 0.000000000000000000e+00 7.809610524564528163e-13
4.640000000000000000e+02 0.000000000000000000e+00 0.000000000000000000e+00 7.775974621449995548e-13
4.650000000000000000e+02 0.000000000000000000e+00 0.000000000000000000e+00 7.742598508217773712e-13
4.660000000000000000e+02 0.000000000000000000e+00 0.000000000000000000e+00 7.709480050476408990e-13
4.670000000000000000e+02 0.000000000000000000e+00 0.000000000000000000e+00 7.676617211113242473e-13
4.680000000000000000e+02 0.000000000000000000e+00 0.000000000000000000e+00 7.644007858131532602e-13
4.690000000000000000e+02 0.000000000000000000e+00 0.000000000000000000e+00 7.611649956377357299e-13
4.700000000000000000e+02 0.000000000000000000e+00 0.000000000000000000e+00 7.579541376599428051e-13
4.710000000000000000e+02 0.000000000000000000e+00 0.000000000000000000e+00 7.547680086130581953e-13
4.720000000000000000e+02 0.000000000000000000e+00 0.000000000000000000e+00 7.516063959461275734e-13
4.730000000000000000e+02 0.000000000000000000e+00 0.000000000000000000e+00 7.484690966717983410e-13
4.740000000000000000e+02 0.000000000000000000e+00 0.000000000000000000e+00 7.453558987342982722e-13
4.750000000000000000e+02 0.000000000000000000e+00 0.000000000000000000e+00 7.422665995215742463e-13
4.760000000000000000e+02 0.000000000000000000e+00 0.000000000000000000e+00 7.392009874871010364e-13
4.770000000000000000e+02 0.000000000000000000e+00 0.000000000000000000e+00 7.361588605157232757e-13
4.780000000000000000e+02 0.000000000000000000e+00 0.000000000000000000e+00 7.331400076609653976e-13
4.790000000000000000e+02 0.000000000000000000e+00 0.000000000000000000e+00 7.301442272806228499e-13
4.800000000000000000e+02 0.000000000000000000e+00 0.000000000000000000e+00 7.271713091480562225e-13
4.810000000000000000e+02 0.000000000000000000e+00 0.000000000000000000e+00 7.242210522076599520e-13
4.820000000000000000e+02 0.000000000000000000e+00 0.000000000000000000e+00 7.212932469675046878e-13
4.830000000000000000e+02 0.000000000000000000e+00 0.000000000000000000e+00 7.183876930825680505e-13
4.840000000000000000e+02 0.000000000000000000e+00 0.000000000000000000e+00 7.155041818477995725e-13
4.850000000000000000e+02 0.000000000000000000e+00 0.000000000000000000e+00 7.126425136528393752e-13
4.860000000000000000e+02 0.000000000000000000e+00 0.000000000000000000e+00 7.098024806772897931e-13
4.870000000000000000e+02 0.000000000000000000e+00 0.000000000000000000e+00 7.069838841776369508e-13
4.880000000000000000e+02 0.000000000000000000e+00 0.000000000000000000e+00 7.041865172630122501e-13
4.890000000000000000e+02 0.000000000000000000e+00 0.000000000000000000e+00 7.014101820460186032e-13
4.900000000000000000e+02 0.000000000000000000e+00 0.000000000000000000e+00 6.986546727027094423e-13
4.910000000000000000e+02 0.000000000000000000e+00 0.000000000000000000e+00 6.959197923157194154e-13
4.920000000000000000e+02 0.000000000000000000e+00 0.000000000000000000e+00 6.932053361938448221e-13
4.930000000000000000e+02 0.000000000000000000e+00 0.000000000000000000e+00 6.905111084409588880e-13
4.940000000000000000e+02 0.000000000000000000e+00 0.000000000000000000e+00 6.878369055400703780e-13
4.950000000000000000e+02 0.000000000000000000e+00 0.000000000000000000e+00 6.851825327221329542e-13
4.960000000000000000e+02 0.000000000000000000e+00 0.000000000000000000e+00 6.825477877071109901e-13
4.970000000000000000e+02 0.000000000000000000e+00 0.000000000000000000e+00 6.799324769417482528e-13
4.980000000000000000e+02 0.000000000000000000e+00 0.000000000000000000e+00 6.773363994534190659e-13
4.990000000000000000e+02 0.000000000000000000e+00 0.000000000000000000e+00 6.747593629583811268e-13
5.000000000000000000e+02 0.000000000000000000e+00 0.000000000000000000e+00 6.722011678980268615e-13
5.010000000000000000e+02 0.000000000000000000e+00 0.000000000000000000e+00 6.696616233296533733e-13
5.020000000000000000e+02 0.000000000000000000e+00 0.000000000000000000e+00 6.671405312018141307e-13
5.030000000000000000e+02 0.000000000000000000e+00 0.000000000000000000e+00 6.646377019874494179e-13
5.040000000000000000e+02 0.000000000000000000e+00 0.000000000000000000e+00 6.621529391985678696e-13
5.050000000000000000e+02 0.000000000000000000e+00 0.000000000000000000e+00 6.596860548378773193e-13
5.060000000000000000e+02 0.000000000000000000e+00 0.000000000000000000e+00 6.572368540858615979e-13
5.070000000000000000e+02 0.000000000000000000e+00 0.000000000000000000e+00 6.548051505054457659e-13
5.080000000000000000e+02 0.000000000000000000e+00 0.000000000000000000e+00 6.523907510385794203e-13
5.090000000000000000e+02 0.000000000000000000e+00 0.000000000000000000e+00 6.499934709039942924e-13
5.100000000000000000e+02 0.000000000000000000e+00 0.000000000000000000e+00 6.476131188303706001e-13
5.110000000000000000e+02 0.000000000000000000e+00 0.000000000000000000e+00 6.452495118420657949e-13
5.120000000000000000e+02 0.000000000000000000e+00 0.000000000000000000e+00 6.429024605145272461e-13
5.130000000000000000e+02 0.000000000000000000e+00 0.000000000000000000e+00 6.405717837296062473e-13
5.140000000000000000e+02 0.000000000000000000e+00 0.000000000000000000e+00 6.382572940089711469e-13
5.150000000000000000e+02 0.000000000000000000e+00 0.000000000000000000e+00 6.359588121689362770e-13
5.160000000000000000e+02 0.000000000000000000e+00 0.000000000000000000e+00 6.336761527951979630e-13
5.170000000000000000e+02 0.000000000000000000e+00 0.000000000000000000e+00 6.314091386876432845e-13
5.180000000000000000e+02 0.000000000000000000e+00 0.000000000000000000e+00 6.291575865953405115e-13
5.190000000000000000e+02 0.000000000000000000e+00 0.000000000000000000e+00 6.269213213991969412e-13
5.200000000000000000e+02 0.000000000000000000e+00 0.000000000000000000e+00 6.247001620758565238e-13
5.210000000000000000e+02 0.000000000000000000e+00 0.000000000000000000e+00 6.224939356742847135e-13
5.220000000000000000e+02 0.000000000000000000e+00 0.000000000000000000e+00 6.203024634146895967e-13
5.230000000000000000e+02 0.000000000000000000e+00 0.000000000000000000e+00 6.181255746284109029e-13
5.240000000000000000e+02 0.000000000000000000e+00 0.000000000000000000e+00 6.159630929185569651e-13
5.250000000000000000e+02 0.000000000000000000e+00 0.000000000000000000e+00 6.138148499085440958e-13
5.260000000000000000e+02 0.000000000000000000e+00 0.000000000000000000e+00 6.116806716555430451e-13
5.270000000000000000e+02 0.000000000000000000e+00 0.000000000000000000e+00 6.095603922109757472e-13
5.280000000000000000e+02 0.000000000000000000e+00 0.000000000000000000e+00 6.074538401078964990e-13
5.290000000000000000e+02 0.000000000000000000e+00 0.000000000000000000e+00 6.053608518982667614e-13
5.300000000000000000e+02 0.000000000000000000e+00 0.000000000000000000e+00 6.032812586980374367e-13
5.310000000000000000e+02 0.000000000000000000e+00 0.000000000000000000e+00 6.012148996378273913e-13
5.320000000000000000e+02 0.000000000000000000e+00 0.000000000000000000e+00 5.991616084998301525e-13
5.330000000000000000e+02 0.000000000000000000e+00 0.000000000000000000e+00 5.971212270416587439e-13
5.340000000000000000e+02 0.000000000000000000e+00 0.000000000000000000e+00 5.950935917912537743e-13
5.350000000000000000e+02 0.000000000000000000e+00 0.000000000000000000e+00 5.930785472218326328e-13
5.360000000000000000e+02 0.000000000000000000e+00 0.000000000000000000e+00 5.910759326825100273e-13
5.370000000000000000e+02 0.000000000000000000e+00 0.000000000000000000e+00 5.890855954383566600e-13
5.380000000000000000e+02 0.000000000000000000e+00 0.000000000000000000e+00 5.871073774629707734e-13
5.390000000000000000e+02 0.000000000000000000e+00 0.000000000000000000e+00 5.851411291566575130e-13
5.400000000000000000e+02 0.000000000000000000e+00 0.000000000000000000e+00 5.831866953264134593e-13
5.410000000000000000e+02 0.000000000000000000e+00 0.000000000000000000e+00 5.812439291711185195e-13
5.420000000000000000e+02 0.000000000000000000e+00 0.000000000000000000e+00 5.793126787002935273e-13
5.430000000000000000e+02 0.000000000000000000e+00 0.000000000000000000e+00 5.773928000777399599e-13
5.440000000000000000e+02 0.000000000000000000e+00 0.000000000000000000e+00 5.754841441997531608e-13
5.450000000000000000e+02 0.000000000000000000e+00 0.000000000000000000e+00 5.735865702787340994e-13
5.460000000000000000e+02 0.000000000000000000e+00 0.000000000000000000e+00 5.716999325292249604e-13
5.470000000000000000e+02 0.000000000000000000e+00 0.000000000000000000e+00 5.698240930218246166e-13
5.480000000000000000e+02 0.000000000000000000e+00 0.000000000000000000e+00 5.679589089857919447e-13
5.490000000000000000e+02 0.000000000000000000e+00 0.000000000000000000e+00 5.661042458019548027e-13
5.500000000000000000e+02 0.000000000000000000e+00 0.000000000000000000e+00 5.642599641305367063e-13
5.510000000000000000e+02 0.000000000000000000e+00 0.000000000000000000e+00 5.624259323658084160e-13
5.520000000000000000e+02 0.000000000000000000e+00 0.000000000000000000e+00 5.606020142965660173e-13
5.530000000000000000e+02 0.000000000000000000e+00 0.000000000000000000e+00 5.587880817482603886e-13
5.540000000000000000e+02 0.000000000000000000e+00 0.000000000000000000e+00 5.569840015494725650e-13
5.550000000000000000e+02 0.000000000000000000e+00 0.000000000000000000e+00 5.551896489052059414e-13
5.560000000000000000e+02 0.000000000000000000e+00 0.000000000000000000e+00 5.534048941238303459e-13
5.570000000000000000e+02 0.000000000000000000e+00 0.000000000000000000e+00 5.516296158113003433e-13
5.580000000000000000e+02 0.000000000000000000e+00 0.000000000000000000e+00 5.498636874732972222e-13
5.590000000000000000e+02 0.000000000000000000e+00 0.000000000000000000e+00 5.481069909118625949e-13
5.600000000000000000e+02 0.000000000000000000e+00 0.000000000000000000e+00 5.463594032247136998e-13
5.610000000000000000e+02 0.000000000000000000e+00 0.000000000000000000e+00 5.446208095645298970e-13
5.620000000000000000e+02 0.000000000000000000e+00 0.000000000000000000e+00 5.428910905587773313e-13
5.630000000000000000e+02 0.000000000000000000e+00 0.000000000000000000e+00 5.411701345375000778e-13
5.640000000000000000e+02 0.000000000000000000e+00 0.000000000000000000e+00 5.394578256732988280e-13
5.650000000000000000e+02 0.000000000000000000e+00 0.000000000000000000e+00 5.377540558669070560e-13
5.660000000000000000e+02 0.000000000000000000e+00 0.000000000000000000e+00 5.360587126209139781e-13
5.670000000000000000e+02 0.000000000000000000e+00 0.000000000000000000e+00 5.343716913472311035e-13
5.680000000000000000e+02 0.000000000000000000e+00 0.000000000000000000e+00 5.326928830143696553e-13
5.690000000000000000e+02 0.000000000000000000e+00 0.000000000000000000e+00 5.310221863260985797e-13
5.700000000000000000e+02 0.000000000000000000e+00 0.000000000000000000e+00 5.293594959842876255e-13
5.710000000000000000e+02 0.000000000000000000e+00 0.000000000000000000e+00 5.277047141078800333e-13
5.720000000000000000e+02 0.000000000000000000e+00 0.000000000000000000e+00 5.260577388113844849e-13
5.730000000000000000e+02 0.000000000000000000e+00 0.000000000000000000e+00 5.244184756646534851e-13
5.740000000000000000e+02 0.000000000000000000e+00 0.000000000000000000e+00 5.227868262904952796e-13
5.750000000000000000e+02 0.000000000000000000e+00 0.000000000000000000e+00 5.211626997215641762e-13
5.760000000000000000e+02 0.000000000000000000e+00 0.000000000000000000e+00 5.195460008851696447e-13
5.770000000000000000e+02 0.000000000000000000e+00 0.000000000000000000e+00 5.179366424942727768e-13
5.780000000000000000e+02 0.000000000000000000e+00 0.000000000000000000e+00 5.163345328886009430e-13
5.790000000000000000e+02 0.000000000000000000e+00 0.000000000000000000e+00 5.147395881231733065e-13
5.800000000000000000e+02 0.000000000000000000e+00 0.000000000000000000e+00 5.131517199658330916e-13
5.810000000000000000e+02 0.000000000000000000e+00 0.000000000000000000e+00 5.115708478786365482e-13
5.820000000000000000e+02 0.000000000000000000e+00 0.000000000000000000e+00 5.099968872572264973e-13
5.830000000000000000e+02 0.000000000000000000e+00 0.000000000000000000e+00 5.084297605354033833e-13
5.840000000000000000e+02 0.000000000000000000e+00 0.000000000000000000e+00 5.068693866070563981e-13
5.850000000000000000e+02 0.000000000000000000e+00 0.000000000000000000e+00 5.053156912744004430e-13
5.860000000000000000e+02 0.000000000000000000e+00 0.000000000000000000e+00 5.037685968635884830e-13
5.870000000000000000e+02 0.000000000000000000e+00 0.000000000000000000e+00 5.022280322459079346e-13
5.880000000000000000e+02 0.000000000000000000e+00 0.000000000000000000e+00 5.006939229203515209e-13
5.890000000000000000e+02 0.000000000000000000e+00 0.000000000000000000e+00 4.991662010894987599e-13
5.900000000000000000e+02 0.000000000000000000e+00 0.000000000000000000e+00 4.976447954682811511e-13
5.910000000000000000e+02 0.000000000000000000e+00 0.000000000000000000e+00 4.961296412578724555e-13
5.920000000000000000e+02 0.000000000000000000e+00 0.000000000000000000e+00 4.946206703505646465e-13
5.930000000000000000e+02 0.000000000000000000e+00 0.000000000000000000e+00 4.931178209761202139e-13
5.940000000000000000e+02 0.000000000000000000e+00 0.000000000000000000e+00 4.916210281444811204e-13
5.950000000000000000e+02 0.000000000000000000e+00 0.000000000000000000e+00 4.901302330662349627e-13
5.960000000000000000e+02 0.000000000000000000e+00 0.000000000000000000e+00 4.886453737974390284e-13
5.970000000000000000e+02 0.000000000000000000e+00 0.000000000000000000e+00 4.871663944632099992e-13
5.980000000000000000e+02 0.000000000000000000e+00 0.000000000000000000e+00 4.856932358930964190e-13
5.990000000000000000e+02 0.000000000000000000e+00 0.000000000000000000e+00 4.842258448617755470e-13
6.000000000000000000e+02 0.000000000000000000e+00 0.000000000000000000e+00 4.827641651804997114e-13
6.010000000000000000e+02 0.000000000000000000e+00 0.000000000000000000e+00 4.813081464768741306e-13
6.020000000000000000e+02 0.000000000000000000e+00 0.000000000000000000e+00 4.798577351867403875e-13
6.030000000000000000e+02 0.000000000000000000e+00 0.000000000000000000e+00 4.784128834395871938e-13
6.040000000000000000e+02 0.000000000000000000e+00 0.000000000000000000e+00 4.769735401018895068e-13
6.050000000000000000e+02 0.000000000000000000e+00 0.000000000000000000e+00 4.755396601680459994e-13
6.060000000000000000e+02 0.000000000000000000e+00 0.000000000000000000e+00 4.741111947644433867e-13
6.070000000000000000e+02 0.000000000000000000e+00 0.000000000000000000e+00 4.726881012942069601e-13
6.080000000000000000e+02 0.000000000000000000e+00 0.000000000000000000e+00 4.712703333558285271e-13
6.090000000000000000e+02 0.000000000000000000e+00 0.000000000000000000e+00 4.698578507117642290e-13
6.100000000000000000e+02 0.000000000000000000e+00 0.000000000000000000e+00 4.684506090930860395e-13
6.110000000000000000e+02 0.000000000000000000e+00 0.000000000000000000e+00 4.670485705234939093e-13
6.120000000000000000e+02 0.000000000000000000e+00 0.000000000000000000e+00 4.656516930306535766e-13
6.130000000000000000e+02 0.000000000000000000e+00 0.000000000000000000e+00 4.642599404364987952e-13
6.140000000000000000e+02 0.000000000000000000e+00 0.000000000000000000e+00 4.628732728946248043e-13
6.150000000000000000e+02 0.000000000000000000e+00 0.000000000000000000e+00 4.614916562793343493e-13
6.160000000000000000e+02 0.000000000000000000e+00 0.000000000000000000e+00 4.601150527507295850e-13
6.170000000000000000e+02 0.000000000000000000e+00 0.000000000000000000e+00 4.587434297349229682e-13
6.180000000000000000e+02 0.000000000000000000e+00 0.000000000000000000e+00 4.573767512935297927e-13
6.190000000000000000e+02 0.000000000000000000e+00 0.000000000000000000e+00 4.560149868232882503e-13
6.200000000000000000e+02 0.000000000000000000e+00 0.000000000000000000e+00 4.546581018355103130e-13
6.210000000000000000e+02 0.000000000000000000e+00 0.000000000000000000e+00 4.533060674642108634e-13
6.220000000000000000e+02 0.000000000000000000e+00 0.000000000000000000e+00 4.519588507466438638e-13
6.230000000000000000e+02 0.000000000000000000e+00 0.000000000000000000e+00 4.506164244306661435e-13
6.240000000000000000e+02 0.000000000000000000e+00 0.000000000000000000e+00 4.492787570234146493e-13
6.250000000000000000e+02 0.000000000000000000e+00 0.000000000000000000e+00 4.479458226142672129e-13
6.260000000000000000e+02 0.000000000000000000e+00 0.000000000000000000e+00 4.466175912720943377e-13
6.270000000000000000e+02 0.000000000000000000e+00 0.000000000000000000e+00 4.452940384136061152e-13
6.280000000000000000e+02 0.000000000000000000e+00 0.000000000000000000e+00 4.439751353389261904e-13
6.290000000000000000e+02 0.000000000000000000e+00 0.000000000000000000e+00 4.426608585599646600e-13
6.300000000000000000e+02 0.000000000000000000e+00 0.000000000000000000e+00 4.413511807550316185e-13
6.310000000000000000e+02 0.000000000000000000e+00 0.000000000000000000e+00 4.400460796977342263e-13
6.320000000000000000e+02 0.000000000000000000e+00 0.000000000000000000e+00 4.387455289710575032e-13
6.330000000000000000e+02 0.000000000000000000e+00 0.000000000000000000e+00 4.374495074739108905e-13
6.340000000000000000e+02 0.000000000000000000e+00 0.000000000000000000e+00 4.361579899275022968e-13
6.350000000000000000e+02 0.000000000000000000e+00 0.000000000000000000e+00 4.348709561128089254e-13
6.360000000000000000e+02 0.000000000000000000e+00 0.000000000000000000e+00 4.335883817707230676e-13
6.370000000000000000e+02 0.000000000000000000e+00 0.000000000000000000e+00 4.323102475732128797e-13
6.380000000000000000e+02 0.000000000000000000e+00 0.000000000000000000e+00 4.310365302093599030e-13
6.390000000000000000e+02 0.000000000000000000e+00 0.000000000000000000e+00 4.297672110430346459e-13
6.400000000000000000e+02 0.000000000000000000e+00 0.000000000000000000e+00 4.285022678026964843e-13
6.410000000000000000e+02 0.000000000000000000e+00 0.000000000000000000e+00 4.272416825728800716e-13
6.420000000000000000e+02 0.000000000000000000e+00 0.000000000000000000e+00 4.259854338315514507e-13
6.430000000000000000e+02 0.000000000000000000e+00 0.000000000000000000e+00 4.247335043582336004e-13
6.440000000000000000e+02 0.000000000000000000e+00 0.000000000000000000e+00 4.234858733878980285e-13
6.450000000000000000e+02 0.000000000000000000e+00 0.000000000000000000e+00 4.222425243594884343e-13
6.460000000000000000e+02 0.000000000000000000e+00 0.000000000000000000e+00 4.210034372282565665e-13
6.470000000000000000e+02 0.000000000000000000e+00 0.000000000000000000e+00 4.197685960577732070e-13
6.480000000000000000e+02 0.000000000000000000e+00 0.000000000000000000e+00 4.185379813388579464e-13
6.490000000000000000e+02 0.000000000000000000e+00 0.000000000000000000e+00 4.173115777294973713e-13
6.500000000000000000e+02 0.000000000000000000e+00 0.000000000000000000e+00 4.160893662980330865e-13
6.510000000000000000e+02 0.000000000000000000e+00 0.000000000000000000e+00 4.148713324106333939e-13
6.520000000000000000e+02 0.000000000000000000e+00 0.000000000000000000e+00 4.136574576998533618e-13
6.530000000000000000e+02 0.000000000000000000e+00 0.000000000000000000e+00 4.124477278537085644e-13
6.540000000000000000e+02 0.000000000000000000e+00 0.000000000000000000e+00 4.112421251947102458e-13
6.550000000000000000e+02 0.000000000000000000e+00 0.000000000000000000e+00 4.100406358385490253e-13
6.560000000000000000e+02 0.000000000000000000e+00 0.000000000000000000e+00 4.088432427055474619e-13
6.570000000000000000e+02 0.000000000000000000e+00 0.000000000000000000e+00 4.076499324863583419e-13
6.580000000000000000e+02 0.000000000000000000e+00 0.000000000000000000e+00 4.064606883857150104e-13
6.590000000000000000e+02 0.000000000000000000e+00 0.000000000000000000e+00 4.052754975957121495e-13
6.600000000000000000e+02 0.000000000000000000e+00 0.000000000000000000e+00 4.040943438644863417e-13
6.610000000000000000e+02 0.000000000000000000e+00 0.000000000000000000e+00 4.029172147233416505e-13
6.620000000000000000e+02 0.000000000000000000e+00 0.000000000000000000e+00 4.017440945472766027e-13
6.630000000000000000e+02 0.000000000000000000e+00 0.000000000000000000e+00 4.005749712619828004e-13
6.640000000000000000e+02 0.000000000000000000e+00 0.000000000000000000e+00 3.994098295180158363e-13
6.650000000000000000e+02 0.000000000000000000e+00 0.000000000000000000e+00 3.982486577775710335e-13
6.660000000000000000e+02 0.000000000000000000e+00 0.000000000000000000e+00 3.970914412116883012e-13
6.670000000000000000e+02 0.000000000000000000e+00 0.000000000000000000e+00 3.959381686171758470e-13
6.680000000000000000e+02 0.000000000000000000e+00 0.000000000000000000e+00 3.947888255078200875e-13
6.690000000000000000e+02 0.000000000000000000e+00 0.000000000000000000e+00 3.936434013275376623e-13
6.700000000000000000e+02 0.000000000000000000e+00 0.000000000000000000e+00 3.925018818591129720e-13
6.710000000000000000e+02 0.000000000000000000e+00 0.000000000000000000e+00 3.913642569369480469e-13
6.720000000000000000e+02 0.000000000000000000e+00 0.000000000000000000e+00 3.902305129496152107e-13
6.730000000000000000e+02 0.000000000000000000e+00 0.000000000000000000e+00 3.891006400284893281e-13
6.740000000000000000e+02 0.000000000000000000e+00 0.000000000000000000e+00 3.879746249308459094e-13
6.750000000000000000e+02 0.000000000000000000e+00 0.000000000000000000e+00 3.868524582802467233e-13
6.760000000000000000e+02 0.000000000000000000e+00 0.000000000000000000e+00 3.857341272457263689e-13
6.770000000000000000e+02 0.000000000000000000e+00 0.000000000000000000e+00 3.846196228905184044e-13
6.780000000000000000e+02 0.000000000000000000e+00 0.000000000000000000e+00 3.835089328016594997e-13
6.790000000000000000e+02 0.000000000000000000e+00 0.000000000000000000e+00 3.824020483503386070e-13
6.800000000000000000e+02 0.000000000000000000e+00 0.000000000000000000e+00 3.812989576680193100e-13
6.810000000000000000e+02 0.000000000000000000e+00 0.000000000000000000e+00 3.801996523692314056e-13
6.820000000000000000e+02 0.000000000000000000e+00 0.000000000000000000e+00 3.791041211884811141e-13
6.830000000000000000e+02 0.000000000000000000e+00 0.000000000000000000e+00 3.780123560598835817e-13
6.840000000000000000e+02 0.000000000000000000e+00 0.000000000000000000e+00 3.769243461204469040e-13
6.850000000000000000e+02 0.000000000000000000e+00 0.000000000000000000e+00 3.758400837639982647e-13
6.860000000000000000e+02 0.000000000000000000e+00 0.000000000000000000e+00 3.747595585661154661e-13
6.870000000000000000e+02 0.000000000000000000e+00 0.000000000000000000e+00 3.736827633277986841e-13
6.880000000000000000e+02 0.000000000000000000e+00 0.000000000000000000e+00 3.726096879462251017e-13
6.890000000000000000e+02 0.000000000000000000e+00 0.000000000000000000e+00 3.715403258497460087e-13
6.900000000000000000e+02 0.000000000000000000e+00 0.000000000000000000e+00 3.704746671965968702e-13
6.910000000000000000e+02 0.000000000000000000e+00 0.000000000000000000e+00 3.694127058009736936e-13
6.920000000000000000e+02 0.000000000000000000e+00 0.000000000000000000e+00 3.683544323809069789e-13
6.930000000000000000e+02 0.000000000000000000e+00 0.000000000000000000e+00 3.672998411542254191e-13
6.940000000000000000e+02 0.000000000000000000e+00 0.000000000000000000e+00 3.662489231829037271e-13
6.950000000000000000e+02 0.000000000000000000e+00 0.000000000000000000e+00 3.652016729720797961e-13
6.960000000000000000e+02 0.000000000000000000e+00 0.000000000000000000e+00 3.641580821826550146e-13
6.970000000000000000e+02 0.000000000000000000e+00 0.000000000000000000e+00 3.631181456524279758e-13
6.980000000000000000e+02 0.000000000000000000e+00 0.000000000000000000e+00 3.620818554127907507e-13
6.990000000000000000e+02 0.000000000000000000e+00 0.000000000000000000e+00 3.610492067477985019e-13
7.000000000000000000e+02 0.000000000000000000e+00 0.000000000000000000e+00 3.600201920789037413e-13
7.010000000000000000e+02 0.000000000000000000e+00 0.000000000000000000e+00 3.589948070722459186e-13
7.020000000000000000e+02 0.000000000000000000e+00 0.000000000000000000e+00 3.579730445292587928e-13
7.030000000000000000e+02 0.000000000000000000e+00 0.000000000000000000e+00 3.569549004742485451e-13
7.040000000000000000e+02 0.000000000000000000e+00 0.000000000000000000e+00 3.559403680731632572e-13
7.050000000000000000e+02 0.000000000000000000e+00 0.000000000000000000e+00 3.549294436891607399e-13
7.060000000000000000e+02 0.000000000000000000e+00 0.000000000000000000e+00 3.539221209402741782e-13
7.070000000000000000e+02 0.000000000000000000e+00 0.000000000000000000e+00 3.529183965083922380e-13
7.080000000000000000e+02 0.000000000000000000e+00 0.000000000000000000e+00 3.519182642869201854e-13
7.090000000000000000e+02 0.000000000000000000e+00 0.000000000000000000e+00 3.509217213601688427e-13
7.100000000000000000e+02 0.000000000000000000e+00 0.000000000000000000e+00 3.499287619176506082e-13
7.110000000000000000e+02 0.000000000000000000e+00 0.000000000000000000e+00 3.489393832688987434e-13
7.120000000000000000e+02 0.000000000000000000e+00 0.000000000000000000e+00 3.479535799875037196e-13
7.130000000000000000e+02 0.000000000000000000e+00 0.000000000000000000e+00 3.469713497263666002e-13
7.140000000000000000e+02 0.000000000000000000e+00 0.000000000000000000e+00 3.459926873684627421e-13
7.150000000000000000e+02 0.000000000000000000e+00 0.000000000000000000e+00 3.450175907403555473e-13
7.160000000000000000e+02 0.000000000000000000e+00 0.000000000000000000e+00 3.440460549993838229e-13
7.170000000000000000e+02 0.000000000000000000e+00 0.000000000000000000e+00 3.430780782613741228e-13
7.180000000000000000e+02 0.000000000000000000e+00 0.000000000000000000e+00 3.421136560231594329e-13
7.190000000000000000e+02 0.000000000000000000e+00 0.000000000000000000e+00 3.411527865216764239e-13
7.200000000000000000e+02 0.000000000000000000e+00 0.000000000000000000e+00 3.401954655121764440e-13
7.210000000000000000e+02 0.000000000000000000e+00 0.000000000000000000e+00 3.392416914618421699e-13
7.220000000000000000e+02 0.000000000000000000e+00 0.000000000000000000e+00 3.382914603402332397e-13
7.230000000000000000e+02 0.000000000000000000e+00 0.000000000000000000e+00 3.373447706795456263e-13
7.240000000000000000e+02 0.000000000000000000e+00 0.000000000000000000e+00 3.364016187210854694e-13
7.250000000000000000e+02 0.000000000000000000e+00 0.000000000000000000e+00 3.354620031660345112e-13
7.260000000000000000e+02 0.000000000000000000e+00 0.000000000000000000e+00 3.345259203478419348e-13
7.270000000000000000e+02 0.000000000000000000e+00 0.000000000000000000e+00 3.335933691594111067e-13
7.280000000000000000e+02 0.000000000000000000e+00 0.000000000000000000e+00 3.326643459344370313e-13
7.290000000000000000e+02 0.000000000000000000e+00 0.000000000000000000e+00 3.317388497615054628e-13
7.300000000000000000e+02 0.000000000000000000e+00 0.000000000000000000e+00 3.308168770846118308e-13
7.310000000000000000e+02 0.000000000000000000e+00 0.000000000000000000e+00 3.298984269996468676e-13
7.320000000000000000e+02 0.000000000000000000e+00 0.000000000000000000e+00 3.289834960835508504e-13
7.330000000000000000e+02 0.000000000000000000e+00 0.000000000000000000e+00 3.280720834331616494e-13
7.340000000000000000e+02 0.000000000000000000e+00 0.000000000000000000e+00 3.271641855828353410e-13
7.350000000000000000e+02 0.000000000000000000e+00 0.000000000000000000e+00 3.262598016875433157e-13
7.360000000000000000e+02 0.000000000000000000e+00 0.000000000000000000e+00 3.253589283249972938e-13
7.370000000000000000e+02 0.000000000000000000e+00 0.000000000000000000e+00 3.244615646265915950e-13
7.380000000000000000e+02 0.000000000000000000e+00 0.000000000000000000e+00 3.235677070511534455e-13
7.390000000000000000e+02 0.000000000000000000e+00 0.000000000000000000e+00 3.226773547476624272e-13
7.400000000000000000e+02 0.000000000000000000e+00 0.000000000000000000e+00 3.217905040584156374e-13
7.410000000000000000e+02 0.000000000000000000e+00 0.000000000000000000e+00 3.209071540642470917e-13
7.420000000000000000e+02 0.000000000000000000e+00 0.000000000000000000e+00 3.200273011345033092e-13
7.430000000000000000e+02 0.000000000000000000e+00 0.000000000000000000e+00 3.191509441474445806e-13
7.440000000000000000e+02 0.000000000000000000e+00 0.000000000000000000e+00 3.182780792965528896e-13
7.450000000000000000e+02 0.000000000000000000e+00 0.000000000000000000e+00 3.174087054291394814e-13
7.460000000000000000e+02 0.000000000000000000e+00 0.000000000000000000e+00 3.165428185532993823e-13
7.470000000000000000e+02 0.000000000000000000e+00 0.000000000000000000e+00 3.156804173709395817e-13
7.480000000000000000e+02 0.000000000000000000e+00 0.000000000000000000e+00 3.148214976751340898e-13
7.490000000000000000e+02 0.000000000000000000e+00 0.000000000000000000e+00 3.139660579716928075e-13
7.500000000000000000e+02 0.000000000000000000e+00 0.000000000000000000e+00 3.131140939700376221e-13
7.510000000000000000e+02 0.000000000000000000e+00 0.000000000000000000e+00 3.122656038576942890e-13
7.520000000000000000e+02 0.000000000000000000e+00 0.000000000000000000e+00 3.114205830664510447e-13
7.530000000000000000e+02 0.000000000000000000e+00 0.000000000000000000e+00 3.105790296336810774e-13
7.540000000000000000e+02 0.000000000000000000e+00 0.000000000000000000e+00 3.097409387052686308e-13
7.550000000000000000e+02 0.000000000000000000e+00 0.000000000000000000e+00 3.089063079851845376e-13
7.560000000000000000e+02 0.000000000000000000e+00 0.000000000000000000e+00 3.080751324644793612e-13
7.570000000000000000e+02 0.000000000000000000e+00 0.000000000000000000e+00 3.072474095089550414e-13
7.580000000000000000e+02 0.000000000000000000e+00 0.000000000000000000e+00 3.064231337692382424e-13
7.590000000000000000e+02 0.000000000000000000e+00 0.000000000000000000e+00 3.056023023278199288e-13
7.600000000000000000e+02 0.000000000000000000e+00 0.000000000000000000e+00 3.047849095661962015e-13
7.610000000000000000e+02 0.000000000000000000e+00 0.000000000000000000e+00 3.039709522196724393e-13
7.620000000000000000e+02 0.000000000000000000e+00 0.000000000000000000e+00 3.031604242614956691e-13
7.630000000000000000e+02 0.000000000000000000e+00 0.000000000000000000e+00 3.023533221243600865e-13
7.640000000000000000e+02 0.000000000000000000e+00 0.000000000000000000e+00 3.015496394562084933e-13
7.650000000000000000e+02 0.000000000000000000e+00 0.000000000000000000e+00 3.007493722465071359e-13
7.660000000000000000e+02 0.000000000000000000e+00 0.000000000000000000e+00 2.999525138386977494e-13
7.670000000000000000e+02 0.000000000000000000e+00 0.000000000000000000e+00 2.991590597872811474e-13
7.680000000000000000e+02 0.000000000000000000e+00 0.000000000000000000e+00 2.983690031394447626e-13
7.690000000000000000e+02 0.000000000000000000e+00 0.000000000000000000e+00 2.975823390001192701e-13
7.700000000000000000e+02 0.000000000000000000e+00 0.000000000000000000e+00 2.967990599065716564e-13
7.710000000000000000e+02 0.000000000000000000e+00 0.000000000000000000e+00 2.960191607195508385e-13
7.720000000000000000e+02 0.000000000000000000e+00 0.000000000000000000e+00 2.952426335097397141e-13
7.730000000000000000e+02 0.000000000000000000e+00 0.000000000000000000e+00 2.944694726237131655e-13
7.740000000000000000e+02 0.000000000000000000e+00 0.000000000000000000e+00 2.936996698069351382e-13
7.750000000000000000e+02 0.000000000000000000e+00 0.000000000000000000e+00 2.929332189972212680e-13
7.760000000000000000e+02 0.000000000000000000e+00 0.000000000000000000e+00 2.921701114620775775e-13
7.770000000000000000e+02 0.000000000000000000e+00 0.000000000000000000e+00 2.914103407588406019e-13
7.780000000000000000e+02 0.000000000000000000e+00 0.000000000000000000e+00 2.906538976876142834e-13
7.790000000000000000e+02 0.000000000000000000e+00 0.000000000000000000e+00 2.899007753024908721e-13
7.800000000000000000e+02 0.000000000000000000e+00 0.000000000000000000e+00 2.891509640685747954e-13
7.810000000000000000e+02 0.000000000000000000e+00 0.000000000000000000e+00 2.884044565510829999e-13
7.820000000000000000e+02 0.000000000000000000e+00 0.000000000000000000e+00 2.876612427331421061e-13
7.830000000000000000e+02 0.000000000000000000e+00 0.000000000000000000e+00 2.869213147570716600e-13
7.840000000000000000e+02 0.000000000000000000e+00 0.000000000000000000e+00 2.861846622029342832e-13
7.850000000000000000e+02 0.000000000000000000e+00 0.000000000000000000e+00 2.854512766821611270e-13
7.860000000000000000e+02 0.000000000000000000e+00 0.000000000000000000e+00 2.847211473339383510e-13
7.870000000000000000e+02 0.000000000000000000e+00 0.000000000000000000e+00 2.839942653956962579e-13
7.880000000000000000e+02 0.000000000000000000e+00 0.000000000000000000e+00 2.832706194857853008e-13
7.890000000000000000e+02 0.000000000000000000e+00 0.000000000000000000e+00 2.825502004013790495e-13
7.900000000000000000e+02 0.000000000000000000e+00 0.000000000000000000e+00 2.818329963343998417e-13
7.910000000000000000e+02 0.000000000000000000e+00 0.000000000000000000e+00 2.811189976248032221e-13
7.920000000000000000e+02 0.000000000000000000e+00 0.000000000000000000e+00 2.804081920096519074e-13
7.930000000000000000e+02 0.000000000000000000e+00 0.000000000000000000e+00 2.797005694289454795e-13
7.940000000000000000e+02 0.000000000000000000e+00 0.000000000000000000e+00 2.789961170952454337e-13
7.950000000000000000e+02 0.000000000000000000e+00 0.000000000000000000e+00 2.782948245129766915e-13
7.960000000000000000e+02 0.000000000000000000e+00 0.000000000000000000e+00 2.775966785299301528e-13
7.970000000000000000e+02 0.000000000000000000e+00 0.000000000000000000e+00 2.769016681424170241e-13
7.980000000000000000e+02 0.000000000000000000e+00 0.000000000000000000e+00 2.762097797782291171e-13
7.990000000000000000e+02 0.000000000000000000e+00 0.000000000000000000e+00 2.755210020187605817e-13
8.000000000000000000e+02 0.000000000000000000e+00 0.000000000000000000e+00 2.748353208005136835e-13
8.010000000000000000e+02 0.000000000000000000e+00 0.000000000000000000e+00 2.741527243290968535e-13
8.020000000000000000e+02 0.000000000000000000e+00 0.000000000000000000e+00 2.734731981434499378e-13
8.030000000000000000e+02 0.000000000000000000e+00 0.000000000000000000e+00 2.727967299179023539e-13
8.040000000000000000e+02 0.000000000000000000e+00 0.000000000000000000e+00 2.721233048351559752e-13
8.050000000000000000e+02 0.000000000000000000e+00 0.000000000000000000e+00 2.714529101589139095e-13
8.060000000000000000e+02 0.000000000000000000e+00 0.000000000000000000e+00 2.707855307453562586e-13
8.070000000000000000e+02 0.000000000000000000e+00 0.000000000000000000e+00 2.701211533736111156e-13
8.080000000000000000e+02 0.000000000000000000e+00 0.000000000000000000e+00 2.694597624806456792e-13
8.090000000000000000e+02 0.000000000000000000e+00 0.000000000000000000e+00 2.688013445179571705e-13
8.100000000000000000e+02 0.000000000000000000e+00 0.000000000000000000e+00 2.681458835294253933e-13
8.110000000000000000e+02 0.000000000000000000e+00 0.000000000000000000e+00 2.674933655352386638e-13
8.120000000000000000e+02 0.000000000000000000e+00 0.000000000000000000e+00 2.668437741986314818e-13
8.130000000000000000e+02 0.000000000000000000e+00 0.000000000000000000e+00 2.661970951968763225e-13
8.140000000000000000e+02 0.000000000000000000e+00 0.000000000000000000e+00 2.655533118810040547e-13
8.150000000000000000e+02 0.000000000000000000e+00 0.000000000000000000e+00 2.649124095115292363e-13
8.160000000000000000e+02 0.000000000000000000e+00 0.000000000000000000e+00 2.642743711102544522e-13
8.170000000000000000e+02 0.000000000000000000e+00 0.000000000000000000e+00 2.636391816148898532e-13
8.180000000000000000e+02 0.000000000000000000e+00 0.000000000000000000e+00 2.630068236663463434e-13
8.190000000000000000e+02 0.000000000000000000e+00 0.000000000000000000e+00 2.623772819260278802e-13
8.200000000000000000e+02 0.000000000000000000e+00 0.000000000000000000e+00 2.617505386943836032e-13
8.210000000000000000e+02 0.000000000000000000e+00 0.000000000000000000e+00 2.611265782809413298e-13
8.220000000000000000e+02 0.000000000000000000e+00 0.000000000000000000e+00 2.605053827231594734e-13
8.230000000000000000e+02 0.000000000000000000e+00 0.000000000000000000e+00 2.598869360691186169e-13
8.240000000000000000e+02 0.000000000000000000e+00 0.000000000000000000e+00 2.592712200278205340e-13
8.250000000000000000e+02 0.000000000000000000e+00 0.000000000000000000e+00 2.586582183773883163e-13
8.260000000000000000e+02 0.000000000000000000e+00 0.000000000000000000e+00 2.580479125388394242e-13
8.270000000000000000e+02 0.000000000000000000e+00 0.000000000000000000e+00 2.574402860324023904e-13
8.280000000000000000e+02 0.000000000000000000e+00 0.000000000000000000e+00 2.568353200684829500e-13
8.290000000000000000e+02 0.000000000000000000e+00 0.000000000000000000e+00 2.562329978709434542e-13
8.300000000000000000e+02 0.000000000000000000e+00 0.000000000000000000e+00 2.556333004341048084e-13
8.310000000000000000e+02 0.000000000000000000e+00 0.000000000000000000e+00 2.550362107849779981e-13
8.320000000000000000e+02 0.000000000000000000e+00 0.000000000000000000e+00 2.544417096629969874e-13
8.330000000000000000e+02 0.000000000000000000e+00 0.000000000000000000e+00 2.538497799505458055e-13
8.340000000000000000e+02 0.000000000000000000e+00 0.000000000000000000e+00 2.532604021780852500e-13
8.350000000000000000e+02 0.000000000000000000e+00 0.000000000000000000e+00 2.526735590203243582e-13
8.360000000000000000e+02 0.000000000000000000e+00 0.000000000000000000e+00 2.520892308788918600e-13
8.370000000000000000e+02 0.000000000000000000e+00 0.000000000000000000e+00 2.515074002084869447e-13
8.380000000000000000e+02 0.000000000000000000e+00 0.000000000000000000e+00 2.509280473323537905e-13
8.390000000000000000e+02 0.000000000000000000e+00 0.000000000000000000e+00 2.503511545366758520e-13
8.400000000000000000e+02 0.000000000000000000e+00 0.000000000000000000e+00 2.497767020053468588e-13
8.410000000000000000e+02 0.000000000000000000e+00 0.000000000000000000e+00 2.492046718873967124e-13
8.420000000000000000e+02 0.000000000000000000e+00 0.000000000000000000e+00 2.486350443184213668e-13
8.430000000000000000e+02 0.000000000000000000e+00 0.000000000000000000e+00 2.480678013371859424e-13
8.440000000000000000e+02 0.000000000000000000e+00 0.000000000000000000e+00 2.475029229796881223e-13
8.450000000000000000e+02 0.000000000000000000e+00 0.000000000000000000e+00 2.469403912502047854e-13
8.460000000000000000e+02 0.000000000000000000e+00 0.000000000000000000e+00 2.463801860785971636e-13
8.470000000000000000e+02 0.000000000000000000e+00 0.000000000000000000e+00 2.458222894344362950e-13
8.480000000000000000e+02 0.000000000000000000e+00 0.000000000000000000e+00 2.452666812439147160e-13
8.490000000000000000e+02 0.000000000000000000e+00 0.000000000000000000e+00 2.447133434101132190e-13
8.500000000000000000e+02 0.000000000000000000e+00 0.000000000000000000e+00 2.441622558128153377e-13
8.510000000000000000e+02 0.000000000000000000e+00 0.000000000000000000e+00 2.436134003848937455e-13
8.520000000000000000e+02 0.000000000000000000e+00 0.000000000000000000e+00 2.430667570541214776e-13
8.530000000000000000e+02 0.000000000000000000e+00 0.000000000000000000e+00 2.425223077378694972e-13
8.540000000000000000e+02 0.000000000000000000e+00 0.000000000000000000e+00 2.419800323678480758e-13
8.550000000000000000e+02 0.000000000000000000e+00 0.000000000000000000e+00 2.414399128906368310e-13
8.560000000000000000e+02 0.000000000000000000e+00 0.000000000000000000e+00 2.409019293346201933e-13
8.570000000000000000e+02 0.000000000000000000e+00 0.000000000000000000e+00 2.403660637026005156e-13
8.580000000000000000e+02 0.000000000000000000e+00 0.000000000000000000e+00 2.398322960748469102e-13
8.590000000000000000e+02 0.000000000000000000e+00 0.000000000000000000e+00 2.393006085357627136e-13
8.600000000000000000e+02 0.000000000000000000e+00 0.000000000000000000e+00 2.387709812606587476e-13
8.610000000000000000e+02 0.000000000000000000e+00 0.000000000000000000e+00 2.382433964386639885e-13
8.620000000000000000e+02 0.000000000000000000e+00 0.000000000000000000e+00 2.377178343664656436e-13
8.630000000000000000e+02 0.000000000000000000e+00 0.000000000000000000e+00 2.371942773140420208e-13
8.640000000000000000e+02 0.000000000000000000e+00 0.000000000000000000e+00 2.366727057233252459e-13
8.650000000000000000e+02 0.000000000000000000e+00 0.000000000000000000e+00 2.361531019914164036e-13
8.660000000000000000e+02 0.000000000000000000e+00 0.000000000000000000e+00 2.356354467273088208e-13
8.670000000000000000e+02 0.000000000000000000e+00 0.000000000000000000e+00 2.351197224819680111e-13
8.680000000000000000e+02 0.000000000000000000e+00 0.000000000000000000e+00 2.346059100074176540e-13
8.690000000000000000e+02 0.000000000000000000e+00 0.000000000000000000e+00 2.340939920769060404e-13
8.700000000000000000e+02 0.000000000000000000e+00 0.000000000000000000e+00 2.335839495838802482e-13
8.710000000000000000e+02 0.000000000000000000e+00 0.000000000000000000e+00 2.330757655216963109e-13
8.720000000000000000e+02 0.000000000000000000e+00 0.000000000000000000e+00 2.325694209736436493e-13
8.730000000000000000e+02 0.000000000000000000e+00 0.000000000000000000e+00 2.320648991230260570e-13
8.740000000000000000e+02 0.000000000000000000e+00 0.000000000000000000e+00 2.315621813141703857e-13
8.750000000000000000e+02 0.000000000000000000e+00 0.000000000000000000e+00 2.310612509147823328e-13
8.760000000000000000e+02 0.000000000000000000e+00 0.000000000000000000e+00 2.305620894863117963e-13
8.770000000000000000e+02 0.000000000000000000e+00 0.000000000000000000e+00 2.300646806688856848e-13
8.780000000000000000e+02 0.000000000000000000e+00 0.000000000000000000e+00 2.295690062776469692e-13
8.790000000000000000e+02 0.000000000000000000e+00 0.000000000000000000e+00 2.290750501402879330e-13
8.800000000000000000e+02 0.000000000000000000e+00 0.000000000000000000e+00 2.285827943895776436e-13
8.810000000000000000e+02 0.000000000000000000e+00 0.000000000000000000e+00 2.280922230991275044e-13
8.820000000000000000e+02 0.000000000000000000e+00 0.000000000000000000e+00 2.276033187148203951e-13
8.830000000000000000e+02 0.000000000000000000e+00 0.000000000000000000e+00 2.271160655391552186e-13
8.840000000000000000e+02 0.000000000000000000e+00 0.000000000000000000e+00 2.266304462991557933e-13
8.850000000000000000e+02 0.000000000000000000e+00 0.000000000000000000e+00 2.261464456101051031e-13
8.860000000000000000e+02 0.000000000000000000e+00 0.000000000000000000e+00 2.256640465131964137e-13
8.870000000000000000e+02 0.000000000000000000e+00 0.000000000000000000e+00 2.251832338950406723e-13
8.880000000000000000e+02 0.000000000000000000e+00 0.000000000000000000e+00 2.247039910869202149e-13
8.890000000000000000e+02 0.000000000000000000e+00 0.000000000000000000e+00 2.242263032803205087e-13
8.900000000000000000e+02 0.000000000000000000e+00 0.000000000000000000e+00 2.237501541322049248e-13
8.910000000000000000e+02 0.000000000000000000e+00 0.000000000000000000e+00 2.232755291564552248e-13
8.920000000000000000e+02 0.000000000000000000e+00 0.000000000000000000e+00 2.228024123121692640e-13
8.930000000000000000e+02 0.000000000000000000e+00 0.000000000000000000e+00 2.223307894502293747e-13
8.940000000000000000e+02 0.000000000000000000e+00 0.000000000000000000e+00 2.218606448664362355e-13
8.950000000000000000e+02 0.000000000000000000e+00 0.000000000000000000e+00 2.213919647203872521e-13
8.960000000000000000e+02 0.000000000000000000e+00 0.000000000000000000e+00 2.209247336617015574e-13
8.970000000000000000e+02 0.000000000000000000e+00 0.000000000000000000e+00 2.204589381899473092e-13
8.980000000000000000e+02 0.000000000000000000e+00 0.000000000000000000e+00 2.199945633208094064e-13
8.990000000000000000e+02 0.000000000000000000e+00 0.000000000000000000e+00 2.195315958691307678e-13
9.000000000000000000e+02 0.000000000000000000e+00 0.000000000000000000e+00 2.190700211875105555e-13
9.010000000000000000e+02 0.000000000000000000e+00 0.000000000000000000e+00 2.186098264766113897e-13
9.020000000000000000e+02 0.000000000000000000e+00 0.000000000000000000e+00 2.181509974161295805e-13
9.030000000000000000e+02 0.000000000000000000e+00 0.000000000000000000e+00 2.176935215859806431e-13
9.040000000000000000e+02 0.000000000000000000e+00 0.000000000000000000e+00 2.172373850252440299e-13
9.050000000000000000e+02 0.000000000000000000e+00 0.000000000000000000e+00 2.167825756207372872e-13
9.060000000000000000e+02 0.000000000000000000e+00 0.000000000000000000e+00 2.163290798237600799e-13
9.070000000000000000e+02 0.000000000000000000e+00 0.000000000000000000e+00 2.158768858344073703e-13
9.080000000000000000e+02 0.000000000000000000e+00 0.000000000000000000e+00 2.154259805056766915e-13
9.090000000000000000e+02 0.000000000000000000e+00 0.000000000000000000e+00 2.149763523851135477e-13
9.100000000000000000e+02 0.000000000000000000e+00 0.000000000000000000e+00 2.145279886910006571e-13
9.110000000000000000e+02 0.000000000000000000e+00 0.000000000000000000e+00 2.140808783324522019e-13
9.120000000000000000e+02 0.000000000000000000e+00 0.000000000000000000e+00 2.136350089147725231e-13
9.130000000000000000e+02 0.000000000000000000e+00 0.000000000000000000e+00 2.131903696792794178e-13
9.140000000000000000e+02 0.000000000000000000e+00 0.000000000000000000e+00 2.127469486254184136e-13
9.150000000000000000e+02 0.000000000000000000e+00 0.000000000000000000e+00 2.123047353148271182e-13
9.160000000000000000e+02 0.000000000000000000e+00 0.000000000000000000e+00 2.118637181446506272e-13
9.170000000000000000e+02 0.000000000000000000e+00 0.000000000000000000e+00 2.114238870245198518e-13
9.180000000000000000e+02 0.000000000000000000e+00 0.000000000000000000e+00 2.109852307147913905e-13
9.190000000000000000e+02 0.000000000000000000e+00 0.000000000000000000e+00 2.105477394827988844e-13
9.200000000000000000e+02 0.000000000000000000e+00 0.000000000000000000e+00 2.101114024352678635e-13
9.210000000000000000e+02 0.000000000000000000e+00 0.000000000000000000e+00 2.096762102028890011e-13
9.220000000000000000e+02 0.000000000000000000e+00 0.000000000000000000e+00 2.092421522258284016e-13
9.230000000000000000e+02 0.000000000000000000e+00 0.000000000000000000e+00 2.088092195005433933e-13
9.240000000000000000e+02 0.000000000000000000e+00 0.000000000000000000e+00 2.083774018258686536e-13
9.250000000000000000e+02 0.000000000000000000e+00 0.000000000000000000e+00 2.079466905649173954e-13
9.260000000000000000e+02 0.000000000000000000e+00 0.000000000000000000e+00 2.075170758809781607e-13
9.270000000000000000e+02 0.000000000000000000e+00 0.000000000000000000e+00 2.070885494328686093e-13
9.280000000000000000e+02 0.000000000000000000e+00 0.000000000000000000e+00 2.066611017513353320e-13
9.290000000000000000e+02 0.000000000000000000e+00 0.000000000000000000e+00 2.062347248606505832e-13
9.300000000000000000e+02 0.000000000000000000e+00 0.000000000000000000e+00 2.058094096236564000e-13
9.310000000000000000e+02 0.000000000000000000e+00 0.000000000000000000e+00 2.053851483845716213e-13
9.320000000000000000e+02 0.000000000000000000e+00 0.000000000000000000e+00 2.049619323203970028e-13
9.330000000000000000e+02 0.000000000000000000e+00 0.000000000000000000e+00 2.045397541445930908e-13
9.340000000000000000e+02 0.000000000000000000e+00 0.000000000000000000e+00 2.041186053680947517e-13
9.350000000000000000e+02 0.000000000000000000e+00 0.000000000000000000e+00 2.036984790230141476e-13
9.360000000000000000e+02 0.000000000000000000e+00 0.000000000000000000e+00 2.032793669235711289e-13
9.370000000000000000e+02 0.000000000000000000e+00 0.000000000000000000e+00 2.028612624325311150e-13
9.380000000000000000e+02 0.000000000000000000e+00 0.000000000000000000e+00 2.024441576843821184e-13
9.390000000000000000e+02 0.000000000000000000e+00 0.000000000000000000e+00 2.020280463383183694e-13
9.400000000000000000e+02 0.000000000000000000e+00 0.000000000000000000e+00 2.016129208518926996e-13
9.410000000000000000e+02 0.000000000000000000e+00 0.000000000000000000e+00 2.011987752277116707e-13
9.420000000000000000e+02 0.000000000000000000e+00 0.000000000000000000e+00 2.007856021789592607e-13
9.430000000000000000e+02 0.000000000000000000e+00 0.000000000000000000e+00 2.003733960351623482e-13
9.440000000000000000e+02 0.000000000000000000e+00 0.000000000000000000e+00 1.999621497963311012e-13
9.450000000000000000e+02 0.000000000000000000e+00 0.000000000000000000e+00 1.995518580798718502e-13
9.460000000000000000e+02 0.000000000000000000e+00 0.000000000000000000e+00 1.991425142097052920e-13
9.470000000000000000e+02 0.000000000000000000e+00 0.000000000000000000e+00 1.987341130694072265e-13
9.480000000000000000e+02 0.000000000000000000e+00 0.000000000000000000e+00 1.983266482904951852e-13
9.490000000000000000e+02 0.000000000000000000e+00 0.000000000000000000e+00 1.979201150372365718e-13
9.500000000000000000e+02 0.000000000000000000e+00 0.000000000000000000e+00 1.975145072103733113e-13
9.510000000000000000e+02 0.000000000000000000e+00 0.000000000000000000e+00 1.971098202236098935e-13
9.520000000000000000e+02 0.000000000000000000e+00 0.000000000000000000e+00 1.967060482580696545e-13
9.530000000000000000e+02 0.000000000000000000e+00 0.000000000000000000e+00 1.963031869911428410e-13
9.540000000000000000e+02 0.000000000000000000e+00 0.000000000000000000e+00 1.959012308831682005e-13
9.550000000000000000e+02 0.000000000000000000e+00 0.000000000000000000e+00 1.955001758749571340e-13
9.560000000000000000e+02 0.000000000000000000e+00 0.000000000000000000e+00 1.951000166712051096e-13
9.570000000000000000e+02 0.000000000000000000e+00 0.000000000000000000e+00 1.947007494433188045e-13
9.580000000000000000e+02 0.000000000000000000e+00 0.000000000000000000e+00 1.943023691832397275e-13
9.590000000000000000e+02 0.000000000000000000e+00 0.000000000000000000e+00 1.939048723051035980e-13
9.600000000000000000e+02 0.000000000000000000e+00 0.000000000000000000e+00 1.935082540407423552e-13
9.610000000000000000e+02 0.000000000000000000e+00 0.000000000000000000e+00 1.931125110471315544e-13
9.620000000000000000e+02 0.000000000000000000e+00 0.000000000000000000e+00 1.927176388047431813e-13
9.630000000000000000e+02 0.000000000000000000e+00 0.000000000000000000e+00 1.923236342104049523e-13
9.640000000000000000e+02 0.000000000000000000e+00 0.000000000000000000e+00 1.919304929617854592e-13
9.650000000000000000e+02 0.000000000000000000e+00 0.000000000000000000e+00 1.915382121922045621e-13
9.660000000000000000e+02 0.000000000000000000e+00 0.000000000000000000e+00 1.911467878282332458e-13
9.670000000000000000e+02 0.000000000000000000e+00 0.000000000000000000e+00 1.907562172355183035e-13
9.680000000000000000e+02 0.000000000000000000e+00 0.000000000000000000e+00 1.903664965397364356e-13
9.690000000000000000e+02 0.000000000000000000e+00 0.000000000000000000e+00 1.899776233347998326e-13
9.700000000000000000e+02 0.000000000000000000e+00 0.000000000000000000e+00 1.895895939874003266e-13
9.710000000000000000e+02 0.000000000000000000e+00 0.000000000000000000e+00 1.892024062564927592e-13
9.720000000000000000e+02 0.000000000000000000e+00 0.000000000000000000e+00 1.888160567644276494e-13
9.730000000000000000e+02 0.000000000000000000e+00 0.000000000000000000e+00 1.884305434606357949e-13
9.740000000000000000e+02 0.000000000000000000e+00 0.000000000000000000e+00 1.880458632020549552e-13
9.750000000000000000e+02 0.000000000000000000e+00 0.000000000000000000e+00 1.876620141313229835e-13
9.760000000000000000e+02 0.000000000000000000e+00 0.000000000000000000e+00 1.872789932739530747e-13
9.770000000000000000e+02 0.000000000000000000e+00 0.000000000000000000e+00 1.868967989935107603e-13
9.780000000000000000e+02 0.000000000000000000e+00 0.000000000000000000e+00 1.865154285348135010e-13
9.790000000000000000e+02 0.000000000000000000e+00 0.000000000000000000e+00 1.861348804087575454e-13
9.800000000000000000e+02 0.000000000000000000e+00 0.000000000000000000e+00 1.857551520945753324e-13
9.810000000000000000e+02 0.000000000000000000e+00 0.000000000000000000e+00 1.853762422723167497e-13
9.820000000000000000e+02 0.000000000000000000e+00 0.000000000000000000e+00 1.849981485798296276e-13
9.830000000000000000e+02 0.000000000000000000e+00 0.000000000000000000e+00 1.846208699239862288e-13
9.840000000000000000e+02 0.000000000000000000e+00 0.000000000000000000e+00 1.842444040931964265e-13
9.850000000000000000e+02 0.000000000000000000e+00 0.000000000000000000e+00 1.838687501905876471e-13
9.860000000000000000e+02 0.000000000000000000e+00 0.000000000000000000e+00 1.834939061980251401e-13
9.870000000000000000e+02 0.000000000000000000e+00 0.000000000000000000e+00 1.831198713763731468e-13
9.880000000000000000e+02 0.000000000000000000e+00 0.000000000000000000e+00 1.827466438870806347e-13
9.890000000000000000e+02 0.000000000000000000e+00 0.000000000000000000e+00 1.823742231573133166e-13
9.900000000000000000e+02 0.000000000000000000e+00 0.000000000000000000e+00 1.820026075497831388e-13
9.910000000000000000e+02 0.000000000000000000e+00 0.000000000000000000e+00 1.816317966268914130e-13
9.920000000000000000e+02 0.000000000000000000e+00 0.000000000000000000e+00 1.812617889324279185e-13
9.930000000000000000e+02 0.000000000000000000e+00 0.000000000000000000e+00 1.808925842017386319e-13
9.940000000000000000e+02 0.000000000000000000e+00 0.000000000000000000e+00 1.805241811255966227e-13
9.950000000000000000e+02 0.000000000000000000e+00 0.000000000000000000e+00 1.801565796206095746e-13
9.960000000000000000e+02 0.000000000000000000e+00 0.000000000000000000e+00 1.797897785060538278e-13
9.970000000000000000e+02 0.000000000000000000e+00 0.000000000000000000e+00 1.794237778609616329e-13
9.980000000000000000e+02 0.000000000000000000e+00 0.000000000000000000e+00 1.790585766933983356e-13
9.990000000000000000e+02 0.000000000000000000e+00 0.000000000000000000e+00 1.786941751837761220e-13
1.000000000000000000e+03 0.000000000000000000e+00 0.000000000000000000e+00 1.783305725276390515e-13
1.001000000000000000e+03 0.000000000000000000e+00 0.000000000000000000e+00 1.779677690496390051e-13
1.002000000000000000e+03 0.000000000000000000e+00 0.000000000000000000e+00 1.776057640836175826e-13
1.003000000000000000e+03 0.000000000000000000e+00 0.000000000000000000e+00 1.772445580860249256e-13
1.004000000000000000e+03 0.000000000000000000e+00 0.000000000000000000e+00 1.768841505543842035e-13
1.005000000000000000e+03 0.000000000000000000e+00 0.000000000000000000e+00 1.765245420701252833e-13
1.006000000000000000e+03 0.000000000000000000e+00 0.000000000000000000e+00 1.761657322512364025e-13
1.007000000000000000e+03 0.000000000000000000e+00 0.000000000000000000e+00 1.758077218214309754e-13
1.008000000000000000e+03 0.000000000000000000e+00 0.000000000000000000e+00 1.754505105457666103e-13
1.009000000000000000e+03 0.000000000000000000e+00 0.000000000000000000e+00 1.750940992482676429e-13
1.010000000000000000e+03 0.000000000000000000e+00 0.000000000000000000e+00 1.747384877979857127e-13
1.011000000000000000e+03 0.000000000000000000e+00 0.000000000000000000e+00 1.743836771707487771e-13
1.012000000000000000e+03 0.000000000000000000e+00 0.000000000000000000e+00 1.740296673665258370e-13
1.013000000000000000e+03 0.000000000000000000e+00 0.000000000000000000e+00 1.736764594563420091e-13
1.014000000000000000e+03 0.000000000000000000e+00 0.000000000000000000e+00 1.733240535300720522e-13
1.015000000000000000e+03 0.000000000000000000e+00 0.000000000000000000e+00 1.729724508029254947e-13
1.016000000000000000e+03 0.000000000000000000e+00 0.000000000000000000e+00 1.726216514573189362e-13
1.017000000000000000e+03 0.000000000000000000e+00 0.000000000000000000e+00 1.722716568198930643e-13
1.018000000000000000e+03 0.000000000000000000e+00 0.000000000000000000e+00 1.719224671839270018e-13
1.019000000000000000e+03 0.000000000000000000e+00 0.000000000000000000e+00 1.715740839724866690e-13
1.020000000000000000e+03 0.000000000000000000e+00 0.000000000000000000e+00 1.712265075700442162e-13
1.021000000000000000e+03 0.000000000000000000e+00 0.000000000000000000e+00 1.708797394859263044e-13
1.022000000000000000e+03 0.000000000000000000e+00 0.000000000000000000e+00 1.705337802091536401e-13
1.023000000000000000e+03 0.000000000000000000e+00 0.000000000000000000e+00 1.701886313259266603e-13
1.024000000000000000e+03 0.000000000000000000e+00 0.000000000000000000e+00 1.698442934304189077e-13
1.025000000000000000e+03 0.000000000000000000e+00 0.000000000000000000e+00 1.695007681749185565e-13
1.026000000000000000e+03 0.000000000000000000e+00 0.000000000000000000e+00 1.691580562116693843e-13
1.027000000000000000e+03 0.000000000000000000e+00 0.000000000000000000e+00 1.688161592734379434e-13
1.028000000000000000e+03 0.000000000000000000e+00 0.000000000000000000e+00 1.684750780928463488e-13
1.029000000000000000e+03 0.000000000000000000e+00 0.000000000000000000e+00 1.681348144836083034e-13
1.030000000000000000e+03 0.000000000000000000e+00 0.000000000000000000e+00 1.677953692389868843e-13
1.031000000000000000e+03 0.000000000000000000e+00 0.000000000000000000e+00 1.674567442082246760e-13
1.032000000000000000e+03 0.000000000000000000e+00 0.000000000000000000e+00 1.671189402532791167e-13
1.033000000000000000e+03 0.000000000000000000e+00 0.000000000000000000e+00 1.667819592795052874e-13
1.034000000000000000e+03 0.000000000000000000e+00 0.000000000000000000e+00 1.664458022190990595e-13
1.035000000000000000e+03 0.000000000000000000e+00 0.000000000000000000e+00 1.661104710108494585e-13
1.036000000000000000e+03 0.000000000000000000e+00 0.000000000000000000e+00 1.657759666125419184e-13
1.037000000000000000e+03 0.000000000000000000e+00 0.000000000000000000e+00 1.654422910295979578e-13
1.038000000000000000e+03 0.000000000000000000e+00 0.000000000000000000e+00 1.651094452392725773e-13
1.039000000000000000e+03 0.000000000000000000e+00 0.000000000000000000e+00 1.647774313022817498e-13
1.040000000000000000e+03 0.000000000000000000e+00 0.000000000000000000e+00 1.644462502063784348e-13
1.041000000000000000e+03 0.000000000000000000e+00 0.000000000000000000e+00 1.641159040392337932e-13
1.042000000000000000e+03 0.000000000000000000e+00 0.000000000000000000e+00 1.637863938343669599e-13
1.043000000000000000e+03 0.000000000000000000e+00 0.000000000000000000e+00 1.634577216688135090e-13
1.044000000000000000e+03 0.000000000000000000e+00 0.000000000000000000e+00 1.631298886099240305e-13
1.045000000000000000e+03 0.000000000000000000e+00 0.000000000000000000e+00 1.628028967425720434e-13
1.046000000000000000e+03 0.000000000000000000e+00 0.000000000000000000e+00 1.624767471202668474e-13
1.047000000000000000e+03 0.000000000000000000e+00 0.000000000000000000e+00 1.621514418600951031e-13
1.048000000000000000e+03 0.000000000000000000e+00 0.000000000000000000e+00 1.618269819966864093e-13
1.049000000000000000e+03 0.000000000000000000e+00 0.000000000000000000e+00 1.615033696437953034e-13
1.050000000000000000e+03 0.000000000000000000e+00 0.000000000000000000e+00 1.611806058700827174e-13
1.051000000000000000e+03 0.000000000000000000e+00 0.000000000000000000e+00 1.608586927464887161e-13
1.052000000000000000e+03 0.000000000000000000e+00 0.000000000000000000e+00 1.605376313355630459e-13
1.053000000000000000e+03 0.000000000000000000e+00 0.000000000000000000e+00 1.602174236845804240e-13
1.054000000000000000e+03 0.000000000000000000e+00 0.000000000000000000e+00 1.598980708276830216e-13
1.055000000000000000e+03 0.000000000000000000e+00 0.000000000000000000e+00 1.595795748110195673e-13
1.056000000000000000e+03 0.000000000000000000e+00 0.000000000000000000e+00 1.592619366280050982e-13
1.057000000000000000e+03 0.000000000000000000e+00 0.000000000000000000e+00 1.589451582889118576e-13
1.058000000000000000e+03 0.000000000000000000e+00 0.000000000000000000e+00 1.586292407737077704e-13
1.059000000000000000e+03 0.000000000000000000e+00 0.000000000000000000e+00 1.583141860185938934e-13
1.060000000000000000e+03 0.000000000000000000e+00 0.000000000000000000e+00 1.579999949804516889e-13
1.061000000000000000e+03 0.000000000000000000e+00 0.000000000000000000e+00 1.576866695607750099e-13
1.062000000000000000e+03 0.000000000000000000e+00 0.000000000000000000e+00 1.573742106437997364e-13
1.063000000000000000e+03 0.000000000000000000e+00 0.000000000000000000e+00 1.570626200867927457e-13
1.064000000000000000e+03 0.000000000000000000e+00 0.000000000000000000e+00 1.567518987189528218e-13
1.065000000000000000e+03 0.000000000000000000e+00 0.000000000000000000e+00 1.564420483251292848e-13
1.066000000000000000e+03 0.000000000000000000e+00 0.000000000000000000e+00 1.561330696982138035e-13
1.067000000000000000e+03 0.000000000000000000e+00 0.000000000000000000e+00 1.558249645395643513e-13
1.068000000000000000e+03 0.000000000000000000e+00 0.000000000000000000e+00 1.555177335536024649e-13
1.069000000000000000e+03 0.000000000000000000e+00 0.000000000000000000e+00 1.552113783823408059e-13
1.070000000000000000e+03 0.000000000000000000e+00 0.000000000000000000e+00 1.549058996744385931e-13
1.071000000000000000e+03 0.000000000000000000e+00 0.000000000000000000e+00 1.546012989662800886e-13
1.072000000000000000e+03 0.000000000000000000e+00 0.000000000000000000e+00 1.542975768184253330e-13
1.073000000000000000e+03 0.000000000000000000e+00 0.000000000000000000e+00 1.539947346941623582e-13
1.074000000000000000e+03 0.000000000000000000e+00 0.000000000000000000e+00 1.536927730550487069e-13
1.075000000000000000e+03 0.000000000000000000e+00 0.000000000000000000e+00 1.533916932781634448e-13
1.076000000000000000e+03 0.000000000000000000e+00 0.000000000000000000e+00 1.530914957161570070e-13
1.077000000000000000e+03 0.000000000000000000e+00 0.000000000000000000e+00 1.527921816574800247e-13
1.078000000000000000e+03 0.000000000000000000e+00 0.000000000000000000e+00 1.524937513697552893e-13
1.079000000000000000e+03 0.000000000000000000e+00 0.000000000000000000e+00 1.521962060127437127e-13
1.080000000000000000e+03 0.000000000000000000e+00 0.000000000000000000e+00 1.518995457623328775e-13
1.081000000000000000e+03 0.000000000000000000e+00 0.000000000000000000e+00 1.516037716635652710e-13
1.082000000000000000e+03 0.000000000000000000e+00 0.000000000000000000e+00 1.513088837759275939e-13
1.083000000000000000e+03 0.000000000000000000e+00 0.000000000000000000e+00 1.510148830316590105e-13
1.084000000000000000e+03 0.000000000000000000e+00 0.000000000000000000e+00 1.507217693809505149e-13
1.085000000000000000e+03 0.000000000000000000e+00 0.000000000000000000e+00 1.504295436246267128e-13
1.086000000000000000e+03 0.000000000000000000e+00 0.000000000000000000e+00 1.501382056208046217e-13
1.087000000000000000e+03 0.000000000000000000e+00 0.000000000000000000e+00 1.498477560263696008e-13
1.088000000000000000e+03 0.000000000000000000e+00 0.000000000000000000e+00 1.495581945605588849e-13
1.089000000000000000e+03 0.000000000000000000e+00 0.000000000000000000e+00 1.492695217659056418e-13
1.090000000000000000e+03 0.000000000000000000e+00 0.000000000000000000e+00 1.489817372371232793e-13
1.091000000000000000e+03 0.000000000000000000e+00 0.000000000000000000e+00 1.486948413761840127e-13
1.092000000000000000e+03 0.000000000000000000e+00 0.000000000000000000e+00 1.484088336551094227e-13
1.093000000000000000e+03 0.000000000000000000e+00 0.000000000000000000e+00 1.481237143413706374e-13
1.094000000000000000e+03 0.000000000000000000e+00 0.000000000000000000e+00 1.478394827670546027e-13
1.095000000000000000e+03 0.000000000000000000e+00 0.000000000000000000e+00 1.475561390666867406e-13
1.096000000000000000e+03 0.000000000000000000e+00 0.000000000000000000e+00 1.472736824394734445e-13
1.097000000000000000e+03 0.000000000000000000e+00 0.000000000000000000e+00 1.469921128535067424e-13
1.098000000000000000e+03 0.000000000000000000e+00 0.000000000000000000e+00 1.467114293763350455e-13
1.099000000000000000e+03 0.000000000000000000e+00 0.000000000000000000e+00 1.464316318435723379e-13
1.100000000000000000e+03 0.000000000000000000e+00 0.000000000000000000e+00 1.461527191744350284e-13
1.101000000000000000e+03 0.000000000000000000e+00 0.000000000000000000e+00 1.458746910525239830e-13
1.102000000000000000e+03 0.000000000000000000e+00 0.000000000000000000e+00 1.455975462408981837e-13
1.103000000000000000e+03 0.000000000000000000e+00 0.000000000000000000e+00 1.453212842945713671e-13
1.104000000000000000e+03 0.000000000000000000e+00 0.000000000000000000e+00 1.450459038171912704e-13
1.105000000000000000e+03 0.000000000000000000e+00 0.000000000000000000e+00 1.447714042125416933e-13
1.106000000000000000e+03 0.000000000000000000e+00 0.000000000000000000e+00 1.444977839531104212e-13
1.107000000000000000e+03 0.000000000000000000e+00 0.000000000000000000e+00 1.442250422679453068e-13
1.108000000000000000e+03 0.000000000000000000e+00 0.000000000000000000e+00 1.439531774948966320e-13
1.109000000000000000e+03 0.000000000000000000e+00 0.000000000000000000e+00 1.436821887227192825e-13
1.110000000000000000e+03 0.000000000000000000e+00 0.000000000000000000e+00 1.434120741238009118e-13
1.111000000000000000e+03 0.000000000000000000e+00 0.000000000000000000e+00 1.431428326466772760e-13
1.112000000000000000e+03 0.000000000000000000e+00 0.000000000000000000e+00 1.428744622996838837e-13
1.113000000000000000e+03 0.000000000000000000e+00 0.000000000000000000e+00 1.426069618918979240e-13
1.114000000000000000e+03 0.000000000000000000e+00 0.000000000000000000e+00 1.423403292825930109e-13
1.115000000000000000e+03 0.000000000000000000e+00 0.000000000000000000e+00 1.420745631144257128e-13
1.116000000000000000e+03 0.000000000000000000e+00 0.000000000000000000e+00 1.418096611034014972e-13
1.117000000000000000e+03 0.000000000000000000e+00 0.000000000000000000e+00 1.415456217432170469e-13
1.118000000000000000e+03 0.000000000000000000e+00 0.000000000000000000e+00 1.412824425990404806e-13
1.119000000000000000e+03 0.000000000000000000e+00 0.000000000000000000e+00 1.410201220068991424e-13
1.120000000000000000e+03 0.000000000000000000e+00 0.000000000000000000e+00 1.407586574069959655e-13
1.121000000000000000e+03 0.000000000000000000e+00 0.000000000000000000e+00 1.404980469610916248e-13
1.122000000000000000e+03 0.000000000000000000e+00 0.000000000000000000e+00 1.402382879694731998e-13
1.123000000000000000e+03 0.000000000000000000e+00 0.000000000000000000e+00 1.399793784577606087e-13
1.124000000000000000e+03 0.000000000000000000e+00 0.000000000000000000e+00 1.397213155798241059e-13
1.125000000000000000e+03 0.000000000000000000e+00 0.000000000000000000e+00 1.394640972144751311e-13
1.126000000000000000e+03 0.000000000000000000e+00 0.000000000000000000e+00 1.392077203693309697e-13
1.127000000000000000e+03 0.000000000000000000e+00 0.000000000000000000e+00 1.389521827877224485e-13
1.128000000000000000e+03 0.000000000000000000e+00 0.000000000000000000e+00 1.386974813328455561e-13
1.129000000000000000e+03 0.000000000000000000e+00 0.000000000000000000e+00 1.384436136048843435e-13
1.130000000000000000e+03 0.000000000000000000e+00 0.000000000000000000e+00 1.381905763384097033e-13
1.131000000000000000e+03 0.000000000000000000e+00 0.000000000000000000e+00 1.379383670066130155e-13
1.132000000000000000e+03 0.000000000000000000e+00 0.000000000000000000e+00 1.376869821953878131e-13
1.133000000000000000e+03 0.000000000000000000e+00 0.000000000000000000e+00 1.374364192447168836e-13
1.134000000000000000e+03 0.000000000000000000e+00 0.000000000000000000e+00 1.371866746138498032e-13
1.135000000000000000e+03 0.000000000000000000e+00 0.000000000000000000e+00 1.369377454968162081e-13
1.136000000000000000e+03 0.000000000000000000e+00 0.000000000000000000e+00 1.366896282525668445e-13
1.137000000000000000e+03 0.000000000000000000e+00 0.000000000000000000e+00 1.364423199372316212e-13
1.138000000000000000e+03 0.000000000000000000e+00 0.000000000000000000e+00 1.361958167839977974e-13
1.139000000000000000e+03 0.000000000000000000e+00 0.000000000000000000e+00 1.359501157310239986e-13
1.140000000000000000e+03 0.000000000000000000e+00 0.000000000000000000e+00 1.357052128934937375e-13
1.141000000000000000e+03 0.000000000000000000e+00 0.000000000000000000e+00 1.354611050893392999e-13
1.142000000000000000e+03 0.000000000000000000e+00 0.000000000000000000e+00 1.352177883194097026e-13
1.143000000000000000e+03 0.000000000000000000e+00 0.000000000000000000e+00 1.349752592997531823e-13
1.144000000000000000e+03 0.000000000000000000e+00 0.000000000000000000e+00 1.347335139211852057e-13
1.145000000000000000e+03 0.000000000000000000e+00 0.000000000000000000e+00 1.344925487797053337e-13
1.146000000000000000e+03 0.000000000000000000e+00 0.000000000000000000e+00 1.342523596760016367e-13
1.147000000000000000e+03 0.000000000000000000e+00 0.000000000000000000e+00 1.340129430988214341e-13
1.148000000000000000e+03 0.000000000000000000e+00 0.000000000000000000e+00 1.337742947553327429e-13
1.149000000000000000e+03 0.000000000000000000e+00 0.000000000000000000e+00 1.335364110315256845e-13
1.150000000000000000e+03 0.000000000000000000e+00 0.000000000000000000e+00 1.332992875337568249e-13
1.151000000000000000e+03 0.000000000000000000e+00 0.000000000000000000e+00 1.330629205664340831e-13
1.152000000000000000e+03 0.000000000000000000e+00 0.000000000000000000e+00 1.328273056586403915e-13
1.153000000000000000e+03 0.000000000000000000e+00 0.000000000000000000e+00 1.325924390185845682e-13
1.154000000000000000e+03 0.000000000000000000e+00 0.000000000000000000e+00 1.323583160876336656e-13
1.155000000000000000e+03 0.000000000000000000e+00 0.000000000000000000e+00 1.321249329896018395e-13
1.156000000000000000e+03 0.000000000000000000e+00 0.000000000000000000e+00 1.318922851158905764e-13
1.157000000000000000e+03 0.000000000000000000e+00 0.000000000000000000e+00 1.316603685019987439e-13
1.158000000000000000e+03 0.000000000000000000e+00 0.000000000000000000e+00 1.314291784690083381e-13
1.159000000000000000e+03 0.000000000000000000e+00 0.000000000000000000e+00 1.311987109771620577e-13
1.160000000000000000e+03 0.000000000000000000e+00 0.000000000000000000e+00 1.309689612892599210e-13
1.161000000000000000e+03 0.000000000000000000e+00 0.000000000000000000e+00 1.307399253118939565e-13
1.162000000000000000e+03 0.000000000000000000e+00 0.000000000000000000e+00 1.305115982450664371e-13
1.163000000000000000e+03 0.000000000000000000e+00 0.000000000000000000e+00 1.302839759299888519e-13
1.164000000000000000e+03 0.000000000000000000e+00 0.000000000000000000e+00 1.300570535155245621e-13
1.165000000000000000e+03 0.000000000000000000e+00 0.000000000000000000e+00 1.298308267911094272e-13
1.166000000000000000e+03 0.000000000000000000e+00 0.000000000000000000e+00 1.296052908514927931e-13
1.167000000000000000e+03 0.000000000000000000e+00 0.000000000000000000e+00 1.293804414560204612e-13
1.168000000000000000e+03 0.000000000000000000e+00 0.000000000000000000e+00 1.291562736591050097e-13
1.169000000000000000e+03 0.000000000000000000e+00 0.000000000000000000e+00 1.289327831788056331e-13
1.170000000000000000e+03 0.000000000000000000e+00 0.000000000000000000e+00 1.287099650266476596e-13
1.171000000000000000e+03 0.000000000000000000e+00 0.000000000000000000e+00 1.284878148912279574e-13
1.172000000000000000e+03 0.000000000000000000e+00 0.000000000000000000e+00 1.282663277679079809e-13
1.173000000000000000e+03 0.000000000000000000e+00 0.000000000000000000e+00 1.280454993130867294e-13
1.174000000000000000e+03 0.000000000000000000e+00 0.000000000000000000e+00 1.278253244972737619e-13
1.175000000000000000e+03 0.000000000000000000e+00 0.000000000000000000e+00 1.276057989444355952e-13
1.176000000000000000e+03 0.000000000000000000e+00 0.000000000000000000e+00 1.273869176147778008e-13
1.177000000000000000e+03 0.000000000000000000e+00 0.000000000000000000e+00 1.271686761277116969e-13
1.178000000000000000e+03 0.000000000000000000e+00 0.000000000000000000e+00 1.269510694160929592e-13
1.179000000000000000e+03 0.000000000000000000e+00 0.000000000000000000e+00 1.267340930999851487e-13
1.180000000000000000e+03 0.000000000000000000e+00 0.000000000000000000e+00 1.265177421051000421e-13
1.181000000000000000e+03 0.000000000000000000e+00 0.000000000000000000e+00 1.263020120467410242e-13
1.182000000000000000e+03 0.000000000000000000e+00 0.000000000000000000e+00 1.260868978549582281e-13
1.183000000000000000e+03 0.000000000000000000e+00 0.000000000000000000e+00 1.258723951296531667e-13
1.184000000000000000e+03 0.000000000000000000e+00 0.000000000000000000e+00 1.256584988256516835e-13
1.185000000000000000e+03 0.000000000000000000e+00 0.000000000000000000e+00 1.254452045485052774e-13
1.186000000000000000e+03 0.000000000000000000e+00 0.000000000000000000e+00 1.252325072683946095e-13
1.187000000000000000e+03 0.000000000000000000e+00 0.000000000000000000e+00 1.250204025947494462e-13
1.188000000000000000e+03 0.000000000000000000e+00 0.000000000000000000e+00 1.248088855146409072e-13
1.189000000000000000e+03 0.000000000000000000e+00 0.000000000000000000e+00 1.245979516560980290e-13
1.190000000000000000e+03 0.000000000000000000e+00 0.000000000000000000e+00 1.243875960126016975e-13
1.191000000000000000e+03 0.000000000000000000e+00 0.000000000000000000e+00 1.241778142536381269e-13
1.192000000000000000e+03 0.000000000000000000e+00 0.000000000000000000e+00 1.239686013887493859e-13
1.193000000000000000e+03 0.000000000000000000e+00 0.000000000000000000e+00 1.237599531068219618e-13
1.194000000000000000e+03 0.000000000000000000e+00 0.000000000000000000e+00 1.235518644505390428e-13
1.195000000000000000e+03 0.000000000000000000e+00 0.000000000000000000e+00 1.233443311351460261e-13
1.196000000000000000e+03 0.000000000000000000e+00 0.000000000000000000e+00 1.231373482574452146e-13
1.197000000000000000e+03 0.000000000000000000e+00 0.000000000000000000e+00 1.229309115523260807e-13
1.198000000000000000e+03 0.000000000000000000e+00 0.000000000000000000e+00 1.227250161632598123e-13
1.199000000000000000e+03 0.000000000000000000e+00 0.000000000000000000e+00 1.225196578752539192e-13
1.200000000000000000e+03 0.000000000000000000e+00 0.000000000000000000e+00 1.223148318568818751e-13
1.201000000000000000e+03 0.000000000000000000e+00 0.000000000000000000e+00 1.221105339491805091e-13
1.202000000000000000e+03 0.000000000000000000e+00 0.000000000000000000e+00 1.219067593801821269e-13
1.203000000000000000e+03 0.000000000000000000e+00 0.000000000000000000e+00 1.217035040221556840e-13
1.204000000000000000e+03 0.000000000000000000e+00 0.000000000000000000e+00 1.215007631681668510e-13
1.205000000000000000e+03 0.000000000000000000e+00 0.000000000000000000e+00 1.212985327450328383e-13
1.206000000000000000e+03 0.000000000000000000e+00 0.000000000000000000e+00 1.210968080852238653e-13
1.207000000000000000e+03 0.000000000000000000e+00 0.000000000000000000e+00 1.208955851808460982e-13
1.208000000000000000e+03 0.000000000000000000e+00 0.000000000000000000e+00 1.206948594276820415e-13
1.209000000000000000e+03 0.000000000000000000e+00 0.000000000000000000e+00 1.204946268793764839e-13
1.210000000000000000e+03 0.000000000000000000e+00 0.000000000000000000e+00 1.202948829954240978e-13
1.211000000000000000e+03 0.000000000000000000e+00 0.000000000000000000e+00 1.200956238814387684e-13
1.212000000000000000e+03 0.000000000000000000e+00 0.000000000000000000e+00 1.198968450746539897e-13
1.213000000000000000e+03 0.000000000000000000e+00 0.000000000000000000e+00 1.196985427511783272e-13
1.214000000000000000e+03 0.000000000000000000e+00 0.000000000000000000e+00 1.195007125119818536e-13
1.215000000000000000e+03 0.000000000000000000e+00 0.000000000000000000e+00 1.193033505920464675e-13
1.216000000000000000e+03 0.000000000000000000e+00 0.000000000000000000e+00 1.191064526844535281e-13
1.217000000000000000e+03 0.000000000000000000e+00 0.000000000000000000e+00 1.189100150906085623e-13
1.218000000000000000e+03 0.000000000000000000e+00 0.000000000000000000e+00 1.187140335668452610e-13
1.219000000000000000e+03 0.000000000000000000e+00 0.000000000000000000e+00 1.185185045060986495e-13
1.220000000000000000e+03 0.000000000000000000e+00 0.000000000000000000e+00 1.183234237380310157e-13
1.221000000000000000e+03 0.000000000000000000e+00 0.000000000000000000e+00 1.181287877295586288e-13
1.222000000000000000e+03 0.000000000000000000e+00 0.000000000000000000e+00 1.179345923978086600e-13
1.223000000000000000e+03 0.000000000000000000e+00 0.000000000000000000e+00 1.177408342885214963e-13
1.224000000000000000e+03 0.000000000000000000e+00 0.000000000000000000e+00 1.175475093834732649e-13
1.225000000000000000e+03 0.000000000000000000e+00 0.000000000000000000e+00 1.173546143200450492e-13
1.226000000000000000e+03 0.000000000000000000e+00 0.000000000000000000e+00 1.171621451668183218e-13
1.227000000000000000e+03 0.000000000000000000e+00 0.000000000000000000e+00 1.169700986287682619e-13
1.228000000000000000e+03 0.000000000000000000e+00 0.000000000000000000e+00 1.167784708602704306e-13
1.229000000000000000e+03 0.000000000000000000e+00 0.000000000000000000e+00 1.165872586544364194e-13
1.230000000000000000e+03 0.000000000000000000e+00 0.000000000000000000e+00 1.163964582528335126e-13
1.231000000000000000e+03 0.000000000000000000e+00 0.000000000000000000e+00 1.162060665353268724e-13
1.232000000000000000e+03 0.000000000000000000e+00 0.000000000000000000e+00 1.160160798321216332e-13
1.233000000000000000e+03 0.000000000000000000e+00 0.000000000000000000e+00 1.158264951108298614e-13
1.234000000000000000e+03 0.000000000000000000e+00 0.000000000000000000e+00 1.156373087916468641e-13
1.235000000000000000e+03 0.000000000000000000e+00 0.000000000000000000e+00 1.154485179301459802e-13
1.236000000000000000e+03 0.000000000000000000e+00 0.000000000000000000e+00 1.152601190375927846e-13
1.237000000000000000e+03 0.000000000000000000e+00 0.000000000000000000e+00 1.150721092596231875e-13
1.238000000000000000e+03 0.000000000000000000e+00 0.000000000000000000e+00 1.148844851986782972e-13
1.239000000000000000e+03 0.000000000000000000e+00 0.000000000000000000e+00 1.146972440802881146e-13
1.240000000000000000e+03 0.000000000000000000e+00 0.000000000000000000e+00 1.145103826090382602e-13
1.241000000000000000e+03 0.000000000000000000e+00 0.000000000000000000e+00 1.143238980969539376e-13
1.242000000000000000e+03 0.000000000000000000e+00 0.000000000000000000e+00 1.141377873358517190e-13
1.243000000000000000e+03 0.000000000000000000e+00 0.000000000000000000e+00 1.139520477347049355e-13
1.244000000000000000e+03 0.000000000000000000e+00 0.000000000000000000e+00 1.137666761776656088e-13
1.245000000000000000e+03 0.000000000000000000e+00 0.000000000000000000e+00 1.135816701564030809e-13
1.246000000000000000e+03 0.000000000000000000e+00 0.000000000000000000e+00 1.133970266576248759e-13
1.247000000000000000e+03 0.000000000000000000e+00 0.000000000000000000e+00 1.132127432691009615e-13
1.248000000000000000e+03 0.000000000000000000e+00 0.000000000000000000e+00 1.130288170752232932e-13
1.249000000000000000e+03 0.000000000000000000e+00 0.000000000000000000e+00 1.128452457473107535e-13
1.250000000000000000e+03 0.000000000000000000e+00 0.000000000000000000e+00 1.126620264552814010e-13
1.251000000000000000e+03 0.000000000000000000e+00 0.000000000000000000e+00 1.124791569773184419e-13
1.252000000000000000e+03 0.000000000000000000e+00 0.000000000000000000e+00 1.122966345634146304e-13
1.253000000000000000e+03 0.000000000000000000e+00 0.000000000000000000e+00 1.121144570782675609e-13
1.254000000000000000e+03 0.000000000000000000e+00 0.000000000000000000e+00 1.119326218677687028e-13
1.255000000000000000e+03 0.000000000000000000e+00 0.000000000000000000e+00 1.117511268773569020e-13
1.256000000000000000e+03 0.000000000000000000e+00 0.000000000000000000e+00 1.115699695436550897e-13
1.257000000000000000e+03 0.000000000000000000e+00 0.000000000000000000e+00 1.113891479055785825e-13
1.258000000000000000e+03 0.000000000000000000e+00 0.000000000000000000e+00 1.112086594907365564e-13
1.259000000000000000e+03 0.000000000000000000e+00 0.000000000000000000e+00 1.110285024263340445e-13
1.260000000000000000e+03 0.000000000000000000e+00 0.000000000000000000e+00 1.108486743390207881e-13
1.261000000000000000e+03 0.000000000000000000e+00 0.000000000000000000e+00 1.106691734351189522e-13
1.262000000000000000e+03 0.000000000000000000e+00 0.000000000000000000e+00 1.104899974335273568e-13
1.263000000000000000e+03 0.000000000000000000e+00 0.000000000000000000e+00 1.103111446321582631e-13
1.264000000000000000e+03 0.000000000000000000e+00 0.000000000000000000e+00 1.101326128406399837e-13
1.265000000000000000e+03 0.000000000000000000e+00 0.000000000000000000e+00 1.099544004426361688e-13
1.266000000000000000e+03 0.000000000000000000e+00 0.000000000000000000e+00 1.097765053363958538e-13
1.267000000000000000e+03 0.000000000000000000e+00 0.000000000000000000e+00 1.095989259909783711e-13
1.268000000000000000e+03 0.000000000000000000e+00 0.000000000000000000e+00 1.094216603916687137e-13
1.269000000000000000e+03 0.000000000000000000e+00 0.000000000000000000e+00 1.092447070907605943e-13
1.270000000000000000e+03 0.000000000000000000e+00 0.000000000000000000e+00 1.090680641596361308e-13
1.271000000000000000e+03 0.000000000000000000e+00 0.000000000000000000e+00 1.088917302403343836e-13
1.272000000000000000e+03 0.000000000000000000e+00 0.000000000000000000e+00 1.087157034891466845e-13
1.273000000000000000e+03 0.000000000000000000e+00 0.000000000000000000e+00 1.085399826327881206e-13
1.274000000000000000e+03 0.000000000000000000e+00 0.000000000000000000e+00 1.083645659190410007e-13
1.275000000000000000e+03 0.000000000000000000e+00 0.000000000000000000e+00 1.081894521563873469e-13
1.276000000000000000e+03 0.000000000000000000e+00 0.000000000000000000e+00 1.080146396779351751e-13
1.277000000000000000e+03 0.000000000000000000e+00 0.000000000000000000e+00 1.078401273802230617e-13
1.278000000000000000e+03 0.000000000000000000e+00 0.000000000000000000e+00 1.076659136703437122e-13
1.279000000000000000e+03 0.000000000000000000e+00 0.000000000000000000e+00 1.074919975271958864e-13
1.280000000000000000e+03 0.000000000000000000e+00 0.000000000000000000e+00 1.073183774424747568e-13
1.281000000000000000e+03 0.000000000000000000e+00 0.000000000000000000e+00 1.071450524740601778e-13
1.282000000000000000e+03 0.000000000000000000e+00 0.000000000000000000e+00 1.069720211928645067e-13
1.283000000000000000e+03 0.000000000000000000e+00 0.000000000000000000e+00 1.067992827248070151e-13
1.284000000000000000e+03 0.000000000000000000e+00 0.000000000000000000e+00 1.066268357258885919e-13
1.285000000000000000e+03 0.000000000000000000e+00 0.000000000000000000e+00 1.064546793997191909e-13
1.286000000000000000e+03 0.000000000000000000e+00 0.000000000000000000e+00 1.062828124821772193e-13
1.287000000000000000e+03 0.000000000000000000e+00 0.000000000000000000e+00 1.061112342570441481e-13
1.288000000000000000e+03 0.000000000000000000e+00 0.000000000000000000e+00 1.059399435352834402e-13
1.289000000000000000e+03 0.000000000000000000e+00 0.000000000000000000e+00 1.057689396919977052e-13
1.290000000000000000e+03 0.000000000000000000e+00 0.000000000000000000e+00 1.055982216106080122e-13
1.291000000000000000e+03 0.000000000000000000e+00 0.000000000000000000e+00 1.054277887434707378e-13
1.292000000000000000e+03 0.000000000000000000e+00 0.000000000000000000e+00 1.052576400601052749e-13
1.293000000000000000e+03 0.000000000000000000e+00 0.000000000000000000e+00 1.050877750786506313e-13
1.294000000000000000e+03 0.000000000000000000e+00 0.000000000000000000e+00 1.049181928505302831e-13
1.295000000000000000e+03 0.000000000000000000e+00 0.000000000000000000e+00 1.047488929667681543e-13
1.296000000000000000e+03 0.000000000000000000e+00 0.000000000000000000e+00 1.045798745615884170e-13
1.297000000000000000e+03 0.000000000000000000e+00 0.000000000000000000e+00 1.044111372919468919e-13
1.298000000000000000e+03 0.000000000000000000e+00 0.000000000000000000e+00 1.042426803647593142e-13
1.299000000000000000e+03 0.000000000000000000e+00 0.000000000000000000e+00 1.040745035073372318e-13
1.300000000000000000e+03 0.000000000000000000e+00 0.000000000000000000e+00 1.039066060104002550e-13
1.301000000000000000e+03 0.000000000000000000e+00 0.000000000000000000e+00 1.037389876640707660e-13
1.302000000000000000e+03 0.000000000000000000e+00 0.000000000000000000e+00 1.035716478377435429e-13
1.303000000000000000e+03 0.000000000000000000e+00 0.000000000000000000e+00 1.034045863878079221e-13
1.304000000000000000e+03 0.000000000000000000e+00 0.000000000000000000e+00 1.032378027519135652e-13
1.305000000000000000e+03 0.000000000000000000e+00 0.000000000000000000e+00 1.030712968596766614e-13
1.306000000000000000e+03 0.000000000000000000e+00 0.000000000000000000e+00 1.029050682198806437e-13
1.307000000000000000e+03 0.000000000000000000e+00 0.000000000000000000e+00 1.027391168307341036e-13
1.308000000000000000e+03 0.000000000000000000e+00 0.000000000000000000e+00 1.025734422617043882e-13
1.309000000000000000e+03 0.000000000000000000e+00 0.000000000000000000e+00 1.024080445848001218e-13
1.310000000000000000e+03 0.000000000000000000e+00 0.000000000000000000e+00 1.022429234329342981e-13
1.311000000000000000e+03 0.000000000000000000e+00 0.000000000000000000e+00 1.020780789374429430e-13
1.312000000000000000e+03 0.000000000000000000e+00 0.000000000000000000e+00 1.019135108007018246e-13
1.313000000000000000e+03 0.000000000000000000e+00 0.000000000000000000e+00 1.017492192141628147e-13
1.314000000000000000e+03 0.000000000000000000e+00 0.000000000000000000e+00 1.015852039443649265e-13
1.315000000000000000e+03 0.000000000000000000e+00 0.000000000000000000e+00 1.014214652322702042e-13
1.316000000000000000e+03 0.000000000000000000e+00 0.000000000000000000e+00 1.012580029048705208e-13
1.317000000000000000e+03 0.000000000000000000e+00 0.000000000000000000e+00 1.010948172621811770e-13
1.318000000000000000e+03 0.000000000000000000e+00 0.000000000000000000e+00 1.009319081817501345e-13
1.319000000000000000e+03 0.000000000000000000e+00 0.000000000000000000e+00 1.007692760242417717e-13
1.320000000000000000e+03 0.000000000000000000e+00 0.000000000000000000e+00 1.006069207173598898e-13
1.321000000000000000e+03 0.000000000000000000e+00 0.000000000000000000e+00 1.004448426684247139e-13
1.322000000000000000e+03 0.000000000000000000e+00 0.000000000000000000e+00 1.002830418681498619e-13
1.323000000000000000e+03 0.000000000000000000e+00 0.000000000000000000e+00 1.001215187697344345e-13
1.324000000000000000e+03 0.000000000000000000e+00 0.000000000000000000e+00 9.996027341788272464e-14
1.325000000000000000e+03 0.000000000000000000e+00 0.000000000000000000e+00 9.979930632202060729e-14
1.326000000000000000e+03 0.000000000000000000e+00 0.000000000000000000e+00 9.963861756877294891e-14
1.327000000000000000e+03 0.000000000000000000e+00 0.000000000000000000e+00 9.947820771452171773e-14
1.328000000000000000e+03 0.000000000000000000e+00 0.000000000000000000e+00 9.931807689295673646e-14
1.329000000000000000e+03 0.000000000000000000e+00 0.000000000000000000e+00 9.915822570274595973e-14
1.330000000000000000e+03 0.000000000000000000e+00 0.000000000000000000e+00 9.899865431852487774e-14
1.331000000000000000e+03 0.000000000000000000e+00 0.000000000000000000e+00 9.883936338385434539e-14
1.332000000000000000e+03 0.000000000000000000e+00 0.000000000000000000e+00 9.868035311791126204e-14
1.333000000000000000e+03 0.000000000000000000e+00 0.000000000000000000e+00 9.852162420080770259e-14
1.334000000000000000e+03 0.000000000000000000e+00 0.000000000000000000e+00 9.836317688853988552e-14
1.335000000000000000e+03 0.000000000000000000e+00 0.000000000000000000e+00 9.820501190085635972e-14
1.336000000000000000e+03 0.000000000000000000e+00 0.000000000000000000e+00 9.804712953908023102e-14
1.337000000000000000e+03 0.000000000000000000e+00 0.000000000000000000e+00 9.788953055449901024e-14
1.338000000000000000e+03 0.000000000000000000e+00 0.000000000000000000e+00 9.773221527651117351e-14
1.339000000000000000e+03 0.000000000000000000e+00 0.000000000000000000e+00 9.757518449604646110e-14
1.340000000000000000e+03 0.000000000000000000e+00 0.000000000000000000e+00 9.741843858169929795e-14
1.341000000000000000e+03 0.000000000000000000e+00 0.000000000000000000e+00 9.726197834606584882e-14
1.342000000000000000e+03 0.000000000000000000e+00 0.000000000000000000e+00 9.710580419214119760e-14
1.343000000000000000e+03 0.000000000000000000e+00 0.000000000000000000e+00 9.694991695917917640e-14
1.344000000000000000e+03 0.000000000000000000e+00 0.000000000000000000e+00 9.679431707499201668e-14
1.345000000000000000e+03 0.000000000000000000e+00 0.000000000000000000e+00 9.663900540440925412e-14
1.346000000000000000e+03 0.000000000000000000e+00 0.000000000000000000e+00 9.648398239473934414e-14
1.347000000000000000e+03 0.000000000000000000e+00 0.000000000000000000e+00 9.632924893398163908e-14
1.348000000000000000e+03 0.000000000000000000e+00 0.000000000000000000e+00 9.617480549799586866e-14
1.349000000000000000e+03 0.000000000000000000e+00 0.000000000000000000e+00 9.602065299528501610e-14
1.350000000000000000e+03 0.000000000000000000e+00 0.000000000000000000e+00 9.586679192458448997e-14
1.351000000000000000e+03 0.000000000000000000e+00 0.000000000000000000e+00 9.571322320684657141e-14
1.352000000000000000e+03 0.000000000000000000e+00 0.000000000000000000e+00 9.555994736747974750e-14
1.353000000000000000e+03 0.000000000000000000e+00 0.000000000000000000e+00 9.540696534622796329e-14
1.354000000000000000e+03 0.000000000000000000e+00 0.000000000000000000e+00 9.525427768880010092e-14
1.355000000000000000e+03 0.000000000000000000e+00 0.000000000000000000e+00 9.510188534218920705e-14
1.356000000000000000e+03 0.000000000000000000e+00 0.000000000000000000e+00 9.494978886860274157e-14
1.357000000000000000e+03 0.000000000000000000e+00 0.000000000000000000e+00 9.479798923454091818e-14
1.358000000000000000e+03 0.000000000000000000e+00 0.000000000000000000e+00 9.464648700812533116e-14
1.359000000000000000e+03 0.000000000000000000e+00 0.000000000000000000e+00 9.449528316105113986e-14
1.360000000000000000e+03 0.000000000000000000e+00 0.000000000000000000e+00 9.434437827332090326e-14
1.361000000000000000e+03 0.000000000000000000e+00 0.000000000000000000e+00 9.419377331983927077e-14
1.362000000000000000e+03 0.000000000000000000e+00 0.000000000000000000e+00 9.404346889403098565e-14
1.363000000000000000e+03 0.000000000000000000e+00 0.000000000000000000e+00 9.389346597065704892e-14
1.364000000000000000e+03 0.000000000000000000e+00 0.000000000000000000e+00 9.374376514927533864e-14
1.365000000000000000e+03 0.000000000000000000e+00 0.000000000000000000e+00 9.359436740798657733e-14
1.366000000000000000e+03 0.000000000000000000e+00 0.000000000000000000e+00 9.344527334746039421e-14
1.367000000000000000e+03 0.000000000000000000e+00 0.000000000000000000e+00 9.329648394275225627e-14
1.368000000000000000e+03 0.000000000000000000e+00 0.000000000000000000e+00 9.314799979827072835e-14
1.369000000000000000e+03 0.000000000000000000e+00 0.000000000000000000e+00 9.299982188201776287e-14
1.370000000000000000e+03 0.000000000000000000e+00 0.000000000000000000e+00 9.285195078799788431e-14
1.371000000000000000e+03 0.000000000000000000e+00 0.000000000000000000e+00 9.270438747961839101e-14
1.372000000000000000e+03 0.000000000000000000e+00 0.000000000000000000e+00 9.255713254596209794e-14
1.373000000000000000e+03 0.000000000000000000e+00 0.000000000000000000e+00 9.241018693198376141e-14
1.374000000000000000e+03 0.000000000000000000e+00 0.000000000000000000e+00 9.226355121584564779e-14
1.375000000000000000e+03 0.000000000000000000e+00 0.000000000000000000e+00 9.211722633013867746e-14
1.376000000000000000e+03 0.000000000000000000e+00 0.000000000000000000e+00 9.197121283686549680e-14
1.377000000000000000e+03 0.000000000000000000e+00 0.000000000000000000e+00 9.182551166203604560e-14
1.378000000000000000e+03 0.000000000000000000e+00 0.000000000000000000e+00 9.168012334304318581e-14
1.379000000000000000e+03 0.000000000000000000e+00 0.000000000000000000e+00 9.153504879391986609e-14
1.380000000000000000e+03 0.000000000000000000e+00 0.000000000000000000e+00 9.139028853341003676e-14
1.381000000000000000e+03 0.000000000000000000e+00 0.000000000000000000e+00 9.124584345538363943e-14
1.382000000000000000e+03 0.000000000000000000e+00 0.000000000000000000e+00 9.110171405341951980e-14
1.383000000000000000e+03 0.000000000000000000e+00 0.000000000000000000e+00 9.095790120385462417e-14
1.384000000000000000e+03 0.000000000000000000e+00 0.000000000000000000e+00 9.081440537631663063e-14
1.385000000000000000e+03 0.000000000000000000e+00 0.000000000000000000e+00 9.067122742140744463e-14
1.386000000000000000e+03 0.000000000000000000e+00 0.000000000000000000e+00 9.052836777983644137e-14
1.387000000000000000e+03 0.000000000000000000e+00 0.000000000000000000e+00 9.038582727170523545e-14
1.388000000000000000e+03 0.000000000000000000e+00 0.000000000000000000e+00 9.024360631571162254e-14
1.389000000000000000e+03 0.000000000000000000e+00 0.000000000000000000e+00 9.010170569866634042e-14
1.390000000000000000e+03 0.000000000000000000e+00 0.000000000000000000e+00 8.996012580835956401e-14
1.391000000000000000e+03 0.000000000000000000e+00 0.000000000000000000e+00 8.981886739352454821e-14
1.392000000000000000e+03 0.000000000000000000e+00 0.000000000000000000e+00 8.967793081295130024e-14
1.393000000000000000e+03 0.000000000000000000e+00 0.000000000000000000e+00 8.953731678039803695e-14
1.394000000000000000e+03 0.000000000000000000e+00 0.000000000000000000e+00 8.939702561775546223e-14
1.395000000000000000e+03 0.000000000000000000e+00 0.000000000000000000e+00 8.925705800442040028e-14
1.396000000000000000e+03 0.000000000000000000e+00 0.000000000000000000e+00 8.911741422828092369e-14
1.397000000000000000e+03 0.000000000000000000e+00 0.000000000000000000e+00 8.897809492171953900e-14
1.398000000000000000e+03 0.000000000000000000e+00 0.000000000000000000e+00 8.883910033804484714e-14
1.399000000000000000e+03 0.000000000000000000e+00 0.000000000000000000e+00 8.870043106717190502e-14
1.400000000000000000e+03 0.000000000000000000e+00 0.000000000000000000e+00 8.856208732696431636e-14
1.401000000000000000e+03 0.000000000000000000e+00 0.000000000000000000e+00 8.842406966146656776e-14
1.402000000000000000e+03 0.000000000000000000e+00 0.000000000000000000e+00 8.828637824623792450e-14
1.403000000000000000e+03 0.000000000000000000e+00 0.000000000000000000e+00 8.814901358646824242e-14
1.404000000000000000e+03 0.000000000000000000e+00 0.000000000000000000e+00 8.801197581225075698e-14
1.405000000000000000e+03 0.000000000000000000e+00 0.000000000000000000e+00 8.787526538229480645e-14
1.406000000000000000e+03 0.000000000000000000e+00 0.000000000000000000e+00 8.773888237866779962e-14
1.407000000000000000e+03 0.000000000000000000e+00 0.000000000000000000e+00 8.760282721568123833e-14
1.408000000000000000e+03 0.000000000000000000e+00 0.000000000000000000e+00 8.746709992466740294e-14
1.409000000000000000e+03 0.000000000000000000e+00 0.000000000000000000e+00 8.733170087630801908e-14
1.410000000000000000e+03 0.000000000000000000e+00 0.000000000000000000e+00 8.719663005494674740e-14
1.411000000000000000e+03 0.000000000000000000e+00 0.000000000000000000e+00 8.706188777557312201e-14
1.412000000000000000e+03 0.000000000000000000e+00 0.000000000000000000e+00 8.692747398301524619e-14
1.413000000000000000e+03 0.000000000000000000e+00 0.000000000000000000e+00 8.679338893773700481e-14
1.414000000000000000e+03 0.000000000000000000e+00 0.000000000000000000e+00 8.665963253187242284e-14
1.415000000000000000e+03 0.000000000000000000e+00 0.000000000000000000e+00 8.652620498505534571e-14
1.416000000000000000e+03 0.000000000000000000e+00 0.000000000000000000e+00 8.639310613641489626e-14
1.417000000000000000e+03 0.000000000000000000e+00 0.000000000000000000e+00 8.626033615192113592e-14
1.418000000000000000e+03 0.000000000000000000e+00 0.000000000000000000e+00 8.612789482108299094e-14
1.419000000000000000e+03 0.000000000000000000e+00 0.000000000000000000e+00 8.599578225542134882e-14
1.420000000000000000e+03 0.000000000000000000e+00 0.000000000000000000e+00 8.586399819718691498e-14
1.421000000000000000e+03 0.000000000000000000e+00 0.000000000000000000e+00 8.573254270737536123e-14
1.422000000000000000e+03 0.000000000000000000e+00 0.000000000000000000e+00 8.560141547162184294e-14
1.423000000000000000e+03 0.000000000000000000e+00 0.000000000000000000e+00 8.547061649696081582e-14
1.424000000000000000e+03 0.000000000000000000e+00 0.000000000000000000e+00 8.534014541904585198e-14
1.425000000000000000e+03 0.000000000000000000e+00 0.000000000000000000e+00 8.521000219527004381e-14
1.426000000000000000e+03 0.000000000000000000e+00 0.000000000000000000e+00 8.508018640264164272e-14
1.427000000000000000e+03 0.000000000000000000e+00 0.000000000000000000e+00 8.495069795090161993e-14
1.428000000000000000e+03 0.000000000000000000e+00 0.000000000000000000e+00 8.482153636091143689e-14
1.429000000000000000e+03 0.000000000000000000e+00 0.000000000000000000e+00 8.469270149083081050e-14
1.430000000000000000e+03 0.000000000000000000e+00 0.000000000000000000e+00 8.456419281637816358e-14
1.431000000000000000e+03 0.000000000000000000e+00 0.000000000000000000e+00 8.443601013253435288e-14
1.432000000000000000e+03 0.000000000000000000e+00 0.000000000000000000e+00 8.430815286938882428e-14
1.433000000000000000e+03 0.000000000000000000e+00 0.000000000000000000e+00 8.418062076467580839e-14
1.434000000000000000e+03 0.000000000000000000e+00 0.000000000000000000e+00 8.405341319386532205e-14
1.435000000000000000e+03 0.000000000000000000e+00 0.000000000000000000e+00 8.392652984357210916e-14
1.436000000000000000e+03 0.000000000000000000e+00 0.000000000000000000e+00 8.379997003709915571e-14
1.437000000000000000e+03 0.000000000000000000e+00 0.000000000000000000e+00 8.367373340793702768e-14
1.438000000000000000e+03 0.000000000000000000e+00 0.000000000000000000e+00 8.354781922326655880e-14
1.439000000000000000e+03 0.000000000000000000e+00 0.000000000000000000e+00 8.342222706357524309e-14
1.440000000000000000e+03 0.000000000000000000e+00 0.000000000000000000e+00 8.329695614377574511e-14
1.441000000000000000e+03 0.000000000000000000e+00 0.000000000000000000e+00 8.317200599716937053e-14
1.442000000000000000e+03 0.000000000000000000e+00 0.000000000000000000e+00 8.304737578291917594e-14
1.443000000000000000e+03 0.000000000000000000e+00 0.000000000000000000e+00 8.292306498582060901e-14
1.444000000000000000e+03 0.000000000000000000e+00 0.000000000000000000e+00 8.279907272238530174e-14
1.445000000000000000e+03 0.000000000000000000e+00 0.000000000000000000e+00 8.267539841590201220e-14
1.446000000000000000e+03 0.000000000000000000e+00 0.000000000000000000e+00 8.255204114162786264e-14
1.447000000000000000e+03 0.000000000000000000e+00 0.000000000000000000e+00 8.242900026977236677e-14
1.448000000000000000e+03 0.000000000000000000e+00 0.000000000000000000e+00 8.230627482351940839e-14
1.449000000000000000e+03 0.000000000000000000e+00 0.000000000000000000e+00 8.218386412693252374e-14
1.450000000000000000e+03 0.000000000000000000e+00 0.000000000000000000e+00 8.206176715239565539e-14
1.451000000000000000e+03 0.000000000000000000e+00 0.000000000000000000e+00 8.193998317802560949e-14
1.452000000000000000e+03 0.000000000000000000e+00 0.000000000000000000e+00 8.181851112992143590e-14
1.453000000000000000e+03 0.000000000000000000e+00 0.000000000000000000e+00 8.169735023786759431e-14
1.454000000000000000e+03 0.000000000000000000e+00 0.000000000000000000e+00 8.157649938495471573e-14
1.455000000000000000e+03 0.000000000000000000e+00 0.000000000000000000e+00 8.145595775215786078e-14
1.456000000000000000e+03 0.000000000000000000e+00 0.000000000000000000e+00 8.133572417771580619e-14
1.457000000000000000e+03 0.000000000000000000e+00 0.000000000000000000e+00 8.121579780324411086e-14
1.458000000000000000e+03 0.000000000000000000e+00 0.000000000000000000e+00 8.109617742249397426e-14
1.459000000000000000e+03 0.000000000000000000e+00 0.000000000000000000e+00 8.097686212955842187e-14
1.460000000000000000e+03 0.000000000000000000e+00 0.000000000000000000e+00 8.085785068360298424e-14
1.461000000000000000e+03 0.000000000000000000e+00 0.000000000000000000e+00 8.073914213350946539e-14
1.462000000000000000e+03 0.000000000000000000e+00 0.000000000000000000e+00 8.062073519572448264e-14
1.463000000000000000e+03 0.000000000000000000e+00 0.000000000000000000e+00 8.050262888034119590e-14
1.464000000000000000e+03 0.000000000000000000e+00 0.000000000000000000e+00 8.038482186355051164e-14
1.465000000000000000e+03 0.000000000000000000e+00 0.000000000000000000e+00 8.026731311190623597e-14
1.466000000000000000e+03 0.000000000000000000e+00 0.000000000000000000e+00 8.015010126736902295e-14
1.467000000000000000e+03 0.000000000000000000e+00 0.000000000000000000e+00 8.003318526144160704e-14
1.468000000000000000e+03 0.000000000000000000e+00 0.000000000000000000e+00 7.991656369273023537e-14
1.469000000000000000e+03 0.000000000000000000e+00 0.000000000000000000e+00 7.980023546196698051e-14
1.470000000000000000e+03 0.000000000000000000e+00 0.000000000000000000e+00 7.968419913550852177e-14
1.471000000000000000e+03 0.000000000000000000e+00 0.000000000000000000e+00 7.956845357803796998e-14
1.472000000000000000e+03 0.000000000000000000e+00 0.000000000000000000e+00 7.945299732442640738e-14
1.473000000000000000e+03 0.000000000000000000e+00 0.000000000000000000e+00 7.933782920778073605e-14
1.474000000000000000e+03 0.000000000000000000e+00 0.000000000000000000e+00 7.922294772945558504e-14
1.475000000000000000e+03 0.000000000000000000e+00 0.000000000000000000e+00 7.910835169717347370e-14
1.476000000000000000e+03 0.000000000000000000e+00 0.000000000000000000e+00 7.899403958382552860e-14
1.477000000000000000e+03 0.000000000000000000e+00 0.000000000000000000e+00 7.888001016396756527e-14
1.478000000000000000e+03 0.000000000000000000e+00 0.000000000000000000e+00 7.876626188866751074e-14
1.479000000000000000e+03 0.000000000000000000e+00 0.000000000000000000e+00 7.865279350572949361e-14
1.480000000000000000e+03 0.000000000000000000e+00 0.000000000000000000e+00 7.853960343753443205e-14
1.481000000000000000e+03 0.000000000000000000e+00 0.000000000000000000e+00 7.842669040917942798e-14
1.482000000000000000e+03 0.000000000000000000e+00 0.000000000000000000e+00 7.831405282077834270e-14
1.483000000000000000e+03 0.000000000000000000e+00 0.000000000000000000e+00 7.820168937306175317e-14
1.484000000000000000e+03 0.000000000000000000e+00 0.000000000000000000e+00 7.808959844757646128e-14
1.485000000000000000e+03 0.000000000000000000e+00 0.000000000000000000e+00 7.797777872286270226e-14
1.486000000000000000e+03 0.000000000000000000e+00 0.000000000000000000e+00 7.786622856111008290e-14
1.487000000000000000e+03 0.000000000000000000e+00 0.000000000000000000e+00 7.775494661937566950e-14
1.488000000000000000e+03 0.000000000000000000e+00 0.000000000000000000e+00 7.764393124623497046e-14
1.489000000000000000e+03 0.000000000000000000e+00 0.000000000000000000e+00 7.753318108820178090e-14
1.490000000000000000e+03 0.000000000000000000e+00 0.000000000000000000e+00 7.742269447150090788e-14
1.491000000000000000e+03 0.000000000000000000e+00 0.000000000000000000e+00 7.731247002911458192e-14
1.492000000000000000e+03 0.000000000000000000e+00 0.000000000000000000e+00 7.720250607928966408e-14
1.493000000000000000e+03 0.000000000000000000e+00 0.000000000000000000e+00 7.709280124306351617e-14
1.494000000000000000e+03 0.000000000000000000e+00 0.000000000000000000e+00 7.698335382453607266e-14
1.495000000000000000e+03 0.000000000000000000e+00 0.000000000000000000e+00 7.687416243119111837e-14
1.496000000000000000e+03 0.000000000000000000e+00 0.000000000000000000e+00 7.676522536496500105e-14
1.497000000000000000e+03 0.000000000000000000e+00 0.000000000000000000e+00 7.665654121881385571e-14
1.498000000000000000e+03 0.000000000000000000e+00 0.000000000000000000e+00 7.654810828717563583e-14
1.499000000000000000e+03 0.000000000000000000e+00 0.000000000000000000e+00 7.643992515797422541e-14
1.500000000000000000e+03 0.000000000000000000e+00 0.000000000000000000e+00 7.633199011724223345e-14
1.501000000000000000e+03 0.000000000000000000e+00 0.000000000000000000e+00 7.622430174831609691e-14
1.502000000000000000e+03 0.000000000000000000e+00 0.000000000000000000e+00 7.611685833349482813e-14
1.503000000000000000e+03 0.000000000000000000e+00 0.000000000000000000e+00 7.600965845437208734e-14
1.504000000000000000e+03 0.000000000000000000e+00 0.000000000000000000e+00 7.590270038817728806e-14
1.505000000000000000e+03 0.000000000000000000e+00 0.000000000000000000e+00 7.579598271694905854e-14
1.506000000000000000e+03 0.000000000000000000e+00 0.000000000000000000e+00 7.568950371809638229e-14
1.507000000000000000e+03 0.000000000000000000e+00 0.000000000000000000e+00 7.558326197638668996e-14
1.508000000000000000e+03 0.000000000000000000e+00 0.000000000000000000e+00 7.547725576799209426e-14
1.509000000000000000e+03 0.000000000000000000e+00 0.000000000000000000e+00 7.537148369028155502e-14
1.510000000000000000e+03 0.000000000000000000e+00 0.000000000000000000e+00 7.526594402332772977e-14
1.511000000000000000e+03 0.000000000000000000e+00 0.000000000000000000e+00 7.516063532248947871e-14
1.512000000000000000e+03 0.000000000000000000e+00 0.000000000000000000e+00 7.505555591647474106e-14
1.513000000000000000e+03 0.000000000000000000e+00 0.000000000000000000e+00 7.495070438755058657e-14
1.514000000000000000e+03 0.000000000000000000e+00 0.000000000000000000e+00 7.484607902292020544e-14
1.515000000000000000e+03 0.000000000000000000e+00 0.000000000000000000e+00 7.474167842435139735e-14
1.516000000000000000e+03 0.000000000000000000e+00 0.000000000000000000e+00 7.463750087444387582e-14
1.517000000000000000e+03 0.000000000000000000e+00 0.000000000000000000e+00 7.453354499591473363e-14
1.518000000000000000e+03 0.000000000000000000e+00 0.000000000000000000e+00 7.442980911467589666e-14
1.519000000000000000e+03 0.000000000000000000e+00 0.000000000000000000e+00 7.432629183966014208e-14
1.520000000000000000e+03 0.000000000000000000e+00 0.000000000000000000e+00 7.422299149157978001e-14
1.521000000000000000e+03 0.000000000000000000e+00 0.000000000000000000e+00 7.411990668753178049e-14
1.522000000000000000e+03 0.000000000000000000e+00 0.000000000000000000e+00 7.401703579798453629e-14
1.523000000000000000e+03 0.000000000000000000e+00 0.000000000000000000e+00 7.391437741936390822e-14
1.524000000000000000e+03 0.000000000000000000e+00 0.000000000000000000e+00 7.381192992375766273e-14
1.525000000000000000e+03 0.000000000000000000e+00 0.000000000000000000e+00 7.370969194668717794e-14
1.526000000000000000e+03 0.000000000000000000e+00 0.000000000000000000e+00 7.360766187951770889e-14
1.527000000000000000e+03 0.000000000000000000e+00 0.000000000000000000e+00 7.350583835183961141e-14
1.528000000000000000e+03 0.000000000000000000e+00 0.000000000000000000e+00 7.340421978101682502e-14
1.529000000000000000e+03 0.000000000000000000e+00 0.000000000000000000e+00 7.330280480966695455e-14
1.530000000000000000e+03 0.000000000000000000e+00 0.000000000000000000e+00 7.320159184980696456e-14
1.531000000000000000e+03 0.000000000000000000e+00 0.000000000000000000e+00 7.310057956477575325e-14
1.532000000000000000e+03 0.000000000000000000e+00 0.000000000000000000e+00 7.299976641751364217e-14
1.533000000000000000e+03 0.000000000000000000e+00 0.000000000000000000e+00 7.289915106186223742e-14
1.534000000000000000e+03 0.000000000000000000e+00 0.000000000000000000e+00 7.279873196664095688e-14
1.535000000000000000e+03 0.000000000000000000e+00 0.000000000000000000e+00 7.269850783283677621e-14
1.536000000000000000e+03 0.000000000000000000e+00 0.000000000000000000e+00 7.259847715376450657e-14
1.537000000000000000e+03 0.000000000000000000e+00 0.000000000000000000e+00 7.249863863252692429e-14
1.538000000000000000e+03 0.000000000000000000e+00 0.000000000000000000e+00 7.239899079307658251e-14
1.539000000000000000e+03 0.000000000000000000e+00 0.000000000000000000e+00 7.229953232540865835e-14
1.540000000000000000e+03 0.000000000000000000e+00 0.000000000000000000e+00 7.220026182269711343e-14
1.541000000000000000e+03 0.000000000000000000e+00 0.000000000000000000e+00 7.210117798514843073e-14
1.542000000000000000e+03 0.000000000000000000e+00 0.000000000000000000e+00 7.200227939316935666e-14
1.543000000000000000e+03 0.000000000000000000e+00 0.000000000000000000e+00 7.190356483435947763e-14
1.544000000000000000e+03 0.000000000000000000e+00 0.000000000000000000e+00 7.180503287535933665e-14
1.545000000000000000e+03 0.000000000000000000e+00 0.000000000000000000e+00 7.170668229483345239e-14
1.546000000000000000e+03 0.000000000000000000e+00 0.000000000000000000e+00 7.160851170616187160e-14
1.547000000000000000e+03 0.000000000000000000e+00 0.000000000000000000e+00 7.151051994269741901e-14
1.548000000000000000e+03 0.000000000000000000e+00 0.000000000000000000e+00 7.141270562305272520e-14
1.549000000000000000e+03 0.000000000000000000e+00 0.000000000000000000e+00 7.131506762644173150e-14
1.550000000000000000e+03 0.000000000000000000e+00 0.000000000000000000e+00 7.121760456295403855e-14
1.551000000000000000e+03 0.000000000000000000e+00 0.000000000000000000e+00 7.112031535768792835e-14
1.552000000000000000e+03 0.000000000000000000e+00 0.000000000000000000e+00 7.102319863550264867e-14
1.553000000000000000e+03 0.000000000000000000e+00 0.000000000000000000e+00 7.092625336917291219e-14
1.554000000000000000e+03 0.000000000000000000e+00 0.000000000000000000e+00 7.082947820721500907e-14
1.555000000000000000e+03 0.000000000000000000e+00 0.000000000000000000e+00 7.073287210572623634e-14
1.556000000000000000e+03 0.000000000000000000e+00 0.000000000000000000e+00 7.063643380836064527e-14
1.557000000000000000e+03 0.000000000000000000e+00 0.000000000000000000e+00 7.054016225658288253e-14
1.558000000000000000e+03 0.000000000000000000e+00 0.000000000000000000e+00 7.044405622757869969e-14
1.559000000000000000e+03 0.000000000000000000e+00 0.000000000000000000e+00 7.034811473993790708e-14
1.560000000000000000e+03 0.000000000000000000e+00 0.000000000000000000e+00 7.025233655048743500e-14
1.561000000000000000e+03 0.000000000000000000e+00 0.000000000000000000e+00 7.015672069978893997e-14
1.562000000000000000e+03 0.000000000000000000e+00 0.000000000000000000e+00 7.006126599259054442e-14
1.563000000000000000e+03 0.000000000000000000e+00 0.000000000000000000e+00 6.996597150537483136e-14
1.564000000000000000e+03 0.000000000000000000e+00 0.000000000000000000e+00 6.987083605256745424e-14
1.565000000000000000e+03 0.000000000000000000e+00 0.000000000000000000e+00 6.977585875099589234e-14
1.566000000000000000e+03 0.000000000000000000e+00 0.000000000000000000e+00 6.968103844289086149e-14
1.567000000000000000e+03 0.000000000000000000e+00 0.000000000000000000e+00 6.958637428747125702e-14
1.568000000000000000e+03 0.000000000000000000e+00 0.000000000000000000e+00 6.949186512985440721e-14
1.569000000000000000e+03 0.000000000000000000e+00 0.000000000000000000e+00 6.939751017432558135e-14
1.570000000000000000e+03 0.000000000000000000e+00 0.000000000000000000e+00 6.930330831908489880e-14
1.571000000000000000e+03 0.000000000000000000e+00 0.000000000000000000e+00 6.920925878404694503e-14
1.572000000000000000e+03 0.000000000000000000e+00 0.000000000000000000e+00 6.911536051177587471e-14
1.573000000000000000e+03 0.000000000000000000e+00 0.000000000000000000e+00 6.902161272370887580e-14
1.574000000000000000e+03 0.000000000000000000e+00 0.000000000000000000e+00 6.892801440725035789e-14
1.575000000000000000e+03 0.000000000000000000e+00 0.000000000000000000e+00 6.883456483748503607e-14
1.576000000000000000e+03 0.000000000000000000e+00 0.000000000000000000e+00 6.874126301661140277e-14
1.577000000000000000e+03 0.000000000000000000e+00 0.000000000000000000e+00 6.864810823377395896e-14
1.578000000000000000e+03 0.000000000000000000e+00 0.000000000000000000e+00 6.855509955345880849e-14
1.579000000000000000e+03 0.000000000000000000e+00 0.000000000000000000e+00 6.846223626467300121e-14
1.580000000000000000e+03 0.000000000000000000e+00 0.000000000000000000e+00 6.836951748306776800e-14
1.581000000000000000e+03 0.000000000000000000e+00 0.000000000000000000e+00 6.827694254773035588e-14
1.582000000000000000e+03 0.000000000000000000e+00 0.000000000000000000e+00 6.818451056455703012e-14
1.583000000000000000e+03 0.000000000000000000e+00 0.000000000000000000e+00 6.809222094381248048e-14
1.584000000000000000e+03 0.000000000000000000e+00 0.000000000000000000e+00 6.800007281200826796e-14
1.585000000000000000e+03 0.000000000000000000e+00 0.000000000000000000e+00 6.790806560596121899e-14
1.586000000000000000e+03 0.000000000000000000e+00 0.000000000000000000e+00 6.781619848048030712e-14
1.587000000000000000e+03 0.000000000000000000e+00 0.000000000000000000e+00 6.772447091087719324e-14
1.588000000000000000e+03 0.000000000000000000e+00 0.000000000000000000e+00 6.763288208450117390e-14
1.589000000000000000e+03 0.000000000000000000e+00 0.000000000000000000e+00 6.754143148803732788e-14
1.590000000000000000e+03 0.000000000000000000e+00 0.000000000000000000e+00 6.745011837337686256e-14
1.591000000000000000e+03 0.000000000000000000e+00 0.000000000000000000e+00 6.735894222578672462e-14
1.592000000000000000e+03 0.000000000000000000e+00 0.000000000000000000e+00 6.726790234794255050e-14
1.593000000000000000e+03 0.000000000000000000e+00 0.000000000000000000e+00 6.717699824364140237e-14
1.594000000000000000e+03 0.000000000000000000e+00 0.000000000000000000e+00 6.708622926410595952e-14
1.595000000000000000e+03 0.000000000000000000e+00 0.000000000000000000e+00 6.699559493708693820e-14
1.596000000000000000e+03 0.000000000000000000e+00 0.000000000000000000e+00 6.690509463266848002e-14
1.597000000000000000e+03 0.000000000000000000e+00 0.000000000000000000e+00 6.681472793469059900e-14
1.598000000000000000e+03 0.000000000000000000e+00 0.000000000000000000e+00 6.672449421763337360e-14
1.599000000000000000e+03 0.000000000000000000e+00 0.000000000000000000e+00 6.663439313768504376e-14
1.600000000000000000e+03 0.000000000000000000e+00 0.000000000000000000e+00 6.654442406250040029e-14
1.601000000000000000e+03 0.000000000000000000e+00 0.000000000000000000e+00 6.645458670360669214e-14
1.602000000000000000e+03 0.000000000000000000e+00 0.000000000000000000e+00 6.636488046972674572e-14
1.603000000000000000e+03 0.000000000000000000e+00 0.000000000000000000e+00 6.627530506663725382e-14
1.604000000000000000e+03 0.000000000000000000e+00 0.000000000000000000e+00 6.618585996408221066e-14
1.605000000000000000e+03 0.000000000000000000e+00 0.000000000000000000e+00 6.609654488821784261e-14
1.606000000000000000e+03 0.000000000000000000e+00 0.000000000000000000e+00 6.600735932754918736e-14
1.607000000000000000e+03 0.000000000000000000e+00 0.000000000000000000e+00 6.591830306168195017e-14
1.608000000000000000e+03 0.000000000000000000e+00 0.000000000000000000e+00 6.582937560797735985e-14
1.609000000000000000e+03 0.000000000000000000e+00 0.000000000000000000e+00 6.574057678797230996e-14
1.610000000000000000e+03 0.000000000000000000e+00 0.000000000000000000e+00 6.565190612205095691e-14
1.611000000000000000e+03 0.000000000000000000e+00 0.000000000000000000e+00 6.556336347115221875e-14
1.612000000000000000e+03 0.000000000000000000e+00 0.000000000000000000e+00 6.547494842808067437e-14
1.613000000000000000e+03 0.000000000000000000e+00 0.000000000000000000e+00 6.538666083646181490e-14
1.614000000000000000e+03 0.000000000000000000e+00 0.000000000000000000e+00 6.529850031039677523e-14
1.615000000000000000e+03 0.000000000000000000e+00 0.000000000000000000e+00 6.521046675760680285e-14
1.616000000000000000e+03 0.000000000000000000e+00 0.000000000000000000e+00 6.512255982134115280e-14
1.617000000000000000e+03 0.000000000000000000e+00 0.000000000000000000e+00 6.503477939778898635e-14
1.618000000000000000e+03 0.000000000000000000e+00 0.000000000000000000e+00 6.494712518664174851e-14
1.619000000000000000e+03 0.000000000000000000e+00 0.000000000000000000e+00 6.485959712247410522e-14
1.620000000000000000e+03 0.000000000000000000e+00 0.000000000000000000e+00 6.477219492103178014e-14
1.621000000000000000e+03 0.000000000000000000e+00 0.000000000000000000e+00 6.468491854606451948e-14
1.622000000000000000e+03 0.000000000000000000e+00 0.000000000000000000e+00 6.459776771208577043e-14
1.623000000000000000e+03 0.000000000000000000e+00 0.000000000000000000e+00 6.451074243674804387e-14
1.624000000000000000e+03 0.000000000000000000e+00 0.000000000000000000e+00 6.442384247437977073e-14
1.625000000000000000e+03 0.000000000000000000e+00 0.000000000000000000e+00 6.433706788134860939e-14
1.626000000000000000e+03 0.000000000000000000e+00 0.000000000000000000e+00 6.425041841519461393e-14
1.627000000000000000e+03 0.000000000000000000e+00 0.000000000000000000e+00 6.416389414106109747e-14
1.628000000000000000e+03 0.000000000000000000e+00 0.000000000000000000e+00 6.407749488207178831e-14
1.629000000000000000e+03 0.000000000000000000e+00 0.000000000000000000e+00 6.399122069649543652e-14
1.630000000000000000e+03 0.000000000000000000e+00 0.000000000000000000e+00 6.390507144882662761e-14
1.631000000000000000e+03 0.000000000000000000e+00 0.000000000000000000e+00 6.381904722989634608e-14
1.632000000000000000e+03 0.000000000000000000e+00 0.000000000000000000e+00 6.373314793890865337e-14
1.633000000000000000e+03 0.000000000000000000e+00 0.000000000000000000e+00 6.364737366402246644e-14
1.634000000000000000e+03 0.000000000000000000e+00 0.000000000000000000e+00 6.356172433509958162e-14
1.635000000000000000e+03 0.000000000000000000e+00 0.000000000000000000e+00 6.347620009890223129e-14
1.636000000000000000e+03 0.000000000000000000e+00 0.000000000000000000e+00 6.339080086200161737e-14
1.637000000000000000e+03 0.000000000000000000e+00 0.000000000000000000e+00 6.330552680535365936e-14
1.638000000000000000e+03 0.000000000000000000e+00 0.000000000000000000e+00 6.322037788655294368e-14
1.639000000000000000e+03 0.000000000000000000e+00 0.000000000000000000e+00 6.313535428850501225e-14
1.640000000000000000e+03 0.000000000000000000e+00 0.000000000000000000e+00 6.305045599781462823e-14
1.641000000000000000e+03 0.000000000000000000e+00 0.000000000000000000e+00 6.296568320906065741e-14
1.642000000000000000e+03 0.000000000000000000e+00 0.000000000000000000e+00 6.288103593245141430e-14
1.643000000000000000e+03 0.000000000000000000e+00 0.000000000000000000e+00 6.279651437390997575e-14
1.644000000000000000e+03 0.000000000000000000e+00 0.000000000000000000e+00 6.271211858874292546e-14
1.645000000000000000e+03 0.000000000000000000e+00 0.000000000000000000e+00 6.262784879339510394e-14
1.646000000000000000e+03 0.000000000000000000e+00 0.000000000000000000e+00 6.254370507267524318e-14
1.647000000000000000e+03 0.000000000000000000e+00 0.000000000000000000e+00 6.245968765195312878e-14
1.648000000000000000e+03 0.000000000000000000e+00 0.000000000000000000e+00 6.237579664015538135e-14
1.649000000000000000e+03 0.000000000000000000e+00 0.000000000000000000e+00 6.229203229355076135e-14
1.650000000000000000e+03 0.000000000000000000e+00 0.000000000000000000e+00 6.220839471701033653e-14
1.651000000000000000e+03 0.000000000000000000e+00 0.000000000000000000e+00 6.212488418377877537e-14
1.652000000000000000e+03 0.000000000000000000e+00 0.000000000000000000e+00 6.204150082711947393e-14
1.653000000000000000e+03 0.000000000000000000e+00 0.000000000000000000e+00 6.195824495668601020e-14
1.654000000000000000e+03 0.000000000000000000e+00 0.000000000000000000e+00 6.187511669807075794e-14
1.655000000000000000e+03 0.000000000000000000e+00 0.000000000000000000e+00 6.179211638096717681e-14
1.656000000000000000e+03 0.000000000000000000e+00 0.000000000000000000e+00 6.170924413143559286e-14
1.657000000000000000e+03 0.000000000000000000e+00 0.000000000000000000e+00 6.162650031677517189e-14
1.658000000000000000e+03 0.000000000000000000e+00 0.000000000000000000e+00 6.154388508691675446e-14
1.659000000000000000e+03 0.000000000000000000e+00 0.000000000000000000e+00 6.146139880705938193e-14
1.660000000000000000e+03 0.000000000000000000e+00 0.000000000000000000e+00 6.137904163726825835e-14
1.661000000000000000e+03 0.000000000000000000e+00 0.000000000000000000e+00 6.129681396964075182e-14
1.662000000000000000e+03 0.000000000000000000e+00 0.000000000000000000e+00 6.121471596936325042e-14
1.663000000000000000e+03 0.000000000000000000e+00 0.000000000000000000e+00 6.113274804181039594e-14
1.664000000000000000e+03 0.000000000000000000e+00 0.000000000000000000e+00 6.105091037719081525e-14
1.665000000000000000e+03 0.000000000000000000e+00 0.000000000000000000e+00 6.096920336496621009e-14
1.666000000000000000e+03 0.000000000000000000e+00 0.000000000000000000e+00 6.088762722895273925e-14
1.667000000000000000e+03 0.000000000000000000e+00 0.000000000000000000e+00 6.080618237335978967e-14
1.668000000000000000e+03 0.000000000000000000e+00 0.000000000000000000e+00 6.072486901468449389e-14
1.669000000000000000e+03 0.000000000000000000e+00 0.000000000000000000e+00 6.064368756062729547e-14
1.670000000000000000e+03 0.000000000000000000e+00 0.000000000000000000e+00 6.056263824748741437e-14
1.671000000000000000e+03 0.000000000000000000e+00 0.000000000000000000e+00 6.048172150416748976e-14
1.672000000000000000e+03 0.000000000000000000e+00 0.000000000000000000e+00 6.040093757316104151e-14
1.673000000000000000e+03 0.000000000000000000e+00 0.000000000000000000e+00 6.032028686721877545e-14
1.674000000000000000e+03 0.000000000000000000e+00 0.000000000000000000e+00 6.023976965225353534e-14
1.675000000000000000e+03 0.000000000000000000e+00 0.000000000000000000e+00 6.015938635241862644e-14
1.676000000000000000e+03 0.000000000000000000e+00 0.000000000000000000e+00 6.007913724144387299e-14
1.677000000000000000e+03 0.000000000000000000e+00 0.000000000000000000e+00 5.999902274195717570e-14
1.678000000000000000e+03 0.000000000000000000e+00 0.000000000000000000e+00 5.991904312902181141e-14
1.679000000000000000e+03 0.000000000000000000e+00 0.000000000000000000e+00 5.983919881857516848e-14
1.680000000000000000e+03 0.000000000000000000e+00 0.000000000000000000e+00 5.975949010431898454e-14
1.681000000000000000e+03 0.000000000000000000e+00 0.000000000000000000e+00 5.967991741381065742e-14
1.682000000000000000e+03 0.000000000000000000e+00 0.000000000000000000e+00 5.960048102259044084e-14
1.683000000000000000e+03 0.000000000000000000e+00 0.000000000000000000e+00 5.952118137707364821e-14
1.684000000000000000e+03 0.000000000000000000e+00 0.000000000000000000e+00 5.944201873951023384e-14
1.685000000000000000e+03 0.000000000000000000e+00 0.000000000000000000e+00 5.936299355831974797e-14
1.686000000000000000e+03 0.000000000000000000e+00 0.000000000000000000e+00 5.928410610290758033e-14
1.687000000000000000e+03 0.000000000000000000e+00 0.000000000000000000e+00 5.920535681710202231e-14
1.688000000000000000e+03 0.000000000000000000e+00 0.000000000000000000e+00 5.912674596347668842e-14
1.689000000000000000e+03 0.000000000000000000e+00 0.000000000000000000e+00 5.904827399811142263e-14
1.690000000000000000e+03 0.000000000000000000e+00 0.000000000000000000e+00 5.896994119285459701e-14
1.691000000000000000e+03 0.000000000000000000e+00 0.000000000000000000e+00 5.889174797958920511e-14
1.692000000000000000e+03 0.000000000000000000e+00 0.000000000000000000e+00 5.881369462516102913e-14
1.693000000000000000e+03 0.000000000000000000e+00 0.000000000000000000e+00 5.873578158414274700e-14
1.694000000000000000e+03 0.000000000000000000e+00 0.000000000000000000e+00 5.865800911230443285e-14
1.695000000000000000e+03 0.000000000000000000e+00 0.000000000000000000e+00 5.858037764255913062e-14
1.696000000000000000e+03 0.000000000000000000e+00 0.000000000000000000e+00 5.850288743679847508e-14
1.697000000000000000e+03 0.000000000000000000e+00 0.000000000000000000e+00 5.842553892997098587e-14
1.698000000000000000e+03 0.000000000000000000e+00 0.000000000000000000e+00 5.834833235492635197e-14
1.699000000000000000e+03 0.000000000000000000e+00 0.000000000000000000e+00 5.827126817775350979e-14
1.700000000000000000e+03 0.000000000000000000e+00 0.000000000000000000e+00 5.819434660641424309e-14
1.701000000000000000e+03 0.000000000000000000e+00 0.000000000000000000e+00 5.811756809124372143e-14
1.702000000000000000e+03 0.000000000000000000e+00 0.000000000000000000e+00 5.804093285549522292e-14
1.703000000000000000e+03 0.000000000000000000e+00 0.000000000000000000e+00 5.796444131400160443e-14
1.704000000000000000e+03 0.000000000000000000e+00 0.000000000000000000e+00 5.788809370340958859e-14
1.705000000000000000e+03 0.000000000000000000e+00 0.000000000000000000e+00 5.781189043059967064e-14
1.706000000000000000e+03 0.000000000000000000e+00 0.000000000000000000e+00 5.773583172750022576e-14
1.707000000000000000e+03 0.000000000000000000e+00 0.000000000000000000e+00 5.765991798259262247e-14
1.708000000000000000e+03 0.000000000000000000e+00 0.000000000000000000e+00 5.758414941595634321e-14
1.709000000000000000e+03 0.000000000000000000e+00 0.000000000000000000e+00 5.750852641321557804e-14
1.710000000000000000e+03 0.000000000000000000e+00 0.000000000000000000e+00 5.743304917817028254e-14
1.711000000000000000e+03 0.000000000000000000e+00 0.000000000000000000e+00 5.735771810047814936e-14
1.712000000000000000e+03 0.000000000000000000e+00 0.000000000000000000e+00 5.728253336312879408e-14
1.713000000000000000e+03 0.000000000000000000e+00 0.000000000000000000e+00 5.720749534418415893e-14
1.714000000000000000e+03 0.000000000000000000e+00 0.000000000000000000e+00 5.713260422294883143e-14
1.715000000000000000e+03 0.000000000000000000e+00 0.000000000000000000e+00 5.705786035955957476e-14
1.716000000000000000e+03 0.000000000000000000e+00 0.000000000000000000e+00 5.698326391640003624e-14
1.717000000000000000e+03 0.000000000000000000e+00 0.000000000000000000e+00 5.690881525185229996e-14
1.718000000000000000e+03 0.000000000000000000e+00 0.000000000000000000e+00 5.683451450629914960e-14
1.719000000000000000e+03 0.000000000000000000e+00 0.000000000000000000e+00 5.676036204237105756e-14
1.720000000000000000e+03 0.000000000000000000e+00 0.000000000000000000e+00 5.668635797541250124e-14
1.721000000000000000e+03 0.000000000000000000e+00 0.000000000000000000e+00 5.661250263824997393e-14
1.722000000000000000e+03 0.000000000000000000e+00 0.000000000000000000e+00 5.653879613797978749e-14
1.723000000000000000e+03 0.000000000000000000e+00 0.000000000000000000e+00 5.646523880040992711e-14
1.724000000000000000e+03 0.000000000000000000e+00 0.000000000000000000e+00 5.639183073147001723e-14
1.725000000000000000e+03 0.000000000000000000e+00 0.000000000000000000e+00 5.631857223887515216e-14
1.726000000000000000e+03 0.000000000000000000e+00 0.000000000000000000e+00 5.624546339405546887e-14
1.727000000000000000e+03 0.000000000000000000e+00 0.000000000000000000e+00 5.617250450078257756e-14
1.728000000000000000e+03 0.000000000000000000e+00 0.000000000000000000e+00 5.609969561997364893e-14
1.729000000000000000e+03 0.000000000000000000e+00 0.000000000000000000e+00 5.602703701966159356e-14
1.730000000000000000e+03 0.000000000000000000e+00 0.000000000000000000e+00 5.595452875797576035e-14
1.731000000000000000e+03 0.000000000000000000e+00 0.000000000000000000e+00 5.588217109141621637e-14
1.732000000000000000e+03 0.000000000000000000e+00 0.000000000000000000e+00 5.580996406142049971e-14
1.733000000000000000e+03 0.000000000000000000e+00 0.000000000000000000e+00 5.573790790285515791e-14
1.734000000000000000e+03 0.000000000000000000e+00 0.000000000000000000e+00 5.566600265492340360e-14
1.735000000000000000e+03 0.000000000000000000e+00 0.000000000000000000e+00 5.559424852692284604e-14
1.736000000000000000e+03 0.000000000000000000e+00 0.000000000000000000e+00 5.552264552484576100e-14
1.737000000000000000e+03 0.000000000000000000e+00 0.000000000000000000e+00 5.545119384873308088e-14
1.738000000000000000e+03 0.000000000000000000e+00 0.000000000000000000e+00 5.537989349421360748e-14
1.739000000000000000e+03 0.000000000000000000e+00 0.000000000000000000e+00 5.530874465914397414e-14
1.740000000000000000e+03 0.000000000000000000e+00 0.000000000000000000e+00 5.523774730042838775e-14
1.741000000000000000e+03 0.000000000000000000e+00 0.000000000000000000e+00 5.516690158307923892e-14
1.742000000000000000e+03 0.000000000000000000e+00 0.000000000000000000e+00 5.509620746710564689e-14
1.743000000000000000e+03 0.000000000000000000e+00 0.000000000000000000e+00 5.502566510669698842e-14
1.744000000000000000e+03 0.000000000000000000e+00 0.000000000000000000e+00 5.495527442908957295e-14
1.745000000000000000e+03 0.000000000000000000e+00 0.000000000000000000e+00 5.488503556806577868e-14
1.746000000000000000e+03 0.000000000000000000e+00 0.000000000000000000e+00 5.481494844043102186e-14
1.747000000000000000e+03 0.000000000000000000e+00 0.000000000000000000e+00 5.474501317472717041e-14
1.748000000000000000e+03 0.000000000000000000e+00 0.000000000000000000e+00 5.467522964970064232e-14
1.749000000000000000e+03 0.000000000000000000e+00 0.000000000000000000e+00 5.460559797795800598e-14
1.750000000000000000e+03 0.000000000000000000e+00 0.000000000000000000e+00 5.453611802483026665e-14
1.751000000000000000e+03 0.000000000000000000e+00 0.000000000000000000e+00 5.446678986535695337e-14
1.752000000000000000e+03 0.000000000000000000e+00 0.000000000000000000e+00 5.439761336078397096e-14
1.753000000000000000e+03 0.000000000000000000e+00 0.000000000000000000e+00 5.432858857344470373e-14
1.754000000000000000e+03 0.000000000000000000e+00 0.000000000000000000e+00 5.425971534906869893e-14
1.755000000000000000e+03 0.000000000000000000e+00 0.000000000000000000e+00 5.419099372915441994e-14
1.756000000000000000e+03 0.000000000000000000e+00 0.000000000000000000e+00 5.412242354074559636e-14
1.757000000000000000e+03 0.000000000000000000e+00 0.000000000000000000e+00 5.405400480301145350e-14
1.758000000000000000e+03 0.000000000000000000e+00 0.000000000000000000e+00 5.398573732211458542e-14
1.759000000000000000e+03 0.000000000000000000e+00 0.000000000000000000e+00 5.391762109340516196e-14
1.760000000000000000e+03 0.000000000000000000e+00 0.000000000000000000e+00 5.384965591913400527e-14
1.761000000000000000e+03 0.000000000000000000e+00 0.000000000000000000e+00 5.378184178787249613e-14
1.762000000000000000e+03 0.000000000000000000e+00 0.000000000000000000e+00 5.371417845365134935e-14
1.763000000000000000e+03 0.000000000000000000e+00 0.000000000000000000e+00 5.364666590688899729e-14
1.764000000000000000e+03 0.000000000000000000e+00 0.000000000000000000e+00 5.357930388550071095e-14
1.765000000000000000e+03 0.000000000000000000e+00 0.000000000000000000e+00 5.351209235355462711e-14
1.766000000000000000e+03 0.000000000000000000e+00 0.000000000000000000e+00 5.344503102779059195e-14
1.767000000000000000e+03 0.000000000000000000e+00 0.000000000000000000e+00 5.337811986816270008e-14
1.768000000000000000e+03 0.000000000000000000e+00 0.000000000000000000e+00 5.331135856951276364e-14
1.769000000000000000e+03 0.000000000000000000e+00 0.000000000000000000e+00 5.324474707966636804e-14
1.770000000000000000e+03 0.000000000000000000e+00 0.000000000000000000e+00 5.317828507160805969e-14
1.771000000000000000e+03 0.000000000000000000e+00 0.000000000000000000e+00 5.311197246231003268e-14
1.772000000000000000e+03 0.000000000000000000e+00 0.000000000000000000e+00 5.304580892013756691e-14
1.773000000000000000e+03 0.000000000000000000e+00 0.000000000000000000e+00 5.297979435552942210e-14
1.774000000000000000e+03 0.000000000000000000e+00 0.000000000000000000e+00 5.291392840778695154e-14
1.775000000000000000e+03 0.000000000000000000e+00 0.000000000000000000e+00 5.284821095844195904e-14
1.776000000000000000e+03 0.000000000000000000e+00 0.000000000000000000e+00 5.278264165727283629e-14
1.777000000000000000e+03 0.000000000000000000e+00 0.000000000000000000e+00 5.271722034812774778e-14
1.778000000000000000e+03 0.000000000000000000e+00 0.000000000000000000e+00 5.265194667673174116e-14
1.779000000000000000e+03 0.000000000000000000e+00 0.000000000000000000e+00 5.258682045932645907e-14
1.780000000000000000e+03 0.000000000000000000e+00 0.000000000000000000e+00 5.252184133497540378e-14
1.781000000000000000e+03 0.000000000000000000e+00 0.000000000000000000e+00 5.245700911227309497e-14
1.782000000000000000e+03 0.000000000000000000e+00 0.000000000000000000e+00 5.239232340589303976e-14
1.783000000000000000e+03 0.000000000000000000e+00 0.000000000000000000e+00 5.232778402698061845e-14
1.784000000000000000e+03 0.000000000000000000e+00 0.000000000000000000e+00 5.226339055801683339e-14
1.785000000000000000e+03 0.000000000000000000e+00 0.000000000000000000e+00 5.219914278820174335e-14
1.786000000000000000e+03 0.000000000000000000e+00 0.000000000000000000e+00 5.213504029436201029e-14
1.787000000000000000e+03 0.000000000000000000e+00 0.000000000000000000e+00 5.207108286612580464e-14
1.788000000000000000e+03 0.000000000000000000e+00 0.000000000000000000e+00 5.200727005400738333e-14
1.789000000000000000e+03 0.000000000000000000e+00 0.000000000000000000e+00 5.194360162677850102e-14
1.790000000000000000e+03 0.000000000000000000e+00 0.000000000000000000e+00 5.188007713273879809e-14
1.791000000000000000e+03 0.000000000000000000e+00 0.000000000000000000e+00 5.181669632674336162e-14
1.792000000000000000e+03 0.000000000000000000e+00 0.000000000000000000e+00 5.175345873475226303e-14
1.793000000000000000e+03 0.000000000000000000e+00 0.000000000000000000e+00 5.169036410018513551e-14
1.794000000000000000e+03 0.000000000000000000e+00 0.000000000000000000e+00 5.162741195005786821e-14
1.795000000000000000e+03 0.000000000000000000e+00 0.000000000000000000e+00 5.156460200248334182e-14
1.796000000000000000e+03 0.000000000000000000e+00 0.000000000000000000e+00 5.150193378038574389e-14
1.797000000000000000e+03 0.000000000000000000e+00 0.000000000000000000e+00 5.143940698646505822e-14
1.798000000000000000e+03 0.000000000000000000e+00 0.000000000000000000e+00 5.137702112467594873e-14
1.799000000000000000e+03 0.000000000000000000e+00 0.000000000000000000e+00 5.131477590089139342e-14
1.800000000000000000e+03 0.000000000000000000e+00 0.000000000000000000e+00 5.125267080861024135e-14
1.801000000000000000e+03 0.000000000000000000e+00 0.000000000000000000e+00 5.119070553637735186e-14
1.802000000000000000e+03 0.000000000000000000e+00 0.000000000000000000e+00 5.112887957033915056e-14
1.803000000000000000e+03 0.000000000000000000e+00 0.000000000000000000e+00 5.106719258966800252e-14
1.804000000000000000e+03 0.000000000000000000e+00 0.000000000000000000e+00 5.100564407539214069e-14
1.805000000000000000e+03 0.000000000000000000e+00 0.000000000000000000e+00 5.094423368519050599e-14
1.806000000000000000e+03 0.000000000000000000e+00 0.000000000000000000e+00 5.088296088197457272e-14
1.807000000000000000e+03 0.000000000000000000e+00 0.000000000000000000e+00 5.082182532687264237e-14
1.808000000000000000e+03 0.000000000000000000e+00 0.000000000000000000e+00 5.076082648897471823e-14
1.809000000000000000e+03 0.000000000000000000e+00 0.000000000000000000e+00 5.069996399944160131e-14
1.810000000000000000e+03 0.000000000000000000e+00 0.000000000000000000e+00 5.063923731481437328e-14
1.811000000000000000e+03 0.000000000000000000e+00 0.000000000000000000e+00 5.057864606758201186e-14
1.812000000000000000e+03 0.000000000000000000e+00 0.000000000000000000e+00 5.051818969521772624e-14
1.813000000000000000e+03 0.000000000000000000e+00 0.000000000000000000e+00 5.045786782920149687e-14
1.814000000000000000e+03 0.000000000000000000e+00 0.000000000000000000e+00 5.039767991373821120e-14
1.815000000000000000e+03 0.000000000000000000e+00 0.000000000000000000e+00 5.033762555128315787e-14
1.816000000000000000e+03 0.000000000000000000e+00 0.000000000000000000e+00 5.027770418962635734e-14
1.817000000000000000e+03 0.000000000000000000e+00 0.000000000000000000e+00 5.021791543363906996e-14
1.818000000000000000e+03 0.000000000000000000e+00 0.000000000000000000e+00 5.015825870676674048e-14
1.819000000000000000e+03 0.000000000000000000e+00 0.000000000000000000e+00 5.009873361437529554e-14
1.820000000000000000e+03 0.000000000000000000e+00 0.000000000000000000e+00 5.003933957221820546e-14
1.821000000000000000e+03 0.000000000000000000e+00 0.000000000000000000e+00 4.998007618806243071e-14
1.822000000000000000e+03 0.000000000000000000e+00 0.000000000000000000e+00 4.992094286068894149e-14
1.823000000000000000e+03 0.000000000000000000e+00 0.000000000000000000e+00 4.986193918803850798e-14
1.824000000000000000e+03 0.000000000000000000e+00 0.000000000000000000e+00 4.980306457742490587e-14
1.825000000000000000e+03 0.000000000000000000e+00 0.000000000000000000e+00 4.974431861194487814e-14
1.826000000000000000e+03 0.000000000000000000e+00 0.000000000000000000e+00 4.968570069079839371e-14
1.827000000000000000e+03 0.000000000000000000e+00 0.000000000000000000e+00 4.962721039351174170e-14
1.828000000000000000e+03 0.000000000000000000e+00 0.000000000000000000e+00 4.956884711960338889e-14
1.829000000000000000e+03 0.000000000000000000e+00 0.000000000000000000e+00 4.951061044967457674e-14
1.830000000000000000e+03 0.000000000000000000e+00 0.000000000000000000e+00 4.945249977325436960e-14
1.831000000000000000e+03 0.000000000000000000e+00 0.000000000000000000e+00 4.939451467535860077e-14
1.832000000000000000e+03 0.000000000000000000e+00 0.000000000000000000e+00 4.933665453152306548e-14
1.833000000000000000e+03 0.000000000000000000e+00 0.000000000000000000e+00 4.927891891984167706e-14
1.834000000000000000e+03 0.000000000000000000e+00 0.000000000000000000e+00 4.922130721325920132e-14
1.835000000000000000e+03 0.000000000000000000e+00 0.000000000000000000e+00 4.916381897854016479e-14
1.836000000000000000e+03 0.000000000000000000e+00 0.000000000000000000e+00 4.910645359117142175e-14
1.837000000000000000e+03 0.000000000000000000e+00 0.000000000000000000e+00 4.904921061755632665e-14
1.838000000000000000e+03 0.000000000000000000e+00 0.000000000000000000e+00 4.899208942556566672e-14
1.839000000000000000e+03 0.000000000000000000e+00 0.000000000000000000e+00 4.893508957226579453e-14
1.840000000000000000e+03 0.000000000000000000e+00 0.000000000000000000e+00 4.887821042789375818e-14
1.841000000000000000e+03 0.000000000000000000e+00 0.000000000000000000e+00 4.882145155087637345e-14
1.842000000000000000e+03 0.000000000000000000e+00 0.000000000000000000e+00 4.876481230452266585e-14
1.843000000000000000e+03 0.000000000000000000e+00 0.000000000000000000e+00 4.870829225270842897e-14
1.844000000000000000e+03 0.000000000000000000e+00 0.000000000000000000e+00 4.865189074840014756e-14
1.845000000000000000e+03 0.000000000000000000e+00 0.000000000000000000e+00 4.859560735120345434e-14
1.846000000000000000e+03 0.000000000000000000e+00 0.000000000000000000e+00 4.853944142847416815e-14
1.847000000000000000e+03 0.000000000000000000e+00 0.000000000000000000e+00 4.848339251787395071e-14
1.848000000000000000e+03 0.000000000000000000e+00 0.000000000000000000e+00 4.842745999930266415e-14
1.849000000000000000e+03 0.000000000000000000e+00 0.000000000000000000e+00 4.837164340665269813e-14
1.850000000000000000e+03 0.000000000000000000e+00 0.000000000000000000e+00 4.831594212045577342e-14
1.851000000000000000e+03 0.000000000000000000e+00 0.000000000000000000e+00 4.826035567727203056e-14
1.852000000000000000e+03 0.000000000000000000e+00 0.000000000000000000e+00 4.820488345400155871e-14
1.853000000000000000e+03 0.000000000000000000e+00 0.000000000000000000e+00 4.814952498100321235e-14
1.854000000000000000e+03 0.000000000000000000e+00 0.000000000000000000e+00 4.809427964200698784e-14
1.855000000000000000e+03 0.000000000000000000e+00 0.000000000000000000e+00 4.803914697097769231e-14
1.856000000000000000e+03 0.000000000000000000e+00 0.000000000000000000e+00 4.798412634995776562e-14
1.857000000000000000e+03 0.000000000000000000e+00 0.000000000000000000e+00 4.792921730787429235e-14
1.858000000000000000e+03 0.000000000000000000e+00 0.000000000000000000e+00 4.787441922144149338e-14
1.859000000000000000e+03 0.000000000000000000e+00 0.000000000000000000e+00 4.781973163791653257e-14
1.860000000000000000e+03 0.000000000000000000e+00 0.000000000000000000e+00 4.776515392650219193e-14
1.861000000000000000e+03 0.000000000000000000e+00 0.000000000000000000e+00 4.771068563727908208e-14
1.862000000000000000e+03 0.000000000000000000e+00 0.000000000000000000e+00 4.765632614336652166e-14
1.863000000000000000e+03 0.000000000000000000e+00 0.000000000000000000e+00 4.760207499292882038e-14
1.864000000000000000e+03 0.000000000000000000e+00 0.000000000000000000e+00 4.754793156781354423e-14
1.865000000000000000e+03 0.000000000000000000e+00 0.000000000000000000e+00 4.749389542395751690e-14
1.866000000000000000e+03 0.000000000000000000e+00 0.000000000000000000e+00 4.743996593026421395e-14
1.867000000000000000e+03 0.000000000000000000e+00 0.000000000000000000e+00 4.738614264174120615e-14
1.868000000000000000e+03 0.000000000000000000e+00 0.000000000000000000e+00 4.733242494231721973e-14
1.869000000000000000e+03 0.000000000000000000e+00 0.000000000000000000e+00 4.727881238318021776e-14
1.870000000000000000e+03 0.000000000000000000e+00 0.000000000000000000e+00 4.722530434987247515e-14
1.871000000000000000e+03 0.000000000000000000e+00 0.000000000000000000e+00 4.717190038747312975e-14
1.872000000000000000e+03 0.000000000000000000e+00 0.000000000000000000e+00 4.711859989175150167e-14
1.873000000000000000e+03 0.000000000000000000e+00 0.000000000000000000e+00 4.706540239981121247e-14
1.874000000000000000e+03 0.000000000000000000e+00 0.000000000000000000e+00 4.701230730875101486e-14
1.875000000000000000e+03 0.000000000000000000e+00 0.000000000000000000e+00 4.695931417123801135e-14
1.876000000000000000e+03 0.000000000000000000e+00 0.000000000000000000e+00 4.690642238215730998e-14
1.877000000000000000e+03 0.000000000000000000e+00 0.000000000000000000e+00 4.685363150840701351e-14
1.878000000000000000e+03 0.000000000000000000e+00 0.000000000000000000e+00 4.680094092806281578e-14
1.879000000000000000e+03 0.000000000000000000e+00 0.000000000000000000e+00 4.674835022360393314e-14
1.880000000000000000e+03 0.000000000000000000e+00 0.000000000000000000e+00 4.669585878542015923e-14
1.881000000000000000e+03 0.000000000000000000e+00 0.000000000000000000e+00 4.664346617687342366e-14
1.882000000000000000e+03 0.000000000000000000e+00 0.000000000000000000e+00 4.659117181246261765e-14
1.883000000000000000e+03 0.000000000000000000e+00 0.000000000000000000e+00 4.653897524461471444e-14
1.884000000000000000e+03 0.000000000000000000e+00 0.000000000000000000e+00 4.648687589581214267e-14
1.885000000000000000e+03 0.000000000000000000e+00 0.000000000000000000e+00 4.643487331981164893e-14
1.886000000000000000e+03 0.000000000000000000e+00 0.000000000000000000e+00 4.638296694181472025e-14
1.887000000000000000e+03 0.000000000000000000e+00 0.000000000000000000e+00 4.633115632231683709e-14
1.888000000000000000e+03 0.000000000000000000e+00 0.000000000000000000e+00 4.627944089759177403e-14
1.889000000000000000e+03 0.000000000000000000e+00 0.000000000000000000e+00 4.622782022624121525e-14
1.890000000000000000e+03 0.000000000000000000e+00 0.000000000000000000e+00 4.617629374731639469e-14
1.891000000000000000e+03 0.000000000000000000e+00 0.000000000000000000e+00 4.612486102620905680e-14
1.892000000000000000e+03 0.000000000000000000e+00 0.000000000000000000e+00 4.607352151296107915e-14
1.893000000000000000e+03 0.000000000000000000e+00 0.000000000000000000e+00 4.602227477152760214e-14
1.894000000000000000e+03 0.000000000000000000e+00 0.000000000000000000e+00 4.597112026603536869e-14
1.895000000000000000e+03 0.000000000000000000e+00 0.000000000000000000e+00 4.592005755559027128e-14
1.896000000000000000e+03 0.000000000000000000e+00 0.000000000000000000e+00 4.586908610917367130e-14
1.897000000000000000e+03 0.000000000000000000e+00 0.000000000000000000e+00 4.581820549047444018e-14
1.898000000000000000e+03 0.000000000000000000e+00 0.000000000000000000e+00 4.576741516895384440e-14
1.899000000000000000e+03 0.000000000000000000e+00 0.000000000000000000e+00 4.571671471707336829e-14
1.900000000000000000e+03 0.000000000000000000e+00 0.000000000000000000e+00 4.566610360218574780e-14
1.901000000000000000e+03 0.000000000000000000e+00 0.000000000000000000e+00 4.561558140761017204e-14
1.902000000000000000e+03 0.000000000000000000e+00 0.000000000000000000e+00 4.556514760777427284e-14
1.903000000000000000e+03 0.000000000000000000e+00 0.000000000000000000e+00 4.551480178769507625e-14
1.904000000000000000e+03 0.000000000000000000e+00 0.000000000000000000e+00 4.546454343214026835e-14
1.905000000000000000e+03 0.000000000000000000e+00 0.000000000000000000e+00 4.541437213499246009e-14
1.906000000000000000e+03 0.000000000000000000e+00 0.000000000000000000e+00 4.536428738259627049e-14
1.907000000000000000e+03 0.000000000000000000e+00 0.000000000000000000e+00 4.531428879142461731e-14
1.908000000000000000e+03 0.000000000000000000e+00 0.000000000000000000e+00 4.526437584541046452e-14
1.909000000000000000e+03 0.000000000000000000e+00 0.000000000000000000e+00 4.521454816847803861e-14
1.910000000000000000e+03 0.000000000000000000e+00 0.000000000000000000e+00 4.516480526171857728e-14
1.911000000000000000e+03 0.000000000000000000e+00 0.000000000000000000e+00 4.511514675059999424e-14
1.912000000000000000e+03 0.000000000000000000e+00 0.000000000000000000e+00 4.506557213988655190e-14
1.913000000000000000e+03 0.000000000000000000e+00 0.000000000000000000e+00 4.501608106409095910e-14
1.914000000000000000e+03 0.000000000000000000e+00 0.000000000000000000e+00 4.496667302665926015e-14
1.915000000000000000e+03 0.000000000000000000e+00 0.000000000000000000e+00 4.491734768464665944e-14
1.916000000000000000e+03 0.000000000000000000e+00 0.000000000000000000e+00 4.486810455887439279e-14
1.917000000000000000e+03 0.000000000000000000e+00 0.000000000000000000e+00 4.481894329171779621e-14
1.918000000000000000e+03 0.000000000000000000e+00 0.000000000000000000e+00 4.476986342933359781e-14
1.919000000000000000e+03 0.000000000000000000e+00 0.000000000000000000e+00 4.472086462684503114e-14
1.920000000000000000e+03 0.000000000000000000e+00 0.000000000000000000e+00 4.467194642852261373e-14
1.921000000000000000e+03 0.000000000000000000e+00 0.000000000000000000e+00 4.462310850060743761e-14
1.922000000000000000e+03 0.000000000000000000e+00 0.000000000000000000e+00 4.457435039579050464e-14
1.923000000000000000e+03 0.000000000000000000e+00 0.000000000000000000e+00 4.452567179193590140e-14
1.924000000000000000e+03 0.000000000000000000e+00 0.000000000000000000e+00 4.447707225246946155e-14
1.925000000000000000e+03 0.000000000000000000e+00 0.000000000000000000e+00 4.442855145685855258e-14
1.926000000000000000e+03 0.000000000000000000e+00 0.000000000000000000e+00 4.438010898028636778e-14
1.927000000000000000e+03 0.000000000000000000e+00 0.000000000000000000e+00 4.433174449899337916e-14
1.928000000000000000e+03 0.000000000000000000e+00 0.000000000000000000e+00 4.428345760062386668e-14
1.929000000000000000e+03 0.000000000000000000e+00 0.000000000000000000e+00 4.423524797637062439e-14
1.930000000000000000e+03 0.000000000000000000e+00 0.000000000000000000e+00 4.418711522649312448e-14
1.931000000000000000e+03 0.000000000000000000e+00 0.000000000000000000e+00 4.413905904284444386e-14
1.932000000000000000e+03 0.000000000000000000e+00 0.000000000000000000e+00 4.409107902798354012e-14
1.933000000000000000e+03 0.000000000000000000e+00 0.000000000000000000e+00 4.404317490110424162e-14
1.934000000000000000e+03 0.000000000000000000e+00 0.000000000000000000e+00 4.399534626194101786e-14
1.935000000000000000e+03 0.000000000000000000e+00 0.000000000000000000e+00 4.394759284711870857e-14
1.936000000000000000e+03 0.000000000000000000e+00 0.000000000000000000e+00 4.389991427074118124e-14
1.937000000000000000e+03 0.000000000000000000e+00 0.000000000000000000e+00 4.385231026386984353e-14
1.938000000000000000e+03 0.000000000000000000e+00 0.000000000000000000e+00 4.380478046171051011e-14
1.939000000000000000e+03 0.000000000000000000e+00 0.000000000000000000e+00 4.375732460983223926e-14
1.940000000000000000e+03 0.000000000000000000e+00 0.000000000000000000e+00 4.370994233777075956e-14
1.941000000000000000e+03 0.000000000000000000e+00 0.000000000000000000e+00 4.366263341234510464e-14
1.942000000000000000e+03 0.000000000000000000e+00 0.000000000000000000e+00 4.361539746638876986e-14
1.943000000000000000e+03 0.000000000000000000e+00 0.000000000000000000e+00 4.356823428196055283e-14
1.944000000000000000e+03 0.000000000000000000e+00 0.000000000000000000e+00 4.352114349674423809e-14
1.945000000000000000e+03 0.000000000000000000e+00 0.000000000000000000e+00 4.347412490576825388e-14
1.946000000000000000e+03 0.000000000000000000e+00 0.000000000000000000e+00 4.342717815235407069e-14
1.947000000000000000e+03 0.000000000000000000e+00 0.000000000000000000e+00 4.338030304332235034e-14
1.948000000000000000e+03 0.000000000000000000e+00 0.000000000000000000e+00 4.333349923750918542e-14
1.949000000000000000e+03 0.000000000000000000e+00 0.000000000000000000e+00 4.328676654228906229e-14
1.950000000000000000e+03 0.000000000000000000e+00 0.000000000000000000e+00 4.324010462680062219e-14
1.951000000000000000e+03 0.000000000000000000e+00 0.000000000000000000e+00 4.319351331335796970e-14
1.952000000000000000e+03 0.000000000000000000e+00 0.000000000000000000e+00 4.314699227927692045e-14
1.953000000000000000e+03 0.000000000000000000e+00 0.000000000000000000e+00 4.310054135711975306e-14
1.954000000000000000e+03 0.000000000000000000e+00 0.000000000000000000e+00 4.305416024134695694e-14
1.955000000000000000e+03 0.000000000000000000e+00 0.000000000000000000e+00 4.300784878295572014e-14
1.956000000000000000e+03 0.000000000000000000e+00 0.000000000000000000e+00 4.296160667721471691e-14
1.957000000000000000e+03 0.000000000000000000e+00 0.000000000000000000e+00 4.291543377690164485e-14
1.958000000000000000e+03 0.000000000000000000e+00 0.000000000000000000e+00 4.286932980082899067e-14
1.959000000000000000e+03 0.000000000000000000e+00 0.000000000000000000e+00 4.282329460621012218e-14
1.960000000000000000e+03 0.000000000000000000e+00 0.000000000000000000e+00 4.277732792488960290e-14
1.961000000000000000e+03 0.000000000000000000e+00 0.000000000000000000e+00 4.273142962777755273e-14
1.962000000000000000e+03 0.000000000000000000e+00 0.000000000000000000e+00 4.268559944629159737e-14
1.963000000000000000e+03 0.000000000000000000e+00 0.000000000000000000e+00 4.263983725928490348e-14
1.964000000000000000e+03 0.000000000000000000e+00 0.000000000000000000e+00 4.259414281056032654e-14
1.965000000000000000e+03 0.000000000000000000e+00 0.000000000000000000e+00 4.254851599442023035e-14
1.966000000000000000e+03 0.000000000000000000e+00 0.000000000000000000e+00 4.250295656144832311e-14
1.967000000000000000e+03 0.000000000000000000e+00 0.000000000000000000e+00 4.245746441451435775e-14
1.968000000000000000e+03 0.000000000000000000e+00 0.000000000000000000e+00 4.241203931871497529e-14
1.969000000000000000e+03 0.000000000000000000e+00 0.000000000000000000e+00 4.236668119256305934e-14
1.970000000000000000e+03 0.000000000000000000e+00 0.000000000000000000e+00 4.232138980882366051e-14
1.971000000000000000e+03 0.000000000000000000e+00 0.000000000000000000e+00 4.227616508474382464e-14
1.972000000000000000e+03 0.000000000000000000e+00 0.000000000000000000e+00 4.223100681701848332e-14
1.973000000000000000e+03 0.000000000000000000e+00 0.000000000000000000e+00 4.218591493335220122e-14
1.974000000000000000e+03 0.000000000000000000e+00 0.000000000000000000e+00 4.214088923275100100e-14
1.975000000000000000e+03 0.000000000000000000e+00 0.000000000000000000e+00 4.209592965690079519e-14
1.976000000000000000e+03 0.000000000000000000e+00 0.000000000000000000e+00 4.205103601739239284e-14
1.977000000000000000e+03 0.000000000000000000e+00 0.000000000000000000e+00 4.200620825314296876e-14
1.978000000000000000e+03 0.000000000000000000e+00 0.000000000000000000e+00 4.196144619123413049e-14
1.979000000000000000e+03 0.000000000000000000e+00 0.000000000000000000e+00 4.191674978820576370e-14
1.980000000000000000e+03 0.000000000000000000e+00 0.000000000000000000e+00 4.187211887033040127e-14
1.981000000000000000e+03 0.000000000000000000e+00 0.000000000000000000e+00 4.182755340900577061e-14
1.982000000000000000e+03 0.000000000000000000e+00 0.000000000000000000e+00 4.178305324998723052e-14
1.983000000000000000e+03 0.000000000000000000e+00 0.000000000000000000e+00 4.173861836259418180e-14
1.984000000000000000e+03 0.000000000000000000e+00 0.000000000000000000e+00 4.169424860934969509e-14
1.985000000000000000e+03 0.000000000000000000e+00 0.000000000000000000e+00 4.164994395935242268e-14
1.986000000000000000e+03 0.000000000000000000e+00 0.000000000000000000e+00 4.160570429053222947e-14
1.987000000000000000e+03 0.000000000000000000e+00 0.000000000000000000e+00 4.156152957985574651e-14
1.988000000000000000e+03 0.000000000000000000e+00 0.000000000000000000e+00 4.151741970480242438e-14
1.989000000000000000e+03 0.000000000000000000e+00 0.000000000000000000e+00 4.147337466105362197e-14
1.990000000000000000e+03 0.000000000000000000e+00 0.000000000000000000e+00 4.142939432542927691e-14
1.991000000000000000e+03 0.000000000000000000e+00 0.000000000000000000e+00 4.138547869976856475e-14
1.992000000000000000e+03 0.000000000000000000e+00 0.000000000000000000e+00 4.134162766727732789e-14
1.993000000000000000e+03 0.000000000000000000e+00 0.000000000000000000e+00 4.129784124166355809e-14
1.994000000000000000e+03 0.000000000000000000e+00 0.000000000000000000e+00 4.125411931627299592e-14
1.995000000000000000e+03 0.000000000000000000e+00 0.000000000000000000e+00 4.121046191699476886e-14
1.996000000000000000e+03 0.000000000000000000e+00 0.000000000000000000e+00 4.116686894027006349e-14
1.997000000000000000e+03 0.000000000000000000e+00 0.000000000000000000e+00 4.112334041410540462e-14
1.998000000000000000e+03 0.000000000000000000e+00 0.000000000000000000e+00 4.107987625288459488e-14
1.999000000000000000e+03 0.000000000000000000e+00 0.000000000000000000e+00 4.103647649367142455e-14
2.000000000000000000e+03 0.000000000000000000e+00 0.000000000000000000e+00 4.099314105447588788e-14
2.001000000000000000e+03 0.000000000000000000e+00 0.000000000000000000e+00 4.094986997466779228e-14
2.002000000000000000e+03 0.000000000000000000e+00 0.000000000000000000e+00 4.090666319083919239e-14
2.003000000000000000e+03 0.000000000000000000e+00 0.000000000000000000e+00 4.086352074011626794e-14
2.004000000000000000e+03 0.000000000000000000e+00 0.000000000000000000e+00 4.082044257202082563e-14
2.005000000000000000e+03 0.000000000000000000e+00 0.000000000000000000e+00 4.077742872856347628e-14
2.006000000000000000e+03 0.000000000000000000e+00 0.000000000000000000e+00 4.073447915744730464e-14
2.007000000000000000e+03 0.000000000000000000e+00 0.000000000000000000e+00 4.069159392264932772e-14
2.008000000000000000e+03 0.000000000000000000e+00 0.000000000000000000e+00 4.064877296702732667e-14
2.009000000000000000e+03 0.000000000000000000e+00 0.000000000000000000e+00 4.060601637193438096e-14
2.010000000000000000e+03 0.000000000000000000e+00 0.000000000000000000e+00 4.056332408362463980e-14
2.011000000000000000e+03 0.000000000000000000e+00 0.000000000000000000e+00 4.052069617897730002e-14
2.012000000000000000e+03 0.000000000000000000e+00 0.000000000000000000e+00 4.047813261906831111e-14
2.013000000000000000e+03 0.000000000000000000e+00 0.000000000000000000e+00 4.043563349320512732e-14
2.014000000000000000e+03 0.000000000000000000e+00 0.000000000000000000e+00 4.039319876436037219e-14
2.015000000000000000e+03 0.000000000000000000e+00 0.000000000000000000e+00 4.035082852448651273e-14
2.016000000000000000e+03 0.000000000000000000e+00 0.000000000000000000e+00 4.030852275193925043e-14
2.017000000000000000e+03 0.000000000000000000e+00 0.000000000000000000e+00 4.026628153600527043e-14
2.018000000000000000e+03 0.000000000000000000e+00 0.000000000000000000e+00 4.022410486471969218e-14
2.019000000000000000e+03 0.000000000000000000e+00 0.000000000000000000e+00 4.018199283254463322e-14
2.020000000000000000e+03 0.000000000000000000e+00 0.000000000000000000e+00 4.013994542848830133e-14
2.021000000000000000e+03 0.000000000000000000e+00 0.000000000000000000e+00 4.009796275912799470e-14
2.022000000000000000e+03 0.000000000000000000e+00 0.000000000000000000e+00 4.005604481283209180e-14
2.023000000000000000e+03 0.000000000000000000e+00 0.000000000000000000e+00 4.001419170365562323e-14
2.024000000000000000e+03 0.000000000000000000e+00 0.000000000000000000e+00 3.997240342442114120e-14
2.025000000000000000e+03 0.000000000000000000e+00 0.000000000000000000e+00 3.993068008971128541e-14
2.026000000000000000e+03 0.000000000000000000e+00 0.000000000000000000e+00 3.988902169439248359e-14
2.027000000000000000e+03 0.000000000000000000e+00 0.000000000000000000e+00 3.984742835149313011e-14
2.028000000000000000e+03 0.000000000000000000e+00 0.000000000000000000e+00 3.980590006933286132e-14
2.029000000000000000e+03 0.000000000000000000e+00 0.000000000000000000e+00 3.976443697113888192e-14
2.030000000000000000e+03 0.000000000000000000e+00 0.000000000000000000e+00 3.972303905793146043e-14
2.031000000000000000e+03 0.000000000000000000e+00 0.000000000000000000e+00 3.968170645998271439e-14
2.032000000000000000e+03 0.000000000000000000e+00 0.000000000000000000e+00 3.964043918800801285e-14
2.033000000000000000e+03 0.000000000000000000e+00 0.000000000000000000e+00 3.959923736527435695e-14
2.034000000000000000e+03 0.000000000000000000e+00 0.000000000000000000e+00 3.955810101581401553e-14
2.035000000000000000e+03 0.000000000000000000e+00 0.000000000000000000e+00 3.951703026260524772e-14
2.036000000000000000e+03 0.000000000000000000e+00 0.000000000000000000e+00 3.947602512435672291e-14
2.037000000000000000e+03 0.000000000000000000e+00 0.000000000000000000e+00 3.943508574162575238e-14
2.038000000000000000e+03 0.000000000000000000e+00 0.000000000000000000e+00 3.939421212766167787e-14
2.039000000000000000e+03 0.000000000000000000e+00 0.000000000000000000e+00 3.935340441720588628e-14
2.040000000000000000e+03 0.000000000000000000e+00 0.000000000000000000e+00 3.931266263899882076e-14
2.041000000000000000e+03 0.000000000000000000e+00 0.000000000000000000e+00 3.927198692196794442e-14
2.042000000000000000e+03 0.000000000000000000e+00 0.000000000000000000e+00 3.923137729851043043e-14
2.043000000000000000e+03 0.000000000000000000e+00 0.000000000000000000e+00 3.919083390322023074e-14
2.044000000000000000e+03 0.000000000000000000e+00 0.000000000000000000e+00 3.915035676575560608e-14
2.045000000000000000e+03 0.000000000000000000e+00 0.000000000000000000e+00 3.910994602731632236e-14
2.046000000000000000e+03 0.000000000000000000e+00 0.000000000000000000e+00 3.906960172051453940e-14
2.047000000000000000e+03 0.000000000000000000e+00 0.000000000000000000e+00 3.902932398395782619e-14
2.048000000000000000e+03 0.000000000000000000e+00 0.000000000000000000e+00 3.898911285251687027e-14
2.049000000000000000e+03 0.000000000000000000e+00 0.000000000000000000e+00 3.894896846752550603e-14
2.050000000000000000e+03 0.000000000000000000e+00 0.000000000000000000e+00 3.890889086214356474e-14
2.051000000000000000e+03 0.000000000000000000e+00 0.000000000000000000e+00 3.886888017317294430e-14
2.052000000000000000e+03 0.000000000000000000e+00 0.000000000000000000e+00 3.882893644317692515e-14
2.053000000000000000e+03 0.000000000000000000e+00 0.000000000000000000e+00 3.878905980891752672e-14
2.054000000000000000e+03 0.000000000000000000e+00 0.000000000000000000e+00 3.874925030547685758e-14
2.055000000000000000e+03 0.000000000000000000e+00 0.000000000000000000e+00 3.870950807252355510e-14
2.056000000000000000e+03 0.000000000000000000e+00 0.000000000000000000e+00 3.866983314599149570e-14
2.057000000000000000e+03 0.000000000000000000e+00 0.000000000000000000e+00 3.863022567007393892e-14
2.058000000000000000e+03 0.000000000000000000e+00 0.000000000000000000e+00 3.859068568288246533e-14
2.059000000000000000e+03 0.000000000000000000e+00 0.000000000000000000e+00 3.855121331913597616e-14
2.060000000000000000e+03 0.000000000000000000e+00 0.000000000000000000e+00 3.851180862149361422e-14
2.061000000000000000e+03 0.000000000000000000e+00 0.000000000000000000e+00 3.847247173163977740e-14
2.062000000000000000e+03 0.000000000000000000e+00 0.000000000000000000e+00 3.843320269067599317e-14
2.063000000000000000e+03 0.000000000000000000e+00 0.000000000000000000e+00 3.839400163744154106e-14
2.064000000000000000e+03 0.000000000000000000e+00 0.000000000000000000e+00 3.835486860903579211e-14
2.065000000000000000e+03 0.000000000000000000e+00 0.000000000000000000e+00 3.831580374693336401e-14
2.066000000000000000e+03 0.000000000000000000e+00 0.000000000000000000e+00 3.827680709010869338e-14
2.067000000000000000e+03 0.000000000000000000e+00 0.000000000000000000e+00 3.823787877732768936e-14
2.068000000000000000e+03 0.000000000000000000e+00 0.000000000000000000e+00 3.819901885060245212e-14
2.069000000000000000e+03 0.000000000000000000e+00 0.000000000000000000e+00 3.816022744390589184e-14
2.070000000000000000e+03 0.000000000000000000e+00 0.000000000000000000e+00 3.812150460340459100e-14
2.071000000000000000e+03 0.000000000000000000e+00 0.000000000000000000e+00 3.808285045816827905e-14
2.072000000000000000e+03 0.000000000000000000e+00 0.000000000000000000e+00 3.804426504729008148e-14
2.073000000000000000e+03 0.000000000000000000e+00 0.000000000000000000e+00 3.800574850684456014e-14
2.074000000000000000e+03 0.000000000000000000e+00 0.000000000000000000e+00 3.796730087596674481e-14
2.075000000000000000e+03 0.000000000000000000e+00 0.000000000000000000e+00 3.792892228258793138e-14
2.076000000000000000e+03 0.000000000000000000e+00 0.000000000000000000e+00 3.789061277084528507e-14
2.077000000000000000e+03 0.000000000000000000e+00 0.000000000000000000e+00 3.785237246917974376e-14
2.078000000000000000e+03 0.000000000000000000e+00 0.000000000000000000e+00 3.781420140522735795e-14
2.079000000000000000e+03 0.000000000000000000e+00 0.000000000000000000e+00 3.777609971839542487e-14
2.080000000000000000e+03 0.000000000000000000e+00 0.000000000000000000e+00 3.773806743563417826e-14
2.081000000000000000e+03 0.000000000000000000e+00 0.000000000000000000e+00 3.770010469006703241e-14
2.082000000000000000e+03 0.000000000000000000e+00 0.000000000000000000e+00 3.766221150989636419e-14
2.083000000000000000e+03 0.000000000000000000e+00 0.000000000000000000e+00 3.762438801642250037e-14
2.084000000000000000e+03 0.000000000000000000e+00 0.000000000000000000e+00 3.758663424352201227e-14
2.085000000000000000e+03 0.000000000000000000e+00 0.000000000000000000e+00 3.754895031108466130e-14
2.086000000000000000e+03 0.000000000000000000e+00 0.000000000000000000e+00 3.751133624595373061e-14
2.087000000000000000e+03 0.000000000000000000e+00 0.000000000000000000e+00 3.747379216356706717e-14
2.088000000000000000e+03 0.000000000000000000e+00 0.000000000000000000e+00 3.743631809148194268e-14
2.089000000000000000e+03 0.000000000000000000e+00 0.000000000000000000e+00 3.739891414116452926e-14
2.090000000000000000e+03 0.000000000000000000e+00 0.000000000000000000e+00 3.736158033083626425e-14
2.091000000000000000e+03 0.000000000000000000e+00 0.000000000000000000e+00 3.732431677530043493e-14
2.092000000000000000e+03 0.000000000000000000e+00 0.000000000000000000e+00 3.728712348622710873e-14
2.093000000000000000e+03 0.000000000000000000e+00 0.000000000000000000e+00 3.725000056904024395e-14
2.094000000000000000e+03 0.000000000000000000e+00 0.000000000000000000e+00 3.721294804450669856e-14
2.095000000000000000e+03 0.000000000000000000e+00 0.000000000000000000e+00 3.717596601287970639e-14
2.096000000000000000e+03 0.000000000000000000e+00 0.000000000000000000e+00 3.713905448265343765e-14
2.097000000000000000e+03 0.000000000000000000e+00 0.000000000000000000e+00 3.710221355579301111e-14
2.098000000000000000e+03 0.000000000000000000e+00 0.000000000000000000e+00 3.706544323511348007e-14
2.099000000000000000e+03 0.000000000000000000e+00 0.000000000000000000e+00 3.702874361973956547e-14
2.100000000000000000e+03 0.000000000000000000e+00 0.000000000000000000e+00 3.699211470842383209e-14
2.101000000000000000e+03 0.000000000000000000e+00 0.000000000000000000e+00 3.695555659858265632e-14
2.102000000000000000e+03 0.000000000000000000e+00 0.000000000000000000e+00 3.691906927674102542e-14
2.103000000000000000e+03 0.000000000000000000e+00 0.000000000000000000e+00 3.688265283922488280e-14
2.104000000000000000e+03 0.000000000000000000e+00 0.000000000000000000e+00 3.684630727274495775e-14
2.105000000000000000e+03 0.000000000000000000e+00 0.000000000000000000e+00 3.681003266515040996e-14
2.106000000000000000e+03 0.000000000000000000e+00 0.000000000000000000e+00 3.677382900071306322e-14
2.107000000000000000e+03 0.000000000000000000e+00 0.000000000000000000e+00 3.673769636346869204e-14
2.108000000000000000e+03 0.000000000000000000e+00 0.000000000000000000e+00 3.670163473632296460e-14
2.109000000000000000e+03 0.000000000000000000e+00 0.000000000000000000e+00 3.666564419440599008e-14
2.110000000000000000e+03 0.000000000000000000e+00 0.000000000000000000e+00 3.662972471225604583e-14
2.111000000000000000e+03 0.000000000000000000e+00 0.000000000000000000e+00 3.659387636628792942e-14
2.112000000000000000e+03 0.000000000000000000e+00 0.000000000000000000e+00 3.655809912634287628e-14
2.113000000000000000e+03 0.000000000000000000e+00 0.000000000000000000e+00 3.652239306247815296e-14
2.114000000000000000e+03 0.000000000000000000e+00 0.000000000000000000e+00 3.648675813562480468e-14
2.115000000000000000e+03 0.000000000000000000e+00 0.000000000000000000e+00 3.645119441243227567e-14
2.116000000000000000e+03 0.000000000000000000e+00 0.000000000000000000e+00 3.641570184318673471e-14
2.117000000000000000e+03 0.000000000000000000e+00 0.000000000000000000e+00 3.638028049340590093e-14
2.118000000000000000e+03 0.000000000000000000e+00 0.000000000000000000e+00 3.634493031253404551e-14
2.119000000000000000e+03 0.000000000000000000e+00 0.000000000000000000e+00 3.630965135321725876e-14
2.120000000000000000e+03 0.000000000000000000e+00 0.000000000000000000e+00 3.627444355884991768e-14
2.121000000000000000e+03 0.000000000000000000e+00 0.000000000000000000e+00 3.623930697713892192e-14
2.122000000000000000e+03 0.000000000000000000e+00 0.000000000000000000e+00 3.620424155368214524e-14
2.123000000000000000e+03 0.000000000000000000e+00 0.000000000000000000e+00 3.616924732750001801e-14
2.124000000000000000e+03 0.000000000000000000e+00 0.000000000000000000e+00 3.613432423421893447e-14
2.125000000000000000e+03 0.000000000000000000e+00 0.000000000000000000e+00 3.609947230722978007e-14
2.126000000000000000e+03 0.000000000000000000e+00 0.000000000000000000e+00 3.606469148027554679e-14
2.127000000000000000e+03 0.000000000000000000e+00 0.000000000000000000e+00 3.602998177817196854e-14
2.128000000000000000e+03 0.000000000000000000e+00 0.000000000000000000e+00 3.599534313369130293e-14
2.129000000000000000e+03 0.000000000000000000e+00 0.000000000000000000e+00 3.596077556091902746e-14
2.130000000000000000e+03 0.000000000000000000e+00 0.000000000000000000e+00 3.592627898749041956e-14
2.131000000000000000e+03 0.000000000000000000e+00 0.000000000000000000e+00 3.589185341779636737e-14
2.132000000000000000e+03 0.000000000000000000e+00 0.000000000000000000e+00 3.585749877174808935e-14
2.133000000000000000e+03 0.000000000000000000e+00 0.000000000000000000e+00 3.582321505594180689e-14
2.134000000000000000e+03 0.000000000000000000e+00 0.000000000000000000e+00 3.578900217585185812e-14
2.135000000000000000e+03 0.000000000000000000e+00 0.000000000000000000e+00 3.575486013243282784e-14
2.136000000000000000e+03 0.000000000000000000e+00 0.000000000000000000e+00 3.572078883212698021e-14
2.137000000000000000e+03 0.000000000000000000e+00 0.000000000000000000e+00 3.568678826370786530e-14
2.138000000000000000e+03 0.000000000000000000e+00 0.000000000000000000e+00 3.565285832028744315e-14
2.139000000000000000e+03 0.000000000000000000e+00 0.000000000000000000e+00 3.561899898665282782e-14
2.140000000000000000e+03 0.000000000000000000e+00 0.000000000000000000e+00 3.558521015379677711e-14
2.141000000000000000e+03 0.000000000000000000e+00 0.000000000000000000e+00 3.555149180362778853e-14
2.142000000000000000e+03 0.000000000000000000e+00 0.000000000000000000e+00 3.551784380870376724e-14
2.143000000000000000e+03 0.000000000000000000e+00 0.000000000000000000e+00 3.548426615248577737e-14
2.144000000000000000e+03 0.000000000000000000e+00 0.000000000000000000e+00 3.545075869963975764e-14
2.145000000000000000e+03 0.000000000000000000e+00 0.000000000000000000e+00 3.541732142336333839e-14
2.146000000000000000e+03 0.000000000000000000e+00 0.000000000000000000e+00 3.538395418005491838e-14
2.147000000000000000e+03 0.000000000000000000e+00 0.000000000000000000e+00 3.535065693494627993e-14
2.148000000000000000e+03 0.000000000000000000e+00 0.000000000000000000e+00 3.531742954169867643e-14
2.149000000000000000e+03 0.000000000000000000e+00 0.000000000000000000e+00 3.528427195673885196e-14
2.150000000000000000e+03 0.000000000000000000e+00 0.000000000000000000e+00 3.525118402170349098e-14
2.151000000000000000e+03 0.000000000000000000e+00 0.000000000000000000e+00 3.521816568583706198e-14
2.152000000000000000e+03 0.000000000000000000e+00 0.000000000000000000e+00 3.518521678619082816e-14
2.153000000000000000e+03 0.000000000000000000e+00 0.000000000000000000e+00 3.515233725842896702e-14
2.154000000000000000e+03 0.000000000000000000e+00 0.000000000000000000e+00 3.511952693903115211e-14
2.155000000000000000e+03 0.000000000000000000e+00 0.000000000000000000e+00 3.508678574714721855e-14
2.156000000000000000e+03 0.000000000000000000e+00 0.000000000000000000e+00 3.505411351527993964e-14
2.157000000000000000e+03 0.000000000000000000e+00 0.000000000000000000e+00 3.502151016299376318e-14
2.158000000000000000e+03 0.000000000000000000e+00 0.000000000000000000e+00 3.498897551092128940e-14
2.159000000000000000e+03 0.000000000000000000e+00 0.000000000000000000e+00 3.495650946673825166e-14
2.160000000000000000e+03 0.000000000000000000e+00 0.000000000000000000e+00 3.492411185037580770e-14
2.161000000000000000e+03 0.000000000000000000e+00 0.000000000000000000e+00 3.489178255926484896e-14
2.162000000000000000e+03 0.000000000000000000e+00 0.000000000000000000e+00 3.485952140239803641e-14
2.163000000000000000e+03 0.000000000000000000e+00 0.000000000000000000e+00 3.482732827502228430e-14
2.164000000000000000e+03 0.000000000000000000e+00 0.000000000000000000e+00 3.479520297218155196e-14
2.165000000000000000e+03 0.000000000000000000e+00 0.000000000000000000e+00 3.476314538396056779e-14
2.166000000000000000e+03 0.000000000000000000e+00 0.000000000000000000e+00 3.473115529515381700e-14
2.167000000000000000e+03 0.000000000000000000e+00 0.000000000000000000e+00 3.469923259019265949e-14
2.168000000000000000e+03 0.000000000000000000e+00 0.000000000000000000e+00 3.466737704964870074e-14
2.169000000000000000e+03 0.000000000000000000e+00 0.000000000000000000e+00 3.463558854730037153e-14
2.170000000000000000e+03 0.000000000000000000e+00 0.000000000000000000e+00 3.460386685771236662e-14
2.171000000000000000e+03 0.000000000000000000e+00 0.000000000000000000e+00 3.457221184554372063e-14
2.172000000000000000e+03 0.000000000000000000e+00 0.000000000000000000e+00 3.454062328502333231e-14
2.173000000000000000e+03 0.000000000000000000e+00 0.000000000000000000e+00 3.450910102709527730e-14
2.174000000000000000e+03 0.000000000000000000e+00 0.000000000000000000e+00 3.447764483799979249e-14
2.175000000000000000e+03 0.000000000000000000e+00 0.000000000000000000e+00 3.444625456425305832e-14
2.176000000000000000e+03 0.000000000000000000e+00 0.000000000000000000e+00 3.441492995832212846e-14
2.177000000000000000e+03 0.000000000000000000e+00 0.000000000000000000e+00 3.438367085576406257e-14
2.178000000000000000e+03 0.000000000000000000e+00 0.000000000000000000e+00 3.435247700628437736e-14
2.179000000000000000e+03 0.000000000000000000e+00 0.000000000000000000e+00 3.432134823499009840e-14
2.180000000000000000e+03 0.000000000000000000e+00 0.000000000000000000e+00 3.429028427532327042e-14
2.181000000000000000e+03 0.000000000000000000e+00 0.000000000000000000e+00 3.425928495062826926e-14
2.182000000000000000e+03 0.000000000000000000e+00 0.000000000000000000e+00 3.422834998892944489e-14
2.183000000000000000e+03 0.000000000000000000e+00 0.000000000000000000e+00 3.419747920253906068e-14
2.184000000000000000e+03 0.000000000000000000e+00 0.000000000000000000e+00 3.416667231326060417e-14
2.185000000000000000e+03 0.000000000000000000e+00 0.000000000000000000e+00 3.413592912522421661e-14
2.186000000000000000e+03 0.000000000000000000e+00 0.000000000000000000e+00 3.410524935397797102e-14
2.187000000000000000e+03 0.000000000000000000e+00 0.000000000000000000e+00 3.407463279613262436e-14
2.188000000000000000e+03 0.000000000000000000e+00 0.000000000000000000e+00 3.404407916108218163e-14
2.189000000000000000e+03 0.000000000000000000e+00 0.000000000000000000e+00 3.401358823831837820e-14
2.190000000000000000e+03 0.000000000000000000e+00 0.000000000000000000e+00 3.398315972577652848e-14
2.191000000000000000e+03 0.000000000000000000e+00 0.000000000000000000e+00 3.395279340606507052e-14
2.192000000000000000e+03 0.000000000000000000e+00 0.000000000000000000e+00 3.392248896852515247e-14
2.193000000000000000e+03 0.000000000000000000e+00 0.000000000000000000e+00 3.389224618926471453e-14
2.194000000000000000e+03 0.000000000000000000e+00 0.000000000000000000e+00 3.386206474993159253e-14
2.195000000000000000e+03 0.000000000000000000e+00 0.000000000000000000e+00 3.383194442021110515e-14
2.196000000000000000e+03 0.000000000000000000e+00 0.000000000000000000e+00 3.380188487446977586e-14
2.197000000000000000e+03 0.000000000000000000e+00 0.000000000000000000e+00 3.377188587617122786e-14
2.198000000000000000e+03 0.000000000000000000e+00 0.000000000000000000e+00 3.374194709814123829e-14
2.199000000000000000e+03 0.000000000000000000e+00 0.000000000000000000e+00 3.371206829764405021e-14
2.200000000000000000e+03 0.000000000000000000e+00 0.000000000000000000e+00 3.368224913794895253e-14
2.201000000000000000e+03 0.000000000000000000e+00 0.000000000000000000e+00 3.365248937020053356e-14
2.202000000000000000e+03 0.000000000000000000e+00 0.000000000000000000e+00 3.362278865574500976e-14
2.203000000000000000e+03 0.000000000000000000e+00 0.000000000000000000e+00 3.359314673402100565e-14
2.204000000000000000e+03 0.000000000000000000e+00 0.000000000000000000e+00 3.356356326214283340e-14
2.205000000000000000e+03 0.000000000000000000e+00 0.000000000000000000e+00 3.353403797060517668e-14
2.206000000000000000e+03 0.000000000000000000e+00 0.000000000000000000e+00 3.350457051154630773e-14
2.207000000000000000e+03 0.000000000000000000e+00 0.000000000000000000e+00 3.347516060720041321e-14
2.208000000000000000e+03 0.000000000000000000e+00 0.000000000000000000e+00 3.344580790459279811e-14
2.209000000000000000e+03 0.000000000000000000e+00 0.000000000000000000e+00 3.341651211788733066e-14
2.210000000000000000e+03 0.000000000000000000e+00 0.000000000000000000e+00 3.338727288855030770e-14
2.211000000000000000e+03 0.000000000000000000e+00 0.000000000000000000e+00 3.335808993337848071e-14
2.212000000000000000e+03 0.000000000000000000e+00 0.000000000000000000e+00 3.332896288284449891e-14
2.213000000000000000e+03 0.000000000000000000e+00 0.000000000000000000e+00 3.329989145110998386e-14
2.214000000000000000e+03 0.000000000000000000e+00 0.000000000000000000e+00 3.327087527042238930e-14
2.215000000000000000e+03 0.000000000000000000e+00 0.000000000000000000e+00 3.324191404556147716e-14
2.216000000000000000e+03 0.000000000000000000e+00 0.000000000000000000e+00 3.321300740565144938e-14
2.217000000000000000e+03 0.000000000000000000e+00 0.000000000000000000e+00 3.318415505826111403e-14
2.218000000000000000e+03 0.000000000000000000e+00 0.000000000000000000e+00 3.315535662296801090e-14
2.219000000000000000e+03 0.000000000000000000e+00 0.000000000000000000e+00 3.312661180482493616e-14
2.220000000000000000e+03 0.000000000000000000e+00 0.000000000000000000e+00 3.309792022087336801e-14
2.221000000000000000e+03 0.000000000000000000e+00 0.000000000000000000e+00 3.306928157226267369e-14
2.222000000000000000e+03 0.000000000000000000e+00 0.000000000000000000e+00 3.304069547080939641e-14
2.223000000000000000e+03 0.000000000000000000e+00 0.000000000000000000e+00 3.301216161783690720e-14
2.224000000000000000e+03 0.000000000000000000e+00 0.000000000000000000e+00 3.298367961911015744e-14
2.225000000000000000e+03 0.000000000000000000e+00 0.000000000000000000e+00 3.295524917272590034e-14
2.226000000000000000e+03 0.000000000000000000e+00 0.000000000000000000e+00 3.292686988798236375e-14
2.227000000000000000e+03 0.000000000000000000e+00 0.000000000000000000e+00 3.289854145335587706e-14
2.228000000000000000e+03 0.000000000000000000e+00 0.000000000000000000e+00 3.287026348100143639e-14
2.229000000000000000e+03 0.000000000000000000e+00 0.000000000000000000e+00 3.284203565640984184e-14
2.230000000000000000e+03 0.000000000000000000e+00 0.000000000000000000e+00 3.281385759005019279e-14
2.231000000000000000e+03 0.000000000000000000e+00 0.000000000000000000e+00 3.278572896666938721e-14
2.232000000000000000e+03 0.000000000000000000e+00 0.000000000000000000e+00 3.275764939325022627e-14
2.233000000000000000e+03 0.000000000000000000e+00 0.000000000000000000e+00 3.272961855529801883e-14
2.234000000000000000e+03 0.000000000000000000e+00 0.000000000000000000e+00 3.270163605995142603e-14
2.235000000000000000e+03 0.000000000000000000e+00 0.000000000000000000e+00 3.267370159443660315e-14
2.236000000000000000e+03 0.000000000000000000e+00 0.000000000000000000e+00 3.264581476229776978e-14
2.237000000000000000e+03 0.000000000000000000e+00 0.000000000000000000e+00 3.261797524805401980e-14
2.238000000000000000e+03 0.000000000000000000e+00 0.000000000000000000e+00 3.259018266018429535e-14
2.239000000000000000e+03 0.000000000000000000e+00 0.000000000000000000e+00 3.256243667849877132e-14
2.240000000000000000e+03 0.000000000000000000e+00 0.000000000000000000e+00 3.253473690993123852e-14
2.241000000000000000e+03 0.000000000000000000e+00 0.000000000000000000e+00 3.250708303327858946e-14
2.242000000000000000e+03 0.000000000000000000e+00 0.000000000000000000e+00 3.247947465159119787e-14
2.243000000000000000e+03 0.000000000000000000e+00 0.000000000000000000e+00 3.245191144858554532e-14
2.244000000000000000e+03 0.000000000000000000e+00 0.000000000000000000e+00 3.242439302744567011e-14
2.245000000000000000e+03 0.000000000000000000e+00 0.000000000000000000e+00 3.239691906972930755e-14
2.246000000000000000e+03 0.000000000000000000e+00 0.000000000000000000e+00 3.236948917913334389e-14
2.247000000000000000e+03 0.000000000000000000e+00 0.000000000000000000e+00 3.234210304268433997e-14
2.248000000000000000e+03 0.000000000000000000e+00 0.000000000000000000e+00 3.231476026540903748e-14
2.249000000000000000e+03 0.000000000000000000e+00 0.000000000000000000e+00 3.228746053316611707e-14
2.250000000000000000e+03 0.000000000000000000e+00 0.000000000000000000e+00 3.226020345682702874e-14
2.251000000000000000e+03 0.000000000000000000e+00 0.000000000000000000e+00 3.223298872814629857e-14
2.252000000000000000e+03 0.000000000000000000e+00 0.000000000000000000e+00 3.220581595716672552e-14
2.253000000000000000e+03 0.000000000000000000e+00 0.000000000000000000e+00 3.217868484359006655e-14
2.254000000000000000e+03 0.000000000000000000e+00 0.000000000000000000e+00 3.215159499302581699e-14
2.255000000000000000e+03 0.000000000000000000e+00 0.000000000000000000e+00 3.212454611141923340e-14
2.256000000000000000e+03 0.000000000000000000e+00 0.000000000000000000e+00 3.209753781196954283e-14
2.257000000000000000e+03 0.000000000000000000e+00 0.000000000000000000e+00 3.207056979528970605e-14
2.258000000000000000e+03 0.000000000000000000e+00 0.000000000000000000e+00 3.204364168806466611e-14
2.259000000000000000e+03 0.000000000000000000e+00 0.000000000000000000e+00 3.201675319498198919e-14
2.260000000000000000e+03 0.000000000000000000e+00 0.000000000000000000e+00 3.198990394500963228e-14
2.261000000000000000e+03 0.000000000000000000e+00 0.000000000000000000e+00 3.196309364927453217e-14
2.262000000000000000e+03 0.000000000000000000e+00 0.000000000000000000e+00 3.193632194487546044e-14
2.263000000000000000e+03 0.000000000000000000e+00 0.000000000000000000e+00 3.190958855093789858e-14
2.264000000000000000e+03 0.000000000000000000e+00 0.000000000000000000e+00 3.188289310998114022e-14
2.265000000000000000e+03 0.000000000000000000e+00 0.000000000000000000e+00 3.185623534549983921e-14
2.266000000000000000e+03 0.000000000000000000e+00 0.000000000000000000e+00 3.182961490364344405e-14
2.267000000000000000e+03 0.000000000000000000e+00 0.000000000000000000e+00 3.180303152098566999e-14
2.268000000000000000e+03 0.000000000000000000e+00 0.000000000000000000e+00 3.177648484614880463e-14
2.269000000000000000e+03 0.000000000000000000e+00 0.000000000000000000e+00 3.174997461712127482e-14
2.270000000000000000e+03 0.000000000000000000e+00 0.000000000000000000e+00 3.172350048955630871e-14
2.271000000000000000e+03 0.000000000000000000e+00 0.000000000000000000e+00 3.169706220884636071e-14
2.272000000000000000e+03 0.000000000000000000e+00 0.000000000000000000e+00 3.167065943790561244e-14
2.273000000000000000e+03 0.000000000000000000e+00 0.000000000000000000e+00 3.164429193061365821e-14
2.274000000000000000e+03 0.000000000000000000e+00 0.000000000000000000e+00 3.161795935986772069e-14
2.275000000000000000e+03 0.000000000000000000e+00 0.000000000000000000e+00 3.159166148332463063e-14
2.276000000000000000e+03 0.000000000000000000e+00 0.000000000000000000e+00 3.156539798830265067e-14
2.277000000000000000e+03 0.000000000000000000e+00 0.000000000000000000e+00 3.153916864021735517e-14
2.278000000000000000e+03 0.000000000000000000e+00 0.000000000000000000e+00 3.151297312872634542e-14
2.279000000000000000e+03 0.000000000000000000e+00 0.000000000000000000e+00 3.148681123674964057e-14
2.280000000000000000e+03 0.000000000000000000e+00 0.000000000000000000e+00 3.146068266166498184e-14
2.281000000000000000e+03 0.000000000000000000e+00 0.000000000000000000e+00 3.143458719056386593e-14
2.282000000000000000e+03 0.000000000000000000e+00 0.000000000000000000e+00 3.140852453833464461e-14
2.283000000000000000e+03 0.000000000000000000e+00 0.000000000000000000e+00 3.138249449538947093e-14
2.284000000000000000e+03 0.000000000000000000e+00 0.000000000000000000e+00 3.135649678912682525e-14
2.285000000000000000e+03 0.000000000000000000e+00 0.000000000000000000e+00 3.133053122080218288e-14
2.286000000000000000e+03 0.000000000000000000e+00 0.000000000000000000e+00 3.130459752071833867e-14
2.287000000000000000e+03 0.000000000000000000e+00 0.000000000000000000e+00 3.127869550482292364e-14
2.288000000000000000e+03 0.000000000000000000e+00 0.000000000000000000e+00 3.125282491491602692e-14
2.289000000000000000e+03 0.000000000000000000e+00 0.000000000000000000e+00 3.122698557797265885e-14
2.290000000000000000e+03 0.000000000000000000e+00 0.000000000000000000e+00 3.120117724585084091e-14
2.291000000000000000e+03 0.000000000000000000e+00 0.000000000000000000e+00 3.117539975165414285e-14
2.292000000000000000e+03 0.000000000000000000e+00 0.000000000000000000e+00 3.114965286065808147e-14
2.293000000000000000e+03 0.000000000000000000e+00 0.000000000000000000e+00 3.112393641473488879e-14
2.294000000000000000e+03 0.000000000000000000e+00 0.000000000000000000e+00 3.109825019489365364e-14
2.295000000000000000e+03 0.000000000000000000e+00 0.000000000000000000e+00 3.107259405596592662e-14
2.296000000000000000e+03 0.000000000000000000e+00 0.000000000000000000e+00 3.104696778731222714e-14
2.297000000000000000e+03 0.000000000000000000e+00 0.000000000000000000e+00 3.102137125282441314e-14
2.298000000000000000e+03 0.000000000000000000e+00 0.000000000000000000e+00 3.099580425725073940e-14
2.299000000000000000e+03 0.000000000000000000e+00 0.000000000000000000e+00 3.097026667715367829e-14
2.300000000000000000e+03 0.000000000000000000e+00 0.000000000000000000e+00 3.094475832871392821e-14
2.301000000000000000e+03 0.000000000000000000e+00 0.000000000000000000e+00 3.091927910050161096e-14
2.302000000000000000e+03 0.000000000000000000e+00 0.000000000000000000e+00 3.089382881719714876e-14
2.303000000000000000e+03 0.000000000000000000e+00 0.000000000000000000e+00 3.086840738208570868e-14
2.304000000000000000e+03 0.000000000000000000e+00 0.000000000000000000e+00 3.084301463387246709e-14
2.305000000000000000e+03 0.000000000000000000e+00 0.000000000000000000e+00 3.081765048169514382e-14
2.306000000000000000e+03 0.000000000000000000e+00 0.000000000000000000e+00 3.079231477618319782e-14
2.307000000000000000e+03 0.000000000000000000e+00 0.000000000000000000e+00 3.076700744620225187e-14
2.308000000000000000e+03 0.000000000000000000e+00 0.000000000000000000e+00 3.074172834780120148e-14
2.309000000000000000e+03 0.000000000000000000e+00 0.000000000000000000e+00 3.071647742909640617e-14
2.310000000000000000e+03 0.000000000000000000e+00 0.000000000000000000e+00 3.069125455676372128e-14
2.311000000000000000e+03 0.000000000000000000e+00 0.000000000000000000e+00 3.066605969256924231e-14
2.312000000000000000e+03 0.000000000000000000e+00 0.000000000000000000e+00 3.064089272049936110e-14
2.313000000000000000e+03 0.000000000000000000e+00 0.000000000000000000e+00 3.061575361090344049e-14
2.314000000000000000e+03 0.000000000000000000e+00 0.000000000000000000e+00 3.059064226351472245e-14
2.315000000000000000e+03 0.000000000000000000e+00 0.000000000000000000e+00 3.056555866555867748e-14
2.316000000000000000e+03 0.000000000000000000e+00 0.000000000000000000e+00 3.054050272900684096e-14
2.317000000000000000e+03 0.000000000000000000e+00 0.000000000000000000e+00 3.051547445280252424e-14
2.318000000000000000e+03 0.000000000000000000e+00 0.000000000000000000e+00 3.049047376458451360e-14
2.319000000000000000e+03 0.000000000000000000e+00 0.000000000000000000e+00 3.046550067722568113e-14
2.320000000000000000e+03 0.000000000000000000e+00 0.000000000000000000e+00 3.044055513387272039e-14
2.321000000000000000e+03 0.000000000000000000e+00 0.000000000000000000e+00 3.041563715514880941e-14
2.322000000000000000e+03 0.000000000000000000e+00 0.000000000000000000e+00 3.039074670401380480e-14
2.323000000000000000e+03 0.000000000000000000e+00 0.000000000000000000e+00 3.036588381760301183e-14
2.324000000000000000e+03 0.000000000000000000e+00 0.000000000000000000e+00 3.034104846575698435e-14
2.325000000000000000e+03 0.000000000000000000e+00 0.000000000000000000e+00 3.031624070419670415e-14
2.326000000000000000e+03 0.000000000000000000e+00 0.000000000000000000e+00 3.029146051963938178e-14
2.327000000000000000e+03 0.000000000000000000e+00 0.000000000000000000e+00 3.026670798197252725e-14
2.328000000000000000e+03 0.000000000000000000e+00 0.000000000000000000e+00 3.024198308943615402e-14
2.329000000000000000e+03 0.000000000000000000e+00 0.000000000000000000e+00 3.021728592713007111e-14
2.330000000000000000e+03 0.000000000000000000e+00 0.000000000000000000e+00 3.019261650688605615e-14
2.331000000000000000e+03 0.000000000000000000e+00 0.000000000000000000e+00 3.016797492586024346e-14
2.332000000000000000e+03 0.000000000000000000e+00 0.000000000000000000e+00 3.014336121009048922e-14
2.333000000000000000e+03 0.000000000000000000e+00 0.000000000000000000e+00 3.011877547132463938e-14
2.334000000000000000e+03 0.000000000000000000e+00 0.000000000000000000e+00 3.009421774679442955e-14
2.335000000000000000e+03 0.000000000000000000e+00 0.000000000000000000e+00 3.006968816227446038e-14
2.336000000000000000e+03 0.000000000000000000e+00 0.000000000000000000e+00 3.004518677426251445e-14
2.337000000000000000e+03 0.000000000000000000e+00 0.000000000000000000e+00 3.002071371974602976e-14
2.338000000000000000e+03 0.000000000000000000e+00 0.000000000000000000e+00 2.999626906722460074e-14
2.339000000000000000e+03 0.000000000000000000e+00 0.000000000000000000e+00 2.997185296825282766e-14
2.340000000000000000e+03 0.000000000000000000e+00 0.000000000000000000e+00 2.994746550993924341e-14
2.341000000000000000e+03 0.000000000000000000e+00 0.000000000000000000e+00 2.992310685495281052e-14
2.342000000000000000e+03 0.000000000000000000e+00 0.000000000000000000e+00 2.989877710309535766e-14
2.343000000000000000e+03 0.000000000000000000e+00 0.000000000000000000e+00 2.987447643065089239e-14
2.344000000000000000e+03 0.000000000000000000e+00 0.000000000000000000e+00 2.985020495316496327e-14
2.345000000000000000e+03 0.000000000000000000e+00 0.000000000000000000e+00 2.982596286002249385e-14
2.346000000000000000e+03 0.000000000000000000e+00 0.000000000000000000e+00 2.980175028286125244e-14
2.347000000000000000e+03 0.000000000000000000e+00 0.000000000000000000e+00 2.977756742220008858e-14
2.348000000000000000e+03 0.000000000000000000e+00 0.000000000000000000e+00 2.975341441822999179e-14
2.349000000000000000e+03 0.000000000000000000e+00 0.000000000000000000e+00 2.972929149206062112e-14
2.350000000000000000e+03 0.000000000000000000e+00 0.000000000000000000e+00 2.970519879210891728e-14
2.351000000000000000e+03 0.000000000000000000e+00 0.000000000000000000e+00 2.968113655406940995e-14
2.352000000000000000e+03 0.000000000000000000e+00 0.000000000000000000e+00 2.965710494278963043e-14
2.353000000000000000e+03 0.000000000000000000e+00 0.000000000000000000e+00 2.963310420139900250e-14
2.354000000000000000e+03 0.000000000000000000e+00 0.000000000000000000e+00 2.960913450954355163e-14
2.355000000000000000e+03 0.000000000000000000e+00 0.000000000000000000e+00 2.958519612253727044e-14
2.356000000000000000e+03 0.000000000000000000e+00 0.000000000000000000e+00 2.956128923296262602e-14
2.357000000000000000e+03 0.000000000000000000e+00 0.000000000000000000e+00 2.953741410971167422e-14
2.358000000000000000e+03 0.000000000000000000e+00 0.000000000000000000e+00 2.951357095478273853e-14
2.359000000000000000e+03 0.000000000000000000e+00 0.000000000000000000e+00 2.948976005288919337e-14
2.360000000000000000e+03 0.000000000000000000e+00 0.000000000000000000e+00 2.946598161946194058e-14
2.361000000000000000e+03 0.000000000000000000e+00 0.000000000000000000e+00 2.944223595042469913e-14
2.362000000000000000e+03 0.000000000000000000e+00 0.000000000000000000e+00 2.941852327170144521e-14
2.363000000000000000e+03 0.000000000000000000e+00 0.000000000000000000e+00 2.939484388991986307e-14
2.364000000000000000e+03 0.000000000000000000e+00 0.000000000000000000e+00 2.937119804411396409e-14
2.365000000000000000e+03 0.000000000000000000e+00 0.000000000000000000e+00 2.934758604903723629e-14
2.366000000000000000e+03 0.000000000000000000e+00 0.000000000000000000e+00 2.932400815856981346e-14
2.367000000000000000e+03 0.000000000000000000e+00 0.000000000000000000e+00 2.930046469682620470e-14
2.368000000000000000e+03 0.000000000000000000e+00 0.000000000000000000e+00 2.927695592407616568e-14
2.369000000000000000e+03 0.000000000000000000e+00 0.000000000000000000e+00 2.925348218020275877e-14
2.370000000000000000e+03 0.000000000000000000e+00 0.000000000000000000e+00 2.923004373450266865e-14
2.371000000000000000e+03 0.000000000000000000e+00 0.000000000000000000e+00 2.920664093450290626e-14
2.372000000000000000e+03 0.000000000000000000e+00 0.000000000000000000e+00 2.918327406207969201e-14
2.373000000000000000e+03 0.000000000000000000e+00 0.000000000000000000e+00 2.915994347292573802e-14
2.374000000000000000e+03 0.000000000000000000e+00 0.000000000000000000e+00 2.913664945881433254e-14
2.375000000000000000e+03 0.000000000000000000e+00 0.000000000000000000e+00 2.911339238830380854e-14
2.376000000000000000e+03 0.000000000000000000e+00 0.000000000000000000e+00 2.909017255781631258e-14
2.377000000000000000e+03 0.000000000000000000e+00 0.000000000000000000e+00 2.906699034655142528e-14
2.378000000000000000e+03 0.000000000000000000e+00 0.000000000000000000e+00 2.904384606224853788e-14
2.379000000000000000e+03 0.000000000000000000e+00 0.000000000000000000e+00 2.902074008918076784e-14
2.380000000000000000e+03 0.000000000000000000e+00 0.000000000000000000e+00 2.899767274406463619e-14
2.381000000000000000e+03 0.000000000000000000e+00 0.000000000000000000e+00 2.897464441916940066e-14
2.382000000000000000e+03 0.000000000000000000e+00 0.000000000000000000e+00 2.895165543890806268e-14
2.383000000000000000e+03 0.000000000000000000e+00 0.000000000000000000e+00 2.892870620371229951e-14
2.384000000000000000e+03 0.000000000000000000e+00 0.000000000000000000e+00 2.890579704339321201e-14
2.385000000000000000e+03 0.000000000000000000e+00 0.000000000000000000e+00 2.888292836607813742e-14
2.386000000000000000e+03 0.000000000000000000e+00 0.000000000000000000e+00 2.886010050872945316e-14
2.387000000000000000e+03 0.000000000000000000e+00 0.000000000000000000e+00 2.883731388702217244e-14
2.388000000000000000e+03 0.000000000000000000e+00 0.000000000000000000e+00 2.881456884625927381e-14
2.389000000000000000e+03 0.000000000000000000e+00 0.000000000000000000e+00 2.879186580731920428e-14
2.390000000000000000e+03 0.000000000000000000e+00 0.000000000000000000e+00 2.876920511967136491e-14
2.391000000000000000e+03 0.000000000000000000e+00 0.000000000000000000e+00 2.874658720993114002e-14
2.392000000000000000e+03 0.000000000000000000e+00 0.000000000000000000e+00 2.872401243478990175e-14
2.393000000000000000e+03 0.000000000000000000e+00 0.000000000000000000e+00 2.870148122499929722e-14
2.394000000000000000e+03 0.000000000000000000e+00 0.000000000000000000e+00 2.867899394012542129e-14
2.395000000000000000e+03 0.000000000000000000e+00 0.000000000000000000e+00 2.865655101302474713e-14
2.396000000000000000e+03 0.000000000000000000e+00 0.000000000000000000e+00 2.863415280911537962e-14
2.397000000000000000e+03 0.000000000000000000e+00 0.000000000000000000e+00 2.861179976350793355e-14
2.398000000000000000e+03 0.000000000000000000e+00 0.000000000000000000e+00 2.858949224501803044e-14
2.399000000000000000e+03 0.000000000000000000e+00 0.000000000000000000e+00 2.856723069432674748e-14
2.400000000000000000e+03 0.000000000000000000e+00 0.000000000000000000e+00 2.854501548269604590e-14
2.401000000000000000e+03 0.000000000000000000e+00 0.000000000000000000e+00 2.852284705313826987e-14
2.402000000000000000e+03 0.000000000000000000e+00 0.000000000000000000e+00 2.850072577651048042e-14
2.403000000000000000e+03 0.000000000000000000e+00 0.000000000000000000e+00 2.847865210464851299e-14
2.404000000000000000e+03 0.000000000000000000e+00 0.000000000000000000e+00 2.845662640877294831e-14
2.405000000000000000e+03 0.000000000000000000e+00 0.000000000000000000e+00 2.843464913924978464e-14
2.406000000000000000e+03 0.000000000000000000e+00 0.000000000000000000e+00 2.841272067466463848e-14
2.407000000000000000e+03 0.000000000000000000e+00 0.000000000000000000e+00 2.839084146310811453e-14
2.408000000000000000e+03 0.000000000000000000e+00 0.000000000000000000e+00 2.836901188350179253e-14
2.409000000000000000e+03 0.000000000000000000e+00 0.000000000000000000e+00 2.834723238676893153e-14
2.410000000000000000e+03 0.000000000000000000e+00 0.000000000000000000e+00 2.832550335018258132e-14
2.411000000000000000e+03 0.000000000000000000e+00 0.000000000000000000e+00 2.830382522614767422e-14
2.412000000000000000e+03 0.000000000000000000e+00 0.000000000000000000e+00 2.828219839236405583e-14
2.413000000000000000e+03 0.000000000000000000e+00 0.000000000000000000e+00 2.826062329967141329e-14
2.414000000000000000e+03 0.000000000000000000e+00 0.000000000000000000e+00 2.823910032686869634e-14
2.415000000000000000e+03 0.000000000000000000e+00 0.000000000000000000e+00 2.821762992119916577e-14
2.416000000000000000e+03 0.000000000000000000e+00 0.000000000000000000e+00 2.819621245899904225e-14
2.417000000000000000e+03 0.000000000000000000e+00 0.000000000000000000e+00 2.817484839068136852e-14
2.418000000000000000e+03 0.000000000000000000e+00 0.000000000000000000e+00 2.815353808853489980e-14
2.419000000000000000e+03 0.000000000000000000e+00 0.000000000000000000e+00 2.813228199835002967e-14
2.420000000000000000e+03 0.000000000000000000e+00 0.000000000000000000e+00 2.811108049131097554e-14
2.421000000000000000e+03 0.000000000000000000e+00 0.000000000000000000e+00 2.808993401221390750e-14
2.422000000000000000e+03 0.000000000000000000e+00 0.000000000000000000e+00 2.806884293287976417e-14
2.423000000000000000e+03 0.000000000000000000e+00 0.000000000000000000e+00 2.804780769096880295e-14
2.424000000000000000e+03 0.000000000000000000e+00 0.000000000000000000e+00 2.802682865548612975e-14
2.425000000000000000e+03 0.000000000000000000e+00 0.000000000000000000e+00 2.800590626209686863e-14
2.426000000000000000e+03 0.000000000000000000e+00 0.000000000000000000e+00 2.798504087624250631e-14
2.427000000000000000e+03 0.000000000000000000e+00 0.000000000000000000e+00 2.796423292563222063e-14
2.428000000000000000e+03 0.000000000000000000e+00 0.000000000000000000e+00 2.794348276887799813e-14
2.429000000000000000e+03 0.000000000000000000e+00 0.000000000000000000e+00 2.792279082986237861e-14
2.430000000000000000e+03 0.000000000000000000e+00 0.000000000000000000e+00 2.790215746078024284e-14
2.431000000000000000e+03 0.000000000000000000e+00 0.000000000000000000e+00 2.788158307503789055e-14
2.432000000000000000e+03 0.000000000000000000e+00 0.000000000000000000e+00 2.786106802154102804e-14
2.433000000000000000e+03 0.000000000000000000e+00 0.000000000000000000e+00 2.784061270568693426e-14
2.434000000000000000e+03 0.000000000000000000e+00 0.000000000000000000e+00 2.782021746912715571e-14
2.435000000000000000e+03 0.000000000000000000e+00 0.000000000000000000e+00 2.779988271249669066e-14
2.436000000000000000e+03 0.000000000000000000e+00 0.000000000000000000e+00 2.777960876587781879e-14
2.437000000000000000e+03 0.000000000000000000e+00 0.000000000000000000e+00 2.775939602411102370e-14
2.438000000000000000e+03 0.000000000000000000e+00 0.000000000000000000e+00 2.773924480811001767e-14
2.439000000000000000e+03 0.000000000000000000e+00 0.000000000000000000e+00 2.771915550739682191e-14
2.440000000000000000e+03 0.000000000000000000e+00 0.000000000000000000e+00 2.769912843218545591e-14
2.441000000000000000e+03 0.000000000000000000e+00 0.000000000000000000e+00 2.767916396317934688e-14
2.442000000000000000e+03 0.000000000000000000e+00 0.000000000000000000e+00 2.765926240185717034e-14
2.443000000000000000e+03 0.000000000000000000e+00 0.000000000000000000e+00 2.763942411532793877e-14
2.444000000000000000e+03 0.000000000000000000e+00 0.000000000000000000e+00 2.761964939768842925e-14
2.445000000000000000e+03 0.000000000000000000e+00 0.000000000000000000e+00 2.759993860629702738e-14
2.446000000000000000e+03 0.000000000000000000e+00 0.000000000000000000e+00 2.758029202491036762e-14
2.447000000000000000e+03 0.000000000000000000e+00 0.000000000000000000e+00 2.756071000028638779e-14
2.448000000000000000e+03 0.000000000000000000e+00 0.000000000000000000e+00 2.754119280409544874e-14
2.449000000000000000e+03 0.000000000000000000e+00 0.000000000000000000e+00 2.752174076791861541e-14
2.450000000000000000e+03 0.000000000000000000e+00 0.000000000000000000e+00 2.750235415522368874e-14
2.451000000000000000e+03 0.000000000000000000e+00 0.000000000000000000e+00 2.748303328652662474e-14
2.452000000000000000e+03 0.000000000000000000e+00 0.000000000000000000e+00 2.746377841122623717e-14
2.453000000000000000e+03 0.000000000000000000e+00 0.000000000000000000e+00 2.744458983768043788e-14
2.454000000000000000e+03 0.000000000000000000e+00 0.000000000000000000e+00 2.742546780510794528e-14
2.455000000000000000e+03 0.000000000000000000e+00 0.000000000000000000e+00 2.740641260629941315e-14
2.456000000000000000e+03 0.000000000000000000e+00 0.000000000000000000e+00 2.738742446967166545e-14
2.457000000000000000e+03 0.000000000000000000e+00 0.000000000000000000e+00 2.736850367963564312e-14
2.458000000000000000e+03 0.000000000000000000e+00 0.000000000000000000e+00 2.734965044579646288e-14
2.459000000000000000e+03 0.000000000000000000e+00 0.000000000000000000e+00 2.733086504218657178e-14
2.460000000000000000e+03 0.000000000000000000e+00 0.000000000000000000e+00 2.731214766312193035e-14
2.461000000000000000e+03 0.000000000000000000e+00 0.000000000000000000e+00 2.729349857085487212e-14
2.462000000000000000e+03 0.000000000000000000e+00 0.000000000000000000e+00 2.727491794523721111e-14
2.463000000000000000e+03 0.000000000000000000e+00 0.000000000000000000e+00 2.725640603049765193e-14
2.464000000000000000e+03 0.000000000000000000e+00 0.000000000000000000e+00 2.723796299193124983e-14
2.465000000000000000e+03 0.000000000000000000e+00 0.000000000000000000e+00 2.721958906191861186e-14
2.466000000000000000e+03 0.000000000000000000e+00 0.000000000000000000e+00 2.720128438557847970e-14
2.467000000000000000e+03 0.000000000000000000e+00 0.000000000000000000e+00 2.718304917848122579e-14
2.468000000000000000e+03 0.000000000000000000e+00 0.000000000000000000e+00 2.716488357266874869e-14
2.469000000000000000e+03 0.000000000000000000e+00 0.000000000000000000e+00 2.714678776654139625e-14
2.470000000000000000e+03 0.000000000000000000e+00 0.000000000000000000e+00 2.712876188024024515e-14
2.471000000000000000e+03 0.000000000000000000e+00 0.000000000000000000e+00 2.711080609383747931e-14
2.472000000000000000e+03 0.000000000000000000e+00 0.000000000000000000e+00 2.709292051221376534e-14
2.473000000000000000e+03 0.000000000000000000e+00 0.000000000000000000e+00 2.707510529883508036e-14
2.474000000000000000e+03 0.000000000000000000e+00 0.000000000000000000e+00 2.705736054458164324e-14
2.475000000000000000e+03 0.000000000000000000e+00 0.000000000000000000e+00 2.703968639691758325e-14
2.476000000000000000e+03 0.000000000000000000e+00 0.000000000000000000e+00 2.702208292705213423e-14
2.477000000000000000e+03 0.000000000000000000e+00 0.000000000000000000e+00 2.700455026790440493e-14
2.478000000000000000e+03 0.000000000000000000e+00 0.000000000000000000e+00 2.698708847385121811e-14
2.479000000000000000e+03 0.000000000000000000e+00 0.000000000000000000e+00 2.696969765996899938e-14
2.480000000000000000e+03 0.000000000000000000e+00 0.000000000000000000e+00 2.695237786156462903e-14
2.481000000000000000e+03 0.000000000000000000e+00 0.000000000000000000e+00 2.693512917556446831e-14
2.482000000000000000e+03 0.000000000000000000e+00 0.000000000000000000e+00 2.691795162126730190e-14
2.483000000000000000e+03 0.000000000000000000e+00 0.000000000000000000e+00 2.690084527839141809e-14
2.484000000000000000e+03 0.000000000000000000e+00 0.000000000000000000e+00 2.688381014791054262e-14
2.485000000000000000e+03 0.000000000000000000e+00 0.000000000000000000e+00 2.686684629372873862e-14
2.486000000000000000e+03 0.000000000000000000e+00 0.000000000000000000e+00 2.684995370002590551e-14
2.487000000000000000e+03 0.000000000000000000e+00 0.000000000000000000e+00 2.683313240961735848e-14
2.488000000000000000e+03 0.000000000000000000e+00 0.000000000000000000e+00 2.681638239153127612e-14
2.489000000000000000e+03 0.000000000000000000e+00 0.000000000000000000e+00 2.679970367049527028e-14
2.490000000000000000e+03 0.000000000000000000e+00 0.000000000000000000e+00 2.678309619081448941e-14
2.491000000000000000e+03 0.000000000000000000e+00 0.000000000000000000e+00 2.676655996111417771e-14
2.492000000000000000e+03 0.000000000000000000e+00 0.000000000000000000e+00 2.675009490347645152e-14
2.493000000000000000e+03 0.000000000000000000e+00 0.000000000000000000e+00 2.673370100159134340e-14
2.494000000000000000e+03 0.000000000000000000e+00 0.000000000000000000e+00 2.671737815795860529e-14
2.495000000000000000e+03 0.000000000000000000e+00 0.000000000000000000e+00 2.670112633661366146e-14
2.496000000000000000e+03 0.000000000000000000e+00 0.000000000000000000e+00 2.668494541965001309e-14
2.497000000000000000e+03 0.000000000000000000e+00 0.000000000000000000e+00 2.666883534912368729e-14
2.498000000000000000e+03 0.000000000000000000e+00 0.000000000000000000e+00 2.665279599180431920e-14
2.499000000000000000e+03 0.000000000000000000e+00 0.000000000000000000e+00 2.663682727072201193e-14
2.500000000000000000e+03 0.000000000000000000e+00 0.000000000000000000e+00 2.662092903048019801e-14
2.501000000000000000e+03 0.000000000000000000e+00 0.000000000000000000e+00 2.660510117917213598e-14
2.502000000000000000e+03 0.000000000000000000e+00 0.000000000000000000e+00 2.658934354222851473e-14
2.503000000000000000e+03 0.000000000000000000e+00 0.000000000000000000e+00 2.657365600629240454e-14
2.504000000000000000e+03 0.000000000000000000e+00 0.000000000000000000e+00 2.655803837849288345e-14
2.505000000000000000e+03 0.000000000000000000e+00 0.000000000000000000e+00 2.654249052424894626e-14
2.506000000000000000e+03 0.000000000000000000e+00 0.000000000000000000e+00 2.652701223289627274e-14
2.507000000000000000e+03 0.000000000000000000e+00 0.000000000000000000e+00 2.651160335057206507e-14
2.508000000000000000e+03 0.000000000000000000e+00 0.000000000000000000e+00 2.649626364729911034e-14
2.509000000000000000e+03 0.000000000000000000e+00 0.000000000000000000e+00 2.648099294730685792e-14
2.510000000000000000e+03 0.000000000000000000e+00 0.000000000000000000e+00 2.646579100251771613e-14
2.511000000000000000e+03 0.000000000000000000e+00 0.000000000000000000e+00 2.645065762126373485e-14
2.512000000000000000e+03 0.000000000000000000e+00 0.000000000000000000e+00 2.643559254583539702e-14
2.513000000000000000e+03 0.000000000000000000e+00 0.000000000000000000e+00 2.642059553613362806e-14
2.514000000000000000e+03 0.000000000000000000e+00 0.000000000000000000e+00 2.640566632724617854e-14
2.515000000000000000e+03 0.000000000000000000e+00 0.000000000000000000e+00 2.639080469466310546e-14
2.516000000000000000e+03 0.000000000000000000e+00 0.000000000000000000e+00 2.637601031170675181e-14
2.517000000000000000e+03 0.000000000000000000e+00 0.000000000000000000e+00 2.636128295429864678e-14
2.518000000000000000e+03 0.000000000000000000e+00 0.000000000000000000e+00 2.634662226406686998e-14
2.519000000000000000e+03 0.000000000000000000e+00 0.000000000000000000e+00 2.633202801675445979e-14
2.520000000000000000e+03 0.000000000000000000e+00 0.000000000000000000e+00 2.631749985895982439e-14
2.521000000000000000e+03 0.000000000000000000e+00 0.000000000000000000e+00 2.630303750954247290e-14
2.522000000000000000e+03 0.000000000000000000e+00 0.000000000000000000e+00 2.628864061122583406e-14
2.523000000000000000e+03 0.000000000000000000e+00 0.000000000000000000e+00 2.627430885531114190e-14
2.524000000000000000e+03 0.000000000000000000e+00 0.000000000000000000e+00 2.626004188016316985e-14
2.525000000000000000e+03 0.000000000000000000e+00 0.000000000000000000e+00 2.624583935746340813e-14
2.526000000000000000e+03 0.000000000000000000e+00 0.000000000000000000e+00 2.623170089307086874e-14
2.527000000000000000e+03 0.000000000000000000e+00 0.000000000000000000e+00 2.621762617222852328e-14
2.528000000000000000e+03 0.000000000000000000e+00 0.000000000000000000e+00 2.620361475551804944e-14
2.529000000000000000e+03 0.000000000000000000e+00 0.000000000000000000e+00 2.618966633014016648e-14
2.530000000000000000e+03 0.000000000000000000e+00 0.000000000000000000e+00 2.617578043033859748e-14
2.531000000000000000e+03 0.000000000000000000e+00 0.000000000000000000e+00 2.616195668812942958e-14
2.532000000000000000e+03 0.000000000000000000e+00 0.000000000000000000e+00 2.614819467304091299e-14
2.533000000000000000e+03 0.000000000000000000e+00 0.000000000000000000e+00 2.613449399002510635e-14
2.534000000000000000e+03 0.000000000000000000e+00 0.000000000000000000e+00 2.612085416422065598e-14
2.535000000000000000e+03 0.000000000000000000e+00 0.000000000000000000e+00 2.610727480852241169e-14
2.536000000000000000e+03 0.000000000000000000e+00 0.000000000000000000e+00 2.609375542742099583e-14
2.537000000000000000e+03 0.000000000000000000e+00 0.000000000000000000e+00 2.608029563091277812e-14
2.538000000000000000e+03 0.000000000000000000e+00 0.000000000000000000e+00 2.606689490891298294e-14
2.539000000000000000e+03 0.000000000000000000e+00 0.000000000000000000e+00 2.605355284048825854e-14
2.540000000000000000e+03 0.000000000000000000e+00 0.000000000000000000e+00 2.604026890333613459e-14
2.541000000000000000e+03 0.000000000000000000e+00 0.000000000000000000e+00 2.602704266007656655e-14
2.542000000000000000e+03 0.000000000000000000e+00 0.000000000000000000e+00 2.601387357753096729e-14
2.543000000000000000e+03 0.000000000000000000e+00 0.000000000000000000e+00 2.600076120600739812e-14
2.544000000000000000e+03 0.000000000000000000e+00 0.000000000000000000e+00 2.598770500401082573e-14
2.545000000000000000e+03 0.000000000000000000e+00 0.000000000000000000e+00 2.597470448350484648e-14
2.546000000000000000e+03 0.000000000000000000e+00 0.000000000000000000e+00 2.596175909544069577e-14
2.547000000000000000e+03 0.000000000000000000e+00 0.000000000000000000e+00 2.594886835698132065e-14
2.548000000000000000e+03 0.000000000000000000e+00 0.000000000000000000e+00 2.593603171185144787e-14
2.549000000000000000e+03 0.000000000000000000e+00 0.000000000000000000e+00 2.592324867294610082e-14
2.550000000000000000e+03 0.000000000000000000e+00 0.000000000000000000e+00 2.591051865136574213e-14
2.551000000000000000e+03 0.000000000000000000e+00 0.000000000000000000e+00 2.589784112772102283e-14
2.552000000000000000e+03 0.000000000000000000e+00 0.000000000000000000e+00 2.588521552136661692e-14
2.553000000000000000e+03 0.000000000000000000e+00 0.000000000000000000e+00 2.587264132116317742e-14
2.554000000000000000e+03 0.000000000000000000e+00 0.000000000000000000e+00 2.586011791829858856e-14
2.555000000000000000e+03 0.000000000000000000e+00 0.000000000000000000e+00 2.584764477348883636e-14
2.556000000000000000e+03 0.000000000000000000e+00 0.000000000000000000e+00 2.583522128816916815e-14
2.557000000000000000e+03 0.000000000000000000e+00 0.000000000000000000e+00 2.582284690699116547e-14
2.558000000000000000e+03 0.000000000000000000e+00 0.000000000000000000e+00 2.581052100504942311e-14
2.559000000000000000e+03 0.000000000000000000e+00 0.000000000000000000e+00 2.579824304049762484e-14
2.560000000000000000e+03 0.000000000000000000e+00 0.000000000000000000e+00 2.578601237336085024e-14
2.561000000000000000e+03 0.000000000000000000e+00 0.000000000000000000e+00 2.577382843672018028e-14
2.562000000000000000e+03 0.000000000000000000e+00 0.000000000000000000e+00 2.576169057866158134e-14
2.563000000000000000e+03 0.000000000000000000e+00 0.000000000000000000e+00 2.574959824438492168e-14
2.564000000000000000e+03 0.000000000000000000e+00 0.000000000000000000e+00 2.573755079777583996e-14
2.565000000000000000e+03 0.000000000000000000e+00 0.000000000000000000e+00 2.572554765974596601e-14
2.566000000000000000e+03 0.000000000000000000e+00 0.000000000000000000e+00 2.571358817059880314e-14
2.567000000000000000e+03 0.000000000000000000e+00 0.000000000000000000e+00 2.570167176326854327e-14
2.568000000000000000e+03 0.000000000000000000e+00 0.000000000000000000e+00 2.568979776597746795e-14
2.569000000000000000e+03 0.000000000000000000e+00 0.000000000000000000e+00 2.567796561287571613e-14
2.570000000000000000e+03 0.000000000000000000e+00 0.000000000000000000e+00 2.566617462125328882e-14
2.571000000000000000e+03 0.000000000000000000e+00 0.000000000000000000e+00 2.565442422465442616e-14
2.572000000000000000e+03 0.000000000000000000e+00 0.000000000000000000e+00 2.564271373090361555e-14
2.573000000000000000e+03 0.000000000000000000e+00 0.000000000000000000e+00 2.563104257163453281e-14
2.574000000000000000e+03 0.000000000000000000e+00 0.000000000000000000e+00 2.561941007089690911e-14
2.575000000000000000e+03 0.000000000000000000e+00 0.000000000000000000e+00 2.560781565759958742e-14
2.576000000000000000e+03 0.000000000000000000e+00 0.000000000000000000e+00 2.559625863356899544e-14
2.577000000000000000e+03 0.000000000000000000e+00 0.000000000000000000e+00 2.558473842447993356e-14
2.578000000000000000e+03 0.000000000000000000e+00 0.000000000000000000e+00 2.557325434561891381e-14
2.579000000000000000e+03 0.000000000000000000e+00 0.000000000000000000e+00 2.556180579372147527e-14
2.580000000000000000e+03 0.000000000000000000e+00 0.000000000000000000e+00 2.555039211146671591e-14
2.581000000000000000e+03 0.000000000000000000e+00 0.000000000000000000e+00 2.553901270415443373e-14
2.582000000000000000e+03 0.000000000000000000e+00 0.000000000000000000e+00 2.552766690122687739e-14
2.583000000000000000e+03 0.000000000000000000e+00 0.000000000000000000e+00 2.551635410621292474e-14
2.584000000000000000e+03 0.000000000000000000e+00 0.000000000000000000e+00 2.550507364346418193e-14
2.585000000000000000e+03 0.000000000000000000e+00 0.000000000000000000e+00 2.549382493849826095e-14
2.586000000000000000e+03 0.000000000000000000e+00 0.000000000000000000e+00 2.548260731070423016e-14
2.587000000000000000e+03 0.000000000000000000e+00 0.000000000000000000e+00 2.547142019377768370e-14
2.588000000000000000e+03 0.000000000000000000e+00 0.000000000000000000e+00 2.546026290178671586e-14
2.589000000000000000e+03 0.000000000000000000e+00 0.000000000000000000e+00 2.544913487226212900e-14
2.590000000000000000e+03 0.000000000000000000e+00 0.000000000000000000e+00 2.543803541391937526e-14
2.591000000000000000e+03 0.000000000000000000e+00 0.000000000000000000e+00 2.542696396621465192e-14
2.592000000000000000e+03 0.000000000000000000e+00 0.000000000000000000e+00 2.541591983177428530e-14
2.593000000000000000e+03 0.000000000000000000e+00 0.000000000000000000e+00 2.540490247528370855e-14
2.594000000000000000e+03 0.000000000000000000e+00 0.000000000000000000e+00 2.539391119265571984e-14
2.595000000000000000e+03 0.000000000000000000e+00 0.000000000000000000e+00 2.538294546012547744e-14
2.596000000000000000e+03 0.000000000000000000e+00 0.000000000000000000e+00 2.537200459141450694e-14
2.597000000000000000e+03 0.000000000000000000e+00 0.000000000000000000e+00 2.536108804464780915e-14
2.598000000000000000e+03 0.000000000000000000e+00 0.000000000000000000e+00 2.535019513907026758e-14
2.599000000000000000e+03 0.000000000000000000e+00 0.000000000000000000e+00 2.533932534971367106e-14
2.600000000000000000e+03 0.000000000000000000e+00 0.000000000000000000e+00 2.532847802161326837e-14
2.601000000000000000e+03 0.000000000000000000e+00 0.000000000000000000e+00 2.531765261040156593e-14
2.602000000000000000e+03 0.000000000000000000e+00 0.000000000000000000e+00 2.530684849759417075e-14
2.603000000000000000e+03 0.000000000000000000e+00 0.000000000000000000e+00 2.529606512883717500e-14
2.604000000000000000e+03 0.000000000000000000e+00 0.000000000000000000e+00 2.528530190453732494e-14
2.605000000000000000e+03 0.000000000000000000e+00 0.000000000000000000e+00 2.527455826162440557e-14
2.606000000000000000e+03 0.000000000000000000e+00 0.000000000000000000e+00 2.526383361374896077e-14
2.607000000000000000e+03 0.000000000000000000e+00 0.000000000000000000e+00 2.525312743819515081e-14
2.608000000000000000e+03 0.000000000000000000e+00 0.000000000000000000e+00 2.524243913317552110e-14
2.609000000000000000e+03 0.000000000000000000e+00 0.000000000000000000e+00 2.523176816716574477e-14
2.610000000000000000e+03 0.000000000000000000e+00 0.000000000000000000e+00 2.522111398148024404e-14
2.611000000000000000e+03 0.000000000000000000e+00 0.000000000000000000e+00 2.521047606633326260e-14
2.612000000000000000e+03 0.000000000000000000e+00 0.000000000000000000e+00 2.519985385787227524e-14
2.613000000000000000e+03 0.000000000000000000e+00 0.000000000000000000e+00 2.518924687938599584e-14
2.614000000000000000e+03 0.000000000000000000e+00 0.000000000000000000e+00 2.517865456782215757e-14
2.615000000000000000e+03 0.000000000000000000e+00 0.000000000000000000e+00 2.516807646260078682e-14
2.616000000000000000e+03 0.000000000000000000e+00 0.000000000000000000e+00 2.515751200093888655e-14
2.617000000000000000e+03 0.000000000000000000e+00 0.000000000000000000e+00 2.514696073297573969e-14
2.618000000000000000e+03 0.000000000000000000e+00 0.000000000000000000e+00 2.513642214376542986e-14
2.619000000000000000e+03 0.000000000000000000e+00 0.000000000000000000e+00 2.512589579024943296e-14
2.620000000000000000e+03 0.000000000000000000e+00 0.000000000000000000e+00 2.511538115490344389e-14
2.621000000000000000e+03 0.000000000000000000e+00 0.000000000000000000e+00 2.510487779965545456e-14
2.622000000000000000e+03 0.000000000000000000e+00 0.000000000000000000e+00 2.509438525754532635e-14
2.623000000000000000e+03 0.000000000000000000e+00 0.000000000000000000e+00 2.508390309323334349e-14
2.624000000000000000e+03 0.000000000000000000e+00 0.000000000000000000e+00 2.507343084138145470e-14
2.625000000000000000e+03 0.000000000000000000e+00 0.000000000000000000e+00 2.506296809177073698e-14
2.626000000000000000e+03 0.000000000000000000e+00 0.000000000000000000e+00 2.505251440880142811e-14
2.627000000000000000e+03 0.000000000000000000e+00 0.000000000000000000e+00 2.504206941766296130e-14
2.628000000000000000e+03 0.000000000000000000e+00 0.000000000000000000e+00 2.503163267557965693e-14
2.629000000000000000e+03 0.000000000000000000e+00 0.000000000000000000e+00 2.502120382618373361e-14
2.630000000000000000e+03 0.000000000000000000e+00 0.000000000000000000e+00 2.501078245030314196e-14
2.631000000000000000e+03 0.000000000000000000e+00 0.000000000000000000e+00 2.500036822869209617e-14
2.632000000000000000e+03 0.000000000000000000e+00 0.000000000000000000e+00 2.498996072954243403e-14
2.633000000000000000e+03 0.000000000000000000e+00 0.000000000000000000e+00 2.497955967825467841e-14
2.634000000000000000e+03 0.000000000000000000e+00 0.000000000000000000e+00 2.496916466343775051e-14
2.635000000000000000e+03 0.000000000000000000e+00 0.000000000000000000e+00 2.495877541290225369e-14
2.636000000000000000e+03 0.000000000000000000e+00 0.000000000000000000e+00 2.494839157080518206e-14
2.637000000000000000e+03 0.000000000000000000e+00 0.000000000000000000e+00 2.493801284979642518e-14
2.638000000000000000e+03 0.000000000000000000e+00 0.000000000000000000e+00 2.492763892224978388e-14
2.639000000000000000e+03 0.000000000000000000e+00 0.000000000000000000e+00 2.491726954306900220e-14
2.640000000000000000e+03 0.000000000000000000e+00 0.000000000000000000e+00 2.490690438093532407e-14
2.641000000000000000e+03 0.000000000000000000e+00 0.000000000000000000e+00 2.489654323420145333e-14
2.642000000000000000e+03 0.000000000000000000e+00 0.000000000000000000e+00 2.488618579804080139e-14
2.643000000000000000e+03 0.000000000000000000e+00 0.000000000000000000e+00 2.487583187314064284e-14
2.644000000000000000e+03 0.000000000000000000e+00 0.000000000000000000e+00 2.486548116953776862e-14
2.645000000000000000e+03 0.000000000000000000e+00 0.000000000000000000e+00 2.485513351794442392e-14
2.646000000000000000e+03 0.000000000000000000e+00 0.000000000000000000e+00 2.484478866232853182e-14
2.647000000000000000e+03 0.000000000000000000e+00 0.000000000000000000e+00 2.483444645159820628e-14
2.648000000000000000e+03 0.000000000000000000e+00 0.000000000000000000e+00 2.482410667150012550e-14
2.649000000000000000e+03 0.000000000000000000e+00 0.000000000000000000e+00 2.481376917531254141e-14
2.650000000000000000e+03 0.000000000000000000e+00 0.000000000000000000e+00 2.480343376936989353e-14
2.651000000000000000e+03 0.000000000000000000e+00 0.000000000000000000e+00 2.479310033747586089e-14
2.652000000000000000e+03 0.000000000000000000e+00 0.000000000000000000e+00 2.478276870500733209e-14
2.653000000000000000e+03 0.000000000000000000e+00 0.000000000000000000e+00 2.477243877947471419e-14
2.654000000000000000e+03 0.000000000000000000e+00 0.000000000000000000e+00 2.476211041043106859e-14
2.655000000000000000e+03 0.000000000000000000e+00 0.000000000000000000e+00 2.475178352755481302e-14
2.656000000000000000e+03 0.000000000000000000e+00 0.000000000000000000e+00 2.474145800318248881e-14
2.657000000000000000e+03 0.000000000000000000e+00 0.000000000000000000e+00 2.473113379164697917e-14
2.658000000000000000e+03 0.000000000000000000e+00 0.000000000000000000e+00 2.472081079036500764e-14
2.659000000000000000e+03 0.000000000000000000e+00 0.000000000000000000e+00 2.471048897721415340e-14
2.660000000000000000e+03 0.000000000000000000e+00 0.000000000000000000e+00 2.470016827344741791e-14
2.661000000000000000e+03 0.000000000000000000e+00 0.000000000000000000e+00 2.468984868256325096e-14
2.662000000000000000e+03 0.000000000000000000e+00 0.000000000000000000e+00 2.467953015160380755e-14
2.663000000000000000e+03 0.000000000000000000e+00 0.000000000000000000e+00 2.466921270803920919e-14
2.664000000000000000e+03 0.000000000000000000e+00 0.000000000000000000e+00 2.465889632150278858e-14
2.665000000000000000e+03 0.000000000000000000e+00 0.000000000000000000e+00 2.464858104752736527e-14
2.666000000000000000e+03 0.000000000000000000e+00 0.000000000000000000e+00 2.463826687928199702e-14
2.667000000000000000e+03 0.000000000000000000e+00 0.000000000000000000e+00 2.462795389781210124e-14
2.668000000000000000e+03 0.000000000000000000e+00 0.000000000000000000e+00 2.461764211965632665e-14
2.669000000000000000e+03 0.000000000000000000e+00 0.000000000000000000e+00 2.460733164882247161e-14
2.670000000000000000e+03 0.000000000000000000e+00 0.000000000000000000e+00 2.459702253009631224e-14
2.671000000000000000e+03 0.000000000000000000e+00 0.000000000000000000e+00 2.458671488834375085e-14
2.672000000000000000e+03 0.000000000000000000e+00 0.000000000000000000e+00 2.457640879225058776e-14
2.673000000000000000e+03 0.000000000000000000e+00 0.000000000000000000e+00 2.456610439383770946e-14
2.674000000000000000e+03 0.000000000000000000e+00 0.000000000000000000e+00 2.455580178416801921e-14
2.675000000000000000e+03 0.000000000000000000e+00 0.000000000000000000e+00 2.454550113805065131e-14
2.676000000000000000e+03 0.000000000000000000e+00 0.000000000000000000e+00 2.453520257205241681e-14
2.677000000000000000e+03 0.000000000000000000e+00 0.000000000000000000e+00 2.452490628526375589e-14
2.678000000000000000e+03 0.000000000000000000e+00 0.000000000000000000e+00 2.451461241661501417e-14
2.679000000000000000e+03 0.000000000000000000e+00 0.000000000000000000e+00 2.450432118959944123e-14
2.680000000000000000e+03 0.000000000000000000e+00 0.000000000000000000e+00 2.449403276506080900e-14
2.681000000000000000e+03 0.000000000000000000e+00 0.000000000000000000e+00 2.448374739107619165e-14
2.682000000000000000e+03 0.000000000000000000e+00 0.000000000000000000e+00 2.447346525401828838e-14
2.683000000000000000e+03 0.000000000000000000e+00 0.000000000000000000e+00 2.446318662189009934e-14
2.684000000000000000e+03 0.000000000000000000e+00 0.000000000000000000e+00 2.445291170421021581e-14
2.685000000000000000e+03 0.000000000000000000e+00 0.000000000000000000e+00 2.444264079117521715e-14
2.686000000000000000e+03 0.000000000000000000e+00 0.000000000000000000e+00 2.443237411426625119e-14
2.687000000000000000e+03 0.000000000000000000e+00 0.000000000000000000e+00 2.442211198469283571e-14
2.688000000000000000e+03 0.000000000000000000e+00 0.000000000000000000e+00 2.441185465487363870e-14
2.689000000000000000e+03 0.000000000000000000e+00 0.000000000000000000e+00 2.440160245693334810e-14
2.690000000000000000e+03 0.000000000000000000e+00 0.000000000000000000e+00 2.439135566357280744e-14
2.691000000000000000e+03 0.000000000000000000e+00 0.000000000000000000e+00 2.438111462730735173e-14
2.692000000000000000e+03 0.000000000000000000e+00 0.000000000000000000e+00 2.437087964361239661e-14
2.693000000000000000e+03 0.000000000000000000e+00 0.000000000000000000e+00 2.436065108329591702e-14
2.694000000000000000e+03 0.000000000000000000e+00 0.000000000000000000e+00 2.435042926095686943e-14
2.695000000000000000e+03 0.000000000000000000e+00 0.000000000000000000e+00 2.434021456895158918e-14
2.696000000000000000e+03 0.000000000000000000e+00 0.000000000000000000e+00 2.433000734202603540e-14
2.697000000000000000e+03 0.000000000000000000e+00 0.000000000000000000e+00 2.431980798851807334e-14
2.698000000000000000e+03 0.000000000000000000e+00 0.000000000000000000e+00 2.430961686608553389e-14
2.699000000000000000e+03 0.000000000000000000e+00 0.000000000000000000e+00 2.429943440093417431e-14
2.700000000000000000e+03 0.000000000000000000e+00 0.000000000000000000e+00 2.428926096514781637e-14
2.701000000000000000e+03 0.000000000000000000e+00 0.000000000000000000e+00 2.427909700439075264e-14
2.702000000000000000e+03 0.000000000000000000e+00 0.000000000000000000e+00 2.426894290826382103e-14
2.703000000000000000e+03 0.000000000000000000e+00 0.000000000000000000e+00 2.425879913938303251e-14
2.704000000000000000e+03 0.000000000000000000e+00 0.000000000000000000e+00 2.424866610172726889e-14
2.705000000000000000e+03 0.000000000000000000e+00 0.000000000000000000e+00 2.423854427643314613e-14
2.706000000000000000e+03 0.000000000000000000e+00 0.000000000000000000e+00 2.422843408287729362e-14
2.707000000000000000e+03 0.000000000000000000e+00 0.000000000000000000e+00 2.421833601914755664e-14
2.708000000000000000e+03 0.000000000000000000e+00 0.000000000000000000e+00 2.420825051799092705e-14
2.709000000000000000e+03 0.000000000000000000e+00 0.000000000000000000e+00 2.419817809341492072e-14
2.710000000000000000e+03 0.000000000000000000e+00 0.000000000000000000e+00 2.418811919476244955e-14
2.711000000000000000e+03 0.000000000000000000e+00 0.000000000000000000e+00 2.417807434825077869e-14
2.712000000000000000e+03 0.000000000000000000e+00 0.000000000000000000e+00 2.416804401608196279e-14
2.713000000000000000e+03 0.000000000000000000e+00 0.000000000000000000e+00 2.415802874032968356e-14
2.714000000000000000e+03 0.000000000000000000e+00 0.000000000000000000e+00 2.414802899526049039e-14
2.715000000000000000e+03 0.000000000000000000e+00 0.000000000000000000e+00 2.413804533123668648e-14
2.716000000000000000e+03 0.000000000000000000e+00 0.000000000000000000e+00 2.412807823600437151e-14
2.717000000000000000e+03 0.000000000000000000e+00 0.000000000000000000e+00 2.411812826970996742e-14
2.718000000000000000e+03 0.000000000000000000e+00 0.000000000000000000e+00 2.410819593156399790e-14
2.719000000000000000e+03 0.000000000000000000e+00 0.000000000000000000e+00 2.409828179105898389e-14
2.720000000000000000e+03 0.000000000000000000e+00 0.000000000000000000e+00 2.408838635622992803e-14
2.721000000000000000e+03 0.000000000000000000e+00 0.000000000000000000e+00 2.407851020665484008e-14
2.722000000000000000e+03 0.000000000000000000e+00 0.000000000000000000e+00 2.406865385904338746e-14
2.723000000000000000e+03 0.000000000000000000e+00 0.000000000000000000e+00 2.405881790287139247e-14
2.724000000000000000e+03 0.000000000000000000e+00 0.000000000000000000e+00 2.404900286210295051e-14
2.725000000000000000e+03 0.000000000000000000e+00 0.000000000000000000e+00 2.403920933280425193e-14
2.726000000000000000e+03 0.000000000000000000e+00 0.000000000000000000e+00 2.402943784778053178e-14
2.727000000000000000e+03 0.000000000000000000e+00 0.000000000000000000e+00 2.401968901087892259e-14
2.728000000000000000e+03 0.000000000000000000e+00 0.000000000000000000e+00 2.400996336974599502e-14
2.729000000000000000e+03 0.000000000000000000e+00 0.000000000000000000e+00 2.400026152200003588e-14
2.730000000000000000e+03 0.000000000000000000e+00 0.000000000000000000e+00 2.399058400784264005e-14
2.731000000000000000e+03 0.000000000000000000e+00 0.000000000000000000e+00 2.398093144880376530e-14
2.732000000000000000e+03 0.000000000000000000e+00 0.000000000000000000e+00 2.397130438645100751e-14
2.733000000000000000e+03 0.000000000000000000e+00 0.000000000000000000e+00 2.396170343619400075e-14
2.734000000000000000e+03 0.000000000000000000e+00 0.000000000000000000e+00 2.395212914341399744e-14
2.735000000000000000e+03 0.000000000000000000e+00 0.000000000000000000e+00 2.394258212576279521e-14
2.736000000000000000e+03 0.000000000000000000e+00 0.000000000000000000e+00 2.393306295424648351e-14
2.737000000000000000e+03 0.000000000000000000e+00 0.000000000000000000e+00 2.392357222990200725e-14
2.738000000000000000e+03 0.000000000000000000e+00 0.000000000000000000e+00 2.391411051842200120e-14
2.739000000000000000e+03 0.000000000000000000e+00 0.000000000000000000e+00 2.390467841633273518e-14
2.740000000000000000e+03 0.000000000000000000e+00 0.000000000000000000e+00 2.389527649317739079e-14
2.741000000000000000e+03 0.000000000000000000e+00 0.000000000000000000e+00 2.388590536394364986e-14
2.742000000000000000e+03 0.000000000000000000e+00 0.000000000000000000e+00 2.387656556244394609e-14
2.743000000000000000e+03 0.000000000000000000e+00 0.000000000000000000e+00 2.386725773524575467e-14
2.744000000000000000e+03 0.000000000000000000e+00 0.000000000000000000e+00 2.385798240190053865e-14
2.745000000000000000e+03 0.000000000000000000e+00 0.000000000000000000e+00 2.384874018790481880e-14
2.746000000000000000e+03 0.000000000000000000e+00 0.000000000000000000e+00 2.383953162548235450e-14
2.747000000000000000e+03 0.000000000000000000e+00 0.000000000000000000e+00 2.383035733601036422e-14
2.748000000000000000e+03 0.000000000000000000e+00 0.000000000000000000e+00 2.382121785716646662e-14
2.749000000000000000e+03 0.000000000000000000e+00 0.000000000000000000e+00 2.381211379060704229e-14
2.750000000000000000e+03 0.000000000000000000e+00 0.000000000000000000e+00 2.380304567905025969e-14
2.751000000000000000e+03 0.000000000000000000e+00 0.000000000000000000e+00 2.379401411585310211e-14
2.752000000000000000e+03 0.000000000000000000e+00 0.000000000000000000e+00 2.378501960912842956e-14
2.753000000000000000e+03 0.000000000000000000e+00 0.000000000000000000e+00 2.377606276885016378e-14
2.754000000000000000e+03 0.000000000000000000e+00 0.000000000000000000e+00 2.376714408861567291e-14
2.755000000000000000e+03 0.000000000000000000e+00 0.000000000000000000e+00 2.375826416738395705e-14
2.756000000000000000e+03 0.000000000000000000e+00 0.000000000000000000e+00 2.374942349072456345e-14
2.757000000000000000e+03 0.000000000000000000e+00 0.000000000000000000e+00 2.374062265609291070e-14
2.758000000000000000e+03 0.000000000000000000e+00 0.000000000000000000e+00 2.373186214412070274e-14
2.759000000000000000e+03 0.000000000000000000e+00 0.000000000000000000e+00 2.372314253316871808e-14
2.760000000000000000e+03 0.000000000000000000e+00 0.000000000000000000e+00 2.371446428156242265e-14
2.761000000000000000e+03 0.000000000000000000e+00 0.000000000000000000e+00 2.370582796032610017e-14
2.762000000000000000e+03 0.000000000000000000e+00 0.000000000000000000e+00 2.369723403778522762e-14
2.763000000000000000e+03 0.000000000000000000e+00 0.000000000000000000e+00 2.368868306147476130e-14
2.764000000000000000e+03 0.000000000000000000e+00 0.000000000000000000e+00 2.368017548299787317e-14
2.765000000000000000e+03 0.000000000000000000e+00 0.000000000000000000e+00 2.367171183954593748e-14
2.766000000000000000e+03 0.000000000000000000e+00 0.000000000000000000e+00 2.366329257611513843e-14
2.767000000000000000e+03 0.000000000000000000e+00 0.000000000000000000e+00 2.365491820367115053e-14
2.768000000000000000e+03 0.000000000000000000e+00 0.000000000000000000e+00 2.364658916449541310e-14
2.769000000000000000e+03 0.000000000000000000e+00 0.000000000000000000e+00 2.363830593658477469e-14
2.770000000000000000e+03 0.000000000000000000e+00 0.000000000000000000e+00 2.363006896084856151e-14
2.771000000000000000e+03 0.000000000000000000e+00 0.000000000000000000e+00 2.362187871666110580e-14
2.772000000000000000e+03 0.000000000000000000e+00 0.000000000000000000e+00 2.361373560658697851e-14
2.773000000000000000e+03 0.000000000000000000e+00 0.000000000000000000e+00 2.360564008699066674e-14
2.774000000000000000e+03 0.000000000000000000e+00 0.000000000000000000e+00 2.359759256295799456e-14
2.775000000000000000e+03 0.000000000000000000e+00 0.000000000000000000e+00 2.358959347899238576e-14
2.776000000000000000e+03 0.000000000000000000e+00 0.000000000000000000e+00 2.358164321909546659e-14
2.777000000000000000e+03 0.000000000000000000e+00 0.000000000000000000e+00 2.357374219997197881e-14
2.778000000000000000e+03 0.000000000000000000e+00 0.000000000000000000e+00 2.356589079581130230e-14
2.779000000000000000e+03 0.000000000000000000e+00 0.000000000000000000e+00 2.355808938875443388e-14
2.780000000000000000e+03 0.000000000000000000e+00 0.000000000000000000e+00 2.355033834673845646e-14
2.781000000000000000e+03 0.000000000000000000e+00 0.000000000000000000e+00 2.354263801240840798e-14
2.782000000000000000e+03 0.000000000000000000e+00 0.000000000000000000e+00 2.353498875020707725e-14
2.783000000000000000e+03 0.000000000000000000e+00 0.000000000000000000e+00 2.352739087829998713e-14
2.784000000000000000e+03 0.000000000000000000e+00 0.000000000000000000e+00 2.351984472095107904e-14
2.785000000000000000e+03 0.000000000000000000e+00 0.000000000000000000e+00 2.351235059747091059e-14
2.786000000000000000e+03 0.000000000000000000e+00 0.000000000000000000e+00 2.350490881320588239e-14
2.787000000000000000e+03 0.000000000000000000e+00 0.000000000000000000e+00 2.349751964423472774e-14
2.788000000000000000e+03 0.000000000000000000e+00 0.000000000000000000e+00 2.349018338306958834e-14
2.789000000000000000e+03 0.000000000000000000e+00 0.000000000000000000e+00 2.348290030189183338e-14
2.790000000000000000e+03 0.000000000000000000e+00 0.000000000000000000e+00 2.347567064618303319e-14
2.791000000000000000e+03 0.000000000000000000e+00 0.000000000000000000e+00 2.346849468031748772e-14
2.792000000000000000e+03 0.000000000000000000e+00 0.000000000000000000e+00 2.346137262446161187e-14
2.793000000000000000e+03 0.000000000000000000e+00 0.000000000000000000e+00 2.345430469834616422e-14
2.794000000000000000e+03 0.000000000000000000e+00 0.000000000000000000e+00 2.344729110373956892e-14
2.795000000000000000e+03 0.000000000000000000e+00 0.000000000000000000e+00 2.344033205619778435e-14
2.796000000000000000e+03 0.000000000000000000e+00 0.000000000000000000e+00 2.343342772412414495e-14
2.797000000000000000e+03 0.000000000000000000e+00 0.000000000000000000e+00 2.342657829608210185e-14
2.798000000000000000e+03 0.000000000000000000e+00 0.000000000000000000e+00 2.341978390109901951e-14
2.799000000000000000e+03 0.000000000000000000e+00 0.000000000000000000e+00 2.341304471197323838e-14
2.800000000000000000e+03 0.000000000000000000e+00 0.000000000000000000e+00 2.340636083298786612e-14
2.801000000000000000e+03 0.000000000000000000e+00 0.000000000000000000e+00 2.339973240558155148e-14
2.802000000000000000e+03 0.000000000000000000e+00 0.000000000000000000e+00 2.339315951541473432e-14
2.803000000000000000e+03 0.000000000000000000e+00 0.000000000000000000e+00 2.338664226596982846e-14
2.804000000000000000e+03 0.000000000000000000e+00 0.000000000000000000e+00 2.338018070902253929e-14
2.805000000000000000e+03 0.000000000000000000e+00 0.000000000000000000e+00 2.337377494307013410e-14
2.806000000000000000e+03 0.000000000000000000e+00 0.000000000000000000e+00 2.336742499805649804e-14
2.807000000000000000e+03 0.000000000000000000e+00 0.000000000000000000e+00 2.336113092626320145e-14
2.808000000000000000e+03 0.000000000000000000e+00 0.000000000000000000e+00 2.335489272159267452e-14
2.809000000000000000e+03 0.000000000000000000e+00 0.000000000000000000e+00 2.334871042838188835e-14
2.810000000000000000e+03 0.000000000000000000e+00 0.000000000000000000e+00 2.334258401740662295e-14
2.811000000000000000e+03 0.000000000000000000e+00 0.000000000000000000e+00 2.333651348499030056e-14
2.812000000000000000e+03 0.000000000000000000e+00 0.000000000000000000e+00 2.333049880184060357e-14
2.813000000000000000e+03 0.000000000000000000e+00 0.000000000000000000e+00 2.332453991753949094e-14
2.814000000000000000e+03 0.000000000000000000e+00 0.000000000000000000e+00 2.331863675951564689e-14
2.815000000000000000e+03 0.000000000000000000e+00 0.000000000000000000e+00 2.331278926505985487e-14
2.816000000000000000e+03 0.000000000000000000e+00 0.000000000000000000e+00 2.330699733713099962e-14
2.817000000000000000e+03 0.000000000000000000e+00 0.000000000000000000e+00 2.330126087918358511e-14
2.818000000000000000e+03 0.000000000000000000e+00 0.000000000000000000e+00 2.329557975632327376e-14
2.819000000000000000e+03 0.000000000000000000e+00 0.000000000000000000e+00 2.328995384907472435e-14
2.820000000000000000e+03 0.000000000000000000e+00 0.000000000000000000e+00 2.328438299795210384e-14
2.821000000000000000e+03 0.000000000000000000e+00 0.000000000000000000e+00 2.327886706467156021e-14
2.822000000000000000e+03 0.000000000000000000e+00 0.000000000000000000e+00 2.327340585131638049e-14
2.823000000000000000e+03 0.000000000000000000e+00 0.000000000000000000e+00 2.326799918477377794e-14
2.824000000000000000e+03 0.000000000000000000e+00 0.000000000000000000e+00 2.326264685973084068e-14
2.825000000000000000e+03 0.000000000000000000e+00 0.000000000000000000e+00 2.325734866181488908e-14
2.826000000000000000e+03 0.000000000000000000e+00 0.000000000000000000e+00 2.325210435528000392e-14
2.827000000000000000e+03 0.000000000000000000e+00 0.000000000000000000e+00 2.324691371569512829e-14
2.828000000000000000e+03 0.000000000000000000e+00 0.000000000000000000e+00 2.324177646854807726e-14
2.829000000000000000e+03 0.000000000000000000e+00 0.000000000000000000e+00 2.323669235738463549e-14
2.830000000000000000e+03 0.000000000000000000e+00 0.000000000000000000e+00 2.323166108147509092e-14
2.831000000000000000e+03 0.000000000000000000e+00 0.000000000000000000e+00 2.322668236218519219e-14
2.832000000000000000e+03 0.000000000000000000e+00 0.000000000000000000e+00 2.322175587778403020e-14
2.833000000000000000e+03 0.000000000000000000e+00 0.000000000000000000e+00 2.321688131226600853e-14
2.834000000000000000e+03 0.000000000000000000e+00 0.000000000000000000e+00 2.321205832550584350e-14
2.835000000000000000e+03 0.000000000000000000e+00 0.000000000000000000e+00 2.320728657650758251e-14
2.836000000000000000e+03 0.000000000000000000e+00 0.000000000000000000e+00 2.320256569024803863e-14
2.837000000000000000e+03 0.000000000000000000e+00 0.000000000000000000e+00 2.319789528666470575e-14
2.838000000000000000e+03 0.000000000000000000e+00 0.000000000000000000e+00 2.319327496696105752e-14
2.839000000000000000e+03 0.000000000000000000e+00 0.000000000000000000e+00 2.318870434186513215e-14
2.840000000000000000e+03 0.000000000000000000e+00 0.000000000000000000e+00 2.318418297471268486e-14
2.841000000000000000e+03 0.000000000000000000e+00 0.000000000000000000e+00 2.317971046175860174e-14
2.842000000000000000e+03 0.000000000000000000e+00 0.000000000000000000e+00 2.317528633990901773e-14
2.843000000000000000e+03 0.000000000000000000e+00 0.000000000000000000e+00 2.317091017368772518e-14
2.844000000000000000e+03 0.000000000000000000e+00 0.000000000000000000e+00 2.316658147735591887e-14
2.845000000000000000e+03 0.000000000000000000e+00 0.000000000000000000e+00 2.316229979362049620e-14
2.846000000000000000e+03 0.000000000000000000e+00 0.000000000000000000e+00 2.315806461687723476e-14
2.847000000000000000e+03 0.000000000000000000e+00 0.000000000000000000e+00 2.315387545314298503e-14
2.848000000000000000e+03 0.000000000000000000e+00 0.000000000000000000e+00 2.314973177861566789e-14
2.849000000000000000e+03 0.000000000000000000e+00 0.000000000000000000e+00 2.314563305540725971e-14
2.850000000000000000e+03 0.000000000000000000e+00 0.000000000000000000e+00 2.314157874358851511e-14
2.851000000000000000e+03 0.000000000000000000e+00 0.000000000000000000e+00 2.313756829211561501e-14
2.852000000000000000e+03 0.000000000000000000e+00 0.000000000000000000e+00 2.313360112809457122e-14
2.853000000000000000e+03 0.000000000000000000e+00 0.000000000000000000e+00 2.312967668273544124e-14
2.854000000000000000e+03 0.000000000000000000e+00 0.000000000000000000e+00 2.312579435958044417e-14
2.855000000000000000e+03 0.000000000000000000e+00 0.000000000000000000e+00 2.312195355488550424e-14
2.856000000000000000e+03 0.000000000000000000e+00 0.000000000000000000e+00 2.311815365213129046e-14
2.857000000000000000e+03 0.000000000000000000e+00 0.000000000000000000e+00 2.311439404022084609e-14
2.858000000000000000e+03 0.000000000000000000e+00 0.000000000000000000e+00 2.311067408423836717e-14
2.859000000000000000e+03 0.000000000000000000e+00 0.000000000000000000e+00 2.310699314187641672e-14
2.860000000000000000e+03 0.000000000000000000e+00 0.000000000000000000e+00 2.310335056112232829e-14
2.861000000000000000e+03 0.000000000000000000e+00 0.000000000000000000e+00 2.309974567706416174e-14
2.862000000000000000e+03 0.000000000000000000e+00 0.000000000000000000e+00 2.309617783910305660e-14
2.863000000000000000e+03 0.000000000000000000e+00 0.000000000000000000e+00 2.309264634439128822e-14
2.864000000000000000e+03 0.000000000000000000e+00 0.000000000000000000e+00 2.308915051797690073e-14
2.865000000000000000e+03 0.000000000000000000e+00 0.000000000000000000e+00 2.308568966479089653e-14
2.866000000000000000e+03 0.000000000000000000e+00 0.000000000000000000e+00 2.308226307518735282e-14
2.867000000000000000e+03 0.000000000000000000e+00 0.000000000000000000e+00 2.307887004745798511e-14
2.868000000000000000e+03 0.000000000000000000e+00 0.000000000000000000e+00 2.307550986536553384e-14
2.869000000000000000e+03 0.000000000000000000e+00 0.000000000000000000e+00 2.307218180004111051e-14
2.870000000000000000e+03 0.000000000000000000e+00 0.000000000000000000e+00 2.306888512307178504e-14
2.871000000000000000e+03 0.000000000000000000e+00 0.000000000000000000e+00 2.306561910436675497e-14
2.872000000000000000e+03 0.000000000000000000e+00 0.000000000000000000e+00 2.306238298493575606e-14
2.873000000000000000e+03 0.000000000000000000e+00 0.000000000000000000e+00 2.305917604353329068e-14
2.874000000000000000e+03 0.000000000000000000e+00 0.000000000000000000e+00 2.305599749945891359e-14
2.875000000000000000e+03 0.000000000000000000e+00 0.000000000000000000e+00 2.305284661291096665e-14
2.876000000000000000e+03 0.000000000000000000e+00 0.000000000000000000e+00 2.304972261900683958e-14
2.877000000000000000e+03 0.000000000000000000e+00 0.000000000000000000e+00 2.304662474746938204e-14
2.878000000000000000e+03 0.000000000000000000e+00 0.000000000000000000e+00 2.304355219732068748e-14
2.879000000000000000e+03 0.000000000000000000e+00 0.000000000000000000e+00 2.304050421307910832e-14
2.880000000000000000e+03 0.000000000000000000e+00 0.000000000000000000e+00 2.303747998942388836e-14
2.881000000000000000e+03 0.000000000000000000e+00 0.000000000000000000e+00 2.303447875216878113e-14
2.882000000000000000e+03 0.000000000000000000e+00 0.000000000000000000e+00 2.303149970346979413e-14
2.883000000000000000e+03 0.000000000000000000e+00 0.000000000000000000e+00 2.302854205601477065e-14
2.884000000000000000e+03 0.000000000000000000e+00 0.000000000000000000e+00 2.302560499175591125e-14
2.885000000000000000e+03 0.000000000000000000e+00 0.000000000000000000e+00 2.302268772897178904e-14
2.886000000000000000e+03 0.000000000000000000e+00 0.000000000000000000e+00 2.301978945261857741e-14
2.887000000000000000e+03 0.000000000000000000e+00 0.000000000000000000e+00 2.301690937786305197e-14
2.888000000000000000e+03 0.000000000000000000e+00 0.000000000000000000e+00 2.301404668481429970e-14
2.889000000000000000e+03 0.000000000000000000e+00 0.000000000000000000e+00 2.301120058308742761e-14
2.890000000000000000e+03 0.000000000000000000e+00 0.000000000000000000e+00 2.300837026395411593e-14
2.891000000000000000e+03 0.000000000000000000e+00 0.000000000000000000e+00 2.300555492959516129e-14
2.892000000000000000e+03 0.000000000000000000e+00 0.000000000000000000e+00 2.300275377231210814e-14
2.893000000000000000e+03 0.000000000000000000e+00 0.000000000000000000e+00 2.299996598662968134e-14
2.894000000000000000e+03 0.000000000000000000e+00 0.000000000000000000e+00 2.299719078018318369e-14
2.895000000000000000e+03 0.000000000000000000e+00 0.000000000000000000e+00 2.299442733912746904e-14
2.896000000000000000e+03 0.000000000000000000e+00 0.000000000000000000e+00 2.299167487567329342e-14
2.897000000000000000e+03 0.000000000000000000e+00 0.000000000000000000e+00 2.298893258436609715e-14
2.898000000000000000e+03 0.000000000000000000e+00 0.000000000000000000e+00 2.298619966118651733e-14
2.899000000000000000e+03 0.000000000000000000e+00 0.000000000000000000e+00 2.298347533436943207e-14
2.900000000000000000e+03 0.000000000000000000e+00 0.000000000000000000e+00 2.298075879089615007e-14
2.901000000000000000e+03 0.000000000000000000e+00 0.000000000000000000e+00 2.297804927269766730e-14
2.902000000000000000e+03 0.000000000000000000e+00 0.000000000000000000e+00 2.297534595775705904e-14
2.903000000000000000e+03 0.000000000000000000e+00 0.000000000000000000e+00 2.297264811269201014e-14
2.904000000000000000e+03 0.000000000000000000e+00 0.000000000000000000e+00 2.296995492439923819e-14
2.905000000000000000e+03 0.000000000000000000e+00 0.000000000000000000e+00 2.296726565490815427e-14
2.906000000000000000e+03 0.000000000000000000e+00 0.000000000000000000e+00 2.296457952485234004e-14
2.907000000000000000e+03 0.000000000000000000e+00 0.000000000000000000e+00 2.296189579614366630e-14
2.908000000000000000e+03 0.000000000000000000e+00 0.000000000000000000e+00 2.295921370308650065e-14
2.909000000000000000e+03 0.000000000000000000e+00 0.000000000000000000e+00 2.295653252367737318e-14
2.910000000000000000e+03 0.000000000000000000e+00 0.000000000000000000e+00 2.295385149996958484e-14
2.911000000000000000e+03 0.000000000000000000e+00 0.000000000000000000e+00 2.295116991634184706e-14
2.912000000000000000e+03 0.000000000000000000e+00 0.000000000000000000e+00 2.294848703629752279e-14
2.913000000000000000e+03 0.000000000000000000e+00 0.000000000000000000e+00 2.294580216404793032e-14
2.914000000000000000e+03 0.000000000000000000e+00 0.000000000000000000e+00 2.294311457367873347e-14
2.915000000000000000e+03 0.000000000000000000e+00 0.000000000000000000e+00 2.294042357939040368e-14
2.916000000000000000e+03 0.000000000000000000e+00 0.000000000000000000e+00 2.293772847843730753e-14
2.917000000000000000e+03 0.000000000000000000e+00 0.000000000000000000e+00 2.293502860774182109e-14
2.918000000000000000e+03 0.000000000000000000e+00 0.000000000000000000e+00 2.293232327711854795e-14
2.919000000000000000e+03 0.000000000000000000e+00 0.000000000000000000e+00 2.292961185245689341e-14
2.920000000000000000e+03 0.000000000000000000e+00 0.000000000000000000e+00 2.292689366886823607e-14
2.921000000000000000e+03 0.000000000000000000e+00 0.000000000000000000e+00 2.292416810824021922e-14
2.922000000000000000e+03 0.000000000000000000e+00 0.000000000000000000e+00 2.292143452014029001e-14
2.923000000000000000e+03 0.000000000000000000e+00 0.000000000000000000e+00 2.291869233161021228e-14
2.924000000000000000e+03 0.000000000000000000e+00 0.000000000000000000e+00 2.291594090193628159e-14
2.925000000000000000e+03 0.000000000000000000e+00 0.000000000000000000e+00 2.291317968361284625e-14
2.926000000000000000e+03 0.000000000000000000e+00 0.000000000000000000e+00 2.291040805946922542e-14
2.927000000000000000e+03 0.000000000000000000e+00 0.000000000000000000e+00 2.290762551732946471e-14
2.928000000000000000e+03 0.000000000000000000e+00 0.000000000000000000e+00 2.290483147032431494e-14
2.929000000000000000e+03 0.000000000000000000e+00 0.000000000000000000e+00 2.290202542907299570e-14
2.930000000000000000e+03 0.000000000000000000e+00 0.000000000000000000e+00 2.289920682428340722e-14
2.931000000000000000e+03 0.000000000000000000e+00 0.000000000000000000e+00 2.289637520109753428e-14
2.932000000000000000e+03 0.000000000000000000e+00 0.000000000000000000e+00 2.289353001965140501e-14
2.933000000000000000e+03 0.000000000000000000e+00 0.000000000000000000e+00 2.289067086423200517e-14
2.934000000000000000e+03 0.000000000000000000e+00 0.000000000000000000e+00 2.288779721306510149e-14
2.935000000000000000e+03 0.000000000000000000e+00 0.000000000000000000e+00 2.288490869320851265e-14
2.936000000000000000e+03 0.000000000000000000e+00 0.000000000000000000e+00 2.288200481332642428e-14
2.937000000000000000e+03 0.000000000000000000e+00 0.000000000000000000e+00 2.287908522911901124e-14
2.938000000000000000e+03 0.000000000000000000e+00 0.000000000000000000e+00 2.287614948495637370e-14
2.939000000000000000e+03 0.000000000000000000e+00 0.000000000000000000e+00 2.287319726009241023e-14
2.940000000000000000e+03 0.000000000000000000e+00 0.000000000000000000e+00 2.287022813800497197e-14
2.941000000000000000e+03 0.000000000000000000e+00 0.000000000000000000e+00 2.286724183418387613e-14
2.942000000000000000e+03 0.000000000000000000e+00 0.000000000000000000e+00 2.286423797486265746e-14
2.943000000000000000e+03 0.000000000000000000e+00 0.000000000000000000e+00 2.286121631689452778e-14
2.944000000000000000e+03 0.000000000000000000e+00 0.000000000000000000e+00 2.285817651544153890e-14
2.945000000000000000e+03 0.000000000000000000e+00 0.000000000000000000e+00 2.285511835571642061e-14
2.946000000000000000e+03 0.000000000000000000e+00 0.000000000000000000e+00 2.285204153283893230e-14
2.947000000000000000e+03 0.000000000000000000e+00 0.000000000000000000e+00 2.284894587180317255e-14
2.948000000000000000e+03 0.000000000000000000e+00 0.000000000000000000e+00 2.284583109520289711e-14
2.949000000000000000e+03 0.000000000000000000e+00 0.000000000000000000e+00 2.284269707272556722e-14
2.950000000000000000e+03 0.000000000000000000e+00 0.000000000000000000e+00 2.283954358243313468e-14
2.951000000000000000e+03 0.000000000000000000e+00 0.000000000000000000e+00 2.283637052417810777e-14
2.952000000000000000e+03 0.000000000000000000e+00 0.000000000000000000e+00 2.283317771039596362e-14
2.953000000000000000e+03 0.000000000000000000e+00 0.000000000000000000e+00 2.282996508225762740e-14
2.954000000000000000e+03 0.000000000000000000e+00 0.000000000000000000e+00 2.282673249602812676e-14
2.955000000000000000e+03 0.000000000000000000e+00 0.000000000000000000e+00 2.282347993814224111e-14
2.956000000000000000e+03 0.000000000000000000e+00 0.000000000000000000e+00 2.282020731155332687e-14
2.957000000000000000e+03 0.000000000000000000e+00 0.000000000000000000e+00 2.281691463578828522e-14
2.958000000000000000e+03 0.000000000000000000e+00 0.000000000000000000e+00 2.281360184821879255e-14
2.959000000000000000e+03 0.000000000000000000e+00 0.000000000000000000e+00 2.281026902884549256e-14
2.960000000000000000e+03 0.000000000000000000e+00 0.000000000000000000e+00 2.280691614476307839e-14
2.961000000000000000e+03 0.000000000000000000e+00 0.000000000000000000e+00 2.280354330009870303e-14
2.962000000000000000e+03 0.000000000000000000e+00 0.000000000000000000e+00 2.280015052064274122e-14
2.963000000000000000e+03 0.000000000000000000e+00 0.000000000000000000e+00 2.279673793621242174e-14
2.964000000000000000e+03 0.000000000000000000e+00 0.000000000000000000e+00 2.279330561117773738e-14
2.965000000000000000e+03 0.000000000000000000e+00 0.000000000000000000e+00 2.278985374721746932e-14
2.966000000000000000e+03 0.000000000000000000e+00 0.000000000000000000e+00 2.278638244005429380e-14
2.967000000000000000e+03 0.000000000000000000e+00 0.000000000000000000e+00 2.278289191945947110e-14
2.968000000000000000e+03 0.000000000000000000e+00 0.000000000000000000e+00 2.277938235688476556e-14
2.969000000000000000e+03 0.000000000000000000e+00 0.000000000000000000e+00 2.277585402596488375e-14
2.970000000000000000e+03 0.000000000000000000e+00 0.000000000000000000e+00 2.277230716191605949e-14
2.971000000000000000e+03 0.000000000000000000e+00 0.000000000000000000e+00 2.276874207156421464e-14
2.972000000000000000e+03 0.000000000000000000e+00 0.000000000000000000e+00 2.276515903769400604e-14
2.973000000000000000e+03 0.000000000000000000e+00 0.000000000000000000e+00 2.276155839586932799e-14
2.974000000000000000e+03 0.000000000000000000e+00 0.000000000000000000e+00 2.275794048520036741e-14
2.975000000000000000e+03 0.000000000000000000e+00 0.000000000000000000e+00 2.275430568320444958e-14
2.976000000000000000e+03 0.000000000000000000e+00 0.000000000000000000e+00 2.275065434014621046e-14
2.977000000000000000e+03 0.000000000000000000e+00 0.000000000000000000e+00 2.274698689682419808e-14
2.978000000000000000e+03 0.000000000000000000e+00 0.000000000000000000e+00 2.274330372509162809e-14
2.979000000000000000e+03 0.000000000000000000e+00 0.000000000000000000e+00 2.273960532389826462e-14
2.980000000000000000e+03 0.000000000000000000e+00 0.000000000000000000e+00 2.273589210177534484e-14
2.981000000000000000e+03 0.000000000000000000e+00 0.000000000000000000e+00 2.273216460006406787e-14
2.982000000000000000e+03 0.000000000000000000e+00 0.000000000000000000e+00 2.272842328680992819e-14
2.983000000000000000e+03 0.000000000000000000e+00 0.000000000000000000e+00 2.272466875486101490e-14
2.984000000000000000e+03 0.000000000000000000e+00 0.000000000000000000e+00 2.272090152779032191e-14
2.985000000000000000e+03 0.000000000000000000e+00 0.000000000000000000e+00 2.271712222278247081e-14
2.986000000000000000e+03 0.000000000000000000e+00 0.000000000000000000e+00 2.271333142100954472e-14
2.987000000000000000e+03 0.000000000000000000e+00 0.000000000000000000e+00 2.270952979985326367e-14
2.988000000000000000e+03 0.000000000000000000e+00 0.000000000000000000e+00 2.270571795331798177e-14
2.989000000000000000e+03 0.000000000000000000e+00 0.000000000000000000e+00 2.270189661729781355e-14
2.990000000000000000e+03 0.000000000000000000e+00 0.000000000000000000e+00 2.269806642506481982e-14
2.991000000000000000e+03 0.000000000000000000e+00 0.000000000000000000e+00 2.269422812562574096e-14
2.992000000000000000e+03 0.000000000000000000e+00 0.000000000000000000e+00 2.269038241445297592e-14
2.993000000000000000e+03 0.000000000000000000e+00 0.000000000000000000e+00 2.268653006293211933e-14
2.994000000000000000e+03 0.000000000000000000e+00 0.000000000000000000e+00 2.268267180913464908e-14
2.995000000000000000e+03 0.000000000000000000e+00 0.000000000000000000e+00 2.267880847755681661e-14
2.996000000000000000e+03 0.000000000000000000e+00 0.000000000000000000e+00 2.267494082620540378e-14
2.997000000000000000e+03 0.000000000000000000e+00 0.000000000000000000e+00 2.267106973130696370e-14
2.998000000000000000e+03 0.000000000000000000e+00 0.000000000000000000e+00 2.266719597447969924e-14
2.999000000000000000e+03 0.000000000000000000e+00 0.000000000000000000e+00 2.266332047079838240e-14
3.000000000000000000e+03 0.000000000000000000e+00 0.000000000000000000e+00 2.265944404110160690e-14
