# Fiducial parameters: cosmomc_theta = 0.0104092, logA = 3.044, ombh2 = 0.02237, omch2 = 0.12, ns = 0.9649, tau = 0.0544, h = 0.6733981423479604, lens_potential_accuracy = 8, lens_margin = 2050, AccuracyBoost = 2.0, lSampleBoost = 2.0, lAccuracyBoost = 2.0, kmax = 10, k_per_logint = 130, nonlinear = True, DoLateRadTruncation = False
30 7.134366 0.00041665701 0.01273455
31 6.7913382 0.00042395285 0.012094581
32 6.479993 0.00043147435 0.011450781
33 6.1936279 0.00043901068 0.010817983
34 5.929408 0.00044667441 0.010222043
35 5.6878946 0.00045428739 0.0096123291
36 5.4623775 0.00046182214 0.0090355129
37 5.2536966 0.00046934139 0.0084575073
38 5.0606103 0.00047681356 0.0078851799
39 4.881179 0.00048424898 0.0073190372
40 4.7138036 0.00049166621 0.0067542965
41 4.5570658 0.00049911517 0.0061888807
42 4.4100498 0.00050659147 0.0056278625
43 4.2719743 0.00051407834 0.0050755581
44 4.1422448 0.00052156259 0.0045305088
45 4.0203667 0.0005290283 0.0039905748
46 3.9056048 0.00053644747 0.0034553448
47 3.7973497 0.00054381368 0.0029254281
48 3.6950257 0.00055111145 0.0024012754
49 3.5981596 0.00055832512 0.0018836214
50 3.5064857 0.00056546968 0.0013732681
51 3.4197687 0.00057255644 0.00087122197
52 3.3375169 0.00057958388 0.00037907983
53 3.2592593 0.00058654095 -0.00010213284
54 3.1846806 0.00059342223 -0.0005733875
55 3.113521 0.00060022611 -0.0010363259
56 3.0457787 0.00060693694 -0.0014934499
57 2.9814197 0.00061354394 -0.0019463499
58 2.9201521 0.00062004402 -0.0023949038
59 2.8616219 0.00062643497 -0.0028385818
60 2.8056301 0.00063270238 -0.0032762401
61 2.7520428 0.00063883477 -0.0037068859
62 2.7007204 0.00064483143 -0.0041300355
63 2.6515646 0.00065069402 -0.0045456791
64 2.6044484 0.00065642441 -0.0049536718
65 2.5592947 0.00066202668 -0.0053539691
66 2.5160438 0.00066749559 -0.0057468838
67 2.4745597 0.00067282545 -0.006131561
68 2.4346941 0.00067800839 -0.0065075633
69 2.3962971 0.00068303931 -0.0068742055
70 2.359257 0.00068791505 -0.0072313286
71 2.32348 0.000692639 -0.0075792088
72 2.2890348 0.000697213 -0.0079193874
73 2.2559895 0.00070163958 -0.0082532508
74 2.2242813 0.00070591494 -0.0085809144
75 2.1938444 0.00071003514 -0.0089023352
76 2.1645656 0.00071399448 -0.0092169923
77 2.1362523 0.00071778848 -0.0095236798
78 2.1088469 0.00072141239 -0.0098222017
79 2.0823498 0.00072486321 -0.010112671
80 2.0567364 0.00072813783 -0.010395562
81 2.0319893 0.00073123483 -0.010670748
82 2.0080783 0.00073415431 -0.01093821
83 1.9849433 0.00073689536 -0.011197918
84 1.9625513 0.00073945792 -0.011449815
85 1.940861 0.00074184196 -0.011693914
86 1.9198378 0.00074404923 -0.01193009
87 1.8994303 0.00074608042 -0.012158068
88 1.8795939 0.00074793578 -0.012378077
89 1.8603186 0.00074961554 -0.012589859
90 1.8415808 0.00075111944 -0.01279385
91 1.8233658 0.00075244654 -0.012989542
92 1.8056573 0.00075359753 -0.013177674
93 1.7884424 0.00075457189 -0.013357986
94 1.7717007 0.00075537162 -0.013530524
95 1.7554203 0.00075599581 -0.013695711
96 1.7395813 0.00075644633 -0.01385314
97 1.7241663 0.00075672252 -0.014003222
98 1.7091649 0.00075682619 -0.014146104
99 1.6945469 0.00075675764 -0.014281399
100 1.6803084 0.00075652057 -0.014409518
101 1.6664309 0.00075611538 -0.014530355
102 1.6529025 0.00075553939 -0.014644093
103 1.6397001 0.00075480249 -0.01475071
104 1.6268158 0.00075389713 -0.014850067
105 1.6142318 0.00075282969 -0.014942622
106 1.6019358 0.00075160095 -0.015027793
107 1.5899132 0.0007502175 -0.015106273
108 1.5781491 0.00074867624 -0.015177593
109 1.5666386 0.00074698219 -0.015242315
110 1.5553666 0.00074513439 -0.015300003
111 1.5443219 0.0007431368 -0.015351059
112 1.5334981 0.00074099517 -0.015395241
113 1.5228833 0.00073870752 -0.015432767
114 1.5124695 0.0007362752 -0.015463594
115 1.5022447 0.00073370577 -0.015488112
116 1.4922065 0.00073100193 -0.015505866
117 1.4823446 0.00072816047 -0.015517264
118 1.4726464 0.00072518977 -0.015522397
119 1.4631103 0.00072209093 -0.015521013
120 1.4537257 0.0007188684 -0.015513572
121 1.4444889 0.00071552348 -0.015499826
122 1.4353865 0.00071205952 -0.015480187
123 1.426418 0.00070848127 -0.015454394
124 1.4175751 0.00070478939 -0.015422634
125 1.4088507 0.00070099058 -0.015385132
126 1.4002416 0.00069708568 -0.015341773
127 1.3917399 0.00069308016 -0.015292597
128 1.3833394 0.0006889757 -0.015237895
129 1.3750402 0.00068477756 -0.015177676
130 1.3668333 0.00068048645 -0.015111952
131 1.3587107 0.00067610767 -0.015040763
132 1.3506771 0.0006716468 -0.014964446
133 1.3427243 0.00066710465 -0.014882669
134 1.3348469 0.00066249058 -0.014796027
135 1.3270443 0.00065780229 -0.014704342
136 1.3193127 0.0006530468 -0.014607385
137 1.311648 0.00064822673 -0.014505851
138 1.3040477 0.00064334869 -0.014399569
139 1.2965071 0.00063841453 -0.014288652
140 1.2890273 0.00063342771 -0.014173216
141 1.2816029 0.00062839721 -0.014053199
142 1.2742299 0.00062332225 -0.013929008
143 1.2669099 0.00061820758 -0.01380035
144 1.2596363 0.00061305912 -0.0136677
145 1.2524079 0.00060787807 -0.013530879
146 1.245218 0.00060267065 -0.013390148
147 1.2380644 0.00059744264 -0.013245375
148 1.230945 0.00059219575 -0.013096824
149 1.2238544 0.0005869348 -0.012944627
150 1.2167908 0.00058166357 -0.01278861
151 1.2097488 0.0005763859 -0.012629115
152 1.2027303 0.00057110599 -0.012466153
153 1.1957334 0.00056582853 -0.012299813
154 1.1887576 0.0005605596 -0.012130206
155 1.1818032 0.00055529961 -0.01195739
156 1.1748711 0.00055005545 -0.011781524
157 1.167958 0.00054482799 -0.0116028
158 1.1610665 0.00053962517 -0.011421203
159 1.1541923 0.0005344475 -0.011236754
160 1.1473356 0.0005293007 -0.011049603
161 1.1404912 0.00052418841 -0.010859919
162 1.1336593 0.00051911411 -0.01066774
163 1.1268378 0.00051408466 -0.010473075
164 1.1200231 0.00050909963 -0.010276111
165 1.1132172 0.00050416351 -0.010077004
166 1.1064168 0.0004992808 -0.0098758397
167 1.0996215 0.0004944557 -0.0096724556
168 1.0928306 0.00048969229 -0.0094671466
169 1.086045 0.00048499408 -0.0092601135
170 1.0792629 0.00048036326 -0.0090511456
171 1.0724819 0.00047580473 -0.0088407244
172 1.0657057 0.00047132148 -0.0086285745
173 1.058931 0.00046691681 -0.0084150099
174 1.0521568 0.00046259341 -0.0082000337
175 1.0453854 0.0004583569 -0.0079838965
176 1.0386128 0.00045420832 -0.0077664156
177 1.031841 0.0004501529 -0.0075477762
178 1.0250678 0.00044619286 -0.0073282019
179 1.0182937 0.00044233006 -0.0071077063
180 1.0115193 0.00043856928 -0.0068862631
181 1.0047435 0.00043491364 -0.0066641483
182 0.99796803 0.00043136586 -0.0064412968
183 0.99119025 0.00042792734 -0.0062179545
184 0.98441252 0.00042460229 -0.0059941125
185 0.97763221 0.00042139415 -0.0057698149
186 0.97085047 0.00041830386 -0.0055451891
187 0.96406865 0.00041533379 -0.005320325
188 0.95728483 0.00041248759 -0.0050952981
189 0.95049997 0.00040976759 -0.0048701684
190 0.94371343 0.00040717598 -0.0046451072
191 0.93692599 0.00040471457 -0.004420074
192 0.93013569 0.00040238597 -0.0041952477
193 0.92334325 0.00040019173 -0.0039705932
194 0.91655152 0.00039813421 -0.0037463458
195 0.909758 0.00039621542 -0.0035224385
196 0.90296527 0.00039443715 -0.0032990172
197 0.89617199 0.00039280145 -0.0030762145
198 0.88938177 0.00039130975 -0.0028540254
199 0.88259131 0.00038996392 -0.0026325352
200 0.87580325 0.00038876508 -0.0024118007
201 0.86901706 0.00038771514 -0.0021919426
202 0.86223272 0.00038681507 -0.0019730142
203 0.8554473 0.00038606643 -0.0017550778
204 0.84866305 0.00038547018 -0.0015381928
205 0.8418762 0.00038502758 -0.0013224227
206 0.83508947 0.00038473948 -0.0011078396
207 0.82830068 0.00038460702 -0.00089448462
208 0.82151197 0.00038463091 -0.00068244779
209 0.81472558 0.00038481189 -0.00047178433
210 0.80794233 0.00038515093 -0.00026257077
211 0.80116332 0.00038564869 -5.4871945e-05
212 0.79439154 0.00038630545 0.00015125016
213 0.78762721 0.00038712219 0.00035573676
214 0.78087257 0.00038809941 0.00055853099
215 0.77412787 0.0003892364 0.00075957344
216 0.76739271 0.0003905348 0.00095879846
217 0.7606665 0.00039199418 0.0011561543
218 0.75395003 0.00039361383 0.0013516156
219 0.74724368 0.00039539496 0.0015450985
220 0.74054565 0.00039733687 0.0017365797
221 0.73385924 0.00039943891 0.0019259714
222 0.72718138 0.00040170203 0.0021132766
223 0.72051505 0.00040412452 0.0022984211
224 0.71386076 0.00040670654 0.0024813743
225 0.70721845 0.00040944632 0.0026620562
226 0.70058911 0.00041234448 0.0028404692
227 0.69397328 0.00041540058 0.0030165606
228 0.68737145 0.00041861257 0.0031902231
229 0.6807851 0.00042198035 0.0033614883
230 0.67421357 0.00042550282 0.0035303387
231 0.66765789 0.00042917771 0.0036966648
232 0.66111911 0.00043300469 0.0038604635
233 0.65459747 0.00043698283 0.0040217381
234 0.64809182 0.0004411102 0.0041803823
235 0.64160606 0.00044538614 0.0043364099
236 0.63513721 0.00044980967 0.0044898125
237 0.6286883 0.00045437734 0.0046404618
238 0.62225943 0.00045908821 0.0047884121
239 0.61585016 0.0004639401 0.0049337109
240 0.60946272 0.00046893251 0.0050761073
241 0.60309523 0.00047406334 0.0052157383
242 0.5967507 0.00047933006 0.0053525932
243 0.59042865 0.00048473147 0.005486522
244 0.58412918 0.00049026484 0.005617661
245 0.57785444 0.00049592901 0.0057458709
246 0.57160401 0.00050171971 0.0058712064
247 0.56537867 0.00050763705 0.0059936758
248 0.55917963 0.00051367839 0.0061130866
249 0.55300716 0.00051984032 0.0062296176
250 0.54686124 0.00052612226 0.0063431881
251 0.54074182 0.00053251909 0.006453705
252 0.53464998 0.00053903002 0.0065613283
253 0.52858504 0.00054565179 0.0066659165
254 0.52254913 0.00055238201 0.0067674683
255 0.51654003 0.0005592172 0.006865887
256 0.51055936 0.00056615563 0.006961346
257 0.50460723 0.00057319428 0.0070536768
258 0.49868559 0.00058032943 0.0071429681
259 0.49279478 0.00058755972 0.0072292687
260 0.4869367 0.00059488162 0.0073124497
261 0.481111 0.00060229213 0.0073926222
262 0.4753192 0.00060978882 0.0074697582
263 0.46956259 0.00061736884 0.0075438321
264 0.46384019 0.00062502915 0.0076148947
265 0.45815364 0.00063276626 0.0076829886
266 0.45250157 0.00064057638 0.0077479601
267 0.44688581 0.0006484563 0.0078099291
268 0.44130574 0.0006564033 0.0078688782
269 0.43576104 0.0006644146 0.0079247344
270 0.43025211 0.00067248577 0.007977672
271 0.42478069 0.00068061441 0.0080274966
272 0.41934543 0.00068879736 0.0080744319
273 0.41394872 0.0006970297 0.0081181832
274 0.40858957 0.00070530955 0.0081592274
275 0.40326869 0.00071363309 0.0081972296
276 0.39798743 0.00072199675 0.0082322079
277 0.39274554 0.00073039782 0.0082642906
278 0.38754295 0.00073883279 0.0082934854
279 0.38238079 0.00074729714 0.008319691
280 0.37725956 0.00075578771 0.00834304
281 0.37217857 0.00076430172 0.0083636128
282 0.36713872 0.00077283472 0.0083813505
283 0.36214091 0.00078138323 0.0083962803
284 0.35718418 0.00078994509 0.0084083689
285 0.35226965 0.00079851546 0.0084176213
286 0.3473969 0.00080709218 0.0084241761
287 0.34256745 0.00081566993 0.0084280553
288 0.33778066 0.00082424605 0.0084292068
289 0.33303639 0.00083281763 0.0084276015
290 0.32833611 0.00084138091 0.0084234418
291 0.32367947 0.00084993358 0.0084166054
292 0.31906573 0.00085846607 0.0084071352
293 0.31449637 0.00086698244 0.0083952846
294 0.30997051 0.00087547788 0.0083806065
295 0.3054889 0.00088394193 0.0083635892
296 0.30105105 0.00089237927 0.008343967
297 0.29665663 0.00090077953 0.0083218743
298 0.29230712 0.00090914318 0.0082973788
299 0.28800185 0.00091746477 0.0082703829
300 0.28374091 0.00092573972 0.0082410909
301 0.27952511 0.00093397357 0.008209358
302 0.27535431 0.00094215116 0.0081753911
303 0.27122841 0.00095027783 0.0081391802
304 0.26714817 0.00095835023 0.0081007527
305 0.26311371 0.00096636245 0.0080601466
306 0.25912453 0.00097431668 0.0080173833
307 0.25518117 0.00098220248 0.0079724704
308 0.25128407 0.00099002148 0.0079254536
309 0.24743249 0.00099776904 0.0078765275
310 0.24362577 0.001005437 0.0078256043
311 0.23986587 0.0010130313 0.00777261
312 0.236151 0.0010205426 0.0077177493
313 0.23248209 0.0010279733 0.0076608796
314 0.22885906 0.0010353145 0.0076022339
315 0.22528128 0.0010425625 0.0075417385
316 0.22174922 0.0010497233 0.0074794276
317 0.21826311 0.0010567847 0.0074154466
318 0.21482286 0.0010637487 0.0073497503
319 0.21142813 0.0010706109 0.0072824119
320 0.20807824 0.0010773737 0.0072134209
321 0.20477473 0.0010840296 0.0071428945
322 0.20151595 0.001090575 0.0070707454
323 0.19830309 0.0010970091 0.006997201
324 0.19513492 0.0011033272 0.0069221842
325 0.19201195 0.0011095314 0.0068456786
326 0.18893416 0.0011156207 0.0067678958
327 0.18590112 0.0011215858 0.0066887507
328 0.18291281 0.0011274267 0.0066082642
329 0.17996889 0.001133144 0.0065265991
330 0.17706997 0.0011387315 0.0064436705
331 0.17421486 0.0011441921 0.0063596197
332 0.17140415 0.0011495223 0.0062743616
333 0.1686371 0.0011547172 0.0061881114
334 0.16591368 0.0011597773 0.0061007988
335 0.1632344 0.001164698 0.0060124628
336 0.16059829 0.001169481 0.0059232042
337 0.15800552 0.0011741244 0.0058330244
338 0.15545555 0.0011786274 0.0057419989
339 0.15294875 0.0011829866 0.0056501926
340 0.15048473 0.0011872058 0.0055575856
341 0.14806275 0.0011912747 0.0054642847
342 0.14568304 0.001195196 0.0053702128
343 0.14334485 0.0011989679 0.0052755184
344 0.14104791 0.0012025851 0.0051801771
345 0.13879185 0.0012060512 0.0050842341
346 0.13657662 0.0012093593 0.0049876665
347 0.13440154 0.001212513 0.0048905765
348 0.13226634 0.0012155035 0.0047930153
349 0.13017095 0.0012183404 0.0046950598
350 0.1281156 0.0012210198 0.0045966841
351 0.12609943 0.0012235436 0.004497911
352 0.12412303 0.0012259102 0.0043989082
353 0.12218535 0.0012281196 0.0042996499
354 0.12028647 0.0012301733 0.0042002088
355 0.1184266 0.0012320676 0.004100584
356 0.11660444 0.001233804 0.0040008683
357 0.11482008 0.0012353823 0.0039010124
358 0.11307315 0.0012368022 0.0038011316
359 0.11136352 0.0012380579 0.0037011925
360 0.10969006 0.0012391521 0.0036012975
361 0.10805297 0.001240085 0.0035013972
362 0.10645157 0.0012408543 0.0034015555
363 0.10488605 0.0012414608 0.0033018661
364 0.10335503 0.0012419062 0.0032022878
365 0.10185995 0.0012421899 0.0031028986
366 0.10039856 0.0012423111 0.0030037329
367 0.098971545 0.0012422727 0.0029048471
368 0.097578557 0.0012420705 0.0028062168
369 0.096218583 0.0012417135 0.0027079512
370 0.09489219 0.0012411921 0.0026100516
371 0.093598026 0.001240518 0.0025125344
372 0.092336463 0.0012396803 0.0024154698
373 0.091106562 0.0012386894 0.002318845
374 0.089908278 0.0012375432 0.0022227289
375 0.088740628 0.0012362413 0.002127129
376 0.087603833 0.0012347845 0.0020320993
377 0.086497464 0.0012331742 0.0019376065
378 0.08542062 0.0012314087 0.0018437354
379 0.084373383 0.0012294894 0.0017505066
380 0.083355435 0.0012274182 0.0016579316
381 0.082365998 0.0012251971 0.0015660502
382 0.081404985 0.0012228191 0.0014748622
383 0.080472112 0.0012202965 0.0013844272
384 0.079566177 0.0012176254 0.0012947514
385 0.078687427 0.0012148089 0.0012058688
386 0.077835741 0.0012118514 0.0011177999
387 0.07701024 0.0012087532 0.0010305828
388 0.076210082 0.001205519 0.0009442386
389 0.075435611 0.0012021478 0.00085878128
390 0.074686069 0.0011986434 0.00077424685
391 0.073961321 0.0011950069 0.00069063936
392 0.073260222 0.0011912372 0.00060800941
393 0.072583144 0.0011873399 0.00052634572
394 0.071929141 0.0011833142 0.00044568843
395 0.071297904 0.0011791591 0.00036604517
396 0.070689101 0.0011748834 0.00028744265
397 0.070102091 0.0011704826 0.00020989666
398 0.069536895 0.0011659616 0.00013342048
399 0.0689929 0.0011613194 5.8034938e-05
400 0.068469799 0.0011565651 -1.6244401e-05
401 0.067967288 0.0011516936 -8.9402799e-05
402 0.067484829 0.0011467094 -0.00016142487
403 0.06702212 0.0011416184 -0.00023229228
404 0.066578822 0.0011364192 -0.00030199599
405 0.066154327 0.0011311132 -0.00037051896
406 0.065748041 0.0011257087 -0.00043785029
407 0.065359974 0.0011202039 -0.00050396941
408 0.064989474 0.0011145985 -0.00056887018
409 0.064635713 0.0011089015 -0.00063253536
410 0.064299079 0.0011031128 -0.00069495735
411 0.063978154 0.0010972335 -0.00075612665
412 0.063673416 0.0010912681 -0.00081603061
413 0.063384217 0.0010852184 -0.00087467026
414 0.063110164 0.0010790877 -0.00093203651
415 0.062850432 0.0010728804 -0.000988126
416 0.062605466 0.0010665964 -0.0010429302
417 0.0623741 0.0010602405 -0.0010964246
418 0.062156626 0.001053815 -0.0011486341
419 0.061952119 0.0010473214 -0.0011995288
420 0.06176078 0.0010407608 -0.0012491215
421 0.061581988 0.0010341401 -0.0012973843
422 0.061415073 0.0010274564 -0.0013443257
423 0.061260406 0.0010207121 -0.0013899392
424 0.061117006 0.0010139127 -0.0014342297
425 0.060984572 0.0010070599 -0.0014771781
426 0.060863107 0.001000157 -0.0015187952
427 0.060751524 0.00099320992 -0.0015591068
428 0.060650287 0.00098622239 -0.0015980813
429 0.060558145 0.00097919542 -0.0016357242
430 0.060475075 0.00097213134 -0.0016720764
431 0.060400917 0.00096503904 -0.0017070827
432 0.060335039 0.00095791652 -0.0017407929
433 0.060277653 0.00095076777 -0.0017732051
434 0.060227844 0.00094359745 -0.0018042903
435 0.060185728 0.00093640334 -0.001834085
436 0.060151 0.00092919141 -0.0018625618
437 0.060123303 0.00092196277 -0.0018897589
438 0.060102409 0.00091472204 -0.0019156509
439 0.060088025 0.00090746913 -0.0019402394
440 0.060079734 0.00090020751 -0.0019635646
441 0.060077163 0.00089294193 -0.0019856045
442 0.060079737 0.00088567331 -0.0020063596
443 0.060087518 0.00087840643 -0.0020258608
444 0.06009984 0.000871143 -0.0020441109
445 0.060116492 0.00086388464 -0.0020611083
446 0.060136985 0.00085663727 -0.0020768818
447 0.060161331 0.00084940149 -0.0020913915
448 0.06018947 0.00084218167 -0.0021046909
449 0.06022112 0.00083498043 -0.0021168187
450 0.060255821 0.00082779792 -0.0021277212
451 0.060293599 0.00082064024 -0.0021374728
452 0.060334369 0.00081350756 -0.0021460291
453 0.060377562 0.00080640437 -0.0021534457
454 0.060422985 0.00079933252 -0.0021596978
455 0.060470246 0.00079229409 -0.0021648186
456 0.060518979 0.00078529189 -0.0021688208
457 0.060569217 0.00077832668 -0.0021716704
458 0.060620327 0.0007714028 -0.002173415
459 0.060671667 0.00076452275 -0.0021740725
460 0.060724009 0.00075768746 -0.002173658
461 0.06077633 0.00075089937 -0.0021721403
462 0.060829213 0.00074416426 -0.0021696184
463 0.060881939 0.00073748348 -0.0021660524
464 0.060935016 0.00073085911 -0.0021614919
465 0.060987663 0.0007242948 -0.002155938
466 0.061040385 0.00071779178 -0.0021494214
467 0.061092455 0.00071135393 -0.0021419583
468 0.061143848 0.0007049828 -0.0021335506
469 0.061194418 0.00069867934 -0.0021242512
470 0.061243676 0.00069244488 -0.0021140056
471 0.061291334 0.00068628322 -0.0021028619
472 0.061337175 0.0006801978 -0.0020908569
473 0.061381225 0.00067418754 -0.002077981
474 0.06142332 0.00066825351 -0.0020642719
475 0.061463124 0.00066240119 -0.0020496961
476 0.061500786 0.00065663219 -0.002034333
477 0.061535884 0.00065094465 -0.0020181669
478 0.061568911 0.00064534462 -0.0020012592
479 0.061599534 0.00063983256 -0.0019835755
480 0.061627229 0.0006344115 -0.0019651764
481 0.061652702 0.00062907873 -0.0019460585
482 0.061675054 0.00062384124 -0.0019262307
483 0.06169459 0.00061869762 -0.0019057561
484 0.061710583 0.00061365085 -0.0018846071
485 0.061723091 0.00060870227 -0.0018628108
486 0.061732417 0.00060385154 -0.001840409
487 0.061737664 0.00059910103 -0.0018173989
488 0.061739248 0.00059445429 -0.0017938138
489 0.061737174 0.00058990843 -0.0017696556
490 0.061731173 0.00058546844 -0.0017449507
491 0.0617213 0.00058113472 -0.0017197413
492 0.061707491 0.0005769062 -0.001694027
493 0.061689909 0.00057278522 -0.0016678113
494 0.061668354 0.00056877443 -0.0016411632
495 0.061642687 0.00056487451 -0.0016140604
496 0.061613113 0.00056108421 -0.0015865341
497 0.061579088 0.00055740605 -0.0015586023
498 0.061540742 0.00055384042 -0.0015302966
499 0.061498092 0.00055038822 -0.001501617
500 0.061450735 0.00054705119 -0.0014725817
501 0.06139877 0.00054382861 -0.0014432317
502 0.061342174 0.00054072253 -0.0014135876
503 0.061280825 0.00053773154 -0.0013836224
504 0.061214842 0.00053485981 -0.0013534174
505 0.061144393 0.00053210423 -0.0013229567
506 0.061069107 0.00052946694 -0.0012922558
507 0.060989359 0.00052694858 -0.0012613638
508 0.060905106 0.00052454963 -0.0012302939
509 0.060816066 0.00052227018 -0.0011990363
510 0.060722634 0.00052011037 -0.0011676477
511 0.060624453 0.0005180702 -0.0011361305
512 0.060521863 0.00051614953 -0.0011045013
513 0.060414605 0.0005143488 -0.0010727706
514 0.060302734 0.00051266822 -0.0010409726
515 0.060186323 0.00051110723 -0.0010091108
516 0.0600654 0.00050966617 -0.00097722737
517 0.059939898 0.00050834474 -0.00094531591
518 0.05980961 0.0005071428 -0.00091340041
519 0.059674853 0.00050606038 -0.00088150804
520 0.059535322 0.00050509679 -0.00084963763
521 0.059391219 0.00050425245 -0.00081781912
522 0.059242536 0.00050352674 -0.00078607553
523 0.059089017 0.00050291926 -0.00075439584
524 0.058931132 0.00050242923 -0.0007228296
525 0.058768596 0.00050205629 -0.00069137811
526 0.058601837 0.00050179962 -0.00066004211
527 0.058430639 0.00050165893 -0.0006288665
528 0.05825518 0.00050163313 -0.00059784373
529 0.058075486 0.00050172206 -0.00056700822
530 0.057891693 0.00050192443 -0.00053635333
531 0.057703639 0.00050223977 -0.00050591583
532 0.057511689 0.00050266695 -0.00047569176
533 0.057315643 0.00050320536 -0.00044571231
534 0.057115401 0.00050385382 -0.00041599105
535 0.056911408 0.00050461195 -0.00038653188
536 0.056703345 0.00050547867 -0.00035735687
537 0.056491458 0.00050645267 -0.00032848077
538 0.056276046 0.00050753311 -0.00029991096
539 0.056056982 0.00050871867 -0.00027167248
540 0.055833849 0.00051000817 -0.00024376064
541 0.055607843 0.00051140084 -0.00021619825
542 0.055377833 0.0005128953 -0.00018900075
543 0.055144528 0.00051449023 -0.00016216946
544 0.054908012 0.00051618464 -0.00013572455
545 0.05466827 0.00051797656 -0.00010966999
546 0.054425438 0.00051986534 -8.4021964e-05
547 0.054179223 0.00052184893 -5.8786243e-05
548 0.053930109 0.00052392478 -3.3973976e-05
549 0.053677972 0.00052609513 -9.5953021e-06
550 0.053422907 0.00052835382 1.4339934e-05
551 0.05316517 0.00053070332 3.7823605e-05
552 0.052904507 0.00053313939 6.0843863e-05
553 0.052641322 0.00053566088 8.3391966e-05
554 0.052375794 0.00053826705 0.00010545878
555 0.052107708 0.00054095521 0.00012703447
556 0.051837185 0.00054372456 0.00014811025
557 0.051564641 0.00054657246 0.00016867825
558 0.051289853 0.0005494982 0.00018872935
559 0.051013001 0.00055249938 0.00020825835
560 0.050734078 0.00055557508 0.00022725842
561 0.050453477 0.00055872143 0.00024572234
562 0.050170805 0.0005619395 0.00026364508
563 0.049886521 0.00056522495 0.00028101834
564 0.049600654 0.00056857717 0.00029783778
565 0.049313041 0.00057199407 0.00031409853
566 0.04902391 0.0005754752 0.00032979681
567 0.048733501 0.00057901507 0.00034492774
568 0.048441703 0.00058261445 0.000359486
569 0.048148565 0.00058627156 0.0003734694
570 0.047854198 0.00058998254 0.00038687387
571 0.047558724 0.00059374679 0.00039969532
572 0.047262329 0.00059756123 0.00041193008
573 0.046965015 0.00060142492 0.00042357882
574 0.046666826 0.00060533625 0.00043464159
575 0.046368091 0.00060929159 0.00044511473
576 0.046068667 0.00061329061 0.00045499856
577 0.045768857 0.00061732992 0.00046428947
578 0.045468688 0.00062140744 0.00047298829
579 0.045168176 0.00062552348 0.00048109237
580 0.044867528 0.0006296728 0.00048860686
581 0.044566826 0.00063385496 0.0004955224
582 0.044266146 0.00063806749 0.00050184506
583 0.043965415 0.00064230828 0.00050757281
584 0.043665037 0.00064657679 0.00051270467
585 0.043364888 0.00065086778 0.00051724048
586 0.043065004 0.00065518189 0.00052117979
587 0.042765538 0.00065951646 0.00052452776
588 0.042466735 0.00066386884 0.00052728638
589 0.04216833 0.00066823684 0.00052945342
590 0.041870755 0.00067261921 0.000531036
591 0.041573946 0.0006770134 0.00053203138
592 0.04127797 0.00068141752 0.00053244567
593 0.04098288 0.0006858294 0.00053228099
594 0.040688709 0.00069024694 0.00053153811
595 0.040395688 0.00069466775 0.00053022212
596 0.040103844 0.00069909087 0.00052834098
597 0.039813151 0.00070351264 0.00052589113
598 0.039523728 0.00070793192 0.00052288195
599 0.039235701 0.00071234772 0.00051931327
600 0.038949018 0.00071675593 0.0005151908
601 0.038663974 0.00072115625 0.00051052465
602 0.038380299 0.00072554598 0.00050531852
603 0.038098451 0.00072992383 0.00049957334
604 0.037818185 0.00073428649 0.00049330216
605 0.037539607 0.00073863317 0.00048650566
606 0.037262988 0.00074296207 0.00047919078
607 0.036988118 0.00074727177 0.00047136654
608 0.036715286 0.00075155889 0.00046303331
609 0.036444579 0.00075582283 0.00045420522
610 0.036175701 0.00076006094 0.00044488618
611 0.035909194 0.00076427018 0.0004350801
612 0.035644763 0.00076845014 0.00042479583
613 0.035382459 0.00077259942 0.00041403892
614 0.035122694 0.00077671527 0.00040281943
615 0.034865038 0.00078079581 0.00039114571
616 0.034610043 0.00078484006 0.00037902868
617 0.034357434 0.00078884766 0.00036647424
618 0.034107363 0.00079281764 0.00035349419
619 0.033859869 0.00079674501 0.00034009697
620 0.033614983 0.00080063222 0.00032628966
621 0.033372924 0.00080447645 0.00031208271
622 0.033133542 0.00080827426 0.00029748448
623 0.032896847 0.00081202668 0.0002825043
624 0.032663008 0.00081573097 0.00026714974
625 0.032432021 0.00081938613 0.0002514294
626 0.032203985 0.00082298915 0.00023535303
627 0.031978727 0.00082653934 0.00021892769
628 0.031756619 0.00083003563 0.00020216346
629 0.031537346 0.00083347597 0.00018507042
630 0.031321141 0.0008368617 0.00016765941
631 0.03110794 0.000840187 0.000149939
632 0.030897784 0.00084345485 0.00013192126
633 0.030690805 0.00084666148 0.00011361058
634 0.030486921 0.00084980574 9.5021644e-05
635 0.030286157 0.00085288785 7.6164163e-05
636 0.030088633 0.00085590573 5.7047501e-05
637 0.029894316 0.00085885934 3.7681105e-05
638 0.029703162 0.00086174606 1.8078257e-05
639 0.029515287 0.00086456684 -1.7523092e-06
640 0.029330596 0.00086731882 -2.1802441e-05
641 0.029149241 0.00087000341 -4.2061009e-05
642 0.028971051 0.00087261591 -6.2517185e-05
643 0.028796308 0.00087515927 -8.3160989e-05
644 0.028624712 0.0008776309 -0.00010397703
645 0.028456498 0.00088002848 -0.00012495895
646 0.028291656 0.00088235224 -0.00014609491
647 0.028130051 0.00088460175 -0.00016737678
648 0.027971774 0.00088677446 -0.00018879086
649 0.027816772 0.0008888718 -0.000210329
650 0.02766525 0.00089089164 -0.00023197728
651 0.027516947 0.0008928359 -0.00025372767
652 0.027371949 0.00089470321 -0.00027556491
653 0.027230333 0.00089649413 -0.00029748343
654 0.027092057 0.00089820775 -0.00031947073
655 0.026957224 0.00089984259 -0.00034151814
656 0.02682555 0.00090140124 -0.00036360781
657 0.026697269 0.00090288114 -0.00038574186
658 0.026572297 0.00090428338 -0.00040790044
659 0.026450641 0.0009056055 -0.00043007649
660 0.02633226 0.00090684886 -0.00045226083
661 0.02621713 0.00090801233 -0.00047443211
662 0.026105316 0.00090909478 -0.00049659435
663 0.025996669 0.00091009821 -0.00051872937
664 0.025891311 0.00091102018 -0.0005408302
665 0.025789149 0.00091186224 -0.00056289198
666 0.02569011 0.00091262355 -0.00058489303
667 0.025594226 0.00091330568 -0.00060682811
668 0.025501609 0.00091390644 -0.00062868583
669 0.025411988 0.0009144268 -0.00065046508
670 0.02532557 0.00091486716 -0.00067214738
671 0.025242204 0.00091522807 -0.00069372515
672 0.025161879 0.00091550896 -0.00071519916
673 0.025084553 0.00091571019 -0.00073653893
674 0.025010211 0.00091583244 -0.0007577487
675 0.024938912 0.0009158754 -0.00077882553
676 0.024870532 0.00091583961 -0.00079974623
677 0.024805071 0.00091572562 -0.00082051382
678 0.02474237 0.00091553277 -0.00084111015
679 0.024682624 0.00091526106 -0.00086153142
680 0.02462569 0.0009149122 -0.00088176965
681 0.024571447 0.00091448433 -0.00090180756
682 0.024519885 0.00091397932 -0.0009216428
683 0.024471054 0.00091339605 -0.00094126459
684 0.024424963 0.00091273625 -0.00096066487
685 0.024381375 0.00091200155 -0.00097984015
686 0.024340356 0.00091119186 -0.00099877827
687 0.02430192 0.00091030976 -0.0010174706
688 0.024265989 0.00090935363 -0.0010359324
689 0.024232572 0.00090832671 -0.0010541292
690 0.024201556 0.00090723031 -0.0010720589
691 0.024172923 0.00090606371 -0.0010897246
692 0.024146617 0.00090482814 -0.001107112
693 0.024122658 0.00090352365 -0.0011242283
694 0.024100913 0.00090215291 -0.0011410553
695 0.024081457 0.00090071479 -0.0011575765
696 0.024063968 0.00089920953 -0.0011737886
697 0.024048773 0.0008976403 -0.0011897006
698 0.024035515 0.00089600625 -0.0012053016
699 0.024024362 0.00089430817 -0.0012205605
700 0.024015155 0.00089254838 -0.0012355034
701 0.024007819 0.00089072679 -0.0012501241
702 0.024002305 0.00088884477 -0.0012643996
703 0.023998632 0.00088690417 -0.0012783443
704 0.023996853 0.00088490511 -0.0012919269
705 0.023996601 0.00088284908 -0.0013051601
706 0.023998177 0.00088073751 -0.0013180327
707 0.0240013 0.00087857203 -0.0013305399
708 0.024005936 0.00087635237 -0.0013427053
709 0.024012183 0.00087408194 -0.0013544875
710 0.024019812 0.00087176062 -0.0013659072
711 0.024028856 0.00086938944 -0.0013769281
712 0.024039381 0.0008669701 -0.0013875947
713 0.024051098 0.00086450278 -0.0013978538
714 0.024064053 0.00086198974 -0.0014077268
715 0.024078323 0.00085943184 -0.0014172185
716 0.024093643 0.00085682944 -0.0014263213
717 0.024109999 0.0008541835 -0.0014350154
718 0.024127461 0.00085149522 -0.0014433209
719 0.024145828 0.00084876701 -0.0014512091
720 0.024165202 0.00084599924 -0.0014587022
721 0.024185406 0.00084319506 -0.0014657722
722 0.02420647 0.00084035477 -0.0014724616
723 0.02422838 0.00083748126 -0.001478734
724 0.02425103 0.00083457558 -0.0014846077
725 0.024274458 0.00083163923 -0.0014900788
726 0.02429852 0.00082867299 -0.0014951281
727 0.024323247 0.00082567909 -0.0014997773
728 0.02434861 0.00082265793 -0.0015040194
729 0.02437435 0.00081961198 -0.0015078462
730 0.024400681 0.00081654119 -0.0015112644
731 0.024427444 0.00081344742 -0.0015142926
732 0.024454516 0.0008103319 -0.0015168747
733 0.024481951 0.00080719681 -0.0015190669
734 0.024509694 0.00080404138 -0.001520841
735 0.024537541 0.00080086968 -0.0015222042
736 0.024565698 0.00079768199 -0.0015231639
737 0.024593836 0.00079447925 -0.001523705
738 0.024622141 0.0007912637 -0.0015238365
739 0.024650493 0.00078803653 -0.0015235675
740 0.024678775 0.00078479944 -0.0015228805
741 0.024706916 0.00078155368 -0.0015217828
742 0.024734967 0.00077830104 -0.0015203049
743 0.024762878 0.00077504255 -0.0015184073
744 0.024790525 0.00077178028 -0.0015161188
745 0.024817864 0.00076851562 -0.0015134199
746 0.024844846 0.00076524993 -0.0015103444
747 0.024871458 0.0007619844 -0.0015068607
748 0.02489766 0.00075871993 -0.0015029931
749 0.024923433 0.00075545831 -0.0014987518
750 0.024948682 0.00075220098 -0.0014941105
751 0.024973361 0.0007489485 -0.0014890889
752 0.024997389 0.00074570314 -0.0014836973
753 0.025020837 0.00074246507 -0.0014779373
754 0.025043632 0.00073923622 -0.0014717901
755 0.025065718 0.00073601846 -0.0014652821
756 0.025087058 0.00073281249 -0.0014584153
757 0.025107737 0.00072962145 -0.0014511894
758 0.02512764 0.0007264444 -0.0014436271
759 0.025146818 0.00072328446 -0.0014357058
760 0.025165107 0.00072014282 -0.0014274476
761 0.025182605 0.00071701995 -0.0014188453
762 0.025199198 0.0007139179 -0.0014099143
763 0.025214898 0.00071083673 -0.0014006515
764 0.025229582 0.00070777762 -0.0013910474
765 0.025243197 0.00070474259 -0.0013811416
766 0.025255821 0.0007017325 -0.001370896
767 0.025267261 0.00069874694 -0.0013603422
768 0.025277654 0.00069578898 -0.001349465
769 0.025286731 0.00069285933 -0.0013382844
770 0.025294677 0.00068995935 -0.0013267957
771 0.025301349 0.00068708964 -0.0013150191
772 0.02530669 0.00068425276 -0.001302947
773 0.025310785 0.00068144894 -0.001290603
774 0.025313471 0.00067867946 -0.0012779775
775 0.025314782 0.00067594575 -0.0012650862
776 0.025314791 0.0006732489 -0.0012519347
777 0.025313476 0.00067058918 -0.0012385299
778 0.025310782 0.00066796789 -0.0012248789
779 0.025306789 0.00066538581 -0.0012109984
780 0.025301414 0.00066284446 -0.0011968735
781 0.025294738 0.00066034349 -0.0011825308
782 0.025286595 0.00065788445 -0.0011679661
783 0.025277109 0.00065546811 -0.0011531809
784 0.025266159 0.00065309519 -0.0011381781
785 0.025253725 0.00065076561 -0.0011229674
786 0.025239674 0.0006484808 -0.0011075459
787 0.025224099 0.0006462412 -0.0010919228
788 0.025206949 0.0006440478 -0.001076094
789 0.025188064 0.00064190151 -0.0010600807
790 0.02516763 0.00063980298 -0.0010438738
791 0.025145551 0.00063775404 -0.0010275038
792 0.025121873 0.00063575531 -0.0010109775
793 0.025096477 0.0006338083 -0.00099428999
794 0.025069478 0.00063191318 -0.00097746148
795 0.025040786 0.00063007164 -0.00096050414
796 0.025010489 0.00062828318 -0.00094341775
797 0.024978559 0.00062654835 -0.00092621345
798 0.024944997 0.00062486725 -0.0009089028
799 0.024909877 0.00062324013 -0.00089147214
800 0.024873105 0.00062166741 -0.00087392404
801 0.024834776 0.00062014843 -0.00085629365
802 0.024794851 0.00061868299 -0.00083855915
803 0.02475336 0.00061727333 -0.00082073188
804 0.024710216 0.00061591826 -0.00080282734
805 0.024665411 0.00061462026 -0.00078484705
806 0.02461884 0.00061337894 -0.00076679894
807 0.024570555 0.00061219513 -0.00074867789
808 0.024520547 0.00061106979 -0.00073050893
809 0.024468746 0.00061000296 -0.00071228596
810 0.024415191 0.00060899525 -0.00069401606
811 0.024359879 0.00060804669 -0.00067571891
812 0.024302972 0.00060715611 -0.00065739533
813 0.024244428 0.00060632427 -0.00063906097
814 0.024184324 0.00060555104 -0.0006207157
815 0.024122731 0.0006048357 -0.00060238101
816 0.024059669 0.00060417921 -0.00058404531
817 0.023995087 0.00060358107 -0.00056572678
818 0.023928983 0.0006030416 -0.00054742515
819 0.023861321 0.00060256026 -0.00052914561
820 0.023792052 0.00060213866 -0.00051088657
821 0.023721073 0.00060177574 -0.00049265624
822 0.02364844 0.00060147228 -0.00047445862
823 0.023574076 0.00060122779 -0.00045628827
824 0.023498102 0.0006010426 -0.00043816069
825 0.023420545 0.00060091633 -0.00042009072
826 0.02334145 0.00060084891 -0.00040207907
827 0.02326092 0.00060083935 -0.00038414136
828 0.023178906 0.00060088788 -0.00036628851
829 0.023095604 0.00060099403 -0.00034852573
830 0.023011004 0.00060115816 -0.000330866
831 0.022925119 0.00060137894 -0.00031330667
832 0.022837919 0.00060165668 -0.00029585719
833 0.022749294 0.00060199172 -0.00027851354
834 0.02265935 0.00060238359 -0.00026128182
835 0.022567988 0.00060283172 -0.00024416463
836 0.022475135 0.00060333642 -0.00022715786
837 0.02238086 0.00060389732 -0.00021027057
838 0.022285241 0.00060451393 -0.00019350649
839 0.022188148 0.00060518519 -0.00017687456
840 0.02208988 0.00060591076 -0.00016038233
841 0.021990379 0.00060668938 -0.00014403861
842 0.021889685 0.00060752103 -0.00012784744
843 0.021787853 0.00060840435 -0.00011181895
844 0.02168508 0.0006093384 -9.5957762e-05
845 0.02158113 0.00061032343 -8.0270408e-05
846 0.021476219 0.00061135917 -6.4759276e-05
847 0.02137018 0.00061244589 -4.9424907e-05
848 0.021263063 0.00061358244 -3.4274725e-05
849 0.021154841 0.00061476913 -1.9310329e-05
850 0.021045461 0.00061600574 -4.5350905e-06
851 0.020935079 0.00061729256 1.004771e-05
852 0.020823585 0.0006186272 2.4435839e-05
853 0.020711077 0.0006200095 3.8625352e-05
854 0.020597592 0.00062143755 5.261397e-05
855 0.020483278 0.00062291062 6.6400859e-05
856 0.020368054 0.0006244277 7.9981628e-05
857 0.020252097 0.00062598662 9.3354432e-05
858 0.020135412 0.00062758769 0.00010651568
859 0.020018024 0.00062922935 0.00011946102
860 0.019899912 0.0006309119 0.0001321846
861 0.019781149 0.00063263467 0.00014468102
862 0.019661728 0.00063439663 0.0001569449
863 0.01954168 0.00063619865 0.00016897099
864 0.019421015 0.00063803933 0.00018075368
865 0.019299741 0.00063991859 0.0001922886
866 0.019177946 0.00064183528 0.00020357541
867 0.019055528 0.00064378858 0.00021461606
868 0.018932555 0.00064577732 0.00022540826
869 0.018809096 0.00064780031 0.0002359567
870 0.018685095 0.00064985742 0.00024625912
871 0.018560583 0.00065194701 0.00025631577
872 0.018435675 0.00065406767 0.00026612957
873 0.018310288 0.00065621856 0.00027569621
874 0.018184547 0.00065839905 0.00028501438
875 0.018058458 0.00066060823 0.00029408032
876 0.017932082 0.00066284439 0.00030289161
877 0.017805455 0.00066510612 0.00031144591
878 0.017678648 0.00066739304 0.00031974181
879 0.017551717 0.0006697041 0.00032777504
880 0.017424623 0.00067203827 0.00033554448
881 0.017297363 0.00067439456 0.00034304927
882 0.01717004 0.00067677309 0.00035028532
883 0.017042603 0.00067917177 0.00035725364
884 0.016915078 0.00068159136 0.00036394985
885 0.016787519 0.00068403053 0.00037037225
886 0.016659874 0.00068648785 0.00037652129
887 0.016532209 0.00068896345 0.00038239612
888 0.016404625 0.00069145597 0.00038799884
889 0.016276993 0.00069396353 0.00039333506
890 0.016149458 0.00069648632 0.00039840026
891 0.016022019 0.00069902292 0.0004031993
892 0.015894679 0.00070157198 0.00040773423
893 0.015767488 0.00070413328 0.00041200397
894 0.015640544 0.00070670426 0.00041601493
895 0.015513681 0.00070928557 0.00041975872
896 0.015387124 0.0007118748 0.00042324478
897 0.015260797 0.00071447151 0.00042647157
898 0.015134753 0.00071707434 0.00042943845
899 0.015009046 0.00071968178 0.00043214655
900 0.014883675 0.00072229379 0.00043459759
901 0.01475863 0.0007249081 0.00043679252
902 0.014634026 0.00072752491 0.00043873095
903 0.014509866 0.00073014298 0.00044041466
904 0.014386123 0.00073276134 0.00044184672
905 0.014262878 0.00073537862 0.00044302641
906 0.014140129 0.0007379954 0.00044395295
907 0.014017948 0.00074060913 0.00044462899
908 0.013896297 0.00074321949 0.00044505666
909 0.013775233 0.00074582652 0.00044524008
910 0.013654749 0.00074842879 0.00044517834
911 0.013534875 0.00075102524 0.00044487388
912 0.013415685 0.00075361519 0.00044433108
913 0.01329716 0.00075619857 0.00044354887
914 0.013179301 0.00075877362 0.00044253116
915 0.013062108 0.00076133989 0.00044128039
916 0.012945674 0.00076389705 0.00043980286
917 0.012829939 0.00076644305 0.00043809292
918 0.012714906 0.00076897798 0.00043615953
919 0.01260067 0.00077150053 0.00043400162
920 0.01248723 0.00077401021 0.00043162289
921 0.01237452 0.00077650565 0.00042902666
922 0.012262651 0.00077898609 0.00042621513
923 0.012151658 0.0007814516 0.00042319423
924 0.012041444 0.00078390123 0.00041996373
925 0.011932142 0.00078633308 0.00041653119
926 0.011823714 0.00078874801 0.00041290086
927 0.011716192 0.00079114462 0.00040907105
928 0.011609618 0.00079352232 0.00040505202
929 0.011504012 0.00079588052 0.00040084378
930 0.011399324 0.00079821813 0.00039644955
931 0.011295591 0.00080053443 0.00039187256
932 0.011192893 0.00080282925 0.00038711419
933 0.01109116 0.00080510155 0.00038218294
934 0.010990445 0.00080735009 0.0003770753
935 0.010890748 0.00080957475 0.0003717975
936 0.010792047 0.00081177451 0.00036635316
937 0.010694406 0.00081394935 0.00036074385
938 0.010597794 0.00081609846 0.00035497763
939 0.010502276 0.00081822093 0.00034905333
940 0.010407779 0.00082031565 0.00034297759
941 0.010314406 0.00082238359 0.00033675251
942 0.010222094 0.00082442276 0.00033038209
943 0.010130892 0.00082643313 0.00032386876
944 0.01004078 0.00082841469 0.00031721791
945 0.0099518198 0.00083036666 0.00031043639
946 0.0098639396 0.00083228863 0.00030352404
947 0.009777229 0.00083417987 0.00029648527
948 0.0096916431 0.00083604048 0.00028932606
949 0.0096071558 0.00083787004 0.00028204802
950 0.0095238852 0.00083966781 0.00027465788
951 0.0094417527 0.00084143296 0.00026715642
952 0.0093607541 0.00084316611 0.00025954984
953 0.0092809313 0.00084486597 0.00025183955
954 0.009202241 0.00084653274 0.00024403268
955 0.0091247513 0.00084816547 0.00023612897
956 0.0090484159 0.00084976396 0.00022813638
957 0.008973272 0.00085132853 0.00022005574
958 0.0088992784 0.00085285873 0.00021189328
959 0.0088264601 0.00085435403 0.00020365412
960 0.0087548537 0.00085581556 0.00019534297
961 0.0086844224 0.00085724197 0.00018696374
962 0.0086151957 0.00085863372 0.00017852109
963 0.0085471774 0.00085999101 0.0001700201
964 0.0084803192 0.00086131299 0.000161464
965 0.0084146344 0.0008626004 0.00015285668
966 0.008350122 0.00086385211 0.00014420254
967 0.0082868333 0.00086506842 0.00013550496
968 0.0082246929 0.00086624921 0.00012676791
969 0.0081637561 0.00086739387 0.00011799503
970 0.0081040051 0.00086850219 0.00010918985
971 0.0080453939 0.00086957532 0.00010035672
972 0.0079879523 0.00087061216 9.1500013e-05
973 0.0079316946 0.00087161265 8.2622919e-05
974 0.0078766203 0.0008725781 7.3729691e-05
975 0.0078226543 0.00087350669 6.4825125e-05
976 0.0077698276 0.0008744 5.5911857e-05
977 0.0077181805 0.00087525717 4.6995131e-05
978 0.0076676607 0.00087607894 3.8077077e-05
979 0.0076182677 0.00087686529 2.9162439e-05
980 0.0075700332 0.00087761582 2.0254506e-05
981 0.0075228927 0.00087833192 1.1356393e-05
982 0.0074768702 0.00087901225 2.4723555e-06
983 0.0074319111 0.00087965847 -6.394784e-06
984 0.0073881018 0.0008802698 -1.524168e-05
985 0.0073453793 0.00088084618 -2.406407e-05
986 0.0073037109 0.00088138831 -3.2860296e-05
987 0.0072631662 0.00088189628 -4.1626639e-05
988 0.0072236808 0.00088236916 -5.0361275e-05
989 0.0071852501 0.00088280854 -5.9060093e-05
990 0.0071478534 0.00088321282 -6.7720976e-05
991 0.0071115031 0.0008835834 -7.6340795e-05
992 0.0070762319 0.00088392035 -8.491595e-05
993 0.007041945 0.00088422319 -9.3442232e-05
994 0.0070087229 0.00088449339 -0.00010191699
995 0.0069764641 0.00088473031 -0.00011033714
996 0.0069452247 0.00088493545 -0.00011869784
997 0.0069149803 0.00088510764 -0.00012699657
998 0.0068857328 0.00088524785 -0.00013523169
999 0.006857433 0.00088535682 -0.00014339587
1000 0.006830117 0.00088543413 -0.00015148681
1001 0.006803693 0.00088548035 -0.00015950162
1002 0.0067782406 0.00088549562 -0.00016743505
1003 0.0067536703 0.00088547975 -0.00017528684
1004 0.0067300206 0.00088543358 -0.00018304963
1005 0.0067071919 0.00088535652 -0.00019072147
1006 0.0066852729 0.00088525045 -0.0001982986
1007 0.006664169 0.00088511608 -0.00020578519
1008 0.0066439178 0.0008849545 -0.00021317681
1009 0.006624522 0.00088476678 -0.00022047092
1010 0.0066058758 0.00088455455 -0.00022766964
1011 0.0065880825 0.00088431839 -0.00023476862
1012 0.0065710281 0.00088405931 -0.0002417707
1013 0.0065547168 0.00088377697 -0.00024867204
1014 0.0065392484 0.00088347146 -0.0002554681
1015 0.0065244602 0.00088314256 -0.00026216041
1016 0.0065104551 0.0008827902 -0.00026874637
1017 0.0064972278 0.00088241353 -0.00027522521
1018 0.0064846804 0.00088201299 -0.0002815912
1019 0.0064728524 0.00088158836 -0.00028784548
1020 0.0064617488 0.00088114005 -0.00029398566
1021 0.0064513163 0.00088067002 -0.00030000601
1022 0.0064415513 0.00088017876 -0.000305903
1023 0.006432367 0.00087966749 -0.00031167747
1024 0.0064238455 0.00087913711 -0.00031732245
1025 0.0064158558 0.00087858909 -0.00032283632
1026 0.0064084779 0.00087802428 -0.00032821392
1027 0.0064016207 0.00087744271 -0.00033345849
1028 0.0063952883 0.00087684546 -0.00033857173
1029 0.006389561 0.0008762324 -0.00034355491
1030 0.0063843169 0.00087560418 -0.00034840713
1031 0.0063796272 0.00087496142 -0.00035313132
1032 0.0063754038 0.00087430424 -0.00035772849
1033 0.006371744 0.00087363316 -0.00036220208
1034 0.0063685444 0.00087294892 -0.00036654646
1035 0.0063658596 0.00087225239 -0.00037075862
1036 0.0063635903 0.00087154447 -0.00037483788
1037 0.0063617005 0.00087082574 -0.00037878105
1038 0.0063602711 0.00087009756 -0.00038258604
1039 0.0063592161 0.00086936013 -0.00038624852
1040 0.0063584937 0.0008686142 -0.00038976818
1041 0.0063581454 0.00086786058 -0.00039314255
1042 0.0063581245 0.00086709877 -0.00039637541
1043 0.0063583875 0.00086632912 -0.00039946515
1044 0.0063590206 0.00086555218 -0.00040241535
1045 0.0063599394 0.00086476725 -0.00040521877
1046 0.0063611467 0.00086397579 -0.00040788874
1047 0.0063626303 0.00086317682 -0.00041041673
1048 0.0063644061 0.0008623717 -0.00041280613
1049 0.0063664233 0.00086156217 -0.00041505169
1050 0.0063686781 0.00086074877 -0.0004171645
1051 0.006371132 0.00085993317 -0.00041914214
1052 0.0063737897 0.00085911532 -0.00042097734
1053 0.0063766456 0.00085829777 -0.0004226751
1054 0.0063797013 0.00085748102 -0.00042423353
1055 0.0063828773 0.00085666547 -0.00042565982
1056 0.0063862135 0.0008558514 -0.00042694767
1057 0.006389667 0.00085503974 -0.00042809716
1058 0.0063932392 0.00085423086 -0.00042911736
1059 0.0063968956 0.000853425 -0.00042999927
1060 0.0064006689 0.00085262328 -0.00043074216
1061 0.0064045253 0.00085182571 -0.00043135952
1062 0.0064084569 0.00085103288 -0.00043183335
1063 0.0064124445 0.00085024518 -0.00043218322
1064 0.0064164741 0.00084946353 -0.0004323989
1065 0.0064205006 0.00084868822 -0.00043248205
1066 0.0064245726 0.00084791965 -0.00043244525
1067 0.0064286161 0.00084715874 -0.00043227382
1068 0.0064327049 0.00084640584 -0.00043197433
1069 0.0064367231 0.00084566142 -0.00043155036
1070 0.0064407554 0.00084492648 -0.00043100095
1071 0.006444719 0.00084420096 -0.000430328
1072 0.0064486552 0.00084348605 -0.0004295342
1073 0.0064524859 0.00084278227 -0.00042861761
1074 0.0064562533 0.00084208991 -0.00042758287
1075 0.0064599261 0.00084141 -0.00042643131
1076 0.0064635392 0.00084074295 -0.00042515853
1077 0.0064670118 0.00084008874 -0.00042377182
1078 0.0064703866 0.0008394484 -0.00042227743
1079 0.0064735919 0.00083882252 -0.00042066549
1080 0.0064767087 0.00083821112 -0.00041894667
1081 0.0064796669 0.00083761537 -0.00041711657
1082 0.0064824505 0.00083703516 -0.00041517792
1083 0.0064850679 0.00083647126 -0.00041313449
1084 0.0064875322 0.00083592388 -0.00041098714
1085 0.0064897923 0.00083539384 -0.00040874052
1086 0.0064918588 0.00083488094 -0.0004063873
1087 0.0064937408 0.00083438578 -0.00040393939
1088 0.0064953829 0.0008339093 -0.00040139231
1089 0.0064967987 0.0008334515 -0.00039874862
1090 0.0064979932 0.00083301265 -0.00039601008
1091 0.0064989647 0.00083259335 -0.00039317796
1092 0.0064996754 0.00083219426 -0.0003902595
1093 0.0065001352 0.00083181555 -0.0003872537
1094 0.0065003419 0.00083145785 -0.00038415824
1095 0.0065002976 0.00083112154 -0.00038098514
1096 0.0064999592 0.00083080706 -0.00037772843
1097 0.0064993871 0.00083051482 -0.0003743903
1098 0.0064985222 0.00083024474 -0.00037097939
1099 0.0064973497 0.00082999771 -0.00036749091
1100 0.0064959412 0.00082977371 -0.00036393382
1101 0.006494176 0.00082957251 -0.00036030104
1102 0.006492139 0.00082939518 -0.00035660262
1103 0.0064897679 0.00082924165 -0.00035283185
1104 0.0064871278 0.0008291126 -0.00034899861
1105 0.0064841475 0.00082900745 -0.00034510333
1106 0.006480826 0.00082892692 -0.00034114929
1107 0.0064772185 0.00082887125 -0.00033713484
1108 0.0064732417 0.00082884068 -0.00033306652
1109 0.0064689758 0.00082883555 -0.00032894454
1110 0.0064643432 0.00082885592 -0.00032476952
1111 0.0064593958 0.00082890239 -0.00032054625
1112 0.0064540853 0.00082897428 -0.0003162749
1113 0.0064484674 0.00082907259 -0.00031195962
1114 0.0064424896 0.00082919756 -0.00030760246
1115 0.0064361736 0.00082934853 -0.00030320307
1116 0.0064295009 0.00082952658 -0.00029876667
1117 0.0064224958 0.0008297311 -0.0002942958
1118 0.0064151429 0.00082996275 -0.00028978972
1119 0.0064074182 0.00083022147 -0.00028525285
1120 0.0063993258 0.00083050702 -0.00028068692
1121 0.0063908944 0.00083082013 -0.00027609163
1122 0.0063821043 0.00083116044 -0.00027147284
1123 0.0063729441 0.00083152811 -0.00026682907
1124 0.0063634564 0.00083192347 -0.00026216702
1125 0.0063535808 0.00083234629 -0.00025748235
1126 0.0063433081 0.00083279663 -0.00025278415
1127 0.0063327195 0.00083327475 -0.00024807053
1128 0.0063217788 0.00083378078 -0.00024334412
1129 0.0063104596 0.00083431466 -0.00023860867
1130 0.0062988163 0.00083487613 -0.00023386915
1131 0.006286807 0.00083546542 -0.00022911993
1132 0.0062744466 0.00083608278 -0.00022436976
1133 0.0062617577 0.00083672799 -0.00021961727
1134 0.0062486798 0.00083740093 -0.00021486726
1135 0.0062352781 0.00083810141 -0.00021011907
1136 0.0062215381 0.00083882979 -0.00020537485
1137 0.0062074385 0.00083958564 -0.00020063947
1138 0.0061930074 0.00084036914 -0.00019591078
1139 0.006178253 0.00084117976 -0.00019119166
1140 0.0061630997 0.00084201815 -0.00018648733
1141 0.0061476549 0.00084288345 -0.00018179641
1142 0.0061318617 0.00084377604 -0.00017711939
1143 0.0061157445 0.00084469574 -0.00017246269
1144 0.0060992768 0.00084564239 -0.00016782768
1145 0.0060824984 0.00084661601 -0.00016321247
1146 0.0060654035 0.00084761618 -0.00015862106
1147 0.0060479979 0.00084864307 -0.00015405613
1148 0.0060302518 0.00084969634 -0.00014951856
1149 0.0060121934 0.00085077559 -0.00014500948
1150 0.0059938304 0.00085188076 -0.00014052938
1151 0.0059751645 0.00085301196 -0.00013608394
1152 0.0059561959 0.00085416877 -0.00013167314
1153 0.0059369564 0.00085535106 -0.00012729682
1154 0.0059173862 0.00085655881 -0.00012295588
1155 0.0058975515 0.00085779109 -0.00011865551
1156 0.0058774207 0.00085904858 -0.0001143958
1157 0.0058570282 0.00086033042 -0.00011017791
1158 0.0058363731 0.00086163685 -0.0001060031
1159 0.0058154637 0.0008629671 -0.00010187476
1160 0.0057942922 0.00086432148 -9.7792681e-05
1161 0.0057728674 0.00086569945 -9.3757613e-05
1162 0.0057512237 0.00086710061 -8.9771154e-05
1163 0.0057293244 0.00086852489 -8.5835759e-05
1164 0.0057072014 0.00086997222 -8.1952336e-05
1165 0.0056848582 0.00087144173 -7.8121827e-05
1166 0.0056622692 0.00087293381 -7.4345368e-05
1167 0.0056394618 0.00087444765 -7.0624924e-05
1168 0.0056164328 0.00087598315 -6.696087e-05
1169 0.0055932254 0.00087754031 -6.3353323e-05
1170 0.0055698069 0.00087911792 -5.9805585e-05
1171 0.005546197 0.00088071674 -5.6317845e-05
1172 0.0055224139 0.00088233593 -5.2890691e-05
1173 0.0054984495 0.00088397504 -4.952547e-05
1174 0.0054743087 0.00088563413 -4.6223389e-05
1175 0.0054499795 0.00088731271 -4.2985564e-05
1176 0.0054255132 0.00088901011 -3.9812677e-05
1177 0.0054009036 0.00089072626 -3.6704328e-05
1178 0.0053761022 0.00089246116 -3.3662347e-05
1179 0.0053511959 0.00089421399 -3.0688403e-05
1180 0.005326149 0.00089598441 -2.7782298e-05
1181 0.0053009537 0.00089777212 -2.494486e-05
1182 0.0052756427 0.00089957699 -2.2176701e-05
1183 0.0052502273 0.00090139843 -1.9479799e-05
1184 0.0052246922 0.00090323621 -1.6851929e-05
1185 0.0051990553 0.00090508954 -1.4295427e-05
1186 0.0051732942 0.00090695861 -1.1812072e-05
1187 0.0051474564 0.00090884273 -9.4007035e-06
1188 0.0051215418 0.00091074156 -7.0629893e-06
1189 0.0050955453 0.00091265475 -4.799104e-06
1190 0.0050694375 0.00091458213 -2.6091326e-06
1191 0.0050432997 0.00091652265 -4.9188083e-07
1192 0.0050170965 0.00091847669 1.5500964e-06
1193 0.0049908416 0.00092044376 3.5159899e-06
1194 0.0049645676 0.00092242285 5.4075077e-06
1195 0.0049382393 0.00092441404 7.2238706e-06
1196 0.0049118637 0.00092641695 8.9645911e-06
1197 0.0048854656 0.0009284314 1.063e-05
1198 0.0048590608 0.00093045626 1.2219372e-05
1199 0.0048326688 0.00093249191 1.3732682e-05
1200 0.0048062336 0.00093453752 1.5170271e-05
1201 0.0047798168 0.00093659294 1.6530482e-05
1202 0.0047534015 0.00093865774 1.7815169e-05
1203 0.0047269968 0.00094073118 1.9024081e-05
1204 0.0047006218 0.00094281362 2.0157517e-05
1205 0.0046742627 0.00094490383 2.1214261e-05
1206 0.0046479365 0.00094700224 2.2195271e-05
1207 0.0046216446 0.00094910751 2.3103199e-05
1208 0.0045954105 0.00095122044 2.3934433e-05
1209 0.0045692557 0.00095333966 2.4689954e-05
1210 0.0045431286 0.00095546538 2.5371425e-05
1211 0.0045170638 0.00095759681 2.5978776e-05
1212 0.0044910828 0.00095973393 2.6513293e-05
1213 0.0044651683 0.0009618762 2.6973487e-05
1214 0.0044393412 0.00096402362 2.7360553e-05
1215 0.0044136359 0.00096617519 2.7676395e-05
1216 0.004387991 0.00096833098 2.7917843e-05
1217 0.0043624478 0.00097049044 2.8089476e-05
1218 0.0043370329 0.00097265333 2.8188295e-05
1219 0.004311719 0.00097481903 2.8216343e-05
1220 0.0042865121 0.00097698739 2.817499e-05
1221 0.0042614592 0.00097915773 2.8063016e-05
1222 0.0042364878 0.00098133025 2.7881983e-05
1223 0.00421168 0.00098350404 2.7631477e-05
1224 0.004186987 0.00098567914 2.7313944e-05
1225 0.0041624643 0.00098785503 2.6929784e-05
1226 0.0041380615 0.0009900315 2.6478234e-05
1227 0.0041138399 0.00099220806 2.5962402e-05
1228 0.0040897684 0.00099438468 2.5381365e-05
1229 0.0040658907 0.00099656095 2.4736705e-05
1230 0.0040421679 0.00099873653 2.4029987e-05
1231 0.0040185983 0.001000911 2.325973e-05
1232 0.0039952208 0.0010030843 2.2428782e-05
1233 0.003972061 0.0010052555 2.1537646e-05
1234 0.0039490401 0.0010074248 2.0586168e-05
1235 0.003926237 0.0010095917 1.9576226e-05
1236 0.0039036162 0.0010117562 1.8508087e-05
1237 0.0038811929 0.0010139173 1.7382351e-05
1238 0.0038589837 0.0010160754 1.6200559e-05
1239 0.0038369634 0.0010182297 1.4963324e-05
1240 0.0038151532 0.00102038 1.3672039e-05
1241 0.0037935756 0.0010225265 1.232808e-05
1242 0.0037722199 0.0010246685 1.0931424e-05
1243 0.0037510612 0.0010268058 9.4823555e-06
1244 0.0037301268 0.0010289382 7.9849221e-06
1245 0.003709415 0.001031065 6.4365706e-06
1246 0.0036889529 0.0010331867 4.8423081e-06
1247 0.0036687104 0.0010353024 3.1994666e-06
1248 0.0036487113 0.0010374123 1.510597e-06
1249 0.0036289277 0.0010395156 -2.239169e-07
1250 0.0036094191 0.0010416124 -2.0016459e-06
1251 0.0035901175 0.0010437026 -3.8216134e-06
1252 0.0035710565 0.0010457858 -5.6840168e-06
1253 0.003552261 0.0010478619 -7.5853869e-06
1254 0.0035337017 0.0010499309 -9.5271665e-06
1255 0.0035154021 0.0010519925 -1.1505894e-05
1256 0.0034973661 0.0010540467 -1.3520003e-05
1257 0.0034795866 0.0010560928 -1.5570588e-05
1258 0.0034620669 0.0010581317 -1.7654627e-05
1259 0.0034447715 0.001060162 -1.9770357e-05
1260 0.003427789 0.0010621846 -2.1918893e-05
1261 0.0034110281 0.0010641986 -2.4096172e-05
1262 0.0033945449 0.0010662041 -2.6303641e-05
1263 0.0033783397 0.0010682008 -2.8538918e-05
1264 0.0033623815 0.0010701892 -3.0798699e-05
1265 0.0033466963 0.0010721682 -3.3086216e-05
1266 0.0033312538 0.0010741383 -3.5397035e-05
1267 0.0033161109 0.0010760992 -3.772946e-05
1268 0.0033012347 0.001078051 -4.0083615e-05
1269 0.0032866273 0.0010799933 -4.2459321e-05
1270 0.0032722815 0.0010819266 -4.4852603e-05
1271 0.0032582011 0.00108385 -4.7263965e-05
1272 0.0032444102 0.0010857639 -4.9690617e-05
1273 0.0032308825 0.0010876681 -5.213298e-05
1274 0.0032176066 0.0010895624 -5.4590253e-05
1275 0.0032046128 0.0010914473 -5.7059749e-05
1276 0.0031918911 0.0010933222 -5.9539874e-05
1277 0.0031794408 0.0010951873 -6.2029788e-05
1278 0.003167262 0.0010970425 -6.4528683e-05
1279 0.0031553475 0.0010988873 -6.703656e-05
1280 0.003143702 0.0011007226 -6.9548166e-05
1281 0.0031323258 0.0011025472 -7.206707e-05
1282 0.0031212146 0.0011043619 -7.4589974e-05
1283 0.0031103687 0.0011061664 -7.7115453e-05
1284 0.0030997842 0.0011079603 -7.9642006e-05
1285 0.0030894645 0.001109744 -8.2169889e-05
1286 0.0030794051 0.0011115173 -8.4696343e-05
1287 0.0030696089 0.0011132807 -8.7221724e-05
1288 0.0030600711 0.0011150334 -8.9742346e-05
1289 0.0030507858 0.0011167762 -9.2259695e-05
1290 0.0030417634 0.0011185089 -9.4771003e-05
1291 0.0030329932 0.0011202314 -9.7276031e-05
1292 0.0030244774 0.0011219441 -9.9773721e-05
1293 0.0030162126 0.001123647 -0.00010226105
1294 0.0030081993 0.0011253398 -0.00010473843
1295 0.0030004311 0.0011270227 -0.0001072055
1296 0.0029929091 0.0011286959 -0.00010965978
1297 0.00298563 0.001130359 -0.00011210208
1298 0.002978593 0.0011320127 -0.0001145287
1299 0.0029717934 0.0011336564 -0.00011694042
1300 0.002965229 0.0011352906 -0.00011933595
1301 0.002958898 0.0011369148 -0.00012171405
1302 0.0029527974 0.0011385302 -0.00012407347
1303 0.0029469242 0.0011401361 -0.00012641345
1304 0.0029412741 0.0011417326 -0.00012873448
1305 0.0029358533 0.0011433204 -0.00013103347
1306 0.0029306487 0.0011448993 -0.00013330909
1307 0.0029256615 0.0011464691 -0.00013556186
1308 0.002920889 0.0011480305 -0.00013779219
1309 0.0029163293 0.0011495831 -0.00013999579
1310 0.0029119737 0.0011511274 -0.00014217456
1311 0.0029078248 0.0011526633 -0.0001443257
1312 0.0029038783 0.0011541909 -0.00014645021
1313 0.0029001283 0.0011557102 -0.00014854337
1314 0.002896576 0.0011572218 -0.00015061102
1315 0.0028932126 0.0011587256 -0.00015264455
1316 0.0028900382 0.0011602218 -0.0001546501
1317 0.0028870494 0.001161711 -0.0001566236
1318 0.0028842415 0.0011631927 -0.00015856411
1319 0.0028816126 0.001164668 -0.00016047101
1320 0.0028791563 0.0011661364 -0.0001623443
1321 0.0028768735 0.0011675985 -0.00016418226
1322 0.002874761 0.0011690543 -0.00016598645
1323 0.0028728095 0.001170504 -0.00016775455
1324 0.0028710181 0.001171948 -0.00016948626
1325 0.0028693842 0.0011733859 -0.00017117999
1326 0.0028679024 0.0011748182 -0.00017283532
1327 0.0028665727 0.0011762453 -0.00017445392
1328 0.0028653856 0.0011776669 -0.0001760328
1329 0.0028643393 0.0011790837 -0.0001775721
1330 0.00286343 0.0011804956 -0.00017907054
1331 0.002862657 0.0011819031 -0.0001805303
1332 0.0028620084 0.001183306 -0.00018194818
1333 0.0028614885 0.0011847048 -0.00018332623
1334 0.0028610916 0.0011860999 -0.00018465951
1335 0.0028608068 0.0011874912 -0.00018595266
1336 0.0028606419 0.001188879 -0.00018720172
1337 0.0028605849 0.0011902634 -0.00018840839
1338 0.0028606353 0.0011916452 -0.00018957131
1339 0.0028607872 0.0011930238 -0.00019069048
1340 0.0028610335 0.0011944003 -0.00019176609
1341 0.0028613783 0.0011957738 -0.00019279698
1342 0.0028618098 0.0011971458 -0.00019378325
1343 0.0028623266 0.0011985154 -0.00019472441
1344 0.0028629234 0.0011998836 -0.00019562135
1345 0.0028636019 0.0012012501 -0.00019647093
1346 0.0028643504 0.0012026155 -0.00019727509
1347 0.0028651681 0.0012039796 -0.00019803261
1348 0.0028660494 0.0012053429 -0.0001987447
1349 0.0028669949 0.0012067056 -0.00019941014
1350 0.0028679967 0.0012080683 -0.00020002928
1351 0.0028690506 0.0012094308 -0.00020060224
1352 0.0028701531 0.0012107935 -0.0002011285
1353 0.0028713089 0.0012121566 -0.00020160686
1354 0.0028724874 0.0012135209 -0.00020204225
1355 0.002873727 0.0012148861 -0.00020242903
1356 0.0028749958 0.0012162528 -0.00020277003
1357 0.0028763027 0.0012176213 -0.00020306588
1358 0.0028776428 0.0012189913 -0.00020331487
1359 0.0028789973 0.0012203635 -0.00020351765
1360 0.0028803585 0.0012217382 -0.00020367587
1361 0.0028817345 0.0012231153 -0.00020378559
1362 0.0028831472 0.0012244951 -0.00020385085
1363 0.0028845483 0.0012258781 -0.00020387097
1364 0.0028859652 0.0012272641 -0.00020384427
1365 0.0028873977 0.0012286539 -0.00020377293
1366 0.0028887934 0.0012300473 -0.0002036564
1367 0.0028902068 0.0012314449 -0.00020349599
1368 0.002891613 0.0012328463 -0.00020328874
1369 0.0028929866 0.0012342527 -0.00020303886
1370 0.0028943819 0.0012356637 -0.00020274323
1371 0.0028957218 0.0012370795 -0.00020240483
1372 0.0028970554 0.0012385009 -0.00020202242
1373 0.0028983621 0.0012399276 -0.00020159676
1374 0.0028996444 0.00124136 -0.00020112886
1375 0.0029008719 0.0012427984 -0.00020061813
1376 0.0029020767 0.0012442432 -0.00020006505
1377 0.0029032578 0.0012456942 -0.00019947024
1378 0.0029043873 0.001247152 -0.00019883341
1379 0.0029054731 0.0012486164 -0.00019815628
1380 0.0029064885 0.0012500882 -0.00019743832
1381 0.0029074814 0.0012515669 -0.00019667866
1382 0.0029084077 0.0012530531 -0.00019588109
1383 0.0029092656 0.001254547 -0.00019504134
1384 0.002910057 0.0012560485 -0.00019416364
1385 0.0029108063 0.0012575583 -0.00019324621
1386 0.0029114926 0.0012590765 -0.00019229106
1387 0.0029120917 0.0012606032 -0.00019129866
1388 0.0029126262 0.0012621388 -0.000190269
1389 0.0029130764 0.0012636832 -0.00018920528
1390 0.0029134665 0.001265237 -0.00018810335
1391 0.0029137728 0.0012668001 -0.00018696704
1392 0.002913996 0.001268373 -0.00018579722
1393 0.0029141613 0.0012699556 -0.00018459319
1394 0.0029142244 0.0012715481 -0.00018335369
1395 0.0029141838 0.0012731509 -0.00018208317
1396 0.0029140628 0.0012747636 -0.00018077839
1397 0.0029138658 0.0012763871 -0.00017944382
1398 0.0029135458 0.0012780211 -0.00017807611
1399 0.0029131492 0.001279666 -0.0001766784
1400 0.0029126319 0.0012813218 -0.00017525066
1401 0.0029120405 0.0012829888 -0.00017379383
1402 0.0029113275 0.0012846671 -0.00017230772
1403 0.0029105236 0.0012863566 -0.00017079459
1404 0.0029096235 0.0012880578 -0.00016925365
1405 0.0029086059 0.0012897709 -0.00016768606
1406 0.0029074742 0.001291496 -0.0001660931
1407 0.0029062294 0.0012932328 -0.00016447531
1408 0.0029048932 0.0012949821 -0.00016283138
1409 0.0029034224 0.0012967434 -0.00016116492
1410 0.0029018623 0.0012985172 -0.00015947433
1411 0.0029001685 0.0013003034 -0.00015776213
1412 0.002898367 0.0013021025 -0.00015602834
1413 0.0028964315 0.0013039143 -0.0001542725
1414 0.0028943914 0.0013057392 -0.00015249651
1415 0.0028922206 0.0013075769 -0.00015070189
1416 0.0028899467 0.0013094279 -0.00014888802
1417 0.0028875422 0.0013112921 -0.00014705758
1418 0.0028850355 0.0013131698 -0.00014520987
1419 0.0028824035 0.001315061 -0.00014334587
1420 0.0028796477 0.0013169658 -0.00014146644
1421 0.0028767643 0.0013188843 -0.00013957114
1422 0.0028737602 0.0013208166 -0.00013766325
1423 0.0028706592 0.0013227626 -0.00013574163
1424 0.0028674124 0.0013247229 -0.00013380791
1425 0.0028640433 0.001326697 -0.00013186173
1426 0.0028605588 0.0013286852 -0.00012990563
1427 0.0028569312 0.0013306876 -0.00012793767
1428 0.0028531836 0.0013327042 -0.00012596159
1429 0.0028493206 0.0013347349 -0.00012397637
1430 0.0028453446 0.00133678 -0.00012198252
1431 0.0028412277 0.0013388397 -0.00011998198
1432 0.002836994 0.0013409138 -0.00011797417
1433 0.0028326281 0.0013430024 -0.00011596098
1434 0.002828147 0.0013451054 -0.00011394202
1435 0.0028235327 0.0013472232 -0.00011192032
1436 0.0028188064 0.0013493555 -0.00010989341
1437 0.0028139457 0.0013515023 -0.00010786469
1438 0.0028089536 0.0013536639 -0.00010583297
1439 0.0028038531 0.0013558403 -0.00010379986
1440 0.0027986396 0.0013580314 -0.00010176709
1441 0.0027932987 0.0013602372 -9.9733706e-05
1442 0.0027878261 0.0013624576 -9.770047e-05
1443 0.0027822271 0.0013646928 -9.5669256e-05
1444 0.0027765187 0.0013669427 -9.3640264e-05
1445 0.0027706853 0.0013692075 -9.1612889e-05
1446 0.0027647199 0.001371487 -8.9589338e-05
1447 0.0027586513 0.0013737812 -8.7570406e-05
1448 0.0027524577 0.0013760901 -8.5555491e-05
1449 0.002746138 0.0013784139 -8.3546118e-05
1450 0.0027397138 0.0013807523 -8.1543367e-05
1451 0.0027331905 0.0013831054 -7.954763e-05
1452 0.0027265378 0.0013854732 -7.7558333e-05
1453 0.0027197651 0.0013878556 -7.5578497e-05
1454 0.0027128883 0.0013902527 -7.3607875e-05
1455 0.0027059117 0.0013926642 -7.1645294e-05
1456 0.0026988343 0.0013950904 -6.9694025e-05
1457 0.0026916541 0.0013975311 -6.7753275e-05
1458 0.0026843526 0.001399986 -6.582373e-05
1459 0.0026769538 0.0014024555 -6.3905833e-05
1460 0.002669458 0.0014049395 -6.2000465e-05
1461 0.0026618535 0.0014074375 -6.0108215e-05
1462 0.0026541597 0.0014099497 -5.8229725e-05
1463 0.0026463611 0.0014124763 -5.6365173e-05
1464 0.002638468 0.0014150168 -5.4515088e-05
1465 0.0026304753 0.0014175715 -5.2680278e-05
1466 0.0026224098 0.0014201402 -5.0861295e-05
1467 0.0026142351 0.0014227226 -4.9058595e-05
1468 0.0026059942 0.0014253192 -4.727258e-05
1469 0.0025976593 0.0014279293 -4.550473e-05
1470 0.0025892262 0.0014305533 -4.375381e-05
1471 0.0025807291 0.0014331907 -4.2021641e-05
1472 0.0025721374 0.0014358418 -4.0307874e-05
1473 0.0025634556 0.0014385062 -3.8614157e-05
1474 0.0025547146 0.0014411842 -3.6939367e-05
1475 0.0025458754 0.0014438753 -3.5285485e-05
1476 0.0025369833 0.0014465798 -3.3651343e-05
1477 0.0025280155 0.0014492973 -3.2038477e-05
1478 0.0025189716 0.0014520277 -3.0447307e-05
1479 0.002509877 0.0014547712 -2.8878218e-05
1480 0.0025007039 0.0014575273 -2.73304e-05
1481 0.0024914788 0.0014602964 -2.5805935e-05
1482 0.0024821752 0.0014630779 -2.4304457e-05
1483 0.0024728177 0.001465872 -2.2826052e-05
1484 0.0024634297 0.0014686786 -2.1371287e-05
1485 0.0024539634 0.0014714975 -1.9941301e-05
1486 0.0024444655 0.0014743283 -1.8534684e-05
1487 0.0024348906 0.0014771714 -1.7153262e-05
1488 0.0024252802 0.0014800265 -1.5796848e-05
1489 0.0024156369 0.0014828934 -1.4465112e-05
1490 0.0024059262 0.001485772 -1.3159388e-05
1491 0.0023961827 0.0014886622 -1.1879064e-05
1492 0.0023863976 0.0014915639 -1.0625208e-05
1493 0.0023765768 0.001494477 -9.3973193e-06
1494 0.0023667182 0.0014974013 -8.1961757e-06
1495 0.0023568249 0.0015003367 -7.0215579e-06
1496 0.0023468993 0.0015032833 -5.8745098e-06
1497 0.0023369479 0.0015062405 -4.7541076e-06
1498 0.002326967 0.0015092086 -3.6612655e-06
1499 0.0023169599 0.0015121873 -2.59556e-06
1500 0.0023069315 0.0015151764 -1.5575661e-06
1501 0.0022968808 0.001518176 -5.4819138e-07
1502 0.002286814 0.0015211857 4.3445641e-07
1503 0.0022767301 0.0015242056 1.3882264e-06
1504 0.0022666326 0.0015272353 2.3140484e-06
1505 0.0022565239 0.001530275 3.2115772e-06
1506 0.0022464043 0.0015333242 4.0808076e-06
1507 0.0022362745 0.0015363832 4.9217778e-06
1508 0.0022261396 0.0015394516 5.7339054e-06
1509 0.0022159992 0.0015425292 6.5178374e-06
1510 0.0022058577 0.001545616 7.2727769e-06
1511 0.0021957123 0.0015487118 7.999401e-06
1512 0.002185576 0.0015518166 8.697497e-06
1513 0.0021754421 0.0015549301 9.3675975e-06
1514 0.0021653193 0.0015580521 1.0008273e-05
1515 0.0021552081 0.0015611829 1.0621424e-05
1516 0.0021451098 0.001564322 1.1205997e-05
1517 0.0021350263 0.0015674694 1.176174e-05
1518 0.0021249626 0.0015706249 1.2290104e-05
1519 0.0021149181 0.0015737885 1.2790036e-05
1520 0.0021048948 0.0015769598 1.3261841e-05
1521 0.0020948949 0.001580139 1.3705635e-05
1522 0.0020849213 0.001583326 1.412153e-05
1523 0.0020749719 0.0015865202 1.4509703e-05
1524 0.0020650529 0.0015897219 1.4870393e-05
1525 0.0020551644 0.0015929307 1.5202698e-05
1526 0.0020453102 0.0015961467 1.5508116e-05
1527 0.00203549 0.0015993699 1.5786369e-05
1528 0.0020257058 0.0016025998 1.6037243e-05
1529 0.0020159618 0.0016058365 1.6261417e-05
1530 0.0020062588 0.0016090798 1.6458746e-05
1531 0.0019965982 0.0016123297 1.6628934e-05
1532 0.0019869787 0.0016155861 1.6773192e-05
1533 0.0019774066 0.0016188485 1.6890875e-05
1534 0.0019678829 0.0016221173 1.6982607e-05
1535 0.0019584056 0.0016253921 1.7048744e-05
1536 0.0019489805 0.0016286727 1.7088741e-05
1537 0.0019396022 0.0016319591 1.71032e-05
1538 0.0019302821 0.0016352513 1.7092293e-05
1539 0.0019210145 0.0016385489 1.7056548e-05
1540 0.0019118051 0.0016418522 1.699636e-05
1541 0.0019026514 0.0016451607 1.6911255e-05
1542 0.0018935615 0.0016484747 1.6801885e-05
1543 0.0018845319 0.0016517936 1.666937e-05
1544 0.0018755678 0.0016551179 1.6512734e-05
1545 0.0018666648 0.0016584469 1.6333269e-05
1546 0.0018578304 0.0016617807 1.6130527e-05
1547 0.001849064 0.0016651194 1.5905065e-05
1548 0.0018403645 0.0016684628 1.5657261e-05
1549 0.0018317369 0.0016718107 1.5386848e-05
1550 0.0018231791 0.0016751631 1.509533e-05
1551 0.0018146936 0.0016785198 1.4781933e-05
1552 0.001806281 0.0016818807 1.4447517e-05
1553 0.0017979453 0.0016852459 1.4092456e-05
1554 0.001789682 0.0016886153 1.3716493e-05
1555 0.0017814963 0.0016919885 1.3320672e-05
1556 0.0017733888 0.0016953657 1.2905392e-05
1557 0.0017653608 0.0016987469 1.2470437e-05
1558 0.0017574122 0.0017021318 1.2016674e-05
1559 0.001749547 0.0017055205 1.1544862e-05
1560 0.0017417612 0.0017089127 1.1054047e-05
1561 0.0017340594 0.0017123086 1.0545623e-05
1562 0.001726442 0.001715708 1.0020143e-05
1563 0.0017189084 0.0017191109 9.4775759e-06
1564 0.0017114614 0.0017225172 8.9184127e-06
1565 0.0017041009 0.0017259268 8.3431769e-06
1566 0.0016968286 0.0017293395 7.7524794e-06
1567 0.0016896429 0.0017327557 7.1460758e-06
1568 0.0016825449 0.0017361749 6.5248272e-06
1569 0.0016755381 0.0017395972 5.8889314e-06
1570 0.0016686199 0.0017430226 5.2392257e-06
1571 0.0016617936 0.0017464507 4.5751808e-06
1572 0.001655057 0.0017498819 3.8981694e-06
1573 0.0016484117 0.001753316 3.2083574e-06
1574 0.0016418592 0.0017567528 2.5062501e-06
1575 0.0016353988 0.0017601925 1.7917746e-06
1576 0.0016290312 0.0017636351 1.0657725e-06
1577 0.001622758 0.0017670803 3.2926494e-07
1578 0.0016165789 0.0017705284 -4.1823116e-07
1579 0.0016104961 0.0017739792 -1.1757335e-06
1580 0.0016045062 0.0017774326 -1.9428578e-06
1581 0.0015986119 0.0017808888 -2.7194083e-06
1582 0.0015928151 0.0017843477 -3.5047531e-06
1583 0.0015871113 0.0017878092 -4.2987323e-06
1584 0.0015815042 0.0017912733 -5.1004244e-06
1585 0.0015759909 0.0017947399 -5.9096463e-06
1586 0.0015705748 0.001798209 -6.7267025e-06
1587 0.0015652539 0.0018016807 -7.550175e-06
1588 0.0015600281 0.0018051548 -8.3804073e-06
1589 0.0015548966 0.0018086315 -9.2162571e-06
1590 0.0015498616 0.0018121107 -1.005811e-05
1591 0.0015449225 0.0018155925 -1.0904713e-05
1592 0.0015400781 0.0018190766 -1.1756064e-05
1593 0.0015353281 0.0018225633 -1.261206e-05
1594 0.0015306748 0.0018260524 -1.3471538e-05
1595 0.0015261133 0.001829544 -1.4334809e-05
1596 0.0015216461 0.0018330382 -1.5200771e-05
1597 0.0015172735 0.0018365349 -1.6069558e-05
1598 0.0015129976 0.0018400341 -1.6940806e-05
1599 0.0015088073 0.0018435359 -1.7813685e-05
1600 0.0015047162 0.0018470402 -1.8687892e-05
1601 0.0015007182 0.0018505471 -1.9563235e-05
1602 0.0014968093 0.0018540566 -2.0439301e-05
1603 0.001492994 0.0018575686 -2.131546e-05
1604 0.0014892687 0.0018610833 -2.2191585e-05
1605 0.0014856353 0.0018646006 -2.3067437e-05
1606 0.0014820919 0.0018681206 -2.3942443e-05
1607 0.0014786385 0.0018716432 -2.4815589e-05
1608 0.0014752728 0.0018751685 -2.5688074e-05
1609 0.0014719944 0.0018786964 -2.6557987e-05
1610 0.0014688061 0.0018822273 -2.7425526e-05
1611 0.0014657034 0.0018857613 -2.8290339e-05
1612 0.0014626874 0.001889298 -2.9151913e-05
1613 0.0014597578 0.0018928378 -3.0010206e-05
1614 0.0014569119 0.0018963808 -3.0864038e-05
1615 0.0014541512 0.0018999272 -3.171375e-05
1616 0.0014514756 0.0019034766 -3.255915e-05
1617 0.0014488813 0.0019070292 -3.3398743e-05
1618 0.0014463684 0.0019105853 -3.4234057e-05
1619 0.0014439401 0.0019141445 -3.506308e-05
1620 0.0014415898 0.0019177074 -3.5886161e-05
1621 0.0014393189 0.0019212735 -3.6703331e-05
1622 0.0014371267 0.0019248431 -3.7513872e-05
1623 0.0014350122 0.0019284165 -3.8317544e-05
1624 0.0014329747 0.0019319933 -3.9113636e-05
1625 0.0014310131 0.001935574 -3.9902376e-05
1626 0.0014291272 0.0019391586 -4.0683807e-05
1627 0.0014273141 0.0019427469 -4.1456653e-05
1628 0.001425576 0.0019463393 -4.2220868e-05
1629 0.00142391 0.0019499358 -4.2976865e-05
1630 0.001422314 0.0019535361 -4.3724055e-05
1631 0.0014207888 0.0019571408 -4.4461529e-05
1632 0.0014193326 0.0019607497 -4.5189736e-05
1633 0.0014179435 0.0019643628 -4.5908178e-05
1634 0.0014166235 0.0019679804 -4.6616741e-05
1635 0.0014153685 0.0019716022 -4.7314944e-05
1636 0.0014141772 0.0019752286 -4.8002759e-05
1637 0.0014130507 0.0019788598 -4.8680212e-05
1638 0.0014119864 0.0019824955 -4.9346166e-05
1639 0.0014109845 0.001986136 -5.00013e-05
1640 0.0014100435 0.0019897815 -5.0645326e-05
1641 0.0014091599 0.0019934321 -5.1277393e-05
1642 0.001408336 0.0019970877 -5.1897786e-05
1643 0.0014075684 0.0020007486 -5.2506539e-05
1644 0.0014068592 0.0020044149 -5.3103138e-05
1645 0.001406203 0.0020080866 -5.3686798e-05
1646 0.0014056012 0.0020117635 -5.4258536e-05
1647 0.0014050525 0.0020154463 -5.4817697e-05
1648 0.0014045537 0.0020191345 -5.5363953e-05
1649 0.001404107 0.0020228284 -5.5897111e-05
1650 0.0014037059 0.0020265281 -5.6417226e-05
1651 0.0014033553 0.0020302337 -5.6924008e-05
1652 0.0014030517 0.0020339455 -5.7417515e-05
1653 0.0014027906 0.0020376633 -5.7897715e-05
1654 0.0014025768 0.0020413872 -5.8363753e-05
1655 0.0014024051 0.0020451176 -5.8816669e-05
1656 0.0014022728 0.0020488544 -5.9255744e-05
1657 0.0014021838 0.0020525978 -5.9680952e-05
1658 0.001402133 0.0020563476 -6.0091533e-05
1659 0.0014021216 0.0020601043 -6.0488608e-05
1660 0.0014021476 0.002063868 -6.087183e-05
1661 0.0014022078 0.0020676384 -6.1240425e-05
1662 0.0014023031 0.002071416 -6.1594984e-05
1663 0.0014024333 0.0020752007 -6.1935398e-05
1664 0.0014025951 0.0020789929 -6.2261335e-05
1665 0.0014027864 0.0020827923 -6.2572553e-05
1666 0.001403008 0.002086599 -6.2869586e-05
1667 0.0014032592 0.0020904137 -6.3152262e-05
1668 0.0014035378 0.0020942358 -6.3420362e-05
1669 0.0014038418 0.0020980656 -6.3673842e-05
1670 0.0014041709 0.0021019034 -6.39126e-05
1671 0.0014045235 0.002105749 -6.4136917e-05
1672 0.0014048981 0.0021096028 -6.4346406e-05
1673 0.0014052958 0.0021134649 -6.4541656e-05
1674 0.0014057126 0.0021173352 -6.4722619e-05
1675 0.0014061485 0.0021212141 -6.4888708e-05
1676 0.0014066045 0.0021251016 -6.504035e-05
1677 0.0014070763 0.002128998 -6.5178079e-05
1678 0.0014075664 0.002132903 -6.5301191e-05
1679 0.0014080691 0.002136817 -6.5409994e-05
1680 0.0014085858 0.0021407402 -6.5504366e-05
1681 0.0014091171 0.0021446723 -6.5584842e-05
1682 0.0014096573 0.0021486138 -6.5651071e-05
1683 0.0014102086 0.0021525645 -6.570277e-05
1684 0.0014107705 0.0021565246 -6.5740651e-05
1685 0.0014113401 0.0021604943 -6.576469e-05
1686 0.0014119165 0.0021644736 -6.5774157e-05
1687 0.0014124991 0.0021684625 -6.57701e-05
1688 0.0014130879 0.0021724613 -6.5752615e-05
1689 0.0014136816 0.0021764699 -6.5720959e-05
1690 0.0014142771 0.0021804888 -6.5676265e-05
1691 0.0014148748 0.0021845177 -6.5617775e-05
1692 0.0014154756 0.0021885568 -6.5545994e-05
1693 0.0014160743 0.0021926062 -6.5461019e-05
1694 0.0014166741 0.0021966661 -6.5362353e-05
1695 0.0014172693 0.0022007365 -6.5250723e-05
1696 0.0014178651 0.0022048173 -6.512648e-05
1697 0.0014184578 0.0022089089 -6.4989177e-05
1698 0.0014190425 0.0022130112 -6.4839043e-05
1699 0.0014196231 0.0022171243 -6.4676417e-05
1700 0.0014201982 0.0022212486 -6.4500889e-05
1701 0.0014207656 0.0022253837 -6.4313462e-05
1702 0.0014213257 0.00222953 -6.4113759e-05
1703 0.001421877 0.0022336878 -6.390199e-05
1704 0.00142242 0.0022378566 -6.3678776e-05
1705 0.0014229532 0.0022420372 -6.3443834e-05
1706 0.0014234751 0.0022462292 -6.3197988e-05
1707 0.0014239854 0.0022504328 -6.2940495e-05
1708 0.0014244843 0.0022546482 -6.2672081e-05
1709 0.0014249718 0.0022588753 -6.2392882e-05
1710 0.0014254447 0.0022631145 -6.2102622e-05
1711 0.0014259035 0.0022673654 -6.180226e-05
1712 0.0014263481 0.0022716284 -6.1491355e-05
1713 0.0014267759 0.0022759034 -6.1170513e-05
1714 0.0014271897 0.0022801906 -6.083926e-05
1715 0.0014275863 0.0022844901 -6.0498788e-05
1716 0.0014279665 0.002288802 -6.0148798e-05
1717 0.0014283288 0.0022931263 -5.9789076e-05
1718 0.0014286715 0.0022974631 -5.9420623e-05
1719 0.0014289972 0.0023018123 -5.9042974e-05
1720 0.0014293029 0.0023061742 -5.865684e-05
1721 0.0014295909 0.0023105489 -5.8262379e-05
1722 0.0014298578 0.0023149362 -5.7859653e-05
1723 0.0014301037 0.0023193366 -5.7448413e-05
1724 0.0014303315 0.0023237498 -5.70296e-05
1725 0.0014305356 0.0023281761 -5.6603378e-05
1726 0.0014307182 0.0023326153 -5.6169708e-05
1727 0.0014308798 0.0023370677 -5.5728578e-05
1728 0.0014310186 0.0023415332 -5.5280912e-05
1729 0.0014311337 0.002346012 -5.4826394e-05
1730 0.0014312272 0.0023505042 -5.4365403e-05
1731 0.0014312946 0.0023550096 -5.3897774e-05
1732 0.0014313398 0.0023595284 -5.3424153e-05
1733 0.0014313597 0.0023640608 -5.2944841e-05
1734 0.0014313545 0.0023686067 -5.2459587e-05
1735 0.0014313232 0.002373166 -5.1968686e-05
1736 0.0014312692 0.0023777391 -5.1472873e-05
1737 0.0014311898 0.0023823259 -5.0971947e-05
1738 0.0014310841 0.0023869265 -5.0466723e-05
1739 0.0014309539 0.0023915408 -4.9956903e-05
1740 0.0014307994 0.0023961691 -4.9442499e-05
1741 0.001430619 0.0024008112 -4.8924637e-05
1742 0.0014304137 0.0024054673 -4.8402879e-05
1743 0.0014301824 0.0024101373 -4.7877592e-05
1744 0.0014299228 0.0024148214 -4.734908e-05
1745 0.0014296402 0.0024195196 -4.6817465e-05
1746 0.0014293291 0.0024242319 -4.6282827e-05
1747 0.0014289914 0.0024289583 -4.5745293e-05
1748 0.0014286293 0.002433699 -4.5205489e-05
1749 0.0014282369 0.0024384538 -4.4663266e-05
1750 0.0014278207 0.0024432229 -4.4119062e-05
1751 0.0014273773 0.0024480062 -4.357318e-05
1752 0.0014269072 0.002452804 -4.302576e-05
1753 0.0014264128 0.002457616 -4.2477143e-05
1754 0.0014258903 0.0024624424 -4.1926959e-05
1755 0.0014253415 0.0024672833 -4.1376143e-05
1756 0.0014247673 0.0024721386 -4.0824402e-05
1757 0.0014241669 0.0024770084 -4.0272621e-05
1758 0.0014235408 0.0024818925 -3.9720272e-05
1759 0.0014228868 0.0024867913 -3.9167921e-05
1760 0.0014222088 0.0024917045 -3.8615611e-05
1761 0.0014215038 0.0024966323 -3.8063855e-05
1762 0.0014207742 0.0025015747 -3.7512397e-05
1763 0.0014200202 0.0025065316 -3.6962028e-05
1764 0.0014192392 0.0025115032 -3.6412695e-05
1765 0.0014184356 0.0025164893 -3.5864156e-05
1766 0.0014176086 0.0025214901 -3.5317052e-05
1767 0.0014167573 0.0025265056 -3.4772017e-05
1768 0.0014158831 0.0025315357 -3.4228338e-05
1769 0.0014149862 0.0025365804 -3.3687217e-05
1770 0.0014140663 0.0025416399 -3.3147956e-05
1771 0.0014131258 0.0025467141 -3.2611139e-05
1772 0.0014121613 0.002551803 -3.2077157e-05
1773 0.001411177 0.0025569066 -3.1546047e-05
1774 0.0014101697 0.0025620249 -3.1017932e-05
1775 0.0014091432 0.002567158 -3.0492656e-05
1776 0.001408094 0.0025723058 -2.9970874e-05
1777 0.0014070254 0.0025774683 -2.9452366e-05
1778 0.001405938 0.0025826455 -2.8937733e-05
1779 0.001404829 0.0025878375 -2.8426795e-05
1780 0.0014037029 0.0025930443 -2.7920155e-05
1781 0.0014025563 0.0025982658 -2.7417117e-05
1782 0.0014013929 0.002603502 -2.6918863e-05
1783 0.0014002107 0.002608753 -2.642474e-05
1784 0.0013990115 0.0026140188 -2.5935673e-05
1785 0.0013977949 0.0026192993 -2.5451132e-05
1786 0.0013965629 0.0026245945 -2.4971231e-05
1787 0.0013953159 0.0026299045 -2.4497048e-05
1788 0.0013940529 0.0026352292 -2.4027518e-05
1789 0.0013927734 0.0026405686 -2.3563742e-05
1790 0.0013914814 0.0026459227 -2.3105341e-05
1791 0.0013901726 0.0026512916 -2.2652073e-05
1792 0.0013888535 0.0026566752 -2.2204906e-05
1793 0.0013875185 0.0026620735 -2.1763712e-05
1794 0.0013861711 0.0026674865 -2.1328457e-05
1795 0.0013848093 0.0026729141 -2.08992e-05
1796 0.0013834376 0.0026783564 -2.0476265e-05
1797 0.0013820537 0.0026838134 -2.0059739e-05
1798 0.0013806571 0.0026892851 -1.964961e-05
1799 0.0013792518 0.0026947713 -1.9245863e-05
1800 0.0013778363 0.0027002722 -1.8848984e-05
1801 0.0013764122 0.0027057878 -1.8458672e-05
1802 0.0013749795 0.0027113179 -1.8075433e-05
1803 0.001373539 0.0027168626 -1.769894e-05
1804 0.0013720908 0.0027224219 -1.7329886e-05
1805 0.0013706365 0.0027279958 -1.6967562e-05
1806 0.0013691762 0.0027335842 -1.6612377e-05
1807 0.0013677104 0.0027391871 -1.6264566e-05
1808 0.0013662365 0.0027448045 -1.5923948e-05
1809 0.0013647599 0.0027504365 -1.5591037e-05
1810 0.0013632779 0.0027560829 -1.5265491e-05
1811 0.0013617935 0.0027617437 -1.4947362e-05
1812 0.0013603038 0.0027674191 -1.4636767e-05
1813 0.0013588131 0.0027731088 -1.4333605e-05
1814 0.00135732 0.0027788129 -1.4038341e-05
1815 0.0013558264 0.0027845315 -1.3750509e-05
1816 0.0013543335 0.0027902644 -1.3470833e-05
1817 0.0013528363 0.0027960117 -1.3198487e-05
1818 0.0013513424 0.0028017733 -1.293423e-05
1819 0.001349849 0.0028075492 -1.2677798e-05
1820 0.0013483555 0.0028133394 -1.2428852e-05
1821 0.0013468646 0.0028191438 -1.218807e-05
1822 0.0013453803 0.0028249626 -1.1955436e-05
1823 0.0013438939 0.0028307956 -1.1730382e-05
1824 0.0013424111 0.0028366428 -1.1513529e-05
1825 0.0013409357 0.0028425041 -1.1304525e-05
1826 0.0013394607 0.0028483798 -1.1103376e-05
1827 0.0013379941 0.0028542694 -1.0910209e-05
1828 0.0013365331 0.0028601732 -1.0725264e-05
1829 0.0013350789 0.0028660912 -1.0548096e-05
1830 0.0013336307 0.0028720233 -1.0378613e-05
1831 0.0013321919 0.0028779695 -1.0217537e-05
1832 0.0013307616 0.0028839297 -1.0063937e-05
1833 0.0013293397 0.0028899039 -9.9181956e-06
1834 0.001327928 0.0028958922 -9.7807629e-06
1835 0.0013265261 0.0029018945 -9.6507498e-06
1836 0.0013251344 0.0029079107 -9.5288408e-06
1837 0.0013237531 0.002913941 -9.4146574e-06
1838 0.0013223843 0.0029199852 -9.3082286e-06
1839 0.0013210262 0.0029260433 -9.2096697e-06
1840 0.0013196829 0.0029321154 -9.1187153e-06
1841 0.0013183481 0.0029382014 -9.0356624e-06
1842 0.0013170281 0.0029443011 -8.9598612e-06
1843 0.0013157227 0.0029504148 -8.8920051e-06
1844 0.0013144328 0.0029565424 -8.8315371e-06
1845 0.0013131551 0.0029626837 -8.7782973e-06
1846 0.0013118946 0.0029688389 -8.7328941e-06
1847 0.0013106508 0.0029750079 -8.6948837e-06
1848 0.0013094196 0.0029811906 -8.6639636e-06
1849 0.0013082086 0.0029873872 -8.6403467e-06
1850 0.0013070116 0.0029935974 -8.6240839e-06
1851 0.0013058332 0.0029998215 -8.6151414e-06
1852 0.0013046721 0.0030060591 -8.6131471e-06
1853 0.0013035285 0.0030123107 -8.6184465e-06
1854 0.0013024029 0.0030185757 -8.6304573e-06
1855 0.0013012977 0.0030248546 -8.6493555e-06
1856 0.0013002122 0.0030311471 -8.6752252e-06
1857 0.0012991459 0.0030374534 -8.707484e-06
1858 0.0012980995 0.0030437733 -8.746536e-06
1859 0.0012970736 0.0030501068 -8.7920475e-06
1860 0.0012960715 0.003056454 -8.8438996e-06
1861 0.0012950862 0.0030628149 -8.9018536e-06
1862 0.0012941244 0.0030691894 -8.9665229e-06
1863 0.0012931856 0.0030755776 -9.0369649e-06
1864 0.0012922688 0.0030819795 -9.1135181e-06
1865 0.0012913746 0.0030883949 -9.1963068e-06
1866 0.0012905016 0.003094824 -9.284703e-06
1867 0.0012896528 0.0031012668 -9.3789608e-06
1868 0.0012888285 0.0031077231 -9.4786365e-06
1869 0.0012880261 0.0031141931 -9.5837471e-06
1870 0.0012872496 0.0031206768 -9.6946881e-06
1871 0.0012864972 0.0031271741 -9.8105913e-06
1872 0.0012857677 0.003133685 -9.9316144e-06
1873 0.0012850644 0.0031402097 -1.0057828e-05
1874 0.001284385 0.0031467479 -1.0189221e-05
1875 0.0012837321 0.0031532997 -1.0325268e-05
1876 0.0012831035 0.0031598652 -1.0465896e-05
1877 0.0012825016 0.0031664445 -1.0611196e-05
1878 0.0012819258 0.0031730373 -1.076113e-05
1879 0.0012813753 0.0031796438 -1.0915284e-05
1880 0.0012808504 0.0031862641 -1.1073869e-05
1881 0.0012803532 0.0031928979 -1.1236266e-05
1882 0.0012798828 0.0031995455 -1.1403063e-05
1883 0.0012794383 0.0032062067 -1.1573314e-05
1884 0.0012790196 0.0032128818 -1.1747626e-05
1885 0.0012786288 0.0032195704 -1.1925646e-05
1886 0.0012782662 0.0032262728 -1.2107184e-05
1887 0.0012779291 0.003232989 -1.2292008e-05
1888 0.0012776191 0.0032397188 -1.2480192e-05
1889 0.0012773364 0.0032464625 -1.2671799e-05
1890 0.0012770813 0.0032532199 -1.2866035e-05
1891 0.0012768536 0.0032599911 -1.3063174e-05
1892 0.0012766545 0.0032667761 -1.3263431e-05
1893 0.0012764828 0.003273575 -1.3466124e-05
1894 0.0012763372 0.0032803877 -1.3671209e-05
1895 0.0012762212 0.0032872144 -1.3878978e-05
1896 0.0012761317 0.0032940549 -1.4088847e-05
1897 0.0012760712 0.0033009094 -1.4300665e-05
1898 0.0012760383 0.0033077776 -1.451465e-05
1899 0.0012760329 0.00331466 -1.4730631e-05
1900 0.0012760563 0.0033215562 -1.4948608e-05
1901 0.0012761069 0.0033284664 -1.5167846e-05
1902 0.0012761849 0.0033353905 -1.5388789e-05
1903 0.0012762903 0.0033423289 -1.5611139e-05
1904 0.0012764243 0.0033492811 -1.5834693e-05
1905 0.001276585 0.0033562475 -1.6059467e-05
1906 0.0012767744 0.0033632281 -1.628544e-05
1907 0.0012769907 0.0033702227 -1.6512184e-05
1908 0.0012772329 0.0033772316 -1.6739592e-05
1909 0.0012775049 0.0033842547 -1.6967991e-05
1910 0.0012778036 0.003391292 -1.7196729e-05
1911 0.0012781288 0.0033983434 -1.742586e-05
1912 0.0012784822 0.0034054093 -1.7655336e-05
1913 0.0012788612 0.0034124895 -1.7885032e-05
1914 0.0012792673 0.003419584 -1.8114499e-05
1915 0.0012797003 0.003426693 -1.8344309e-05
1916 0.0012801599 0.0034338163 -1.8574069e-05
1917 0.0012806456 0.0034409542 -1.8802995e-05
1918 0.0012811575 0.0034481065 -1.9032066e-05
1919 0.001281697 0.0034552735 -1.9259991e-05
1920 0.0012822611 0.003462455 -1.9487824e-05
1921 0.0012828518 0.0034696512 -1.9714478e-05
1922 0.0012834679 0.003476862 -1.9940556e-05
1923 0.0012841091 0.0034840877 -2.0165729e-05
1924 0.0012847778 0.0034913282 -2.0389536e-05
1925 0.0012854697 0.0034985835 -2.0612163e-05
1926 0.0012861861 0.0035058536 -2.0833814e-05
1927 0.0012869286 0.0035131387 -2.1053803e-05
1928 0.0012876949 0.0035204388 -2.1272294e-05
1929 0.0012884858 0.0035277538 -2.1489124e-05
1930 0.0012893015 0.0035350839 -2.1704094e-05
1931 0.0012901407 0.0035424291 -2.19174e-05
1932 0.0012910024 0.0035497896 -2.2128793e-05
1933 0.0012918886 0.0035571652 -2.2338139e-05
1934 0.0012927974 0.003564556 -2.2545629e-05
1935 0.0012937295 0.0035719621 -2.2750567e-05
1936 0.0012946842 0.0035793835 -2.2953377e-05
1937 0.0012956613 0.0035868205 -2.3153629e-05
1938 0.001296661 0.0035942729 -2.3351419e-05
1939 0.0012976818 0.0036017408 -2.3546911e-05
1940 0.0012987241 0.0036092243 -2.3739441e-05
1941 0.0012997877 0.0036167233 -2.3929617e-05
1942 0.0013008727 0.0036242382 -2.411661e-05
1943 0.0013019792 0.0036317687 -2.4300707e-05
1944 0.0013031047 0.0036393151 -2.4482237e-05
1945 0.0013042508 0.0036468772 -2.4660242e-05
1946 0.0013054171 0.0036544552 -2.4835099e-05
1947 0.0013066029 0.0036620493 -2.5006977e-05
1948 0.0013078079 0.0036696593 -2.5175563e-05
1949 0.0013090314 0.0036772854 -2.5340476e-05
1950 0.0013102728 0.0036849275 -2.5502132e-05
1951 0.0013115343 0.0036925858 -2.5660352e-05
1952 0.0013128126 0.0037002603 -2.5815087e-05
1953 0.0013141084 0.0037079512 -2.5966024e-05
1954 0.0013154218 0.0037156585 -2.6113147e-05
1955 0.0013167527 0.0037233821 -2.6256561e-05
1956 0.0013181001 0.0037311223 -2.6396437e-05
1957 0.0013194643 0.003738879 -2.6532404e-05
1958 0.0013208447 0.0037466525 -2.666435e-05
1959 0.0013222413 0.0037544427 -2.6792507e-05
1960 0.0013236528 0.0037622495 -2.6916603e-05
1961 0.0013250806 0.0037700732 -2.7036868e-05
1962 0.0013265216 0.0037779139 -2.7152943e-05
1963 0.0013279788 0.0037857714 -2.726489e-05
1964 0.0013294498 0.0037936459 -2.7372729e-05
1965 0.0013309334 0.0038015375 -2.7476433e-05
1966 0.0013324326 0.0038094463 -2.7575918e-05
1967 0.0013339442 0.0038173723 -2.7671151e-05
1968 0.0013354681 0.0038253156 -2.7762073e-05
1969 0.0013370063 0.0038332761 -2.7848646e-05
1970 0.0013385558 0.0038412543 -2.7931012e-05
1971 0.0013401172 0.0038492499 -2.8008909e-05
1972 0.0013416911 0.003857263 -2.8082673e-05
1973 0.0013432751 0.0038652938 -2.8151947e-05
1974 0.0013448709 0.0038733422 -2.8216647e-05
1975 0.0013464785 0.0038814084 -2.8277081e-05
1976 0.0013480956 0.0038894925 -2.8332994e-05
1977 0.0013497223 0.0038975945 -2.8384291e-05
1978 0.0013513588 0.0039057143 -2.8431179e-05
1979 0.0013530036 0.0039138523 -2.8473607e-05
1980 0.0013546594 0.0039220083 -2.8511429e-05
1981 0.0013563224 0.0039301826 -2.8544965e-05
1982 0.001357995 0.0039383751 -2.857357e-05
1983 0.0013596759 0.0039465858 -2.8598126e-05
1984 0.0013613636 0.0039548152 -2.8618106e-05
1985 0.0013630605 0.0039630629 -2.8633411e-05
1986 0.0013647631 0.0039713291 -2.864443e-05
1987 0.0013664735 0.0039796141 -2.865095e-05
1988 0.001368191 0.0039879178 -2.8652885e-05
1989 0.001369914 0.0039962402 -2.8650316e-05
1990 0.0013716439 0.0040045814 -2.8643532e-05
1991 0.0013733799 0.0040129416 -2.8632003e-05
1992 0.0013751211 0.0040213207 -2.8616057e-05
1993 0.0013768663 0.0040297188 -2.8595892e-05
1994 0.0013786178 0.0040381361 -2.8571107e-05
1995 0.0013803721 0.0040465726 -2.8541875e-05
1996 0.0013821325 0.0040550283 -2.8508352e-05
1997 0.0013838962 0.0040635033 -2.8470368e-05
1998 0.0013856629 0.0040719978 -2.8427977e-05
1999 0.0013874342 0.0040805117 -2.8381461e-05
2000 0.001389207 0.0040890451 -2.8330439e-05
2001 0.0013909845 0.0040975982 -2.8275127e-05
2002 0.0013927634 0.004106171 -2.8215919e-05
2003 0.001394545 0.0041147635 -2.8152259e-05
2004 0.0013963284 0.0041233758 -2.8084257e-05
2005 0.0013981148 0.0041320081 -2.8012365e-05
2006 0.0013999022 0.0041406603 -2.7936154e-05
2007 0.0014016906 0.0041493325 -2.7856216e-05
2008 0.0014034807 0.0041580249 -2.7772046e-05
2009 0.0014052729 0.0041667375 -2.7684014e-05
2010 0.0014070638 0.0041754703 -2.7591891e-05
2011 0.0014088568 0.0041842234 -2.7495654e-05
2012 0.0014106482 0.0041929969 -2.7395749e-05
2013 0.0014124389 0.0042017907 -2.7292043e-05
2014 0.0014142333 0.0042106052 -2.7184339e-05
2015 0.0014160244 0.0042194402 -2.7073025e-05
2016 0.0014178119 0.004228296 -2.6958047e-05
2017 0.0014196039 0.0042371724 -2.6839611e-05
2018 0.0014213934 0.0042460697 -2.6717622e-05
2019 0.0014231818 0.0042549879 -2.659201e-05
2020 0.0014249685 0.0042639269 -2.6463283e-05
2021 0.0014267536 0.0042728872 -2.6331055e-05
2022 0.0014285392 0.0042818684 -2.6195581e-05
2023 0.0014303212 0.0042908708 -2.6057009e-05
2024 0.0014321025 0.0042998945 -2.5915029e-05
2025 0.0014338817 0.0043089394 -2.5769967e-05
2026 0.001435658 0.0043180058 -2.5621981e-05
2027 0.001437432 0.0043270935 -2.5471026e-05
2028 0.0014392042 0.0043362028 -2.5316975e-05
2029 0.001440973 0.0043453336 -2.5159944e-05
2030 0.001442739 0.0043544861 -2.5000302e-05
2031 0.0014445037 0.0043636603 -2.4837738e-05
2032 0.0014462642 0.0043728562 -2.4672752e-05
2033 0.0014480213 0.004382074 -2.4505032e-05
2034 0.0014497761 0.0043913137 -2.4334585e-05
2035 0.0014515274 0.0044005754 -2.4161801e-05
2036 0.0014532757 0.0044098591 -2.3986755e-05
2037 0.0014550195 0.0044191649 -2.3809106e-05
2038 0.0014567607 0.0044284928 -2.3629251e-05
2039 0.0014584975 0.004437843 -2.3447075e-05
2040 0.0014602306 0.0044472155 -2.3262887e-05
2041 0.0014619588 0.0044566104 -2.3076637e-05
2042 0.0014636833 0.0044660276 -2.2888039e-05
2043 0.0014654043 0.0044754674 -2.2697683e-05
2044 0.0014671209 0.0044849297 -2.2505474e-05
2045 0.001468834 0.0044944146 -2.2311401e-05
2046 0.0014705428 0.0045039222 -2.2115482e-05
2047 0.0014722463 0.0045134526 -2.1917969e-05
2048 0.0014739468 0.0045230057 -2.1719035e-05
2049 0.0014756432 0.0045325818 -2.1518514e-05
2050 0.0014773355 0.0045421808 -2.1316559e-05
2051 0.001479023 0.0045518027 -2.1113241e-05
2052 0.0014807068 0.0045614478 -2.0908666e-05
2053 0.0014823856 0.0045711159 -2.0702673e-05
2054 0.00148406 0.0045808072 -2.0495706e-05
2055 0.0014857294 0.0045905217 -2.0287454e-05
2056 0.0014873954 0.0046002595 -2.0078218e-05
2057 0.0014890561 0.0046100207 -1.9867994e-05
2058 0.0014907134 0.0046198053 -1.9656973e-05
2059 0.0014923653 0.0046296133 -1.9445126e-05
2060 0.0014940138 0.0046394449 -1.9232466e-05
2061 0.0014956572 0.0046493001 -1.9019107e-05
2062 0.0014972975 0.0046591789 -1.880521e-05
2063 0.0014989327 0.0046690814 -1.8590992e-05
2064 0.0015005638 0.0046790076 -1.8375979e-05
2065 0.0015021918 0.0046889577 -1.8160813e-05
2066 0.0015038152 0.0046989316 -1.7945272e-05
2067 0.0015054344 0.0047089295 -1.7729431e-05
2068 0.0015070508 0.0047189514 -1.7513621e-05
2069 0.0015086623 0.0047289973 -1.7297577e-05
2070 0.0015102713 0.0047390673 -1.7081645e-05
2071 0.0015118765 0.0047491614 -1.6865572e-05
2072 0.0015134768 0.0047592797 -1.6649676e-05
2073 0.0015150745 0.0047694223 -1.6434042e-05
2074 0.0015166685 0.0047795893 -1.6218596e-05
2075 0.0015182603 0.0047897806 -1.6003307e-05
2076 0.0015198469 0.0047999963 -1.578843e-05
2077 0.0015214313 0.0048102365 -1.5574107e-05
2078 0.0015230121 0.0048205012 -1.5360239e-05
2079 0.0015245904 0.0048307905 -1.514681e-05
2080 0.001526166 0.0048411044 -1.4934283e-05
2081 0.0015277395 0.0048514431 -1.4722228e-05
2082 0.00152931 0.0048618064 -1.4511005e-05
2083 0.0015308785 0.0048721946 -1.4300783e-05
2084 0.0015324443 0.0048826077 -1.4091186e-05
2085 0.0015340097 0.0048930456 -1.3882818e-05
2086 0.0015355717 0.0049035085 -1.3675362e-05
2087 0.001537132 0.0049139964 -1.346893e-05
2088 0.0015386921 0.0049245094 -1.3263646e-05
2089 0.0015402497 0.0049350475 -1.3059646e-05
2090 0.0015418058 0.0049456108 -1.2856742e-05
2091 0.0015433603 0.0049561992 -1.2655172e-05
2092 0.0015449132 0.004966813 -1.2455002e-05
2093 0.0015464659 0.004977452 -1.225611e-05
2094 0.001548018 0.0049881164 -1.2058721e-05
2095 0.0015495683 0.0049988062 -1.1862944e-05
2096 0.0015511193 0.0050095215 -1.1668563e-05
2097 0.0015526696 0.0050202623 -1.1475876e-05
2098 0.0015542191 0.0050310287 -1.1284813e-05
2099 0.0015557692 0.0050418207 -1.1095581e-05
2100 0.0015573183 0.0050526384 -1.0907917e-05
2101 0.001558868 0.0050634817 -1.0722122e-05
2102 0.0015604176 0.0050743509 -1.0538163e-05
2103 0.0015619679 0.0050852458 -1.0356099e-05
2104 0.001563518 0.0050961667 -1.0175925e-05
2105 0.0015650692 0.0051071134 -9.9978349e-06
2106 0.0015666207 0.0051180861 -9.8215194e-06
2107 0.0015681742 0.0051290848 -9.6474083e-06
2108 0.0015697276 0.0051401096 -9.4754766e-06
2109 0.0015712841 0.0051511604 -9.3053937e-06
2110 0.0015728415 0.0051622375 -9.1377363e-06
2111 0.0015744017 0.0051733407 -8.9720929e-06
2112 0.0015759637 0.0051844702 -8.8088041e-06
2113 0.0015775284 0.005195626 -8.6476552e-06
2114 0.001579095 0.0052068082 -8.4888678e-06
2115 0.0015806652 0.0052180168 -8.3323688e-06
2116 0.0015822379 0.0052292518 -8.1782903e-06
2117 0.0015838141 0.0052405133 -8.0264739e-06
2118 0.001585393 0.0052518013 -7.8771642e-06
2119 0.0015869763 0.005263116 -7.7301331e-06
2120 0.0015885616 0.0052744573 -7.5856996e-06
2121 0.0015901525 0.0052858252 -7.4436848e-06
2122 0.0015917464 0.00529722 -7.3041741e-06
2123 0.0015933446 0.0053086415 -7.1671097e-06
2124 0.0015949488 0.0053200898 -7.0327065e-06
2125 0.0015965561 0.0053315651 -6.9007057e-06
2126 0.0015981692 0.0053430672 -6.7713586e-06
2127 0.0015997872 0.0053545964 -6.6446315e-06
2128 0.001601411 0.0053661525 -6.5203976e-06
2129 0.0016030405 0.0053777358 -6.3988848e-06
2130 0.0016046745 0.0053893462 -6.2799281e-06
2131 0.0016063151 0.0054009837 -6.1636764e-06
2132 0.0016079612 0.0054126485 -6.0501229e-06
2133 0.0016096139 0.0054243406 -5.9391672e-06
2134 0.0016112726 0.0054360599 -5.8310133e-06
2135 0.0016129386 0.0054478067 -5.7254844e-06
2136 0.0016146116 0.0054595808 -5.6227042e-06
2137 0.0016162908 0.0054713825 -5.5225114e-06
2138 0.0016179778 0.0054832116 -5.4251688e-06
2139 0.001619673 0.0054950683 -5.3304153e-06
2140 0.0016213759 0.0055069527 -5.238453e-06
2141 0.0016230865 0.0055188647 -5.1491807e-06
2142 0.0016248055 0.0055308044 -5.0627501e-06
2143 0.0016265322 0.0055427719 -4.9789036e-06
2144 0.0016282683 0.0055547673 -4.8978084e-06
2145 0.0016300127 0.0055667904 -4.819449e-06
2146 0.0016317654 0.0055788415 -4.7438783e-06
2147 0.0016335272 0.0055909206 -4.6709849e-06
2148 0.0016352981 0.0056030277 -4.600818e-06
2149 0.0016370789 0.0056151628 -4.5333631e-06
2150 0.0016388687 0.0056273261 -4.4687856e-06
2151 0.0016406683 0.0056395175 -4.4065918e-06
2152 0.0016424773 0.0056517372 -4.3473768e-06
2153 0.0016442971 0.0056639851 -4.2906276e-06
2154 0.0016461265 0.0056762614 -4.2367638e-06
2155 0.0016479672 0.005688566 -4.1854924e-06
2156 0.0016498174 0.0057008991 -4.1369335e-06
2157 0.0016516785 0.0057132606 -4.0908868e-06
2158 0.0016535508 0.0057256507 -4.0474775e-06
2159 0.0016554332 0.0057380694 -4.0068155e-06
2160 0.0016573275 0.0057505167 -3.9687042e-06
2161 0.0016592328 0.0057629927 -3.9331141e-06
2162 0.0016611497 0.0057754975 -3.9000612e-06
2163 0.0016630783 0.0057880311 -3.8695337e-06
2164 0.0016650186 0.0058005935 -3.8415954e-06
2165 0.0016669702 0.0058131848 -3.8161595e-06
2166 0.0016689343 0.0058258051 -3.7931889e-06
2167 0.0016709107 0.0058384544 -3.7727472e-06
2168 0.001672899 0.0058511329 -3.7546706e-06
2169 0.0016748997 0.0058638404 -3.7389642e-06
2170 0.0016769134 0.0058765771 -3.7257477e-06
2171 0.0016789391 0.0058893431 -3.7147866e-06
2172 0.0016809784 0.0059021384 -3.7061567e-06
2173 0.0016830307 0.0059149631 -3.6998163e-06
2174 0.0016850966 0.0059278172 -3.6957302e-06
2175 0.0016871761 0.0059407008 -3.6938177e-06
2176 0.001689269 0.0059536139 -3.6941419e-06
2177 0.0016913754 0.0059665567 -3.6966028e-06
2178 0.0016934951 0.0059795291 -3.7012632e-06
2179 0.001695629 0.0059925312 -3.7079667e-06
2180 0.0016977772 0.0060055631 -3.7168737e-06
2181 0.0016999385 0.0060186249 -3.7277613e-06
2182 0.0017021149 0.0060317165 -3.7406222e-06
2183 0.0017043051 0.0060448382 -3.7555147e-06
2184 0.0017065102 0.0060579898 -3.772438e-06
2185 0.001708729 0.0060711716 -3.7913422e-06
2186 0.0017109626 0.0060843834 -3.8118958e-06
2187 0.0017132118 0.0060976255 -3.8343376e-06
2188 0.0017154746 0.0061108979 -3.8587662e-06
2189 0.001717753 0.0061242007 -3.8848648e-06
2190 0.0017200467 0.0061375338 -3.9127109e-06
2191 0.0017223548 0.0061508974 -3.9423722e-06
2192 0.0017246784 0.0061642915 -3.9736525e-06
2193 0.0017270171 0.0061777162 -4.0066845e-06
2194 0.00172937 0.0061911716 -4.0411511e-06
2195 0.001731739 0.0062046577 -4.0774153e-06
2196 0.001734124 0.0062181746 -4.1150506e-06
2197 0.0017365242 0.0062317224 -4.1543463e-06
2198 0.0017389393 0.006245301 -4.195034e-06
2199 0.0017413701 0.0062589107 -4.2370461e-06
2200 0.0017438169 0.0062725514 -4.2806449e-06
2201 0.0017462794 0.0062862233 -4.3255027e-06
2202 0.0017487578 0.0062999263 -4.3716571e-06
2203 0.0017512518 0.0063136607 -4.4191689e-06
2204 0.0017537626 0.0063274264 -4.4678418e-06
2205 0.0017562888 0.0063412234 -4.5176914e-06
2206 0.0017588308 0.006355052 -4.5687619e-06
2207 0.001761389 0.0063689121 -4.6209503e-06
2208 0.0017639629 0.0063828038 -4.6742093e-06
2209 0.0017665531 0.0063967272 -4.7285882e-06
2210 0.00176916 0.0064106824 -4.7838334e-06
2211 0.001771782 0.0064246694 -4.8401742e-06
2212 0.0017744205 0.0064386883 -4.8974846e-06
2213 0.0017770753 0.0064527392 -4.9555771e-06
2214 0.0017797464 0.0064668221 -5.0145656e-06
2215 0.0017824327 0.0064809372 -5.0742777e-06
2216 0.0017851363 0.0064950845 -5.1348703e-06
2217 0.0017878562 0.0065092641 -5.1961095e-06
2218 0.0017905921 0.006523476 -5.2580159e-06
2219 0.0017933435 0.0065377203 -5.3207243e-06
2220 0.0017961118 0.0065519972 -5.3838728e-06
2221 0.0017988964 0.0065663067 -5.4475754e-06
2222 0.001801697 0.0065806488 -5.5119227e-06
2223 0.0018045147 0.0065950237 -5.5766863e-06
2224 0.0018073478 0.0066094314 -5.641994e-06
2225 0.0018101978 0.006623872 -5.707519e-06
2226 0.001813063 0.0066383456 -5.7735292e-06
2227 0.0018159452 0.0066528522 -5.8398553e-06
2228 0.0018188436 0.006667392 -5.9065166e-06
2229 0.0018217571 0.006681965 -5.9734157e-06
2230 0.0018246877 0.0066965712 -6.0405901e-06
2231 0.0018276343 0.0067112109 -6.1078056e-06
2232 0.0018305973 0.006725884 -6.1753207e-06
2233 0.0018335753 0.0067405907 -6.2428301e-06
2234 0.0018365703 0.006755331 -6.3104571e-06
2235 0.0018395807 0.006770105 -6.3780837e-06
2236 0.0018426081 0.0067849128 -6.4456428e-06
2237 0.0018456509 0.0067997545 -6.5132651e-06
2238 0.0018487097 0.0068146302 -6.5807394e-06
2239 0.0018517839 0.00682954 -6.6481505e-06
2240 0.0018548752 0.0068444838 -6.7153806e-06
2241 0.001857981 0.0068594619 -6.7824151e-06
2242 0.001861103 0.0068744744 -6.8492851e-06
2243 0.0018642413 0.0068895212 -6.9158012e-06
2244 0.001867395 0.0069046025 -6.9820917e-06
2245 0.0018705641 0.0069197183 -7.0480255e-06
2246 0.0018737487 0.0069348688 -7.1136995e-06
2247 0.0018769488 0.0069500541 -7.1789382e-06
2248 0.0018801645 0.0069652742 -7.2438752e-06
2249 0.0018833957 0.0069805292 -7.3082317e-06
2250 0.0018866424 0.0069958192 -7.3721727e-06
2251 0.0018899049 0.0070111444 -7.435548e-06
2252 0.0018931821 0.0070265047 -7.4984637e-06
2253 0.001896474 0.0070419003 -7.560786e-06
2254 0.0018997819 0.0070573312 -7.6225512e-06
2255 0.0019031036 0.0070727977 -7.6836612e-06
2256 0.0019064413 0.0070882996 -7.7440958e-06
2257 0.0019097939 0.0071038372 -7.8039652e-06
2258 0.0019131616 0.0071194105 -7.8630999e-06
2259 0.0019165434 0.0071350197 -7.9215346e-06
2260 0.0019199404 0.0071506647 -7.9791826e-06
2261 0.0019233527 0.0071663458 -8.0360414e-06
2262 0.0019267793 0.0071820629 -8.0921813e-06
2263 0.0019302194 0.0071978163 -8.1474861e-06
2264 0.0019336749 0.007213606 -8.2019047e-06
2265 0.001937145 0.0072294321 -8.2554547e-06
2266 0.0019406297 0.0072452946 -8.3082324e-06
2267 0.0019441279 0.0072611938 -8.3599991e-06
2268 0.0019476403 0.0072771297 -8.4108885e-06
2269 0.0019511672 0.0072931023 -8.4607478e-06
2270 0.0019547083 0.0073091118 -8.5097779e-06
2271 0.0019582633 0.0073251583 -8.557818e-06
2272 0.0019618325 0.0073412419 -8.6047799e-06
2273 0.0019654158 0.0073573626 -8.6508067e-06
2274 0.0019690126 0.0073735206 -8.6957242e-06
2275 0.0019726226 0.007389716 -8.7396011e-06
2276 0.001976247 0.0074059489 -8.7824603e-06
2277 0.0019798842 0.0074222193 -8.8242475e-06
2278 0.001983535 0.0074385274 -8.8649051e-06
2279 0.0019871995 0.0074548732 -8.9044497e-06
2280 0.0019908778 0.007471257 -8.9429742e-06
2281 0.001994569 0.0074876787 -8.9801543e-06
2282 0.0019982733 0.0075041385 -9.0163009e-06
2283 0.0020019898 0.0075206364 -9.0513377e-06
2284 0.0020057205 0.0075371727 -9.0851091e-06
2285 0.0020094635 0.0075537473 -9.1176938e-06
2286 0.0020132199 0.0075703604 -9.1491431e-06
2287 0.0020169889 0.007587012 -9.1793652e-06
2288 0.0020207705 0.0076037024 -9.2083121e-06
2289 0.0020245648 0.0076204315 -9.235999e-06
2290 0.0020283719 0.0076371995 -9.262511e-06
2291 0.0020321909 0.0076540066 -9.2877756e-06
2292 0.0020360231 0.0076708527 -9.3118837e-06
2293 0.0020398673 0.0076877381 -9.3345652e-06
2294 0.0020437237 0.0077046627 -9.3562181e-06
2295 0.0020475925 0.0077216268 -9.3763762e-06
2296 0.0020514729 0.0077386305 -9.3953471e-06
2297 0.0020553657 0.0077556737 -9.4130851e-06
2298 0.0020592702 0.0077727567 -9.4295302e-06
2299 0.0020631874 0.0077898795 -9.4446605e-06
2300 0.0020671156 0.0078070423 -9.4583807e-06
2301 0.0020710557 0.0078242452 -9.4710366e-06
2302 0.0020750077 0.0078414882 -9.4821567e-06
2303 0.0020789703 0.0078587714 -9.4922312e-06
2304 0.0020829458 0.007876095 -9.5008765e-06
2305 0.0020869319 0.0078934591 -9.508246e-06
2306 0.0020909295 0.0079108638 -9.5142873e-06
2307 0.0020949386 0.0079283092 -9.519e-06
2308 0.0020989586 0.0079457955 -9.5225084e-06
2309 0.0021029893 0.0079633226 -9.5246781e-06
2310 0.002107032 0.0079808907 -9.5256669e-06
2311 0.0021110856 0.0079985 -9.525342e-06
2312 0.0021151496 0.0080161505 -9.5236698e-06
2313 0.0021192245 0.0080338424 -9.5208207e-06
2314 0.002123311 0.0080515757 -9.5167197e-06
2315 0.0021274078 0.0080693506 -9.5113101e-06
2316 0.0021315153 0.0080871672 -9.5047159e-06
2317 0.0021356336 0.0081050256 -9.4968418e-06
2318 0.0021397625 0.0081229258 -9.4876986e-06
2319 0.0021439013 0.0081408681 -9.4773854e-06
2320 0.0021480512 0.0081588525 -9.4658854e-06
2321 0.0021522111 0.0081768792 -9.4530976e-06
2322 0.0021563813 0.0081949482 -9.4392275e-06
2323 0.0021605626 0.0082130596 -9.4240042e-06
2324 0.0021647535 0.0082312136 -9.4077343e-06
2325 0.0021689549 0.0082494104 -9.3902858e-06
2326 0.0021731659 0.0082676499 -9.3716944e-06
2327 0.0021773875 0.0082859323 -9.3519042e-06
2328 0.0021816191 0.0083042578 -9.3310722e-06
2329 0.0021858614 0.0083226264 -9.3091408e-06
2330 0.002190113 0.0083410383 -9.286112e-06
2331 0.0021943745 0.0083594935 -9.2620052e-06
2332 0.0021986463 0.0083779923 -9.2368097e-06
2333 0.0022029283 0.0083965346 -9.21057e-06
2334 0.00220722 0.0084151206 -9.183298e-06
2335 0.002211521 0.0084337505 -9.1549498e-06
2336 0.0022158317 0.0084524243 -9.1256548e-06
2337 0.0022201531 0.0084711422 -9.0953155e-06
2338 0.0022244834 0.0084899042 -9.0639794e-06
2339 0.0022288235 0.0085087105 -9.0316706e-06
2340 0.0022331735 0.0085275612 -8.9984663e-06
2341 0.0022375327 0.0085464565 -8.964262e-06
2342 0.0022419021 0.0085653963 -8.9291222e-06
2343 0.0022462808 0.008584381 -8.8930886e-06
2344 0.0022506688 0.0086034105 -8.8561887e-06
2345 0.0022550663 0.0086224849 -8.8184025e-06
2346 0.0022594743 0.0086416045 -8.7797502e-06
2347 0.0022638909 0.0086607693 -8.7401882e-06
2348 0.0022683173 0.0086799794 -8.6998531e-06
2349 0.0022727527 0.008699235 -8.6586454e-06
2350 0.0022771976 0.0087185361 -8.6167047e-06
2351 0.0022816527 0.0087378829 -8.5739434e-06
2352 0.0022861167 0.0087572756 -8.5304618e-06
2353 0.00229059 0.0087767141 -8.4861353e-06
2354 0.0022950723 0.0087961987 -8.4412768e-06
2355 0.0022995649 0.0088157294 -8.3954963e-06
2356 0.002304066 0.0088353065 -8.3491055e-06
2357 0.0023085774 0.0088549299 -8.3021846e-06
2358 0.0023130974 0.0088745998 -8.2545643e-06
2359 0.0023176276 0.0088943164 -8.2062543e-06
2360 0.0023221668 0.0089140797 -8.157336e-06
2361 0.0023267155 0.0089338899 -8.107861e-06
2362 0.0023312731 0.0089537471 -8.0577911e-06
2363 0.0023358405 0.0089736514 -8.0072708e-06
2364 0.0023404168 0.0089936029 -7.9561043e-06
2365 0.002345003 0.0090136018 -7.9045253e-06
2366 0.0023495991 0.0090336481 -7.8524139e-06
2367 0.0023542034 0.0090537421 -7.7998616e-06
2368 0.0023588178 0.0090738837 -7.7468398e-06
2369 0.0023634422 0.0090940732 -7.6934981e-06
2370 0.002368075 0.0091143106 -7.6395547e-06
2371 0.0023727179 0.0091345962 -7.5853237e-06
2372 0.0023773703 0.0091549299 -7.5307404e-06
2373 0.0023820329 0.0091753119 -7.4758879e-06
2374 0.002386704 0.0091957423 -7.4206526e-06
2375 0.0023913854 0.0092162214 -7.3651266e-06
2376 0.0023960764 0.0092367491 -7.3093636e-06
2377 0.0024007761 0.0092573256 -7.2532943e-06
2378 0.0024054862 0.0092779511 -7.1969367e-06
2379 0.0024102059 0.0092986256 -7.1404542e-06
2380 0.0024149361 0.0093193493 -7.0837324e-06
2381 0.0024196753 0.0093401222 -7.0268268e-06
2382 0.0024244241 0.0093609446 -6.9698213e-06
2383 0.0024291826 0.0093818166 -6.9126486e-06
2384 0.002433951 0.0094027382 -6.8553199e-06
2385 0.0024387301 0.0094237096 -6.7978459e-06
2386 0.0024435181 0.0094447309 -6.7403736e-06
2387 0.002448316 0.0094658023 -6.6828228e-06
2388 0.0024531247 0.0094869238 -6.6252209e-06
2389 0.0024579434 0.0095080957 -6.5675967e-06
2390 0.0024627712 0.0095293179 -6.5099906e-06
2391 0.0024676098 0.0095505907 -6.4523876e-06
2392 0.0024724592 0.0095719142 -6.3948637e-06
2393 0.0024773178 0.0095932884 -6.3373702e-06
2394 0.0024821874 0.0096147136 -6.2799699e-06
2395 0.002487067 0.0096361899 -6.2226456e-06
2396 0.0024919577 0.0096577173 -6.1654322e-06
2397 0.0024968584 0.009679296 -6.1083862e-06
2398 0.0025017693 0.0097009261 -6.0513902e-06
2399 0.0025066911 0.0097226078 -5.994669e-06
2400 0.0025116232 0.0097443412 -5.9380271e-06
2401 0.0025165655 0.0097661264 -5.8816449e-06
2402 0.0025215197 0.0097879635 -5.8254839e-06
2403 0.0025264833 0.0098098527 -5.7695442e-06
2404 0.0025314588 0.0098317941 -5.7138493e-06
2405 0.0025364446 0.0098537878 -5.6583744e-06
2406 0.0025414415 0.0098758339 -5.6032076e-06
2407 0.0025464496 0.0098979327 -5.5483572e-06
2408 0.002551468 0.0099200841 -5.4937886e-06
2409 0.0025564983 0.0099422884 -5.4395359e-06
2410 0.002561539 0.0099645456 -5.3855956e-06
2411 0.0025665917 0.009986856 -5.3320555e-06
2412 0.0025716547 0.01000922 -5.278833e-06
2413 0.0025767299 0.010031637 -5.225998e-06
2414 0.0025818161 0.010054107 -5.1735868e-06
2415 0.0025869136 0.010076631 -5.121592e-06
2416 0.0025920231 0.010099209 -5.0699575e-06
2417 0.0025971439 0.010121841 -5.0187959e-06
2418 0.0026022767 0.010144526 -4.968047e-06
2419 0.0026074207 0.010167266 -4.9178355e-06
2420 0.0026125776 0.01019006 -4.8680285e-06
2421 0.0026177457 0.010212909 -4.8187272e-06
2422 0.002622926 0.010235812 -4.7699474e-06
2423 0.002628119 0.01025877 -4.7216512e-06
2424 0.0026333233 0.010281782 -4.673892e-06
2425 0.0026385405 0.01030485 -4.6265871e-06
2426 0.0026437698 0.010327973 -4.5799299e-06
2427 0.002649011 0.01035115 -4.5337955e-06
2428 0.0026542652 0.010374384 -4.4881323e-06
2429 0.0026595321 0.010397672 -4.4430859e-06
2430 0.0026648111 0.010421017 -4.3986686e-06
2431 0.0026701031 0.010444417 -4.3548072e-06
2432 0.0026754077 0.010467873 -4.3115027e-06
2433 0.0026807254 0.010491385 -4.2688492e-06
2434 0.0026860565 0.010514953 -4.2267519e-06
2435 0.0026913997 0.010538578 -4.1853522e-06
2436 0.0026967566 0.010562258 -4.1445392e-06
2437 0.0027021262 0.010585996 -4.1043688e-06
2438 0.0027075095 0.01060979 -4.064842e-06
2439 0.0027129055 0.010633641 -4.025971e-06
2440 0.0027183153 0.010657549 -3.9877293e-06
2441 0.0027237384 0.010681515 -3.9501737e-06
2442 0.0027291753 0.010705537 -3.9132986e-06
2443 0.0027346248 0.010729617 -3.8770704e-06
2444 0.0027400888 0.010753755 -3.8415494e-06
2445 0.002745567 0.01077795 -3.8066929e-06
2446 0.002751058 0.010802203 -3.7725326e-06
2447 0.0027565641 0.010826514 -3.7390267e-06
2448 0.0027620838 0.010850883 -3.7062784e-06
2449 0.0027676168 0.01087531 -3.6741899e-06
2450 0.0027731651 0.010899796 -3.6428509e-06
2451 0.0027787268 0.010924341 -3.6121912e-06
2452 0.0027843036 0.010948944 -3.5822318e-06
2453 0.0027898938 0.010973606 -3.5530175e-06
2454 0.0027954991 0.010998326 -3.5244954e-06
2455 0.0028011187 0.011023106 -3.4966797e-06
2456 0.0028067533 0.011047946 -3.4695998e-06
2457 0.0028124029 0.011072844 -3.4432266e-06
2458 0.0028180667 0.011097803 -3.4176412e-06
2459 0.0028237447 0.011122821 -3.3926985e-06
2460 0.0028294385 0.011147898 -3.3684643e-06
2461 0.0028351474 0.011173036 -3.3450444e-06
2462 0.0028408704 0.011198234 -3.3222711e-06
2463 0.0028466099 0.011223492 -3.3001878e-06
2464 0.0028523637 0.011248811 -3.2789043e-06
2465 0.0028581332 0.01127419 -3.2582863e-06
2466 0.0028639177 0.01129963 -3.238362e-06
2467 0.0028697179 0.011325131 -3.2191985e-06
2468 0.0028755337 0.011350693 -3.2006482e-06
2469 0.0028813654 0.011376316 -3.1829348e-06
2470 0.002887212 0.011402001 -3.1658593e-06
2471 0.0028930751 0.011427747 -3.1494569e-06
2472 0.0028989539 0.011453555 -3.1337526e-06
2473 0.0029048485 0.011479424 -3.1187905e-06
2474 0.0029107588 0.011505355 -3.1044669e-06
2475 0.0029166856 0.011531349 -3.0908763e-06
2476 0.002922628 0.011557404 -3.077956e-06
2477 0.002928587 0.011583523 -3.0656785e-06
2478 0.0029345624 0.011609703 -3.0540801e-06
2479 0.0029405544 0.011635947 -3.0431295e-06
2480 0.0029465621 0.011662253 -3.0328876e-06
2481 0.002952587 0.011688622 -3.0232378e-06
2482 0.0029586284 0.011715055 -3.0142502e-06
2483 0.0029646863 0.01174155 -3.0059561e-06
2484 0.0029707607 0.01176811 -2.9982332e-06
2485 0.0029768523 0.011794733 -2.9911701e-06
2486 0.0029829613 0.011821419 -2.9846907e-06
2487 0.0029890868 0.01184817 -2.9788487e-06
2488 0.0029952295 0.011874985 -2.9736196e-06
2489 0.0030013887 0.011901864 -2.9690191e-06
2490 0.0030075652 0.011928808 -2.964936e-06
2491 0.0030137598 0.011955816 -2.9615379e-06
2492 0.0030199709 0.011982889 -2.9586556e-06
2493 0.0030261994 0.012010027 -2.956373e-06
2494 0.0030324455 0.01203723 -2.9546327e-06
2495 0.003038709 0.012064498 -2.9534875e-06
2496 0.0030449901 0.012091832 -2.9529024e-06
2497 0.0030512888 0.012119231 -2.9527864e-06
2498 0.0030576052 0.012146696 -2.9532827e-06
2499 0.0030639392 0.012174227 -2.9542277e-06
2500 0.0030702911 0.012201824 -2.9557705e-06
