3.000000000000000000e+01 0.000000000000000000e+00 0.000000000000000000e+00 1.215984946236559202e-10
3.100000000000000000e+01 0.000000000000000000e+00 0.000000000000000000e+00 1.141116532258064504e-10
3.200000000000000000e+01 0.000000000000000000e+00 0.000000000000000000e+00 1.073061363636363597e-10
3.300000000000000000e+01 0.000000000000000000e+00 0.000000000000000000e+00 1.011017468805704084e-10
3.400000000000000000e+01 0.000000000000000000e+00 0.000000000000000000e+00 9.542968067226891229e-11
3.500000000000000000e+01 0.000000000000000000e+00 0.000000000000000000e+00 9.023073015873015916e-11
3.600000000000000000e+01 0.000000000000000000e+00 0.000000000000000000e+00 8.545369369369368737e-11
3.700000000000000000e+01 0.000000000000000000e+00 0.000000000000000000e+00 8.105411095305832299e-11
3.800000000000000000e+01 0.000000000000000000e+00 0.000000000000000000e+00 7.699325236167341420e-11
3.900000000000000000e+01 0.000000000000000000e+00 0.000000000000000000e+00 7.323717948717947686e-11
4.000000000000000000e+01 0.000000000000000000e+00 0.000000000000000000e+00 6.975614634146342510e-11
4.100000000000000000e+01 0.000000000000000000e+00 0.000000000000000000e+00 6.652397212543554102e-11
4.200000000000000000e+01 0.000000000000000000e+00 0.000000000000000000e+00 6.351745293466223191e-11
4.300000000000000000e+01 0.000000000000000000e+00 0.000000000000000000e+00 6.071606765327696128e-11
4.400000000000000000e+01 0.000000000000000000e+00 0.000000000000000000e+00 5.810157575757575795e-11
4.500000000000000000e+01 0.000000000000000000e+00 0.000000000000000000e+00 5.565771980676328752e-11
4.600000000000000000e+01 0.000000000000000000e+00 0.000000000000000000e+00 5.336997224791859458e-11
4.700000000000000000e+01 0.000000000000000000e+00 0.000000000000000000e+00 5.122531914893616939e-11
4.800000000000000000e+01 0.000000000000000000e+00 0.000000000000000000e+00 4.921205782312925207e-11
4.900000000000000000e+01 0.000000000000000000e+00 0.000000000000000000e+00 4.731968979591836105e-11
5.000000000000000000e+01 0.000000000000000000e+00 0.000000000000000000e+00 4.553872941176470736e-11
5.100000000000000000e+01 0.000000000000000000e+00 0.000000000000000000e+00 4.386058823529411772e-11
5.200000000000000000e+01 0.000000000000000000e+00 0.000000000000000000e+00 4.227751814223512505e-11
5.300000000000000000e+01 0.000000000000000000e+00 0.000000000000000000e+00 4.078247379454926122e-11
5.400000000000000000e+01 0.000000000000000000e+00 0.000000000000000000e+00 3.936905050505049990e-11
5.500000000000000000e+01 0.000000000000000000e+00 0.000000000000000000e+00 3.803142857142856857e-11
5.600000000000000000e+01 0.000000000000000000e+00 0.000000000000000000e+00 3.676426065162906746e-11
5.700000000000000000e+01 0.000000000000000000e+00 0.000000000000000000e+00 3.556271022383545346e-11
5.800000000000000000e+01 0.000000000000000000e+00 0.000000000000000000e+00 3.442231443600233892e-11
5.900000000000000000e+01 0.000000000000000000e+00 0.000000000000000000e+00 3.333900564971751544e-11
6.000000000000000000e+01 0.000000000000000000e+00 0.000000000000000000e+00 3.230903825136612274e-11
6.100000000000000000e+01 0.000000000000000000e+00 0.000000000000000000e+00 3.132896879957694483e-11
6.200000000000000000e+01 0.000000000000000000e+00 0.000000000000000000e+00 3.039562724014336816e-11
6.300000000000000000e+01 0.000000000000000000e+00 0.000000000000000000e+00 2.950610119047619295e-11
6.400000000000000000e+01 0.000000000000000000e+00 0.000000000000000000e+00 2.865768269230768990e-11
6.500000000000000000e+01 0.000000000000000000e+00 0.000000000000000000e+00 2.784789743589743556e-11
6.600000000000000000e+01 0.000000000000000000e+00 0.000000000000000000e+00 2.707442786069651984e-11
6.700000000000000000e+01 0.000000000000000000e+00 0.000000000000000000e+00 2.633513608428446317e-11
6.800000000000000000e+01 0.000000000000000000e+00 0.000000000000000000e+00 2.562804774083546440e-11
6.900000000000000000e+01 0.000000000000000000e+00 0.000000000000000000e+00 2.495132091097308565e-11
7.000000000000000000e+01 0.000000000000000000e+00 0.000000000000000000e+00 2.430324346076458530e-11
7.100000000000000000e+01 0.000000000000000000e+00 0.000000000000000000e+00 2.368223004694835521e-11
7.200000000000000000e+01 0.000000000000000000e+00 0.000000000000000000e+00 2.308679604261795736e-11
7.300000000000000000e+01 0.000000000000000000e+00 0.000000000000000000e+00 2.251554979637171442e-11
7.400000000000000000e+01 0.000000000000000000e+00 0.000000000000000000e+00 2.196722162162162060e-11
7.500000000000000000e+01 0.000000000000000000e+00 0.000000000000000000e+00 2.144058245614035001e-11
7.600000000000000000e+01 0.000000000000000000e+00 0.000000000000000000e+00 2.093452494873547548e-11
7.700000000000000000e+01 0.000000000000000000e+00 0.000000000000000000e+00 2.044798534798534965e-11
7.800000000000000000e+01 0.000000000000000000e+00 0.000000000000000000e+00 1.997998052580330804e-11
7.900000000000000000e+01 0.000000000000000000e+00 0.000000000000000000e+00 1.952957594936708905e-11
8.000000000000000000e+01 0.000000000000000000e+00 0.000000000000000000e+00 1.909591358024691447e-11
8.100000000000000000e+01 0.000000000000000000e+00 0.000000000000000000e+00 1.867816922613670704e-11
8.200000000000000000e+01 0.000000000000000000e+00 0.000000000000000000e+00 1.827558037026153401e-11
8.300000000000000000e+01 0.000000000000000000e+00 0.000000000000000000e+00 1.788742398164084749e-11
8.400000000000000000e+01 0.000000000000000000e+00 0.000000000000000000e+00 1.751301960784314017e-11
8.500000000000000000e+01 0.000000000000000000e+00 0.000000000000000000e+00 1.715173734610123268e-11
8.600000000000000000e+01 0.000000000000000000e+00 0.000000000000000000e+00 1.680296177492648830e-11
8.700000000000000000e+01 0.000000000000000000e+00 0.000000000000000000e+00 1.646613375130616502e-11
8.800000000000000000e+01 0.000000000000000000e+00 0.000000000000000000e+00 1.614071501532175769e-11
8.900000000000000000e+01 0.000000000000000000e+00 0.000000000000000000e+00 1.582619725343320887e-11
9.000000000000000000e+01 0.000000000000000000e+00 0.000000000000000000e+00 1.552210012210012282e-11
9.100000000000000000e+01 0.000000000000000000e+00 0.000000000000000000e+00 1.522797419971332920e-11
9.200000000000000000e+01 0.000000000000000000e+00 0.000000000000000000e+00 1.494339410939691731e-11
9.300000000000000000e+01 0.000000000000000000e+00 0.000000000000000000e+00 1.466794783802333500e-11
9.400000000000000000e+01 0.000000000000000000e+00 0.000000000000000000e+00 1.440124972004479241e-11
9.500000000000000000e+01 0.000000000000000000e+00 0.000000000000000000e+00 1.414294298245614063e-11
9.600000000000000000e+01 0.000000000000000000e+00 0.000000000000000000e+00 1.389268041237113347e-11
9.700000000000000000e+01 0.000000000000000000e+00 0.000000000000000000e+00 1.365012833999579250e-11
9.800000000000000000e+01 0.000000000000000000e+00 0.000000000000000000e+00 1.341498247783962226e-11
9.900000000000000000e+01 0.000000000000000000e+00 0.000000000000000000e+00 1.318694141414141548e-11
1.000000000000000000e+02 0.000000000000000000e+00 0.000000000000000000e+00 1.296573069306930803e-11
1.010000000000000000e+02 0.000000000000000000e+00 0.000000000000000000e+00 1.275107357794602935e-11
1.020000000000000000e+02 0.000000000000000000e+00 0.000000000000000000e+00 1.254272606129830444e-11
1.030000000000000000e+02 0.000000000000000000e+00 0.000000000000000000e+00 1.234043689320388378e-11
1.040000000000000000e+02 0.000000000000000000e+00 0.000000000000000000e+00 1.214397802197802265e-11
1.050000000000000000e+02 0.000000000000000000e+00 0.000000000000000000e+00 1.195313566936208520e-11
1.060000000000000000e+02 0.000000000000000000e+00 0.000000000000000000e+00 1.176769176512078942e-11
1.070000000000000000e+02 0.000000000000000000e+00 0.000000000000000000e+00 1.158745240567670471e-11
1.080000000000000000e+02 0.000000000000000000e+00 0.000000000000000000e+00 1.141222222222222258e-11
1.090000000000000000e+02 0.000000000000000000e+00 0.000000000000000000e+00 1.124182485404503742e-11
1.100000000000000000e+02 0.000000000000000000e+00 0.000000000000000000e+00 1.107608190008189945e-11
1.110000000000000000e+02 0.000000000000000000e+00 0.000000000000000000e+00 1.091482625482625648e-11
1.120000000000000000e+02 0.000000000000000000e+00 0.000000000000000000e+00 1.075790455120101196e-11
1.130000000000000000e+02 0.000000000000000000e+00 0.000000000000000000e+00 1.060516068933395273e-11
1.140000000000000000e+02 0.000000000000000000e+00 0.000000000000000000e+00 1.045645156369183966e-11
1.150000000000000000e+02 0.000000000000000000e+00 0.000000000000000000e+00 1.031163718140929453e-11
1.160000000000000000e+02 0.000000000000000000e+00 0.000000000000000000e+00 1.017058355437665755e-11
1.170000000000000000e+02 0.000000000000000000e+00 0.000000000000000000e+00 1.003316529045342602e-11
1.180000000000000000e+02 0.000000000000000000e+00 0.000000000000000000e+00 9.899259364762853947e-12
1.190000000000000000e+02 0.000000000000000000e+00 0.000000000000000000e+00 9.768747899159665228e-12
1.200000000000000000e+02 0.000000000000000000e+00 0.000000000000000000e+00 9.641520661157024087e-12
1.210000000000000000e+02 0.000000000000000000e+00 0.000000000000000000e+00 9.517466467958271445e-12
1.220000000000000000e+02 0.000000000000000000e+00 0.000000000000000000e+00 9.396486738637878431e-12
1.230000000000000000e+02 0.000000000000000000e+00 0.000000000000000000e+00 9.278478888014686101e-12
1.240000000000000000e+02 0.000000000000000000e+00 0.000000000000000000e+00 9.163349677419355809e-12
1.250000000000000000e+02 0.000000000000000000e+00 0.000000000000000000e+00 9.051006984126984149e-12
1.260000000000000000e+02 0.000000000000000000e+00 0.000000000000000000e+00 8.941364829396324944e-12
1.270000000000000000e+02 0.000000000000000000e+00 0.000000000000000000e+00 8.834335629921258948e-12
1.280000000000000000e+02 0.000000000000000000e+00 0.000000000000000000e+00 8.729837693798449409e-12
1.290000000000000000e+02 0.000000000000000000e+00 0.000000000000000000e+00 8.627797257006559142e-12
1.300000000000000000e+02 0.000000000000000000e+00 0.000000000000000000e+00 8.528136230182030762e-12
1.310000000000000000e+02 0.000000000000000000e+00 0.000000000000000000e+00 8.430784177654406163e-12
1.320000000000000000e+02 0.000000000000000000e+00 0.000000000000000000e+00 8.335668717247665151e-12
1.330000000000000000e+02 0.000000000000000000e+00 0.000000000000000000e+00 8.242726966670406168e-12
1.340000000000000000e+02 0.000000000000000000e+00 0.000000000000000000e+00 8.151889441680486392e-12
1.350000000000000000e+02 0.000000000000000000e+00 0.000000000000000000e+00 8.063098039215686815e-12
1.360000000000000000e+02 0.000000000000000000e+00 0.000000000000000000e+00 7.976290253327608943e-12
1.370000000000000000e+02 0.000000000000000000e+00 0.000000000000000000e+00 7.891410134348884410e-12
1.380000000000000000e+02 0.000000000000000000e+00 0.000000000000000000e+00 7.808399541236575831e-12
1.390000000000000000e+02 0.000000000000000000e+00 0.000000000000000000e+00 7.727208633093525038e-12
1.400000000000000000e+02 0.000000000000000000e+00 0.000000000000000000e+00 7.647783181357650177e-12
1.410000000000000000e+02 0.000000000000000000e+00 0.000000000000000000e+00 7.570072919788232578e-12
1.420000000000000000e+02 0.000000000000000000e+00 0.000000000000000000e+00 7.494029350930760099e-12
1.430000000000000000e+02 0.000000000000000000e+00 0.000000000000000000e+00 7.419605672105672069e-12
1.440000000000000000e+02 0.000000000000000000e+00 0.000000000000000000e+00 7.346758620689655232e-12
1.450000000000000000e+02 0.000000000000000000e+00 0.000000000000000000e+00 7.275444496929617970e-12
1.460000000000000000e+02 0.000000000000000000e+00 0.000000000000000000e+00 7.205619233994967669e-12
1.470000000000000000e+02 0.000000000000000000e+00 0.000000000000000000e+00 7.137243978672551322e-12
1.480000000000000000e+02 0.000000000000000000e+00 0.000000000000000000e+00 7.070279339742425714e-12
1.490000000000000000e+02 0.000000000000000000e+00 0.000000000000000000e+00 7.004685458612975631e-12
1.500000000000000000e+02 0.000000000000000000e+00 0.000000000000000000e+00 6.940425607064016638e-12
1.510000000000000000e+02 0.000000000000000000e+00 0.000000000000000000e+00 6.877467758800975627e-12
1.520000000000000000e+02 0.000000000000000000e+00 0.000000000000000000e+00 6.815772273821809907e-12
1.530000000000000000e+02 0.000000000000000000e+00 0.000000000000000000e+00 6.755311094134623481e-12
1.540000000000000000e+02 0.000000000000000000e+00 0.000000000000000000e+00 6.696046920821113606e-12
1.550000000000000000e+02 0.000000000000000000e+00 0.000000000000000000e+00 6.637952026468156287e-12
1.560000000000000000e+02 0.000000000000000000e+00 0.000000000000000000e+00 6.580994610485057547e-12
1.570000000000000000e+02 0.000000000000000000e+00 0.000000000000000000e+00 6.525143916794323538e-12
1.580000000000000000e+02 0.000000000000000000e+00 0.000000000000000000e+00 6.470374970145690241e-12
1.590000000000000000e+02 0.000000000000000000e+00 0.000000000000000000e+00 6.416657232704402087e-12
1.600000000000000000e+02 0.000000000000000000e+00 0.000000000000000000e+00 6.363964285714285813e-12
1.610000000000000000e+02 0.000000000000000000e+00 0.000000000000000000e+00 6.312270531400967556e-12
1.620000000000000000e+02 0.000000000000000000e+00 0.000000000000000000e+00 6.261551162614556817e-12
1.630000000000000000e+02 0.000000000000000000e+00 0.000000000000000000e+00 6.211780637438276874e-12
1.640000000000000000e+02 0.000000000000000000e+00 0.000000000000000000e+00 6.162937176644494406e-12
1.650000000000000000e+02 0.000000000000000000e+00 0.000000000000000000e+00 6.114995253742241205e-12
1.660000000000000000e+02 0.000000000000000000e+00 0.000000000000000000e+00 6.067933049563523002e-12
1.670000000000000000e+02 0.000000000000000000e+00 0.000000000000000000e+00 6.021730824066152369e-12
1.680000000000000000e+02 0.000000000000000000e+00 0.000000000000000000e+00 5.976363764440687637e-12
1.690000000000000000e+02 0.000000000000000000e+00 0.000000000000000000e+00 5.931814827706230329e-12
1.700000000000000000e+02 0.000000000000000000e+00 0.000000000000000000e+00 5.888061919504643529e-12
1.710000000000000000e+02 0.000000000000000000e+00 0.000000000000000000e+00 5.845086359309124542e-12
1.720000000000000000e+02 0.000000000000000000e+00 0.000000000000000000e+00 5.802870009409866387e-12
1.730000000000000000e+02 0.000000000000000000e+00 0.000000000000000000e+00 5.761392598498437610e-12
1.740000000000000000e+02 0.000000000000000000e+00 0.000000000000000000e+00 5.720637110016419793e-12
1.750000000000000000e+02 0.000000000000000000e+00 0.000000000000000000e+00 5.680585714285713387e-12
1.760000000000000000e+02 0.000000000000000000e+00 0.000000000000000000e+00 5.641222393425783204e-12
1.770000000000000000e+02 0.000000000000000000e+00 0.000000000000000000e+00 5.602530311686662685e-12
1.780000000000000000e+02 0.000000000000000000e+00 0.000000000000000000e+00 5.564493126608498380e-12
1.790000000000000000e+02 0.000000000000000000e+00 0.000000000000000000e+00 5.527096213531967168e-12
1.800000000000000000e+02 0.000000000000000000e+00 0.000000000000000000e+00 5.490321669736033550e-12
1.810000000000000000e+02 0.000000000000000000e+00 0.000000000000000000e+00 5.454157003217776346e-12
1.820000000000000000e+02 0.000000000000000000e+00 0.000000000000000000e+00 5.418587641866329496e-12
1.830000000000000000e+02 0.000000000000000000e+00 0.000000000000000000e+00 5.383598241862674945e-12
1.840000000000000000e+02 0.000000000000000000e+00 0.000000000000000000e+00 5.349175088131610180e-12
1.850000000000000000e+02 0.000000000000000000e+00 0.000000000000000000e+00 5.315306015693112668e-12
1.860000000000000000e+02 0.000000000000000000e+00 0.000000000000000000e+00 5.281976884595479979e-12
1.870000000000000000e+02 0.000000000000000000e+00 0.000000000000000000e+00 5.249173967459324005e-12
1.880000000000000000e+02 0.000000000000000000e+00 0.000000000000000000e+00 5.216887312844759894e-12
1.890000000000000000e+02 0.000000000000000000e+00 0.000000000000000000e+00 5.185102756892230182e-12
1.900000000000000000e+02 0.000000000000000000e+00 0.000000000000000000e+00 5.153808762744557807e-12
1.910000000000000000e+02 0.000000000000000000e+00 0.000000000000000000e+00 5.122994109947644672e-12
1.920000000000000000e+02 0.000000000000000000e+00 0.000000000000000000e+00 5.092646804835923927e-12
1.930000000000000000e+02 0.000000000000000000e+00 0.000000000000000000e+00 5.062756263020138269e-12
1.940000000000000000e+02 0.000000000000000000e+00 0.000000000000000000e+00 5.033311128733808800e-12
1.950000000000000000e+02 0.000000000000000000e+00 0.000000000000000000e+00 5.004301412872841160e-12
1.960000000000000000e+02 0.000000000000000000e+00 0.000000000000000000e+00 4.975715321661659248e-12
1.970000000000000000e+02 0.000000000000000000e+00 0.000000000000000000e+00 4.947545505819616764e-12
1.980000000000000000e+02 0.000000000000000000e+00 0.000000000000000000e+00 4.919778691436981791e-12
1.990000000000000000e+02 0.000000000000000000e+00 0.000000000000000000e+00 4.892408040201005445e-12
2.000000000000000000e+02 0.000000000000000000e+00 0.000000000000000000e+00 4.865421890547263867e-12
2.010000000000000000e+02 0.000000000000000000e+00 0.000000000000000000e+00 4.838812866361262635e-12
2.020000000000000000e+02 0.000000000000000000e+00 0.000000000000000000e+00 4.812569867824221402e-12
2.030000000000000000e+02 0.000000000000000000e+00 0.000000000000000000e+00 4.786685018835121071e-12
2.040000000000000000e+02 0.000000000000000000e+00 0.000000000000000000e+00 4.761149689143949558e-12
2.050000000000000000e+02 0.000000000000000000e+00 0.000000000000000000e+00 4.735955481884916821e-12
2.060000000000000000e+02 0.000000000000000000e+00 0.000000000000000000e+00 4.711094226349608064e-12
2.070000000000000000e+02 0.000000000000000000e+00 0.000000000000000000e+00 4.686556112969156762e-12
2.080000000000000000e+02 0.000000000000000000e+00 0.000000000000000000e+00 4.662335296282664682e-12
2.090000000000000000e+02 0.000000000000000000e+00 0.000000000000000000e+00 4.638421508316245675e-12
2.100000000000000000e+02 0.000000000000000000e+00 0.000000000000000000e+00 4.614809298126833956e-12
2.110000000000000000e+02 0.000000000000000000e+00 0.000000000000000000e+00 4.591489761244746677e-12
2.120000000000000000e+02 0.000000000000000000e+00 0.000000000000000000e+00 4.568456019133669660e-12
2.130000000000000000e+02 0.000000000000000000e+00 0.000000000000000000e+00 4.545701373349129143e-12
2.140000000000000000e+02 0.000000000000000000e+00 0.000000000000000000e+00 4.523216692023473018e-12
2.150000000000000000e+02 0.000000000000000000e+00 0.000000000000000000e+00 4.500997416020672161e-12
2.160000000000000000e+02 0.000000000000000000e+00 0.000000000000000000e+00 4.479034818228367208e-12
2.170000000000000000e+02 0.000000000000000000e+00 0.000000000000000000e+00 4.457322961146577753e-12
2.180000000000000000e+02 0.000000000000000000e+00 0.000000000000000000e+00 4.435855221817268823e-12
2.190000000000000000e+02 0.000000000000000000e+00 0.000000000000000000e+00 4.414625985886258925e-12
2.200000000000000000e+02 0.000000000000000000e+00 0.000000000000000000e+00 4.393626491155903767e-12
2.210000000000000000e+02 0.000000000000000000e+00 0.000000000000000000e+00 4.372853124617829712e-12
2.220000000000000000e+02 0.000000000000000000e+00 0.000000000000000000e+00 4.352298307275885688e-12
2.230000000000000000e+02 0.000000000000000000e+00 0.000000000000000000e+00 4.331956278026906218e-12
2.240000000000000000e+02 0.000000000000000000e+00 0.000000000000000000e+00 4.311821428571428745e-12
2.250000000000000000e+02 0.000000000000000000e+00 0.000000000000000000e+00 4.291887512291052056e-12
2.260000000000000000e+02 0.000000000000000000e+00 0.000000000000000000e+00 4.272149233947994049e-12
2.270000000000000000e+02 0.000000000000000000e+00 0.000000000000000000e+00 4.252600664657237614e-12
2.280000000000000000e+02 0.000000000000000000e+00 0.000000000000000000e+00 4.233236803799892862e-12
2.290000000000000000e+02 0.000000000000000000e+00 0.000000000000000000e+00 4.214052781469527587e-12
2.300000000000000000e+02 0.000000000000000000e+00 0.000000000000000000e+00 4.195041596085074098e-12
2.310000000000000000e+02 0.000000000000000000e+00 0.000000000000000000e+00 4.176199432751156906e-12
2.320000000000000000e+02 0.000000000000000000e+00 0.000000000000000000e+00 4.157521089240787121e-12
2.330000000000000000e+02 0.000000000000000000e+00 0.000000000000000000e+00 4.139001503980045041e-12
2.340000000000000000e+02 0.000000000000000000e+00 0.000000000000000000e+00 4.120635751954900488e-12
2.350000000000000000e+02 0.000000000000000000e+00 0.000000000000000000e+00 4.102419040750090422e-12
2.360000000000000000e+02 0.000000000000000000e+00 0.000000000000000000e+00 4.084346706715297553e-12
2.370000000000000000e+02 0.000000000000000000e+00 0.000000000000000000e+00 4.066414211254122458e-12
2.380000000000000000e+02 0.000000000000000000e+00 0.000000000000000000e+00 4.048616434021307820e-12
2.390000000000000000e+02 0.000000000000000000e+00 0.000000000000000000e+00 4.030949790794979239e-12
2.400000000000000000e+02 0.000000000000000000e+00 0.000000000000000000e+00 4.013409405255877761e-12
2.410000000000000000e+02 0.000000000000000000e+00 0.000000000000000000e+00 3.995991906999073750e-12
2.420000000000000000e+02 0.000000000000000000e+00 0.000000000000000000e+00 3.978691970207122279e-12
2.430000000000000000e+02 0.000000000000000000e+00 0.000000000000000000e+00 3.961505768063144773e-12
2.440000000000000000e+02 0.000000000000000000e+00 0.000000000000000000e+00 3.944430244228838948e-12
2.450000000000000000e+02 0.000000000000000000e+00 0.000000000000000000e+00 3.927460428073668004e-12
2.460000000000000000e+02 0.000000000000000000e+00 0.000000000000000000e+00 3.910593463019650148e-12
2.470000000000000000e+02 0.000000000000000000e+00 0.000000000000000000e+00 3.893824604936659023e-12
2.480000000000000000e+02 0.000000000000000000e+00 0.000000000000000000e+00 3.877151185386708806e-12
2.490000000000000000e+02 0.000000000000000000e+00 0.000000000000000000e+00 3.860568674698795206e-12
2.500000000000000000e+02 0.000000000000000000e+00 0.000000000000000000e+00 3.844074581673306666e-12
2.510000000000000000e+02 0.000000000000000000e+00 0.000000000000000000e+00 3.827665212167204045e-12
2.520000000000000000e+02 0.000000000000000000e+00 0.000000000000000000e+00 3.811336972206538032e-12
2.530000000000000000e+02 0.000000000000000000e+00 0.000000000000000000e+00 3.795086365192493148e-12
2.540000000000000000e+02 0.000000000000000000e+00 0.000000000000000000e+00 3.778911224332252393e-12
2.550000000000000000e+02 0.000000000000000000e+00 0.000000000000000000e+00 3.762808210784313083e-12
2.560000000000000000e+02 0.000000000000000000e+00 0.000000000000000000e+00 3.746774075875486393e-12
2.570000000000000000e+02 0.000000000000000000e+00 0.000000000000000000e+00 3.730806261876753534e-12
2.580000000000000000e+02 0.000000000000000000e+00 0.000000000000000000e+00 3.714901080482475217e-12
2.590000000000000000e+02 0.000000000000000000e+00 0.000000000000000000e+00 3.699057321057321424e-12
2.600000000000000000e+02 0.000000000000000000e+00 0.000000000000000000e+00 3.683271441202476515e-12
2.610000000000000000e+02 0.000000000000000000e+00 0.000000000000000000e+00 3.667540580854610569e-12
2.620000000000000000e+02 0.000000000000000000e+00 0.000000000000000000e+00 3.651863117870722897e-12
2.630000000000000000e+02 0.000000000000000000e+00 0.000000000000000000e+00 3.636236317548104913e-12
2.640000000000000000e+02 0.000000000000000000e+00 0.000000000000000000e+00 3.620658090337335877e-12
2.650000000000000000e+02 0.000000000000000000e+00 0.000000000000000000e+00 3.605126400907930030e-12
2.660000000000000000e+02 0.000000000000000000e+00 0.000000000000000000e+00 3.589638140294556367e-12
2.670000000000000000e+02 0.000000000000000000e+00 0.000000000000000000e+00 3.574192520543351176e-12
2.680000000000000000e+02 0.000000000000000000e+00 0.000000000000000000e+00 3.558787105365366454e-12
2.690000000000000000e+02 0.000000000000000000e+00 0.000000000000000000e+00 3.543420074349442142e-12
2.700000000000000000e+02 0.000000000000000000e+00 0.000000000000000000e+00 3.528090200902008832e-12
2.710000000000000000e+02 0.000000000000000000e+00 0.000000000000000000e+00 3.512794660299544358e-12
2.720000000000000000e+02 0.000000000000000000e+00 0.000000000000000000e+00 3.497532859297565390e-12
2.730000000000000000e+02 0.000000000000000000e+00 0.000000000000000000e+00 3.482303146974679822e-12
2.740000000000000000e+02 0.000000000000000000e+00 0.000000000000000000e+00 3.467103915063039198e-12
2.750000000000000000e+02 0.000000000000000000e+00 0.000000000000000000e+00 3.451933596837945268e-12
2.760000000000000000e+02 0.000000000000000000e+00 0.000000000000000000e+00 3.436791712447026230e-12
2.770000000000000000e+02 0.000000000000000000e+00 0.000000000000000000e+00 3.421676752460847135e-12
2.780000000000000000e+02 0.000000000000000000e+00 0.000000000000000000e+00 3.406587762048425471e-12
2.790000000000000000e+02 0.000000000000000000e+00 0.000000000000000000e+00 3.391523297491039991e-12
2.800000000000000000e+02 0.000000000000000000e+00 0.000000000000000000e+00 3.376482968988307246e-12
2.810000000000000000e+02 0.000000000000000000e+00 0.000000000000000000e+00 3.361466394083945043e-12
2.820000000000000000e+02 0.000000000000000000e+00 0.000000000000000000e+00 3.346472195073051793e-12
2.830000000000000000e+02 0.000000000000000000e+00 0.000000000000000000e+00 3.331499527198527141e-12
2.840000000000000000e+02 0.000000000000000000e+00 0.000000000000000000e+00 3.316548554484804059e-12
2.850000000000000000e+02 0.000000000000000000e+00 0.000000000000000000e+00 3.301618451723714882e-12
2.860000000000000000e+02 0.000000000000000000e+00 0.000000000000000000e+00 3.286709388172802262e-12
2.870000000000000000e+02 0.000000000000000000e+00 0.000000000000000000e+00 3.271820073557878588e-12
2.880000000000000000e+02 0.000000000000000000e+00 0.000000000000000000e+00 3.256951172625912521e-12
2.890000000000000000e+02 0.000000000000000000e+00 0.000000000000000000e+00 3.242101897148312180e-12
2.900000000000000000e+02 0.000000000000000000e+00 0.000000000000000000e+00 3.227272899632658196e-12
2.910000000000000000e+02 0.000000000000000000e+00 0.000000000000000000e+00 3.212463399708139105e-12
2.920000000000000000e+02 0.000000000000000000e+00 0.000000000000000000e+00 3.197673570526906625e-12
2.930000000000000000e+02 0.000000000000000000e+00 0.000000000000000000e+00 3.182904506512503096e-12
2.940000000000000000e+02 0.000000000000000000e+00 0.000000000000000000e+00 3.168154963680387161e-12
2.950000000000000000e+02 0.000000000000000000e+00 0.000000000000000000e+00 3.153426477324782436e-12
2.960000000000000000e+02 0.000000000000000000e+00 0.000000000000000000e+00 3.138718263718263756e-12
2.970000000000000000e+02 0.000000000000000000e+00 0.000000000000000000e+00 3.124031817051951691e-12
2.980000000000000000e+02 0.000000000000000000e+00 0.000000000000000000e+00 3.109367242037215440e-12
2.990000000000000000e+02 0.000000000000000000e+00 0.000000000000000000e+00 3.094724637681159234e-12
3.000000000000000000e+02 0.000000000000000000e+00 0.000000000000000000e+00 3.080104983388704171e-12
3.010000000000000000e+02 0.000000000000000000e+00 0.000000000000000000e+00 3.065508789685595393e-12
3.020000000000000000e+02 0.000000000000000000e+00 0.000000000000000000e+00 3.050936987738508928e-12
3.030000000000000000e+02 0.000000000000000000e+00 0.000000000000000000e+00 3.036390046899426745e-12
3.040000000000000000e+02 0.000000000000000000e+00 0.000000000000000000e+00 3.021868421052631338e-12
3.050000000000000000e+02 0.000000000000000000e+00 0.000000000000000000e+00 3.007373834779813458e-12
3.060000000000000000e+02 0.000000000000000000e+00 0.000000000000000000e+00 2.992906261310170038e-12
3.070000000000000000e+02 0.000000000000000000e+00 0.000000000000000000e+00 2.978466940225897553e-12
3.080000000000000000e+02 0.000000000000000000e+00 0.000000000000000000e+00 2.964056655318791411e-12
3.090000000000000000e+02 0.000000000000000000e+00 0.000000000000000000e+00 2.949676584194592389e-12
3.100000000000000000e+02 0.000000000000000000e+00 0.000000000000000000e+00 2.935327455658126543e-12
3.110000000000000000e+02 0.000000000000000000e+00 0.000000000000000000e+00 2.921010388325500919e-12
3.120000000000000000e+02 0.000000000000000000e+00 0.000000000000000000e+00 2.906726468419758900e-12
3.130000000000000000e+02 0.000000000000000000e+00 0.000000000000000000e+00 2.892476343582751512e-12
3.140000000000000000e+02 0.000000000000000000e+00 0.000000000000000000e+00 2.878261449802851038e-12
3.150000000000000000e+02 0.000000000000000000e+00 0.000000000000000000e+00 2.864082780791641613e-12
3.160000000000000000e+02 0.000000000000000000e+00 0.000000000000000000e+00 2.849940901649163463e-12
3.170000000000000000e+02 0.000000000000000000e+00 0.000000000000000000e+00 2.835837549352221009e-12
3.180000000000000000e+02 0.000000000000000000e+00 0.000000000000000000e+00 2.821772835709075238e-12
3.190000000000000000e+02 0.000000000000000000e+00 0.000000000000000000e+00 2.807748824451410177e-12
3.200000000000000000e+02 0.000000000000000000e+00 0.000000000000000000e+00 2.793765965732087288e-12
3.210000000000000000e+02 0.000000000000000000e+00 0.000000000000000000e+00 2.779825467773456630e-12
3.220000000000000000e+02 0.000000000000000000e+00 0.000000000000000000e+00 2.765928119531565755e-12
3.230000000000000000e+02 0.000000000000000000e+00 0.000000000000000000e+00 2.752075450063065980e-12
3.240000000000000000e+02 0.000000000000000000e+00 0.000000000000000000e+00 2.738267426400759616e-12
3.250000000000000000e+02 0.000000000000000000e+00 0.000000000000000000e+00 2.724506276545540062e-12
3.260000000000000000e+02 0.000000000000000000e+00 0.000000000000000000e+00 2.710791917600044971e-12
3.270000000000000000e+02 0.000000000000000000e+00 0.000000000000000000e+00 2.697125755202506226e-12
3.280000000000000000e+02 0.000000000000000000e+00 0.000000000000000000e+00 2.683508414263473573e-12
3.290000000000000000e+02 0.000000000000000000e+00 0.000000000000000000e+00 2.669941236068895689e-12
3.300000000000000000e+02 0.000000000000000000e+00 0.000000000000000000e+00 2.656424425524123360e-12
3.310000000000000000e+02 0.000000000000000000e+00 0.000000000000000000e+00 2.642959633094310922e-12
3.320000000000000000e+02 0.000000000000000000e+00 0.000000000000000000e+00 2.629546655088823937e-12
3.330000000000000000e+02 0.000000000000000000e+00 0.000000000000000000e+00 2.616187085288881920e-12
3.340000000000000000e+02 0.000000000000000000e+00 0.000000000000000000e+00 2.602881401376352114e-12
3.350000000000000000e+02 0.000000000000000000e+00 0.000000000000000000e+00 2.589630063965884587e-12
3.360000000000000000e+02 0.000000000000000000e+00 0.000000000000000000e+00 2.576433870284018331e-12
3.370000000000000000e+02 0.000000000000000000e+00 0.000000000000000000e+00 2.563293944129369879e-12
3.380000000000000000e+02 0.000000000000000000e+00 0.000000000000000000e+00 2.550209980625229115e-12
3.390000000000000000e+02 0.000000000000000000e+00 0.000000000000000000e+00 2.537183411417664713e-12
3.400000000000000000e+02 0.000000000000000000e+00 0.000000000000000000e+00 2.524214248749353234e-12
3.410000000000000000e+02 0.000000000000000000e+00 0.000000000000000000e+00 2.511303184647836652e-12
3.420000000000000000e+02 0.000000000000000000e+00 0.000000000000000000e+00 2.498450548139054896e-12
3.430000000000000000e+02 0.000000000000000000e+00 0.000000000000000000e+00 2.485656993694487834e-12
3.440000000000000000e+02 0.000000000000000000e+00 0.000000000000000000e+00 2.472923154701718966e-12
3.450000000000000000e+02 0.000000000000000000e+00 0.000000000000000000e+00 2.460248973779006248e-12
3.460000000000000000e+02 0.000000000000000000e+00 0.000000000000000000e+00 2.447634722060268809e-12
3.470000000000000000e+02 0.000000000000000000e+00 0.000000000000000000e+00 2.435081321010964024e-12
3.480000000000000000e+02 0.000000000000000000e+00 0.000000000000000000e+00 2.422589006356420857e-12
3.490000000000000000e+02 0.000000000000000000e+00 0.000000000000000000e+00 2.410157674989766641e-12
3.500000000000000000e+02 0.000000000000000000e+00 0.000000000000000000e+00 2.397787545787545798e-12
3.510000000000000000e+02 0.000000000000000000e+00 0.000000000000000000e+00 2.385479474229474140e-12
3.520000000000000000e+02 0.000000000000000000e+00 0.000000000000000000e+00 2.373233002832861046e-12
3.530000000000000000e+02 0.000000000000000000e+00 0.000000000000000000e+00 2.361048638786190670e-12
3.540000000000000000e+02 0.000000000000000000e+00 0.000000000000000000e+00 2.348926553672316591e-12
3.550000000000000000e+02 0.000000000000000000e+00 0.000000000000000000e+00 2.336867225826871562e-12
3.560000000000000000e+02 0.000000000000000000e+00 0.000000000000000000e+00 2.324870172788216450e-12
3.570000000000000000e+02 0.000000000000000000e+00 0.000000000000000000e+00 2.312936168880960349e-12
3.580000000000000000e+02 0.000000000000000000e+00 0.000000000000000000e+00 2.301064720436968206e-12
3.590000000000000000e+02 0.000000000000000000e+00 0.000000000000000000e+00 2.289256267409470562e-12
3.600000000000000000e+02 0.000000000000000000e+00 0.000000000000000000e+00 2.277510618651893279e-12
3.610000000000000000e+02 0.000000000000000000e+00 0.000000000000000000e+00 2.265828499716870164e-12
3.620000000000000000e+02 0.000000000000000000e+00 0.000000000000000000e+00 2.254209396831194667e-12
3.630000000000000000e+02 0.000000000000000000e+00 0.000000000000000000e+00 2.242653407198861878e-12
3.640000000000000000e+02 0.000000000000000000e+00 0.000000000000000000e+00 2.231160620201716223e-12
3.650000000000000000e+02 0.000000000000000000e+00 0.000000000000000000e+00 2.219731117598622661e-12
3.660000000000000000e+02 0.000000000000000000e+00 0.000000000000000000e+00 2.208364973719867055e-12
3.670000000000000000e+02 0.000000000000000000e+00 0.000000000000000000e+00 2.197062255656912531e-12
3.680000000000000000e+02 0.000000000000000000e+00 0.000000000000000000e+00 2.185823023447625741e-12
3.690000000000000000e+02 0.000000000000000000e+00 0.000000000000000000e+00 2.174646744305280697e-12
3.700000000000000000e+02 0.000000000000000000e+00 0.000000000000000000e+00 2.163534056968019318e-12
3.710000000000000000e+02 0.000000000000000000e+00 0.000000000000000000e+00 2.152484711474364730e-12
3.720000000000000000e+02 0.000000000000000000e+00 0.000000000000000000e+00 2.141498746000173195e-12
3.730000000000000000e+02 0.000000000000000000e+00 0.000000000000000000e+00 2.130576192456021758e-12
3.740000000000000000e+02 0.000000000000000000e+00 0.000000000000000000e+00 2.119716791443850084e-12
3.750000000000000000e+02 0.000000000000000000e+00 0.000000000000000000e+00 2.108920851063829746e-12
3.760000000000000000e+02 0.000000000000000000e+00 0.000000000000000000e+00 2.098188103166092847e-12
3.770000000000000000e+02 0.000000000000000000e+00 0.000000000000000000e+00 2.087518560622009156e-12
3.780000000000000000e+02 0.000000000000000000e+00 0.000000000000000000e+00 2.076912230738088452e-12
3.790000000000000000e+02 0.000000000000000000e+00 0.000000000000000000e+00 2.066369393139841674e-12
3.800000000000000000e+02 0.000000000000000000e+00 0.000000000000000000e+00 2.055889487498273083e-12
3.810000000000000000e+02 0.000000000000000000e+00 0.000000000000000000e+00 2.045472509653570946e-12
3.820000000000000000e+02 0.000000000000000000e+00 0.000000000000000000e+00 2.035118997170314225e-12
3.830000000000000000e+02 0.000000000000000000e+00 0.000000000000000000e+00 2.024828383376849821e-12
3.840000000000000000e+02 0.000000000000000000e+00 0.000000000000000000e+00 2.014600919913419680e-12
3.850000000000000000e+02 0.000000000000000000e+00 0.000000000000000000e+00 2.004436309804185447e-12
3.860000000000000000e+02 0.000000000000000000e+00 0.000000000000000000e+00 1.994334524909293095e-12
3.870000000000000000e+02 0.000000000000000000e+00 0.000000000000000000e+00 1.984295799035669707e-12
3.880000000000000000e+02 0.000000000000000000e+00 0.000000000000000000e+00 1.974319826146874118e-12
3.890000000000000000e+02 0.000000000000000000e+00 0.000000000000000000e+00 1.964406565157208001e-12
3.900000000000000000e+02 0.000000000000000000e+00 0.000000000000000000e+00 1.954556233195619424e-12
3.910000000000000000e+02 0.000000000000000000e+00 0.000000000000000000e+00 1.944768516102093234e-12
3.920000000000000000e+02 0.000000000000000000e+00 0.000000000000000000e+00 1.935043360855792866e-12
3.930000000000000000e+02 0.000000000000000000e+00 0.000000000000000000e+00 1.925380968987742507e-12
3.940000000000000000e+02 0.000000000000000000e+00 0.000000000000000000e+00 1.915780762063869605e-12
3.950000000000000000e+02 0.000000000000000000e+00 0.000000000000000000e+00 1.906243191407748218e-12
3.960000000000000000e+02 0.000000000000000000e+00 0.000000000000000000e+00 1.896767931201180614e-12
3.970000000000000000e+02 0.000000000000000000e+00 0.000000000000000000e+00 1.887355163727959900e-12
3.980000000000000000e+02 0.000000000000000000e+00 0.000000000000000000e+00 1.878004559136534676e-12
3.990000000000000000e+02 0.000000000000000000e+00 0.000000000000000000e+00 1.868716040100250609e-12
4.000000000000000000e+02 0.000000000000000000e+00 0.000000000000000000e+00 1.859489526184538303e-12
4.010000000000000000e+02 0.000000000000000000e+00 0.000000000000000000e+00 1.850325182069701351e-12
4.020000000000000000e+02 0.000000000000000000e+00 0.000000000000000000e+00 1.841222670765279988e-12
4.030000000000000000e+02 0.000000000000000000e+00 0.000000000000000000e+00 1.832182148735965438e-12
4.040000000000000000e+02 0.000000000000000000e+00 0.000000000000000000e+00 1.823203275883144166e-12
4.050000000000000000e+02 0.000000000000000000e+00 0.000000000000000000e+00 1.814286200814936446e-12
4.060000000000000000e+02 0.000000000000000000e+00 0.000000000000000000e+00 1.805430338533786646e-12
4.070000000000000000e+02 0.000000000000000000e+00 0.000000000000000000e+00 1.796636315459844889e-12
4.080000000000000000e+02 0.000000000000000000e+00 0.000000000000000000e+00 1.787903303130543154e-12
4.090000000000000000e+02 0.000000000000000000e+00 0.000000000000000000e+00 1.779231677500148999e-12
4.100000000000000000e+02 0.000000000000000000e+00 0.000000000000000000e+00 1.770621090736454818e-12
4.110000000000000000e+02 0.000000000000000000e+00 0.000000000000000000e+00 1.762071669855667987e-12
4.120000000000000000e+02 0.000000000000000000e+00 0.000000000000000000e+00 1.753582829873762812e-12
4.130000000000000000e+02 0.000000000000000000e+00 0.000000000000000000e+00 1.745154928588974217e-12
4.140000000000000000e+02 0.000000000000000000e+00 0.000000000000000000e+00 1.736787381409696766e-12
4.150000000000000000e+02 0.000000000000000000e+00 0.000000000000000000e+00 1.728480305838739670e-12
4.160000000000000000e+02 0.000000000000000000e+00 0.000000000000000000e+00 1.720233582364877583e-12
4.170000000000000000e+02 0.000000000000000000e+00 0.000000000000000000e+00 1.712047089601046526e-12
4.180000000000000000e+02 0.000000000000000000e+00 0.000000000000000000e+00 1.703920475956652094e-12
4.190000000000000000e+02 0.000000000000000000e+00 0.000000000000000000e+00 1.695853847028071214e-12
4.200000000000000000e+02 0.000000000000000000e+00 0.000000000000000000e+00 1.687846623685103311e-12
4.210000000000000000e+02 0.000000000000000000e+00 0.000000000000000000e+00 1.679899134311220403e-12
4.220000000000000000e+02 0.000000000000000000e+00 0.000000000000000000e+00 1.672010800757397466e-12
4.230000000000000000e+02 0.000000000000000000e+00 0.000000000000000000e+00 1.664181720861769148e-12
4.240000000000000000e+02 0.000000000000000000e+00 0.000000000000000000e+00 1.656411542730299855e-12
4.250000000000000000e+02 0.000000000000000000e+00 0.000000000000000000e+00 1.648700138083402359e-12
4.260000000000000000e+02 0.000000000000000000e+00 0.000000000000000000e+00 1.641047377159129674e-12
4.270000000000000000e+02 0.000000000000000000e+00 0.000000000000000000e+00 1.633452909890783296e-12
4.280000000000000000e+02 0.000000000000000000e+00 0.000000000000000000e+00 1.625916606757728208e-12
4.290000000000000000e+02 0.000000000000000000e+00 0.000000000000000000e+00 1.618438553694367632e-12
4.300000000000000000e+02 0.000000000000000000e+00 0.000000000000000000e+00 1.611017967949063969e-12
4.310000000000000000e+02 0.000000000000000000e+00 0.000000000000000000e+00 1.603655151671393029e-12
4.320000000000000000e+02 0.000000000000000000e+00 0.000000000000000000e+00 1.596349542383029610e-12
4.330000000000000000e+02 0.000000000000000000e+00 0.000000000000000000e+00 1.589101009993507785e-12
4.340000000000000000e+02 0.000000000000000000e+00 0.000000000000000000e+00 1.581909423168600054e-12
4.350000000000000000e+02 0.000000000000000000e+00 0.000000000000000000e+00 1.574774438468839029e-12
4.360000000000000000e+02 0.000000000000000000e+00 0.000000000000000000e+00 1.567695925093947548e-12
4.370000000000000000e+02 0.000000000000000000e+00 0.000000000000000000e+00 1.560673542104218026e-12
4.380000000000000000e+02 0.000000000000000000e+00 0.000000000000000000e+00 1.553707159276479403e-12
4.390000000000000000e+02 0.000000000000000000e+00 0.000000000000000000e+00 1.546796438185959916e-12
4.400000000000000000e+02 0.000000000000000000e+00 0.000000000000000000e+00 1.539941043083900085e-12
4.410000000000000000e+02 0.000000000000000000e+00 0.000000000000000000e+00 1.533140640871733613e-12
4.420000000000000000e+02 0.000000000000000000e+00 0.000000000000000000e+00 1.526395309643218218e-12
4.430000000000000000e+02 0.000000000000000000e+00 0.000000000000000000e+00 1.519704716002684360e-12
4.440000000000000000e+02 0.000000000000000000e+00 0.000000000000000000e+00 1.513068326753720012e-12
4.450000000000000000e+02 0.000000000000000000e+00 0.000000000000000000e+00 1.506486018037990656e-12
4.460000000000000000e+02 0.000000000000000000e+00 0.000000000000000000e+00 1.499957464311152494e-12
4.470000000000000000e+02 0.000000000000000000e+00 0.000000000000000000e+00 1.493482342601470174e-12
4.480000000000000000e+02 0.000000000000000000e+00 0.000000000000000000e+00 1.487060531339484575e-12
4.490000000000000000e+02 0.000000000000000000e+00 0.000000000000000000e+00 1.480691709972779055e-12
4.500000000000000000e+02 0.000000000000000000e+00 0.000000000000000000e+00 1.474375363389997440e-12
4.510000000000000000e+02 0.000000000000000000e+00 0.000000000000000000e+00 1.468111374919058961e-12
4.520000000000000000e+02 0.000000000000000000e+00 0.000000000000000000e+00 1.461899626872960915e-12
4.530000000000000000e+02 0.000000000000000000e+00 0.000000000000000000e+00 1.455739417101846752e-12
4.540000000000000000e+02 0.000000000000000000e+00 0.000000000000000000e+00 1.449630827322457422e-12
4.550000000000000000e+02 0.000000000000000000e+00 0.000000000000000000e+00 1.443573356468093354e-12
4.560000000000000000e+02 0.000000000000000000e+00 0.000000000000000000e+00 1.437566509270989315e-12
4.570000000000000000e+02 0.000000000000000000e+00 0.000000000000000000e+00 1.431610369506846437e-12
4.580000000000000000e+02 0.000000000000000000e+00 0.000000000000000000e+00 1.425704255501327135e-12
4.590000000000000000e+02 0.000000000000000000e+00 0.000000000000000000e+00 1.419848252344416106e-12
4.600000000000000000e+02 0.000000000000000000e+00 0.000000000000000000e+00 1.414041497689333117e-12
4.610000000000000000e+02 0.000000000000000000e+00 0.000000000000000000e+00 1.408284080344817696e-12
4.620000000000000000e+02 0.000000000000000000e+00 0.000000000000000000e+00 1.402575523828223647e-12
4.630000000000000000e+02 0.000000000000000000e+00 0.000000000000000000e+00 1.396915543308259422e-12
4.640000000000000000e+02 0.000000000000000000e+00 0.000000000000000000e+00 1.391303856136447795e-12
4.650000000000000000e+02 0.000000000000000000e+00 0.000000000000000000e+00 1.385739812635562304e-12
4.660000000000000000e+02 0.000000000000000000e+00 0.000000000000000000e+00 1.380223506814568493e-12
4.670000000000000000e+02 0.000000000000000000e+00 0.000000000000000000e+00 1.374754296381705440e-12
4.680000000000000000e+02 0.000000000000000000e+00 0.000000000000000000e+00 1.369332094108213613e-12
4.690000000000000000e+02 0.000000000000000000e+00 0.000000000000000000e+00 1.363956267295740190e-12
4.700000000000000000e+02 0.000000000000000000e+00 0.000000000000000000e+00 1.358626552830103616e-12
4.710000000000000000e+02 0.000000000000000000e+00 0.000000000000000000e+00 1.353342689553420439e-12
4.720000000000000000e+02 0.000000000000000000e+00 0.000000000000000000e+00 1.348104239079800772e-12
4.730000000000000000e+02 0.000000000000000000e+00 0.000000000000000000e+00 1.342910946378712253e-12
4.740000000000000000e+02 0.000000000000000000e+00 0.000000000000000000e+00 1.337762380635132082e-12
4.750000000000000000e+02 0.000000000000000000e+00 0.000000000000000000e+00 1.332658115877929982e-12
4.760000000000000000e+02 0.000000000000000000e+00 0.000000000000000000e+00 1.327598083258460585e-12
4.770000000000000000e+02 0.000000000000000000e+00 0.000000000000000000e+00 1.322581511012868067e-12
4.780000000000000000e+02 0.000000000000000000e+00 0.000000000000000000e+00 1.317608336754570647e-12
4.790000000000000000e+02 0.000000000000000000e+00 0.000000000000000000e+00 1.312678148921363912e-12
4.800000000000000000e+02 0.000000000000000000e+00 0.000000000000000000e+00 1.307790540540540369e-12
4.810000000000000000e+02 0.000000000000000000e+00 0.000000000000000000e+00 1.302945109169175533e-12
4.820000000000000000e+02 0.000000000000000000e+00 0.000000000000000000e+00 1.298141456835304795e-12
4.830000000000000000e+02 0.000000000000000000e+00 0.000000000000000000e+00 1.293379361086870898e-12
4.840000000000000000e+02 0.000000000000000000e+00 0.000000000000000000e+00 1.288658430604072701e-12
4.850000000000000000e+02 0.000000000000000000e+00 0.000000000000000000e+00 1.283978108692885346e-12
4.860000000000000000e+02 0.000000000000000000e+00 0.000000000000000000e+00 1.279338183723307836e-12
4.870000000000000000e+02 0.000000000000000000e+00 0.000000000000000000e+00 1.274738445484229380e-12
4.880000000000000000e+02 0.000000000000000000e+00 0.000000000000000000e+00 1.270178182305809725e-12
4.890000000000000000e+02 0.000000000000000000e+00 0.000000000000000000e+00 1.265657192938525193e-12
4.900000000000000000e+02 0.000000000000000000e+00 0.000000000000000000e+00 1.261175111185003444e-12
4.910000000000000000e+02 0.000000000000000000e+00 0.000000000000000000e+00 1.256731409269286220e-12
4.920000000000000000e+02 0.000000000000000000e+00 0.000000000000000000e+00 1.252326060785962950e-12
4.930000000000000000e+02 0.000000000000000000e+00 0.000000000000000000e+00 1.247958380895287081e-12
4.940000000000000000e+02 0.000000000000000000e+00 0.000000000000000000e+00 1.243628021101705269e-12
4.950000000000000000e+02 0.000000000000000000e+00 0.000000000000000000e+00 1.239334799608993053e-12
4.960000000000000000e+02 0.000000000000000000e+00 0.000000000000000000e+00 1.235078048938794027e-12
4.970000000000000000e+02 0.000000000000000000e+00 0.000000000000000000e+00 1.230857756983669203e-12
4.980000000000000000e+02 0.000000000000000000e+00 0.000000000000000000e+00 1.226673266211137263e-12
4.990000000000000000e+02 0.000000000000000000e+00 0.000000000000000000e+00 1.222524248496994000e-12
5.000000000000000000e+02 0.000000000000000000e+00 0.000000000000000000e+00 1.218410379241516891e-12
5.010000000000000000e+02 0.000000000000000000e+00 0.000000000000000000e+00 1.214331178280888518e-12
5.020000000000000000e+02 0.000000000000000000e+00 0.000000000000000000e+00 1.210286488241863554e-12
5.030000000000000000e+02 0.000000000000000000e+00 0.000000000000000000e+00 1.206275679257786503e-12
5.040000000000000000e+02 0.000000000000000000e+00 0.000000000000000000e+00 1.202298601288700175e-12
5.050000000000000000e+02 0.000000000000000000e+00 0.000000000000000000e+00 1.198354792000939296e-12
5.060000000000000000e+02 0.000000000000000000e+00 0.000000000000000000e+00 1.194443794778242932e-12
5.070000000000000000e+02 0.000000000000000000e+00 0.000000000000000000e+00 1.190565313951140725e-12
5.080000000000000000e+02 0.000000000000000000e+00 0.000000000000000000e+00 1.186718902278668913e-12
5.090000000000000000e+02 0.000000000000000000e+00 0.000000000000000000e+00 1.182904272121422356e-12
5.100000000000000000e+02 0.000000000000000000e+00 0.000000000000000000e+00 1.179120831894401771e-12
5.110000000000000000e+02 0.000000000000000000e+00 0.000000000000000000e+00 1.175368609344422766e-12
5.120000000000000000e+02 0.000000000000000000e+00 0.000000000000000000e+00 1.171647021198830294e-12
5.130000000000000000e+02 0.000000000000000000e+00 0.000000000000000000e+00 1.167955491842446410e-12
5.140000000000000000e+02 0.000000000000000000e+00 0.000000000000000000e+00 1.164293906539231610e-12
5.150000000000000000e+02 0.000000000000000000e+00 0.000000000000000000e+00 1.160661849928501466e-12
5.160000000000000000e+02 0.000000000000000000e+00 0.000000000000000000e+00 1.157059061670640146e-12
5.170000000000000000e+02 0.000000000000000000e+00 0.000000000000000000e+00 1.153484836038027550e-12
5.180000000000000000e+02 0.000000000000000000e+00 0.000000000000000000e+00 1.149939072019996941e-12
5.190000000000000000e+02 0.000000000000000000e+00 0.000000000000000000e+00 1.146421372461834723e-12
5.200000000000000000e+02 0.000000000000000000e+00 0.000000000000000000e+00 1.142931197401446784e-12
5.210000000000000000e+02 0.000000000000000000e+00 0.000000000000000000e+00 1.139468455151822526e-12
5.220000000000000000e+02 0.000000000000000000e+00 0.000000000000000000e+00 1.136032468150883107e-12
5.230000000000000000e+02 0.000000000000000000e+00 0.000000000000000000e+00 1.132623151810605339e-12
5.240000000000000000e+02 0.000000000000000000e+00 0.000000000000000000e+00 1.129240130861505030e-12
5.250000000000000000e+02 0.000000000000000000e+00 0.000000000000000000e+00 1.125882744885026312e-12
5.260000000000000000e+02 0.000000000000000000e+00 0.000000000000000000e+00 1.122550919546034943e-12
5.270000000000000000e+02 0.000000000000000000e+00 0.000000000000000000e+00 1.119244293025127896e-12
5.280000000000000000e+02 0.000000000000000000e+00 0.000000000000000000e+00 1.115962364667468845e-12
5.290000000000000000e+02 0.000000000000000000e+00 0.000000000000000000e+00 1.112704782965367237e-12
5.300000000000000000e+02 0.000000000000000000e+00 0.000000000000000000e+00 1.109471200653803882e-12
5.310000000000000000e+02 0.000000000000000000e+00 0.000000000000000000e+00 1.106261416252495540e-12
5.320000000000000000e+02 0.000000000000000000e+00 0.000000000000000000e+00 1.103074948158388484e-12
5.330000000000000000e+02 0.000000000000000000e+00 0.000000000000000000e+00 1.099911320980107062e-12
5.340000000000000000e+02 0.000000000000000000e+00 0.000000000000000000e+00 1.096770485491266865e-12
5.350000000000000000e+02 0.000000000000000000e+00 0.000000000000000000e+00 1.093651834286511302e-12
5.360000000000000000e+02 0.000000000000000000e+00 0.000000000000000000e+00 1.090555184969009684e-12
5.370000000000000000e+02 0.000000000000000000e+00 0.000000000000000000e+00 1.087480080026029141e-12
5.380000000000000000e+02 0.000000000000000000e+00 0.000000000000000000e+00 1.084426205764495756e-12
5.390000000000000000e+02 0.000000000000000000e+00 0.000000000000000000e+00 1.081393389679104165e-12
5.400000000000000000e+02 0.000000000000000000e+00 0.000000000000000000e+00 1.078381050181420030e-12
5.410000000000000000e+02 0.000000000000000000e+00 0.000000000000000000e+00 1.075388886236366997e-12
5.420000000000000000e+02 0.000000000000000000e+00 0.000000000000000000e+00 1.072416736322059187e-12
5.430000000000000000e+02 0.000000000000000000e+00 0.000000000000000000e+00 1.069464169645759007e-12
5.440000000000000000e+02 0.000000000000000000e+00 0.000000000000000000e+00 1.066530760928224496e-12
5.450000000000000000e+02 0.000000000000000000e+00 0.000000000000000000e+00 1.063616493598144969e-12
5.460000000000000000e+02 0.000000000000000000e+00 0.000000000000000000e+00 1.060720680903496280e-12
5.470000000000000000e+02 0.000000000000000000e+00 0.000000000000000000e+00 1.057843179119017026e-12
5.480000000000000000e+02 0.000000000000000000e+00 0.000000000000000000e+00 1.054983712921968273e-12
5.490000000000000000e+02 0.000000000000000000e+00 0.000000000000000000e+00 1.052142010266600379e-12
5.500000000000000000e+02 0.000000000000000000e+00 0.000000000000000000e+00 1.049317538360006726e-12
5.510000000000000000e+02 0.000000000000000000e+00 0.000000000000000000e+00 1.046510165969646686e-12
5.520000000000000000e+02 0.000000000000000000e+00 0.000000000000000000e+00 1.043719632046544747e-12
5.530000000000000000e+02 0.000000000000000000e+00 0.000000000000000000e+00 1.040945548077111410e-12
5.540000000000000000e+02 0.000000000000000000e+00 0.000000000000000000e+00 1.038187530490779697e-12
5.550000000000000000e+02 0.000000000000000000e+00 0.000000000000000000e+00 1.035445459848337646e-12
5.560000000000000000e+02 0.000000000000000000e+00 0.000000000000000000e+00 1.032718959482324434e-12
5.570000000000000000e+02 0.000000000000000000e+00 0.000000000000000000e+00 1.030007786207473450e-12
5.580000000000000000e+02 0.000000000000000000e+00 0.000000000000000000e+00 1.027311571482614063e-12
5.590000000000000000e+02 0.000000000000000000e+00 0.000000000000000000e+00 1.024630079223102450e-12
5.600000000000000000e+02 0.000000000000000000e+00 0.000000000000000000e+00 1.021963076139546688e-12
5.610000000000000000e+02 0.000000000000000000e+00 0.000000000000000000e+00 1.019310331703046796e-12
5.620000000000000000e+02 0.000000000000000000e+00 0.000000000000000000e+00 1.016671365271202199e-12
5.630000000000000000e+02 0.000000000000000000e+00 0.000000000000000000e+00 1.014046080395046905e-12
5.640000000000000000e+02 0.000000000000000000e+00 0.000000000000000000e+00 1.011434255946777010e-12
5.650000000000000000e+02 0.000000000000000000e+00 0.000000000000000000e+00 1.008835548328590521e-12
5.660000000000000000e+02 0.000000000000000000e+00 0.000000000000000000e+00 1.006249742928188117e-12
5.670000000000000000e+02 0.000000000000000000e+00 0.000000000000000000e+00 1.003676627667237919e-12
5.680000000000000000e+02 0.000000000000000000e+00 0.000000000000000000e+00 1.001115745439243615e-12
5.690000000000000000e+02 0.000000000000000000e+00 0.000000000000000000e+00 9.985671384084111408e-13
5.700000000000000000e+02 0.000000000000000000e+00 0.000000000000000000e+00 9.960303561004084974e-13
5.710000000000000000e+02 0.000000000000000000e+00 0.000000000000000000e+00 9.935053212986664520e-13
5.720000000000000000e+02 0.000000000000000000e+00 0.000000000000000000e+00 9.909917133477342940e-13
5.730000000000000000e+02 0.000000000000000000e+00 0.000000000000000000e+00 9.884893372493935397e-13
5.740000000000000000e+02 0.000000000000000000e+00 0.000000000000000000e+00 9.859980003029844805e-13
5.750000000000000000e+02 0.000000000000000000e+00 0.000000000000000000e+00 9.835175120772945628e-13
5.760000000000000000e+02 0.000000000000000000e+00 0.000000000000000000e+00 9.810474436741767433e-13
5.770000000000000000e+02 0.000000000000000000e+00 0.000000000000000000e+00 9.785879714307988755e-13
5.780000000000000000e+02 0.000000000000000000e+00 0.000000000000000000e+00 9.761385517327930224e-13
5.790000000000000000e+02 0.000000000000000000e+00 0.000000000000000000e+00 9.736991245309987717e-13
5.800000000000000000e+02 0.000000000000000000e+00 0.000000000000000000e+00 9.712693928423052029e-13
5.810000000000000000e+02 0.000000000000000000e+00 0.000000000000000000e+00 9.688492999982255364e-13
5.820000000000000000e+02 0.000000000000000000e+00 0.000000000000000000e+00 9.664386718773024241e-13
5.830000000000000000e+02 0.000000000000000000e+00 0.000000000000000000e+00 9.640372189196174739e-13
5.840000000000000000e+02 0.000000000000000000e+00 0.000000000000000000e+00 9.616447722749092701e-13
5.850000000000000000e+02 0.000000000000000000e+00 0.000000000000000000e+00 9.592612817595753939e-13
5.860000000000000000e+02 0.000000000000000000e+00 0.000000000000000000e+00 9.568864649894470596e-13
5.870000000000000000e+02 0.000000000000000000e+00 0.000000000000000000e+00 9.545201590005679384e-13
5.880000000000000000e+02 0.000000000000000000e+00 0.000000000000000000e+00 9.521622027418776612e-13
5.890000000000000000e+02 0.000000000000000000e+00 0.000000000000000000e+00 9.498124370521711235e-13
5.900000000000000000e+02 0.000000000000000000e+00 0.000000000000000000e+00 9.474708193524333266e-13
5.910000000000000000e+02 0.000000000000000000e+00 0.000000000000000000e+00 9.451370787030687685e-13
5.920000000000000000e+02 0.000000000000000000e+00 0.000000000000000000e+00 9.428110614830681796e-13
5.930000000000000000e+02 0.000000000000000000e+00 0.000000000000000000e+00 9.404927294303348535e-13
5.940000000000000000e+02 0.000000000000000000e+00 0.000000000000000000e+00 9.381818181818181864e-13
5.950000000000000000e+02 0.000000000000000000e+00 0.000000000000000000e+00 9.358784050532963766e-13
5.960000000000000000e+02 0.000000000000000000e+00 0.000000000000000000e+00 9.335821163985476190e-13
5.970000000000000000e+02 0.000000000000000000e+00 0.000000000000000000e+00 9.312929194467318789e-13
5.980000000000000000e+02 0.000000000000000000e+00 0.000000000000000000e+00 9.290107816260098747e-13
5.990000000000000000e+02 0.000000000000000000e+00 0.000000000000000000e+00 9.267354479688371507e-13
6.000000000000000000e+02 0.000000000000000000e+00 0.000000000000000000e+00 9.244668885191347989e-13
6.010000000000000000e+02 0.000000000000000000e+00 0.000000000000000000e+00 9.222049629355282483e-13
6.020000000000000000e+02 0.000000000000000000e+00 0.000000000000000000e+00 9.199496427056300811e-13
6.030000000000000000e+02 0.000000000000000000e+00 0.000000000000000000e+00 9.177006798238388489e-13
6.040000000000000000e+02 0.000000000000000000e+00 0.000000000000000000e+00 9.154581577363033730e-13
6.050000000000000000e+02 0.000000000000000000e+00 0.000000000000000000e+00 9.132218312740363693e-13
6.060000000000000000e+02 0.000000000000000000e+00 0.000000000000000000e+00 9.109916757738378596e-13
6.070000000000000000e+02 0.000000000000000000e+00 0.000000000000000000e+00 9.087675583109339025e-13
6.080000000000000000e+02 0.000000000000000000e+00 0.000000000000000000e+00 9.065494555353901653e-13
6.090000000000000000e+02 0.000000000000000000e+00 0.000000000000000000e+00 9.043372365339579390e-13
6.100000000000000000e+02 0.000000000000000000e+00 0.000000000000000000e+00 9.021308792358671272e-13
6.110000000000000000e+02 0.000000000000000000e+00 0.000000000000000000e+00 8.999302546987153847e-13
6.120000000000000000e+02 0.000000000000000000e+00 0.000000000000000000e+00 8.977352354753756347e-13
6.130000000000000000e+02 0.000000000000000000e+00 0.000000000000000000e+00 8.955459081465106910e-13
6.140000000000000000e+02 0.000000000000000000e+00 0.000000000000000000e+00 8.933621461296047192e-13
6.150000000000000000e+02 0.000000000000000000e+00 0.000000000000000000e+00 8.911838243057754756e-13
6.160000000000000000e+02 0.000000000000000000e+00 0.000000000000000000e+00 8.890109242459323735e-13
6.170000000000000000e+02 0.000000000000000000e+00 0.000000000000000000e+00 8.868434275883410770e-13
6.180000000000000000e+02 0.000000000000000000e+00 0.000000000000000000e+00 8.846811069111365801e-13
6.190000000000000000e+02 0.000000000000000000e+00 0.000000000000000000e+00 8.825241544634946889e-13
6.200000000000000000e+02 0.000000000000000000e+00 0.000000000000000000e+00 8.803723442938029476e-13
6.210000000000000000e+02 0.000000000000000000e+00 0.000000000000000000e+00 8.782257638597636190e-13
6.220000000000000000e+02 0.000000000000000000e+00 0.000000000000000000e+00 8.760841896641600814e-13
6.230000000000000000e+02 0.000000000000000000e+00 0.000000000000000000e+00 8.739478124871382870e-13
6.240000000000000000e+02 0.000000000000000000e+00 0.000000000000000000e+00 8.718163076923076421e-13
6.250000000000000000e+02 0.000000000000000000e+00 0.000000000000000000e+00 8.696898658146965121e-13
6.260000000000000000e+02 0.000000000000000000e+00 0.000000000000000000e+00 8.675683690783740175e-13
6.270000000000000000e+02 0.000000000000000000e+00 0.000000000000000000e+00 8.654518026391978397e-13
6.280000000000000000e+02 0.000000000000000000e+00 0.000000000000000000e+00 8.633400504288475712e-13
6.290000000000000000e+02 0.000000000000000000e+00 0.000000000000000000e+00 8.612331995861407854e-13
6.300000000000000000e+02 0.000000000000000000e+00 0.000000000000000000e+00 8.591311347571252767e-13
6.310000000000000000e+02 0.000000000000000000e+00 0.000000000000000000e+00 8.570338422034545096e-13
6.320000000000000000e+02 0.000000000000000000e+00 0.000000000000000000e+00 8.549414082028516455e-13
6.330000000000000000e+02 0.000000000000000000e+00 0.000000000000000000e+00 8.528536187898994636e-13
6.340000000000000000e+02 0.000000000000000000e+00 0.000000000000000000e+00 8.507704612633201348e-13
6.350000000000000000e+02 0.000000000000000000e+00 0.000000000000000000e+00 8.486921210320407604e-13
6.360000000000000000e+02 0.000000000000000000e+00 0.000000000000000000e+00 8.466182873730042513e-13
6.370000000000000000e+02 0.000000000000000000e+00 0.000000000000000000e+00 8.445492438595888485e-13
6.380000000000000000e+02 0.000000000000000000e+00 0.000000000000000000e+00 8.424846816881785701e-13
6.390000000000000000e+02 0.000000000000000000e+00 0.000000000000000000e+00 8.404247848200312502e-13
6.400000000000000000e+02 0.000000000000000000e+00 0.000000000000000000e+00 8.383695397815913484e-13
6.410000000000000000e+02 0.000000000000000000e+00 0.000000000000000000e+00 8.363187387308575682e-13
6.420000000000000000e+02 0.000000000000000000e+00 0.000000000000000000e+00 8.342725638677732366e-13
6.430000000000000000e+02 0.000000000000000000e+00 0.000000000000000000e+00 8.322309052094702993e-13
6.440000000000000000e+02 0.000000000000000000e+00 0.000000000000000000e+00 8.301937503009293201e-13
6.450000000000000000e+02 0.000000000000000000e+00 0.000000000000000000e+00 8.281610867113062060e-13
6.460000000000000000e+02 0.000000000000000000e+00 0.000000000000000000e+00 8.261329020341561675e-13
6.470000000000000000e+02 0.000000000000000000e+00 0.000000000000000000e+00 8.241091838876485920e-13
6.480000000000000000e+02 0.000000000000000000e+00 0.000000000000000000e+00 8.220899199147786855e-13
6.490000000000000000e+02 0.000000000000000000e+00 0.000000000000000000e+00 8.200751926040062156e-13
6.500000000000000000e+02 0.000000000000000000e+00 0.000000000000000000e+00 8.180647997164125512e-13
6.510000000000000000e+02 0.000000000000000000e+00 0.000000000000000000e+00 8.160589183229198846e-13
6.520000000000000000e+02 0.000000000000000000e+00 0.000000000000000000e+00 8.140574413513843368e-13
6.530000000000000000e+02 0.000000000000000000e+00 0.000000000000000000e+00 8.120604502390753236e-13
6.540000000000000000e+02 0.000000000000000000e+00 0.000000000000000000e+00 8.100678385507856108e-13
6.550000000000000000e+02 0.000000000000000000e+00 0.000000000000000000e+00 8.080795941165519757e-13
6.560000000000000000e+02 0.000000000000000000e+00 0.000000000000000000e+00 8.060957976018115201e-13
6.570000000000000000e+02 0.000000000000000000e+00 0.000000000000000000e+00 8.041163435159353722e-13
6.580000000000000000e+02 0.000000000000000000e+00 0.000000000000000000e+00 8.021413120183016933e-13
6.590000000000000000e+02 0.000000000000000000e+00 0.000000000000000000e+00 8.001706902101438884e-13
6.600000000000000000e+02 0.000000000000000000e+00 0.000000000000000000e+00 7.982043735387153444e-13
6.610000000000000000e+02 0.000000000000000000e+00 0.000000000000000000e+00 7.962424414166943858e-13
6.620000000000000000e+02 0.000000000000000000e+00 0.000000000000000000e+00 7.942848810451440712e-13
6.630000000000000000e+02 0.000000000000000000e+00 0.000000000000000000e+00 7.923317705209979613e-13
6.640000000000000000e+02 0.000000000000000000e+00 0.000000000000000000e+00 7.903829151191230930e-13
6.650000000000000000e+02 0.000000000000000000e+00 0.000000000000000000e+00 7.884383932804985675e-13
6.660000000000000000e+02 0.000000000000000000e+00 0.000000000000000000e+00 7.864982823903364789e-13
6.670000000000000000e+02 0.000000000000000000e+00 0.000000000000000000e+00 7.845625690148936958e-13
6.680000000000000000e+02 0.000000000000000000e+00 0.000000000000000000e+00 7.826310607484582561e-13
6.690000000000000000e+02 0.000000000000000000e+00 0.000000000000000000e+00 7.807040135644647115e-13
6.700000000000000000e+02 0.000000000000000000e+00 0.000000000000000000e+00 7.787812354027181376e-13
6.710000000000000000e+02 0.000000000000000000e+00 0.000000000000000000e+00 7.768628024980484777e-13
6.720000000000000000e+02 0.000000000000000000e+00 0.000000000000000000e+00 7.749487900658034426e-13
6.730000000000000000e+02 0.000000000000000000e+00 0.000000000000000000e+00 7.730390077645160409e-13
6.740000000000000000e+02 0.000000000000000000e+00 0.000000000000000000e+00 7.711336190790196065e-13
6.750000000000000000e+02 0.000000000000000000e+00 0.000000000000000000e+00 7.692326101249178202e-13
6.760000000000000000e+02 0.000000000000000000e+00 0.000000000000000000e+00 7.673358796640241400e-13
6.770000000000000000e+02 0.000000000000000000e+00 0.000000000000000000e+00 7.654435889726930653e-13
6.780000000000000000e+02 0.000000000000000000e+00 0.000000000000000000e+00 7.635555497630126392e-13
6.790000000000000000e+02 0.000000000000000000e+00 0.000000000000000000e+00 7.616719223771982161e-13
6.800000000000000000e+02 0.000000000000000000e+00 0.000000000000000000e+00 7.597926060291958149e-13
6.810000000000000000e+02 0.000000000000000000e+00 0.000000000000000000e+00 7.579176732509117884e-13
6.820000000000000000e+02 0.000000000000000000e+00 0.000000000000000000e+00 7.560471097409650614e-13
6.830000000000000000e+02 0.000000000000000000e+00 0.000000000000000000e+00 7.541809012526436041e-13
6.840000000000000000e+02 0.000000000000000000e+00 0.000000000000000000e+00 7.523191189652963378e-13
6.850000000000000000e+02 0.000000000000000000e+00 0.000000000000000000e+00 7.504616628716136827e-13
6.860000000000000000e+02 0.000000000000000000e+00 0.000000000000000000e+00 7.486086886407713537e-13
6.870000000000000000e+02 0.000000000000000000e+00 0.000000000000000000e+00 7.467600115094276369e-13
6.880000000000000000e+02 0.000000000000000000e+00 0.000000000000000000e+00 7.449158706585209084e-13
6.890000000000000000e+02 0.000000000000000000e+00 0.000000000000000000e+00 7.430760816979028122e-13
6.900000000000000000e+02 0.000000000000000000e+00 0.000000000000000000e+00 7.412407139411480383e-13
6.910000000000000000e+02 0.000000000000000000e+00 0.000000000000000000e+00 7.394097521393975744e-13
6.920000000000000000e+02 0.000000000000000000e+00 0.000000000000000000e+00 7.375832645196806541e-13
6.930000000000000000e+02 0.000000000000000000e+00 0.000000000000000000e+00 7.357611520723914118e-13
6.940000000000000000e+02 0.000000000000000000e+00 0.000000000000000000e+00 7.339435656086081916e-13
6.950000000000000000e+02 0.000000000000000000e+00 0.000000000000000000e+00 7.321304887124783633e-13
6.960000000000000000e+02 0.000000000000000000e+00 0.000000000000000000e+00 7.303218225894227317e-13
6.970000000000000000e+02 0.000000000000000000e+00 0.000000000000000000e+00 7.285177161227199906e-13
6.980000000000000000e+02 0.000000000000000000e+00 0.000000000000000000e+00 7.267181524158540839e-13
6.990000000000000000e+02 0.000000000000000000e+00 0.000000000000000000e+00 7.249231146535867213e-13
7.000000000000000000e+02 0.000000000000000000e+00 0.000000000000000000e+00 7.231325861014877464e-13
7.010000000000000000e+02 0.000000000000000000e+00 0.000000000000000000e+00 7.213467126733888214e-13
7.020000000000000000e+02 0.000000000000000000e+00 0.000000000000000000e+00 7.195653953548691260e-13
7.030000000000000000e+02 0.000000000000000000e+00 0.000000000000000000e+00 7.177886977886977966e-13
7.040000000000000000e+02 0.000000000000000000e+00 0.000000000000000000e+00 7.160166827852997388e-13
7.050000000000000000e+02 0.000000000000000000e+00 0.000000000000000000e+00 7.142493319671307839e-13
7.060000000000000000e+02 0.000000000000000000e+00 0.000000000000000000e+00 7.124866270520212332e-13
7.070000000000000000e+02 0.000000000000000000e+00 0.000000000000000000e+00 7.107286297637027097e-13
7.080000000000000000e+02 0.000000000000000000e+00 0.000000000000000000e+00 7.089754010183834761e-13
7.090000000000000000e+02 0.000000000000000000e+00 0.000000000000000000e+00 7.072269214724170390e-13
7.100000000000000000e+02 0.000000000000000000e+00 0.000000000000000000e+00 7.054832511241853014e-13
7.110000000000000000e+02 0.000000000000000000e+00 0.000000000000000000e+00 7.037443701701986175e-13
7.120000000000000000e+02 0.000000000000000000e+00 0.000000000000000000e+00 7.020103377089998717e-13
7.130000000000000000e+02 0.000000000000000000e+00 0.000000000000000000e+00 7.002811334912646182e-13
7.140000000000000000e+02 0.000000000000000000e+00 0.000000000000000000e+00 6.985568940863057961e-13
7.150000000000000000e+02 0.000000000000000000e+00 0.000000000000000000e+00 6.968375200218775030e-13
7.160000000000000000e+02 0.000000000000000000e+00 0.000000000000000000e+00 6.951231465681804847e-13
7.170000000000000000e+02 0.000000000000000000e+00 0.000000000000000000e+00 6.934138296756447310e-13
7.180000000000000000e+02 0.000000000000000000e+00 0.000000000000000000e+00 6.917094695898435687e-13
7.190000000000000000e+02 0.000000000000000000e+00 0.000000000000000000e+00 6.900101220831401041e-13
7.200000000000000000e+02 0.000000000000000000e+00 0.000000000000000000e+00 6.883159192479579891e-13
7.210000000000000000e+02 0.000000000000000000e+00 0.000000000000000000e+00 6.866268379174814130e-13
7.220000000000000000e+02 0.000000000000000000e+00 0.000000000000000000e+00 6.849429316904403379e-13
7.230000000000000000e+02 0.000000000000000000e+00 0.000000000000000000e+00 6.832641770401106691e-13
7.240000000000000000e+02 0.000000000000000000e+00 0.000000000000000000e+00 6.815906267860545825e-13
7.250000000000000000e+02 0.000000000000000000e+00 0.000000000000000000e+00 6.799224090434121228e-13
7.260000000000000000e+02 0.000000000000000000e+00 0.000000000000000000e+00 6.782594230412162672e-13
7.270000000000000000e+02 0.000000000000000000e+00 0.000000000000000000e+00 6.766017201505509187e-13
7.280000000000000000e+02 0.000000000000000000e+00 0.000000000000000000e+00 6.749494264309078924e-13
7.290000000000000000e+02 0.000000000000000000e+00 0.000000000000000000e+00 6.733025912772234814e-13
7.300000000000000000e+02 0.000000000000000000e+00 0.000000000000000000e+00 6.716611135056124409e-13
7.310000000000000000e+02 0.000000000000000000e+00 0.000000000000000000e+00 6.700251919296121309e-13
7.320000000000000000e+02 0.000000000000000000e+00 0.000000000000000000e+00 6.683947248749430987e-13
7.330000000000000000e+02 0.000000000000000000e+00 0.000000000000000000e+00 6.667698346907747858e-13
7.340000000000000000e+02 0.000000000000000000e+00 0.000000000000000000e+00 6.651505681291590190e-13
7.350000000000000000e+02 0.000000000000000000e+00 0.000000000000000000e+00 6.635368973676427456e-13
7.360000000000000000e+02 0.000000000000000000e+00 0.000000000000000000e+00 6.619288685033331065e-13
7.370000000000000000e+02 0.000000000000000000e+00 0.000000000000000000e+00 6.603266005523013164e-13
7.380000000000000000e+02 0.000000000000000000e+00 0.000000000000000000e+00 6.587300644319027338e-13
7.390000000000000000e+02 0.000000000000000000e+00 0.000000000000000000e+00 6.571393043923491109e-13
7.400000000000000000e+02 0.000000000000000000e+00 0.000000000000000000e+00 6.555542911332385915e-13
7.410000000000000000e+02 0.000000000000000000e+00 0.000000000000000000e+00 6.539752137964650231e-13
7.420000000000000000e+02 0.000000000000000000e+00 0.000000000000000000e+00 6.524019691423636648e-13
7.430000000000000000e+02 0.000000000000000000e+00 0.000000000000000000e+00 6.508346719923588095e-13
7.440000000000000000e+02 0.000000000000000000e+00 0.000000000000000000e+00 6.492733636429241376e-13
7.450000000000000000e+02 0.000000000000000000e+00 0.000000000000000000e+00 6.477180128470409950e-13
7.460000000000000000e+02 0.000000000000000000e+00 0.000000000000000000e+00 6.461686603428906746e-13
7.470000000000000000e+02 0.000000000000000000e+00 0.000000000000000000e+00 6.446253463050061074e-13
7.480000000000000000e+02 0.000000000000000000e+00 0.000000000000000000e+00 6.430881817467853691e-13
7.490000000000000000e+02 0.000000000000000000e+00 0.000000000000000000e+00 6.415570627503337777e-13
7.500000000000000000e+02 0.000000000000000000e+00 0.000000000000000000e+00 6.400321704394141042e-13
7.510000000000000000e+02 0.000000000000000000e+00 0.000000000000000000e+00 6.385134713998356870e-13
7.520000000000000000e+02 0.000000000000000000e+00 0.000000000000000000e+00 6.370009324404508770e-13
7.530000000000000000e+02 0.000000000000000000e+00 0.000000000000000000e+00 6.354946614954857953e-13
7.540000000000000000e+02 0.000000000000000000e+00 0.000000000000000000e+00 6.339946949602121801e-13
7.550000000000000000e+02 0.000000000000000000e+00 0.000000000000000000e+00 6.325009986334489106e-13
7.560000000000000000e+02 0.000000000000000000e+00 0.000000000000000000e+00 6.310136783320403760e-13
7.570000000000000000e+02 0.000000000000000000e+00 0.000000000000000000e+00 6.295326294949861300e-13
7.580000000000000000e+02 0.000000000000000000e+00 0.000000000000000000e+00 6.280580961618015474e-13
7.590000000000000000e+02 0.000000000000000000e+00 0.000000000000000000e+00 6.265899036127869567e-13
7.600000000000000000e+02 0.000000000000000000e+00 0.000000000000000000e+00 6.251281554740991620e-13
7.610000000000000000e+02 0.000000000000000000e+00 0.000000000000000000e+00 6.236728851731904727e-13
7.620000000000000000e+02 0.000000000000000000e+00 0.000000000000000000e+00 6.222241256540180521e-13
7.630000000000000000e+02 0.000000000000000000e+00 0.000000000000000000e+00 6.207818407635881528e-13
7.640000000000000000e+02 0.000000000000000000e+00 0.000000000000000000e+00 6.193461314717858526e-13
7.650000000000000000e+02 0.000000000000000000e+00 0.000000000000000000e+00 6.179169610402908923e-13
7.660000000000000000e+02 0.000000000000000000e+00 0.000000000000000000e+00 6.164943610622241089e-13
7.670000000000000000e+02 0.000000000000000000e+00 0.000000000000000000e+00 6.150783626684049701e-13
7.680000000000000000e+02 0.000000000000000000e+00 0.000000000000000000e+00 6.136690642609449550e-13
7.690000000000000000e+02 0.000000000000000000e+00 0.000000000000000000e+00 6.122662928748754826e-13
7.700000000000000000e+02 0.000000000000000000e+00 0.000000000000000000e+00 6.108702140920040275e-13
7.710000000000000000e+02 0.000000000000000000e+00 0.000000000000000000e+00 6.094808572407814620e-13
7.720000000000000000e+02 0.000000000000000000e+00 0.000000000000000000e+00 6.080981171534094731e-13
7.730000000000000000e+02 0.000000000000000000e+00 0.000000000000000000e+00 6.067220901818814652e-13
7.740000000000000000e+02 0.000000000000000000e+00 0.000000000000000000e+00 6.053527381845460846e-13
7.750000000000000000e+02 0.000000000000000000e+00 0.000000000000000000e+00 6.039901563019621528e-13
7.760000000000000000e+02 0.000000000000000000e+00 0.000000000000000000e+00 6.026343058817286191e-13
7.770000000000000000e+02 0.000000000000000000e+00 0.000000000000000000e+00 6.012851485345058413e-13
7.780000000000000000e+02 0.000000000000000000e+00 0.000000000000000000e+00 5.999427781316103308e-13
7.790000000000000000e+02 0.000000000000000000e+00 0.000000000000000000e+00 5.986071557881570388e-13
7.800000000000000000e+02 0.000000000000000000e+00 0.000000000000000000e+00 5.972783085459142962e-13
7.810000000000000000e+02 0.000000000000000000e+00 0.000000000000000000e+00 5.959562630374200925e-13
7.820000000000000000e+02 0.000000000000000000e+00 0.000000000000000000e+00 5.946409801635130477e-13
7.830000000000000000e+02 0.000000000000000000e+00 0.000000000000000000e+00 5.933324210910418381e-13
7.840000000000000000e+02 0.000000000000000000e+00 0.000000000000000000e+00 5.920307422331990298e-13
7.850000000000000000e+02 0.000000000000000000e+00 0.000000000000000000e+00 5.907357741365618253e-13
7.860000000000000000e+02 0.000000000000000000e+00 0.000000000000000000e+00 5.894476722568713292e-13
7.870000000000000000e+02 0.000000000000000000e+00 0.000000000000000000e+00 5.881662678422848668e-13
7.880000000000000000e+02 0.000000000000000000e+00 0.000000000000000000e+00 5.868917154014913124e-13
7.890000000000000000e+02 0.000000000000000000e+00 0.000000000000000000e+00 5.856239110554940717e-13
7.900000000000000000e+02 0.000000000000000000e+00 0.000000000000000000e+00 5.843629438781225513e-13
7.910000000000000000e+02 0.000000000000000000e+00 0.000000000000000000e+00 5.831087103653475303e-13
7.920000000000000000e+02 0.000000000000000000e+00 0.000000000000000000e+00 5.818612989924465054e-13
7.930000000000000000e+02 0.000000000000000000e+00 0.000000000000000000e+00 5.806206066304344702e-13
7.940000000000000000e+02 0.000000000000000000e+00 0.000000000000000000e+00 5.793866577950984679e-13
7.950000000000000000e+02 0.000000000000000000e+00 0.000000000000000000e+00 5.781595398375525009e-13
7.960000000000000000e+02 0.000000000000000000e+00 0.000000000000000000e+00 5.769390869025175498e-13
7.970000000000000000e+02 0.000000000000000000e+00 0.000000000000000000e+00 5.757254491309830621e-13
7.980000000000000000e+02 0.000000000000000000e+00 0.000000000000000000e+00 5.745184613599079079e-13
7.990000000000000000e+02 0.000000000000000000e+00 0.000000000000000000e+00 5.733182102628285428e-13
8.000000000000000000e+02 0.000000000000000000e+00 0.000000000000000000e+00 5.721246566791509869e-13
8.010000000000000000e+02 0.000000000000000000e+00 0.000000000000000000e+00 5.709377617130706398e-13
8.020000000000000000e+02 0.000000000000000000e+00 0.000000000000000000e+00 5.697575488427126147e-13
8.030000000000000000e+02 0.000000000000000000e+00 0.000000000000000000e+00 5.685839792321085090e-13
8.040000000000000000e+02 0.000000000000000000e+00 0.000000000000000000e+00 5.674170761101325715e-13
8.050000000000000000e+02 0.000000000000000000e+00 0.000000000000000000e+00 5.662567390533729810e-13
8.060000000000000000e+02 0.000000000000000000e+00 0.000000000000000000e+00 5.651029915042386620e-13
8.070000000000000000e+02 0.000000000000000000e+00 0.000000000000000000e+00 5.639558565521979798e-13
8.080000000000000000e+02 0.000000000000000000e+00 0.000000000000000000e+00 5.628152957446547952e-13
8.090000000000000000e+02 0.000000000000000000e+00 0.000000000000000000e+00 5.616812098460223863e-13
8.100000000000000000e+02 0.000000000000000000e+00 0.000000000000000000e+00 5.605536222618014887e-13
8.110000000000000000e+02 0.000000000000000000e+00 0.000000000000000000e+00 5.594325560489088102e-13
8.120000000000000000e+02 0.000000000000000000e+00 0.000000000000000000e+00 5.583179127357775691e-13
8.130000000000000000e+02 0.000000000000000000e+00 0.000000000000000000e+00 5.572097155860994316e-13
8.140000000000000000e+02 0.000000000000000000e+00 0.000000000000000000e+00 5.561079272244916798e-13
8.150000000000000000e+02 0.000000000000000000e+00 0.000000000000000000e+00 5.550124503789246285e-13
8.160000000000000000e+02 0.000000000000000000e+00 0.000000000000000000e+00 5.539233686130510735e-13
8.170000000000000000e+02 0.000000000000000000e+00 0.000000000000000000e+00 5.528406448543032461e-13
8.180000000000000000e+02 0.000000000000000000e+00 0.000000000000000000e+00 5.517641228643674057e-13
8.190000000000000000e+02 0.000000000000000000e+00 0.000000000000000000e+00 5.506938860597396853e-13
8.200000000000000000e+02 0.000000000000000000e+00 0.000000000000000000e+00 5.496298981016605753e-13
8.210000000000000000e+02 0.000000000000000000e+00 0.000000000000000000e+00 5.485720636218960510e-13
8.220000000000000000e+02 0.000000000000000000e+00 0.000000000000000000e+00 5.475203471957381433e-13
8.230000000000000000e+02 0.000000000000000000e+00 0.000000000000000000e+00 5.464747726173482738e-13
8.240000000000000000e+02 0.000000000000000000e+00 0.000000000000000000e+00 5.454353045013238907e-13
8.250000000000000000e+02 0.000000000000000000e+00 0.000000000000000000e+00 5.444018489984592062e-13
8.260000000000000000e+02 0.000000000000000000e+00 0.000000000000000000e+00 5.433744301729463900e-13
8.270000000000000000e+02 0.000000000000000000e+00 0.000000000000000000e+00 5.423529549211689765e-13
8.280000000000000000e+02 0.000000000000000000e+00 0.000000000000000000e+00 5.413374474805218901e-13
8.290000000000000000e+02 0.000000000000000000e+00 0.000000000000000000e+00 5.403277573502695643e-13
8.300000000000000000e+02 0.000000000000000000e+00 0.000000000000000000e+00 5.393239673495425677e-13
8.310000000000000000e+02 0.000000000000000000e+00 0.000000000000000000e+00 5.383259858372674035e-13
8.320000000000000000e+02 0.000000000000000000e+00 0.000000000000000000e+00 5.373337219503185927e-13
8.330000000000000000e+02 0.000000000000000000e+00 0.000000000000000000e+00 5.363472583277916314e-13
8.340000000000000000e+02 0.000000000000000000e+00 0.000000000000000000e+00 5.353663895231120258e-13
8.350000000000000000e+02 0.000000000000000000e+00 0.000000000000000000e+00 5.343912557659800165e-13
8.360000000000000000e+02 0.000000000000000000e+00 0.000000000000000000e+00 5.334216528613812224e-13
8.370000000000000000e+02 0.000000000000000000e+00 0.000000000000000000e+00 5.324576065787859834e-13
8.380000000000000000e+02 0.000000000000000000e+00 0.000000000000000000e+00 5.314990285628134620e-13
8.390000000000000000e+02 0.000000000000000000e+00 0.000000000000000000e+00 5.305459447187694342e-13
8.400000000000000000e+02 0.000000000000000000e+00 0.000000000000000000e+00 5.295983239907140686e-13
8.410000000000000000e+02 0.000000000000000000e+00 0.000000000000000000e+00 5.286560225497866371e-13
8.420000000000000000e+02 0.000000000000000000e+00 0.000000000000000000e+00 5.277190105465437480e-13
8.430000000000000000e+02 0.000000000000000000e+00 0.000000000000000000e+00 5.267872583247597684e-13
8.440000000000000000e+02 0.000000000000000000e+00 0.000000000000000000e+00 5.258607925068005475e-13
8.450000000000000000e+02 0.000000000000000000e+00 0.000000000000000000e+00 5.249394715123029915e-13
8.460000000000000000e+02 0.000000000000000000e+00 0.000000000000000000e+00 5.240232666538275858e-13
8.470000000000000000e+02 0.000000000000000000e+00 0.000000000000000000e+00 5.231121494286160139e-13
8.480000000000000000e+02 0.000000000000000000e+00 0.000000000000000000e+00 5.222060359579527647e-13
8.490000000000000000e+02 0.000000000000000000e+00 0.000000000000000000e+00 5.213048984965011013e-13
8.500000000000000000e+02 0.000000000000000000e+00 0.000000000000000000e+00 5.204086541784751258e-13
8.510000000000000000e+02 0.000000000000000000e+00 0.000000000000000000e+00 5.195173311707298702e-13
8.520000000000000000e+02 0.000000000000000000e+00 0.000000000000000000e+00 5.186307921778424092e-13
8.530000000000000000e+02 0.000000000000000000e+00 0.000000000000000000e+00 5.177490109298769275e-13
8.540000000000000000e+02 0.000000000000000000e+00 0.000000000000000000e+00 5.168719613240752346e-13
8.550000000000000000e+02 0.000000000000000000e+00 0.000000000000000000e+00 5.159995627698530057e-13
8.560000000000000000e+02 0.000000000000000000e+00 0.000000000000000000e+00 5.151317898777521471e-13
8.570000000000000000e+02 0.000000000000000000e+00 0.000000000000000000e+00 5.142685630200215183e-13
8.580000000000000000e+02 0.000000000000000000e+00 0.000000000000000000e+00 5.134098032351815460e-13
8.590000000000000000e+02 0.000000000000000000e+00 0.000000000000000000e+00 5.125555405149308964e-13
8.600000000000000000e+02 0.000000000000000000e+00 0.000000000000000000e+00 5.117056424384841939e-13
8.610000000000000000e+02 0.000000000000000000e+00 0.000000000000000000e+00 5.108600855315812136e-13
8.620000000000000000e+02 0.000000000000000000e+00 0.000000000000000000e+00 5.100188464671612067e-13
8.630000000000000000e+02 0.000000000000000000e+00 0.000000000000000000e+00 5.091818484185227723e-13
8.640000000000000000e+02 0.000000000000000000e+00 0.000000000000000000e+00 5.083490152001712526e-13
8.650000000000000000e+02 0.000000000000000000e+00 0.000000000000000000e+00 5.075203246605881937e-13
8.660000000000000000e+02 0.000000000000000000e+00 0.000000000000000000e+00 5.066957015111437610e-13
8.670000000000000000e+02 0.000000000000000000e+00 0.000000000000000000e+00 5.058750710910549668e-13
8.680000000000000000e+02 0.000000000000000000e+00 0.000000000000000000e+00 5.050584654218789884e-13
8.690000000000000000e+02 0.000000000000000000e+00 0.000000000000000000e+00 5.042457574434877028e-13
8.700000000000000000e+02 0.000000000000000000e+00 0.000000000000000000e+00 5.034368739855101710e-13
8.710000000000000000e+02 0.000000000000000000e+00 0.000000000000000000e+00 5.026318478180726410e-13
8.720000000000000000e+02 0.000000000000000000e+00 0.000000000000000000e+00 5.018305537164895824e-13
8.730000000000000000e+02 0.000000000000000000e+00 0.000000000000000000e+00 5.010329723906359754e-13
8.740000000000000000e+02 0.000000000000000000e+00 0.000000000000000000e+00 5.002390323635175253e-13
8.750000000000000000e+02 0.000000000000000000e+00 0.000000000000000000e+00 4.994487149380300587e-13
8.760000000000000000e+02 0.000000000000000000e+00 0.000000000000000000e+00 4.986619494644986321e-13
8.770000000000000000e+02 0.000000000000000000e+00 0.000000000000000000e+00 4.978786139328783672e-13
8.780000000000000000e+02 0.000000000000000000e+00 0.000000000000000000e+00 4.970987947061398903e-13
8.790000000000000000e+02 0.000000000000000000e+00 0.000000000000000000e+00 4.963223187506464117e-13
8.800000000000000000e+02 0.000000000000000000e+00 0.000000000000000000e+00 4.955492209266329838e-13
8.810000000000000000e+02 0.000000000000000000e+00 0.000000000000000000e+00 4.947793812947047948e-13
8.820000000000000000e+02 0.000000000000000000e+00 0.000000000000000000e+00 4.940127836714149578e-13
8.830000000000000000e+02 0.000000000000000000e+00 0.000000000000000000e+00 4.932493607252117781e-13
8.840000000000000000e+02 0.000000000000000000e+00 0.000000000000000000e+00 4.924890968121277489e-13
8.850000000000000000e+02 0.000000000000000000e+00 0.000000000000000000e+00 4.917318743543635578e-13
8.860000000000000000e+02 0.000000000000000000e+00 0.000000000000000000e+00 4.909777294810162979e-13
8.870000000000000000e+02 0.000000000000000000e+00 0.000000000000000000e+00 4.902265455985862484e-13
8.880000000000000000e+02 0.000000000000000000e+00 0.000000000000000000e+00 4.894783084546864275e-13
8.890000000000000000e+02 0.000000000000000000e+00 0.000000000000000000e+00 4.887329533246546285e-13
8.900000000000000000e+02 0.000000000000000000e+00 0.000000000000000000e+00 4.879904160203785613e-13
8.910000000000000000e+02 0.000000000000000000e+00 0.000000000000000000e+00 4.872506832148087716e-13
8.920000000000000000e+02 0.000000000000000000e+00 0.000000000000000000e+00 4.865137416578370317e-13
8.930000000000000000e+02 0.000000000000000000e+00 0.000000000000000000e+00 4.857794779680889044e-13
8.940000000000000000e+02 0.000000000000000000e+00 0.000000000000000000e+00 4.850478297276692995e-13
8.950000000000000000e+02 0.000000000000000000e+00 0.000000000000000000e+00 4.843188347964883401e-13
8.960000000000000000e+02 0.000000000000000000e+00 0.000000000000000000e+00 4.835923813505335683e-13
8.970000000000000000e+02 0.000000000000000000e+00 0.000000000000000000e+00 4.828684578389235432e-13
8.980000000000000000e+02 0.000000000000000000e+00 0.000000000000000000e+00 4.821470032280360961e-13
8.990000000000000000e+02 0.000000000000000000e+00 0.000000000000000000e+00 4.814280064268941286e-13
9.000000000000000000e+02 0.000000000000000000e+00 0.000000000000000000e+00 4.807113577506473523e-13
9.010000000000000000e+02 0.000000000000000000e+00 0.000000000000000000e+00 4.799970468880352498e-13
9.020000000000000000e+02 0.000000000000000000e+00 0.000000000000000000e+00 4.792850144750314606e-13
9.030000000000000000e+02 0.000000000000000000e+00 0.000000000000000000e+00 4.785752996403336296e-13
9.040000000000000000e+02 0.000000000000000000e+00 0.000000000000000000e+00 4.778677455629981214e-13
9.050000000000000000e+02 0.000000000000000000e+00 0.000000000000000000e+00 4.771623431268522888e-13
9.060000000000000000e+02 0.000000000000000000e+00 0.000000000000000000e+00 4.764590832645769210e-13
9.070000000000000000e+02 0.000000000000000000e+00 0.000000000000000000e+00 4.757579083875292019e-13
9.080000000000000000e+02 0.000000000000000000e+00 0.000000000000000000e+00 4.750587613827462608e-13
9.090000000000000000e+02 0.000000000000000000e+00 0.000000000000000000e+00 4.743616339655943114e-13
9.100000000000000000e+02 0.000000000000000000e+00 0.000000000000000000e+00 4.736664696445157815e-13
9.110000000000000000e+02 0.000000000000000000e+00 0.000000000000000000e+00 4.729732123943227186e-13
9.120000000000000000e+02 0.000000000000000000e+00 0.000000000000000000e+00 4.722818066524471127e-13
9.130000000000000000e+02 0.000000000000000000e+00 0.000000000000000000e+00 4.715922931830764638e-13
9.140000000000000000e+02 0.000000000000000000e+00 0.000000000000000000e+00 4.709045688799608126e-13
9.150000000000000000e+02 0.000000000000000000e+00 0.000000000000000000e+00 4.702186269596964938e-13
9.160000000000000000e+02 0.000000000000000000e+00 0.000000000000000000e+00 4.695344130518636049e-13
9.170000000000000000e+02 0.000000000000000000e+00 0.000000000000000000e+00 4.688518732344506740e-13
9.180000000000000000e+02 0.000000000000000000e+00 0.000000000000000000e+00 4.681710014437403465e-13
9.190000000000000000e+02 0.000000000000000000e+00 0.000000000000000000e+00 4.674917443345791585e-13
9.200000000000000000e+02 0.000000000000000000e+00 0.000000000000000000e+00 4.668140490015578843e-13
9.210000000000000000e+02 0.000000000000000000e+00 0.000000000000000000e+00 4.661379571860257495e-13
9.220000000000000000e+02 0.000000000000000000e+00 0.000000000000000000e+00 4.654633222327457365e-13
9.230000000000000000e+02 0.000000000000000000e+00 0.000000000000000000e+00 4.647902332409374154e-13
9.240000000000000000e+02 0.000000000000000000e+00 0.000000000000000000e+00 4.641185445185445062e-13
9.250000000000000000e+02 0.000000000000000000e+00 0.000000000000000000e+00 4.634482984063977126e-13
9.260000000000000000e+02 0.000000000000000000e+00 0.000000000000000000e+00 4.627794436639242994e-13
9.270000000000000000e+02 0.000000000000000000e+00 0.000000000000000000e+00 4.621119294721571693e-13
9.280000000000000000e+02 0.000000000000000000e+00 0.000000000000000000e+00 4.614457518280687377e-13
9.290000000000000000e+02 0.000000000000000000e+00 0.000000000000000000e+00 4.607808604465432888e-13
9.300000000000000000e+02 0.000000000000000000e+00 0.000000000000000000e+00 4.601172054560364296e-13
9.310000000000000000e+02 0.000000000000000000e+00 0.000000000000000000e+00 4.594547834946041297e-13
9.320000000000000000e+02 0.000000000000000000e+00 0.000000000000000000e+00 4.587935912120668623e-13
9.330000000000000000e+02 0.000000000000000000e+00 0.000000000000000000e+00 4.581335334659901095e-13
9.340000000000000000e+02 0.000000000000000000e+00 0.000000000000000000e+00 4.574746533224931363e-13
9.350000000000000000e+02 0.000000000000000000e+00 0.000000000000000000e+00 4.568168563462681612e-13
9.360000000000000000e+02 0.000000000000000000e+00 0.000000000000000000e+00 4.561603225423930179e-13
9.370000000000000000e+02 0.000000000000000000e+00 0.000000000000000000e+00 4.555044566768232528e-13
9.380000000000000000e+02 0.000000000000000000e+00 0.000000000000000000e+00 4.548498947526174868e-13
9.390000000000000000e+02 0.000000000000000000e+00 0.000000000000000000e+00 4.541961797294541112e-13
9.400000000000000000e+02 0.000000000000000000e+00 0.000000000000000000e+00 4.535437628597915628e-13
9.410000000000000000e+02 0.000000000000000000e+00 0.000000000000000000e+00 4.528921890476545246e-13
9.420000000000000000e+02 0.000000000000000000e+00 0.000000000000000000e+00 4.522414573356478787e-13
9.430000000000000000e+02 0.000000000000000000e+00 0.000000000000000000e+00 4.515915667631252389e-13
9.440000000000000000e+02 0.000000000000000000e+00 0.000000000000000000e+00 4.509425163662451936e-13
9.450000000000000000e+02 0.000000000000000000e+00 0.000000000000000000e+00 4.502947526203340590e-13
9.460000000000000000e+02 0.000000000000000000e+00 0.000000000000000000e+00 4.496473787257412412e-13
9.470000000000000000e+02 0.000000000000000000e+00 0.000000000000000000e+00 4.490008420996350686e-13
9.480000000000000000e+02 0.000000000000000000e+00 0.000000000000000000e+00 4.483555863822900166e-13
9.490000000000000000e+02 0.000000000000000000e+00 0.000000000000000000e+00 4.477107204259331288e-13
9.500000000000000000e+02 0.000000000000000000e+00 0.000000000000000000e+00 4.470666888040289692e-13
9.510000000000000000e+02 0.000000000000000000e+00 0.000000000000000000e+00 4.464230487147540109e-13
9.520000000000000000e+02 0.000000000000000000e+00 0.000000000000000000e+00 4.457806837320447743e-13
9.530000000000000000e+02 0.000000000000000000e+00 0.000000000000000000e+00 4.451387101528660489e-13
9.540000000000000000e+02 0.000000000000000000e+00 0.000000000000000000e+00 4.444975687927382213e-13
9.550000000000000000e+02 0.000000000000000000e+00 0.000000000000000000e+00 4.438568205218077154e-13
9.560000000000000000e+02 0.000000000000000000e+00 0.000000000000000000e+00 4.432169042903424707e-13
9.570000000000000000e+02 0.000000000000000000e+00 0.000000000000000000e+00 4.425778190805907000e-13
9.580000000000000000e+02 0.000000000000000000e+00 0.000000000000000000e+00 4.419391284850041433e-13
9.590000000000000000e+02 0.000000000000000000e+00 0.000000000000000000e+00 4.413012686826555358e-13
9.600000000000000000e+02 0.000000000000000000e+00 0.000000000000000000e+00 4.406638050641692810e-13
9.610000000000000000e+02 0.000000000000000000e+00 0.000000000000000000e+00 4.400267392983313735e-13
9.620000000000000000e+02 0.000000000000000000e+00 0.000000000000000000e+00 4.393905048110655539e-13
9.630000000000000000e+02 0.000000000000000000e+00 0.000000000000000000e+00 4.387546696655938129e-13
9.640000000000000000e+02 0.000000000000000000e+00 0.000000000000000000e+00 4.381192354825532565e-13
9.650000000000000000e+02 0.000000000000000000e+00 0.000000000000000000e+00 4.374846329610916258e-13
9.660000000000000000e+02 0.000000000000000000e+00 0.000000000000000000e+00 4.368504328128446239e-13
9.670000000000000000e+02 0.000000000000000000e+00 0.000000000000000000e+00 4.362166366114847941e-13
9.680000000000000000e+02 0.000000000000000000e+00 0.000000000000000000e+00 4.355836723554145718e-13
9.690000000000000000e+02 0.000000000000000000e+00 0.000000000000000000e+00 4.349506878171778949e-13
9.700000000000000000e+02 0.000000000000000000e+00 0.000000000000000000e+00 4.343185365283956165e-13
9.710000000000000000e+02 0.000000000000000000e+00 0.000000000000000000e+00 4.336863697431267728e-13
9.720000000000000000e+02 0.000000000000000000e+00 0.000000000000000000e+00 4.330550374515202564e-13
9.730000000000000000e+02 0.000000000000000000e+00 0.000000000000000000e+00 4.324241164416662625e-13
9.740000000000000000e+02 0.000000000000000000e+00 0.000000000000000000e+00 4.317936081714315942e-13
9.750000000000000000e+02 0.000000000000000000e+00 0.000000000000000000e+00 4.311635140815469257e-13
9.760000000000000000e+02 0.000000000000000000e+00 0.000000000000000000e+00 4.305338355957514479e-13
9.770000000000000000e+02 0.000000000000000000e+00 0.000000000000000000e+00 4.299041554945756819e-13
9.780000000000000000e+02 0.000000000000000000e+00 0.000000000000000000e+00 4.292753132761404634e-13
9.790000000000000000e+02 0.000000000000000000e+00 0.000000000000000000e+00 4.286468908298764097e-13
9.800000000000000000e+02 0.000000000000000000e+00 0.000000000000000000e+00 4.280188895129916722e-13
9.810000000000000000e+02 0.000000000000000000e+00 0.000000000000000000e+00 4.273908954452313088e-13
9.820000000000000000e+02 0.000000000000000000e+00 0.000000000000000000e+00 4.267637412385295434e-13
9.830000000000000000e+02 0.000000000000000000e+00 0.000000000000000000e+00 4.261365985989463241e-13
9.840000000000000000e+02 0.000000000000000000e+00 0.000000000000000000e+00 4.255098840328505077e-13
9.850000000000000000e+02 0.000000000000000000e+00 0.000000000000000000e+00 4.248835988097321948e-13
9.860000000000000000e+02 0.000000000000000000e+00 0.000000000000000000e+00 4.242577441835134358e-13
9.870000000000000000e+02 0.000000000000000000e+00 0.000000000000000000e+00 4.236323213926797501e-13
9.880000000000000000e+02 0.000000000000000000e+00 0.000000000000000000e+00 4.230069222991366795e-13
9.890000000000000000e+02 0.000000000000000000e+00 0.000000000000000000e+00 4.223819591261451904e-13
9.900000000000000000e+02 0.000000000000000000e+00 0.000000000000000000e+00 4.217574330591485015e-13
9.910000000000000000e+02 0.000000000000000000e+00 0.000000000000000000e+00 4.211333452687086589e-13
9.920000000000000000e+02 0.000000000000000000e+00 0.000000000000000000e+00 4.205096969106324499e-13
9.930000000000000000e+02 0.000000000000000000e+00 0.000000000000000000e+00 4.198864891260959557e-13
9.940000000000000000e+02 0.000000000000000000e+00 0.000000000000000000e+00 4.192633186050979093e-13
9.950000000000000000e+02 0.000000000000000000e+00 0.000000000000000000e+00 4.186405925208370857e-13
9.960000000000000000e+02 0.000000000000000000e+00 0.000000000000000000e+00 4.180183119640044369e-13
9.970000000000000000e+02 0.000000000000000000e+00 0.000000000000000000e+00 4.173964780111878491e-13
9.980000000000000000e+02 0.000000000000000000e+00 0.000000000000000000e+00 4.167746905221855311e-13
9.990000000000000000e+02 0.000000000000000000e+00 0.000000000000000000e+00 4.161533533533533114e-13
1.000000000000000000e+03 0.000000000000000000e+00 0.000000000000000000e+00 4.155328671328671405e-13
1.001000000000000000e+03 0.000000000000000000e+00 0.000000000000000000e+00 4.149124328765047023e-13
1.002000000000000000e+03 0.000000000000000000e+00 0.000000000000000000e+00 4.142920539777872329e-13
1.003000000000000000e+03 0.000000000000000000e+00 0.000000000000000000e+00 4.136725282320369781e-13
1.004000000000000000e+03 0.000000000000000000e+00 0.000000000000000000e+00 4.130534578105488441e-13
1.005000000000000000e+03 0.000000000000000000e+00 0.000000000000000000e+00 4.124344480381393649e-13
1.006000000000000000e+03 0.000000000000000000e+00 0.000000000000000000e+00 4.118158970704076977e-13
1.007000000000000000e+03 0.000000000000000000e+00 0.000000000000000000e+00 4.111978058353431039e-13
1.008000000000000000e+03 0.000000000000000000e+00 0.000000000000000000e+00 4.105801752481633759e-13
1.009000000000000000e+03 0.000000000000000000e+00 0.000000000000000000e+00 4.099630062114238896e-13
1.010000000000000000e+03 0.000000000000000000e+00 0.000000000000000000e+00 4.093462996151246874e-13
1.011000000000000000e+03 0.000000000000000000e+00 0.000000000000000000e+00 4.087300563368167537e-13
1.012000000000000000e+03 0.000000000000000000e+00 0.000000000000000000e+00 4.081142772417076336e-13
1.013000000000000000e+03 0.000000000000000000e+00 0.000000000000000000e+00 4.074989631827660426e-13
1.014000000000000000e+03 0.000000000000000000e+00 0.000000000000000000e+00 4.068841150008258695e-13
1.015000000000000000e+03 0.000000000000000000e+00 0.000000000000000000e+00 4.062697335246887667e-13
1.016000000000000000e+03 0.000000000000000000e+00 0.000000000000000000e+00 4.056562066909777810e-13
1.017000000000000000e+03 0.000000000000000000e+00 0.000000000000000000e+00 4.050427603046828876e-13
1.018000000000000000e+03 0.000000000000000000e+00 0.000000000000000000e+00 4.044301686425498956e-13
1.019000000000000000e+03 0.000000000000000000e+00 0.000000000000000000e+00 4.038176605283918905e-13
1.020000000000000000e+03 0.000000000000000000e+00 0.000000000000000000e+00 4.032060071825008108e-13
1.021000000000000000e+03 0.000000000000000000e+00 0.000000000000000000e+00 4.025952071086441018e-13
1.022000000000000000e+03 0.000000000000000000e+00 0.000000000000000000e+00 4.019844936327481465e-13
1.023000000000000000e+03 0.000000000000000000e+00 0.000000000000000000e+00 4.013746334310850227e-13
1.024000000000000000e+03 0.000000000000000000e+00 0.000000000000000000e+00 4.007652439024390256e-13
1.025000000000000000e+03 0.000000000000000000e+00 0.000000000000000000e+00 4.001567061284647319e-13
1.026000000000000000e+03 0.000000000000000000e+00 0.000000000000000000e+00 3.995486389890120616e-13
1.027000000000000000e+03 0.000000000000000000e+00 0.000000000000000000e+00 3.989414220710088143e-13
1.028000000000000000e+03 0.000000000000000000e+00 0.000000000000000000e+00 3.983346757268777969e-13
1.029000000000000000e+03 0.000000000000000000e+00 0.000000000000000000e+00 3.977287780576863238e-13
1.030000000000000000e+03 0.000000000000000000e+00 0.000000000000000000e+00 3.971233508800015204e-13
1.031000000000000000e+03 0.000000000000000000e+00 0.000000000000000000e+00 3.965187708178257244e-13
1.032000000000000000e+03 0.000000000000000000e+00 0.000000000000000000e+00 3.959146611435046170e-13
1.033000000000000000e+03 0.000000000000000000e+00 0.000000000000000000e+00 3.953117715017572878e-13
1.034000000000000000e+03 0.000000000000000000e+00 0.000000000000000000e+00 3.947093506760481612e-13
1.035000000000000000e+03 0.000000000000000000e+00 0.000000000000000000e+00 3.941077723686419420e-13
1.036000000000000000e+03 0.000000000000000000e+00 0.000000000000000000e+00 3.935070350692337060e-13
1.037000000000000000e+03 0.000000000000000000e+00 0.000000000000000000e+00 3.929071372697662646e-13
1.038000000000000000e+03 0.000000000000000000e+00 0.000000000000000000e+00 3.923080774644360727e-13
1.039000000000000000e+03 0.000000000000000000e+00 0.000000000000000000e+00 3.917098541497001448e-13
1.040000000000000000e+03 0.000000000000000000e+00 0.000000000000000000e+00 3.911124658242813564e-13
1.041000000000000000e+03 0.000000000000000000e+00 0.000000000000000000e+00 3.905159109891751082e-13
1.042000000000000000e+03 0.000000000000000000e+00 0.000000000000000000e+00 3.899201881476546777e-13
1.043000000000000000e+03 0.000000000000000000e+00 0.000000000000000000e+00 3.893256631511664720e-13
1.044000000000000000e+03 0.000000000000000000e+00 0.000000000000000000e+00 3.887319657555592054e-13
1.045000000000000000e+03 0.000000000000000000e+00 0.000000000000000000e+00 3.881390944770233807e-13
1.046000000000000000e+03 0.000000000000000000e+00 0.000000000000000000e+00 3.875470478340190974e-13
1.047000000000000000e+03 0.000000000000000000e+00 0.000000000000000000e+00 3.869565534387599244e-13
1.048000000000000000e+03 0.000000000000000000e+00 0.000000000000000000e+00 3.863665140919377703e-13
1.049000000000000000e+03 0.000000000000000000e+00 0.000000000000000000e+00 3.857780198828816216e-13
1.050000000000000000e+03 0.000000000000000000e+00 0.000000000000000000e+00 3.851903402655067628e-13
1.051000000000000000e+03 0.000000000000000000e+00 0.000000000000000000e+00 3.846034737874123259e-13
1.052000000000000000e+03 0.000000000000000000e+00 0.000000000000000000e+00 3.840181411791043821e-13
1.053000000000000000e+03 0.000000000000000000e+00 0.000000000000000000e+00 3.834336160711872809e-13
1.054000000000000000e+03 0.000000000000000000e+00 0.000000000000000000e+00 3.828502567515310315e-13
1.055000000000000000e+03 0.000000000000000000e+00 0.000000000000000000e+00 3.822680597443630899e-13
1.056000000000000000e+03 0.000000000000000000e+00 0.000000000000000000e+00 3.816870215876838425e-13
1.057000000000000000e+03 0.000000000000000000e+00 0.000000000000000000e+00 3.811071388331995092e-13
1.058000000000000000e+03 0.000000000000000000e+00 0.000000000000000000e+00 3.805284080462539861e-13
1.059000000000000000e+03 0.000000000000000000e+00 0.000000000000000000e+00 3.799511821405027798e-13
1.060000000000000000e+03 0.000000000000000000e+00 0.000000000000000000e+00 3.793751000302313650e-13
1.061000000000000000e+03 0.000000000000000000e+00 0.000000000000000000e+00 3.788001583269878645e-13
1.062000000000000000e+03 0.000000000000000000e+00 0.000000000000000000e+00 3.782263536556630807e-13
1.063000000000000000e+03 0.000000000000000000e+00 0.000000000000000000e+00 3.776540363137382030e-13
1.064000000000000000e+03 0.000000000000000000e+00 0.000000000000000000e+00 3.770828479649828930e-13
1.065000000000000000e+03 0.000000000000000000e+00 0.000000000000000000e+00 3.765131376124162099e-13
1.066000000000000000e+03 0.000000000000000000e+00 0.000000000000000000e+00 3.759448999579751080e-13
1.067000000000000000e+03 0.000000000000000000e+00 0.000000000000000000e+00 3.753781297277185197e-13
1.068000000000000000e+03 0.000000000000000000e+00 0.000000000000000000e+00 3.748124713145051720e-13
1.069000000000000000e+03 0.000000000000000000e+00 0.000000000000000000e+00 3.742482711591757579e-13
1.070000000000000000e+03 0.000000000000000000e+00 0.000000000000000000e+00 3.736855240538582923e-13
1.071000000000000000e+03 0.000000000000000000e+00 0.000000000000000000e+00 3.731242248143038038e-13
1.072000000000000000e+03 0.000000000000000000e+00 0.000000000000000000e+00 3.725643682797568866e-13
1.073000000000000000e+03 0.000000000000000000e+00 0.000000000000000000e+00 3.720059493128265540e-13
1.074000000000000000e+03 0.000000000000000000e+00 0.000000000000000000e+00 3.714489627993590612e-13
1.075000000000000000e+03 0.000000000000000000e+00 0.000000000000000000e+00 3.708937494596697525e-13
1.076000000000000000e+03 0.000000000000000000e+00 0.000000000000000000e+00 3.703399571299872798e-13
1.077000000000000000e+03 0.000000000000000000e+00 0.000000000000000000e+00 3.697875807704697570e-13
1.078000000000000000e+03 0.000000000000000000e+00 0.000000000000000000e+00 3.692369592541709062e-13
1.079000000000000000e+03 0.000000000000000000e+00 0.000000000000000000e+00 3.686880856760374908e-13
1.080000000000000000e+03 0.000000000000000000e+00 0.000000000000000000e+00 3.681406105457909370e-13
1.081000000000000000e+03 0.000000000000000000e+00 0.000000000000000000e+00 3.675945289242349340e-13
1.082000000000000000e+03 0.000000000000000000e+00 0.000000000000000000e+00 3.670505186012019336e-13
1.083000000000000000e+03 0.000000000000000000e+00 0.000000000000000000e+00 3.665078894556258292e-13
1.084000000000000000e+03 0.000000000000000000e+00 0.000000000000000000e+00 3.659669767204584544e-13
1.085000000000000000e+03 0.000000000000000000e+00 0.000000000000000000e+00 3.654277736758578349e-13
1.086000000000000000e+03 0.000000000000000000e+00 0.000000000000000000e+00 3.648902736339901604e-13
1.087000000000000000e+03 0.000000000000000000e+00 0.000000000000000000e+00 3.643544699388494948e-13
1.088000000000000000e+03 0.000000000000000000e+00 0.000000000000000000e+00 3.638203559660778908e-13
1.089000000000000000e+03 0.000000000000000000e+00 0.000000000000000000e+00 3.632879251227875238e-13
1.090000000000000000e+03 0.000000000000000000e+00 0.000000000000000000e+00 3.627575072107905122e-13
1.091000000000000000e+03 0.000000000000000000e+00 0.000000000000000000e+00 3.622287581041018174e-13
1.092000000000000000e+03 0.000000000000000000e+00 0.000000000000000000e+00 3.617016713082586669e-13
1.093000000000000000e+03 0.000000000000000000e+00 0.000000000000000000e+00 3.611765748798654191e-13
1.094000000000000000e+03 0.000000000000000000e+00 0.000000000000000000e+00 3.606531266434599698e-13
1.095000000000000000e+03 0.000000000000000000e+00 0.000000000000000000e+00 3.601316535013164860e-13
1.096000000000000000e+03 0.000000000000000000e+00 0.000000000000000000e+00 3.596118145705939308e-13
1.097000000000000000e+03 0.000000000000000000e+00 0.000000000000000000e+00 3.590939356051360509e-13
1.098000000000000000e+03 0.000000000000000000e+00 0.000000000000000000e+00 3.585780084892541365e-13
1.099000000000000000e+03 0.000000000000000000e+00 0.000000000000000000e+00 3.580636942675159301e-13
1.100000000000000000e+03 0.000000000000000000e+00 0.000000000000000000e+00 3.575513169845594653e-13
1.101000000000000000e+03 0.000000000000000000e+00 0.000000000000000000e+00 3.570411983166598343e-13
1.102000000000000000e+03 0.000000000000000000e+00 0.000000000000000000e+00 3.565326703446959486e-13
1.103000000000000000e+03 0.000000000000000000e+00 0.000000000000000000e+00 3.560260554219717030e-13
1.104000000000000000e+03 0.000000000000000000e+00 0.000000000000000000e+00 3.555213456620106203e-13
1.105000000000000000e+03 0.000000000000000000e+00 0.000000000000000000e+00 3.550185332165972648e-13
1.106000000000000000e+03 0.000000000000000000e+00 0.000000000000000000e+00 3.545179369816603340e-13
1.107000000000000000e+03 0.000000000000000000e+00 0.000000000000000000e+00 3.540188951829349692e-13
1.108000000000000000e+03 0.000000000000000000e+00 0.000000000000000000e+00 3.535220529113619427e-13
1.109000000000000000e+03 0.000000000000000000e+00 0.000000000000000000e+00 3.530270757682840696e-13
1.110000000000000000e+03 0.000000000000000000e+00 0.000000000000000000e+00 3.525342804550725256e-13
1.111000000000000000e+03 0.000000000000000000e+00 0.000000000000000000e+00 3.520433338297858800e-13
1.112000000000000000e+03 0.000000000000000000e+00 0.000000000000000000e+00 3.515542283154608288e-13
1.113000000000000000e+03 0.000000000000000000e+00 0.000000000000000000e+00 3.510672789830000388e-13
1.114000000000000000e+03 0.000000000000000000e+00 0.000000000000000000e+00 3.505821545595800710e-13
1.115000000000000000e+03 0.000000000000000000e+00 0.000000000000000000e+00 3.500991690374014071e-13
1.116000000000000000e+03 0.000000000000000000e+00 0.000000000000000000e+00 3.496179923823092442e-13
1.117000000000000000e+03 0.000000000000000000e+00 0.000000000000000000e+00 3.491389375131125164e-13
1.118000000000000000e+03 0.000000000000000000e+00 0.000000000000000000e+00 3.486619953606673081e-13
1.119000000000000000e+03 0.000000000000000000e+00 0.000000000000000000e+00 3.481868377377761020e-13
1.120000000000000000e+03 0.000000000000000000e+00 0.000000000000000000e+00 3.477137759653370897e-13
1.121000000000000000e+03 0.000000000000000000e+00 0.000000000000000000e+00 3.472428011022753110e-13
1.122000000000000000e+03 0.000000000000000000e+00 0.000000000000000000e+00 3.467739042512495978e-13
1.123000000000000000e+03 0.000000000000000000e+00 0.000000000000000000e+00 3.463067596644726863e-13
1.124000000000000000e+03 0.000000000000000000e+00 0.000000000000000000e+00 3.458416765519967925e-13
1.125000000000000000e+03 0.000000000000000000e+00 0.000000000000000000e+00 3.453789619104006595e-13
1.126000000000000000e+03 0.000000000000000000e+00 0.000000000000000000e+00 3.449179749125690699e-13
1.127000000000000000e+03 0.000000000000000000e+00 0.000000000000000000e+00 3.444590232022503893e-13
1.128000000000000000e+03 0.000000000000000000e+00 0.000000000000000000e+00 3.440020981349213790e-13
1.129000000000000000e+03 0.000000000000000000e+00 0.000000000000000000e+00 3.435471911081151085e-13
1.130000000000000000e+03 0.000000000000000000e+00 0.000000000000000000e+00 3.430939805794856297e-13
1.131000000000000000e+03 0.000000000000000000e+00 0.000000000000000000e+00 3.426430845463378678e-13
1.132000000000000000e+03 0.000000000000000000e+00 0.000000000000000000e+00 3.421944928720461267e-13
1.133000000000000000e+03 0.000000000000000000e+00 0.000000000000000000e+00 3.417475728155339870e-13
1.134000000000000000e+03 0.000000000000000000e+00 0.000000000000000000e+00 3.413026284098236923e-13
1.135000000000000000e+03 0.000000000000000000e+00 0.000000000000000000e+00 3.408596512998697258e-13
1.136000000000000000e+03 0.000000000000000000e+00 0.000000000000000000e+00 3.404189428567889515e-13
1.137000000000000000e+03 0.000000000000000000e+00 0.000000000000000000e+00 3.399798748904480057e-13
1.138000000000000000e+03 0.000000000000000000e+00 0.000000000000000000e+00 3.395430579964850654e-13
1.139000000000000000e+03 0.000000000000000000e+00 0.000000000000000000e+00 3.391081742987847096e-13
1.140000000000000000e+03 0.000000000000000000e+00 0.000000000000000000e+00 3.386752156464781622e-13
1.141000000000000000e+03 0.000000000000000000e+00 0.000000000000000000e+00 3.382441739279920182e-13
1.142000000000000000e+03 0.000000000000000000e+00 0.000000000000000000e+00 3.378150410708293305e-13
1.143000000000000000e+03 0.000000000000000000e+00 0.000000000000000000e+00 3.373881149471700802e-13
1.144000000000000000e+03 0.000000000000000000e+00 0.000000000000000000e+00 3.369627752160502929e-13
1.145000000000000000e+03 0.000000000000000000e+00 0.000000000000000000e+00 3.365396252010029031e-13
1.146000000000000000e+03 0.000000000000000000e+00 0.000000000000000000e+00 3.361183510820396771e-13
1.147000000000000000e+03 0.000000000000000000e+00 0.000000000000000000e+00 3.356992487598309829e-13
1.148000000000000000e+03 0.000000000000000000e+00 0.000000000000000000e+00 3.352817023134796621e-13
1.149000000000000000e+03 0.000000000000000000e+00 0.000000000000000000e+00 3.348663109698414865e-13
1.150000000000000000e+03 0.000000000000000000e+00 0.000000000000000000e+00 3.344527631926868540e-13
1.151000000000000000e+03 0.000000000000000000e+00 0.000000000000000000e+00 3.340410512597741198e-13
1.152000000000000000e+03 0.000000000000000000e+00 0.000000000000000000e+00 3.336311674857858832e-13
1.153000000000000000e+03 0.000000000000000000e+00 0.000000000000000000e+00 3.332231042221256759e-13
1.154000000000000000e+03 0.000000000000000000e+00 0.000000000000000000e+00 3.328168538567152563e-13
1.155000000000000000e+03 0.000000000000000000e+00 0.000000000000000000e+00 3.324127083988675985e-13
1.156000000000000000e+03 0.000000000000000000e+00 0.000000000000000000e+00 3.320100606209233290e-13
1.157000000000000000e+03 0.000000000000000000e+00 0.000000000000000000e+00 3.316095016741229373e-13
1.158000000000000000e+03 0.000000000000000000e+00 0.000000000000000000e+00 3.312107245093962947e-13
1.159000000000000000e+03 0.000000000000000000e+00 0.000000000000000000e+00 3.308137216982535142e-13
1.160000000000000000e+03 0.000000000000000000e+00 0.000000000000000000e+00 3.304184858475155368e-13
1.161000000000000000e+03 0.000000000000000000e+00 0.000000000000000000e+00 3.300250095991200080e-13
1.162000000000000000e+03 0.000000000000000000e+00 0.000000000000000000e+00 3.296332856299291244e-13
1.163000000000000000e+03 0.000000000000000000e+00 0.000000000000000000e+00 3.292430111720783950e-13
1.164000000000000000e+03 0.000000000000000000e+00 0.000000000000000000e+00 3.288547704378862066e-13
1.165000000000000000e+03 0.000000000000000000e+00 0.000000000000000000e+00 3.284682602198190555e-13
1.166000000000000000e+03 0.000000000000000000e+00 0.000000000000000000e+00 3.280834733325396330e-13
1.167000000000000000e+03 0.000000000000000000e+00 0.000000000000000000e+00 3.277001091664612443e-13
1.168000000000000000e+03 0.000000000000000000e+00 0.000000000000000000e+00 3.273187480225459334e-13
1.169000000000000000e+03 0.000000000000000000e+00 0.000000000000000000e+00 3.269387963998742320e-13
1.170000000000000000e+03 0.000000000000000000e+00 0.000000000000000000e+00 3.265605407022998697e-13
1.171000000000000000e+03 0.000000000000000000e+00 0.000000000000000000e+00 3.261839739087096167e-13
1.172000000000000000e+03 0.000000000000000000e+00 0.000000000000000000e+00 3.258087980703484990e-13
1.173000000000000000e+03 0.000000000000000000e+00 0.000000000000000000e+00 3.254352981841577487e-13
1.174000000000000000e+03 0.000000000000000000e+00 0.000000000000000000e+00 3.250634673239334683e-13
1.175000000000000000e+03 0.000000000000000000e+00 0.000000000000000000e+00 3.246932985960341712e-13
1.176000000000000000e+03 0.000000000000000000e+00 0.000000000000000000e+00 3.243242071679989047e-13
1.177000000000000000e+03 0.000000000000000000e+00 0.000000000000000000e+00 3.239570546395039164e-13
1.178000000000000000e+03 0.000000000000000000e+00 0.000000000000000000e+00 3.235912567267302340e-13
1.179000000000000000e+03 0.000000000000000000e+00 0.000000000000000000e+00 3.232268081252425826e-13
1.180000000000000000e+03 0.000000000000000000e+00 0.000000000000000000e+00 3.228639905853987595e-13
1.181000000000000000e+03 0.000000000000000000e+00 0.000000000000000000e+00 3.225025108493046183e-13
1.182000000000000000e+03 0.000000000000000000e+00 0.000000000000000000e+00 3.221426497490535198e-13
1.183000000000000000e+03 0.000000000000000000e+00 0.000000000000000000e+00 3.217841150533458194e-13
1.184000000000000000e+03 0.000000000000000000e+00 0.000000000000000000e+00 3.214269015851294313e-13
1.185000000000000000e+03 0.000000000000000000e+00 0.000000000000000000e+00 3.210710041909478691e-13
1.186000000000000000e+03 0.000000000000000000e+00 0.000000000000000000e+00 3.207167018757165382e-13
1.187000000000000000e+03 0.000000000000000000e+00 0.000000000000000000e+00 3.203634207846507612e-13
1.188000000000000000e+03 0.000000000000000000e+00 0.000000000000000000e+00 3.200117236282080471e-13
1.189000000000000000e+03 0.000000000000000000e+00 0.000000000000000000e+00 3.196610385112834471e-13
1.190000000000000000e+03 0.000000000000000000e+00 0.000000000000000000e+00 3.193119262818477569e-13
1.191000000000000000e+03 0.000000000000000000e+00 0.000000000000000000e+00 3.189638169943479938e-13
1.192000000000000000e+03 0.000000000000000000e+00 0.000000000000000000e+00 3.186169883605146556e-13
1.193000000000000000e+03 0.000000000000000000e+00 0.000000000000000000e+00 3.182717162229140022e-13
1.194000000000000000e+03 0.000000000000000000e+00 0.000000000000000000e+00 3.179271531997505023e-13
1.195000000000000000e+03 0.000000000000000000e+00 0.000000000000000000e+00 3.175841368018919366e-13
1.196000000000000000e+03 0.000000000000000000e+00 0.000000000000000000e+00 3.172421019102941275e-13
1.197000000000000000e+03 0.000000000000000000e+00 0.000000000000000000e+00 3.169013239833027370e-13
1.198000000000000000e+03 0.000000000000000000e+00 0.000000000000000000e+00 3.165615196859932176e-13
1.199000000000000000e+03 0.000000000000000000e+00 0.000000000000000000e+00 3.162229635807617385e-13
1.200000000000000000e+03 0.000000000000000000e+00 0.000000000000000000e+00 3.158853733000277571e-13
1.201000000000000000e+03 0.000000000000000000e+00 0.000000000000000000e+00 3.155490225145157723e-13
1.202000000000000000e+03 0.000000000000000000e+00 0.000000000000000000e+00 3.152136298189634067e-13
1.203000000000000000e+03 0.000000000000000000e+00 0.000000000000000000e+00 3.148791918321582292e-13
1.204000000000000000e+03 0.000000000000000000e+00 0.000000000000000000e+00 3.145459808935636232e-13
1.205000000000000000e+03 0.000000000000000000e+00 0.000000000000000000e+00 3.142134417814110657e-13
1.206000000000000000e+03 0.000000000000000000e+00 0.000000000000000000e+00 3.138821221151904343e-13
1.207000000000000000e+03 0.000000000000000000e+00 0.000000000000000000e+00 3.135517428685866605e-13
1.208000000000000000e+03 0.000000000000000000e+00 0.000000000000000000e+00 3.132220268515932231e-13
1.209000000000000000e+03 0.000000000000000000e+00 0.000000000000000000e+00 3.128935189932257386e-13
1.210000000000000000e+03 0.000000000000000000e+00 0.000000000000000000e+00 3.125659416778701877e-13
1.211000000000000000e+03 0.000000000000000000e+00 0.000000000000000000e+00 3.122390191124810350e-13
1.212000000000000000e+03 0.000000000000000000e+00 0.000000000000000000e+00 3.119130214752719951e-13
1.213000000000000000e+03 0.000000000000000000e+00 0.000000000000000000e+00 3.115879455269723358e-13
1.214000000000000000e+03 0.000000000000000000e+00 0.000000000000000000e+00 3.112635168575128335e-13
1.215000000000000000e+03 0.000000000000000000e+00 0.000000000000000000e+00 3.109402750703920332e-13
1.216000000000000000e+03 0.000000000000000000e+00 0.000000000000000000e+00 3.106174047485188171e-13
1.217000000000000000e+03 0.000000000000000000e+00 0.000000000000000000e+00 3.102954450700462101e-13
1.218000000000000000e+03 0.000000000000000000e+00 0.000000000000000000e+00 3.099743928574795940e-13
1.219000000000000000e+03 0.000000000000000000e+00 0.000000000000000000e+00 3.096537070159630546e-13
1.220000000000000000e+03 0.000000000000000000e+00 0.000000000000000000e+00 3.093341926128811159e-13
1.221000000000000000e+03 0.000000000000000000e+00 0.000000000000000000e+00 3.090150409299345436e-13
1.222000000000000000e+03 0.000000000000000000e+00 0.000000000000000000e+00 3.086965191173538656e-13
1.223000000000000000e+03 0.000000000000000000e+00 0.000000000000000000e+00 3.083788925763818815e-13
1.224000000000000000e+03 0.000000000000000000e+00 0.000000000000000000e+00 3.080618914232359381e-13
1.225000000000000000e+03 0.000000000000000000e+00 0.000000000000000000e+00 3.077452475280487023e-13
1.226000000000000000e+03 0.000000000000000000e+00 0.000000000000000000e+00 3.074294922163236329e-13
1.227000000000000000e+03 0.000000000000000000e+00 0.000000000000000000e+00 3.071140914653732746e-13
1.228000000000000000e+03 0.000000000000000000e+00 0.000000000000000000e+00 3.067993098385117675e-13
1.229000000000000000e+03 0.000000000000000000e+00 0.000000000000000000e+00 3.064851455674849510e-13
1.230000000000000000e+03 0.000000000000000000e+00 0.000000000000000000e+00 3.061715968906236464e-13
1.231000000000000000e+03 0.000000000000000000e+00 0.000000000000000000e+00 3.058583983035648536e-13
1.232000000000000000e+03 0.000000000000000000e+00 0.000000000000000000e+00 3.055458126626009707e-13
1.233000000000000000e+03 0.000000000000000000e+00 0.000000000000000000e+00 3.052338382225167154e-13
1.234000000000000000e+03 0.000000000000000000e+00 0.000000000000000000e+00 3.049219483067474446e-13
1.235000000000000000e+03 0.000000000000000000e+00 0.000000000000000000e+00 3.046109298638680262e-13
1.236000000000000000e+03 0.000000000000000000e+00 0.000000000000000000e+00 3.042999950292099497e-13
1.237000000000000000e+03 0.000000000000000000e+00 0.000000000000000000e+00 3.039896670118832147e-13
1.238000000000000000e+03 0.000000000000000000e+00 0.000000000000000000e+00 3.036796833133187770e-13
1.239000000000000000e+03 0.000000000000000000e+00 0.000000000000000000e+00 3.033700434793928647e-13
1.240000000000000000e+03 0.000000000000000000e+00 0.000000000000000000e+00 3.030607470562241450e-13
1.241000000000000000e+03 0.000000000000000000e+00 0.000000000000000000e+00 3.027517935901777630e-13
1.242000000000000000e+03 0.000000000000000000e+00 0.000000000000000000e+00 3.024431826278690275e-13
1.243000000000000000e+03 0.000000000000000000e+00 0.000000000000000000e+00 3.021349137161673993e-13
1.244000000000000000e+03 0.000000000000000000e+00 0.000000000000000000e+00 3.018269864022004798e-13
1.245000000000000000e+03 0.000000000000000000e+00 0.000000000000000000e+00 3.015194002333571914e-13
1.246000000000000000e+03 0.000000000000000000e+00 0.000000000000000000e+00 3.012118973176072310e-13
1.247000000000000000e+03 0.000000000000000000e+00 0.000000000000000000e+00 3.009047354676865726e-13
1.248000000000000000e+03 0.000000000000000000e+00 0.000000000000000000e+00 3.005979142288188985e-13
1.249000000000000000e+03 0.000000000000000000e+00 0.000000000000000000e+00 3.002911769415531917e-13
1.250000000000000000e+03 0.000000000000000000e+00 0.000000000000000000e+00 2.999847801758593079e-13
1.251000000000000000e+03 0.000000000000000000e+00 0.000000000000000000e+00 2.996784680881492507e-13
1.252000000000000000e+03 0.000000000000000000e+00 0.000000000000000000e+00 2.993724964239180688e-13
1.253000000000000000e+03 0.000000000000000000e+00 0.000000000000000000e+00 2.990666101515851375e-13
1.254000000000000000e+03 0.000000000000000000e+00 0.000000000000000000e+00 2.987608100294198158e-13
1.255000000000000000e+03 0.000000000000000000e+00 0.000000000000000000e+00 2.984550968102113910e-13
1.256000000000000000e+03 0.000000000000000000e+00 0.000000000000000000e+00 2.981494712413034606e-13
1.257000000000000000e+03 0.000000000000000000e+00 0.000000000000000000e+00 2.978441870200960671e-13
1.258000000000000000e+03 0.000000000000000000e+00 0.000000000000000000e+00 2.975389911240025462e-13
1.259000000000000000e+03 0.000000000000000000e+00 0.000000000000000000e+00 2.972336321343469644e-13
1.260000000000000000e+03 0.000000000000000000e+00 0.000000000000000000e+00 2.969286154853165248e-13
1.261000000000000000e+03 0.000000000000000000e+00 0.000000000000000000e+00 2.966234379928891970e-13
1.262000000000000000e+03 0.000000000000000000e+00 0.000000000000000000e+00 2.963183525251803105e-13
1.263000000000000000e+03 0.000000000000000000e+00 0.000000000000000000e+00 2.960133597923369421e-13
1.264000000000000000e+03 0.000000000000000000e+00 0.000000000000000000e+00 2.957084604993245765e-13
1.265000000000000000e+03 0.000000000000000000e+00 0.000000000000000000e+00 2.954034055785549500e-13
1.266000000000000000e+03 0.000000000000000000e+00 0.000000000000000000e+00 2.950984462806619823e-13
1.267000000000000000e+03 0.000000000000000000e+00 0.000000000000000000e+00 2.947935832924591279e-13
1.268000000000000000e+03 0.000000000000000000e+00 0.000000000000000000e+00 2.944885687083149964e-13
1.269000000000000000e+03 0.000000000000000000e+00 0.000000000000000000e+00 2.941836525753429794e-13
1.270000000000000000e+03 0.000000000000000000e+00 0.000000000000000000e+00 2.938785877571755197e-13
1.271000000000000000e+03 0.000000000000000000e+00 0.000000000000000000e+00 2.935733760867736173e-13
1.272000000000000000e+03 0.000000000000000000e+00 0.000000000000000000e+00 2.932682664137109887e-13
1.273000000000000000e+03 0.000000000000000000e+00 0.000000000000000000e+00 2.929630127475487101e-13
1.274000000000000000e+03 0.000000000000000000e+00 0.000000000000000000e+00 2.926578631452580948e-13
1.275000000000000000e+03 0.000000000000000000e+00 0.000000000000000000e+00 2.923525723769131742e-13
1.276000000000000000e+03 0.000000000000000000e+00 0.000000000000000000e+00 2.920471422294120853e-13
1.277000000000000000e+03 0.000000000000000000e+00 0.000000000000000000e+00 2.917415744795055633e-13
1.278000000000000000e+03 0.000000000000000000e+00 0.000000000000000000e+00 2.914358708938541437e-13
1.279000000000000000e+03 0.000000000000000000e+00 0.000000000000000000e+00 2.911302775605941819e-13
1.280000000000000000e+03 0.000000000000000000e+00 0.000000000000000000e+00 2.908243071818891155e-13
1.281000000000000000e+03 0.000000000000000000e+00 0.000000000000000000e+00 2.905184497778037798e-13
1.282000000000000000e+03 0.000000000000000000e+00 0.000000000000000000e+00 2.902122195565920758e-13
1.283000000000000000e+03 0.000000000000000000e+00 0.000000000000000000e+00 2.899058621853472988e-13
1.284000000000000000e+03 0.000000000000000000e+00 0.000000000000000000e+00 2.895996218044292170e-13
1.285000000000000000e+03 0.000000000000000000e+00 0.000000000000000000e+00 2.892930148682912944e-13
1.286000000000000000e+03 0.000000000000000000e+00 0.000000000000000000e+00 2.889862858758659973e-13
1.287000000000000000e+03 0.000000000000000000e+00 0.000000000000000000e+00 2.886794365055234881e-13
1.288000000000000000e+03 0.000000000000000000e+00 0.000000000000000000e+00 2.883724684260995420e-13
1.289000000000000000e+03 0.000000000000000000e+00 0.000000000000000000e+00 2.880653832969491641e-13
1.290000000000000000e+03 0.000000000000000000e+00 0.000000000000000000e+00 2.877581827680003072e-13
1.291000000000000000e+03 0.000000000000000000e+00 0.000000000000000000e+00 2.874506286676275143e-13
1.292000000000000000e+03 0.000000000000000000e+00 0.000000000000000000e+00 2.871429631811204991e-13
1.293000000000000000e+03 0.000000000000000000e+00 0.000000000000000000e+00 2.868351879278626214e-13
1.294000000000000000e+03 0.000000000000000000e+00 0.000000000000000000e+00 2.865270658160920645e-13
1.295000000000000000e+03 0.000000000000000000e+00 0.000000000000000000e+00 2.862190762190762467e-13
1.296000000000000000e+03 0.000000000000000000e+00 0.000000000000000000e+00 2.859107436915198006e-13
1.297000000000000000e+03 0.000000000000000000e+00 0.000000000000000000e+00 2.856020709162901467e-13
1.298000000000000000e+03 0.000000000000000000e+00 0.000000000000000000e+00 2.852935350293161816e-13
1.299000000000000000e+03 0.000000000000000000e+00 0.000000000000000000e+00 2.849846627583348353e-13
1.300000000000000000e+03 0.000000000000000000e+00 0.000000000000000000e+00 2.846754567492461179e-13
1.301000000000000000e+03 0.000000000000000000e+00 0.000000000000000000e+00 2.843663919164155017e-13
1.302000000000000000e+03 0.000000000000000000e+00 0.000000000000000000e+00 2.840569971458986582e-13
1.303000000000000000e+03 0.000000000000000000e+00 0.000000000000000000e+00 2.837472750472011146e-13
1.304000000000000000e+03 0.000000000000000000e+00 0.000000000000000000e+00 2.834376983287497168e-13
1.305000000000000000e+03 0.000000000000000000e+00 0.000000000000000000e+00 2.831275633240041488e-13
1.306000000000000000e+03 0.000000000000000000e+00 0.000000000000000000e+00 2.828175766956346439e-13
1.307000000000000000e+03 0.000000000000000000e+00 0.000000000000000000e+00 2.825072708937290943e-13
1.308000000000000000e+03 0.000000000000000000e+00 0.000000000000000000e+00 2.821968820889490199e-13
1.309000000000000000e+03 0.000000000000000000e+00 0.000000000000000000e+00 2.818861784824964026e-13
1.310000000000000000e+03 0.000000000000000000e+00 0.000000000000000000e+00 2.815753955083526454e-13
1.311000000000000000e+03 0.000000000000000000e+00 0.000000000000000000e+00 2.812645346133095000e-13
1.312000000000000000e+03 0.000000000000000000e+00 0.000000000000000000e+00 2.809533650363159988e-13
1.313000000000000000e+03 0.000000000000000000e+00 0.000000000000000000e+00 2.806421211141135583e-13
1.314000000000000000e+03 0.000000000000000000e+00 0.000000000000000000e+00 2.803305727728874448e-13
1.315000000000000000e+03 0.000000000000000000e+00 0.000000000000000000e+00 2.800189536214129302e-13
1.316000000000000000e+03 0.000000000000000000e+00 0.000000000000000000e+00 2.797072650608249200e-13
1.317000000000000000e+03 0.000000000000000000e+00 0.000000000000000000e+00 2.793955084842430385e-13
1.318000000000000000e+03 0.000000000000000000e+00 0.000000000000000000e+00 2.790834551857352918e-13
1.319000000000000000e+03 0.000000000000000000e+00 0.000000000000000000e+00 2.787713373308520633e-13
1.320000000000000000e+03 0.000000000000000000e+00 0.000000000000000000e+00 2.784589268919321947e-13
1.321000000000000000e+03 0.000000000000000000e+00 0.000000000000000000e+00 2.781466843644101148e-13
1.322000000000000000e+03 0.000000000000000000e+00 0.000000000000000000e+00 2.778341526558513818e-13
1.323000000000000000e+03 0.000000000000000000e+00 0.000000000000000000e+00 2.775215625021408611e-13
1.324000000000000000e+03 0.000000000000000000e+00 0.000000000000000000e+00 2.772089152368466257e-13
1.325000000000000000e+03 0.000000000000000000e+00 0.000000000000000000e+00 2.768959845186260151e-13
1.326000000000000000e+03 0.000000000000000000e+00 0.000000000000000000e+00 2.765830000193225574e-13
1.327000000000000000e+03 0.000000000000000000e+00 0.000000000000000000e+00 2.762701900291444566e-13
1.328000000000000000e+03 0.000000000000000000e+00 0.000000000000000000e+00 2.759571015438729977e-13
1.329000000000000000e+03 0.000000000000000000e+00 0.000000000000000000e+00 2.756439631810904292e-13
1.330000000000000000e+03 0.000000000000000000e+00 0.000000000000000000e+00 2.753307762268179432e-13
1.331000000000000000e+03 0.000000000000000000e+00 0.000000000000000000e+00 2.750175419596907216e-13
1.332000000000000000e+03 0.000000000000000000e+00 0.000000000000000000e+00 2.747042616509983262e-13
1.333000000000000000e+03 0.000000000000000000e+00 0.000000000000000000e+00 2.743909365647258454e-13
1.334000000000000000e+03 0.000000000000000000e+00 0.000000000000000000e+00 2.740775679575942335e-13
1.335000000000000000e+03 0.000000000000000000e+00 0.000000000000000000e+00 2.737641570791002460e-13
1.336000000000000000e+03 0.000000000000000000e+00 0.000000000000000000e+00 2.734507051715566775e-13
1.337000000000000000e+03 0.000000000000000000e+00 0.000000000000000000e+00 2.731374370704777028e-13
1.338000000000000000e+03 0.000000000000000000e+00 0.000000000000000000e+00 2.728241297356191053e-13
1.339000000000000000e+03 0.000000000000000000e+00 0.000000000000000000e+00 2.725107843902221786e-13
1.340000000000000000e+03 0.000000000000000000e+00 0.000000000000000000e+00 2.721974022504925362e-13
1.341000000000000000e+03 0.000000000000000000e+00 0.000000000000000000e+00 2.718839845256392392e-13
1.342000000000000000e+03 0.000000000000000000e+00 0.000000000000000000e+00 2.715707543558086063e-13
1.343000000000000000e+03 0.000000000000000000e+00 0.000000000000000000e+00 2.712577119455377048e-13
1.344000000000000000e+03 0.000000000000000000e+00 0.000000000000000000e+00 2.709446362187998269e-13
1.345000000000000000e+03 0.000000000000000000e+00 0.000000000000000000e+00 2.706315283616056161e-13
1.346000000000000000e+03 0.000000000000000000e+00 0.000000000000000000e+00 2.703186101743900483e-13
1.347000000000000000e+03 0.000000000000000000e+00 0.000000000000000000e+00 2.700056615536448935e-13
1.348000000000000000e+03 0.000000000000000000e+00 0.000000000000000000e+00 2.696931236018327983e-13
1.349000000000000000e+03 0.000000000000000000e+00 0.000000000000000000e+00 2.693805562419350165e-13
1.350000000000000000e+03 0.000000000000000000e+00 0.000000000000000000e+00 2.690679606327274821e-13
1.351000000000000000e+03 0.000000000000000000e+00 0.000000000000000000e+00 2.687557759100206430e-13
1.352000000000000000e+03 0.000000000000000000e+00 0.000000000000000000e+00 2.684435639407497098e-13
1.353000000000000000e+03 0.000000000000000000e+00 0.000000000000000000e+00 2.681317625583936775e-13
1.354000000000000000e+03 0.000000000000000000e+00 0.000000000000000000e+00 2.678199349201763708e-13
1.355000000000000000e+03 0.000000000000000000e+00 0.000000000000000000e+00 2.675082998617597285e-13
1.356000000000000000e+03 0.000000000000000000e+00 0.000000000000000000e+00 2.671970749288622555e-13
1.357000000000000000e+03 0.000000000000000000e+00 0.000000000000000000e+00 2.668860422638085465e-13
1.358000000000000000e+03 0.000000000000000000e+00 0.000000000000000000e+00 2.665752020295612602e-13
1.359000000000000000e+03 0.000000000000000000e+00 0.000000000000000000e+00 2.662645543868761630e-13
1.360000000000000000e+03 0.000000000000000000e+00 0.000000000000000000e+00 2.659540994943164678e-13
1.361000000000000000e+03 0.000000000000000000e+00 0.000000000000000000e+00 2.656442690817518388e-13
1.362000000000000000e+03 0.000000000000000000e+00 0.000000000000000000e+00 2.653344149932719231e-13
1.363000000000000000e+03 0.000000000000000000e+00 0.000000000000000000e+00 2.650249686412799284e-13
1.364000000000000000e+03 0.000000000000000000e+00 0.000000000000000000e+00 2.647159292320582926e-13
1.365000000000000000e+03 0.000000000000000000e+00 0.000000000000000000e+00 2.644070814495411796e-13
1.366000000000000000e+03 0.000000000000000000e+00 0.000000000000000000e+00 2.640986396561492367e-13
1.367000000000000000e+03 0.000000000000000000e+00 0.000000000000000000e+00 2.637906030621542912e-13
1.368000000000000000e+03 0.000000000000000000e+00 0.000000000000000000e+00 2.634829708798414447e-13
1.369000000000000000e+03 0.000000000000000000e+00 0.000000000000000000e+00 2.631757423235032160e-13
1.370000000000000000e+03 0.000000000000000000e+00 0.000000000000000000e+00 2.628689166094331297e-13
1.371000000000000000e+03 0.000000000000000000e+00 0.000000000000000000e+00 2.625624929559194555e-13
1.372000000000000000e+03 0.000000000000000000e+00 0.000000000000000000e+00 2.622564705832390492e-13
1.373000000000000000e+03 0.000000000000000000e+00 0.000000000000000000e+00 2.619510607462912905e-13
1.374000000000000000e+03 0.000000000000000000e+00 0.000000000000000000e+00 2.616460500198491466e-13
1.375000000000000000e+03 0.000000000000000000e+00 0.000000000000000000e+00 2.613414376321353345e-13
1.376000000000000000e+03 0.000000000000000000e+00 0.000000000000000000e+00 2.610374339227508642e-13
1.377000000000000000e+03 0.000000000000000000e+00 0.000000000000000000e+00 2.607338264016029487e-13
1.378000000000000000e+03 0.000000000000000000e+00 0.000000000000000000e+00 2.604308248020535727e-13
1.379000000000000000e+03 0.000000000000000000e+00 0.000000000000000000e+00 2.601284274469001890e-13
1.380000000000000000e+03 0.000000000000000000e+00 0.000000000000000000e+00 2.598264227770256844e-13
1.381000000000000000e+03 0.000000000000000000e+00 0.000000000000000000e+00 2.595252292063784329e-13
1.382000000000000000e+03 0.000000000000000000e+00 0.000000000000000000e+00 2.592244256021798723e-13
1.383000000000000000e+03 0.000000000000000000e+00 0.000000000000000000e+00 2.589244291750780227e-13
1.384000000000000000e+03 0.000000000000000000e+00 0.000000000000000000e+00 2.586248200162768164e-13
1.385000000000000000e+03 0.000000000000000000e+00 0.000000000000000000e+00 2.583260141382884972e-13
1.386000000000000000e+03 0.000000000000000000e+00 0.000000000000000000e+00 2.580278009261427001e-13
1.387000000000000000e+03 0.000000000000000000e+00 0.000000000000000000e+00 2.577301787491506915e-13
1.388000000000000000e+03 0.000000000000000000e+00 0.000000000000000000e+00 2.574331459823271643e-13
1.389000000000000000e+03 0.000000000000000000e+00 0.000000000000000000e+00 2.571371153617063046e-13
1.390000000000000000e+03 0.000000000000000000e+00 0.000000000000000000e+00 2.568414628469761957e-13
1.391000000000000000e+03 0.000000000000000000e+00 0.000000000000000000e+00 2.565468074733301776e-13
1.392000000000000000e+03 0.000000000000000000e+00 0.000000000000000000e+00 2.562527332887755980e-13
1.393000000000000000e+03 0.000000000000000000e+00 0.000000000000000000e+00 2.559594446922046447e-13
1.394000000000000000e+03 0.000000000000000000e+00 0.000000000000000000e+00 2.556669392120866171e-13
1.395000000000000000e+03 0.000000000000000000e+00 0.000000000000000000e+00 2.553750089862485030e-13
1.396000000000000000e+03 0.000000000000000000e+00 0.000000000000000000e+00 2.550840626557522752e-13
1.397000000000000000e+03 0.000000000000000000e+00 0.000000000000000000e+00 2.547938920822568100e-13
1.398000000000000000e+03 0.000000000000000000e+00 0.000000000000000000e+00 2.545044948312763655e-13
1.399000000000000000e+03 0.000000000000000000e+00 0.000000000000000000e+00 2.542160727049933553e-13
1.400000000000000000e+03 0.000000000000000000e+00 0.000000000000000000e+00 2.539284184765982843e-13
1.401000000000000000e+03 0.000000000000000000e+00 0.000000000000000000e+00 2.536415297408311292e-13
1.402000000000000000e+03 0.000000000000000000e+00 0.000000000000000000e+00 2.533554041014618380e-13
1.403000000000000000e+03 0.000000000000000000e+00 0.000000000000000000e+00 2.530704453013790107e-13
1.404000000000000000e+03 0.000000000000000000e+00 0.000000000000000000e+00 2.527862436759233900e-13
1.405000000000000000e+03 0.000000000000000000e+00 0.000000000000000000e+00 2.525027968594179483e-13
1.406000000000000000e+03 0.000000000000000000e+00 0.000000000000000000e+00 2.522205068945052656e-13
1.407000000000000000e+03 0.000000000000000000e+00 0.000000000000000000e+00 2.519389658848614284e-13
1.408000000000000000e+03 0.000000000000000000e+00 0.000000000000000000e+00 2.516585747467578228e-13
1.409000000000000000e+03 0.000000000000000000e+00 0.000000000000000000e+00 2.513789267575716668e-13
1.410000000000000000e+03 0.000000000000000000e+00 0.000000000000000000e+00 2.511004217118788135e-13
1.411000000000000000e+03 0.000000000000000000e+00 0.000000000000000000e+00 2.508226540556493783e-13
1.412000000000000000e+03 0.000000000000000000e+00 0.000000000000000000e+00 2.505460224664136437e-13
1.413000000000000000e+03 0.000000000000000000e+00 0.000000000000000000e+00 2.502703227556604714e-13
1.414000000000000000e+03 0.000000000000000000e+00 0.000000000000000000e+00 2.499957517205531581e-13
1.415000000000000000e+03 0.000000000000000000e+00 0.000000000000000000e+00 2.497221057675031095e-13
1.416000000000000000e+03 0.000000000000000000e+00 0.000000000000000000e+00 2.494495811553811937e-13
1.417000000000000000e+03 0.000000000000000000e+00 0.000000000000000000e+00 2.491779748828700305e-13
1.418000000000000000e+03 0.000000000000000000e+00 0.000000000000000000e+00 2.489074826726940643e-13
1.419000000000000000e+03 0.000000000000000000e+00 0.000000000000000000e+00 2.486379021131723587e-13
1.420000000000000000e+03 0.000000000000000000e+00 0.000000000000000000e+00 2.483694283930181850e-13
1.421000000000000000e+03 0.000000000000000000e+00 0.000000000000000000e+00 2.481022555974230207e-13
1.422000000000000000e+03 0.000000000000000000e+00 0.000000000000000000e+00 2.478359836837646697e-13
1.423000000000000000e+03 0.000000000000000000e+00 0.000000000000000000e+00 2.475708070463572146e-13
1.424000000000000000e+03 0.000000000000000000e+00 0.000000000000000000e+00 2.473067218608318656e-13
1.425000000000000000e+03 0.000000000000000000e+00 0.000000000000000000e+00 2.470437243178071802e-13
1.426000000000000000e+03 0.000000000000000000e+00 0.000000000000000000e+00 2.467820071924839875e-13
1.427000000000000000e+03 0.000000000000000000e+00 0.000000000000000000e+00 2.465211732906197182e-13
1.428000000000000000e+03 0.000000000000000000e+00 0.000000000000000000e+00 2.462616117125646229e-13
1.429000000000000000e+03 0.000000000000000000e+00 0.000000000000000000e+00 2.460033178857531831e-13
1.430000000000000000e+03 0.000000000000000000e+00 0.000000000000000000e+00 2.457458963119340496e-13
1.431000000000000000e+03 0.000000000000000000e+00 0.000000000000000000e+00 2.454899296893605070e-13
1.432000000000000000e+03 0.000000000000000000e+00 0.000000000000000000e+00 2.452348278994335584e-13
1.433000000000000000e+03 0.000000000000000000e+00 0.000000000000000000e+00 2.449811720347536504e-13
1.434000000000000000e+03 0.000000000000000000e+00 0.000000000000000000e+00 2.447285680268637946e-13
1.435000000000000000e+03 0.000000000000000000e+00 0.000000000000000000e+00 2.444770122193860215e-13
1.436000000000000000e+03 0.000000000000000000e+00 0.000000000000000000e+00 2.442266948125834923e-13
1.437000000000000000e+03 0.000000000000000000e+00 0.000000000000000000e+00 2.439776113696920964e-13
1.438000000000000000e+03 0.000000000000000000e+00 0.000000000000000000e+00 2.437297574714321118e-13
1.439000000000000000e+03 0.000000000000000000e+00 0.000000000000000000e+00 2.434831287159292941e-13
1.440000000000000000e+03 0.000000000000000000e+00 0.000000000000000000e+00 2.432377207186367731e-13
1.441000000000000000e+03 0.000000000000000000e+00 0.000000000000000000e+00 2.429933366122500823e-13
1.442000000000000000e+03 0.000000000000000000e+00 0.000000000000000000e+00 2.427503573134641227e-13
1.443000000000000000e+03 0.000000000000000000e+00 0.000000000000000000e+00 2.425085857218821106e-13
1.444000000000000000e+03 0.000000000000000000e+00 0.000000000000000000e+00 2.422678258202417599e-13
1.445000000000000000e+03 0.000000000000000000e+00 0.000000000000000000e+00 2.420284569771281567e-13
1.446000000000000000e+03 0.000000000000000000e+00 0.000000000000000000e+00 2.417902829433912187e-13
1.447000000000000000e+03 0.000000000000000000e+00 0.000000000000000000e+00 2.415534903610823420e-13
1.448000000000000000e+03 0.000000000000000000e+00 0.000000000000000000e+00 2.413176929030880271e-13
1.449000000000000000e+03 0.000000000000000000e+00 0.000000000000000000e+00 2.410832678898645779e-13
1.450000000000000000e+03 0.000000000000000000e+00 0.000000000000000000e+00 2.408500202000997562e-13
1.451000000000000000e+03 0.000000000000000000e+00 0.000000000000000000e+00 2.406181354931433338e-13
1.452000000000000000e+03 0.000000000000000000e+00 0.000000000000000000e+00 2.403874192086667755e-13
1.453000000000000000e+03 0.000000000000000000e+00 0.000000000000000000e+00 2.401578671836763488e-13
1.454000000000000000e+03 0.000000000000000000e+00 0.000000000000000000e+00 2.399296643457791447e-13
1.455000000000000000e+03 0.000000000000000000e+00 0.000000000000000000e+00 2.397026169706582423e-13
1.456000000000000000e+03 0.000000000000000000e+00 0.000000000000000000e+00 2.394769095009314714e-13
1.457000000000000000e+03 0.000000000000000000e+00 0.000000000000000000e+00 2.392523487670797329e-13
1.458000000000000000e+03 0.000000000000000000e+00 0.000000000000000000e+00 2.390291187285577140e-13
1.459000000000000000e+03 0.000000000000000000e+00 0.000000000000000000e+00 2.388070267681935947e-13
1.460000000000000000e+03 0.000000000000000000e+00 0.000000000000000000e+00 2.385862563640966568e-13
1.461000000000000000e+03 0.000000000000000000e+00 0.000000000000000000e+00 2.383668027165023227e-13
1.462000000000000000e+03 0.000000000000000000e+00 0.000000000000000000e+00 2.381484740329869668e-13
1.463000000000000000e+03 0.000000000000000000e+00 0.000000000000000000e+00 2.379314530738171976e-13
1.464000000000000000e+03 0.000000000000000000e+00 0.000000000000000000e+00 2.377157350939032885e-13
1.465000000000000000e+03 0.000000000000000000e+00 0.000000000000000000e+00 2.375011291201243714e-13
1.466000000000000000e+03 0.000000000000000000e+00 0.000000000000000000e+00 2.372878171989312824e-13
1.467000000000000000e+03 0.000000000000000000e+00 0.000000000000000000e+00 2.370757946391921286e-13
1.468000000000000000e+03 0.000000000000000000e+00 0.000000000000000000e+00 2.368648712816926369e-13
1.469000000000000000e+03 0.000000000000000000e+00 0.000000000000000000e+00 2.366552284630666012e-13
1.470000000000000000e+03 0.000000000000000000e+00 0.000000000000000000e+00 2.364468615454339503e-13
1.471000000000000000e+03 0.000000000000000000e+00 0.000000000000000000e+00 2.362397659090237291e-13
1.472000000000000000e+03 0.000000000000000000e+00 0.000000000000000000e+00 2.360339369520942284e-13
1.473000000000000000e+03 0.000000000000000000e+00 0.000000000000000000e+00 2.358291858611036811e-13
1.474000000000000000e+03 0.000000000000000000e+00 0.000000000000000000e+00 2.356256927994848747e-13
1.475000000000000000e+03 0.000000000000000000e+00 0.000000000000000000e+00 2.354234532175829824e-13
1.476000000000000000e+03 0.000000000000000000e+00 0.000000000000000000e+00 2.352222791015994344e-13
1.477000000000000000e+03 0.000000000000000000e+00 0.000000000000000000e+00 2.350225331492446420e-13
1.478000000000000000e+03 0.000000000000000000e+00 0.000000000000000000e+00 2.348238441473364905e-13
1.479000000000000000e+03 0.000000000000000000e+00 0.000000000000000000e+00 2.346263910969793594e-13
1.480000000000000000e+03 0.000000000000000000e+00 0.000000000000000000e+00 2.344299870430862955e-13
1.481000000000000000e+03 0.000000000000000000e+00 0.000000000000000000e+00 2.342349927694111672e-13
1.482000000000000000e+03 0.000000000000000000e+00 0.000000000000000000e+00 2.340410391090023274e-13
1.483000000000000000e+03 0.000000000000000000e+00 0.000000000000000000e+00 2.338483041405470036e-13
1.484000000000000000e+03 0.000000000000000000e+00 0.000000000000000000e+00 2.336567834681042459e-13
1.485000000000000000e+03 0.000000000000000000e+00 0.000000000000000000e+00 2.334662914474489043e-13
1.486000000000000000e+03 0.000000000000000000e+00 0.000000000000000000e+00 2.332770054695653208e-13
1.487000000000000000e+03 0.000000000000000000e+00 0.000000000000000000e+00 2.330889211879298215e-13
1.488000000000000000e+03 0.000000000000000000e+00 0.000000000000000000e+00 2.329020342728395191e-13
1.489000000000000000e+03 0.000000000000000000e+00 0.000000000000000000e+00 2.327161601182722637e-13
1.490000000000000000e+03 0.000000000000000000e+00 0.000000000000000000e+00 2.325314752046957613e-13
1.491000000000000000e+03 0.000000000000000000e+00 0.000000000000000000e+00 2.323477954411005380e-13
1.492000000000000000e+03 0.000000000000000000e+00 0.000000000000000000e+00 2.321654764234883431e-13
1.493000000000000000e+03 0.000000000000000000e+00 0.000000000000000000e+00 2.319839751952664340e-13
1.494000000000000000e+03 0.000000000000000000e+00 0.000000000000000000e+00 2.318038262302275150e-13
1.495000000000000000e+03 0.000000000000000000e+00 0.000000000000000000e+00 2.316246668932090853e-13
1.496000000000000000e+03 0.000000000000000000e+00 0.000000000000000000e+00 2.314464937004132726e-13
1.497000000000000000e+03 0.000000000000000000e+00 0.000000000000000000e+00 2.312694815532266073e-13
1.498000000000000000e+03 0.000000000000000000e+00 0.000000000000000000e+00 2.310936262804486283e-13
1.499000000000000000e+03 0.000000000000000000e+00 0.000000000000000000e+00 2.309187458305536879e-13
1.500000000000000000e+03 0.000000000000000000e+00 0.000000000000000000e+00 2.307448367754830329e-13
1.501000000000000000e+03 0.000000000000000000e+00 0.000000000000000000e+00 2.305720731230222600e-13
1.502000000000000000e+03 0.000000000000000000e+00 0.000000000000000000e+00 2.304002735762385593e-13
1.503000000000000000e+03 0.000000000000000000e+00 0.000000000000000000e+00 2.302296116985886565e-13
1.504000000000000000e+03 0.000000000000000000e+00 0.000000000000000000e+00 2.300599066939987132e-13
1.505000000000000000e+03 0.000000000000000000e+00 0.000000000000000000e+00 2.298911552020048294e-13
1.506000000000000000e+03 0.000000000000000000e+00 0.000000000000000000e+00 2.297235301219365022e-13
1.507000000000000000e+03 0.000000000000000000e+00 0.000000000000000000e+00 2.295566753910574928e-13
1.508000000000000000e+03 0.000000000000000000e+00 0.000000000000000000e+00 2.293909399482855126e-13
1.509000000000000000e+03 0.000000000000000000e+00 0.000000000000000000e+00 2.292261442383228425e-13
1.510000000000000000e+03 0.000000000000000000e+00 0.000000000000000000e+00 2.290622849654410480e-13
1.511000000000000000e+03 0.000000000000000000e+00 0.000000000000000000e+00 2.288993588464138149e-13
1.512000000000000000e+03 0.000000000000000000e+00 0.000000000000000000e+00 2.287375374619260991e-13
1.513000000000000000e+03 0.000000000000000000e+00 0.000000000000000000e+00 2.285764676196870791e-13
1.514000000000000000e+03 0.000000000000000000e+00 0.000000000000000000e+00 2.284163211565542554e-13
1.515000000000000000e+03 0.000000000000000000e+00 0.000000000000000000e+00 2.282570948387715005e-13
1.516000000000000000e+03 0.000000000000000000e+00 0.000000000000000000e+00 2.280987854448179827e-13
1.517000000000000000e+03 0.000000000000000000e+00 0.000000000000000000e+00 2.279412160642277365e-13
1.518000000000000000e+03 0.000000000000000000e+00 0.000000000000000000e+00 2.277847311307539878e-13
1.519000000000000000e+03 0.000000000000000000e+00 0.000000000000000000e+00 2.276289802848133879e-13
1.520000000000000000e+03 0.000000000000000000e+00 0.000000000000000000e+00 2.274741340530813921e-13
1.521000000000000000e+03 0.000000000000000000e+00 0.000000000000000000e+00 2.273200164840718670e-13
1.522000000000000000e+03 0.000000000000000000e+00 0.000000000000000000e+00 2.271667976700664250e-13
1.523000000000000000e+03 0.000000000000000000e+00 0.000000000000000000e+00 2.270144744710587841e-13
1.524000000000000000e+03 0.000000000000000000e+00 0.000000000000000000e+00 2.268628716492405514e-13
1.525000000000000000e+03 0.000000000000000000e+00 0.000000000000000000e+00 2.267119867649270256e-13
1.526000000000000000e+03 0.000000000000000000e+00 0.000000000000000000e+00 2.265619890464431673e-13
1.527000000000000000e+03 0.000000000000000000e+00 0.000000000000000000e+00 2.264127039639027947e-13
1.528000000000000000e+03 0.000000000000000000e+00 0.000000000000000000e+00 2.262641291060440544e-13
1.529000000000000000e+03 0.000000000000000000e+00 0.000000000000000000e+00 2.261162620705574398e-13
1.530000000000000000e+03 0.000000000000000000e+00 0.000000000000000000e+00 2.259692712268883180e-13
1.531000000000000000e+03 0.000000000000000000e+00 0.000000000000000000e+00 2.258228124419098722e-13
1.532000000000000000e+03 0.000000000000000000e+00 0.000000000000000000e+00 2.256772246435681994e-13
1.533000000000000000e+03 0.000000000000000000e+00 0.000000000000000000e+00 2.255321646080875227e-13
1.534000000000000000e+03 0.000000000000000000e+00 0.000000000000000000e+00 2.253878005172655408e-13
1.535000000000000000e+03 0.000000000000000000e+00 0.000000000000000000e+00 2.252441300217155445e-13
1.536000000000000000e+03 0.000000000000000000e+00 0.000000000000000000e+00 2.251011507807416989e-13
1.537000000000000000e+03 0.000000000000000000e+00 0.000000000000000000e+00 2.249586912508365353e-13
1.538000000000000000e+03 0.000000000000000000e+00 0.000000000000000000e+00 2.248169187598384801e-13
1.539000000000000000e+03 0.000000000000000000e+00 0.000000000000000000e+00 2.246758309916204872e-13
1.540000000000000000e+03 0.000000000000000000e+00 0.000000000000000000e+00 2.245352570855491353e-13
1.541000000000000000e+03 0.000000000000000000e+00 0.000000000000000000e+00 2.243953637328498535e-13
1.542000000000000000e+03 0.000000000000000000e+00 0.000000000000000000e+00 2.242558124091647006e-13
1.543000000000000000e+03 0.000000000000000000e+00 0.000000000000000000e+00 2.241169379346471949e-13
1.544000000000000000e+03 0.000000000000000000e+00 0.000000000000000000e+00 2.239787380317588416e-13
1.545000000000000000e+03 0.000000000000000000e+00 0.000000000000000000e+00 2.238408755029159762e-13
1.546000000000000000e+03 0.000000000000000000e+00 0.000000000000000000e+00 2.237036838817525414e-13
1.547000000000000000e+03 0.000000000000000000e+00 0.000000000000000000e+00 2.235668268500005829e-13
1.548000000000000000e+03 0.000000000000000000e+00 0.000000000000000000e+00 2.234306370868594102e-13
1.549000000000000000e+03 0.000000000000000000e+00 0.000000000000000000e+00 2.232947791499198266e-13
1.550000000000000000e+03 0.000000000000000000e+00 0.000000000000000000e+00 2.231594184813127872e-13
1.551000000000000000e+03 0.000000000000000000e+00 0.000000000000000000e+00 2.230245534972448778e-13
1.552000000000000000e+03 0.000000000000000000e+00 0.000000000000000000e+00 2.228900166621304837e-13
1.553000000000000000e+03 0.000000000000000000e+00 0.000000000000000000e+00 2.227559727881685708e-13
1.554000000000000000e+03 0.000000000000000000e+00 0.000000000000000000e+00 2.226224203073077536e-13
1.555000000000000000e+03 0.000000000000000000e+00 0.000000000000000000e+00 2.224891923391663293e-13
1.556000000000000000e+03 0.000000000000000000e+00 0.000000000000000000e+00 2.223562879639673436e-13
1.557000000000000000e+03 0.000000000000000000e+00 0.000000000000000000e+00 2.222237062650516732e-13
1.558000000000000000e+03 0.000000000000000000e+00 0.000000000000000000e+00 2.220916110109752234e-13
1.559000000000000000e+03 0.000000000000000000e+00 0.000000000000000000e+00 2.219598361869048265e-13
1.560000000000000000e+03 0.000000000000000000e+00 0.000000000000000000e+00 2.218283808866768693e-13
1.561000000000000000e+03 0.000000000000000000e+00 0.000000000000000000e+00 2.216972442071917756e-13
1.562000000000000000e+03 0.000000000000000000e+00 0.000000000000000000e+00 2.215664252484019645e-13
1.563000000000000000e+03 0.000000000000000000e+00 0.000000000000000000e+00 2.214359231132994058e-13
1.564000000000000000e+03 0.000000000000000000e+00 0.000000000000000000e+00 2.213055734865136445e-13
1.565000000000000000e+03 0.000000000000000000e+00 0.000000000000000000e+00 2.211757025285724014e-13
1.566000000000000000e+03 0.000000000000000000e+00 0.000000000000000000e+00 2.210459827166470695e-13
1.567000000000000000e+03 0.000000000000000000e+00 0.000000000000000000e+00 2.209164137895107146e-13
1.568000000000000000e+03 0.000000000000000000e+00 0.000000000000000000e+00 2.207871580754672613e-13
1.569000000000000000e+03 0.000000000000000000e+00 0.000000000000000000e+00 2.206580523113021970e-13
1.570000000000000000e+03 0.000000000000000000e+00 0.000000000000000000e+00 2.205292584138465184e-13
1.571000000000000000e+03 0.000000000000000000e+00 0.000000000000000000e+00 2.204006135376731379e-13
1.572000000000000000e+03 0.000000000000000000e+00 0.000000000000000000e+00 2.202722791896976261e-13
1.573000000000000000e+03 0.000000000000000000e+00 0.000000000000000000e+00 2.201439313833908068e-13
1.574000000000000000e+03 0.000000000000000000e+00 0.000000000000000000e+00 2.200158931848893381e-13
1.575000000000000000e+03 0.000000000000000000e+00 0.000000000000000000e+00 2.198878414309886538e-13
1.576000000000000000e+03 0.000000000000000000e+00 0.000000000000000000e+00 2.197600983683599095e-13
1.577000000000000000e+03 0.000000000000000000e+00 0.000000000000000000e+00 2.196323416539883799e-13
1.578000000000000000e+03 0.000000000000000000e+00 0.000000000000000000e+00 2.195047321827759718e-13
1.579000000000000000e+03 0.000000000000000000e+00 0.000000000000000000e+00 2.193772697028242522e-13
1.580000000000000000e+03 0.000000000000000000e+00 0.000000000000000000e+00 2.192499539628019347e-13
1.581000000000000000e+03 0.000000000000000000e+00 0.000000000000000000e+00 2.191226247849981994e-13
1.582000000000000000e+03 0.000000000000000000e+00 0.000000000000000000e+00 2.189952825253782878e-13
1.583000000000000000e+03 0.000000000000000000e+00 0.000000000000000000e+00 2.188682465846079346e-13
1.584000000000000000e+03 0.000000000000000000e+00 0.000000000000000000e+00 2.187410381416690812e-13
1.585000000000000000e+03 0.000000000000000000e+00 0.000000000000000000e+00 2.186139763943973639e-13
1.586000000000000000e+03 0.000000000000000000e+00 0.000000000000000000e+00 2.184869021709332848e-13
1.587000000000000000e+03 0.000000000000000000e+00 0.000000000000000000e+00 2.183599745412585279e-13
1.588000000000000000e+03 0.000000000000000000e+00 0.000000000000000000e+00 2.182328762128804461e-13
1.589000000000000000e+03 0.000000000000000000e+00 0.000000000000000000e+00 2.181059247736996987e-13
1.590000000000000000e+03 0.000000000000000000e+00 0.000000000000000000e+00 2.179788037269388742e-13
1.591000000000000000e+03 0.000000000000000000e+00 0.000000000000000000e+00 2.178518298595428356e-13
1.592000000000000000e+03 0.000000000000000000e+00 0.000000000000000000e+00 2.177246874674691787e-13
1.593000000000000000e+03 0.000000000000000000e+00 0.000000000000000000e+00 2.175976925397421789e-13
1.594000000000000000e+03 0.000000000000000000e+00 0.000000000000000000e+00 2.174705301620890039e-13
1.595000000000000000e+03 0.000000000000000000e+00 0.000000000000000000e+00 2.173432012633464925e-13
1.596000000000000000e+03 0.000000000000000000e+00 0.000000000000000000e+00 2.172160206402041616e-13
1.597000000000000000e+03 0.000000000000000000e+00 0.000000000000000000e+00 2.170886745564077655e-13
1.598000000000000000e+03 0.000000000000000000e+00 0.000000000000000000e+00 2.169611639314621832e-13
1.599000000000000000e+03 0.000000000000000000e+00 0.000000000000000000e+00 2.168336460287679608e-13
1.600000000000000000e+03 0.000000000000000000e+00 0.000000000000000000e+00 2.167059650218613231e-13
1.601000000000000000e+03 0.000000000000000000e+00 0.000000000000000000e+00 2.165782777773878869e-13
1.602000000000000000e+03 0.000000000000000000e+00 0.000000000000000000e+00 2.164504288541381988e-13
1.603000000000000000e+03 0.000000000000000000e+00 0.000000000000000000e+00 2.163224191548576932e-13
1.604000000000000000e+03 0.000000000000000000e+00 0.000000000000000000e+00 2.161944049533487290e-13
1.605000000000000000e+03 0.000000000000000000e+00 0.000000000000000000e+00 2.160662313830922222e-13
1.606000000000000000e+03 0.000000000000000000e+00 0.000000000000000000e+00 2.159377443485498116e-13
1.607000000000000000e+03 0.000000000000000000e+00 0.000000000000000000e+00 2.158092549077883755e-13
1.608000000000000000e+03 0.000000000000000000e+00 0.000000000000000000e+00 2.156806087647529751e-13
1.609000000000000000e+03 0.000000000000000000e+00 0.000000000000000000e+00 2.155516523900883409e-13
1.610000000000000000e+03 0.000000000000000000e+00 0.000000000000000000e+00 2.154226956753067944e-13
1.611000000000000000e+03 0.000000000000000000e+00 0.000000000000000000e+00 2.152934308638038882e-13
1.612000000000000000e+03 0.000000000000000000e+00 0.000000000000000000e+00 2.151641670730525611e-13
1.613000000000000000e+03 0.000000000000000000e+00 0.000000000000000000e+00 2.150345973045829999e-13
1.614000000000000000e+03 0.000000000000000000e+00 0.000000000000000000e+00 2.149047229926993256e-13
1.615000000000000000e+03 0.000000000000000000e+00 0.000000000000000000e+00 2.147748520982129177e-13
1.616000000000000000e+03 0.000000000000000000e+00 0.000000000000000000e+00 2.146446787535896448e-13
1.617000000000000000e+03 0.000000000000000000e+00 0.000000000000000000e+00 2.145143572655492141e-13
1.618000000000000000e+03 0.000000000000000000e+00 0.000000000000000000e+00 2.143837357828200549e-13
1.619000000000000000e+03 0.000000000000000000e+00 0.000000000000000000e+00 2.142529682245556475e-13
1.620000000000000000e+03 0.000000000000000000e+00 0.000000000000000000e+00 2.141219031081256099e-13
1.621000000000000000e+03 0.000000000000000000e+00 0.000000000000000000e+00 2.139906939665959879e-13
1.622000000000000000e+03 0.000000000000000000e+00 0.000000000000000000e+00 2.138591896846578806e-13
1.623000000000000000e+03 0.000000000000000000e+00 0.000000000000000000e+00 2.137275434107609673e-13
1.624000000000000000e+03 0.000000000000000000e+00 0.000000000000000000e+00 2.135956043956043811e-13
1.625000000000000000e+03 0.000000000000000000e+00 0.000000000000000000e+00 2.134633740183555610e-13
1.626000000000000000e+03 0.000000000000000000e+00 0.000000000000000000e+00 2.133310048527652087e-13
1.627000000000000000e+03 0.000000000000000000e+00 0.000000000000000000e+00 2.131983466955808651e-13
1.628000000000000000e+03 0.000000000000000000e+00 0.000000000000000000e+00 2.130654009107048165e-13
1.629000000000000000e+03 0.000000000000000000e+00 0.000000000000000000e+00 2.129323195004650967e-13
1.630000000000000000e+03 0.000000000000000000e+00 0.000000000000000000e+00 2.127988023456572029e-13
1.631000000000000000e+03 0.000000000000000000e+00 0.000000000000000000e+00 2.126651518976689442e-13
1.632000000000000000e+03 0.000000000000000000e+00 0.000000000000000000e+00 2.125313689468438802e-13
1.633000000000000000e+03 0.000000000000000000e+00 0.000000000000000000e+00 2.123971544663649783e-13
1.634000000000000000e+03 0.000000000000000000e+00 0.000000000000000000e+00 2.122628097874299637e-13
1.635000000000000000e+03 0.000000000000000000e+00 0.000000000000000000e+00 2.121281861480600909e-13
1.636000000000000000e+03 0.000000000000000000e+00 0.000000000000000000e+00 2.119932848716941304e-13
1.637000000000000000e+03 0.000000000000000000e+00 0.000000000000000000e+00 2.118581072765556368e-13
1.638000000000000000e+03 0.000000000000000000e+00 0.000000000000000000e+00 2.117226546756748092e-13
1.639000000000000000e+03 0.000000000000000000e+00 0.000000000000000000e+00 2.115869283769103773e-13
1.640000000000000000e+03 0.000000000000000000e+00 0.000000000000000000e+00 2.114510783133425369e-13
1.641000000000000000e+03 0.000000000000000000e+00 0.000000000000000000e+00 2.113149567901097052e-13
1.642000000000000000e+03 0.000000000000000000e+00 0.000000000000000000e+00 2.111785651006781036e-13
1.643000000000000000e+03 0.000000000000000000e+00 0.000000000000000000e+00 2.110419045334257629e-13
1.644000000000000000e+03 0.000000000000000000e+00 0.000000000000000000e+00 2.109049763716637530e-13
1.645000000000000000e+03 0.000000000000000000e+00 0.000000000000000000e+00 2.107677818936576146e-13
1.646000000000000000e+03 0.000000000000000000e+00 0.000000000000000000e+00 2.106304699217473316e-13
1.647000000000000000e+03 0.000000000000000000e+00 0.000000000000000000e+00 2.104927464469084766e-13
1.648000000000000000e+03 0.000000000000000000e+00 0.000000000000000000e+00 2.103549076521810863e-13
1.649000000000000000e+03 0.000000000000000000e+00 0.000000000000000000e+00 2.102168072477351030e-13
1.650000000000000000e+03 0.000000000000000000e+00 0.000000000000000000e+00 2.100784464878953127e-13
1.651000000000000000e+03 0.000000000000000000e+00 0.000000000000000000e+00 2.099399732790898104e-13
1.652000000000000000e+03 0.000000000000000000e+00 0.000000000000000000e+00 2.098010953743212503e-13
1.653000000000000000e+03 0.000000000000000000e+00 0.000000000000000000e+00 2.096621071504596478e-13
1.654000000000000000e+03 0.000000000000000000e+00 0.000000000000000000e+00 2.095228631861969933e-13
1.655000000000000000e+03 0.000000000000000000e+00 0.000000000000000000e+00 2.093833647124071444e-13
1.656000000000000000e+03 0.000000000000000000e+00 0.000000000000000000e+00 2.092437587281595529e-13
1.657000000000000000e+03 0.000000000000000000e+00 0.000000000000000000e+00 2.091039003299960083e-13
1.658000000000000000e+03 0.000000000000000000e+00 0.000000000000000000e+00 2.089637907353318960e-13
1.659000000000000000e+03 0.000000000000000000e+00 0.000000000000000000e+00 2.088235764032622366e-13
1.660000000000000000e+03 0.000000000000000000e+00 0.000000000000000000e+00 2.086831129454603422e-13
1.661000000000000000e+03 0.000000000000000000e+00 0.000000000000000000e+00 2.085425464630284555e-13
1.662000000000000000e+03 0.000000000000000000e+00 0.000000000000000000e+00 2.084017329098746336e-13
1.663000000000000000e+03 0.000000000000000000e+00 0.000000000000000000e+00 2.082606734816596491e-13
1.664000000000000000e+03 0.000000000000000000e+00 0.000000000000000000e+00 2.081195137445137264e-13
1.665000000000000000e+03 0.000000000000000000e+00 0.000000000000000000e+00 2.079782543648089777e-13
1.666000000000000000e+03 0.000000000000000000e+00 0.000000000000000000e+00 2.078367519773356400e-13
1.667000000000000000e+03 0.000000000000000000e+00 0.000000000000000000e+00 2.076950077610377281e-13
1.668000000000000000e+03 0.000000000000000000e+00 0.000000000000000000e+00 2.075533102577255091e-13
1.669000000000000000e+03 0.000000000000000000e+00 0.000000000000000000e+00 2.074113725813800637e-13
1.670000000000000000e+03 0.000000000000000000e+00 0.000000000000000000e+00 2.072693392389368386e-13
1.671000000000000000e+03 0.000000000000000000e+00 0.000000000000000000e+00 2.071272108785101452e-13
1.672000000000000000e+03 0.000000000000000000e+00 0.000000000000000000e+00 2.069848451482452631e-13
1.673000000000000000e+03 0.000000000000000000e+00 0.000000000000000000e+00 2.068425288562959205e-13
1.674000000000000000e+03 0.000000000000000000e+00 0.000000000000000000e+00 2.066999768184168824e-13
1.675000000000000000e+03 0.000000000000000000e+00 0.000000000000000000e+00 2.065573326684002608e-13
1.676000000000000000e+03 0.000000000000000000e+00 0.000000000000000000e+00 2.064147393558505471e-13
1.677000000000000000e+03 0.000000000000000000e+00 0.000000000000000000e+00 2.062719127109181637e-13
1.678000000000000000e+03 0.000000000000000000e+00 0.000000000000000000e+00 2.061291378246743056e-13
1.679000000000000000e+03 0.000000000000000000e+00 0.000000000000000000e+00 2.059862730083099461e-13
1.680000000000000000e+03 0.000000000000000000e+00 0.000000000000000000e+00 2.058433188861505327e-13
1.681000000000000000e+03 0.000000000000000000e+00 0.000000000000000000e+00 2.057002760799337208e-13
1.682000000000000000e+03 0.000000000000000000e+00 0.000000000000000000e+00 2.055572865113328290e-13
1.683000000000000000e+03 0.000000000000000000e+00 0.000000000000000000e+00 2.054142091587949219e-13
1.684000000000000000e+03 0.000000000000000000e+00 0.000000000000000000e+00 2.052711856044320163e-13
1.685000000000000000e+03 0.000000000000000000e+00 0.000000000000000000e+00 2.051282159589709010e-13
1.686000000000000000e+03 0.000000000000000000e+00 0.000000000000000000e+00 2.049850190663232469e-13
1.687000000000000000e+03 0.000000000000000000e+00 0.000000000000000000e+00 2.048420174346901748e-13
1.688000000000000000e+03 0.000000000000000000e+00 0.000000000000000000e+00 2.046989300716371828e-13
1.689000000000000000e+03 0.000000000000000000e+00 0.000000000000000000e+00 2.045560378502037280e-13
1.690000000000000000e+03 0.000000000000000000e+00 0.000000000000000000e+00 2.044130604418099069e-13
1.691000000000000000e+03 0.000000000000000000e+00 0.000000000000000000e+00 2.042701382510384207e-13
1.692000000000000000e+03 0.000000000000000000e+00 0.000000000000000000e+00 2.041272713816730975e-13
1.693000000000000000e+03 0.000000000000000000e+00 0.000000000000000000e+00 2.039844599367769611e-13
1.694000000000000000e+03 0.000000000000000000e+00 0.000000000000000000e+00 2.038417040186951593e-13
1.695000000000000000e+03 0.000000000000000000e+00 0.000000000000000000e+00 2.036991428730450067e-13
1.696000000000000000e+03 0.000000000000000000e+00 0.000000000000000000e+00 2.035566371287844447e-13
1.697000000000000000e+03 0.000000000000000000e+00 0.000000000000000000e+00 2.034141868869958882e-13
1.698000000000000000e+03 0.000000000000000000e+00 0.000000000000000000e+00 2.032719309009456651e-13
1.699000000000000000e+03 0.000000000000000000e+00 0.000000000000000000e+00 2.031297302911747442e-13
1.700000000000000000e+03 0.000000000000000000e+00 0.000000000000000000e+00 2.029877234844555001e-13
1.701000000000000000e+03 0.000000000000000000e+00 0.000000000000000000e+00 2.028457719278975255e-13
1.702000000000000000e+03 0.000000000000000000e+00 0.000000000000000000e+00 2.027040137229317607e-13
1.703000000000000000e+03 0.000000000000000000e+00 0.000000000000000000e+00 2.025625863223971007e-13
1.704000000000000000e+03 0.000000000000000000e+00 0.000000000000000000e+00 2.024212134979968199e-13
1.705000000000000000e+03 0.000000000000000000e+00 0.000000000000000000e+00 2.022800328665775042e-13
1.706000000000000000e+03 0.000000000000000000e+00 0.000000000000000000e+00 2.021390440438687498e-13
1.707000000000000000e+03 0.000000000000000000e+00 0.000000000000000000e+00 2.019982466466087588e-13
1.708000000000000000e+03 0.000000000000000000e+00 0.000000000000000000e+00 2.018576402925413356e-13
1.709000000000000000e+03 0.000000000000000000e+00 0.000000000000000000e+00 2.017173614746833673e-13
1.710000000000000000e+03 0.000000000000000000e+00 0.000000000000000000e+00 2.015772726185227094e-13
1.711000000000000000e+03 0.000000000000000000e+00 0.000000000000000000e+00 2.014375099002059445e-13
1.712000000000000000e+03 0.000000000000000000e+00 0.000000000000000000e+00 2.012979360688740987e-13
1.713000000000000000e+03 0.000000000000000000e+00 0.000000000000000000e+00 2.011585507489232320e-13
1.714000000000000000e+03 0.000000000000000000e+00 0.000000000000000000e+00 2.010196257199329114e-13
1.715000000000000000e+03 0.000000000000000000e+00 0.000000000000000000e+00 2.008808878196633325e-13
1.716000000000000000e+03 0.000000000000000000e+00 0.000000000000000000e+00 2.007424724372889956e-13
1.717000000000000000e+03 0.000000000000000000e+00 0.000000000000000000e+00 2.006043787286350535e-13
1.718000000000000000e+03 0.000000000000000000e+00 0.000000000000000000e+00 2.004666058521448438e-13
1.719000000000000000e+03 0.000000000000000000e+00 0.000000000000000000e+00 2.003291529688704989e-13
1.720000000000000000e+03 0.000000000000000000e+00 0.000000000000000000e+00 2.001920192424631261e-13
1.721000000000000000e+03 0.000000000000000000e+00 0.000000000000000000e+00 2.000552038391638457e-13
1.722000000000000000e+03 0.000000000000000000e+00 0.000000000000000000e+00 1.999188407438340396e-13
1.723000000000000000e+03 0.000000000000000000e+00 0.000000000000000000e+00 1.997827939990277419e-13
1.724000000000000000e+03 0.000000000000000000e+00 0.000000000000000000e+00 1.996471972830290110e-13
1.725000000000000000e+03 0.000000000000000000e+00 0.000000000000000000e+00 1.995119149579323980e-13
1.726000000000000000e+03 0.000000000000000000e+00 0.000000000000000000e+00 1.993770803964839146e-13
1.727000000000000000e+03 0.000000000000000000e+00 0.000000000000000000e+00 1.992425582791824673e-13
1.728000000000000000e+03 0.000000000000000000e+00 0.000000000000000000e+00 1.991086155559839658e-13
1.729000000000000000e+03 0.000000000000000000e+00 0.000000000000000000e+00 1.989749830333949708e-13
1.730000000000000000e+03 0.000000000000000000e+00 0.000000000000000000e+00 1.988417934769904771e-13
1.731000000000000000e+03 0.000000000000000000e+00 0.000000000000000000e+00 1.987091790378680963e-13
1.732000000000000000e+03 0.000000000000000000e+00 0.000000000000000000e+00 1.985768714626680187e-13
1.733000000000000000e+03 0.000000000000000000e+00 0.000000000000000000e+00 1.984451361753757899e-13
1.734000000000000000e+03 0.000000000000000000e+00 0.000000000000000000e+00 1.983138385037011865e-13
1.735000000000000000e+03 0.000000000000000000e+00 0.000000000000000000e+00 1.981829771975723545e-13
1.736000000000000000e+03 0.000000000000000000e+00 0.000000000000000000e+00 1.980525510109331332e-13
1.737000000000000000e+03 0.000000000000000000e+00 0.000000000000000000e+00 1.979228236983861140e-13
1.738000000000000000e+03 0.000000000000000000e+00 0.000000000000000000e+00 1.977933960697224831e-13
1.739000000000000000e+03 0.000000000000000000e+00 0.000000000000000000e+00 1.976646639302545544e-13
1.740000000000000000e+03 0.000000000000000000e+00 0.000000000000000000e+00 1.975363610555434585e-13
1.741000000000000000e+03 0.000000000000000000e+00 0.000000000000000000e+00 1.974086181121081134e-13
1.742000000000000000e+03 0.000000000000000000e+00 0.000000000000000000e+00 1.972813016869841316e-13
1.743000000000000000e+03 0.000000000000000000e+00 0.000000000000000000e+00 1.971546737408349105e-13
1.744000000000000000e+03 0.000000000000000000e+00 0.000000000000000000e+00 1.970286007202754895e-13
1.745000000000000000e+03 0.000000000000000000e+00 0.000000000000000000e+00 1.969030809677133428e-13
1.746000000000000000e+03 0.000000000000000000e+00 0.000000000000000000e+00 1.967779816946871946e-13
1.747000000000000000e+03 0.000000000000000000e+00 0.000000000000000000e+00 1.966536946632278303e-13
1.748000000000000000e+03 0.000000000000000000e+00 0.000000000000000000e+00 1.965298248230764185e-13
1.749000000000000000e+03 0.000000000000000000e+00 0.000000000000000000e+00 1.964066323613493559e-13
1.750000000000000000e+03 0.000000000000000000e+00 0.000000000000000000e+00 1.962839846618258877e-13
1.751000000000000000e+03 0.000000000000000000e+00 0.000000000000000000e+00 1.961618800998255225e-13
1.752000000000000000e+03 0.000000000000000000e+00 0.000000000000000000e+00 1.960404472958294707e-13
1.753000000000000000e+03 0.000000000000000000e+00 0.000000000000000000e+00 1.959196841901909751e-13
1.754000000000000000e+03 0.000000000000000000e+00 0.000000000000000000e+00 1.957994587869160593e-13
1.755000000000000000e+03 0.000000000000000000e+00 0.000000000000000000e+00 1.956798992789880979e-13
1.756000000000000000e+03 0.000000000000000000e+00 0.000000000000000000e+00 1.955610036262369688e-13
1.757000000000000000e+03 0.000000000000000000e+00 0.000000000000000000e+00 1.954427697951894612e-13
1.758000000000000000e+03 0.000000000000000000e+00 0.000000000000000000e+00 1.953250664064091517e-13
1.759000000000000000e+03 0.000000000000000000e+00 0.000000000000000000e+00 1.952081502920047785e-13
1.760000000000000000e+03 0.000000000000000000e+00 0.000000000000000000e+00 1.950917608796654758e-13
1.761000000000000000e+03 0.000000000000000000e+00 0.000000000000000000e+00 1.949760255143444246e-13
1.762000000000000000e+03 0.000000000000000000e+00 0.000000000000000000e+00 1.948610709611042399e-13
1.763000000000000000e+03 0.000000000000000000e+00 0.000000000000000000e+00 1.947466375470589037e-13
1.764000000000000000e+03 0.000000000000000000e+00 0.000000000000000000e+00 1.946329806710219672e-13
1.765000000000000000e+03 0.000000000000000000e+00 0.000000000000000000e+00 1.945199695860429362e-13
1.766000000000000000e+03 0.000000000000000000e+00 0.000000000000000000e+00 1.944077305014994195e-13
1.767000000000000000e+03 0.000000000000000000e+00 0.000000000000000000e+00 1.942960049371714281e-13
1.768000000000000000e+03 0.000000000000000000e+00 0.000000000000000000e+00 1.941850471544881649e-13
1.769000000000000000e+03 0.000000000000000000e+00 0.000000000000000000e+00 1.940747270154864260e-13
1.770000000000000000e+03 0.000000000000000000e+00 0.000000000000000000e+00 1.939651701774030331e-13
1.771000000000000000e+03 0.000000000000000000e+00 0.000000000000000000e+00 1.938563742666206001e-13
1.772000000000000000e+03 0.000000000000000000e+00 0.000000000000000000e+00 1.937480822826470316e-13
1.773000000000000000e+03 0.000000000000000000e+00 0.000000000000000000e+00 1.936406742500401931e-13
1.774000000000000000e+03 0.000000000000000000e+00 0.000000000000000000e+00 1.935338933261349234e-13
1.775000000000000000e+03 0.000000000000000000e+00 0.000000000000000000e+00 1.934278644842025163e-13
1.776000000000000000e+03 0.000000000000000000e+00 0.000000000000000000e+00 1.933224586432239822e-13
1.777000000000000000e+03 0.000000000000000000e+00 0.000000000000000000e+00 1.932178005042560726e-13
1.778000000000000000e+03 0.000000000000000000e+00 0.000000000000000000e+00 1.931138877454820981e-13
1.779000000000000000e+03 0.000000000000000000e+00 0.000000000000000000e+00 1.930105917350360834e-13
1.780000000000000000e+03 0.000000000000000000e+00 0.000000000000000000e+00 1.929080367676283120e-13
1.781000000000000000e+03 0.000000000000000000e+00 0.000000000000000000e+00 1.928063465776361175e-13
1.782000000000000000e+03 0.000000000000000000e+00 0.000000000000000000e+00 1.927052666630157555e-13
1.783000000000000000e+03 0.000000000000000000e+00 0.000000000000000000e+00 1.926047951630873451e-13
1.784000000000000000e+03 0.000000000000000000e+00 0.000000000000000000e+00 1.925051814447752351e-13
1.785000000000000000e+03 0.000000000000000000e+00 0.000000000000000000e+00 1.924062973453659438e-13
1.786000000000000000e+03 0.000000000000000000e+00 0.000000000000000000e+00 1.923080152726766767e-13
1.787000000000000000e+03 0.000000000000000000e+00 0.000000000000000000e+00 1.922105837711836538e-13
1.788000000000000000e+03 0.000000000000000000e+00 0.000000000000000000e+00 1.921137500734666238e-13
1.789000000000000000e+03 0.000000000000000000e+00 0.000000000000000000e+00 1.920176372680971062e-13
1.790000000000000000e+03 0.000000000000000000e+00 0.000000000000000000e+00 1.919223678915995124e-13
1.791000000000000000e+03 0.000000000000000000e+00 0.000000000000000000e+00 1.918276900374890440e-13
1.792000000000000000e+03 0.000000000000000000e+00 0.000000000000000000e+00 1.917337263963030999e-13
1.793000000000000000e+03 0.000000000000000000e+00 0.000000000000000000e+00 1.916405991092574411e-13
1.794000000000000000e+03 0.000000000000000000e+00 0.000000000000000000e+00 1.915480571263543295e-13
1.795000000000000000e+03 0.000000000000000000e+00 0.000000000000000000e+00 1.914562227419645105e-13
1.796000000000000000e+03 0.000000000000000000e+00 0.000000000000000000e+00 1.913652177038444370e-13
1.797000000000000000e+03 0.000000000000000000e+00 0.000000000000000000e+00 1.912747918140665928e-13
1.798000000000000000e+03 0.000000000000000000e+00 0.000000000000000000e+00 1.911850669726909249e-13
1.799000000000000000e+03 0.000000000000000000e+00 0.000000000000000000e+00 1.910960410104378927e-13
1.800000000000000000e+03 0.000000000000000000e+00 0.000000000000000000e+00 1.910078351533098822e-13
1.801000000000000000e+03 0.000000000000000000e+00 0.000000000000000000e+00 1.909202003326552703e-13
1.802000000000000000e+03 0.000000000000000000e+00 0.000000000000000000e+00 1.908332579256548325e-13
1.803000000000000000e+03 0.000000000000000000e+00 0.000000000000000000e+00 1.907471287691246223e-13
1.804000000000000000e+03 0.000000000000000000e+00 0.000000000000000000e+00 1.906615646362960781e-13
1.805000000000000000e+03 0.000000000000000000e+00 0.000000000000000000e+00 1.905766865143274250e-13
1.806000000000000000e+03 0.000000000000000000e+00 0.000000000000000000e+00 1.904924922826880502e-13
1.807000000000000000e+03 0.000000000000000000e+00 0.000000000000000000e+00 1.904089798277103048e-13
1.808000000000000000e+03 0.000000000000000000e+00 0.000000000000000000e+00 1.903261470425649413e-13
1.809000000000000000e+03 0.000000000000000000e+00 0.000000000000000000e+00 1.902439918272357948e-13
1.810000000000000000e+03 0.000000000000000000e+00 0.000000000000000000e+00 1.901623900595196244e-13
1.811000000000000000e+03 0.000000000000000000e+00 0.000000000000000000e+00 1.900815838455940729e-13
1.812000000000000000e+03 0.000000000000000000e+00 0.000000000000000000e+00 1.900013271820272864e-13
1.813000000000000000e+03 0.000000000000000000e+00 0.000000000000000000e+00 1.899217400241183453e-13
1.814000000000000000e+03 0.000000000000000000e+00 0.000000000000000000e+00 1.898428203048830512e-13
1.815000000000000000e+03 0.000000000000000000e+00 0.000000000000000000e+00 1.897644446062547759e-13
1.816000000000000000e+03 0.000000000000000000e+00 0.000000000000000000e+00 1.896867324994726769e-13
1.817000000000000000e+03 0.000000000000000000e+00 0.000000000000000000e+00 1.896096819368232790e-13
1.818000000000000000e+03 0.000000000000000000e+00 0.000000000000000000e+00 1.895331699195208128e-13
1.819000000000000000e+03 0.000000000000000000e+00 0.000000000000000000e+00 1.894573156365349618e-13
1.820000000000000000e+03 0.000000000000000000e+00 0.000000000000000000e+00 1.893819963671693543e-13
1.821000000000000000e+03 0.000000000000000000e+00 0.000000000000000000e+00 1.893073310463183886e-13
1.822000000000000000e+03 0.000000000000000000e+00 0.000000000000000000e+00 1.892331972304129329e-13
1.823000000000000000e+03 0.000000000000000000e+00 0.000000000000000000e+00 1.891597136010624503e-13
1.824000000000000000e+03 0.000000000000000000e+00 0.000000000000000000e+00 1.890867579908675611e-13
1.825000000000000000e+03 0.000000000000000000e+00 0.000000000000000000e+00 1.890143287971312449e-13
1.826000000000000000e+03 0.000000000000000000e+00 0.000000000000000000e+00 1.889425443226855824e-13
1.827000000000000000e+03 0.000000000000000000e+00 0.000000000000000000e+00 1.888712828122773169e-13
1.828000000000000000e+03 0.000000000000000000e+00 0.000000000000000000e+00 1.888005426791552981e-13
1.829000000000000000e+03 0.000000000000000000e+00 0.000000000000000000e+00 1.887303223416301365e-13
1.830000000000000000e+03 0.000000000000000000e+00 0.000000000000000000e+00 1.886606202230558764e-13
1.831000000000000000e+03 0.000000000000000000e+00 0.000000000000000000e+00 1.885914347518119470e-13
1.832000000000000000e+03 0.000000000000000000e+00 0.000000000000000000e+00 1.885227643612852140e-13
1.833000000000000000e+03 0.000000000000000000e+00 0.000000000000000000e+00 1.884546074898519306e-13
1.834000000000000000e+03 0.000000000000000000e+00 0.000000000000000000e+00 1.883869625808598649e-13
1.835000000000000000e+03 0.000000000000000000e+00 0.000000000000000000e+00 1.883198280826105792e-13
1.836000000000000000e+03 0.000000000000000000e+00 0.000000000000000000e+00 1.882530838501250923e-13
1.837000000000000000e+03 0.000000000000000000e+00 0.000000000000000000e+00 1.881869656670436045e-13
1.838000000000000000e+03 0.000000000000000000e+00 0.000000000000000000e+00 1.881211165882957955e-13
1.839000000000000000e+03 0.000000000000000000e+00 0.000000000000000000e+00 1.880557722769936382e-13
1.840000000000000000e+03 0.000000000000000000e+00 0.000000000000000000e+00 1.879909312046855547e-13
1.841000000000000000e+03 0.000000000000000000e+00 0.000000000000000000e+00 1.879264738927116142e-13
1.842000000000000000e+03 0.000000000000000000e+00 0.000000000000000000e+00 1.878625170333739046e-13
1.843000000000000000e+03 0.000000000000000000e+00 0.000000000000000000e+00 1.877988237135764720e-13
1.844000000000000000e+03 0.000000000000000000e+00 0.000000000000000000e+00 1.877356283324221184e-13
1.845000000000000000e+03 0.000000000000000000e+00 0.000000000000000000e+00 1.876728119393869781e-13
1.846000000000000000e+03 0.000000000000000000e+00 0.000000000000000000e+00 1.876103734145324183e-13
1.847000000000000000e+03 0.000000000000000000e+00 0.000000000000000000e+00 1.875483116414356267e-13
1.848000000000000000e+03 0.000000000000000000e+00 0.000000000000000000e+00 1.874866255071771667e-13
1.849000000000000000e+03 0.000000000000000000e+00 0.000000000000000000e+00 1.874253139023284814e-13
1.850000000000000000e+03 0.000000000000000000e+00 0.000000000000000000e+00 1.873643757209397516e-13
1.851000000000000000e+03 0.000000000000000000e+00 0.000000000000000000e+00 1.873036931761828616e-13
1.852000000000000000e+03 0.000000000000000000e+00 0.000000000000000000e+00 1.872433821052545701e-13
1.853000000000000000e+03 0.000000000000000000e+00 0.000000000000000000e+00 1.871833249792895280e-13
1.854000000000000000e+03 0.000000000000000000e+00 0.000000000000000000e+00 1.871236373892537677e-13
1.855000000000000000e+03 0.000000000000000000e+00 0.000000000000000000e+00 1.870642020633887738e-13
1.856000000000000000e+03 0.000000000000000000e+00 0.000000000000000000e+00 1.870051343472044253e-13
1.857000000000000000e+03 0.000000000000000000e+00 0.000000000000000000e+00 1.869462012934504732e-13
1.858000000000000000e+03 0.000000000000000000e+00 0.000000000000000000e+00 1.868876341841482149e-13
1.859000000000000000e+03 0.000000000000000000e+00 0.000000000000000000e+00 1.868293162585966519e-13
1.860000000000000000e+03 0.000000000000000000e+00 0.000000000000000000e+00 1.867712468149278091e-13
1.861000000000000000e+03 0.000000000000000000e+00 0.000000000000000000e+00 1.867133097193740460e-13
1.862000000000000000e+03 0.000000000000000000e+00 0.000000000000000000e+00 1.866557352663923460e-13
1.863000000000000000e+03 0.000000000000000000e+00 0.000000000000000000e+00 1.865982920159694600e-13
1.864000000000000000e+03 0.000000000000000000e+00 0.000000000000000000e+00 1.865410947082580749e-13
1.865000000000000000e+03 0.000000000000000000e+00 0.000000000000000000e+00 1.864840277119269915e-13
1.866000000000000000e+03 0.000000000000000000e+00 0.000000000000000000e+00 1.864270907067008533e-13
1.867000000000000000e+03 0.000000000000000000e+00 0.000000000000000000e+00 1.863703980667263831e-13
1.868000000000000000e+03 0.000000000000000000e+00 0.000000000000000000e+00 1.863139491053741519e-13
1.869000000000000000e+03 0.000000000000000000e+00 0.000000000000000000e+00 1.862575142416517099e-13
1.870000000000000000e+03 0.000000000000000000e+00 0.000000000000000000e+00 1.862012078530455015e-13
1.871000000000000000e+03 0.000000000000000000e+00 0.000000000000000000e+00 1.861450296244523714e-13
1.872000000000000000e+03 0.000000000000000000e+00 0.000000000000000000e+00 1.860890933234766406e-13
1.873000000000000000e+03 0.000000000000000000e+00 0.000000000000000000e+00 1.860331703514698836e-13
1.874000000000000000e+03 0.000000000000000000e+00 0.000000000000000000e+00 1.859772607612949192e-13
1.875000000000000000e+03 0.000000000000000000e+00 0.000000000000000000e+00 1.859214783226723360e-13
1.876000000000000000e+03 0.000000000000000000e+00 0.000000000000000000e+00 1.858658227244173328e-13
1.877000000000000000e+03 0.000000000000000000e+00 0.000000000000000000e+00 1.858101801812535897e-13
1.878000000000000000e+03 0.000000000000000000e+00 0.000000000000000000e+00 1.857545507461256896e-13
1.879000000000000000e+03 0.000000000000000000e+00 0.000000000000000000e+00 1.856990477053208459e-13
1.880000000000000000e+03 0.000000000000000000e+00 0.000000000000000000e+00 1.856434445236236955e-13
1.881000000000000000e+03 0.000000000000000000e+00 0.000000000000000000e+00 1.855879676003844287e-13
1.882000000000000000e+03 0.000000000000000000e+00 0.000000000000000000e+00 1.855323908814421556e-13
1.883000000000000000e+03 0.000000000000000000e+00 0.000000000000000000e+00 1.854769402847919679e-13
1.884000000000000000e+03 0.000000000000000000e+00 0.000000000000000000e+00 1.854213902357983210e-13
1.885000000000000000e+03 0.000000000000000000e+00 0.000000000000000000e+00 1.853657411444371752e-13
1.886000000000000000e+03 0.000000000000000000e+00 0.000000000000000000e+00 1.853102182089768709e-13
1.887000000000000000e+03 0.000000000000000000e+00 0.000000000000000000e+00 1.852544842948631491e-13
1.888000000000000000e+03 0.000000000000000000e+00 0.000000000000000000e+00 1.851987644794573180e-13
1.889000000000000000e+03 0.000000000000000000e+00 0.000000000000000000e+00 1.851429467734390849e-13
1.890000000000000000e+03 0.000000000000000000e+00 0.000000000000000000e+00 1.850871435006812950e-13
1.891000000000000000e+03 0.000000000000000000e+00 0.000000000000000000e+00 1.850311311061744677e-13
1.892000000000000000e+03 0.000000000000000000e+00 0.000000000000000000e+00 1.849750220295313026e-13
1.893000000000000000e+03 0.000000000000000000e+00 0.000000000000000000e+00 1.849188166707666806e-13
1.894000000000000000e+03 0.000000000000000000e+00 0.000000000000000000e+00 1.848625154285300340e-13
1.895000000000000000e+03 0.000000000000000000e+00 0.000000000000000000e+00 1.848061187001102182e-13
1.896000000000000000e+03 0.000000000000000000e+00 0.000000000000000000e+00 1.847495156687552427e-13
1.897000000000000000e+03 0.000000000000000000e+00 0.000000000000000000e+00 1.846928181761119007e-13
1.898000000000000000e+03 0.000000000000000000e+00 0.000000000000000000e+00 1.846359156363700972e-13
1.899000000000000000e+03 0.000000000000000000e+00 0.000000000000000000e+00 1.845788087913306024e-13
1.900000000000000000e+03 0.000000000000000000e+00 0.000000000000000000e+00 1.845216091253910814e-13
1.901000000000000000e+03 0.000000000000000000e+00 0.000000000000000000e+00 1.844640957689544026e-13
1.902000000000000000e+03 0.000000000000000000e+00 0.000000000000000000e+00 1.844064908305166557e-13
1.903000000000000000e+03 0.000000000000000000e+00 0.000000000000000000e+00 1.843486842976812208e-13
1.904000000000000000e+03 0.000000000000000000e+00 0.000000000000000000e+00 1.842906769006815420e-13
1.905000000000000000e+03 0.000000000000000000e+00 0.000000000000000000e+00 1.842323592027386907e-13
1.906000000000000000e+03 0.000000000000000000e+00 0.000000000000000000e+00 1.841738423249848075e-13
1.907000000000000000e+03 0.000000000000000000e+00 0.000000000000000000e+00 1.841151269899377469e-13
1.908000000000000000e+03 0.000000000000000000e+00 0.000000000000000000e+00 1.840561040991968935e-13
1.909000000000000000e+03 0.000000000000000000e+00 0.000000000000000000e+00 1.839968844190785609e-13
1.910000000000000000e+03 0.000000000000000000e+00 0.000000000000000000e+00 1.839373590757285506e-13
1.911000000000000000e+03 0.000000000000000000e+00 0.000000000000000000e+00 1.838776385996947649e-13
1.912000000000000000e+03 0.000000000000000000e+00 0.000000000000000000e+00 1.838175049813322763e-13
1.913000000000000000e+03 0.000000000000000000e+00 0.000000000000000000e+00 1.837571781043850610e-13
1.914000000000000000e+03 0.000000000000000000e+00 0.000000000000000000e+00 1.836965495415121915e-13
1.915000000000000000e+03 0.000000000000000000e+00 0.000000000000000000e+00 1.836357293534724848e-13
1.916000000000000000e+03 0.000000000000000000e+00 0.000000000000000000e+00 1.835745004318029129e-13
1.917000000000000000e+03 0.000000000000000000e+00 0.000000000000000000e+00 1.835129729444523341e-13
1.918000000000000000e+03 0.000000000000000000e+00 0.000000000000000000e+00 1.834510392480442348e-13
1.919000000000000000e+03 0.000000000000000000e+00 0.000000000000000000e+00 1.833889178391523161e-13
1.920000000000000000e+03 0.000000000000000000e+00 0.000000000000000000e+00 1.833263925039042076e-13
1.921000000000000000e+03 0.000000000000000000e+00 0.000000000000000000e+00 1.832635729418156899e-13
1.922000000000000000e+03 0.000000000000000000e+00 0.000000000000000000e+00 1.832003519474806239e-13
1.923000000000000000e+03 0.000000000000000000e+00 0.000000000000000000e+00 1.831368389870730159e-13
1.924000000000000000e+03 0.000000000000000000e+00 0.000000000000000000e+00 1.830730350730350767e-13
1.925000000000000000e+03 0.000000000000000000e+00 0.000000000000000000e+00 1.830088333265903298e-13
1.926000000000000000e+03 0.000000000000000000e+00 0.000000000000000000e+00 1.829442350895968548e-13
1.927000000000000000e+03 0.000000000000000000e+00 0.000000000000000000e+00 1.828793493638123341e-13
1.928000000000000000e+03 0.000000000000000000e+00 0.000000000000000000e+00 1.828140695951076537e-13
1.929000000000000000e+03 0.000000000000000000e+00 0.000000000000000000e+00 1.827483971130576096e-13
1.930000000000000000e+03 0.000000000000000000e+00 0.000000000000000000e+00 1.826823332429973941e-13
1.931000000000000000e+03 0.000000000000000000e+00 0.000000000000000000e+00 1.826158793060375905e-13
1.932000000000000000e+03 0.000000000000000000e+00 0.000000000000000000e+00 1.825491437268580271e-13
1.933000000000000000e+03 0.000000000000000000e+00 0.000000000000000000e+00 1.824819134918423027e-13
1.934000000000000000e+03 0.000000000000000000e+00 0.000000000000000000e+00 1.824144040146541245e-13
1.935000000000000000e+03 0.000000000000000000e+00 0.000000000000000000e+00 1.823464027163815563e-13
1.936000000000000000e+03 0.000000000000000000e+00 0.000000000000000000e+00 1.822781245600037650e-13
1.937000000000000000e+03 0.000000000000000000e+00 0.000000000000000000e+00 1.822093573999988226e-13
1.938000000000000000e+03 0.000000000000000000e+00 0.000000000000000000e+00 1.821403157500887774e-13
1.939000000000000000e+03 0.000000000000000000e+00 0.000000000000000000e+00 1.820707878968327558e-13
1.940000000000000000e+03 0.000000000000000000e+00 0.000000000000000000e+00 1.820008816796528379e-13
1.941000000000000000e+03 0.000000000000000000e+00 0.000000000000000000e+00 1.819305983782129054e-13
1.942000000000000000e+03 0.000000000000000000e+00 0.000000000000000000e+00 1.818599392681112910e-13
1.943000000000000000e+03 0.000000000000000000e+00 0.000000000000000000e+00 1.817889056208950912e-13
1.944000000000000000e+03 0.000000000000000000e+00 0.000000000000000000e+00 1.817173929141938356e-13
1.945000000000000000e+03 0.000000000000000000e+00 0.000000000000000000e+00 1.816456140999796586e-13
1.946000000000000000e+03 0.000000000000000000e+00 0.000000000000000000e+00 1.815733589663598258e-13
1.947000000000000000e+03 0.000000000000000000e+00 0.000000000000000000e+00 1.815007345581946350e-13
1.948000000000000000e+03 0.000000000000000000e+00 0.000000000000000000e+00 1.814276367705020161e-13
1.949000000000000000e+03 0.000000000000000000e+00 0.000000000000000000e+00 1.813542776703372031e-13
1.950000000000000000e+03 0.000000000000000000e+00 0.000000000000000000e+00 1.812804478965421985e-13
1.951000000000000000e+03 0.000000000000000000e+00 0.000000000000000000e+00 1.812062540437438369e-13
1.952000000000000000e+03 0.000000000000000000e+00 0.000000000000000000e+00 1.811316973466629662e-13
1.953000000000000000e+03 0.000000000000000000e+00 0.000000000000000000e+00 1.810567790361101077e-13
1.954000000000000000e+03 0.000000000000000000e+00 0.000000000000000000e+00 1.809813956288759098e-13
1.955000000000000000e+03 0.000000000000000000e+00 0.000000000000000000e+00 1.809057578753027018e-13
1.956000000000000000e+03 0.000000000000000000e+00 0.000000000000000000e+00 1.808296576810422016e-13
1.957000000000000000e+03 0.000000000000000000e+00 0.000000000000000000e+00 1.807532009710303873e-13
1.958000000000000000e+03 0.000000000000000000e+00 0.000000000000000000e+00 1.806764932390824980e-13
1.959000000000000000e+03 0.000000000000000000e+00 0.000000000000000000e+00 1.805993270202414985e-13
1.960000000000000000e+03 0.000000000000000000e+00 0.000000000000000000e+00 1.805218079072526513e-13
1.961000000000000000e+03 0.000000000000000000e+00 0.000000000000000000e+00 1.804439370996407592e-13
1.962000000000000000e+03 0.000000000000000000e+00 0.000000000000000000e+00 1.803657157931415176e-13
1.963000000000000000e+03 0.000000000000000000e+00 0.000000000000000000e+00 1.802872489321282924e-13
1.964000000000000000e+03 0.000000000000000000e+00 0.000000000000000000e+00 1.802083300943704398e-13
1.965000000000000000e+03 0.000000000000000000e+00 0.000000000000000000e+00 1.801291678638637712e-13
1.966000000000000000e+03 0.000000000000000000e+00 0.000000000000000000e+00 1.800496596693872191e-13
1.967000000000000000e+03 0.000000000000000000e+00 0.000000000000000000e+00 1.799698066884075208e-13
1.968000000000000000e+03 0.000000000000000000e+00 0.000000000000000000e+00 1.798897133206984625e-13
1.969000000000000000e+03 0.000000000000000000e+00 0.000000000000000000e+00 1.798092773006988994e-13
1.970000000000000000e+03 0.000000000000000000e+00 0.000000000000000000e+00 1.797284997952545473e-13
1.971000000000000000e+03 0.000000000000000000e+00 0.000000000000000000e+00 1.796474848796391514e-13
1.972000000000000000e+03 0.000000000000000000e+00 0.000000000000000000e+00 1.795662334003982817e-13
1.973000000000000000e+03 0.000000000000000000e+00 0.000000000000000000e+00 1.794846434977567030e-13
1.974000000000000000e+03 0.000000000000000000e+00 0.000000000000000000e+00 1.794029215241173132e-13
1.975000000000000000e+03 0.000000000000000000e+00 0.000000000000000000e+00 1.793208630144006264e-13
1.976000000000000000e+03 0.000000000000000000e+00 0.000000000000000000e+00 1.792384691154757245e-13
1.977000000000000000e+03 0.000000000000000000e+00 0.000000000000000000e+00 1.791559455477117131e-13
1.978000000000000000e+03 0.000000000000000000e+00 0.000000000000000000e+00 1.790731906453556026e-13
1.979000000000000000e+03 0.000000000000000000e+00 0.000000000000000000e+00 1.789902052357838198e-13
1.980000000000000000e+03 0.000000000000000000e+00 0.000000000000000000e+00 1.789069901437392581e-13
1.981000000000000000e+03 0.000000000000000000e+00 0.000000000000000000e+00 1.788236480673359693e-13
1.982000000000000000e+03 0.000000000000000000e+00 0.000000000000000000e+00 1.787400777445827447e-13
1.983000000000000000e+03 0.000000000000000000e+00 0.000000000000000000e+00 1.786562799928423748e-13
1.984000000000000000e+03 0.000000000000000000e+00 0.000000000000000000e+00 1.785723571950922327e-13
1.985000000000000000e+03 0.000000000000000000e+00 0.000000000000000000e+00 1.784883098566540211e-13
1.986000000000000000e+03 0.000000000000000000e+00 0.000000000000000000e+00 1.784040371173960091e-13
1.987000000000000000e+03 0.000000000000000000e+00 0.000000000000000000e+00 1.783197423089113167e-13
1.988000000000000000e+03 0.000000000000000000e+00 0.000000000000000000e+00 1.782352233056458252e-13
1.989000000000000000e+03 0.000000000000000000e+00 0.000000000000000000e+00 1.781505819696774358e-13
1.990000000000000000e+03 0.000000000000000000e+00 0.000000000000000000e+00 1.780659197544730083e-13
1.991000000000000000e+03 0.000000000000000000e+00 0.000000000000000000e+00 1.779810351400579615e-13
1.992000000000000000e+03 0.000000000000000000e+00 0.000000000000000000e+00 1.778962311866633800e-13
1.993000000000000000e+03 0.000000000000000000e+00 0.000000000000000000e+00 1.778112058201700050e-13
1.994000000000000000e+03 0.000000000000000000e+00 0.000000000000000000e+00 1.777262614912406508e-13
1.995000000000000000e+03 0.000000000000000000e+00 0.000000000000000000e+00 1.776411971813300604e-13
1.996000000000000000e+03 0.000000000000000000e+00 0.000000000000000000e+00 1.775561137297128108e-13
1.997000000000000000e+03 0.000000000000000000e+00 0.000000000000000000e+00 1.774710113217874715e-13
1.998000000000000000e+03 0.000000000000000000e+00 0.000000000000000000e+00 1.773858901422683352e-13
1.999000000000000000e+03 0.000000000000000000e+00 0.000000000000000000e+00 1.773007503751875886e-13
2.000000000000000000e+03 0.000000000000000000e+00 0.000000000000000000e+00 1.772156921539230389e-13
2.001000000000000000e+03 0.000000000000000000e+00 0.000000000000000000e+00 1.771306155114251085e-13
2.002000000000000000e+03 0.000000000000000000e+00 0.000000000000000000e+00 1.770456203806178832e-13
2.003000000000000000e+03 0.000000000000000000e+00 0.000000000000000000e+00 1.769606069937010613e-13
2.004000000000000000e+03 0.000000000000000000e+00 0.000000000000000000e+00 1.768757746352681376e-13
2.005000000000000000e+03 0.000000000000000000e+00 0.000000000000000000e+00 1.767909239861462971e-13
2.006000000000000000e+03 0.000000000000000000e+00 0.000000000000000000e+00 1.767062539337642261e-13
2.007000000000000000e+03 0.000000000000000000e+00 0.000000000000000000e+00 1.766216648106130310e-13
2.008000000000000000e+03 0.000000000000000000e+00 0.000000000000000000e+00 1.765371565009251401e-13
2.009000000000000000e+03 0.000000000000000000e+00 0.000000000000000000e+00 1.764528279458853194e-13
2.010000000000000000e+03 0.000000000000000000e+00 0.000000000000000000e+00 1.763685797764039149e-13
2.011000000000000000e+03 0.000000000000000000e+00 0.000000000000000000e+00 1.762846095975118799e-13
2.012000000000000000e+03 0.000000000000000000e+00 0.000000000000000000e+00 1.762007191821747407e-13
2.013000000000000000e+03 0.000000000000000000e+00 0.000000000000000000e+00 1.761170070805898793e-13
2.014000000000000000e+03 0.000000000000000000e+00 0.000000000000000000e+00 1.760335714514527294e-13
2.015000000000000000e+03 0.000000000000000000e+00 0.000000000000000000e+00 1.759503131277324945e-13
2.016000000000000000e+03 0.000000000000000000e+00 0.000000000000000000e+00 1.758673300753122355e-13
2.017000000000000000e+03 0.000000000000000000e+00 0.000000000000000000e+00 1.757845233257647016e-13
2.018000000000000000e+03 0.000000000000000000e+00 0.000000000000000000e+00 1.757019906527237898e-13
2.019000000000000000e+03 0.000000000000000000e+00 0.000000000000000000e+00 1.756197313639238934e-13
2.020000000000000000e+03 0.000000000000000000e+00 0.000000000000000000e+00 1.755377447690340458e-13
2.021000000000000000e+03 0.000000000000000000e+00 0.000000000000000000e+00 1.754561280638361461e-13
2.022000000000000000e+03 0.000000000000000000e+00 0.000000000000000000e+00 1.753747824841229771e-13
2.023000000000000000e+03 0.000000000000000000e+00 0.000000000000000000e+00 1.752937073457608888e-13
2.024000000000000000e+03 0.000000000000000000e+00 0.000000000000000000e+00 1.752130971551261363e-13
2.025000000000000000e+03 0.000000000000000000e+00 0.000000000000000000e+00 1.751327556579284197e-13
2.026000000000000000e+03 0.000000000000000000e+00 0.000000000000000000e+00 1.750527795783575323e-13
2.027000000000000000e+03 0.000000000000000000e+00 0.000000000000000000e+00 1.749732652582639194e-13
2.028000000000000000e+03 0.000000000000000000e+00 0.000000000000000000e+00 1.748941142389980244e-13
2.029000000000000000e+03 0.000000000000000000e+00 0.000000000000000000e+00 1.748153255625936444e-13
2.030000000000000000e+03 0.000000000000000000e+00 0.000000000000000000e+00 1.747370923105655407e-13
2.031000000000000000e+03 0.000000000000000000e+00 0.000000000000000000e+00 1.746592191116435136e-13
2.032000000000000000e+03 0.000000000000000000e+00 0.000000000000000000e+00 1.745818018443710371e-13
2.033000000000000000e+03 0.000000000000000000e+00 0.000000000000000000e+00 1.745048392768097337e-13
2.034000000000000000e+03 0.000000000000000000e+00 0.000000000000000000e+00 1.744284268178073426e-13
2.035000000000000000e+03 0.000000000000000000e+00 0.000000000000000000e+00 1.743524664153347689e-13
2.036000000000000000e+03 0.000000000000000000e+00 0.000000000000000000e+00 1.742769568484027968e-13
2.037000000000000000e+03 0.000000000000000000e+00 0.000000000000000000e+00 1.742020896053048130e-13
2.038000000000000000e+03 0.000000000000000000e+00 0.000000000000000000e+00 1.741277666465646828e-13
2.039000000000000000e+03 0.000000000000000000e+00 0.000000000000000000e+00 1.740538903153218093e-13
2.040000000000000000e+03 0.000000000000000000e+00 0.000000000000000000e+00 1.739806515452824903e-13
2.041000000000000000e+03 0.000000000000000000e+00 0.000000000000000000e+00 1.739080485694583272e-13
2.042000000000000000e+03 0.000000000000000000e+00 0.000000000000000000e+00 1.738359837442105620e-13
2.043000000000000000e+03 0.000000000000000000e+00 0.000000000000000000e+00 1.737645513820759604e-13
2.044000000000000000e+03 0.000000000000000000e+00 0.000000000000000000e+00 1.736936540366221807e-13
2.045000000000000000e+03 0.000000000000000000e+00 0.000000000000000000e+00 1.736234814427100975e-13
2.046000000000000000e+03 0.000000000000000000e+00 0.000000000000000000e+00 1.735539360702857404e-13
2.047000000000000000e+03 0.000000000000000000e+00 0.000000000000000000e+00 1.734851115962383931e-13
2.048000000000000000e+03 0.000000000000000000e+00 0.000000000000000000e+00 1.734169106881405541e-13
2.049000000000000000e+03 0.000000000000000000e+00 0.000000000000000000e+00 1.733494268471235245e-13
2.050000000000000000e+03 0.000000000000000000e+00 0.000000000000000000e+00 1.732826580728020755e-13
2.051000000000000000e+03 0.000000000000000000e+00 0.000000000000000000e+00 1.732166023705452453e-13
2.052000000000000000e+03 0.000000000000000000e+00 0.000000000000000000e+00 1.731512577514577093e-13
2.053000000000000000e+03 0.000000000000000000e+00 0.000000000000000000e+00 1.730867170896273233e-13
2.054000000000000000e+03 0.000000000000000000e+00 0.000000000000000000e+00 1.730228833656718869e-13
2.055000000000000000e+03 0.000000000000000000e+00 0.000000000000000000e+00 1.729598492809603696e-13
2.056000000000000000e+03 0.000000000000000000e+00 0.000000000000000000e+00 1.728975180128970356e-13
2.057000000000000000e+03 0.000000000000000000e+00 0.000000000000000000e+00 1.728360765793920799e-13
2.058000000000000000e+03 0.000000000000000000e+00 0.000000000000000000e+00 1.727754280786761269e-13
2.059000000000000000e+03 0.000000000000000000e+00 0.000000000000000000e+00 1.727155702881500602e-13
2.060000000000000000e+03 0.000000000000000000e+00 0.000000000000000000e+00 1.726565952054568480e-13
2.061000000000000000e+03 0.000000000000000000e+00 0.000000000000000000e+00 1.725984062241310224e-13
2.062000000000000000e+03 0.000000000000000000e+00 0.000000000000000000e+00 1.725410951722957549e-13
2.063000000000000000e+03 0.000000000000000000e+00 0.000000000000000000e+00 1.724846595798246689e-13
2.064000000000000000e+03 0.000000000000000000e+00 0.000000000000000000e+00 1.724290969836890405e-13
2.065000000000000000e+03 0.000000000000000000e+00 0.000000000000000000e+00 1.723744986862121403e-13
2.066000000000000000e+03 0.000000000000000000e+00 0.000000000000000000e+00 1.723206746312191416e-13
2.067000000000000000e+03 0.000000000000000000e+00 0.000000000000000000e+00 1.722678098029362704e-13
2.068000000000000000e+03 0.000000000000000000e+00 0.000000000000000000e+00 1.722159014951298188e-13
2.069000000000000000e+03 0.000000000000000000e+00 0.000000000000000000e+00 1.721649470093372805e-13
2.070000000000000000e+03 0.000000000000000000e+00 0.000000000000000000e+00 1.721148503488477809e-13
2.071000000000000000e+03 0.000000000000000000e+00 0.000000000000000000e+00 1.720657955327197372e-13
2.072000000000000000e+03 0.000000000000000000e+00 0.000000000000000000e+00 1.720176864894665157e-13
2.073000000000000000e+03 0.000000000000000000e+00 0.000000000000000000e+00 1.719705205514627256e-13
2.074000000000000000e+03 0.000000000000000000e+00 0.000000000000000000e+00 1.719243880052514722e-13
2.075000000000000000e+03 0.000000000000000000e+00 0.000000000000000000e+00 1.718791930728695262e-13
2.076000000000000000e+03 0.000000000000000000e+00 0.000000000000000000e+00 1.718350258775115626e-13
2.077000000000000000e+03 0.000000000000000000e+00 0.000000000000000000e+00 1.717918835145270797e-13
2.078000000000000000e+03 0.000000000000000000e+00 0.000000000000000000e+00 1.717497630875879192e-13
2.079000000000000000e+03 0.000000000000000000e+00 0.000000000000000000e+00 1.717086617086617108e-13
2.080000000000000000e+03 0.000000000000000000e+00 0.000000000000000000e+00 1.716685764979854414e-13
2.081000000000000000e+03 0.000000000000000000e+00 0.000000000000000000e+00 1.716295969064602942e-13
2.082000000000000000e+03 0.000000000000000000e+00 0.000000000000000000e+00 1.715916275710741758e-13
2.083000000000000000e+03 0.000000000000000000e+00 0.000000000000000000e+00 1.715547577823584261e-13
2.084000000000000000e+03 0.000000000000000000e+00 0.000000000000000000e+00 1.715188923717072527e-13
2.085000000000000000e+03 0.000000000000000000e+00 0.000000000000000000e+00 1.714842124382948210e-13
2.086000000000000000e+03 0.000000000000000000e+00 0.000000000000000000e+00 1.714505308624222826e-13
2.087000000000000000e+03 0.000000000000000000e+00 0.000000000000000000e+00 1.714180284079330677e-13
2.088000000000000000e+03 0.000000000000000000e+00 0.000000000000000000e+00 1.713865183253274976e-13
2.089000000000000000e+03 0.000000000000000000e+00 0.000000000000000000e+00 1.713561810440196134e-13
2.090000000000000000e+03 0.000000000000000000e+00 0.000000000000000000e+00 1.713270132419871740e-13
2.091000000000000000e+03 0.000000000000000000e+00 0.000000000000000000e+00 1.712989201649973944e-13
2.092000000000000000e+03 0.000000000000000000e+00 0.000000000000000000e+00 1.712719901264252659e-13
2.093000000000000000e+03 0.000000000000000000e+00 0.000000000000000000e+00 1.712461285651767755e-13
2.094000000000000000e+03 0.000000000000000000e+00 0.000000000000000000e+00 1.712214236379427052e-13
2.095000000000000000e+03 0.000000000000000000e+00 0.000000000000000000e+00 1.711978720690849009e-13
2.096000000000000000e+03 0.000000000000000000e+00 0.000000000000000000e+00 1.711755615983575285e-13
2.097000000000000000e+03 0.000000000000000000e+00 0.000000000000000000e+00 1.711543068699076693e-13
2.098000000000000000e+03 0.000000000000000000e+00 0.000000000000000000e+00 1.711342865616247349e-13
2.099000000000000000e+03 0.000000000000000000e+00 0.000000000000000000e+00 1.711154064293654428e-13
2.100000000000000000e+03 0.000000000000000000e+00 0.000000000000000000e+00 1.710976632442601098e-13
2.101000000000000000e+03 0.000000000000000000e+00 0.000000000000000000e+00 1.710811443601456591e-13
2.102000000000000000e+03 0.000000000000000000e+00 0.000000000000000000e+00 1.710657558207137305e-13
2.103000000000000000e+03 0.000000000000000000e+00 0.000000000000000000e+00 1.710515848263118616e-13
2.104000000000000000e+03 0.000000000000000000e+00 0.000000000000000000e+00 1.710386279273502433e-13
2.105000000000000000e+03 0.000000000000000000e+00 0.000000000000000000e+00 1.710267914543448879e-13
2.106000000000000000e+03 0.000000000000000000e+00 0.000000000000000000e+00 1.710162525223433327e-13
2.107000000000000000e+03 0.000000000000000000e+00 0.000000000000000000e+00 1.710068273370863660e-13
2.108000000000000000e+03 0.000000000000000000e+00 0.000000000000000000e+00 1.709986027173683121e-13
2.109000000000000000e+03 0.000000000000000000e+00 0.000000000000000000e+00 1.709916651498093391e-13
2.110000000000000000e+03 0.000000000000000000e+00 0.000000000000000000e+00 1.709858313819959207e-13
2.111000000000000000e+03 0.000000000000000000e+00 0.000000000000000000e+00 1.709812777227509389e-13
2.112000000000000000e+03 0.000000000000000000e+00 0.000000000000000000e+00 1.709779109122459751e-13
2.113000000000000000e+03 0.000000000000000000e+00 0.000000000000000000e+00 1.709757275880580785e-13
2.114000000000000000e+03 0.000000000000000000e+00 0.000000000000000000e+00 1.709747243972972970e-13
2.115000000000000000e+03 0.000000000000000000e+00 0.000000000000000000e+00 1.709749873752608747e-13
2.116000000000000000e+03 0.000000000000000000e+00 0.000000000000000000e+00 1.709765129347178953e-13
2.117000000000000000e+03 0.000000000000000000e+00 0.000000000000000000e+00 1.709792082886726150e-13
2.118000000000000000e+03 0.000000000000000000e+00 0.000000000000000000e+00 1.709830701227840513e-13
2.119000000000000000e+03 0.000000000000000000e+00 0.000000000000000000e+00 1.709881841737380545e-13
2.120000000000000000e+03 0.000000000000000000e+00 0.000000000000000000e+00 1.709945468940425074e-13
2.121000000000000000e+03 0.000000000000000000e+00 0.000000000000000000e+00 1.710020658724011781e-13
2.122000000000000000e+03 0.000000000000000000e+00 0.000000000000000000e+00 1.710108266226504475e-13
2.123000000000000000e+03 0.000000000000000000e+00 0.000000000000000000e+00 1.710208256269554302e-13
2.124000000000000000e+03 0.000000000000000000e+00 0.000000000000000000e+00 1.710319707544034513e-13
2.125000000000000000e+03 0.000000000000000000e+00 0.000000000000000000e+00 1.710443472967738168e-13
2.126000000000000000e+03 0.000000000000000000e+00 0.000000000000000000e+00 1.710579517656117751e-13
2.127000000000000000e+03 0.000000000000000000e+00 0.000000000000000000e+00 1.710726923090518900e-13
2.128000000000000000e+03 0.000000000000000000e+00 0.000000000000000000e+00 1.710886539976055822e-13
2.129000000000000000e+03 0.000000000000000000e+00 0.000000000000000000e+00 1.711058333719240381e-13
2.130000000000000000e+03 0.000000000000000000e+00 0.000000000000000000e+00 1.711242269824169437e-13
2.131000000000000000e+03 0.000000000000000000e+00 0.000000000000000000e+00 1.711438313892217128e-13
2.132000000000000000e+03 0.000000000000000000e+00 0.000000000000000000e+00 1.711645552028385992e-13
2.133000000000000000e+03 0.000000000000000000e+00 0.000000000000000000e+00 1.711864831269763982e-13
2.134000000000000000e+03 0.000000000000000000e+00 0.000000000000000000e+00 1.712096117504263500e-13
2.135000000000000000e+03 0.000000000000000000e+00 0.000000000000000000e+00 1.712338499592137399e-13
2.136000000000000000e+03 0.000000000000000000e+00 0.000000000000000000e+00 1.712592822378671446e-13
2.137000000000000000e+03 0.000000000000000000e+00 0.000000000000000000e+00 1.712859052035651593e-13
2.138000000000000000e+03 0.000000000000000000e+00 0.000000000000000000e+00 1.713137154830050404e-13
2.139000000000000000e+03 0.000000000000000000e+00 0.000000000000000000e+00 1.713426223276664405e-13
2.140000000000000000e+03 0.000000000000000000e+00 0.000000000000000000e+00 1.713727099311615338e-13
2.141000000000000000e+03 0.000000000000000000e+00 0.000000000000000000e+00 1.714039749482230872e-13
2.142000000000000000e+03 0.000000000000000000e+00 0.000000000000000000e+00 1.714363269028251962e-13
2.143000000000000000e+03 0.000000000000000000e+00 0.000000000000000000e+00 1.714698497712092739e-13
2.144000000000000000e+03 0.000000000000000000e+00 0.000000000000000000e+00 1.715044532581846080e-13
2.145000000000000000e+03 0.000000000000000000e+00 0.000000000000000000e+00 1.715402211953935998e-13
2.146000000000000000e+03 0.000000000000000000e+00 0.000000000000000000e+00 1.715770634679135572e-13
2.147000000000000000e+03 0.000000000000000000e+00 0.000000000000000000e+00 1.716150637631305761e-13
2.148000000000000000e+03 0.000000000000000000e+00 0.000000000000000000e+00 1.716541321458250342e-13
2.149000000000000000e+03 0.000000000000000000e+00 0.000000000000000000e+00 1.716942655859404670e-13
2.150000000000000000e+03 0.000000000000000000e+00 0.000000000000000000e+00 1.717355475549501249e-13
2.151000000000000000e+03 0.000000000000000000e+00 0.000000000000000000e+00 1.717778883859672778e-13
2.152000000000000000e+03 0.000000000000000000e+00 0.000000000000000000e+00 1.718211987423099509e-13
2.153000000000000000e+03 0.000000000000000000e+00 0.000000000000000000e+00 1.718656483730028747e-13
2.154000000000000000e+03 0.000000000000000000e+00 0.000000000000000000e+00 1.719111478779026505e-13
2.155000000000000000e+03 0.000000000000000000e+00 0.000000000000000000e+00 1.719576942778798814e-13
2.156000000000000000e+03 0.000000000000000000e+00 0.000000000000000000e+00 1.720052846021453111e-13
2.157000000000000000e+03 0.000000000000000000e+00 0.000000000000000000e+00 1.720539158882238984e-13
2.158000000000000000e+03 0.000000000000000000e+00 0.000000000000000000e+00 1.721034993288435231e-13
2.159000000000000000e+03 0.000000000000000000e+00 0.000000000000000000e+00 1.721541179901532052e-13
2.160000000000000000e+03 0.000000000000000000e+00 0.000000000000000000e+00 1.722056832399266612e-13
2.161000000000000000e+03 0.000000000000000000e+00 0.000000000000000000e+00 1.722582780011138308e-13
2.162000000000000000e+03 0.000000000000000000e+00 0.000000000000000000e+00 1.723118138159945855e-13
2.163000000000000000e+03 0.000000000000000000e+00 0.000000000000000000e+00 1.723663734646631980e-13
2.164000000000000000e+03 0.000000000000000000e+00 0.000000000000000000e+00 1.724218686633682594e-13
2.165000000000000000e+03 0.000000000000000000e+00 0.000000000000000000e+00 1.724782967507501054e-13
2.166000000000000000e+03 0.000000000000000000e+00 0.000000000000000000e+00 1.725356550728824636e-13
2.167000000000000000e+03 0.000000000000000000e+00 0.000000000000000000e+00 1.725939409832492298e-13
2.168000000000000000e+03 0.000000000000000000e+00 0.000000000000000000e+00 1.726530667796304675e-13
2.169000000000000000e+03 0.000000000000000000e+00 0.000000000000000000e+00 1.727132000348437288e-13
2.170000000000000000e+03 0.000000000000000000e+00 0.000000000000000000e+00 1.727741680764666849e-13
2.171000000000000000e+03 0.000000000000000000e+00 0.000000000000000000e+00 1.728360533501632603e-13
2.172000000000000000e+03 0.000000000000000000e+00 0.000000000000000000e+00 1.728987684956595528e-13
2.173000000000000000e+03 0.000000000000000000e+00 0.000000000000000000e+00 1.729623111440015689e-13
2.174000000000000000e+03 0.000000000000000000e+00 0.000000000000000000e+00 1.730266789328426876e-13
2.175000000000000000e+03 0.000000000000000000e+00 0.000000000000000000e+00 1.730919540229885040e-13
2.176000000000000000e+03 0.000000000000000000e+00 0.000000000000000000e+00 1.731579649544705310e-13
2.177000000000000000e+03 0.000000000000000000e+00 0.000000000000000000e+00 1.732248783403416665e-13
2.178000000000000000e+03 0.000000000000000000e+00 0.000000000000000000e+00 1.732925230442857355e-13
2.179000000000000000e+03 0.000000000000000000e+00 0.000000000000000000e+00 1.733608969689824580e-13
2.180000000000000000e+03 0.000000000000000000e+00 0.000000000000000000e+00 1.734300821523667516e-13
2.181000000000000000e+03 0.000000000000000000e+00 0.000000000000000000e+00 1.734999922251626565e-13
2.182000000000000000e+03 0.000000000000000000e+00 0.000000000000000000e+00 1.735706251078557578e-13
2.183000000000000000e+03 0.000000000000000000e+00 0.000000000000000000e+00 1.736420626251134753e-13
2.184000000000000000e+03 0.000000000000000000e+00 0.000000000000000000e+00 1.737141348354162945e-13
2.185000000000000000e+03 0.000000000000000000e+00 0.000000000000000000e+00 1.737868399069594205e-13
2.186000000000000000e+03 0.000000000000000000e+00 0.000000000000000000e+00 1.738603433496863110e-13
2.187000000000000000e+03 0.000000000000000000e+00 0.000000000000000000e+00 1.739343921075927403e-13
2.188000000000000000e+03 0.000000000000000000e+00 0.000000000000000000e+00 1.740091516248351553e-13
2.189000000000000000e+03 0.000000000000000000e+00 0.000000000000000000e+00 1.740845364222523954e-13
2.190000000000000000e+03 0.000000000000000000e+00 0.000000000000000000e+00 1.741605446940472612e-13
2.191000000000000000e+03 0.000000000000000000e+00 0.000000000000000000e+00 1.742371746394507145e-13
2.192000000000000000e+03 0.000000000000000000e+00 0.000000000000000000e+00 1.743143412516933406e-13
2.193000000000000000e+03 0.000000000000000000e+00 0.000000000000000000e+00 1.743921261027359285e-13
2.194000000000000000e+03 0.000000000000000000e+00 0.000000000000000000e+00 1.744704443470803539e-13
2.195000000000000000e+03 0.000000000000000000e+00 0.000000000000000000e+00 1.745492944305446682e-13
2.196000000000000000e+03 0.000000000000000000e+00 0.000000000000000000e+00 1.746286748032795236e-13
2.197000000000000000e+03 0.000000000000000000e+00 0.000000000000000000e+00 1.747085839197549202e-13
2.198000000000000000e+03 0.000000000000000000e+00 0.000000000000000000e+00 1.747889374813020003e-13
2.199000000000000000e+03 0.000000000000000000e+00 0.000000000000000000e+00 1.748698168589028162e-13
2.200000000000000000e+03 0.000000000000000000e+00 0.000000000000000000e+00 1.749511379125191236e-13
2.201000000000000000e+03 0.000000000000000000e+00 0.000000000000000000e+00 1.750328993385468663e-13
2.202000000000000000e+03 0.000000000000000000e+00 0.000000000000000000e+00 1.751150998370234965e-13
2.203000000000000000e+03 0.000000000000000000e+00 0.000000000000000000e+00 1.751977381116164889e-13
2.204000000000000000e+03 0.000000000000000000e+00 0.000000000000000000e+00 1.752807305620372867e-13
2.205000000000000000e+03 0.000000000000000000e+00 0.000000000000000000e+00 1.753641583559987832e-13
2.206000000000000000e+03 0.000000000000000000e+00 0.000000000000000000e+00 1.754479380492548137e-13
2.207000000000000000e+03 0.000000000000000000e+00 0.000000000000000000e+00 1.755319864988212807e-13
2.208000000000000000e+03 0.000000000000000000e+00 0.000000000000000000e+00 1.756164668910452067e-13
2.209000000000000000e+03 0.000000000000000000e+00 0.000000000000000000e+00 1.757012140789735035e-13
2.210000000000000000e+03 0.000000000000000000e+00 0.000000000000000000e+00 1.757862272348664140e-13
2.211000000000000000e+03 0.000000000000000000e+00 0.000000000000000000e+00 1.758715055333230462e-13
2.212000000000000000e+03 0.000000000000000000e+00 0.000000000000000000e+00 1.759571298647070869e-13
2.213000000000000000e+03 0.000000000000000000e+00 0.000000000000000000e+00 1.760429359075937440e-13
2.214000000000000000e+03 0.000000000000000000e+00 0.000000000000000000e+00 1.761290046309041235e-13
2.215000000000000000e+03 0.000000000000000000e+00 0.000000000000000000e+00 1.762152537262348112e-13
2.216000000000000000e+03 0.000000000000000000e+00 0.000000000000000000e+00 1.763017640190910665e-13
2.217000000000000000e+03 0.000000000000000000e+00 0.000000000000000000e+00 1.763883720069485231e-13
2.218000000000000000e+03 0.000000000000000000e+00 0.000000000000000000e+00 1.764752398642594494e-13
2.219000000000000000e+03 0.000000000000000000e+00 0.000000000000000000e+00 1.765621231867288639e-13
2.220000000000000000e+03 0.000000000000000000e+00 0.000000000000000000e+00 1.766492652039702832e-13
2.221000000000000000e+03 0.000000000000000000e+00 0.000000000000000000e+00 1.767364219537667305e-13
2.222000000000000000e+03 0.000000000000000000e+00 0.000000000000000000e+00 1.768237552500189344e-13
2.223000000000000000e+03 0.000000000000000000e+00 0.000000000000000000e+00 1.769111026967899490e-13
2.224000000000000000e+03 0.000000000000000000e+00 0.000000000000000000e+00 1.769985449842373285e-13
2.225000000000000000e+03 0.000000000000000000e+00 0.000000000000000000e+00 1.770860817509110646e-13
2.226000000000000000e+03 0.000000000000000000e+00 0.000000000000000000e+00 1.771736319473778216e-13
2.227000000000000000e+03 0.000000000000000000e+00 0.000000000000000000e+00 1.772611954316173680e-13
2.228000000000000000e+03 0.000000000000000000e+00 0.000000000000000000e+00 1.773486915178006860e-13
2.229000000000000000e+03 0.000000000000000000e+00 0.000000000000000000e+00 1.774362812256697608e-13
2.230000000000000000e+03 0.000000000000000000e+00 0.000000000000000000e+00 1.775238033981021400e-13
2.231000000000000000e+03 0.000000000000000000e+00 0.000000000000000000e+00 1.776112581111062755e-13
2.232000000000000000e+03 0.000000000000000000e+00 0.000000000000000000e+00 1.776986454405809365e-13
2.233000000000000000e+03 0.000000000000000000e+00 0.000000000000000000e+00 1.777859654623152843e-13
2.234000000000000000e+03 0.000000000000000000e+00 0.000000000000000000e+00 1.778732182519892767e-13
2.235000000000000000e+03 0.000000000000000000e+00 0.000000000000000000e+00 1.779604038851736681e-13
2.236000000000000000e+03 0.000000000000000000e+00 0.000000000000000000e+00 1.780474424682302732e-13
2.237000000000000000e+03 0.000000000000000000e+00 0.000000000000000000e+00 1.781343342909064907e-13
2.238000000000000000e+03 0.000000000000000000e+00 0.000000000000000000e+00 1.782210796422665533e-13
2.239000000000000000e+03 0.000000000000000000e+00 0.000000000000000000e+00 1.783076788106935469e-13
2.240000000000000000e+03 0.000000000000000000e+00 0.000000000000000000e+00 1.783940524000764881e-13
2.241000000000000000e+03 0.000000000000000000e+00 0.000000000000000000e+00 1.784802805234218707e-13
2.242000000000000000e+03 0.000000000000000000e+00 0.000000000000000000e+00 1.785662839250509974e-13
2.243000000000000000e+03 0.000000000000000000e+00 0.000000000000000000e+00 1.786520631030347405e-13
2.244000000000000000e+03 0.000000000000000000e+00 0.000000000000000000e+00 1.787376979542576307e-13
2.245000000000000000e+03 0.000000000000000000e+00 0.000000000000000000e+00 1.788230301035049744e-13
2.246000000000000000e+03 0.000000000000000000e+00 0.000000000000000000e+00 1.789080602572501038e-13
2.247000000000000000e+03 0.000000000000000000e+00 0.000000000000000000e+00 1.789928683083969453e-13
2.248000000000000000e+03 0.000000000000000000e+00 0.000000000000000000e+00 1.790773756307667221e-13
2.249000000000000000e+03 0.000000000000000000e+00 0.000000000000000000e+00 1.791616619732226854e-13
2.250000000000000000e+03 0.000000000000000000e+00 0.000000000000000000e+00 1.792455698701811579e-13
2.251000000000000000e+03 0.000000000000000000e+00 0.000000000000000000e+00 1.793291791372770516e-13
2.252000000000000000e+03 0.000000000000000000e+00 0.000000000000000000e+00 1.794124904705705331e-13
2.253000000000000000e+03 0.000000000000000000e+00 0.000000000000000000e+00 1.794954257972511056e-13
2.254000000000000000e+03 0.000000000000000000e+00 0.000000000000000000e+00 1.795780647166800550e-13
2.255000000000000000e+03 0.000000000000000000e+00 0.000000000000000000e+00 1.796603292918809320e-13
2.256000000000000000e+03 0.000000000000000000e+00 0.000000000000000000e+00 1.797422204206299028e-13
2.257000000000000000e+03 0.000000000000000000e+00 0.000000000000000000e+00 1.798237389984039511e-13
2.258000000000000000e+03 0.000000000000000000e+00 0.000000000000000000e+00 1.799048074996539910e-13
2.259000000000000000e+03 0.000000000000000000e+00 0.000000000000000000e+00 1.799855053728057367e-13
2.260000000000000000e+03 0.000000000000000000e+00 0.000000000000000000e+00 1.800658335062017141e-13
2.261000000000000000e+03 0.000000000000000000e+00 0.000000000000000000e+00 1.801457145750942881e-13
2.262000000000000000e+03 0.000000000000000000e+00 0.000000000000000000e+00 1.802252278123489549e-13
2.263000000000000000e+03 0.000000000000000000e+00 0.000000000000000000e+00 1.803042179539027649e-13
2.264000000000000000e+03 0.000000000000000000e+00 0.000000000000000000e+00 1.803828422998619240e-13
2.265000000000000000e+03 0.000000000000000000e+00 0.000000000000000000e+00 1.804610237915709459e-13
2.266000000000000000e+03 0.000000000000000000e+00 0.000000000000000000e+00 1.805386856431605774e-13
2.267000000000000000e+03 0.000000000000000000e+00 0.000000000000000000e+00 1.806159069355658189e-13
2.268000000000000000e+03 0.000000000000000000e+00 0.000000000000000000e+00 1.806926110143386399e-13
2.269000000000000000e+03 0.000000000000000000e+00 0.000000000000000000e+00 1.807689544774134400e-13
2.270000000000000000e+03 0.000000000000000000e+00 0.000000000000000000e+00 1.808447054122366661e-13
2.271000000000000000e+03 0.000000000000000000e+00 0.000000000000000000e+00 1.809200203422206561e-13
2.272000000000000000e+03 0.000000000000000000e+00 0.000000000000000000e+00 1.809948228747761599e-13
2.273000000000000000e+03 0.000000000000000000e+00 0.000000000000000000e+00 1.810691142744488997e-13
2.274000000000000000e+03 0.000000000000000000e+00 0.000000000000000000e+00 1.811428958025264133e-13
2.275000000000000000e+03 0.000000000000000000e+00 0.000000000000000000e+00 1.812161687170474437e-13
2.276000000000000000e+03 0.000000000000000000e+00 0.000000000000000000e+00 1.812889342728114064e-13
2.277000000000000000e+03 0.000000000000000000e+00 0.000000000000000000e+00 1.813611937213876279e-13
2.278000000000000000e+03 0.000000000000000000e+00 0.000000000000000000e+00 1.814328712630225682e-13
2.279000000000000000e+03 0.000000000000000000e+00 0.000000000000000000e+00 1.815041223066441800e-13
2.280000000000000000e+03 0.000000000000000000e+00 0.000000000000000000e+00 1.815747171523723895e-13
2.281000000000000000e+03 0.000000000000000000e+00 0.000000000000000000e+00 1.816448879802322311e-13
2.282000000000000000e+03 0.000000000000000000e+00 0.000000000000000000e+00 1.817144822667101143e-13
2.283000000000000000e+03 0.000000000000000000e+00 0.000000000000000000e+00 1.817835014456199053e-13
2.284000000000000000e+03 0.000000000000000000e+00 0.000000000000000000e+00 1.818520235909973975e-13
2.285000000000000000e+03 0.000000000000000000e+00 0.000000000000000000e+00 1.819200499281134659e-13
2.286000000000000000e+03 0.000000000000000000e+00 0.000000000000000000e+00 1.819874286593056336e-13
2.287000000000000000e+03 0.000000000000000000e+00 0.000000000000000000e+00 1.820543142908687274e-13
2.288000000000000000e+03 0.000000000000000000e+00 0.000000000000000000e+00 1.821207080381392505e-13
2.289000000000000000e+03 0.000000000000000000e+00 0.000000000000000000e+00 1.821864584942987016e-13
2.290000000000000000e+03 0.000000000000000000e+00 0.000000000000000000e+00 1.822517197539641279e-13
2.291000000000000000e+03 0.000000000000000000e+00 0.000000000000000000e+00 1.823164168462524810e-13
2.292000000000000000e+03 0.000000000000000000e+00 0.000000000000000000e+00 1.823806272828222056e-13
2.293000000000000000e+03 0.000000000000000000e+00 0.000000000000000000e+00 1.824442762191591059e-13
2.294000000000000000e+03 0.000000000000000000e+00 0.000000000000000000e+00 1.825073650500595332e-13
2.295000000000000000e+03 0.000000000000000000e+00 0.000000000000000000e+00 1.825698951667387891e-13
2.296000000000000000e+03 0.000000000000000000e+00 0.000000000000000000e+00 1.826319438018685376e-13
2.297000000000000000e+03 0.000000000000000000e+00 0.000000000000000000e+00 1.826934363624859171e-13
2.298000000000000000e+03 0.000000000000000000e+00 0.000000000000000000e+00 1.827543742293826631e-13
2.299000000000000000e+03 0.000000000000000000e+00 0.000000000000000000e+00 1.828147587798097496e-13
2.300000000000000000e+03 0.000000000000000000e+00 0.000000000000000000e+00 1.828746669689926989e-13
2.301000000000000000e+03 0.000000000000000000e+00 0.000000000000000000e+00 1.829340999701334767e-13
2.302000000000000000e+03 0.000000000000000000e+00 0.000000000000000000e+00 1.829929835031781572e-13
2.303000000000000000e+03 0.000000000000000000e+00 0.000000000000000000e+00 1.830513189318280377e-13
2.304000000000000000e+03 0.000000000000000000e+00 0.000000000000000000e+00 1.831091829356471166e-13
2.305000000000000000e+03 0.000000000000000000e+00 0.000000000000000000e+00 1.831665014213604814e-13
2.306000000000000000e+03 0.000000000000000000e+00 0.000000000000000000e+00 1.832233509312695504e-13
2.307000000000000000e+03 0.000000000000000000e+00 0.000000000000000000e+00 1.832797326199593234e-13
2.308000000000000000e+03 0.000000000000000000e+00 0.000000000000000000e+00 1.833356476390703675e-13
2.309000000000000000e+03 0.000000000000000000e+00 0.000000000000000000e+00 1.833910221437289619e-13
2.310000000000000000e+03 0.000000000000000000e+00 0.000000000000000000e+00 1.834459324030938025e-13
2.311000000000000000e+03 0.000000000000000000e+00 0.000000000000000000e+00 1.835003795597705631e-13
2.312000000000000000e+03 0.000000000000000000e+00 0.000000000000000000e+00 1.835544395525815648e-13
2.313000000000000000e+03 0.000000000000000000e+00 0.000000000000000000e+00 1.836079638554171696e-13
2.314000000000000000e+03 0.000000000000000000e+00 0.000000000000000000e+00 1.836611031359496697e-13
2.315000000000000000e+03 0.000000000000000000e+00 0.000000000000000000e+00 1.837137837263174262e-13
2.316000000000000000e+03 0.000000000000000000e+00 0.000000000000000000e+00 1.837660067549083401e-13
2.317000000000000000e+03 0.000000000000000000e+00 0.000000000000000000e+00 1.838178478239578781e-13
2.318000000000000000e+03 0.000000000000000000e+00 0.000000000000000000e+00 1.838692334509422603e-13
2.319000000000000000e+03 0.000000000000000000e+00 0.000000000000000000e+00 1.839202391042512392e-13
2.320000000000000000e+03 0.000000000000000000e+00 0.000000000000000000e+00 1.839708657088947818e-13
2.321000000000000000e+03 0.000000000000000000e+00 0.000000000000000000e+00 1.840211141875420461e-13
2.322000000000000000e+03 0.000000000000000000e+00 0.000000000000000000e+00 1.840709854605278435e-13
2.323000000000000000e+03 0.000000000000000000e+00 0.000000000000000000e+00 1.841204804458594544e-13
2.324000000000000000e+03 0.000000000000000000e+00 0.000000000000000000e+00 1.841696000592230907e-13
2.325000000000000000e+03 0.000000000000000000e+00 0.000000000000000000e+00 1.842184191791713998e-13
2.326000000000000000e+03 0.000000000000000000e+00 0.000000000000000000e+00 1.842668646244449912e-13
2.327000000000000000e+03 0.000000000000000000e+00 0.000000000000000000e+00 1.843150111421723615e-13
2.328000000000000000e+03 0.000000000000000000e+00 0.000000000000000000e+00 1.843627856741311776e-13
2.329000000000000000e+03 0.000000000000000000e+00 0.000000000000000000e+00 1.844103365477640694e-13
2.330000000000000000e+03 0.000000000000000000e+00 0.000000000000000000e+00 1.844575169897058222e-13
2.331000000000000000e+03 0.000000000000000000e+00 0.000000000000000000e+00 1.845044750705127849e-13
2.332000000000000000e+03 0.000000000000000000e+00 0.000000000000000000e+00 1.845511377881231092e-13
2.333000000000000000e+03 0.000000000000000000e+00 0.000000000000000000e+00 1.845975793089795035e-13
2.334000000000000000e+03 0.000000000000000000e+00 0.000000000000000000e+00 1.846437267541179886e-13
2.335000000000000000e+03 0.000000000000000000e+00 0.000000000000000000e+00 1.846897274940599989e-13
2.336000000000000000e+03 0.000000000000000000e+00 0.000000000000000000e+00 1.847354353139782257e-13
2.337000000000000000e+03 0.000000000000000000e+00 0.000000000000000000e+00 1.847809241227795548e-13
2.338000000000000000e+03 0.000000000000000000e+00 0.000000000000000000e+00 1.848262675772256579e-13
2.339000000000000000e+03 0.000000000000000000e+00 0.000000000000000000e+00 1.848713929175665035e-13
2.340000000000000000e+03 0.000000000000000000e+00 0.000000000000000000e+00 1.849163006531652360e-13
2.341000000000000000e+03 0.000000000000000000e+00 0.000000000000000000e+00 1.849611372077082805e-13
2.342000000000000000e+03 0.000000000000000000e+00 0.000000000000000000e+00 1.850057569233427246e-13
2.343000000000000000e+03 0.000000000000000000e+00 0.000000000000000000e+00 1.850502331394510254e-13
2.344000000000000000e+03 0.000000000000000000e+00 0.000000000000000000e+00 1.850946389456908531e-13
2.345000000000000000e+03 0.000000000000000000e+00 0.000000000000000000e+00 1.851389017644695749e-13
2.346000000000000000e+03 0.000000000000000000e+00 0.000000000000000000e+00 1.851830945601411597e-13
2.347000000000000000e+03 0.000000000000000000e+00 0.000000000000000000e+00 1.852271448781256220e-13
2.348000000000000000e+03 0.000000000000000000e+00 0.000000000000000000e+00 1.852711980813177269e-13
2.349000000000000000e+03 0.000000000000000000e+00 0.000000000000000000e+00 1.853151091908734438e-13
2.350000000000000000e+03 0.000000000000000000e+00 0.000000000000000000e+00 1.853590233219001680e-13
2.351000000000000000e+03 0.000000000000000000e+00 0.000000000000000000e+00 1.854029404190429617e-13
2.352000000000000000e+03 0.000000000000000000e+00 0.000000000000000000e+00 1.854467881500241585e-13
2.353000000000000000e+03 0.000000000000000000e+00 0.000000000000000000e+00 1.854906388597719265e-13
2.354000000000000000e+03 0.000000000000000000e+00 0.000000000000000000e+00 1.855344924932400567e-13
2.355000000000000000e+03 0.000000000000000000e+00 0.000000000000000000e+00 1.855783489955626799e-13
2.356000000000000000e+03 0.000000000000000000e+00 0.000000000000000000e+00 1.856222803439957493e-13
2.357000000000000000e+03 0.000000000000000000e+00 0.000000000000000000e+00 1.856662143298992506e-13
2.358000000000000000e+03 0.000000000000000000e+00 0.000000000000000000e+00 1.857102228090064147e-13
2.359000000000000000e+03 0.000000000000000000e+00 0.000000000000000000e+00 1.857543055445786450e-13
2.360000000000000000e+03 0.000000000000000000e+00 0.000000000000000000e+00 1.857984623005190106e-13
2.361000000000000000e+03 0.000000000000000000e+00 0.000000000000000000e+00 1.858427645686090734e-13
2.362000000000000000e+03 0.000000000000000000e+00 0.000000000000000000e+00 1.858871402653739834e-13
2.363000000000000000e+03 0.000000000000000000e+00 0.000000000000000000e+00 1.859315891568620570e-13
2.364000000000000000e+03 0.000000000000000000e+00 0.000000000000000000e+00 1.859762541004425027e-13
2.365000000000000000e+03 0.000000000000000000e+00 0.000000000000000000e+00 1.860209915308305399e-13
2.366000000000000000e+03 0.000000000000000000e+00 0.000000000000000000e+00 1.860659440653590894e-13
2.367000000000000000e+03 0.000000000000000000e+00 0.000000000000000000e+00 1.861111111111111062e-13
2.368000000000000000e+03 0.000000000000000000e+00 0.000000000000000000e+00 1.861563494689286399e-13
2.369000000000000000e+03 0.000000000000000000e+00 0.000000000000000000e+00 1.862018726411649598e-13
2.370000000000000000e+03 0.000000000000000000e+00 0.000000000000000000e+00 1.862476086751482244e-13
2.371000000000000000e+03 0.000000000000000000e+00 0.000000000000000000e+00 1.862935569838755734e-13
2.372000000000000000e+03 0.000000000000000000e+00 0.000000000000000000e+00 1.863397169818695135e-13
2.373000000000000000e+03 0.000000000000000000e+00 0.000000000000000000e+00 1.863860880851732983e-13
2.374000000000000000e+03 0.000000000000000000e+00 0.000000000000000000e+00 1.864327406553451804e-13
2.375000000000000000e+03 0.000000000000000000e+00 0.000000000000000000e+00 1.864797448165869550e-13
2.376000000000000000e+03 0.000000000000000000e+00 0.000000000000000000e+00 1.865269579825743214e-13
2.377000000000000000e+03 0.000000000000000000e+00 0.000000000000000000e+00 1.865744503411407409e-13
2.378000000000000000e+03 0.000000000000000000e+00 0.000000000000000000e+00 1.866222918436515882e-13
2.379000000000000000e+03 0.000000000000000000e+00 0.000000000000000000e+00 1.866704109134196093e-13
2.380000000000000000e+03 0.000000000000000000e+00 0.000000000000000000e+00 1.867188773871581699e-13
2.381000000000000000e+03 0.000000000000000000e+00 0.000000000000000000e+00 1.867676198113317549e-13
2.382000000000000000e+03 0.000000000000000000e+00 0.000000000000000000e+00 1.868167783766414424e-13
2.383000000000000000e+03 0.000000000000000000e+00 0.000000000000000000e+00 1.868662815750266867e-13
2.384000000000000000e+03 0.000000000000000000e+00 0.000000000000000000e+00 1.869161284876113496e-13
2.385000000000000000e+03 0.000000000000000000e+00 0.000000000000000000e+00 1.869663181978733297e-13
2.386000000000000000e+03 0.000000000000000000e+00 0.000000000000000000e+00 1.870169200239773012e-13
2.387000000000000000e+03 0.000000000000000000e+00 0.000000000000000000e+00 1.870679328776265113e-13
2.388000000000000000e+03 0.000000000000000000e+00 0.000000000000000000e+00 1.871193556733016286e-13
2.389000000000000000e+03 0.000000000000000000e+00 0.000000000000000000e+00 1.871711172721556681e-13
2.390000000000000000e+03 0.000000000000000000e+00 0.000000000000000000e+00 1.872233567649956394e-13
2.391000000000000000e+03 0.000000000000000000e+00 0.000000000000000000e+00 1.872760029598172477e-13
2.392000000000000000e+03 0.000000000000000000e+00 0.000000000000000000e+00 1.873291246626517954e-13
2.393000000000000000e+03 0.000000000000000000e+00 0.000000000000000000e+00 1.873826508044732277e-13
2.394000000000000000e+03 0.000000000000000000e+00 0.000000000000000000e+00 1.874366500803155992e-13
2.395000000000000000e+03 0.000000000000000000e+00 0.000000000000000000e+00 1.874911212494031444e-13
2.396000000000000000e+03 0.000000000000000000e+00 0.000000000000000000e+00 1.875459934266748220e-13
2.397000000000000000e+03 0.000000000000000000e+00 0.000000000000000000e+00 1.876014047306144230e-13
2.398000000000000000e+03 0.000000000000000000e+00 0.000000000000000000e+00 1.876572146929444203e-13
2.399000000000000000e+03 0.000000000000000000e+00 0.000000000000000000e+00 1.877135612060580907e-13
2.400000000000000000e+03 0.000000000000000000e+00 0.000000000000000000e+00 1.877703734555046635e-13
2.401000000000000000e+03 0.000000000000000000e+00 0.000000000000000000e+00 1.878277195770150040e-13
2.402000000000000000e+03 0.000000000000000000e+00 0.000000000000000000e+00 1.878855288785216164e-13
2.403000000000000000e+03 0.000000000000000000e+00 0.000000000000000000e+00 1.879438693867828778e-13
2.404000000000000000e+03 0.000000000000000000e+00 0.000000000000000000e+00 1.880026705317886987e-13
2.405000000000000000e+03 0.000000000000000000e+00 0.000000000000000000e+00 1.880620693588274643e-13
2.406000000000000000e+03 0.000000000000000000e+00 0.000000000000000000e+00 1.881219261774935565e-13
2.407000000000000000e+03 0.000000000000000000e+00 0.000000000000000000e+00 1.881823087975685668e-13
2.408000000000000000e+03 0.000000000000000000e+00 0.000000000000000000e+00 1.882432158475484171e-13
2.409000000000000000e+03 0.000000000000000000e+00 0.000000000000000000e+00 1.883046459593949937e-13
2.410000000000000000e+03 0.000000000000000000e+00 0.000000000000000000e+00 1.883665977685263527e-13
2.411000000000000000e+03 0.000000000000000000e+00 0.000000000000000000e+00 1.884290699138071533e-13
2.412000000000000000e+03 0.000000000000000000e+00 0.000000000000000000e+00 1.884921297642193914e-13
2.413000000000000000e+03 0.000000000000000000e+00 0.000000000000000000e+00 1.885557071249318920e-13
2.414000000000000000e+03 0.000000000000000000e+00 0.000000000000000000e+00 1.886198006453040418e-13
2.415000000000000000e+03 0.000000000000000000e+00 0.000000000000000000e+00 1.886844089781031573e-13
2.416000000000000000e+03 0.000000000000000000e+00 0.000000000000000000e+00 1.887495992788389103e-13
2.417000000000000000e+03 0.000000000000000000e+00 0.000000000000000000e+00 1.888153700370925278e-13
2.418000000000000000e+03 0.000000000000000000e+00 0.000000000000000000e+00 1.888815829740498568e-13
2.419000000000000000e+03 0.000000000000000000e+00 0.000000000000000000e+00 1.889483735851506163e-13
2.420000000000000000e+03 0.000000000000000000e+00 0.000000000000000000e+00 1.890157403709279471e-13
2.421000000000000000e+03 0.000000000000000000e+00 0.000000000000000000e+00 1.890836136189296010e-13
2.422000000000000000e+03 0.000000000000000000e+00 0.000000000000000000e+00 1.891519920061426154e-13
2.423000000000000000e+03 0.000000000000000000e+00 0.000000000000000000e+00 1.892209423170959266e-13
2.424000000000000000e+03 0.000000000000000000e+00 0.000000000000000000e+00 1.892904630669252355e-13
2.425000000000000000e+03 0.000000000000000000e+00 0.000000000000000000e+00 1.893604167906102970e-13
2.426000000000000000e+03 0.000000000000000000e+00 0.000000000000000000e+00 1.894310061546540623e-13
2.427000000000000000e+03 0.000000000000000000e+00 0.000000000000000000e+00 1.895020258771956895e-13
2.428000000000000000e+03 0.000000000000000000e+00 0.000000000000000000e+00 1.895736104714925330e-13
2.429000000000000000e+03 0.000000000000000000e+00 0.000000000000000000e+00 1.896456907023669752e-13
2.430000000000000000e+03 0.000000000000000000e+00 0.000000000000000000e+00 1.897183329863068533e-13
2.431000000000000000e+03 0.000000000000000000e+00 0.000000000000000000e+00 1.897914005499145003e-13
2.432000000000000000e+03 0.000000000000000000e+00 0.000000000000000000e+00 1.898650274731217596e-13
2.433000000000000000e+03 0.000000000000000000e+00 0.000000000000000000e+00 1.899391447573946438e-13
2.434000000000000000e+03 0.000000000000000000e+00 0.000000000000000000e+00 1.900137511199148372e-13
2.435000000000000000e+03 0.000000000000000000e+00 0.000000000000000000e+00 1.900888452810848988e-13
2.436000000000000000e+03 0.000000000000000000e+00 0.000000000000000000e+00 1.901644259645193517e-13
2.437000000000000000e+03 0.000000000000000000e+00 0.000000000000000000e+00 1.902404245729041155e-13
2.438000000000000000e+03 0.000000000000000000e+00 0.000000000000000000e+00 1.903169745397208023e-13
2.439000000000000000e+03 0.000000000000000000e+00 0.000000000000000000e+00 1.903938727911869409e-13
2.440000000000000000e+03 0.000000000000000000e+00 0.000000000000000000e+00 1.904713198702493800e-13
2.441000000000000000e+03 0.000000000000000000e+00 0.000000000000000000e+00 1.905491801436086337e-13
2.442000000000000000e+03 0.000000000000000000e+00 0.000000000000000000e+00 1.906274525185699929e-13
2.443000000000000000e+03 0.000000000000000000e+00 0.000000000000000000e+00 1.907061359051848930e-13
2.444000000000000000e+03 0.000000000000000000e+00 0.000000000000000000e+00 1.907852961553523108e-13
2.445000000000000000e+03 0.000000000000000000e+00 0.000000000000000000e+00 1.908647982516424268e-13
2.446000000000000000e+03 0.000000000000000000e+00 0.000000000000000000e+00 1.909447749359186674e-13
2.447000000000000000e+03 0.000000000000000000e+00 0.000000000000000000e+00 1.910250914151248126e-13
2.448000000000000000e+03 0.000000000000000000e+00 0.000000000000000000e+00 1.911057467767288824e-13
2.449000000000000000e+03 0.000000000000000000e+00 0.000000000000000000e+00 1.911868067766101838e-13
2.450000000000000000e+03 0.000000000000000000e+00 0.000000000000000000e+00 1.912682037319211811e-13
2.451000000000000000e+03 0.000000000000000000e+00 0.000000000000000000e+00 1.913499367372108107e-13
2.452000000000000000e+03 0.000000000000000000e+00 0.000000000000000000e+00 1.914320048893088901e-13
2.453000000000000000e+03 0.000000000000000000e+00 0.000000000000000000e+00 1.915143408384058735e-13
2.454000000000000000e+03 0.000000000000000000e+00 0.000000000000000000e+00 1.915970766378347676e-13
2.455000000000000000e+03 0.000000000000000000e+00 0.000000000000000000e+00 1.916800122066910942e-13
2.456000000000000000e+03 0.000000000000000000e+00 0.000000000000000000e+00 1.917632795482958455e-13
2.457000000000000000e+03 0.000000000000000000e+00 0.000000000000000000e+00 1.918467453048413341e-13
2.458000000000000000e+03 0.000000000000000000e+00 0.000000000000000000e+00 1.919305412673459133e-13
2.459000000000000000e+03 0.000000000000000000e+00 0.000000000000000000e+00 1.920145342974373015e-13
2.460000000000000000e+03 0.000000000000000000e+00 0.000000000000000000e+00 1.920987238316105205e-13
2.461000000000000000e+03 0.000000000000000000e+00 0.000000000000000000e+00 1.921831753254919967e-13
2.462000000000000000e+03 0.000000000000000000e+00 0.000000000000000000e+00 1.922677561294650475e-13
2.463000000000000000e+03 0.000000000000000000e+00 0.000000000000000000e+00 1.923525317556986198e-13
2.464000000000000000e+03 0.000000000000000000e+00 0.000000000000000000e+00 1.924374357893627717e-13
2.465000000000000000e+03 0.000000000000000000e+00 0.000000000000000000e+00 1.925225336380042335e-13
2.466000000000000000e+03 0.000000000000000000e+00 0.000000000000000000e+00 1.926077589962032743e-13
2.467000000000000000e+03 0.000000000000000000e+00 0.000000000000000000e+00 1.926930457730864494e-13
2.468000000000000000e+03 0.000000000000000000e+00 0.000000000000000000e+00 1.927784593792853012e-13
2.469000000000000000e+03 0.000000000000000000e+00 0.000000000000000000e+00 1.928639338321502501e-13
2.470000000000000000e+03 0.000000000000000000e+00 0.000000000000000000e+00 1.929494688999683873e-13
2.471000000000000000e+03 0.000000000000000000e+00 0.000000000000000000e+00 1.930350643516572112e-13
2.472000000000000000e+03 0.000000000000000000e+00 0.000000000000000000e+00 1.931206545251826557e-13
2.473000000000000000e+03 0.000000000000000000e+00 0.000000000000000000e+00 1.932063047280883997e-13
2.474000000000000000e+03 0.000000000000000000e+00 0.000000000000000000e+00 1.932918840792729140e-13
2.475000000000000000e+03 0.000000000000000000e+00 0.000000000000000000e+00 1.933774579396550142e-13
2.476000000000000000e+03 0.000000000000000000e+00 0.000000000000000000e+00 1.934629610184293371e-13
2.477000000000000000e+03 0.000000000000000000e+00 0.000000000000000000e+00 1.935483934033299886e-13
2.478000000000000000e+03 0.000000000000000000e+00 0.000000000000000000e+00 1.936337551819464038e-13
2.479000000000000000e+03 0.000000000000000000e+00 0.000000000000000000e+00 1.937189813790680435e-13
2.480000000000000000e+03 0.000000000000000000e+00 0.000000000000000000e+00 1.938041372495481813e-13
2.481000000000000000e+03 0.000000000000000000e+00 0.000000000000000000e+00 1.938890929647107305e-13
2.482000000000000000e+03 0.000000000000000000e+00 0.000000000000000000e+00 1.939739138308102073e-13
2.483000000000000000e+03 0.000000000000000000e+00 0.000000000000000000e+00 1.940585352376838923e-13
2.484000000000000000e+03 0.000000000000000000e+00 0.000000000000000000e+00 1.941428927834316520e-13
2.485000000000000000e+03 0.000000000000000000e+00 0.000000000000000000e+00 1.942271165205229749e-13
2.486000000000000000e+03 0.000000000000000000e+00 0.000000000000000000e+00 1.943110125993864633e-13
2.487000000000000000e+03 0.000000000000000000e+00 0.000000000000000000e+00 1.943947110181949533e-13
2.488000000000000000e+03 0.000000000000000000e+00 0.000000000000000000e+00 1.944780829863618631e-13
2.489000000000000000e+03 0.000000000000000000e+00 0.000000000000000000e+00 1.945611937504941560e-13
2.490000000000000000e+03 0.000000000000000000e+00 0.000000000000000000e+00 1.946439148807191570e-13
2.491000000000000000e+03 0.000000000000000000e+00 0.000000000000000000e+00 1.947263116722609104e-13
2.492000000000000000e+03 0.000000000000000000e+00 0.000000000000000000e+00 1.948083204400893982e-13
2.493000000000000000e+03 0.000000000000000000e+00 0.000000000000000000e+00 1.948900063722930991e-13
2.494000000000000000e+03 0.000000000000000000e+00 0.000000000000000000e+00 1.949711773185505003e-13
2.495000000000000000e+03 0.000000000000000000e+00 0.000000000000000000e+00 1.950520271311854549e-13
2.496000000000000000e+03 0.000000000000000000e+00 0.000000000000000000e+00 1.951323639649630658e-13
2.497000000000000000e+03 0.000000000000000000e+00 0.000000000000000000e+00 1.952121889742470732e-13
2.498000000000000000e+03 0.000000000000000000e+00 0.000000000000000000e+00 1.952915673875634962e-13
2.499000000000000000e+03 0.000000000000000000e+00 0.000000000000000000e+00 1.953704361744697555e-13
2.500000000000000000e+03 0.000000000000000000e+00 0.000000000000000000e+00 1.954487325069971842e-13
2.501000000000000000e+03 0.000000000000000000e+00 0.000000000000000000e+00 1.955264576823147779e-13
2.502000000000000000e+03 0.000000000000000000e+00 0.000000000000000000e+00 1.956036768667367379e-13
2.503000000000000000e+03 0.000000000000000000e+00 0.000000000000000000e+00 1.956802635559373053e-13
2.504000000000000000e+03 0.000000000000000000e+00 0.000000000000000000e+00 1.957562191910109641e-13
2.505000000000000000e+03 0.000000000000000000e+00 0.000000000000000000e+00 1.958314814903313659e-13
2.506000000000000000e+03 0.000000000000000000e+00 0.000000000000000000e+00 1.959061793777104716e-13
2.507000000000000000e+03 0.000000000000000000e+00 0.000000000000000000e+00 1.959801232784248828e-13
2.508000000000000000e+03 0.000000000000000000e+00 0.000000000000000000e+00 1.960533784913386629e-13
2.509000000000000000e+03 0.000000000000000000e+00 0.000000000000000000e+00 1.961259465922678099e-13
2.510000000000000000e+03 0.000000000000000000e+00 0.000000000000000000e+00 1.961977656875485006e-13
2.511000000000000000e+03 0.000000000000000000e+00 0.000000000000000000e+00 1.962687740819375932e-13
2.512000000000000000e+03 0.000000000000000000e+00 0.000000000000000000e+00 1.963390370075606852e-13
2.513000000000000000e+03 0.000000000000000000e+00 0.000000000000000000e+00 1.964084928617806446e-13
2.514000000000000000e+03 0.000000000000000000e+00 0.000000000000000000e+00 1.964771435033395315e-13
2.515000000000000000e+03 0.000000000000000000e+00 0.000000000000000000e+00 1.965449275728774954e-13
2.516000000000000000e+03 0.000000000000000000e+00 0.000000000000000000e+00 1.966119102345702810e-13
2.517000000000000000e+03 0.000000000000000000e+00 0.000000000000000000e+00 1.966779671072291886e-13
2.518000000000000000e+03 0.000000000000000000e+00 0.000000000000000000e+00 1.967431633958405270e-13
2.519000000000000000e+03 0.000000000000000000e+00 0.000000000000000000e+00 1.968073750606501465e-13
2.520000000000000000e+03 0.000000000000000000e+00 0.000000000000000000e+00 1.968707303098417995e-13
2.521000000000000000e+03 0.000000000000000000e+00 0.000000000000000000e+00 1.969331052938032698e-13
2.522000000000000000e+03 0.000000000000000000e+00 0.000000000000000000e+00 1.969945022839834246e-13
2.523000000000000000e+03 0.000000000000000000e+00 0.000000000000000000e+00 1.970549235464785902e-13
2.524000000000000000e+03 0.000000000000000000e+00 0.000000000000000000e+00 1.971143713420470412e-13
2.525000000000000000e+03 0.000000000000000000e+00 0.000000000000000000e+00 1.971727852120128979e-13
2.526000000000000000e+03 0.000000000000000000e+00 0.000000000000000000e+00 1.972301675554055707e-13
2.527000000000000000e+03 0.000000000000000000e+00 0.000000000000000000e+00 1.972864581507065415e-13
2.528000000000000000e+03 0.000000000000000000e+00 0.000000000000000000e+00 1.973417220995940813e-13
2.529000000000000000e+03 0.000000000000000000e+00 0.000000000000000000e+00 1.973959617840168307e-13
2.530000000000000000e+03 0.000000000000000000e+00 0.000000000000000000e+00 1.974490546472749513e-13
2.531000000000000000e+03 0.000000000000000000e+00 0.000000000000000000e+00 1.975010033561717781e-13
2.532000000000000000e+03 0.000000000000000000e+00 0.000000000000000000e+00 1.975518729391307717e-13
2.533000000000000000e+03 0.000000000000000000e+00 0.000000000000000000e+00 1.976016659027435747e-13
2.534000000000000000e+03 0.000000000000000000e+00 0.000000000000000000e+00 1.976502602086962696e-13
2.535000000000000000e+03 0.000000000000000000e+00 0.000000000000000000e+00 1.976976586464574873e-13
2.536000000000000000e+03 0.000000000000000000e+00 0.000000000000000000e+00 1.977439261702823902e-13
2.537000000000000000e+03 0.000000000000000000e+00 0.000000000000000000e+00 1.977890032872043812e-13
2.538000000000000000e+03 0.000000000000000000e+00 0.000000000000000000e+00 1.978328927672361558e-13
2.539000000000000000e+03 0.000000000000000000e+00 0.000000000000000000e+00 1.978755353493377379e-13
2.540000000000000000e+03 0.000000000000000000e+00 0.000000000000000000e+00 1.979169959127009812e-13
2.541000000000000000e+03 0.000000000000000000e+00 0.000000000000000000e+00 1.979572152807257830e-13
2.542000000000000000e+03 0.000000000000000000e+00 0.000000000000000000e+00 1.979961963434280508e-13
2.543000000000000000e+03 0.000000000000000000e+00 0.000000000000000000e+00 1.980339419840380496e-13
2.544000000000000000e+03 0.000000000000000000e+00 0.000000000000000000e+00 1.980704550790179459e-13
2.545000000000000000e+03 0.000000000000000000e+00 0.000000000000000000e+00 1.981056767655878141e-13
2.546000000000000000e+03 0.000000000000000000e+00 0.000000000000000000e+00 1.981396100521507578e-13
2.547000000000000000e+03 0.000000000000000000e+00 0.000000000000000000e+00 1.981723195756512103e-13
2.548000000000000000e+03 0.000000000000000000e+00 0.000000000000000000e+00 1.982036850108362885e-13
2.549000000000000000e+03 0.000000000000000000e+00 0.000000000000000000e+00 1.982337710290079057e-13
2.550000000000000000e+03 0.000000000000000000e+00 0.000000000000000000e+00 1.982625806104487860e-13
2.551000000000000000e+03 0.000000000000000000e+00 0.000000000000000000e+00 1.982901167284573441e-13
2.552000000000000000e+03 0.000000000000000000e+00 0.000000000000000000e+00 1.983163209550016391e-13
2.553000000000000000e+03 0.000000000000000000e+00 0.000000000000000000e+00 1.983411963936971556e-13
2.554000000000000000e+03 0.000000000000000000e+00 0.000000000000000000e+00 1.983647461408910032e-13
2.555000000000000000e+03 0.000000000000000000e+00 0.000000000000000000e+00 1.983869732856806219e-13
2.556000000000000000e+03 0.000000000000000000e+00 0.000000000000000000e+00 1.984079421123271934e-13
2.557000000000000000e+03 0.000000000000000000e+00 0.000000000000000000e+00 1.984275332428450386e-13
2.558000000000000000e+03 0.000000000000000000e+00 0.000000000000000000e+00 1.984458721017451476e-13
2.559000000000000000e+03 0.000000000000000000e+00 0.000000000000000000e+00 1.984628394880812622e-13
2.560000000000000000e+03 0.000000000000000000e+00 0.000000000000000000e+00 1.984784385982038211e-13
2.561000000000000000e+03 0.000000000000000000e+00 0.000000000000000000e+00 1.984927945483824615e-13
2.562000000000000000e+03 0.000000000000000000e+00 0.000000000000000000e+00 1.985057884023619811e-13
2.563000000000000000e+03 0.000000000000000000e+00 0.000000000000000000e+00 1.985174842030747285e-13
2.564000000000000000e+03 0.000000000000000000e+00 0.000000000000000000e+00 1.985278241539018161e-13
2.565000000000000000e+03 0.000000000000000000e+00 0.000000000000000000e+00 1.985368721882649119e-13
2.566000000000000000e+03 0.000000000000000000e+00 0.000000000000000000e+00 1.985446313164175725e-13
2.567000000000000000e+03 0.000000000000000000e+00 0.000000000000000000e+00 1.985510438624914579e-13
2.568000000000000000e+03 0.000000000000000000e+00 0.000000000000000000e+00 1.985561735962815711e-13
2.569000000000000000e+03 0.000000000000000000e+00 0.000000000000000000e+00 1.985599629221804766e-13
2.570000000000000000e+03 0.000000000000000000e+00 0.000000000000000000e+00 1.985625360387561298e-13
2.571000000000000000e+03 0.000000000000000000e+00 0.000000000000000000e+00 1.985637747988237804e-13
2.572000000000000000e+03 0.000000000000000000e+00 0.000000000000000000e+00 1.985637427550970621e-13
2.573000000000000000e+03 0.000000000000000000e+00 0.000000000000000000e+00 1.985623824722153457e-13
2.574000000000000000e+03 0.000000000000000000e+00 0.000000000000000000e+00 1.985598177442837921e-13
2.575000000000000000e+03 0.000000000000000000e+00 0.000000000000000000e+00 1.985559910751975134e-13
2.576000000000000000e+03 0.000000000000000000e+00 0.000000000000000000e+00 1.985509054054379824e-13
2.577000000000000000e+03 0.000000000000000000e+00 0.000000000000000000e+00 1.985445636686412526e-13
2.578000000000000000e+03 0.000000000000000000e+00 0.000000000000000000e+00 1.985370289540963265e-13
2.579000000000000000e+03 0.000000000000000000e+00 0.000000000000000000e+00 1.985283040418887318e-13
2.580000000000000000e+03 0.000000000000000000e+00 0.000000000000000000e+00 1.985183316363767177e-13
2.581000000000000000e+03 0.000000000000000000e+00 0.000000000000000000e+00 1.985071746670463883e-13
2.582000000000000000e+03 0.000000000000000000e+00 0.000000000000000000e+00 1.984947759182140001e-13
2.583000000000000000e+03 0.000000000000000000e+00 0.000000000000000000e+00 1.984813180728003565e-13
2.584000000000000000e+03 0.000000000000000000e+00 0.000000000000000000e+00 1.984666239497936744e-13
2.585000000000000000e+03 0.000000000000000000e+00 0.000000000000000000e+00 1.984508161039730609e-13
2.586000000000000000e+03 0.000000000000000000e+00 0.000000000000000000e+00 1.984338971315617714e-13
2.587000000000000000e+03 0.000000000000000000e+00 0.000000000000000000e+00 1.984158098780670813e-13
2.588000000000000000e+03 0.000000000000000000e+00 0.000000000000000000e+00 1.983966764631961625e-13
2.589000000000000000e+03 0.000000000000000000e+00 0.000000000000000000e+00 1.983764993266731214e-13
2.590000000000000000e+03 0.000000000000000000e+00 0.000000000000000000e+00 1.983551616897815472e-13
2.591000000000000000e+03 0.000000000000000000e+00 0.000000000000000000e+00 1.983328449380810181e-13
2.592000000000000000e+03 0.000000000000000000e+00 0.000000000000000000e+00 1.983094918417581685e-13
2.593000000000000000e+03 0.000000000000000000e+00 0.000000000000000000e+00 1.982851642863875516e-13
2.594000000000000000e+03 0.000000000000000000e+00 0.000000000000000000e+00 1.982598051231313260e-13
2.595000000000000000e+03 0.000000000000000000e+00 0.000000000000000000e+00 1.982334761349163282e-13
2.596000000000000000e+03 0.000000000000000000e+00 0.000000000000000000e+00 1.982061795849543039e-13
2.597000000000000000e+03 0.000000000000000000e+00 0.000000000000000000e+00 1.981779770167686324e-13
2.598000000000000000e+03 0.000000000000000000e+00 0.000000000000000000e+00 1.981488113062968040e-13
2.599000000000000000e+03 0.000000000000000000e+00 0.000000000000000000e+00 1.981188030899458069e-13
2.600000000000000000e+03 0.000000000000000000e+00 0.000000000000000000e+00 1.980878951882412190e-13
2.601000000000000000e+03 0.000000000000000000e+00 0.000000000000000000e+00 1.980562079091557044e-13
2.602000000000000000e+03 0.000000000000000000e+00 0.000000000000000000e+00 1.980236249606157427e-13
2.603000000000000000e+03 0.000000000000000000e+00 0.000000000000000000e+00 1.979902664596504305e-13
2.604000000000000000e+03 0.000000000000000000e+00 0.000000000000000000e+00 1.979561342213809751e-13
2.605000000000000000e+03 0.000000000000000000e+00 0.000000000000000000e+00 1.979212300567271992e-13
2.606000000000000000e+03 0.000000000000000000e+00 0.000000000000000000e+00 1.978855557724185971e-13
2.607000000000000000e+03 0.000000000000000000e+00 0.000000000000000000e+00 1.978492308343981823e-13
2.608000000000000000e+03 0.000000000000000000e+00 0.000000000000000000e+00 1.978121979838548449e-13
2.609000000000000000e+03 0.000000000000000000e+00 0.000000000000000000e+00 1.977744588801804453e-13
2.610000000000000000e+03 0.000000000000000000e+00 0.000000000000000000e+00 1.977361325720390026e-13
2.611000000000000000e+03 0.000000000000000000e+00 0.000000000000000000e+00 1.976972204414941481e-13
2.612000000000000000e+03 0.000000000000000000e+00 0.000000000000000000e+00 1.976576652606914913e-13
2.613000000000000000e+03 0.000000000000000000e+00 0.000000000000000000e+00 1.976175856635836789e-13
2.614000000000000000e+03 0.000000000000000000e+00 0.000000000000000000e+00 1.975769828881402016e-13
2.615000000000000000e+03 0.000000000000000000e+00 0.000000000000000000e+00 1.975357996971132413e-13
2.616000000000000000e+03 0.000000000000000000e+00 0.000000000000000000e+00 1.974942127398017577e-13
2.617000000000000000e+03 0.000000000000000000e+00 0.000000000000000000e+00 1.974521645946042945e-13
2.618000000000000000e+03 0.000000000000000000e+00 0.000000000000000000e+00 1.974096563544713538e-13
2.619000000000000000e+03 0.000000000000000000e+00 0.000000000000000000e+00 1.973667474037348788e-13
2.620000000000000000e+03 0.000000000000000000e+00 0.000000000000000000e+00 1.973234969462736312e-13
2.621000000000000000e+03 0.000000000000000000e+00 0.000000000000000000e+00 1.972798475960316971e-13
2.622000000000000000e+03 0.000000000000000000e+00 0.000000000000000000e+00 1.972359166244274856e-13
2.623000000000000000e+03 0.000000000000000000e+00 0.000000000000000000e+00 1.971917047134634601e-13
2.624000000000000000e+03 0.000000000000000000e+00 0.000000000000000000e+00 1.971472125435540122e-13
2.625000000000000000e+03 0.000000000000000000e+00 0.000000000000000000e+00 1.971024407935299048e-13
2.626000000000000000e+03 0.000000000000000000e+00 0.000000000000000000e+00 1.970575061078477645e-13
2.627000000000000000e+03 0.000000000000000000e+00 0.000000000000000000e+00 1.970124088974175880e-13
2.628000000000000000e+03 0.000000000000000000e+00 0.000000000000000000e+00 1.969671495721819383e-13
2.629000000000000000e+03 0.000000000000000000e+00 0.000000000000000000e+00 1.969217285411185699e-13
2.630000000000000000e+03 0.000000000000000000e+00 0.000000000000000000e+00 1.968762618270316005e-13
2.631000000000000000e+03 0.000000000000000000e+00 0.000000000000000000e+00 1.968307495734167978e-13
2.632000000000000000e+03 0.000000000000000000e+00 0.000000000000000000e+00 1.967851342038217334e-13
2.633000000000000000e+03 0.000000000000000000e+00 0.000000000000000000e+00 1.967395313440385407e-13
2.634000000000000000e+03 0.000000000000000000e+00 0.000000000000000000e+00 1.966939986370034570e-13
2.635000000000000000e+03 0.000000000000000000e+00 0.000000000000000000e+00 1.966484207859070383e-13
2.636000000000000000e+03 0.000000000000000000e+00 0.000000000000000000e+00 1.966030281111047859e-13
2.637000000000000000e+03 0.000000000000000000e+00 0.000000000000000000e+00 1.965576477278640579e-13
2.638000000000000000e+03 0.000000000000000000e+00 0.000000000000000000e+00 1.965124520194975877e-13
2.639000000000000000e+03 0.000000000000000000e+00 0.000000000000000000e+00 1.964674406053716076e-13
2.640000000000000000e+03 0.000000000000000000e+00 0.000000000000000000e+00 1.964225557353160671e-13
2.641000000000000000e+03 0.000000000000000000e+00 0.000000000000000000e+00 1.963779118145381596e-13
2.642000000000000000e+03 0.000000000000000000e+00 0.000000000000000000e+00 1.963335656181769928e-13
2.643000000000000000e+03 0.000000000000000000e+00 0.000000000000000000e+00 1.962894592687102504e-13
2.644000000000000000e+03 0.000000000000000000e+00 0.000000000000000000e+00 1.962456494570579723e-13
2.645000000000000000e+03 0.000000000000000000e+00 0.000000000000000000e+00 1.962021927023277321e-13
2.646000000000000000e+03 0.000000000000000000e+00 0.000000000000000000e+00 1.961590882417694408e-13
2.647000000000000000e+03 0.000000000000000000e+00 0.000000000000000000e+00 1.961163353143329102e-13
2.648000000000000000e+03 0.000000000000000000e+00 0.000000000000000000e+00 1.960740472092872228e-13
2.649000000000000000e+03 0.000000000000000000e+00 0.000000000000000000e+00 1.960321659294714175e-13
2.650000000000000000e+03 0.000000000000000000e+00 0.000000000000000000e+00 1.959907475285225227e-13
2.651000000000000000e+03 0.000000000000000000e+00 0.000000000000000000e+00 1.959498478902921069e-13
2.652000000000000000e+03 0.000000000000000000e+00 0.000000000000000000e+00 1.959094658768723463e-13
2.653000000000000000e+03 0.000000000000000000e+00 0.000000000000000000e+00 1.958696003529013045e-13
2.654000000000000000e+03 0.000000000000000000e+00 0.000000000000000000e+00 1.958303637191915637e-13
2.655000000000000000e+03 0.000000000000000000e+00 0.000000000000000000e+00 1.957916978649059686e-13
2.656000000000000000e+03 0.000000000000000000e+00 0.000000000000000000e+00 1.957536582158517400e-13
2.657000000000000000e+03 0.000000000000000000e+00 0.000000000000000000e+00 1.957163000300468489e-13
2.658000000000000000e+03 0.000000000000000000e+00 0.000000000000000000e+00 1.956795652059490414e-13
2.659000000000000000e+03 0.000000000000000000e+00 0.000000000000000000e+00 1.956435654763083030e-13
2.660000000000000000e+03 0.000000000000000000e+00 0.000000000000000000e+00 1.956082992147787497e-13
2.661000000000000000e+03 0.000000000000000000e+00 0.000000000000000000e+00 1.955738212672628245e-13
2.662000000000000000e+03 0.000000000000000000e+00 0.000000000000000000e+00 1.955400734612646656e-13
2.663000000000000000e+03 0.000000000000000000e+00 0.000000000000000000e+00 1.955071105653155918e-13
2.664000000000000000e+03 0.000000000000000000e+00 0.000000000000000000e+00 1.954749871823042569e-13
2.665000000000000000e+03 0.000000000000000000e+00 0.000000000000000000e+00 1.954437014506910098e-13
2.666000000000000000e+03 0.000000000000000000e+00 0.000000000000000000e+00 1.954133077701371227e-13
2.667000000000000000e+03 0.000000000000000000e+00 0.000000000000000000e+00 1.953838041609116639e-13
2.668000000000000000e+03 0.000000000000000000e+00 0.000000000000000000e+00 1.953551886477143483e-13
2.669000000000000000e+03 0.000000000000000000e+00 0.000000000000000000e+00 1.953275715209865631e-13
2.670000000000000000e+03 0.000000000000000000e+00 0.000000000000000000e+00 1.953008383848156886e-13
2.671000000000000000e+03 0.000000000000000000e+00 0.000000000000000000e+00 1.952750993707082385e-13
2.672000000000000000e+03 0.000000000000000000e+00 0.000000000000000000e+00 1.952504082743603736e-13
2.673000000000000000e+03 0.000000000000000000e+00 0.000000000000000000e+00 1.952267068032047865e-13
2.674000000000000000e+03 0.000000000000000000e+00 0.000000000000000000e+00 1.952040486792162768e-13
2.675000000000000000e+03 0.000000000000000000e+00 0.000000000000000000e+00 1.951824315829177271e-13
2.676000000000000000e+03 0.000000000000000000e+00 0.000000000000000000e+00 1.951619090374574400e-13
2.677000000000000000e+03 0.000000000000000000e+00 0.000000000000000000e+00 1.951425344043511676e-13
2.678000000000000000e+03 0.000000000000000000e+00 0.000000000000000000e+00 1.951241936216767444e-13
2.679000000000000000e+03 0.000000000000000000e+00 0.000000000000000000e+00 1.951070515284718758e-13
2.680000000000000000e+03 0.000000000000000000e+00 0.000000000000000000e+00 1.950909941155839402e-13
2.681000000000000000e+03 0.000000000000000000e+00 0.000000000000000000e+00 1.950761858589499590e-13
2.682000000000000000e+03 0.000000000000000000e+00 0.000000000000000000e+00 1.950625128025964059e-13
2.683000000000000000e+03 0.000000000000000000e+00 0.000000000000000000e+00 1.950500279676697355e-13
2.684000000000000000e+03 0.000000000000000000e+00 0.000000000000000000e+00 1.950387842154487546e-13
2.685000000000000000e+03 0.000000000000000000e+00 0.000000000000000000e+00 1.950287787839837086e-13
2.686000000000000000e+03 0.000000000000000000e+00 0.000000000000000000e+00 1.950200089174844709e-13
2.687000000000000000e+03 0.000000000000000000e+00 0.000000000000000000e+00 1.950125272475942311e-13
2.688000000000000000e+03 0.000000000000000000e+00 0.000000000000000000e+00 1.950063309072234240e-13
2.689000000000000000e+03 0.000000000000000000e+00 0.000000000000000000e+00 1.950014170356719804e-13
2.690000000000000000e+03 0.000000000000000000e+00 0.000000000000000000e+00 1.949977827786135491e-13
2.691000000000000000e+03 0.000000000000000000e+00 0.000000000000000000e+00 1.949954805048803528e-13
2.692000000000000000e+03 0.000000000000000000e+00 0.000000000000000000e+00 1.949945624256161151e-13
2.693000000000000000e+03 0.000000000000000000e+00 0.000000000000000000e+00 1.949949151902248232e-13
2.694000000000000000e+03 0.000000000000000000e+00 0.000000000000000000e+00 1.949966461579570018e-13
2.695000000000000000e+03 0.000000000000000000e+00 0.000000000000000000e+00 1.949997522613037467e-13
2.696000000000000000e+03 0.000000000000000000e+00 0.000000000000000000e+00 1.950042304395806204e-13
2.697000000000000000e+03 0.000000000000000000e+00 0.000000000000000000e+00 1.950100776389107651e-13
2.698000000000000000e+03 0.000000000000000000e+00 0.000000000000000000e+00 1.950173457429116666e-13
2.699000000000000000e+03 0.000000000000000000e+00 0.000000000000000000e+00 1.950259766991890242e-13
2.700000000000000000e+03 0.000000000000000000e+00 0.000000000000000000e+00 1.950360771730634741e-13
2.701000000000000000e+03 0.000000000000000000e+00 0.000000000000000000e+00 1.950475342767201514e-13
2.702000000000000000e+03 0.000000000000000000e+00 0.000000000000000000e+00 1.950603997586912685e-13
2.703000000000000000e+03 0.000000000000000000e+00 0.000000000000000000e+00 1.950747252121792963e-13
2.704000000000000000e+03 0.000000000000000000e+00 0.000000000000000000e+00 1.950904527010029789e-13
2.705000000000000000e+03 0.000000000000000000e+00 0.000000000000000000e+00 1.951076883983425473e-13
2.706000000000000000e+03 0.000000000000000000e+00 0.000000000000000000e+00 1.951262651290582573e-13
2.707000000000000000e+03 0.000000000000000000e+00 0.000000000000000000e+00 1.951463436061330171e-13
2.708000000000000000e+03 0.000000000000000000e+00 0.000000000000000000e+00 1.951678659624109757e-13
2.709000000000000000e+03 0.000000000000000000e+00 0.000000000000000000e+00 1.951908289847017987e-13
2.710000000000000000e+03 0.000000000000000000e+00 0.000000000000000000e+00 1.952152294669387298e-13
2.711000000000000000e+03 0.000000000000000000e+00 0.000000000000000000e+00 1.952411186154082366e-13
2.712000000000000000e+03 0.000000000000000000e+00 0.000000000000000000e+00 1.952684387527766919e-13
2.713000000000000000e+03 0.000000000000000000e+00 0.000000000000000000e+00 1.952971866943760686e-13
2.714000000000000000e+03 0.000000000000000000e+00 0.000000000000000000e+00 1.953274135476507591e-13
2.715000000000000000e+03 0.000000000000000000e+00 0.000000000000000000e+00 1.953591160220994349e-13
2.716000000000000000e+03 0.000000000000000000e+00 0.000000000000000000e+00 1.953922366293500139e-13
2.717000000000000000e+03 0.000000000000000000e+00 0.000000000000000000e+00 1.954268263783774586e-13
2.718000000000000000e+03 0.000000000000000000e+00 0.000000000000000000e+00 1.954628278749193790e-13
2.719000000000000000e+03 0.000000000000000000e+00 0.000000000000000000e+00 1.955002920623931652e-13
2.720000000000000000e+03 0.000000000000000000e+00 0.000000000000000000e+00 1.955391616404003739e-13
2.721000000000000000e+03 0.000000000000000000e+00 0.000000000000000000e+00 1.955794874869068958e-13
2.722000000000000000e+03 0.000000000000000000e+00 0.000000000000000000e+00 1.956212123951329679e-13
2.723000000000000000e+03 0.000000000000000000e+00 0.000000000000000000e+00 1.956643871776993329e-13
2.724000000000000000e+03 0.000000000000000000e+00 0.000000000000000000e+00 1.957090086084953268e-13
2.725000000000000000e+03 0.000000000000000000e+00 0.000000000000000000e+00 1.957549657730182381e-13
2.726000000000000000e+03 0.000000000000000000e+00 0.000000000000000000e+00 1.958023633128781068e-13
2.727000000000000000e+03 0.000000000000000000e+00 0.000000000000000000e+00 1.958511442542103530e-13
2.728000000000000000e+03 0.000000000000000000e+00 0.000000000000000000e+00 1.959013592466706631e-13
2.729000000000000000e+03 0.000000000000000000e+00 0.000000000000000000e+00 1.959528977191124900e-13
2.730000000000000000e+03 0.000000000000000000e+00 0.000000000000000000e+00 1.960057567234425728e-13
2.731000000000000000e+03 0.000000000000000000e+00 0.000000000000000000e+00 1.960600405409824744e-13
2.732000000000000000e+03 0.000000000000000000e+00 0.000000000000000000e+00 1.961156388567902268e-13
2.733000000000000000e+03 0.000000000000000000e+00 0.000000000000000000e+00 1.961725487424956566e-13
2.734000000000000000e+03 0.000000000000000000e+00 0.000000000000000000e+00 1.962308207700712398e-13
2.735000000000000000e+03 0.000000000000000000e+00 0.000000000000000000e+00 1.962903449971668881e-13
2.736000000000000000e+03 0.000000000000000000e+00 0.000000000000000000e+00 1.963511720477664820e-13
2.737000000000000000e+03 0.000000000000000000e+00 0.000000000000000000e+00 1.964132990192297391e-13
2.738000000000000000e+03 0.000000000000000000e+00 0.000000000000000000e+00 1.964766696775814339e-13
2.739000000000000000e+03 0.000000000000000000e+00 0.000000000000000000e+00 1.965412812497501607e-13
2.740000000000000000e+03 0.000000000000000000e+00 0.000000000000000000e+00 1.966071309687710542e-13
2.741000000000000000e+03 0.000000000000000000e+00 0.000000000000000000e+00 1.966741628527125988e-13
2.742000000000000000e+03 0.000000000000000000e+00 0.000000000000000000e+00 1.967424274454463032e-13
2.743000000000000000e+03 0.000000000000000000e+00 0.000000000000000000e+00 1.968118688546196065e-13
2.744000000000000000e+03 0.000000000000000000e+00 0.000000000000000000e+00 1.968824313488080521e-13
2.745000000000000000e+03 0.000000000000000000e+00 0.000000000000000000e+00 1.969541124231702338e-13
2.746000000000000000e+03 0.000000000000000000e+00 0.000000000000000000e+00 1.970269626058328551e-13
2.747000000000000000e+03 0.000000000000000000e+00 0.000000000000000000e+00 1.971008733094565787e-13
2.748000000000000000e+03 0.000000000000000000e+00 0.000000000000000000e+00 1.971758951117860706e-13
2.749000000000000000e+03 0.000000000000000000e+00 0.000000000000000000e+00 1.972519197063394980e-13
2.750000000000000000e+03 0.000000000000000000e+00 0.000000000000000000e+00 1.973289977198373944e-13
2.751000000000000000e+03 0.000000000000000000e+00 0.000000000000000000e+00 1.974070739604203096e-13
2.752000000000000000e+03 0.000000000000000000e+00 0.000000000000000000e+00 1.974861461914697686e-13
2.753000000000000000e+03 0.000000000000000000e+00 0.000000000000000000e+00 1.975662121812845130e-13
2.754000000000000000e+03 0.000000000000000000e+00 0.000000000000000000e+00 1.976471642632989011e-13
2.755000000000000000e+03 0.000000000000000000e+00 0.000000000000000000e+00 1.977290531267862489e-13
2.756000000000000000e+03 0.000000000000000000e+00 0.000000000000000000e+00 1.978118240257152671e-13
2.757000000000000000e+03 0.000000000000000000e+00 0.000000000000000000e+00 1.978954749766103705e-13
2.758000000000000000e+03 0.000000000000000000e+00 0.000000000000000000e+00 1.979798988661539119e-13
2.759000000000000000e+03 0.000000000000000000e+00 0.000000000000000000e+00 1.980651464771419870e-13
2.760000000000000000e+03 0.000000000000000000e+00 0.000000000000000000e+00 1.981512159530520749e-13
2.761000000000000000e+03 0.000000000000000000e+00 0.000000000000000000e+00 1.982380005355445955e-13
2.762000000000000000e+03 0.000000000000000000e+00 0.000000000000000000e+00 1.983254986040580221e-13
2.763000000000000000e+03 0.000000000000000000e+00 0.000000000000000000e+00 1.984136561645435690e-13
2.764000000000000000e+03 0.000000000000000000e+00 0.000000000000000000e+00 1.985025240563902133e-13
2.765000000000000000e+03 0.000000000000000000e+00 0.000000000000000000e+00 1.985919960669404484e-13
2.766000000000000000e+03 0.000000000000000000e+00 0.000000000000000000e+00 1.986820708165469554e-13
2.767000000000000000e+03 0.000000000000000000e+00 0.000000000000000000e+00 1.987726947028458621e-13
2.768000000000000000e+03 0.000000000000000000e+00 0.000000000000000000e+00 1.988638664654295961e-13
2.769000000000000000e+03 0.000000000000000000e+00 0.000000000000000000e+00 1.989555326963167562e-13
2.770000000000000000e+03 0.000000000000000000e+00 0.000000000000000000e+00 1.990476401408606600e-13
2.771000000000000000e+03 0.000000000000000000e+00 0.000000000000000000e+00 1.991401877724504734e-13
2.772000000000000000e+03 0.000000000000000000e+00 0.000000000000000000e+00 1.992331745667483168e-13
2.773000000000000000e+03 0.000000000000000000e+00 0.000000000000000000e+00 1.993264955016066361e-13
2.774000000000000000e+03 0.000000000000000000e+00 0.000000000000000000e+00 1.994201497820820174e-13
2.775000000000000000e+03 0.000000000000000000e+00 0.000000000000000000e+00 1.995140846898771600e-13
2.776000000000000000e+03 0.000000000000000000e+00 0.000000000000000000e+00 1.996082995457748225e-13
2.777000000000000000e+03 0.000000000000000000e+00 0.000000000000000000e+00 1.997026899713344912e-13
2.778000000000000000e+03 0.000000000000000000e+00 0.000000000000000000e+00 1.997973073273245452e-13
2.779000000000000000e+03 0.000000000000000000e+00 0.000000000000000000e+00 1.998920474991003906e-13
2.780000000000000000e+03 0.000000000000000000e+00 0.000000000000000000e+00 1.999868584097123789e-13
2.781000000000000000e+03 0.000000000000000000e+00 0.000000000000000000e+00 2.000817915344727802e-13
2.782000000000000000e+03 0.000000000000000000e+00 0.000000000000000000e+00 2.001767432080313280e-13
2.783000000000000000e+03 0.000000000000000000e+00 0.000000000000000000e+00 2.002716616898162621e-13
2.784000000000000000e+03 0.000000000000000000e+00 0.000000000000000000e+00 2.003665469778575760e-13
2.785000000000000000e+03 0.000000000000000000e+00 0.000000000000000000e+00 2.004613475172734400e-13
2.786000000000000000e+03 0.000000000000000000e+00 0.000000000000000000e+00 2.005560119012201670e-13
2.787000000000000000e+03 0.000000000000000000e+00 0.000000000000000000e+00 2.006504888704937173e-13
2.788000000000000000e+03 0.000000000000000000e+00 0.000000000000000000e+00 2.007447787552348788e-13
2.789000000000000000e+03 0.000000000000000000e+00 0.000000000000000000e+00 2.008388304797007392e-13
2.790000000000000000e+03 0.000000000000000000e+00 0.000000000000000000e+00 2.009325931148378919e-13
2.791000000000000000e+03 0.000000000000000000e+00 0.000000000000000000e+00 2.010260158778883083e-13
2.792000000000000000e+03 0.000000000000000000e+00 0.000000000000000000e+00 2.011190481319959680e-13
2.793000000000000000e+03 0.000000000000000000e+00 0.000000000000000000e+00 2.012116906439326612e-13
2.794000000000000000e+03 0.000000000000000000e+00 0.000000000000000000e+00 2.013038417359970458e-13
2.795000000000000000e+03 0.000000000000000000e+00 0.000000000000000000e+00 2.013955023916097583e-13
2.796000000000000000e+03 0.000000000000000000e+00 0.000000000000000000e+00 2.014866224439326205e-13
2.797000000000000000e+03 0.000000000000000000e+00 0.000000000000000000e+00 2.015771518703154759e-13
2.798000000000000000e+03 0.000000000000000000e+00 0.000000000000000000e+00 2.016670918670279715e-13
2.799000000000000000e+03 0.000000000000000000e+00 0.000000000000000000e+00 2.017562905119175288e-13
2.800000000000000000e+03 0.000000000000000000e+00 0.000000000000000000e+00 2.018448003264140529e-13
2.801000000000000000e+03 0.000000000000000000e+00 0.000000000000000000e+00 2.019325717515488968e-13
2.802000000000000000e+03 0.000000000000000000e+00 0.000000000000000000e+00 2.020195044414277258e-13
2.803000000000000000e+03 0.000000000000000000e+00 0.000000000000000000e+00 2.021056001237720172e-13
2.804000000000000000e+03 0.000000000000000000e+00 0.000000000000000000e+00 2.021907588090352185e-13
2.805000000000000000e+03 0.000000000000000000e+00 0.000000000000000000e+00 2.022750332557049350e-13
2.806000000000000000e+03 0.000000000000000000e+00 0.000000000000000000e+00 2.023583237202787652e-13
2.807000000000000000e+03 0.000000000000000000e+00 0.000000000000000000e+00 2.024405814929505806e-13
2.808000000000000000e+03 0.000000000000000000e+00 0.000000000000000000e+00 2.025218087161839523e-13
2.809000000000000000e+03 0.000000000000000000e+00 0.000000000000000000e+00 2.026019061760051801e-13
2.810000000000000000e+03 0.000000000000000000e+00 0.000000000000000000e+00 2.026808255822638860e-13
2.811000000000000000e+03 0.000000000000000000e+00 0.000000000000000000e+00 2.027585693877891882e-13
2.812000000000000000e+03 0.000000000000000000e+00 0.000000000000000000e+00 2.028350894723188842e-13
2.813000000000000000e+03 0.000000000000000000e+00 0.000000000000000000e+00 2.029103378541753816e-13
2.814000000000000000e+03 0.000000000000000000e+00 0.000000000000000000e+00 2.029842161938341889e-13
2.815000000000000000e+03 0.000000000000000000e+00 0.000000000000000000e+00 2.030567778136605600e-13
2.816000000000000000e+03 0.000000000000000000e+00 0.000000000000000000e+00 2.031278741891761206e-13
2.817000000000000000e+03 0.000000000000000000e+00 0.000000000000000000e+00 2.031975587738744215e-13
2.818000000000000000e+03 0.000000000000000000e+00 0.000000000000000000e+00 2.032657841660978851e-13
2.819000000000000000e+03 0.000000000000000000e+00 0.000000000000000000e+00 2.033324527836690552e-13
2.820000000000000000e+03 0.000000000000000000e+00 0.000000000000000000e+00 2.033975176047928556e-13
2.821000000000000000e+03 0.000000000000000000e+00 0.000000000000000000e+00 2.034609819891363739e-13
2.822000000000000000e+03 0.000000000000000000e+00 0.000000000000000000e+00 2.035227990790441983e-13
2.823000000000000000e+03 0.000000000000000000e+00 0.000000000000000000e+00 2.035828719773531689e-13
2.824000000000000000e+03 0.000000000000000000e+00 0.000000000000000000e+00 2.036412544811852780e-13
2.825000000000000000e+03 0.000000000000000000e+00 0.000000000000000000e+00 2.036978499270365522e-13
2.826000000000000000e+03 0.000000000000000000e+00 0.000000000000000000e+00 2.037526119956911276e-13
2.827000000000000000e+03 0.000000000000000000e+00 0.000000000000000000e+00 2.038055445344423192e-13
2.828000000000000000e+03 0.000000000000000000e+00 0.000000000000000000e+00 2.038565513876035347e-13
2.829000000000000000e+03 0.000000000000000000e+00 0.000000000000000000e+00 2.039056365982310793e-13
2.830000000000000000e+03 0.000000000000000000e+00 0.000000000000000000e+00 2.039527043472508374e-13
2.831000000000000000e+03 0.000000000000000000e+00 0.000000000000000000e+00 2.039978087637475928e-13
2.832000000000000000e+03 0.000000000000000000e+00 0.000000000000000000e+00 2.040408542580283668e-13
2.833000000000000000e+03 0.000000000000000000e+00 0.000000000000000000e+00 2.040817953343010116e-13
2.834000000000000000e+03 0.000000000000000000e+00 0.000000000000000000e+00 2.041206364142144321e-13
2.835000000000000000e+03 0.000000000000000000e+00 0.000000000000000000e+00 2.041572824083402364e-13
2.836000000000000000e+03 0.000000000000000000e+00 0.000000000000000000e+00 2.041917379301224627e-13
2.837000000000000000e+03 0.000000000000000000e+00 0.000000000000000000e+00 2.042240075832717919e-13
2.838000000000000000e+03 0.000000000000000000e+00 0.000000000000000000e+00 2.042539470244935031e-13
2.839000000000000000e+03 0.000000000000000000e+00 0.000000000000000000e+00 2.042816603743631367e-13
2.840000000000000000e+03 0.000000000000000000e+00 0.000000000000000000e+00 2.043070035843360109e-13
2.841000000000000000e+03 0.000000000000000000e+00 0.000000000000000000e+00 2.043299816376319236e-13
2.842000000000000000e+03 0.000000000000000000e+00 0.000000000000000000e+00 2.043505995069683468e-13
2.843000000000000000e+03 0.000000000000000000e+00 0.000000000000000000e+00 2.043687632119356670e-13
2.844000000000000000e+03 0.000000000000000000e+00 0.000000000000000000e+00 2.043845273495336977e-13
2.845000000000000000e+03 0.000000000000000000e+00 0.000000000000000000e+00 2.043977487597059128e-13
2.846000000000000000e+03 0.000000000000000000e+00 0.000000000000000000e+00 2.044085315237328860e-13
2.847000000000000000e+03 0.000000000000000000e+00 0.000000000000000000e+00 2.044167327721275716e-13
2.848000000000000000e+03 0.000000000000000000e+00 0.000000000000000000e+00 2.044224072313960048e-13
2.849000000000000000e+03 0.000000000000000000e+00 0.000000000000000000e+00 2.044254616886195512e-13
2.850000000000000000e+03 0.000000000000000000e+00 0.000000000000000000e+00 2.044259508821158540e-13
2.851000000000000000e+03 0.000000000000000000e+00 0.000000000000000000e+00 2.044237818181460180e-13
2.852000000000000000e+03 0.000000000000000000e+00 0.000000000000000000e+00 2.044189600867962695e-13
2.853000000000000000e+03 0.000000000000000000e+00 0.000000000000000000e+00 2.044114421412098783e-13
2.854000000000000000e+03 0.000000000000000000e+00 0.000000000000000000e+00 2.044012336512370308e-13
2.855000000000000000e+03 0.000000000000000000e+00 0.000000000000000000e+00 2.043882912184138110e-13
2.856000000000000000e+03 0.000000000000000000e+00 0.000000000000000000e+00 2.043726205918139013e-13
2.857000000000000000e+03 0.000000000000000000e+00 0.000000000000000000e+00 2.043541785206824784e-13
2.858000000000000000e+03 0.000000000000000000e+00 0.000000000000000000e+00 2.043329708327795375e-13
2.859000000000000000e+03 0.000000000000000000e+00 0.000000000000000000e+00 2.043089055051279625e-13
2.860000000000000000e+03 0.000000000000000000e+00 0.000000000000000000e+00 2.042820863163400686e-13
2.861000000000000000e+03 0.000000000000000000e+00 0.000000000000000000e+00 2.042524213555585428e-13
2.862000000000000000e+03 0.000000000000000000e+00 0.000000000000000000e+00 2.042198677895499452e-13
2.863000000000000000e+03 0.000000000000000000e+00 0.000000000000000000e+00 2.041844804742456780e-13
2.864000000000000000e+03 0.000000000000000000e+00 0.000000000000000000e+00 2.041462166193805069e-13
2.865000000000000000e+03 0.000000000000000000e+00 0.000000000000000000e+00 2.041050335582730307e-13
2.866000000000000000e+03 0.000000000000000000e+00 0.000000000000000000e+00 2.040609861087413103e-13
2.867000000000000000e+03 0.000000000000000000e+00 0.000000000000000000e+00 2.040140316466071894e-13
2.868000000000000000e+03 0.000000000000000000e+00 0.000000000000000000e+00 2.039641276707243946e-13
2.869000000000000000e+03 0.000000000000000000e+00 0.000000000000000000e+00 2.039112803815385805e-13
2.870000000000000000e+03 0.000000000000000000e+00 0.000000000000000000e+00 2.038554959665136041e-13
2.871000000000000000e+03 0.000000000000000000e+00 0.000000000000000000e+00 2.037967806001616398e-13
2.872000000000000000e+03 0.000000000000000000e+00 0.000000000000000000e+00 2.037351404440729921e-13
2.873000000000000000e+03 0.000000000000000000e+00 0.000000000000000000e+00 2.036704847594804871e-13
2.874000000000000000e+03 0.000000000000000000e+00 0.000000000000000000e+00 2.036029167044870094e-13
2.875000000000000000e+03 0.000000000000000000e+00 0.000000000000000000e+00 2.035323456491503752e-13
2.876000000000000000e+03 0.000000000000000000e+00 0.000000000000000000e+00 2.034588262479798723e-13
2.877000000000000000e+03 0.000000000000000000e+00 0.000000000000000000e+00 2.033823163896257972e-13
2.878000000000000000e+03 0.000000000000000000e+00 0.000000000000000000e+00 2.033028223596091593e-13
2.879000000000000000e+03 0.000000000000000000e+00 0.000000000000000000e+00 2.032203986723784945e-13
2.880000000000000000e+03 0.000000000000000000e+00 0.000000000000000000e+00 2.031349550696131622e-13
2.881000000000000000e+03 0.000000000000000000e+00 0.000000000000000000e+00 2.030465942482285492e-13
2.882000000000000000e+03 0.000000000000000000e+00 0.000000000000000000e+00 2.029552260577512465e-13
2.883000000000000000e+03 0.000000000000000000e+00 0.000000000000000000e+00 2.028609530352253579e-13
2.884000000000000000e+03 0.000000000000000000e+00 0.000000000000000000e+00 2.027636851378669592e-13
2.885000000000000000e+03 0.000000000000000000e+00 0.000000000000000000e+00 2.026634286599624778e-13
2.886000000000000000e+03 0.000000000000000000e+00 0.000000000000000000e+00 2.025602858993922483e-13
2.887000000000000000e+03 0.000000000000000000e+00 0.000000000000000000e+00 2.024541669745069932e-13
2.888000000000000000e+03 0.000000000000000000e+00 0.000000000000000000e+00 2.023451260824082953e-13
2.889000000000000000e+03 0.000000000000000000e+00 0.000000000000000000e+00 2.022331693657244140e-13
2.890000000000000000e+03 0.000000000000000000e+00 0.000000000000000000e+00 2.021182550787014526e-13
2.891000000000000000e+03 0.000000000000000000e+00 0.000000000000000000e+00 2.020004851226657047e-13
2.892000000000000000e+03 0.000000000000000000e+00 0.000000000000000000e+00 2.018798176932061516e-13
2.893000000000000000e+03 0.000000000000000000e+00 0.000000000000000000e+00 2.017562588819233390e-13
2.894000000000000000e+03 0.000000000000000000e+00 0.000000000000000000e+00 2.016298625110854183e-13
2.895000000000000000e+03 0.000000000000000000e+00 0.000000000000000000e+00 2.015005868376606816e-13
2.896000000000000000e+03 0.000000000000000000e+00 0.000000000000000000e+00 2.013684379153896775e-13
2.897000000000000000e+03 0.000000000000000000e+00 0.000000000000000000e+00 2.012335170744920050e-13
2.898000000000000000e+03 0.000000000000000000e+00 0.000000000000000000e+00 2.010957349229916893e-13
2.899000000000000000e+03 0.000000000000000000e+00 0.000000000000000000e+00 2.009551926347967655e-13
2.900000000000000000e+03 0.000000000000000000e+00 0.000000000000000000e+00 2.008118960168312539e-13
2.901000000000000000e+03 0.000000000000000000e+00 0.000000000000000000e+00 2.006658033506827984e-13
2.902000000000000000e+03 0.000000000000000000e+00 0.000000000000000000e+00 2.005169679978861844e-13
2.903000000000000000e+03 0.000000000000000000e+00 0.000000000000000000e+00 2.003653957291260712e-13
2.904000000000000000e+03 0.000000000000000000e+00 0.000000000000000000e+00 2.002111871334215032e-13
2.905000000000000000e+03 0.000000000000000000e+00 0.000000000000000000e+00 2.000542529966488444e-13
2.906000000000000000e+03 0.000000000000000000e+00 0.000000000000000000e+00 1.998946464037372479e-13
2.907000000000000000e+03 0.000000000000000000e+00 0.000000000000000000e+00 1.997324202974464204e-13
2.908000000000000000e+03 0.000000000000000000e+00 0.000000000000000000e+00 1.995675329090622711e-13
2.909000000000000000e+03 0.000000000000000000e+00 0.000000000000000000e+00 1.994000843454192931e-13
2.910000000000000000e+03 0.000000000000000000e+00 0.000000000000000000e+00 1.992300800022665536e-13
2.911000000000000000e+03 0.000000000000000000e+00 0.000000000000000000e+00 1.990575252641553092e-13
2.912000000000000000e+03 0.000000000000000000e+00 0.000000000000000000e+00 1.988824255044646017e-13
2.913000000000000000e+03 0.000000000000000000e+00 0.000000000000000000e+00 1.987048332081047970e-13
2.914000000000000000e+03 0.000000000000000000e+00 0.000000000000000000e+00 1.985247536291941126e-13
2.915000000000000000e+03 0.000000000000000000e+00 0.000000000000000000e+00 1.983422861270520400e-13
2.916000000000000000e+03 0.000000000000000000e+00 0.000000000000000000e+00 1.981573416888745941e-13
2.917000000000000000e+03 0.000000000000000000e+00 0.000000000000000000e+00 1.979700195234713011e-13
2.918000000000000000e+03 0.000000000000000000e+00 0.000000000000000000e+00 1.977803246485353574e-13
2.919000000000000000e+03 0.000000000000000000e+00 0.000000000000000000e+00 1.975882620713605257e-13
2.920000000000000000e+03 0.000000000000000000e+00 0.000000000000000000e+00 1.973939305829773136e-13
2.921000000000000000e+03 0.000000000000000000e+00 0.000000000000000000e+00 1.971972881123990388e-13
2.922000000000000000e+03 0.000000000000000000e+00 0.000000000000000000e+00 1.969984332056434585e-13
2.923000000000000000e+03 0.000000000000000000e+00 0.000000000000000000e+00 1.967973237397816280e-13
2.924000000000000000e+03 0.000000000000000000e+00 0.000000000000000000e+00 1.965940112479099923e-13
2.925000000000000000e+03 0.000000000000000000e+00 0.000000000000000000e+00 1.963885003885003913e-13
2.926000000000000000e+03 0.000000000000000000e+00 0.000000000000000000e+00 1.961808892202865057e-13
2.927000000000000000e+03 0.000000000000000000e+00 0.000000000000000000e+00 1.959711821910570613e-13
2.928000000000000000e+03 0.000000000000000000e+00 0.000000000000000000e+00 1.957593837393914577e-13
2.929000000000000000e+03 0.000000000000000000e+00 0.000000000000000000e+00 1.955455449040255393e-13
2.930000000000000000e+03 0.000000000000000000e+00 0.000000000000000000e+00 1.953297165873101623e-13
2.931000000000000000e+03 0.000000000000000000e+00 0.000000000000000000e+00 1.951118564640203616e-13
2.932000000000000000e+03 0.000000000000000000e+00 0.000000000000000000e+00 1.948920618692406988e-13
2.933000000000000000e+03 0.000000000000000000e+00 0.000000000000000000e+00 1.946703833931677001e-13
2.934000000000000000e+03 0.000000000000000000e+00 0.000000000000000000e+00 1.944467785895028363e-13
2.935000000000000000e+03 0.000000000000000000e+00 0.000000000000000000e+00 1.942213443872459263e-13
2.936000000000000000e+03 0.000000000000000000e+00 0.000000000000000000e+00 1.939940846792636253e-13
2.937000000000000000e+03 0.000000000000000000e+00 0.000000000000000000e+00 1.937650497061852459e-13
2.938000000000000000e+03 0.000000000000000000e+00 0.000000000000000000e+00 1.935342432501480798e-13
2.939000000000000000e+03 0.000000000000000000e+00 0.000000000000000000e+00 1.933017153782234325e-13
2.940000000000000000e+03 0.000000000000000000e+00 0.000000000000000000e+00 1.930674697624714499e-13
2.941000000000000000e+03 0.000000000000000000e+00 0.000000000000000000e+00 1.928316025270149730e-13
2.942000000000000000e+03 0.000000000000000000e+00 0.000000000000000000e+00 1.925941171402350584e-13
2.943000000000000000e+03 0.000000000000000000e+00 0.000000000000000000e+00 1.923550170633337748e-13
2.944000000000000000e+03 0.000000000000000000e+00 0.000000000000000000e+00 1.921143980217022371e-13
2.945000000000000000e+03 0.000000000000000000e+00 0.000000000000000000e+00 1.918722171699533221e-13
2.946000000000000000e+03 0.000000000000000000e+00 0.000000000000000000e+00 1.916285239272404941e-13
2.947000000000000000e+03 0.000000000000000000e+00 0.000000000000000000e+00 1.913834136225740989e-13
2.948000000000000000e+03 0.000000000000000000e+00 0.000000000000000000e+00 1.911368893072784426e-13
2.949000000000000000e+03 0.000000000000000000e+00 0.000000000000000000e+00 1.908889540263576795e-13
2.950000000000000000e+03 0.000000000000000000e+00 0.000000000000000000e+00 1.906397027149658926e-13
2.951000000000000000e+03 0.000000000000000000e+00 0.000000000000000000e+00 1.903890923016312503e-13
2.952000000000000000e+03 0.000000000000000000e+00 0.000000000000000000e+00 1.901372174913757534e-13
2.953000000000000000e+03 0.000000000000000000e+00 0.000000000000000000e+00 1.898840810247476756e-13
2.954000000000000000e+03 0.000000000000000000e+00 0.000000000000000000e+00 1.896296856366142045e-13
2.955000000000000000e+03 0.000000000000000000e+00 0.000000000000000000e+00 1.893741714348516020e-13
2.956000000000000000e+03 0.000000000000000000e+00 0.000000000000000000e+00 1.891174493404105498e-13
2.957000000000000000e+03 0.000000000000000000e+00 0.000000000000000000e+00 1.888596591715878816e-13
2.958000000000000000e+03 0.000000000000000000e+00 0.000000000000000000e+00 1.886007118699759795e-13
2.959000000000000000e+03 0.000000000000000000e+00 0.000000000000000000e+00 1.883407926344729420e-13
2.960000000000000000e+03 0.000000000000000000e+00 0.000000000000000000e+00 1.880798123351315142e-13
2.961000000000000000e+03 0.000000000000000000e+00 0.000000000000000000e+00 1.878178645141737898e-13
2.962000000000000000e+03 0.000000000000000000e+00 0.000000000000000000e+00 1.875509405558494187e-13
2.963000000000000000e+03 0.000000000000000000e+00 0.000000000000000000e+00 1.872832409432938777e-13
2.964000000000000000e+03 0.000000000000000000e+00 0.000000000000000000e+00 1.870129468176863270e-13
2.965000000000000000e+03 0.000000000000000000e+00 0.000000000000000000e+00 1.867420194469303108e-13
2.966000000000000000e+03 0.000000000000000000e+00 0.000000000000000000e+00 1.864692330401783067e-13
2.967000000000000000e+03 0.000000000000000000e+00 0.000000000000000000e+00 1.861958633921928121e-13
2.968000000000000000e+03 0.000000000000000000e+00 0.000000000000000000e+00 1.859210947989966414e-13
2.969000000000000000e+03 0.000000000000000000e+00 0.000000000000000000e+00 1.856458828772739044e-13
2.970000000000000000e+03 0.000000000000000000e+00 0.000000000000000000e+00 1.853695034038352817e-13
2.971000000000000000e+03 0.000000000000000000e+00 0.000000000000000000e+00 1.850927743421943703e-13
2.972000000000000000e+03 0.000000000000000000e+00 0.000000000000000000e+00 1.848151986089249213e-13
2.973000000000000000e+03 0.000000000000000000e+00 0.000000000000000000e+00 1.845373209818652724e-13
2.974000000000000000e+03 0.000000000000000000e+00 0.000000000000000000e+00 1.842587353704091168e-13
2.975000000000000000e+03 0.000000000000000000e+00 0.000000000000000000e+00 1.839799855426041387e-13
2.976000000000000000e+03 0.000000000000000000e+00 0.000000000000000000e+00 1.837007108260101709e-13
2.977000000000000000e+03 0.000000000000000000e+00 0.000000000000000000e+00 1.834213185350052311e-13
2.978000000000000000e+03 0.000000000000000000e+00 0.000000000000000000e+00 1.831415385648949421e-13
2.979000000000000000e+03 0.000000000000000000e+00 0.000000000000000000e+00 1.828617323501648106e-13
2.980000000000000000e+03 0.000000000000000000e+00 0.000000000000000000e+00 1.825817200209829769e-13
2.981000000000000000e+03 0.000000000000000000e+00 0.000000000000000000e+00 1.823017271694575350e-13
2.982000000000000000e+03 0.000000000000000000e+00 0.000000000000000000e+00 1.820216190426726377e-13
2.983000000000000000e+03 0.000000000000000000e+00 0.000000000000000000e+00 1.817416207481357676e-13
2.984000000000000000e+03 0.000000000000000000e+00 0.000000000000000000e+00 1.814615975318954105e-13
2.985000000000000000e+03 0.000000000000000000e+00 0.000000000000000000e+00 1.811817740185634371e-13
2.986000000000000000e+03 0.000000000000000000e+00 0.000000000000000000e+00 1.809020603010455523e-13
2.987000000000000000e+03 0.000000000000000000e+00 0.000000000000000000e+00 1.806225907984129303e-13
2.988000000000000000e+03 0.000000000000000000e+00 0.000000000000000000e+00 1.803433204211963391e-13
2.989000000000000000e+03 0.000000000000000000e+00 0.000000000000000000e+00 1.800643384718326073e-13
2.990000000000000000e+03 0.000000000000000000e+00 0.000000000000000000e+00 1.797856892863652143e-13
2.991000000000000000e+03 0.000000000000000000e+00 0.000000000000000000e+00 1.795073723845332679e-13
2.992000000000000000e+03 0.000000000000000000e+00 0.000000000000000000e+00 1.792294766219217597e-13
2.993000000000000000e+03 0.000000000000000000e+00 0.000000000000000000e+00 1.789520013409154887e-13
2.994000000000000000e+03 0.000000000000000000e+00 0.000000000000000000e+00 1.786749904929502766e-13
2.995000000000000000e+03 0.000000000000000000e+00 0.000000000000000000e+00 1.783984879115392553e-13
2.996000000000000000e+03 0.000000000000000000e+00 0.000000000000000000e+00 1.781224927642372954e-13
2.997000000000000000e+03 0.000000000000000000e+00 0.000000000000000000e+00 1.778470932573667479e-13
2.998000000000000000e+03 0.000000000000000000e+00 0.000000000000000000e+00 1.775722438945069509e-13
2.999000000000000000e+03 0.000000000000000000e+00 0.000000000000000000e+00 1.772980771368233912e-13
3.000000000000000000e+03 0.000000000000000000e+00 0.000000000000000000e+00 1.770245918027324370e-13
