3.000000000000000000e+01 0.000000000000000000e+00 0.000000000000000000e+00 2.692946911184667863e-11
3.100000000000000000e+01 0.000000000000000000e+00 0.000000000000000000e+00 2.525579321877019828e-11
3.200000000000000000e+01 0.000000000000000000e+00 0.000000000000000000e+00 2.373447478427108945e-11
3.300000000000000000e+01 0.000000000000000000e+00 0.000000000000000000e+00 2.234755820440071225e-11
3.400000000000000000e+01 0.000000000000000000e+00 0.000000000000000000e+00 2.107965323519629271e-11
3.500000000000000000e+01 0.000000000000000000e+00 0.000000000000000000e+00 1.991751685320018764e-11
3.600000000000000000e+01 0.000000000000000000e+00 0.000000000000000000e+00 1.884969452481709495e-11
3.700000000000000000e+01 0.000000000000000000e+00 0.000000000000000000e+00 1.786624606173688659e-11
3.800000000000000000e+01 0.000000000000000000e+00 0.000000000000000000e+00 1.695850398960576916e-11
3.900000000000000000e+01 0.000000000000000000e+00 0.000000000000000000e+00 1.611888966294729792e-11
4.000000000000000000e+01 0.000000000000000000e+00 0.000000000000000000e+00 1.534074682969866641e-11
4.100000000000000000e+01 0.000000000000000000e+00 0.000000000000000000e+00 1.461821591074037272e-11
4.200000000000000000e+01 0.000000000000000000e+00 0.000000000000000000e+00 1.394611673531175881e-11
4.300000000000000000e+01 0.000000000000000000e+00 0.000000000000000000e+00 1.331986127103419775e-11
4.400000000000000000e+01 0.000000000000000000e+00 0.000000000000000000e+00 1.273536941737905835e-11
4.500000000000000000e+01 0.000000000000000000e+00 0.000000000000000000e+00 1.218900741879119374e-11
4.600000000000000000e+01 0.000000000000000000e+00 0.000000000000000000e+00 1.167752632445395550e-11
4.700000000000000000e+01 0.000000000000000000e+00 0.000000000000000000e+00 1.119801807095240137e-11
4.800000000000000000e+01 0.000000000000000000e+00 0.000000000000000000e+00 1.074786962951896898e-11
4.900000000000000000e+01 0.000000000000000000e+00 0.000000000000000000e+00 1.032473143043843282e-11
5.000000000000000000e+01 0.000000000000000000e+00 0.000000000000000000e+00 9.926482675659524124e-12
5.100000000000000000e+01 0.000000000000000000e+00 0.000000000000000000e+00 9.551208333669396358e-12
5.200000000000000000e+01 0.000000000000000000e+00 0.000000000000000000e+00 9.197172616435247516e-12
5.300000000000000000e+01 0.000000000000000000e+00 0.000000000000000000e+00 8.862802057875005942e-12
5.400000000000000000e+01 0.000000000000000000e+00 0.000000000000000000e+00 8.546664964855172927e-12
5.500000000000000000e+01 0.000000000000000000e+00 0.000000000000000000e+00 8.247458863734555985e-12
5.600000000000000000e+01 0.000000000000000000e+00 0.000000000000000000e+00 7.963994384505262046e-12
5.700000000000000000e+01 0.000000000000000000e+00 0.000000000000000000e+00 7.695185914157147419e-12
5.800000000000000000e+01 0.000000000000000000e+00 0.000000000000000000e+00 7.440038783290040825e-12
5.900000000000000000e+01 0.000000000000000000e+00 0.000000000000000000e+00 7.197642331821124539e-12
6.000000000000000000e+01 0.000000000000000000e+00 0.000000000000000000e+00 6.967159584892153312e-12
6.100000000000000000e+01 0.000000000000000000e+00 0.000000000000000000e+00 6.747822030345647213e-12
6.200000000000000000e+01 0.000000000000000000e+00 0.000000000000000000e+00 6.538921294613782052e-12
6.300000000000000000e+01 0.000000000000000000e+00 0.000000000000000000e+00 6.339805228281467388e-12
6.400000000000000000e+01 0.000000000000000000e+00 0.000000000000000000e+00 6.149871051825930245e-12
6.500000000000000000e+01 0.000000000000000000e+00 0.000000000000000000e+00 5.968562457499809492e-12
6.600000000000000000e+01 0.000000000000000000e+00 0.000000000000000000e+00 5.795363918069222779e-12
6.700000000000000000e+01 0.000000000000000000e+00 0.000000000000000000e+00 5.629798540706888425e-12
6.800000000000000000e+01 0.000000000000000000e+00 0.000000000000000000e+00 5.471423327675477751e-12
6.900000000000000000e+01 0.000000000000000000e+00 0.000000000000000000e+00 5.319827588114516216e-12
7.000000000000000000e+01 0.000000000000000000e+00 0.000000000000000000e+00 5.174628934979441256e-12
7.100000000000000000e+01 0.000000000000000000e+00 0.000000000000000000e+00 5.035472154434857545e-12
7.200000000000000000e+01 0.000000000000000000e+00 0.000000000000000000e+00 4.902025782668231910e-12
7.300000000000000000e+01 0.000000000000000000e+00 0.000000000000000000e+00 4.773981329574690245e-12
7.400000000000000000e+01 0.000000000000000000e+00 0.000000000000000000e+00 4.651050330278478034e-12
7.500000000000000000e+01 0.000000000000000000e+00 0.000000000000000000e+00 4.532963825000109345e-12
7.600000000000000000e+01 0.000000000000000000e+00 0.000000000000000000e+00 4.419469823919742761e-12
7.700000000000000000e+01 0.000000000000000000e+00 0.000000000000000000e+00 4.310332978507459027e-12
7.800000000000000000e+01 0.000000000000000000e+00 0.000000000000000000e+00 4.205332373670823722e-12
7.900000000000000000e+01 0.000000000000000000e+00 0.000000000000000000e+00 4.104261350166481502e-12
8.000000000000000000e+01 0.000000000000000000e+00 0.000000000000000000e+00 4.006925583868987757e-12
8.100000000000000000e+01 0.000000000000000000e+00 0.000000000000000000e+00 3.913143013339911184e-12
8.200000000000000000e+01 0.000000000000000000e+00 0.000000000000000000e+00 3.822742150749489406e-12
8.300000000000000000e+01 0.000000000000000000e+00 0.000000000000000000e+00 3.735562101500763609e-12
8.400000000000000000e+01 0.000000000000000000e+00 0.000000000000000000e+00 3.651451065721174151e-12
8.500000000000000000e+01 0.000000000000000000e+00 0.000000000000000000e+00 3.570266429566953271e-12
8.600000000000000000e+01 0.000000000000000000e+00 0.000000000000000000e+00 3.491873432316056788e-12
8.700000000000000000e+01 0.000000000000000000e+00 0.000000000000000000e+00 3.416145307027265893e-12
8.800000000000000000e+01 0.000000000000000000e+00 0.000000000000000000e+00 3.342962080739057558e-12
8.900000000000000000e+01 0.000000000000000000e+00 0.000000000000000000e+00 3.272210768285631879e-12
9.000000000000000000e+01 0.000000000000000000e+00 0.000000000000000000e+00 3.203784279245347328e-12
9.100000000000000000e+01 0.000000000000000000e+00 0.000000000000000000e+00 3.137581647420729064e-12
9.200000000000000000e+01 0.000000000000000000e+00 0.000000000000000000e+00 3.073507042597921187e-12
9.300000000000000000e+01 0.000000000000000000e+00 0.000000000000000000e+00 3.011470015328059729e-12
9.400000000000000000e+01 0.000000000000000000e+00 0.000000000000000000e+00 2.951384604057474508e-12
9.500000000000000000e+01 0.000000000000000000e+00 0.000000000000000000e+00 2.893169585117369702e-12
9.600000000000000000e+01 0.000000000000000000e+00 0.000000000000000000e+00 2.836747667964264116e-12
9.700000000000000000e+01 0.000000000000000000e+00 0.000000000000000000e+00 2.782045754338030194e-12
9.800000000000000000e+01 0.000000000000000000e+00 0.000000000000000000e+00 2.728994194707395183e-12
9.900000000000000000e+01 0.000000000000000000e+00 0.000000000000000000e+00 2.677527056974526528e-12
1.000000000000000000e+02 0.000000000000000000e+00 0.000000000000000000e+00 2.627581444273454092e-12
1.010000000000000000e+02 0.000000000000000000e+00 0.000000000000000000e+00 2.579097763486656539e-12
1.020000000000000000e+02 0.000000000000000000e+00 0.000000000000000000e+00 2.532019096219600257e-12
1.030000000000000000e+02 0.000000000000000000e+00 0.000000000000000000e+00 2.486291473107477345e-12
1.040000000000000000e+02 0.000000000000000000e+00 0.000000000000000000e+00 2.441863287225883469e-12
1.050000000000000000e+02 0.000000000000000000e+00 0.000000000000000000e+00 2.398685563018903175e-12
1.060000000000000000e+02 0.000000000000000000e+00 0.000000000000000000e+00 2.356711421288389273e-12
1.070000000000000000e+02 0.000000000000000000e+00 0.000000000000000000e+00 2.315896338031139379e-12
1.080000000000000000e+02 0.000000000000000000e+00 0.000000000000000000e+00 2.276197648278249597e-12
1.090000000000000000e+02 0.000000000000000000e+00 0.000000000000000000e+00 2.237574803766097663e-12
1.100000000000000000e+02 0.000000000000000000e+00 0.000000000000000000e+00 2.199988906994718797e-12
1.110000000000000000e+02 0.000000000000000000e+00 0.000000000000000000e+00 2.163402968494885208e-12
1.120000000000000000e+02 0.000000000000000000e+00 0.000000000000000000e+00 2.127781463820296260e-12
1.130000000000000000e+02 0.000000000000000000e+00 0.000000000000000000e+00 2.093090592718605599e-12
1.140000000000000000e+02 0.000000000000000000e+00 0.000000000000000000e+00 2.059297861499652174e-12
1.150000000000000000e+02 0.000000000000000000e+00 0.000000000000000000e+00 2.026372332608171507e-12
1.160000000000000000e+02 0.000000000000000000e+00 0.000000000000000000e+00 1.994284237811630080e-12
1.170000000000000000e+02 0.000000000000000000e+00 0.000000000000000000e+00 1.963005217751474659e-12
1.180000000000000000e+02 0.000000000000000000e+00 0.000000000000000000e+00 1.932507957503779670e-12
1.190000000000000000e+02 0.000000000000000000e+00 0.000000000000000000e+00 1.902766421589591623e-12
1.200000000000000000e+02 0.000000000000000000e+00 0.000000000000000000e+00 1.873755511864701984e-12
1.210000000000000000e+02 0.000000000000000000e+00 0.000000000000000000e+00 1.845451291495312160e-12
1.220000000000000000e+02 0.000000000000000000e+00 0.000000000000000000e+00 1.817830665739019275e-12
1.230000000000000000e+02 0.000000000000000000e+00 0.000000000000000000e+00 1.790871596708455822e-12
1.240000000000000000e+02 0.000000000000000000e+00 0.000000000000000000e+00 1.764552804021019257e-12
1.250000000000000000e+02 0.000000000000000000e+00 0.000000000000000000e+00 1.738853971046443693e-12
1.260000000000000000e+02 0.000000000000000000e+00 0.000000000000000000e+00 1.713755462802355886e-12
1.270000000000000000e+02 0.000000000000000000e+00 0.000000000000000000e+00 1.689238525671035263e-12
1.280000000000000000e+02 0.000000000000000000e+00 0.000000000000000000e+00 1.665285019367472574e-12
1.290000000000000000e+02 0.000000000000000000e+00 0.000000000000000000e+00 1.641877611745197189e-12
1.300000000000000000e+02 0.000000000000000000e+00 0.000000000000000000e+00 1.618999522481993347e-12
1.310000000000000000e+02 0.000000000000000000e+00 0.000000000000000000e+00 1.596634713905500755e-12
1.320000000000000000e+02 0.000000000000000000e+00 0.000000000000000000e+00 1.574767643892420485e-12
1.330000000000000000e+02 0.000000000000000000e+00 0.000000000000000000e+00 1.553383455346313225e-12
1.340000000000000000e+02 0.000000000000000000e+00 0.000000000000000000e+00 1.532467737313826139e-12
1.350000000000000000e+02 0.000000000000000000e+00 0.000000000000000000e+00 1.512006710034818463e-12
1.360000000000000000e+02 0.000000000000000000e+00 0.000000000000000000e+00 1.491986996666555302e-12
1.370000000000000000e+02 0.000000000000000000e+00 0.000000000000000000e+00 1.472395801387842527e-12
1.380000000000000000e+02 0.000000000000000000e+00 0.000000000000000000e+00 1.453220694098392215e-12
1.390000000000000000e+02 0.000000000000000000e+00 0.000000000000000000e+00 1.434449779966654409e-12
1.400000000000000000e+02 0.000000000000000000e+00 0.000000000000000000e+00 1.416071496447709110e-12
1.410000000000000000e+02 0.000000000000000000e+00 0.000000000000000000e+00 1.398074774744769998e-12
1.420000000000000000e+02 0.000000000000000000e+00 0.000000000000000000e+00 1.380448848123606598e-12
1.430000000000000000e+02 0.000000000000000000e+00 0.000000000000000000e+00 1.363183406178163323e-12
1.440000000000000000e+02 0.000000000000000000e+00 0.000000000000000000e+00 1.346268411969893520e-12
1.450000000000000000e+02 0.000000000000000000e+00 0.000000000000000000e+00 1.329694253099912247e-12
1.460000000000000000e+02 0.000000000000000000e+00 0.000000000000000000e+00 1.313451564673142728e-12
1.470000000000000000e+02 0.000000000000000000e+00 0.000000000000000000e+00 1.297531375111635871e-12
1.480000000000000000e+02 0.000000000000000000e+00 0.000000000000000000e+00 1.281924937734147525e-12
1.490000000000000000e+02 0.000000000000000000e+00 0.000000000000000000e+00 1.266623872602857166e-12
1.500000000000000000e+02 0.000000000000000000e+00 0.000000000000000000e+00 1.251620002756199599e-12
1.510000000000000000e+02 0.000000000000000000e+00 0.000000000000000000e+00 1.236905493166037600e-12
1.520000000000000000e+02 0.000000000000000000e+00 0.000000000000000000e+00 1.222472692968511706e-12
1.530000000000000000e+02 0.000000000000000000e+00 0.000000000000000000e+00 1.208314269455679341e-12
1.540000000000000000e+02 0.000000000000000000e+00 0.000000000000000000e+00 1.194423057295977782e-12
1.550000000000000000e+02 0.000000000000000000e+00 0.000000000000000000e+00 1.180792188877654882e-12
1.560000000000000000e+02 0.000000000000000000e+00 0.000000000000000000e+00 1.167414948018230349e-12
1.570000000000000000e+02 0.000000000000000000e+00 0.000000000000000000e+00 1.154284896881378444e-12
1.580000000000000000e+02 0.000000000000000000e+00 0.000000000000000000e+00 1.141395734562657135e-12
1.590000000000000000e+02 0.000000000000000000e+00 0.000000000000000000e+00 1.128741421570225957e-12
1.600000000000000000e+02 0.000000000000000000e+00 0.000000000000000000e+00 1.116316041893155999e-12
1.610000000000000000e+02 0.000000000000000000e+00 0.000000000000000000e+00 1.104113924867394094e-12
1.620000000000000000e+02 0.000000000000000000e+00 0.000000000000000000e+00 1.092129511620974422e-12
1.630000000000000000e+02 0.000000000000000000e+00 0.000000000000000000e+00 1.080357473360225517e-12
1.640000000000000000e+02 0.000000000000000000e+00 0.000000000000000000e+00 1.068792582659050685e-12
1.650000000000000000e+02 0.000000000000000000e+00 0.000000000000000000e+00 1.057429828264415547e-12
1.660000000000000000e+02 0.000000000000000000e+00 0.000000000000000000e+00 1.046264290809921497e-12
1.670000000000000000e+02 0.000000000000000000e+00 0.000000000000000000e+00 1.035291254049321566e-12
1.680000000000000000e+02 0.000000000000000000e+00 0.000000000000000000e+00 1.024506084900636025e-12
1.690000000000000000e+02 0.000000000000000000e+00 0.000000000000000000e+00 1.013904341824587314e-12
1.700000000000000000e+02 0.000000000000000000e+00 0.000000000000000000e+00 1.003481657786604541e-12
1.710000000000000000e+02 0.000000000000000000e+00 0.000000000000000000e+00 9.932338471269400082e-13
1.720000000000000000e+02 0.000000000000000000e+00 0.000000000000000000e+00 9.831567912050136417e-13
1.730000000000000000e+02 0.000000000000000000e+00 0.000000000000000000e+00 9.732465418049859072e-13
1.740000000000000000e+02 0.000000000000000000e+00 0.000000000000000000e+00 9.634992123281692159e-13
1.750000000000000000e+02 0.000000000000000000e+00 0.000000000000000000e+00 9.539110762846043586e-13
1.760000000000000000e+02 0.000000000000000000e+00 0.000000000000000000e+00 9.444784633171467576e-13
1.770000000000000000e+02 0.000000000000000000e+00 0.000000000000000000e+00 9.351978542341782834e-13
1.780000000000000000e+02 0.000000000000000000e+00 0.000000000000000000e+00 9.260657801829195405e-13
1.790000000000000000e+02 0.000000000000000000e+00 0.000000000000000000e+00 9.170789157908004839e-13
1.800000000000000000e+02 0.000000000000000000e+00 0.000000000000000000e+00 9.082339806267720507e-13
1.810000000000000000e+02 0.000000000000000000e+00 0.000000000000000000e+00 8.995278303417113246e-13
1.820000000000000000e+02 0.000000000000000000e+00 0.000000000000000000e+00 8.909573607847579631e-13
1.830000000000000000e+02 0.000000000000000000e+00 0.000000000000000000e+00 8.825195971099099330e-13
1.840000000000000000e+02 0.000000000000000000e+00 0.000000000000000000e+00 8.742116000446238118e-13
1.850000000000000000e+02 0.000000000000000000e+00 0.000000000000000000e+00 8.660305537153017251e-13
1.860000000000000000e+02 0.000000000000000000e+00 0.000000000000000000e+00 8.579736734083559981e-13
1.870000000000000000e+02 0.000000000000000000e+00 0.000000000000000000e+00 8.500382920464864604e-13
1.880000000000000000e+02 0.000000000000000000e+00 0.000000000000000000e+00 8.422217699513327517e-13
1.890000000000000000e+02 0.000000000000000000e+00 0.000000000000000000e+00 8.345215795478278631e-13
1.900000000000000000e+02 0.000000000000000000e+00 0.000000000000000000e+00 8.269352174969996671e-13
1.910000000000000000e+02 0.000000000000000000e+00 0.000000000000000000e+00 8.194602871353212795e-13
1.920000000000000000e+02 0.000000000000000000e+00 0.000000000000000000e+00 8.120944129016589415e-13
1.930000000000000000e+02 0.000000000000000000e+00 0.000000000000000000e+00 8.048353211136448264e-13
1.940000000000000000e+02 0.000000000000000000e+00 0.000000000000000000e+00 7.976807566028669717e-13
1.950000000000000000e+02 0.000000000000000000e+00 0.000000000000000000e+00 7.906285612308093008e-13
1.960000000000000000e+02 0.000000000000000000e+00 0.000000000000000000e+00 7.836765929071595030e-13
1.970000000000000000e+02 0.000000000000000000e+00 0.000000000000000000e+00 7.768228024557245701e-13
1.980000000000000000e+02 0.000000000000000000e+00 0.000000000000000000e+00 7.700651541986515549e-13
1.990000000000000000e+02 0.000000000000000000e+00 0.000000000000000000e+00 7.634017013266447573e-13
2.000000000000000000e+02 0.000000000000000000e+00 0.000000000000000000e+00 7.568305087258069140e-13
2.010000000000000000e+02 0.000000000000000000e+00 0.000000000000000000e+00 7.503497260959785379e-13
2.020000000000000000e+02 0.000000000000000000e+00 0.000000000000000000e+00 7.439575130225997969e-13
2.030000000000000000e+02 0.000000000000000000e+00 0.000000000000000000e+00 7.376521100324849926e-13
2.040000000000000000e+02 0.000000000000000000e+00 0.000000000000000000e+00 7.314317662999739816e-13
2.050000000000000000e+02 0.000000000000000000e+00 0.000000000000000000e+00 7.252948083532113975e-13
2.060000000000000000e+02 0.000000000000000000e+00 0.000000000000000000e+00 7.192395696367432978e-13
2.070000000000000000e+02 0.000000000000000000e+00 0.000000000000000000e+00 7.132644577142874793e-13
2.080000000000000000e+02 0.000000000000000000e+00 0.000000000000000000e+00 7.073678859029575206e-13
2.090000000000000000e+02 0.000000000000000000e+00 0.000000000000000000e+00 7.015483384562869505e-13
2.100000000000000000e+02 0.000000000000000000e+00 0.000000000000000000e+00 6.958043039642224759e-13
2.110000000000000000e+02 0.000000000000000000e+00 0.000000000000000000e+00 6.901343393740966137e-13
2.120000000000000000e+02 0.000000000000000000e+00 0.000000000000000000e+00 6.845370045688708364e-13
2.130000000000000000e+02 0.000000000000000000e+00 0.000000000000000000e+00 6.790109250431035421e-13
2.140000000000000000e+02 0.000000000000000000e+00 0.000000000000000000e+00 6.735547281476316451e-13
2.150000000000000000e+02 0.000000000000000000e+00 0.000000000000000000e+00 6.681671046853330575e-13
2.160000000000000000e+02 0.000000000000000000e+00 0.000000000000000000e+00 6.628467458088721197e-13
2.170000000000000000e+02 0.000000000000000000e+00 0.000000000000000000e+00 6.575924039108532897e-13
2.180000000000000000e+02 0.000000000000000000e+00 0.000000000000000000e+00 6.524028310940666050e-13
2.190000000000000000e+02 0.000000000000000000e+00 0.000000000000000000e+00 6.472768380887596713e-13
2.200000000000000000e+02 0.000000000000000000e+00 0.000000000000000000e+00 6.422132344796961007e-13
2.210000000000000000e+02 0.000000000000000000e+00 0.000000000000000000e+00 6.372108866092411621e-13
2.220000000000000000e+02 0.000000000000000000e+00 0.000000000000000000e+00 6.322686585596305658e-13
2.230000000000000000e+02 0.000000000000000000e+00 0.000000000000000000e+00 6.273854693019606237e-13
2.240000000000000000e+02 0.000000000000000000e+00 0.000000000000000000e+00 6.225602349706329064e-13
2.250000000000000000e+02 0.000000000000000000e+00 0.000000000000000000e+00 6.177919244313458794e-13
2.260000000000000000e+02 0.000000000000000000e+00 0.000000000000000000e+00 6.130795032328401027e-13
2.270000000000000000e+02 0.000000000000000000e+00 0.000000000000000000e+00 6.084219877531009932e-13
2.280000000000000000e+02 0.000000000000000000e+00 0.000000000000000000e+00 6.038183904471470058e-13
2.290000000000000000e+02 0.000000000000000000e+00 0.000000000000000000e+00 5.992677729530880156e-13
2.300000000000000000e+02 0.000000000000000000e+00 0.000000000000000000e+00 5.947691924153349316e-13
2.310000000000000000e+02 0.000000000000000000e+00 0.000000000000000000e+00 5.903217536658264316e-13
2.320000000000000000e+02 0.000000000000000000e+00 0.000000000000000000e+00 5.859245562046583414e-13
2.330000000000000000e+02 0.000000000000000000e+00 0.000000000000000000e+00 5.815767459795678709e-13
2.340000000000000000e+02 0.000000000000000000e+00 0.000000000000000000e+00 5.772774630845659633e-13
2.350000000000000000e+02 0.000000000000000000e+00 0.000000000000000000e+00 5.730258924070377275e-13
2.360000000000000000e+02 0.000000000000000000e+00 0.000000000000000000e+00 5.688212127125056345e-13
2.370000000000000000e+02 0.000000000000000000e+00 0.000000000000000000e+00 5.646626460685362151e-13
2.380000000000000000e+02 0.000000000000000000e+00 0.000000000000000000e+00 5.605494082031696495e-13
2.390000000000000000e+02 0.000000000000000000e+00 0.000000000000000000e+00 5.564807566410521590e-13
2.400000000000000000e+02 0.000000000000000000e+00 0.000000000000000000e+00 5.524559423111321802e-13
2.410000000000000000e+02 0.000000000000000000e+00 0.000000000000000000e+00 5.484742566078046054e-13
2.420000000000000000e+02 0.000000000000000000e+00 0.000000000000000000e+00 5.445349841101039438e-13
2.430000000000000000e+02 0.000000000000000000e+00 0.000000000000000000e+00 5.406374483398309903e-13
2.440000000000000000e+02 0.000000000000000000e+00 0.000000000000000000e+00 5.367809660344612825e-13
2.450000000000000000e+02 0.000000000000000000e+00 0.000000000000000000e+00 5.329648916489732405e-13
2.460000000000000000e+02 0.000000000000000000e+00 0.000000000000000000e+00 5.291885724111858779e-13
2.470000000000000000e+02 0.000000000000000000e+00 0.000000000000000000e+00 5.254513923189689014e-13
2.480000000000000000e+02 0.000000000000000000e+00 0.000000000000000000e+00 5.217527278324404274e-13
2.490000000000000000e+02 0.000000000000000000e+00 0.000000000000000000e+00 5.180919911526187539e-13
2.500000000000000000e+02 0.000000000000000000e+00 0.000000000000000000e+00 5.144685866621412859e-13
2.510000000000000000e+02 0.000000000000000000e+00 0.000000000000000000e+00 5.108819534077319456e-13
2.520000000000000000e+02 0.000000000000000000e+00 0.000000000000000000e+00 5.073315225820817931e-13
2.530000000000000000e+02 0.000000000000000000e+00 0.000000000000000000e+00 5.038167588326058132e-13
2.540000000000000000e+02 0.000000000000000000e+00 0.000000000000000000e+00 5.003371187806350858e-13
2.550000000000000000e+02 0.000000000000000000e+00 0.000000000000000000e+00 4.968920918345370872e-13
2.560000000000000000e+02 0.000000000000000000e+00 0.000000000000000000e+00 4.934811588606055347e-13
2.570000000000000000e+02 0.000000000000000000e+00 0.000000000000000000e+00 4.901038326314657301e-13
2.580000000000000000e+02 0.000000000000000000e+00 0.000000000000000000e+00 4.867596173132962473e-13
2.590000000000000000e+02 0.000000000000000000e+00 0.000000000000000000e+00 4.834480480258152375e-13
2.600000000000000000e+02 0.000000000000000000e+00 0.000000000000000000e+00 4.801686511201094719e-13
2.610000000000000000e+02 0.000000000000000000e+00 0.000000000000000000e+00 4.769209831240791693e-13
2.620000000000000000e+02 0.000000000000000000e+00 0.000000000000000000e+00 4.737045915661048656e-13
2.630000000000000000e+02 0.000000000000000000e+00 0.000000000000000000e+00 4.705190532323866199e-13
2.640000000000000000e+02 0.000000000000000000e+00 0.000000000000000000e+00 4.673639358765905878e-13
2.650000000000000000e+02 0.000000000000000000e+00 0.000000000000000000e+00 4.642388356578381649e-13
2.660000000000000000e+02 0.000000000000000000e+00 0.000000000000000000e+00 4.611433395850465638e-13
2.670000000000000000e+02 0.000000000000000000e+00 0.000000000000000000e+00 4.580770622774868234e-13
2.680000000000000000e+02 0.000000000000000000e+00 0.000000000000000000e+00 4.550396090163371566e-13
2.690000000000000000e+02 0.000000000000000000e+00 0.000000000000000000e+00 4.520306120107984424e-13
2.700000000000000000e+02 0.000000000000000000e+00 0.000000000000000000e+00 4.490496939883084070e-13
2.710000000000000000e+02 0.000000000000000000e+00 0.000000000000000000e+00 4.460965037057876089e-13
2.720000000000000000e+02 0.000000000000000000e+00 0.000000000000000000e+00 4.431706804393816378e-13
2.730000000000000000e+02 0.000000000000000000e+00 0.000000000000000000e+00 4.402718886933339284e-13
2.740000000000000000e+02 0.000000000000000000e+00 0.000000000000000000e+00 4.373997834795258545e-13
2.750000000000000000e+02 0.000000000000000000e+00 0.000000000000000000e+00 4.345540442211202161e-13
2.760000000000000000e+02 0.000000000000000000e+00 0.000000000000000000e+00 4.317343407754855808e-13
2.770000000000000000e+02 0.000000000000000000e+00 0.000000000000000000e+00 4.289403667183822142e-13
2.780000000000000000e+02 0.000000000000000000e+00 0.000000000000000000e+00 4.261718058958788737e-13
2.790000000000000000e+02 0.000000000000000000e+00 0.000000000000000000e+00 4.234283651912799928e-13
2.800000000000000000e+02 0.000000000000000000e+00 0.000000000000000000e+00 4.207097416228902976e-13
2.810000000000000000e+02 0.000000000000000000e+00 0.000000000000000000e+00 4.180156546992708506e-13
2.820000000000000000e+02 0.000000000000000000e+00 0.000000000000000000e+00 4.153458138421590062e-13
2.830000000000000000e+02 0.000000000000000000e+00 0.000000000000000000e+00 4.126999503356615722e-13
2.840000000000000000e+02 0.000000000000000000e+00 0.000000000000000000e+00 4.100777853128954749e-13
2.850000000000000000e+02 0.000000000000000000e+00 0.000000000000000000e+00 4.074790610647585461e-13
2.860000000000000000e+02 0.000000000000000000e+00 0.000000000000000000e+00 4.049035097063412981e-13
2.870000000000000000e+02 0.000000000000000000e+00 0.000000000000000000e+00 4.023508837598959481e-13
2.880000000000000000e+02 0.000000000000000000e+00 0.000000000000000000e+00 3.998209256425810373e-13
2.890000000000000000e+02 0.000000000000000000e+00 0.000000000000000000e+00 3.973133974603762339e-13
2.900000000000000000e+02 0.000000000000000000e+00 0.000000000000000000e+00 3.948280512002743391e-13
2.910000000000000000e+02 0.000000000000000000e+00 0.000000000000000000e+00 3.923646578807669061e-13
2.920000000000000000e+02 0.000000000000000000e+00 0.000000000000000000e+00 3.899229783963562073e-13
2.930000000000000000e+02 0.000000000000000000e+00 0.000000000000000000e+00 3.875027920896726761e-13
2.940000000000000000e+02 0.000000000000000000e+00 0.000000000000000000e+00 3.851038680867651880e-13
2.950000000000000000e+02 0.000000000000000000e+00 0.000000000000000000e+00 3.827259934057165496e-13
2.960000000000000000e+02 0.000000000000000000e+00 0.000000000000000000e+00 3.803689448556824596e-13
2.970000000000000000e+02 0.000000000000000000e+00 0.000000000000000000e+00 3.780325164924332123e-13
2.980000000000000000e+02 0.000000000000000000e+00 0.000000000000000000e+00 3.757164922467062027e-13
2.990000000000000000e+02 0.000000000000000000e+00 0.000000000000000000e+00 3.734206727067675394e-13
3.000000000000000000e+02 0.000000000000000000e+00 0.000000000000000000e+00 3.711448482646105618e-13
3.010000000000000000e+02 0.000000000000000000e+00 0.000000000000000000e+00 3.688888256007462152e-13
3.020000000000000000e+02 0.000000000000000000e+00 0.000000000000000000e+00 3.666524010383416676e-13
3.030000000000000000e+02 0.000000000000000000e+00 0.000000000000000000e+00 3.644353867456080231e-13
3.040000000000000000e+02 0.000000000000000000e+00 0.000000000000000000e+00 3.622375845687804359e-13
3.050000000000000000e+02 0.000000000000000000e+00 0.000000000000000000e+00 3.600588117926546581e-13
3.060000000000000000e+02 0.000000000000000000e+00 0.000000000000000000e+00 3.578988752783406484e-13
3.070000000000000000e+02 0.000000000000000000e+00 0.000000000000000000e+00 3.557575969518134607e-13
3.080000000000000000e+02 0.000000000000000000e+00 0.000000000000000000e+00 3.536347883371691978e-13
3.090000000000000000e+02 0.000000000000000000e+00 0.000000000000000000e+00 3.515302755656585305e-13
3.100000000000000000e+02 0.000000000000000000e+00 0.000000000000000000e+00 3.494438744653300094e-13
3.110000000000000000e+02 0.000000000000000000e+00 0.000000000000000000e+00 3.473754150558748072e-13
3.120000000000000000e+02 0.000000000000000000e+00 0.000000000000000000e+00 3.453247170791566907e-13
3.130000000000000000e+02 0.000000000000000000e+00 0.000000000000000000e+00 3.432916140904834001e-13
3.140000000000000000e+02 0.000000000000000000e+00 0.000000000000000000e+00 3.412759294224184605e-13
3.150000000000000000e+02 0.000000000000000000e+00 0.000000000000000000e+00 3.392774999294575739e-13
3.160000000000000000e+02 0.000000000000000000e+00 0.000000000000000000e+00 3.372961523388146963e-13
3.170000000000000000e+02 0.000000000000000000e+00 0.000000000000000000e+00 3.353317264498362063e-13
3.180000000000000000e+02 0.000000000000000000e+00 0.000000000000000000e+00 3.333840520928973625e-13
3.190000000000000000e+02 0.000000000000000000e+00 0.000000000000000000e+00 3.314529718752468469e-13
3.200000000000000000e+02 0.000000000000000000e+00 0.000000000000000000e+00 3.295383185490360725e-13
3.210000000000000000e+02 0.000000000000000000e+00 0.000000000000000000e+00 3.276399373479908401e-13
3.220000000000000000e+02 0.000000000000000000e+00 0.000000000000000000e+00 3.257576637409195336e-13
3.230000000000000000e+02 0.000000000000000000e+00 0.000000000000000000e+00 3.238913454461662733e-13
3.240000000000000000e+02 0.000000000000000000e+00 0.000000000000000000e+00 3.220408205412809999e-13
3.250000000000000000e+02 0.000000000000000000e+00 0.000000000000000000e+00 3.202059390950567405e-13
3.260000000000000000e+02 0.000000000000000000e+00 0.000000000000000000e+00 3.183865416268920649e-13
3.270000000000000000e+02 0.000000000000000000e+00 0.000000000000000000e+00 3.165824804434600969e-13
3.280000000000000000e+02 0.000000000000000000e+00 0.000000000000000000e+00 3.147935984544866081e-13
3.290000000000000000e+02 0.000000000000000000e+00 0.000000000000000000e+00 3.130197501622355638e-13
3.300000000000000000e+02 0.000000000000000000e+00 0.000000000000000000e+00 3.112607807941050147e-13
3.310000000000000000e+02 0.000000000000000000e+00 0.000000000000000000e+00 3.095165469851457868e-13
3.320000000000000000e+02 0.000000000000000000e+00 0.000000000000000000e+00 3.077868962268088927e-13
3.330000000000000000e+02 0.000000000000000000e+00 0.000000000000000000e+00 3.060716872630446544e-13
3.340000000000000000e+02 0.000000000000000000e+00 0.000000000000000000e+00 3.043707697950129360e-13
3.350000000000000000e+02 0.000000000000000000e+00 0.000000000000000000e+00 3.026840046843313976e-13
3.360000000000000000e+02 0.000000000000000000e+00 0.000000000000000000e+00 3.010112438955937921e-13
3.370000000000000000e+02 0.000000000000000000e+00 0.000000000000000000e+00 2.993523503465140822e-13
3.380000000000000000e+02 0.000000000000000000e+00 0.000000000000000000e+00 2.977071782787375424e-13
3.390000000000000000e+02 0.000000000000000000e+00 0.000000000000000000e+00 2.960755926778612566e-13
3.400000000000000000e+02 0.000000000000000000e+00 0.000000000000000000e+00 2.944574500970231075e-13
3.410000000000000000e+02 0.000000000000000000e+00 0.000000000000000000e+00 2.928526176190077284e-13
3.420000000000000000e+02 0.000000000000000000e+00 0.000000000000000000e+00 2.912609541225710419e-13
3.430000000000000000e+02 0.000000000000000000e+00 0.000000000000000000e+00 2.896823288507838039e-13
3.440000000000000000e+02 0.000000000000000000e+00 0.000000000000000000e+00 2.881166030211804484e-13
3.450000000000000000e+02 0.000000000000000000e+00 0.000000000000000000e+00 2.865636480775266166e-13
3.460000000000000000e+02 0.000000000000000000e+00 0.000000000000000000e+00 2.850233275787144885e-13
3.470000000000000000e+02 0.000000000000000000e+00 0.000000000000000000e+00 2.834955152508286465e-13
3.480000000000000000e+02 0.000000000000000000e+00 0.000000000000000000e+00 2.819800770499825360e-13
3.490000000000000000e+02 0.000000000000000000e+00 0.000000000000000000e+00 2.804768889964209250e-13
3.500000000000000000e+02 0.000000000000000000e+00 0.000000000000000000e+00 2.789858194862087845e-13
3.510000000000000000e+02 0.000000000000000000e+00 0.000000000000000000e+00 2.775067468938796363e-13
3.520000000000000000e+02 0.000000000000000000e+00 0.000000000000000000e+00 2.760395421051032300e-13
3.530000000000000000e+02 0.000000000000000000e+00 0.000000000000000000e+00 2.745840858756623051e-13
3.540000000000000000e+02 0.000000000000000000e+00 0.000000000000000000e+00 2.731402516173798583e-13
3.550000000000000000e+02 0.000000000000000000e+00 0.000000000000000000e+00 2.717079225156693804e-13
3.560000000000000000e+02 0.000000000000000000e+00 0.000000000000000000e+00 2.702869745696382060e-13
3.570000000000000000e+02 0.000000000000000000e+00 0.000000000000000000e+00 2.688772934462554463e-13
3.580000000000000000e+02 0.000000000000000000e+00 0.000000000000000000e+00 2.674787577171940685e-13
3.590000000000000000e+02 0.000000000000000000e+00 0.000000000000000000e+00 2.660912555484717256e-13
3.600000000000000000e+02 0.000000000000000000e+00 0.000000000000000000e+00 2.647146681870868911e-13
3.610000000000000000e+02 0.000000000000000000e+00 0.000000000000000000e+00 2.633488862898715666e-13
3.620000000000000000e+02 0.000000000000000000e+00 0.000000000000000000e+00 2.619937937534682075e-13
3.630000000000000000e+02 0.000000000000000000e+00 0.000000000000000000e+00 2.606492838198002967e-13
3.640000000000000000e+02 0.000000000000000000e+00 0.000000000000000000e+00 2.593152430471382929e-13
3.650000000000000000e+02 0.000000000000000000e+00 0.000000000000000000e+00 2.579915672196305851e-13
3.660000000000000000e+02 0.000000000000000000e+00 0.000000000000000000e+00 2.566781455631898099e-13
3.670000000000000000e+02 0.000000000000000000e+00 0.000000000000000000e+00 2.553748764615233194e-13
3.680000000000000000e+02 0.000000000000000000e+00 0.000000000000000000e+00 2.540816518313278506e-13
3.690000000000000000e+02 0.000000000000000000e+00 0.000000000000000000e+00 2.527983726046425811e-13
3.700000000000000000e+02 0.000000000000000000e+00 0.000000000000000000e+00 2.515249334032154467e-13
3.710000000000000000e+02 0.000000000000000000e+00 0.000000000000000000e+00 2.502612377310580340e-13
3.720000000000000000e+02 0.000000000000000000e+00 0.000000000000000000e+00 2.490071828550285699e-13
3.730000000000000000e+02 0.000000000000000000e+00 0.000000000000000000e+00 2.477626748312234247e-13
3.740000000000000000e+02 0.000000000000000000e+00 0.000000000000000000e+00 2.465276135911236726e-13
3.750000000000000000e+02 0.000000000000000000e+00 0.000000000000000000e+00 2.453019077373453761e-13
3.760000000000000000e+02 0.000000000000000000e+00 0.000000000000000000e+00 2.440854598208705219e-13
3.770000000000000000e+02 0.000000000000000000e+00 0.000000000000000000e+00 2.428781809465932222e-13
3.780000000000000000e+02 0.000000000000000000e+00 0.000000000000000000e+00 2.416799762572288260e-13
3.790000000000000000e+02 0.000000000000000000e+00 0.000000000000000000e+00 2.404907593117027120e-13
3.800000000000000000e+02 0.000000000000000000e+00 0.000000000000000000e+00 2.393104378316908098e-13
3.810000000000000000e+02 0.000000000000000000e+00 0.000000000000000000e+00 2.381389278223175495e-13
3.820000000000000000e+02 0.000000000000000000e+00 0.000000000000000000e+00 2.369761395176544747e-13
3.830000000000000000e+02 0.000000000000000000e+00 0.000000000000000000e+00 2.358219913084199511e-13
3.840000000000000000e+02 0.000000000000000000e+00 0.000000000000000000e+00 2.346763959304063459e-13
3.850000000000000000e+02 0.000000000000000000e+00 0.000000000000000000e+00 2.335392741116553972e-13
3.860000000000000000e+02 0.000000000000000000e+00 0.000000000000000000e+00 2.324105409892806940e-13
3.870000000000000000e+02 0.000000000000000000e+00 0.000000000000000000e+00 2.312901196196678631e-13
3.880000000000000000e+02 0.000000000000000000e+00 0.000000000000000000e+00 2.301779275050231833e-13
3.890000000000000000e+02 0.000000000000000000e+00 0.000000000000000000e+00 2.290738899344799610e-13
3.900000000000000000e+02 0.000000000000000000e+00 0.000000000000000000e+00 2.279779267302230048e-13
3.910000000000000000e+02 0.000000000000000000e+00 0.000000000000000000e+00 2.268899653585355704e-13
3.920000000000000000e+02 0.000000000000000000e+00 0.000000000000000000e+00 2.258099278766160575e-13
3.930000000000000000e+02 0.000000000000000000e+00 0.000000000000000000e+00 2.247377438879502847e-13
3.940000000000000000e+02 0.000000000000000000e+00 0.000000000000000000e+00 2.236733376409148956e-13
3.950000000000000000e+02 0.000000000000000000e+00 0.000000000000000000e+00 2.226166407771434189e-13
3.960000000000000000e+02 0.000000000000000000e+00 0.000000000000000000e+00 2.215675796605879790e-13
3.970000000000000000e+02 0.000000000000000000e+00 0.000000000000000000e+00 2.205260879467474389e-13
3.980000000000000000e+02 0.000000000000000000e+00 0.000000000000000000e+00 2.194920940333283467e-13
3.990000000000000000e+02 0.000000000000000000e+00 0.000000000000000000e+00 2.184655334868551051e-13
4.000000000000000000e+02 0.000000000000000000e+00 0.000000000000000000e+00 2.174463367128370047e-13
4.010000000000000000e+02 0.000000000000000000e+00 0.000000000000000000e+00 2.164344411349438032e-13
4.020000000000000000e+02 0.000000000000000000e+00 0.000000000000000000e+00 2.154297790624396837e-13
4.030000000000000000e+02 0.000000000000000000e+00 0.000000000000000000e+00 2.144322896919094322e-13
4.040000000000000000e+02 0.000000000000000000e+00 0.000000000000000000e+00 2.134419071663716116e-13
4.050000000000000000e+02 0.000000000000000000e+00 0.000000000000000000e+00 2.124585724205814214e-13
4.060000000000000000e+02 0.000000000000000000e+00 0.000000000000000000e+00 2.114822213650468569e-13
4.070000000000000000e+02 0.000000000000000000e+00 0.000000000000000000e+00 2.105127965694963631e-13
4.080000000000000000e+02 0.000000000000000000e+00 0.000000000000000000e+00 2.095502356358872351e-13
4.090000000000000000e+02 0.000000000000000000e+00 0.000000000000000000e+00 2.085944827030373938e-13
4.100000000000000000e+02 0.000000000000000000e+00 0.000000000000000000e+00 2.076454770085752881e-13
4.110000000000000000e+02 0.000000000000000000e+00 0.000000000000000000e+00 2.067031642243548471e-13
4.120000000000000000e+02 0.000000000000000000e+00 0.000000000000000000e+00 2.057674851402225203e-13
4.130000000000000000e+02 0.000000000000000000e+00 0.000000000000000000e+00 2.048383868712729277e-13
4.140000000000000000e+02 0.000000000000000000e+00 0.000000000000000000e+00 2.039158117057812368e-13
4.150000000000000000e+02 0.000000000000000000e+00 0.000000000000000000e+00 2.029997081327768978e-13
4.160000000000000000e+02 0.000000000000000000e+00 0.000000000000000000e+00 2.020900198793295721e-13
4.170000000000000000e+02 0.000000000000000000e+00 0.000000000000000000e+00 2.011866967730369998e-13
4.180000000000000000e+02 0.000000000000000000e+00 0.000000000000000000e+00 2.002896838801145784e-13
4.190000000000000000e+02 0.000000000000000000e+00 0.000000000000000000e+00 1.993989323111204341e-13
4.200000000000000000e+02 0.000000000000000000e+00 0.000000000000000000e+00 1.985143884240993440e-13
4.210000000000000000e+02 0.000000000000000000e+00 0.000000000000000000e+00 1.976360045279294886e-13
4.220000000000000000e+02 0.000000000000000000e+00 0.000000000000000000e+00 1.967637282309269479e-13
4.230000000000000000e+02 0.000000000000000000e+00 0.000000000000000000e+00 1.958975129733095317e-13
4.240000000000000000e+02 0.000000000000000000e+00 0.000000000000000000e+00 1.950373075563544213e-13
4.250000000000000000e+02 0.000000000000000000e+00 0.000000000000000000e+00 1.941830665194914142e-13
4.260000000000000000e+02 0.000000000000000000e+00 0.000000000000000000e+00 1.933347397973798269e-13
4.270000000000000000e+02 0.000000000000000000e+00 0.000000000000000000e+00 1.924922829748568142e-13
4.280000000000000000e+02 0.000000000000000000e+00 0.000000000000000000e+00 1.916556470601534543e-13
4.290000000000000000e+02 0.000000000000000000e+00 0.000000000000000000e+00 1.908247886216620358e-13
4.300000000000000000e+02 0.000000000000000000e+00 0.000000000000000000e+00 1.899996596936519979e-13
4.310000000000000000e+02 0.000000000000000000e+00 0.000000000000000000e+00 1.891802178090546213e-13
4.320000000000000000e+02 0.000000000000000000e+00 0.000000000000000000e+00 1.883664159727861144e-13
4.330000000000000000e+02 0.000000000000000000e+00 0.000000000000000000e+00 1.875582126103107381e-13
4.340000000000000000e+02 0.000000000000000000e+00 0.000000000000000000e+00 1.867555616622868872e-13
4.350000000000000000e+02 0.000000000000000000e+00 0.000000000000000000e+00 1.859584224077647425e-13
4.360000000000000000e+02 0.000000000000000000e+00 0.000000000000000000e+00 1.851667496695986730e-13
4.370000000000000000e+02 0.000000000000000000e+00 0.000000000000000000e+00 1.843805035520425234e-13
4.380000000000000000e+02 0.000000000000000000e+00 0.000000000000000000e+00 1.835996397230849164e-13
4.390000000000000000e+02 0.000000000000000000e+00 0.000000000000000000e+00 1.828241190652935444e-13
4.400000000000000000e+02 0.000000000000000000e+00 0.000000000000000000e+00 1.820538980730177320e-13
4.410000000000000000e+02 0.000000000000000000e+00 0.000000000000000000e+00 1.812889383489994405e-13
4.420000000000000000e+02 0.000000000000000000e+00 0.000000000000000000e+00 1.805291971928287316e-13
4.430000000000000000e+02 0.000000000000000000e+00 0.000000000000000000e+00 1.797746369015196066e-13
4.440000000000000000e+02 0.000000000000000000e+00 0.000000000000000000e+00 1.790252155238992686e-13
4.450000000000000000e+02 0.000000000000000000e+00 0.000000000000000000e+00 1.782808960324118979e-13
4.460000000000000000e+02 0.000000000000000000e+00 0.000000000000000000e+00 1.775416371791950640e-13
4.470000000000000000e+02 0.000000000000000000e+00 0.000000000000000000e+00 1.768074025944765981e-13
4.480000000000000000e+02 0.000000000000000000e+00 0.000000000000000000e+00 1.760781517068642833e-13
4.490000000000000000e+02 0.000000000000000000e+00 0.000000000000000000e+00 1.753538487645939978e-13
4.500000000000000000e+02 0.000000000000000000e+00 0.000000000000000000e+00 1.746344538457120875e-13
4.510000000000000000e+02 0.000000000000000000e+00 0.000000000000000000e+00 1.739199317912918071e-13
4.520000000000000000e+02 0.000000000000000000e+00 0.000000000000000000e+00 1.732102433065522454e-13
4.530000000000000000e+02 0.000000000000000000e+00 0.000000000000000000e+00 1.725053537961183360e-13
4.540000000000000000e+02 0.000000000000000000e+00 0.000000000000000000e+00 1.718052245740192482e-13
4.550000000000000000e+02 0.000000000000000000e+00 0.000000000000000000e+00 1.711098215773900567e-13
4.560000000000000000e+02 0.000000000000000000e+00 0.000000000000000000e+00 1.704191066981174318e-13
4.570000000000000000e+02 0.000000000000000000e+00 0.000000000000000000e+00 1.697330463844609109e-13
4.580000000000000000e+02 0.000000000000000000e+00 0.000000000000000000e+00 1.690516030874942084e-13
4.590000000000000000e+02 0.000000000000000000e+00 0.000000000000000000e+00 1.683747437563176833e-13
4.600000000000000000e+02 0.000000000000000000e+00 0.000000000000000000e+00 1.677024313797522176e-13
4.610000000000000000e+02 0.000000000000000000e+00 0.000000000000000000e+00 1.670346333710793255e-13
4.620000000000000000e+02 0.000000000000000000e+00 0.000000000000000000e+00 1.663713132436362060e-13
4.630000000000000000e+02 0.000000000000000000e+00 0.000000000000000000e+00 1.657124388596127776e-13
4.640000000000000000e+02 0.000000000000000000e+00 0.000000000000000000e+00 1.650579742406415059e-13
4.650000000000000000e+02 0.000000000000000000e+00 0.000000000000000000e+00 1.644078876853005948e-13
4.660000000000000000e+02 0.000000000000000000e+00 0.000000000000000000e+00 1.637621436875939852e-13
4.670000000000000000e+02 0.000000000000000000e+00 0.000000000000000000e+00 1.631207109731874333e-13
4.680000000000000000e+02 0.000000000000000000e+00 0.000000000000000000e+00 1.624835544894227697e-13
4.690000000000000000e+02 0.000000000000000000e+00 0.000000000000000000e+00 1.618506433820211567e-13
4.700000000000000000e+02 0.000000000000000000e+00 0.000000000000000000e+00 1.612219430329459903e-13
4.710000000000000000e+02 0.000000000000000000e+00 0.000000000000000000e+00 1.605974229798014581e-13
4.720000000000000000e+02 0.000000000000000000e+00 0.000000000000000000e+00 1.599770490361554373e-13
4.730000000000000000e+02 0.000000000000000000e+00 0.000000000000000000e+00 1.593607911131398242e-13
4.740000000000000000e+02 0.000000000000000000e+00 0.000000000000000000e+00 1.587486154467895953e-13
4.750000000000000000e+02 0.000000000000000000e+00 0.000000000000000000e+00 1.581404923149949190e-13
4.760000000000000000e+02 0.000000000000000000e+00 0.000000000000000000e+00 1.575363883535752804e-13
4.770000000000000000e+02 0.000000000000000000e+00 0.000000000000000000e+00 1.569362742061784155e-13
4.780000000000000000e+02 0.000000000000000000e+00 0.000000000000000000e+00 1.563401169016878536e-13
4.790000000000000000e+02 0.000000000000000000e+00 0.000000000000000000e+00 1.557478874130422191e-13
4.800000000000000000e+02 0.000000000000000000e+00 0.000000000000000000e+00 1.551595531659007711e-13
4.810000000000000000e+02 0.000000000000000000e+00 0.000000000000000000e+00 1.545750854646953196e-13
4.820000000000000000e+02 0.000000000000000000e+00 0.000000000000000000e+00 1.539944521024964973e-13
4.830000000000000000e+02 0.000000000000000000e+00 0.000000000000000000e+00 1.534176247185850765e-13
4.840000000000000000e+02 0.000000000000000000e+00 0.000000000000000000e+00 1.528445714619376088e-13
4.850000000000000000e+02 0.000000000000000000e+00 0.000000000000000000e+00 1.522752642916343065e-13
4.860000000000000000e+02 0.000000000000000000e+00 0.000000000000000000e+00 1.517096717071461556e-13
4.870000000000000000e+02 0.000000000000000000e+00 0.000000000000000000e+00 1.511477659906670338e-13
4.880000000000000000e+02 0.000000000000000000e+00 0.000000000000000000e+00 1.505895159811570830e-13
4.890000000000000000e+02 0.000000000000000000e+00 0.000000000000000000e+00 1.500348942626378293e-13
4.900000000000000000e+02 0.000000000000000000e+00 0.000000000000000000e+00 1.494838700220737495e-13
4.910000000000000000e+02 0.000000000000000000e+00 0.000000000000000000e+00 1.489364161466194887e-13
4.920000000000000000e+02 0.000000000000000000e+00 0.000000000000000000e+00 1.483925021679193841e-13
4.930000000000000000e+02 0.000000000000000000e+00 0.000000000000000000e+00 1.478521012616873162e-13
4.940000000000000000e+02 0.000000000000000000e+00 0.000000000000000000e+00 1.473151832904938379e-13
4.950000000000000000e+02 0.000000000000000000e+00 0.000000000000000000e+00 1.467817217268785701e-13
4.960000000000000000e+02 0.000000000000000000e+00 0.000000000000000000e+00 1.462516867576788060e-13
4.970000000000000000e+02 0.000000000000000000e+00 0.000000000000000000e+00 1.457250521461002287e-13
4.980000000000000000e+02 0.000000000000000000e+00 0.000000000000000000e+00 1.452017884024122694e-13
4.990000000000000000e+02 0.000000000000000000e+00 0.000000000000000000e+00 1.446818695787971224e-13
5.000000000000000000e+02 0.000000000000000000e+00 0.000000000000000000e+00 1.441652665073354941e-13
5.010000000000000000e+02 0.000000000000000000e+00 0.000000000000000000e+00 1.436519535280534625e-13
5.020000000000000000e+02 0.000000000000000000e+00 0.000000000000000000e+00 1.431419018011868897e-13
5.030000000000000000e+02 0.000000000000000000e+00 0.000000000000000000e+00 1.426350859470732390e-13
5.040000000000000000e+02 0.000000000000000000e+00 0.000000000000000000e+00 1.421314774505673866e-13
5.050000000000000000e+02 0.000000000000000000e+00 0.000000000000000000e+00 1.416310512236842660e-13
5.060000000000000000e+02 0.000000000000000000e+00 0.000000000000000000e+00 1.411337790785722454e-13
5.070000000000000000e+02 0.000000000000000000e+00 0.000000000000000000e+00 1.406396362107063476e-13
5.080000000000000000e+02 0.000000000000000000e+00 0.000000000000000000e+00 1.401485947610543300e-13
5.090000000000000000e+02 0.000000000000000000e+00 0.000000000000000000e+00 1.396606302132354467e-13
5.100000000000000000e+02 0.000000000000000000e+00 0.000000000000000000e+00 1.391757150261120926e-13
5.110000000000000000e+02 0.000000000000000000e+00 0.000000000000000000e+00 1.386938249841739603e-13
5.120000000000000000e+02 0.000000000000000000e+00 0.000000000000000000e+00 1.382149328635486597e-13
5.130000000000000000e+02 0.000000000000000000e+00 0.000000000000000000e+00 1.377390147476412847e-13
5.140000000000000000e+02 0.000000000000000000e+00 0.000000000000000000e+00 1.372660437328191577e-13
5.150000000000000000e+02 0.000000000000000000e+00 0.000000000000000000e+00 1.367959962030461798e-13
5.160000000000000000e+02 0.000000000000000000e+00 0.000000000000000000e+00 1.363288455875669377e-13
5.170000000000000000e+02 0.000000000000000000e+00 0.000000000000000000e+00 1.358645685632839450e-13
5.180000000000000000e+02 0.000000000000000000e+00 0.000000000000000000e+00 1.354031388991281972e-13
5.190000000000000000e+02 0.000000000000000000e+00 0.000000000000000000e+00 1.349445335699339186e-13
5.200000000000000000e+02 0.000000000000000000e+00 0.000000000000000000e+00 1.344887266864547995e-13
5.210000000000000000e+02 0.000000000000000000e+00 0.000000000000000000e+00 1.340356955274894024e-13
5.220000000000000000e+02 0.000000000000000000e+00 0.000000000000000000e+00 1.335854145300495963e-13
5.230000000000000000e+02 0.000000000000000000e+00 0.000000000000000000e+00 1.331378612842422112e-13
5.240000000000000000e+02 0.000000000000000000e+00 0.000000000000000000e+00 1.326930105700535223e-13
5.250000000000000000e+02 0.000000000000000000e+00 0.000000000000000000e+00 1.322508402822194111e-13
5.260000000000000000e+02 0.000000000000000000e+00 0.000000000000000000e+00 1.318113255418028501e-13
5.270000000000000000e+02 0.000000000000000000e+00 0.000000000000000000e+00 1.313744445558035827e-13
5.280000000000000000e+02 0.000000000000000000e+00 0.000000000000000000e+00 1.309401727818234731e-13
5.290000000000000000e+02 0.000000000000000000e+00 0.000000000000000000e+00 1.305084887476619044e-13
5.300000000000000000e+02 0.000000000000000000e+00 0.000000000000000000e+00 1.300793682523304763e-13
5.310000000000000000e+02 0.000000000000000000e+00 0.000000000000000000e+00 1.296527901495149888e-13
5.320000000000000000e+02 0.000000000000000000e+00 0.000000000000000000e+00 1.292287305825041917e-13
5.330000000000000000e+02 0.000000000000000000e+00 0.000000000000000000e+00 1.288071687262742344e-13
5.340000000000000000e+02 0.000000000000000000e+00 0.000000000000000000e+00 1.283880810772029336e-13
5.350000000000000000e+02 0.000000000000000000e+00 0.000000000000000000e+00 1.279714471340680162e-13
5.360000000000000000e+02 0.000000000000000000e+00 0.000000000000000000e+00 1.275572437509411178e-13
5.370000000000000000e+02 0.000000000000000000e+00 0.000000000000000000e+00 1.271454507556959480e-13
5.380000000000000000e+02 0.000000000000000000e+00 0.000000000000000000e+00 1.267360453039032461e-13
5.390000000000000000e+02 0.000000000000000000e+00 0.000000000000000000e+00 1.263290076129486960e-13
5.400000000000000000e+02 0.000000000000000000e+00 0.000000000000000000e+00 1.259243151719181807e-13
5.410000000000000000e+02 0.000000000000000000e+00 0.000000000000000000e+00 1.255219485043233024e-13
5.420000000000000000e+02 0.000000000000000000e+00 0.000000000000000000e+00 1.251218854983660032e-13
5.430000000000000000e+02 0.000000000000000000e+00 0.000000000000000000e+00 1.247241070077474437e-13
5.440000000000000000e+02 0.000000000000000000e+00 0.000000000000000000e+00 1.243285912441816760e-13
5.450000000000000000e+02 0.000000000000000000e+00 0.000000000000000000e+00 1.239353193982166223e-13
5.460000000000000000e+02 0.000000000000000000e+00 0.000000000000000000e+00 1.235442700831787791e-13
5.470000000000000000e+02 0.000000000000000000e+00 0.000000000000000000e+00 1.231554247781701544e-13
5.480000000000000000e+02 0.000000000000000000e+00 0.000000000000000000e+00 1.227687624205316251e-13
5.490000000000000000e+02 0.000000000000000000e+00 0.000000000000000000e+00 1.223842648643143217e-13
5.500000000000000000e+02 0.000000000000000000e+00 0.000000000000000000e+00 1.220019114522518119e-13
5.510000000000000000e+02 0.000000000000000000e+00 0.000000000000000000e+00 1.216216843364263211e-13
5.520000000000000000e+02 0.000000000000000000e+00 0.000000000000000000e+00 1.212435631908605338e-13
5.530000000000000000e+02 0.000000000000000000e+00 0.000000000000000000e+00 1.208675305478995899e-13
5.540000000000000000e+02 0.000000000000000000e+00 0.000000000000000000e+00 1.204935663876722761e-13
5.550000000000000000e+02 0.000000000000000000e+00 0.000000000000000000e+00 1.201216536016529246e-13
5.560000000000000000e+02 0.000000000000000000e+00 0.000000000000000000e+00 1.197517725557842174e-13
5.570000000000000000e+02 0.000000000000000000e+00 0.000000000000000000e+00 1.193839064997375101e-13
5.580000000000000000e+02 0.000000000000000000e+00 0.000000000000000000e+00 1.190180361217909926e-13
5.590000000000000000e+02 0.000000000000000000e+00 0.000000000000000000e+00 1.186541449787377212e-13
5.600000000000000000e+02 0.000000000000000000e+00 0.000000000000000000e+00 1.182922141554938362e-13
5.610000000000000000e+02 0.000000000000000000e+00 0.000000000000000000e+00 1.179322275410144580e-13
5.620000000000000000e+02 0.000000000000000000e+00 0.000000000000000000e+00 1.175741665971478563e-13
5.630000000000000000e+02 0.000000000000000000e+00 0.000000000000000000e+00 1.172180155059779741e-13
5.640000000000000000e+02 0.000000000000000000e+00 0.000000000000000000e+00 1.168637561067338136e-13
5.650000000000000000e+02 0.000000000000000000e+00 0.000000000000000000e+00 1.165113729499523663e-13
5.660000000000000000e+02 0.000000000000000000e+00 0.000000000000000000e+00 1.161608482016089979e-13
5.670000000000000000e+02 0.000000000000000000e+00 0.000000000000000000e+00 1.158121667641752534e-13
5.680000000000000000e+02 0.000000000000000000e+00 0.000000000000000000e+00 1.154653111571587164e-13
5.690000000000000000e+02 0.000000000000000000e+00 0.000000000000000000e+00 1.151202665887481317e-13
5.700000000000000000e+02 0.000000000000000000e+00 0.000000000000000000e+00 1.147770159829210465e-13
5.710000000000000000e+02 0.000000000000000000e+00 0.000000000000000000e+00 1.144355448754026670e-13
5.720000000000000000e+02 0.000000000000000000e+00 0.000000000000000000e+00 1.140958365265876319e-13
5.730000000000000000e+02 0.000000000000000000e+00 0.000000000000000000e+00 1.137578768080433424e-13
5.740000000000000000e+02 0.000000000000000000e+00 0.000000000000000000e+00 1.134216493374997092e-13
5.750000000000000000e+02 0.000000000000000000e+00 0.000000000000000000e+00 1.130871403229704570e-13
5.760000000000000000e+02 0.000000000000000000e+00 0.000000000000000000e+00 1.127543336963985896e-13
5.770000000000000000e+02 0.000000000000000000e+00 0.000000000000000000e+00 1.124232160479780570e-13
5.780000000000000000e+02 0.000000000000000000e+00 0.000000000000000000e+00 1.120937716491288511e-13
5.790000000000000000e+02 0.000000000000000000e+00 0.000000000000000000e+00 1.117659874040227706e-13
5.800000000000000000e+02 0.000000000000000000e+00 0.000000000000000000e+00 1.114398479278267925e-13
5.810000000000000000e+02 0.000000000000000000e+00 0.000000000000000000e+00 1.111153404593347381e-13
5.820000000000000000e+02 0.000000000000000000e+00 0.000000000000000000e+00 1.107924500012046485e-13
5.830000000000000000e+02 0.000000000000000000e+00 0.000000000000000000e+00 1.104711640367351574e-13
5.840000000000000000e+02 0.000000000000000000e+00 0.000000000000000000e+00 1.101514679359811642e-13
5.850000000000000000e+02 0.000000000000000000e+00 0.000000000000000000e+00 1.098333495156473056e-13
5.860000000000000000e+02 0.000000000000000000e+00 0.000000000000000000e+00 1.095167945034590758e-13
5.870000000000000000e+02 0.000000000000000000e+00 0.000000000000000000e+00 1.092017909933012619e-13
5.880000000000000000e+02 0.000000000000000000e+00 0.000000000000000000e+00 1.088883250254779438e-13
5.890000000000000000e+02 0.000000000000000000e+00 0.000000000000000000e+00 1.085763850288081942e-13
5.900000000000000000e+02 0.000000000000000000e+00 0.000000000000000000e+00 1.082659573731673612e-13
5.910000000000000000e+02 0.000000000000000000e+00 0.000000000000000000e+00 1.079570307654194235e-13
5.920000000000000000e+02 0.000000000000000000e+00 0.000000000000000000e+00 1.076495919037592836e-13
5.930000000000000000e+02 0.000000000000000000e+00 0.000000000000000000e+00 1.073436297870129100e-13
5.940000000000000000e+02 0.000000000000000000e+00 0.000000000000000000e+00 1.070391314380101986e-13
5.950000000000000000e+02 0.000000000000000000e+00 0.000000000000000000e+00 1.067360861497473633e-13
5.960000000000000000e+02 0.000000000000000000e+00 0.000000000000000000e+00 1.064344812643647217e-13
5.970000000000000000e+02 0.000000000000000000e+00 0.000000000000000000e+00 1.061343063664573872e-13
5.980000000000000000e+02 0.000000000000000000e+00 0.000000000000000000e+00 1.058355490708065834e-13
5.990000000000000000e+02 0.000000000000000000e+00 0.000000000000000000e+00 1.055381992116827839e-13
6.000000000000000000e+02 0.000000000000000000e+00 0.000000000000000000e+00 1.052422447310944904e-13
6.010000000000000000e+02 0.000000000000000000e+00 0.000000000000000000e+00 1.049476757645589335e-13
6.020000000000000000e+02 0.000000000000000000e+00 0.000000000000000000e+00 1.046544805228072172e-13
6.030000000000000000e+02 0.000000000000000000e+00 0.000000000000000000e+00 1.043626493810369379e-13
6.040000000000000000e+02 0.000000000000000000e+00 0.000000000000000000e+00 1.040721707936488546e-13
6.050000000000000000e+02 0.000000000000000000e+00 0.000000000000000000e+00 1.037830354627673934e-13
6.060000000000000000e+02 0.000000000000000000e+00 0.000000000000000000e+00 1.034952320631851088e-13
6.070000000000000000e+02 0.000000000000000000e+00 0.000000000000000000e+00 1.032087515450340089e-13
6.080000000000000000e+02 0.000000000000000000e+00 0.000000000000000000e+00 1.029235828619888448e-13
6.090000000000000000e+02 0.000000000000000000e+00 0.000000000000000000e+00 1.026397172139399222e-13
6.100000000000000000e+02 0.000000000000000000e+00 0.000000000000000000e+00 1.023571437770669129e-13
6.110000000000000000e+02 0.000000000000000000e+00 0.000000000000000000e+00 1.020758539985628539e-13
6.120000000000000000e+02 0.000000000000000000e+00 0.000000000000000000e+00 1.017958373215051758e-13
6.130000000000000000e+02 0.000000000000000000e+00 0.000000000000000000e+00 1.015170853605628052e-13
6.140000000000000000e+02 0.000000000000000000e+00 0.000000000000000000e+00 1.012395878064264123e-13
6.150000000000000000e+02 0.000000000000000000e+00 0.000000000000000000e+00 1.009633365083469642e-13
6.160000000000000000e+02 0.000000000000000000e+00 0.000000000000000000e+00 1.006883213935649939e-13
6.170000000000000000e+02 0.000000000000000000e+00 0.000000000000000000e+00 1.004145344560325400e-13
6.180000000000000000e+02 0.000000000000000000e+00 0.000000000000000000e+00 1.001419658553277087e-13
6.190000000000000000e+02 0.000000000000000000e+00 0.000000000000000000e+00 9.987060782940737688e-14
6.200000000000000000e+02 0.000000000000000000e+00 0.000000000000000000e+00 9.960045069039786890e-14
6.210000000000000000e+02 0.000000000000000000e+00 0.000000000000000000e+00 9.933148688789181672e-14
6.220000000000000000e+02 0.000000000000000000e+00 0.000000000000000000e+00 9.906370691819589835e-14
6.230000000000000000e+02 0.000000000000000000e+00 0.000000000000000000e+00 9.879710342927917536e-14
6.240000000000000000e+02 0.000000000000000000e+00 0.000000000000000000e+00 9.853166710173770642e-14
6.250000000000000000e+02 0.000000000000000000e+00 0.000000000000000000e+00 9.826739074162662505e-14
6.260000000000000000e+02 0.000000000000000000e+00 0.000000000000000000e+00 9.800426524578690153e-14
6.270000000000000000e+02 0.000000000000000000e+00 0.000000000000000000e+00 9.774228358905820982e-14
6.280000000000000000e+02 0.000000000000000000e+00 0.000000000000000000e+00 9.748143682953429440e-14
6.290000000000000000e+02 0.000000000000000000e+00 0.000000000000000000e+00 9.722171807631843780e-14
6.300000000000000000e+02 0.000000000000000000e+00 0.000000000000000000e+00 9.696311858948507536e-14
6.310000000000000000e+02 0.000000000000000000e+00 0.000000000000000000e+00 9.670563165858742745e-14
6.320000000000000000e+02 0.000000000000000000e+00 0.000000000000000000e+00 9.644924866180512967e-14
6.330000000000000000e+02 0.000000000000000000e+00 0.000000000000000000e+00 9.619396305250950174e-14
6.340000000000000000e+02 0.000000000000000000e+00 0.000000000000000000e+00 9.593976638590377233e-14
6.350000000000000000e+02 0.000000000000000000e+00 0.000000000000000000e+00 9.568665223853250780e-14
6.360000000000000000e+02 0.000000000000000000e+00 0.000000000000000000e+00 9.543461232945704719e-14
6.370000000000000000e+02 0.000000000000000000e+00 0.000000000000000000e+00 9.518364036951037985e-14
6.380000000000000000e+02 0.000000000000000000e+00 0.000000000000000000e+00 9.493372823790558378e-14
6.390000000000000000e+02 0.000000000000000000e+00 0.000000000000000000e+00 9.468486974871487210e-14
6.400000000000000000e+02 0.000000000000000000e+00 0.000000000000000000e+00 9.443705696840655541e-14
6.410000000000000000e+02 0.000000000000000000e+00 0.000000000000000000e+00 9.419028382881738540e-14
6.420000000000000000e+02 0.000000000000000000e+00 0.000000000000000000e+00 9.394454252866887239e-14
6.430000000000000000e+02 0.000000000000000000e+00 0.000000000000000000e+00 9.369982712378865323e-14
6.440000000000000000e+02 0.000000000000000000e+00 0.000000000000000000e+00 9.345612995532559792e-14
6.450000000000000000e+02 0.000000000000000000e+00 0.000000000000000000e+00 9.321344519906232774e-14
6.460000000000000000e+02 0.000000000000000000e+00 0.000000000000000000e+00 9.297176533959741086e-14
6.470000000000000000e+02 0.000000000000000000e+00 0.000000000000000000e+00 9.273108467240836871e-14
6.480000000000000000e+02 0.000000000000000000e+00 0.000000000000000000e+00 9.249139579148314220e-14
6.490000000000000000e+02 0.000000000000000000e+00 0.000000000000000000e+00 9.225269311303171321e-14
6.500000000000000000e+02 0.000000000000000000e+00 0.000000000000000000e+00 9.201496935303984127e-14
6.510000000000000000e+02 0.000000000000000000e+00 0.000000000000000000e+00 9.177821907523000422e-14
6.520000000000000000e+02 0.000000000000000000e+00 0.000000000000000000e+00 9.154243512193357761e-14
6.530000000000000000e+02 0.000000000000000000e+00 0.000000000000000000e+00 9.130761212876936778e-14
6.540000000000000000e+02 0.000000000000000000e+00 0.000000000000000000e+00 9.107374309252671842e-14
6.550000000000000000e+02 0.000000000000000000e+00 0.000000000000000000e+00 9.084082274500387204e-14
6.560000000000000000e+02 0.000000000000000000e+00 0.000000000000000000e+00 9.060884422220247576e-14
6.570000000000000000e+02 0.000000000000000000e+00 0.000000000000000000e+00 9.037780238703060311e-14
6.580000000000000000e+02 0.000000000000000000e+00 0.000000000000000000e+00 9.014769045115367796e-14
6.590000000000000000e+02 0.000000000000000000e+00 0.000000000000000000e+00 8.991850339557033286e-14
6.600000000000000000e+02 0.000000000000000000e+00 0.000000000000000000e+00 8.969023456484870787e-14
6.610000000000000000e+02 0.000000000000000000e+00 0.000000000000000000e+00 8.946287902256466306e-14
6.620000000000000000e+02 0.000000000000000000e+00 0.000000000000000000e+00 8.923643026479859902e-14
6.630000000000000000e+02 0.000000000000000000e+00 0.000000000000000000e+00 8.901088345386467481e-14
6.640000000000000000e+02 0.000000000000000000e+00 0.000000000000000000e+00 8.878623216601946575e-14
6.650000000000000000e+02 0.000000000000000000e+00 0.000000000000000000e+00 8.856247168905913987e-14
6.660000000000000000e+02 0.000000000000000000e+00 0.000000000000000000e+00 8.833959573171619604e-14
6.670000000000000000e+02 0.000000000000000000e+00 0.000000000000000000e+00 8.811759966481062603e-14
6.680000000000000000e+02 0.000000000000000000e+00 0.000000000000000000e+00 8.789647729430188381e-14
6.690000000000000000e+02 0.000000000000000000e+00 0.000000000000000000e+00 8.767622414257296122e-14
6.700000000000000000e+02 0.000000000000000000e+00 0.000000000000000000e+00 8.745683409456005235e-14
6.710000000000000000e+02 0.000000000000000000e+00 0.000000000000000000e+00 8.723830276760436541e-14
6.720000000000000000e+02 0.000000000000000000e+00 0.000000000000000000e+00 8.702062419618221537e-14
6.730000000000000000e+02 0.000000000000000000e+00 0.000000000000000000e+00 8.680379407606915504e-14
6.740000000000000000e+02 0.000000000000000000e+00 0.000000000000000000e+00 8.658780653864829058e-14
6.750000000000000000e+02 0.000000000000000000e+00 0.000000000000000000e+00 8.637265740237681589e-14
6.760000000000000000e+02 0.000000000000000000e+00 0.000000000000000000e+00 8.615834090472228658e-14
6.770000000000000000e+02 0.000000000000000000e+00 0.000000000000000000e+00 8.594485296990359461e-14
6.780000000000000000e+02 0.000000000000000000e+00 0.000000000000000000e+00 8.573218794100498202e-14
6.790000000000000000e+02 0.000000000000000000e+00 0.000000000000000000e+00 8.552034182469630004e-14
6.800000000000000000e+02 0.000000000000000000e+00 0.000000000000000000e+00 8.530930909835514884e-14
6.810000000000000000e+02 0.000000000000000000e+00 0.000000000000000000e+00 8.509908583049839015e-14
6.820000000000000000e+02 0.000000000000000000e+00 0.000000000000000000e+00 8.488966664595967547e-14
6.830000000000000000e+02 0.000000000000000000e+00 0.000000000000000000e+00 8.468104769561616361e-14
6.840000000000000000e+02 0.000000000000000000e+00 0.000000000000000000e+00 8.447322370507475065e-14
6.850000000000000000e+02 0.000000000000000000e+00 0.000000000000000000e+00 8.426619093488873486e-14
6.860000000000000000e+02 0.000000000000000000e+00 0.000000000000000000e+00 8.405994422174306488e-14
6.870000000000000000e+02 0.000000000000000000e+00 0.000000000000000000e+00 8.385447992661002822e-14
6.880000000000000000e+02 0.000000000000000000e+00 0.000000000000000000e+00 8.364979297049637007e-14
6.890000000000000000e+02 0.000000000000000000e+00 0.000000000000000000e+00 8.344587985884974675e-14
6.900000000000000000e+02 0.000000000000000000e+00 0.000000000000000000e+00 8.324273558506007908e-14
6.910000000000000000e+02 0.000000000000000000e+00 0.000000000000000000e+00 8.304035675184381964e-14
6.920000000000000000e+02 0.000000000000000000e+00 0.000000000000000000e+00 8.283873848832714337e-14
6.930000000000000000e+02 0.000000000000000000e+00 0.000000000000000000e+00 8.263787749125807906e-14
6.940000000000000000e+02 0.000000000000000000e+00 0.000000000000000000e+00 8.243776898360507645e-14
6.950000000000000000e+02 0.000000000000000000e+00 0.000000000000000000e+00 8.223840974077380073e-14
6.960000000000000000e+02 0.000000000000000000e+00 0.000000000000000000e+00 8.203979512749302581e-14
6.970000000000000000e+02 0.000000000000000000e+00 0.000000000000000000e+00 8.184192200555965431e-14
6.980000000000000000e+02 0.000000000000000000e+00 0.000000000000000000e+00 8.164478583705507763e-14
6.990000000000000000e+02 0.000000000000000000e+00 0.000000000000000000e+00 8.144838359645558812e-14
7.000000000000000000e+02 0.000000000000000000e+00 0.000000000000000000e+00 8.125271084979970225e-14
7.010000000000000000e+02 0.000000000000000000e+00 0.000000000000000000e+00 8.105776466710275756e-14
7.020000000000000000e+02 0.000000000000000000e+00 0.000000000000000000e+00 8.086354072113055956e-14
7.030000000000000000e+02 0.000000000000000000e+00 0.000000000000000000e+00 8.067003617574994713e-14
7.040000000000000000e+02 0.000000000000000000e+00 0.000000000000000000e+00 8.047724680557297265e-14
7.050000000000000000e+02 0.000000000000000000e+00 0.000000000000000000e+00 8.028516986785105906e-14
7.060000000000000000e+02 0.000000000000000000e+00 0.000000000000000000e+00 8.009380125635672769e-14
7.070000000000000000e+02 0.000000000000000000e+00 0.000000000000000000e+00 7.990313832180229676e-14
7.080000000000000000e+02 0.000000000000000000e+00 0.000000000000000000e+00 7.971317704332276205e-14
7.090000000000000000e+02 0.000000000000000000e+00 0.000000000000000000e+00 7.952391488295694137e-14
7.100000000000000000e+02 0.000000000000000000e+00 0.000000000000000000e+00 7.933534791519919213e-14
7.110000000000000000e+02 0.000000000000000000e+00 0.000000000000000000e+00 7.914747367575636650e-14
7.120000000000000000e+02 0.000000000000000000e+00 0.000000000000000000e+00 7.896028835388542288e-14
7.130000000000000000e+02 0.000000000000000000e+00 0.000000000000000000e+00 7.877378958993012203e-14
7.140000000000000000e+02 0.000000000000000000e+00 0.000000000000000000e+00 7.858797367405996085e-14
7.150000000000000000e+02 0.000000000000000000e+00 0.000000000000000000e+00 7.840283831736107026e-14
7.160000000000000000e+02 0.000000000000000000e+00 0.000000000000000000e+00 7.821837990596752289e-14
7.170000000000000000e+02 0.000000000000000000e+00 0.000000000000000000e+00 7.803459624985934989e-14
7.180000000000000000e+02 0.000000000000000000e+00 0.000000000000000000e+00 7.785148384700593242e-14
7.190000000000000000e+02 0.000000000000000000e+00 0.000000000000000000e+00 7.766904057562857885e-14
7.200000000000000000e+02 0.000000000000000000e+00 0.000000000000000000e+00 7.748726303167295494e-14
7.210000000000000000e+02 0.000000000000000000e+00 0.000000000000000000e+00 7.730614918266536839e-14
7.220000000000000000e+02 0.000000000000000000e+00 0.000000000000000000e+00 7.712569571989513248e-14
7.230000000000000000e+02 0.000000000000000000e+00 0.000000000000000000e+00 7.694590067002344900e-14
7.240000000000000000e+02 0.000000000000000000e+00 0.000000000000000000e+00 7.676676083353380823e-14
7.250000000000000000e+02 0.000000000000000000e+00 0.000000000000000000e+00 7.658827431827440147e-14
7.260000000000000000e+02 0.000000000000000000e+00 0.000000000000000000e+00 7.641043800135129622e-14
7.270000000000000000e+02 0.000000000000000000e+00 0.000000000000000000e+00 7.623325008177581027e-14
7.280000000000000000e+02 0.000000000000000000e+00 0.000000000000000000e+00 7.605670749580728252e-14
7.290000000000000000e+02 0.000000000000000000e+00 0.000000000000000000e+00 7.588080853806273155e-14
7.300000000000000000e+02 0.000000000000000000e+00 0.000000000000000000e+00 7.570555022794763761e-14
7.310000000000000000e+02 0.000000000000000000e+00 0.000000000000000000e+00 7.553093092045245026e-14
7.320000000000000000e+02 0.000000000000000000e+00 0.000000000000000000e+00 7.535694772473156951e-14
7.330000000000000000e+02 0.000000000000000000e+00 0.000000000000000000e+00 7.518359905823069873e-14
7.340000000000000000e+02 0.000000000000000000e+00 0.000000000000000000e+00 7.501088208807021688e-14
7.350000000000000000e+02 0.000000000000000000e+00 0.000000000000000000e+00 7.483879530580441215e-14
7.360000000000000000e+02 0.000000000000000000e+00 0.000000000000000000e+00 7.466733595627578656e-14
7.370000000000000000e+02 0.000000000000000000e+00 0.000000000000000000e+00 7.449650259393811812e-14
7.380000000000000000e+02 0.000000000000000000e+00 0.000000000000000000e+00 7.432629250770662101e-14
7.390000000000000000e+02 0.000000000000000000e+00 0.000000000000000000e+00 7.415670432593861728e-14
7.400000000000000000e+02 0.000000000000000000e+00 0.000000000000000000e+00 7.398773538911388945e-14
7.410000000000000000e+02 0.000000000000000000e+00 0.000000000000000000e+00 7.381938438051910367e-14
7.420000000000000000e+02 0.000000000000000000e+00 0.000000000000000000e+00 7.365164872289092932e-14
7.430000000000000000e+02 0.000000000000000000e+00 0.000000000000000000e+00 7.348452713266105215e-14
7.440000000000000000e+02 0.000000000000000000e+00 0.000000000000000000e+00 7.331801707195467335e-14
7.450000000000000000e+02 0.000000000000000000e+00 0.000000000000000000e+00 7.315211732777166835e-14
7.460000000000000000e+02 0.000000000000000000e+00 0.000000000000000000e+00 7.298682540608085266e-14
7.470000000000000000e+02 0.000000000000000000e+00 0.000000000000000000e+00 7.282214013744247077e-14
7.480000000000000000e+02 0.000000000000000000e+00 0.000000000000000000e+00 7.265805906909650866e-14
7.490000000000000000e+02 0.000000000000000000e+00 0.000000000000000000e+00 7.249458106876710440e-14
7.500000000000000000e+02 0.000000000000000000e+00 0.000000000000000000e+00 7.233170374628432357e-14
7.510000000000000000e+02 0.000000000000000000e+00 0.000000000000000000e+00 7.216942598812539599e-14
7.520000000000000000e+02 0.000000000000000000e+00 0.000000000000000000e+00 7.200774543055324816e-14
7.530000000000000000e+02 0.000000000000000000e+00 0.000000000000000000e+00 7.184666100989141295e-14
7.540000000000000000e+02 0.000000000000000000e+00 0.000000000000000000e+00 7.168617038997230644e-14
7.550000000000000000e+02 0.000000000000000000e+00 0.000000000000000000e+00 7.152627252228822172e-14
7.560000000000000000e+02 0.000000000000000000e+00 0.000000000000000000e+00 7.136696512230836499e-14
7.570000000000000000e+02 0.000000000000000000e+00 0.000000000000000000e+00 7.120824715635428908e-14
7.580000000000000000e+02 0.000000000000000000e+00 0.000000000000000000e+00 7.105011635965971260e-14
7.590000000000000000e+02 0.000000000000000000e+00 0.000000000000000000e+00 7.089257172266951697e-14
7.600000000000000000e+02 0.000000000000000000e+00 0.000000000000000000e+00 7.073561101335541342e-14
7.610000000000000000e+02 0.000000000000000000e+00 0.000000000000000000e+00 7.057923323702620252e-14
7.620000000000000000e+02 0.000000000000000000e+00 0.000000000000000000e+00 7.042343616305396875e-14
7.630000000000000000e+02 0.000000000000000000e+00 0.000000000000000000e+00 7.026821882207387310e-14
7.640000000000000000e+02 0.000000000000000000e+00 0.000000000000000000e+00 7.011357900499970877e-14
7.650000000000000000e+02 0.000000000000000000e+00 0.000000000000000000e+00 6.995951573370718840e-14
7.660000000000000000e+02 0.000000000000000000e+00 0.000000000000000000e+00 6.980602682650781239e-14
7.670000000000000000e+02 0.000000000000000000e+00 0.000000000000000000e+00 6.965311130198805893e-14
7.680000000000000000e+02 0.000000000000000000e+00 0.000000000000000000e+00 6.950076700567786860e-14
7.690000000000000000e+02 0.000000000000000000e+00 0.000000000000000000e+00 6.934899294500141352e-14
7.700000000000000000e+02 0.000000000000000000e+00 0.000000000000000000e+00 6.919778694929536459e-14
7.710000000000000000e+02 0.000000000000000000e+00 0.000000000000000000e+00 6.904714806050005477e-14
7.720000000000000000e+02 0.000000000000000000e+00 0.000000000000000000e+00 6.889707409777297152e-14
7.730000000000000000e+02 0.000000000000000000e+00 0.000000000000000000e+00 6.874756408054923068e-14
7.740000000000000000e+02 0.000000000000000000e+00 0.000000000000000000e+00 6.859861584638747851e-14
7.750000000000000000e+02 0.000000000000000000e+00 0.000000000000000000e+00 6.845022841383246562e-14
7.760000000000000000e+02 0.000000000000000000e+00 0.000000000000000000e+00 6.830239960777769538e-14
7.770000000000000000e+02 0.000000000000000000e+00 0.000000000000000000e+00 6.815512845052608962e-14
7.780000000000000000e+02 0.000000000000000000e+00 0.000000000000000000e+00 6.800841275554810502e-14
7.790000000000000000e+02 0.000000000000000000e+00 0.000000000000000000e+00 6.786225151937003379e-14
7.800000000000000000e+02 0.000000000000000000e+00 0.000000000000000000e+00 6.771664257099329988e-14
7.810000000000000000e+02 0.000000000000000000e+00 0.000000000000000000e+00 6.757158488553589895e-14
7.820000000000000000e+02 0.000000000000000000e+00 0.000000000000000000e+00 6.742707627443982966e-14
7.830000000000000000e+02 0.000000000000000000e+00 0.000000000000000000e+00 6.728311570334327675e-14
7.840000000000000000e+02 0.000000000000000000e+00 0.000000000000000000e+00 6.713970098010961240e-14
7.850000000000000000e+02 0.000000000000000000e+00 0.000000000000000000e+00 6.699683103663062468e-14
7.860000000000000000e+02 0.000000000000000000e+00 0.000000000000000000e+00 6.685450366968391814e-14
7.870000000000000000e+02 0.000000000000000000e+00 0.000000000000000000e+00 6.671271780752978174e-14
7.880000000000000000e+02 0.000000000000000000e+00 0.000000000000000000e+00 6.657147121513753472e-14
7.890000000000000000e+02 0.000000000000000000e+00 0.000000000000000000e+00 6.643076280470494532e-14
7.900000000000000000e+02 0.000000000000000000e+00 0.000000000000000000e+00 6.629059032670116059e-14
7.910000000000000000e+02 0.000000000000000000e+00 0.000000000000000000e+00 6.615095266977224770e-14
7.920000000000000000e+02 0.000000000000000000e+00 0.000000000000000000e+00 6.601184756268510861e-14
7.930000000000000000e+02 0.000000000000000000e+00 0.000000000000000000e+00 6.587327388207947373e-14
7.940000000000000000e+02 0.000000000000000000e+00 0.000000000000000000e+00 6.573522931841229433e-14
7.950000000000000000e+02 0.000000000000000000e+00 0.000000000000000000e+00 6.559771272258215102e-14
7.960000000000000000e+02 0.000000000000000000e+00 0.000000000000000000e+00 6.546072177850377592e-14
7.970000000000000000e+02 0.000000000000000000e+00 0.000000000000000000e+00 6.532425529719760659e-14
7.980000000000000000e+02 0.000000000000000000e+00 0.000000000000000000e+00 6.518831093972440577e-14
7.990000000000000000e+02 0.000000000000000000e+00 0.000000000000000000e+00 6.505288749261296640e-14
8.000000000000000000e+02 0.000000000000000000e+00 0.000000000000000000e+00 6.491798257864762395e-14
8.010000000000000000e+02 0.000000000000000000e+00 0.000000000000000000e+00 6.478359496403913105e-14
8.020000000000000000e+02 0.000000000000000000e+00 0.000000000000000000e+00 6.464972225152925308e-14
8.030000000000000000e+02 0.000000000000000000e+00 0.000000000000000000e+00 6.451636315259068157e-14
8.040000000000000000e+02 0.000000000000000000e+00 0.000000000000000000e+00 6.438351525399517884e-14
8.050000000000000000e+02 0.000000000000000000e+00 0.000000000000000000e+00 6.425117723697564634e-14
8.060000000000000000e+02 0.000000000000000000e+00 0.000000000000000000e+00 6.411934667481971443e-14
8.070000000000000000e+02 0.000000000000000000e+00 0.000000000000000000e+00 6.398802219923032103e-14
8.080000000000000000e+02 0.000000000000000000e+00 0.000000000000000000e+00 6.385720134995500271e-14
8.090000000000000000e+02 0.000000000000000000e+00 0.000000000000000000e+00 6.372688273881693559e-14
8.100000000000000000e+02 0.000000000000000000e+00 0.000000000000000000e+00 6.359706387279900643e-14
8.110000000000000000e+02 0.000000000000000000e+00 0.000000000000000000e+00 6.346774331973820146e-14
8.120000000000000000e+02 0.000000000000000000e+00 0.000000000000000000e+00 6.333891855430852991e-14
8.130000000000000000e+02 0.000000000000000000e+00 0.000000000000000000e+00 6.321058811527066315e-14
8.140000000000000000e+02 0.000000000000000000e+00 0.000000000000000000e+00 6.308274945499469795e-14
8.150000000000000000e+02 0.000000000000000000e+00 0.000000000000000000e+00 6.295540106513529082e-14
8.160000000000000000e+02 0.000000000000000000e+00 0.000000000000000000e+00 6.282854037174066090e-14
8.170000000000000000e+02 0.000000000000000000e+00 0.000000000000000000e+00 6.270216583436436682e-14
8.180000000000000000e+02 0.000000000000000000e+00 0.000000000000000000e+00 6.257627483733732800e-14
8.190000000000000000e+02 0.000000000000000000e+00 0.000000000000000000e+00 6.245086581832965982e-14
8.200000000000000000e+02 0.000000000000000000e+00 0.000000000000000000e+00 6.232593612366953236e-14
8.210000000000000000e+02 0.000000000000000000e+00 0.000000000000000000e+00 6.220148414897672316e-14
8.220000000000000000e+02 0.000000000000000000e+00 0.000000000000000000e+00 6.207750721755689437e-14
8.230000000000000000e+02 0.000000000000000000e+00 0.000000000000000000e+00 6.195400369702560218e-14
8.240000000000000000e+02 0.000000000000000000e+00 0.000000000000000000e+00 6.183097087122916877e-14
8.250000000000000000e+02 0.000000000000000000e+00 0.000000000000000000e+00 6.170840707462703618e-14
8.260000000000000000e+02 0.000000000000000000e+00 0.000000000000000000e+00 6.158630955642212565e-14
8.270000000000000000e+02 0.000000000000000000e+00 0.000000000000000000e+00 6.146467661857644499e-14
8.280000000000000000e+02 0.000000000000000000e+00 0.000000000000000000e+00 6.134350548692864773e-14
8.290000000000000000e+02 0.000000000000000000e+00 0.000000000000000000e+00 6.122279442024861288e-14
8.300000000000000000e+02 0.000000000000000000e+00 0.000000000000000000e+00 6.110254061812589346e-14
8.310000000000000000e+02 0.000000000000000000e+00 0.000000000000000000e+00 6.098274231321014893e-14
8.320000000000000000e+02 0.000000000000000000e+00 0.000000000000000000e+00 6.086339666811885184e-14
8.330000000000000000e+02 0.000000000000000000e+00 0.000000000000000000e+00 6.074450189774772219e-14
8.340000000000000000e+02 0.000000000000000000e+00 0.000000000000000000e+00 6.062605513438264434e-14
8.350000000000000000e+02 0.000000000000000000e+00 0.000000000000000000e+00 6.050805455902582220e-14
8.360000000000000000e+02 0.000000000000000000e+00 0.000000000000000000e+00 6.039049728745919810e-14
8.370000000000000000e+02 0.000000000000000000e+00 0.000000000000000000e+00 6.027338145971371151e-14
8.380000000000000000e+02 0.000000000000000000e+00 0.000000000000000000e+00 6.015670418415145578e-14
8.390000000000000000e+02 0.000000000000000000e+00 0.000000000000000000e+00 6.004046356765782064e-14
8.400000000000000000e+02 0.000000000000000000e+00 0.000000000000000000e+00 5.992465669462789152e-14
8.410000000000000000e+02 0.000000000000000000e+00 0.000000000000000000e+00 5.980928164368609729e-14
8.420000000000000000e+02 0.000000000000000000e+00 0.000000000000000000e+00 5.969433548987369038e-14
8.430000000000000000e+02 0.000000000000000000e+00 0.000000000000000000e+00 5.957981628741142882e-14
8.440000000000000000e+02 0.000000000000000000e+00 0.000000000000000000e+00 5.946572108869234319e-14
8.450000000000000000e+02 0.000000000000000000e+00 0.000000000000000000e+00 5.935204793537929586e-14
8.460000000000000000e+02 0.000000000000000000e+00 0.000000000000000000e+00 5.923879385380294344e-14
8.470000000000000000e+02 0.000000000000000000e+00 0.000000000000000000e+00 5.912595687078746009e-14
8.480000000000000000e+02 0.000000000000000000e+00 0.000000000000000000e+00 5.901353400577925846e-14
8.490000000000000000e+02 0.000000000000000000e+00 0.000000000000000000e+00 5.890152326030025987e-14
8.500000000000000000e+02 0.000000000000000000e+00 0.000000000000000000e+00 5.878992163523197589e-14
8.510000000000000000e+02 0.000000000000000000e+00 0.000000000000000000e+00 5.867872712531981070e-14
8.520000000000000000e+02 0.000000000000000000e+00 0.000000000000000000e+00 5.856793672960499593e-14
8.530000000000000000e+02 0.000000000000000000e+00 0.000000000000000000e+00 5.845754842480456106e-14
8.540000000000000000e+02 0.000000000000000000e+00 0.000000000000000000e+00 5.834755919605282677e-14
8.550000000000000000e+02 0.000000000000000000e+00 0.000000000000000000e+00 5.823796700804580666e-14
8.560000000000000000e+02 0.000000000000000000e+00 0.000000000000000000e+00 5.812876885014236721e-14
8.570000000000000000e+02 0.000000000000000000e+00 0.000000000000000000e+00 5.801996267796470308e-14
8.580000000000000000e+02 0.000000000000000000e+00 0.000000000000000000e+00 5.791154547247479285e-14
8.590000000000000000e+02 0.000000000000000000e+00 0.000000000000000000e+00 5.780351518443066435e-14
8.600000000000000000e+02 0.000000000000000000e+00 0.000000000000000000e+00 5.769586879344733825e-14
8.610000000000000000e+02 0.000000000000000000e+00 0.000000000000000000e+00 5.758860424719550586e-14
8.620000000000000000e+02 0.000000000000000000e+00 0.000000000000000000e+00 5.748171852749027672e-14
8.630000000000000000e+02 0.000000000000000000e+00 0.000000000000000000e+00 5.737520957140284102e-14
8.640000000000000000e+02 0.000000000000000000e+00 0.000000000000000000e+00 5.726907436587964020e-14
8.650000000000000000e+02 0.000000000000000000e+00 0.000000000000000000e+00 5.716331084683091364e-14
8.660000000000000000e+02 0.000000000000000000e+00 0.000000000000000000e+00 5.705791600837755923e-14
8.670000000000000000e+02 0.000000000000000000e+00 0.000000000000000000e+00 5.695288778847384958e-14
8.680000000000000000e+02 0.000000000000000000e+00 0.000000000000000000e+00 5.684822318240754041e-14
8.690000000000000000e+02 0.000000000000000000e+00 0.000000000000000000e+00 5.674392014269797140e-14
8.700000000000000000e+02 0.000000000000000000e+00 0.000000000000000000e+00 5.663997566411840317e-14
8.710000000000000000e+02 0.000000000000000000e+00 0.000000000000000000e+00 5.653638771091900408e-14
8.720000000000000000e+02 0.000000000000000000e+00 0.000000000000000000e+00 5.643315328618109691e-14
8.730000000000000000e+02 0.000000000000000000e+00 0.000000000000000000e+00 5.633027035886597151e-14
8.740000000000000000e+02 0.000000000000000000e+00 0.000000000000000000e+00 5.622773595282945748e-14
8.750000000000000000e+02 0.000000000000000000e+00 0.000000000000000000e+00 5.612554803938781535e-14
8.760000000000000000e+02 0.000000000000000000e+00 0.000000000000000000e+00 5.602370365268822154e-14
8.770000000000000000e+02 0.000000000000000000e+00 0.000000000000000000e+00 5.592220078330023556e-14
8.780000000000000000e+02 0.000000000000000000e+00 0.000000000000000000e+00 5.582103648323100881e-14
8.790000000000000000e+02 0.000000000000000000e+00 0.000000000000000000e+00 5.572020874313309528e-14
8.800000000000000000e+02 0.000000000000000000e+00 0.000000000000000000e+00 5.561971464407195628e-14
8.810000000000000000e+02 0.000000000000000000e+00 0.000000000000000000e+00 5.551955218858177311e-14
8.820000000000000000e+02 0.000000000000000000e+00 0.000000000000000000e+00 5.541971848598684118e-14
8.830000000000000000e+02 0.000000000000000000e+00 0.000000000000000000e+00 5.532021154576890290e-14
8.840000000000000000e+02 0.000000000000000000e+00 0.000000000000000000e+00 5.522102849724197639e-14
8.850000000000000000e+02 0.000000000000000000e+00 0.000000000000000000e+00 5.512216737411534435e-14
8.860000000000000000e+02 0.000000000000000000e+00 0.000000000000000000e+00 5.502362533183141705e-14
8.870000000000000000e+02 0.000000000000000000e+00 0.000000000000000000e+00 5.492540041918112825e-14
8.880000000000000000e+02 0.000000000000000000e+00 0.000000000000000000e+00 5.482748981225464084e-14
8.890000000000000000e+02 0.000000000000000000e+00 0.000000000000000000e+00 5.472989158037932345e-14
8.900000000000000000e+02 0.000000000000000000e+00 0.000000000000000000e+00 5.463260292808201387e-14
8.910000000000000000e+02 0.000000000000000000e+00 0.000000000000000000e+00 5.453562194857321698e-14
8.920000000000000000e+02 0.000000000000000000e+00 0.000000000000000000e+00 5.443894586871834870e-14
8.930000000000000000e+02 0.000000000000000000e+00 0.000000000000000000e+00 5.434257280947994592e-14
8.940000000000000000e+02 0.000000000000000000e+00 0.000000000000000000e+00 5.424650002688942345e-14
8.950000000000000000e+02 0.000000000000000000e+00 0.000000000000000000e+00 5.415072566335679902e-14
8.960000000000000000e+02 0.000000000000000000e+00 0.000000000000000000e+00 5.405524700799525305e-14
8.970000000000000000e+02 0.000000000000000000e+00 0.000000000000000000e+00 5.396006223072413747e-14
8.980000000000000000e+02 0.000000000000000000e+00 0.000000000000000000e+00 5.386516865576649023e-14
8.990000000000000000e+02 0.000000000000000000e+00 0.000000000000000000e+00 5.377056447676933711e-14
9.000000000000000000e+02 0.000000000000000000e+00 0.000000000000000000e+00 5.367624704625416993e-14
9.010000000000000000e+02 0.000000000000000000e+00 0.000000000000000000e+00 5.358221459579739341e-14
9.020000000000000000e+02 0.000000000000000000e+00 0.000000000000000000e+00 5.348846450609098103e-14
9.030000000000000000e+02 0.000000000000000000e+00 0.000000000000000000e+00 5.339499504450273935e-14
9.040000000000000000e+02 0.000000000000000000e+00 0.000000000000000000e+00 5.330180362605458733e-14
9.050000000000000000e+02 0.000000000000000000e+00 0.000000000000000000e+00 5.320888853961826959e-14
9.060000000000000000e+02 0.000000000000000000e+00 0.000000000000000000e+00 5.311624724639385544e-14
9.070000000000000000e+02 0.000000000000000000e+00 0.000000000000000000e+00 5.302387805820083866e-14
9.080000000000000000e+02 0.000000000000000000e+00 0.000000000000000000e+00 5.293177848083779227e-14
9.090000000000000000e+02 0.000000000000000000e+00 0.000000000000000000e+00 5.283994685656271101e-14
9.100000000000000000e+02 0.000000000000000000e+00 0.000000000000000000e+00 5.274838072819925982e-14
9.110000000000000000e+02 0.000000000000000000e+00 0.000000000000000000e+00 5.265707847297665973e-14
9.120000000000000000e+02 0.000000000000000000e+00 0.000000000000000000e+00 5.256603767574998086e-14
9.130000000000000000e+02 0.000000000000000000e+00 0.000000000000000000e+00 5.247525674207907097e-14
9.140000000000000000e+02 0.000000000000000000e+00 0.000000000000000000e+00 5.238473330156288150e-14
9.150000000000000000e+02 0.000000000000000000e+00 0.000000000000000000e+00 5.229446578689457282e-14
9.160000000000000000e+02 0.000000000000000000e+00 0.000000000000000000e+00 5.220445187294827865e-14
9.170000000000000000e+02 0.000000000000000000e+00 0.000000000000000000e+00 5.211469002605460486e-14
9.180000000000000000e+02 0.000000000000000000e+00 0.000000000000000000e+00 5.202517796056622288e-14
9.190000000000000000e+02 0.000000000000000000e+00 0.000000000000000000e+00 5.193591417911018177e-14
9.200000000000000000e+02 0.000000000000000000e+00 0.000000000000000000e+00 5.184689643221126536e-14
9.210000000000000000e+02 0.000000000000000000e+00 0.000000000000000000e+00 5.175812326232862786e-14
9.220000000000000000e+02 0.000000000000000000e+00 0.000000000000000000e+00 5.166959245319053676e-14
9.230000000000000000e+02 0.000000000000000000e+00 0.000000000000000000e+00 5.158130258700665166e-14
9.240000000000000000e+02 0.000000000000000000e+00 0.000000000000000000e+00 5.149325148973285701e-14
9.250000000000000000e+02 0.000000000000000000e+00 0.000000000000000000e+00 5.140543778511103273e-14
9.260000000000000000e+02 0.000000000000000000e+00 0.000000000000000000e+00 5.131785934118069733e-14
9.270000000000000000e+02 0.000000000000000000e+00 0.000000000000000000e+00 5.123051480876032107e-14
9.280000000000000000e+02 0.000000000000000000e+00 0.000000000000000000e+00 5.114340210107094490e-14
9.290000000000000000e+02 0.000000000000000000e+00 0.000000000000000000e+00 5.105651991167594684e-14
9.300000000000000000e+02 0.000000000000000000e+00 0.000000000000000000e+00 5.096986619220748836e-14
9.310000000000000000e+02 0.000000000000000000e+00 0.000000000000000000e+00 5.088343967064950470e-14
9.320000000000000000e+02 0.000000000000000000e+00 0.000000000000000000e+00 5.079723833336776608e-14
9.330000000000000000e+02 0.000000000000000000e+00 0.000000000000000000e+00 5.071126095423097127e-14
9.340000000000000000e+02 0.000000000000000000e+00 0.000000000000000000e+00 5.062550556093399488e-14
9.350000000000000000e+02 0.000000000000000000e+00 0.000000000000000000e+00 5.053997096346188506e-14
9.360000000000000000e+02 0.000000000000000000e+00 0.000000000000000000e+00 5.045465522442015823e-14
9.370000000000000000e+02 0.000000000000000000e+00 0.000000000000000000e+00 5.036955719406565982e-14
9.380000000000000000e+02 0.000000000000000000e+00 0.000000000000000000e+00 5.028467497412323453e-14
9.390000000000000000e+02 0.000000000000000000e+00 0.000000000000000000e+00 5.020000744864489501e-14
9.400000000000000000e+02 0.000000000000000000e+00 0.000000000000000000e+00 5.011555276174798118e-14
9.410000000000000000e+02 0.000000000000000000e+00 0.000000000000000000e+00 5.003130984127625712e-14
9.420000000000000000e+02 0.000000000000000000e+00 0.000000000000000000e+00 4.994727686036259747e-14
9.430000000000000000e+02 0.000000000000000000e+00 0.000000000000000000e+00 4.986345278833053683e-14
9.440000000000000000e+02 0.000000000000000000e+00 0.000000000000000000e+00 4.977983583433076737e-14
9.450000000000000000e+02 0.000000000000000000e+00 0.000000000000000000e+00 4.969642500348581120e-14
9.460000000000000000e+02 0.000000000000000000e+00 0.000000000000000000e+00 4.961321854833319278e-14
9.470000000000000000e+02 0.000000000000000000e+00 0.000000000000000000e+00 4.953021550650574264e-14
9.480000000000000000e+02 0.000000000000000000e+00 0.000000000000000000e+00 4.944741417323295099e-14
9.490000000000000000e+02 0.000000000000000000e+00 0.000000000000000000e+00 4.936481362131297862e-14
9.500000000000000000e+02 0.000000000000000000e+00 0.000000000000000000e+00 4.928241218165065402e-14
9.510000000000000000e+02 0.000000000000000000e+00 0.000000000000000000e+00 4.920020895613335864e-14
9.520000000000000000e+02 0.000000000000000000e+00 0.000000000000000000e+00 4.911820231405826028e-14
9.530000000000000000e+02 0.000000000000000000e+00 0.000000000000000000e+00 4.903639139189632675e-14
9.540000000000000000e+02 0.000000000000000000e+00 0.000000000000000000e+00 4.895477459908622857e-14
9.550000000000000000e+02 0.000000000000000000e+00 0.000000000000000000e+00 4.887335110614218802e-14
9.560000000000000000e+02 0.000000000000000000e+00 0.000000000000000000e+00 4.879211935514940458e-14
9.570000000000000000e+02 0.000000000000000000e+00 0.000000000000000000e+00 4.871107854589451360e-14
9.580000000000000000e+02 0.000000000000000000e+00 0.000000000000000000e+00 4.863022716323504944e-14
9.590000000000000000e+02 0.000000000000000000e+00 0.000000000000000000e+00 4.854956443970646956e-14
9.600000000000000000e+02 0.000000000000000000e+00 0.000000000000000000e+00 4.846908889335029136e-14
9.610000000000000000e+02 0.000000000000000000e+00 0.000000000000000000e+00 4.838879979070282394e-14
9.620000000000000000e+02 0.000000000000000000e+00 0.000000000000000000e+00 4.830869568567283074e-14
9.630000000000000000e+02 0.000000000000000000e+00 0.000000000000000000e+00 4.822877587793224359e-14
9.640000000000000000e+02 0.000000000000000000e+00 0.000000000000000000e+00 4.814903895315993670e-14
9.650000000000000000e+02 0.000000000000000000e+00 0.000000000000000000e+00 4.806948424432826710e-14
9.660000000000000000e+02 0.000000000000000000e+00 0.000000000000000000e+00 4.799011037130997282e-14
9.670000000000000000e+02 0.000000000000000000e+00 0.000000000000000000e+00 4.791091670030573421e-14
9.680000000000000000e+02 0.000000000000000000e+00 0.000000000000000000e+00 4.783190187978575300e-14
9.690000000000000000e+02 0.000000000000000000e+00 0.000000000000000000e+00 4.775306530957371573e-14
9.700000000000000000e+02 0.000000000000000000e+00 0.000000000000000000e+00 4.767440567647374357e-14
9.710000000000000000e+02 0.000000000000000000e+00 0.000000000000000000e+00 4.759592240060762099e-14
9.720000000000000000e+02 0.000000000000000000e+00 0.000000000000000000e+00 4.751761421135947346e-14
9.730000000000000000e+02 0.000000000000000000e+00 0.000000000000000000e+00 4.743948055601699376e-14
9.740000000000000000e+02 0.000000000000000000e+00 0.000000000000000000e+00 4.736152020263301937e-14
9.750000000000000000e+02 0.000000000000000000e+00 0.000000000000000000e+00 4.728373262717412984e-14
9.760000000000000000e+02 0.000000000000000000e+00 0.000000000000000000e+00 4.720611662228164153e-14
9.770000000000000000e+02 0.000000000000000000e+00 0.000000000000000000e+00 4.712867169916518279e-14
9.780000000000000000e+02 0.000000000000000000e+00 0.000000000000000000e+00 4.705139668677119065e-14
9.790000000000000000e+02 0.000000000000000000e+00 0.000000000000000000e+00 4.697429111662576238e-14
9.800000000000000000e+02 0.000000000000000000e+00 0.000000000000000000e+00 4.689735385827746936e-14
9.810000000000000000e+02 0.000000000000000000e+00 0.000000000000000000e+00 4.682058446862795634e-14
9.820000000000000000e+02 0.000000000000000000e+00 0.000000000000000000e+00 4.674398184179504431e-14
9.830000000000000000e+02 0.000000000000000000e+00 0.000000000000000000e+00 4.666754557434215233e-14
9.840000000000000000e+02 0.000000000000000000e+00 0.000000000000000000e+00 4.659127458347767223e-14
9.850000000000000000e+02 0.000000000000000000e+00 0.000000000000000000e+00 4.651516849779107818e-14
9.860000000000000000e+02 0.000000000000000000e+00 0.000000000000000000e+00 4.643922627112678776e-14
9.870000000000000000e+02 0.000000000000000000e+00 0.000000000000000000e+00 4.636344755376125418e-14
9.880000000000000000e+02 0.000000000000000000e+00 0.000000000000000000e+00 4.628783133112741631e-14
9.890000000000000000e+02 0.000000000000000000e+00 0.000000000000000000e+00 4.621237728303736755e-14
9.900000000000000000e+02 0.000000000000000000e+00 0.000000000000000000e+00 4.613708443350780793e-14
9.910000000000000000e+02 0.000000000000000000e+00 0.000000000000000000e+00 4.606195248215667326e-14
9.920000000000000000e+02 0.000000000000000000e+00 0.000000000000000000e+00 4.598698048364950008e-14
9.930000000000000000e+02 0.000000000000000000e+00 0.000000000000000000e+00 4.591216817143210072e-14
9.940000000000000000e+02 0.000000000000000000e+00 0.000000000000000000e+00 4.583751462772120604e-14
9.950000000000000000e+02 0.000000000000000000e+00 0.000000000000000000e+00 4.576301961359745455e-14
9.960000000000000000e+02 0.000000000000000000e+00 0.000000000000000000e+00 4.568868223892242499e-14
9.970000000000000000e+02 0.000000000000000000e+00 0.000000000000000000e+00 4.561450229351984959e-14
9.980000000000000000e+02 0.000000000000000000e+00 0.000000000000000000e+00 4.554047892343137750e-14
9.990000000000000000e+02 0.000000000000000000e+00 0.000000000000000000e+00 4.546661193592492945e-14
1.000000000000000000e+03 0.000000000000000000e+00 0.000000000000000000e+00 4.539290051633975914e-14
1.001000000000000000e+03 0.000000000000000000e+00 0.000000000000000000e+00 4.531934449513551536e-14
1.002000000000000000e+03 0.000000000000000000e+00 0.000000000000000000e+00 4.524594308777485017e-14
1.003000000000000000e+03 0.000000000000000000e+00 0.000000000000000000e+00 4.517269614944504629e-14
1.004000000000000000e+03 0.000000000000000000e+00 0.000000000000000000e+00 4.509960292812365222e-14
1.005000000000000000e+03 0.000000000000000000e+00 0.000000000000000000e+00 4.502666330436418961e-14
1.006000000000000000e+03 0.000000000000000000e+00 0.000000000000000000e+00 4.495387655211962323e-14
1.007000000000000000e+03 0.000000000000000000e+00 0.000000000000000000e+00 4.488124257821641773e-14
1.008000000000000000e+03 0.000000000000000000e+00 0.000000000000000000e+00 4.480876068683805724e-14
1.009000000000000000e+03 0.000000000000000000e+00 0.000000000000000000e+00 4.473643080963396631e-14
1.010000000000000000e+03 0.000000000000000000e+00 0.000000000000000000e+00 4.466425227047117907e-14
1.011000000000000000e+03 0.000000000000000000e+00 0.000000000000000000e+00 4.459222503666000014e-14
1.012000000000000000e+03 0.000000000000000000e+00 0.000000000000000000e+00 4.452034845891145992e-14
1.013000000000000000e+03 0.000000000000000000e+00 0.000000000000000000e+00 4.444862252390159046e-14
1.014000000000000000e+03 0.000000000000000000e+00 0.000000000000000000e+00 4.437704660330737603e-14
1.015000000000000000e+03 0.000000000000000000e+00 0.000000000000000000e+00 4.430562071818877118e-14
1.016000000000000000e+03 0.000000000000000000e+00 0.000000000000000000e+00 4.423434426304788881e-14
1.017000000000000000e+03 0.000000000000000000e+00 0.000000000000000000e+00 4.416321728486141477e-14
1.018000000000000000e+03 0.000000000000000000e+00 0.000000000000000000e+00 4.409223920637735243e-14
1.019000000000000000e+03 0.000000000000000000e+00 0.000000000000000000e+00 4.402141009535887880e-14
1.020000000000000000e+03 0.000000000000000000e+00 0.000000000000000000e+00 4.395072939846072990e-14
1.021000000000000000e+03 0.000000000000000000e+00 0.000000000000000000e+00 4.388019720526067424e-14
1.022000000000000000e+03 0.000000000000000000e+00 0.000000000000000000e+00 4.380981299117498197e-14
1.023000000000000000e+03 0.000000000000000000e+00 0.000000000000000000e+00 4.373957686910818371e-14
1.024000000000000000e+03 0.000000000000000000e+00 0.000000000000000000e+00 4.366948834099873483e-14
1.025000000000000000e+03 0.000000000000000000e+00 0.000000000000000000e+00 4.359954753865469662e-14
1.026000000000000000e+03 0.000000000000000000e+00 0.000000000000000000e+00 4.352975398007339112e-14
1.027000000000000000e+03 0.000000000000000000e+00 0.000000000000000000e+00 4.346010782156720914e-14
1.028000000000000000e+03 0.000000000000000000e+00 0.000000000000000000e+00 4.339060860677336434e-14
1.029000000000000000e+03 0.000000000000000000e+00 0.000000000000000000e+00 4.332125651503952237e-14
1.030000000000000000e+03 0.000000000000000000e+00 0.000000000000000000e+00 4.325205111364673693e-14
1.031000000000000000e+03 0.000000000000000000e+00 0.000000000000000000e+00 4.318299259759581974e-14
1.032000000000000000e+03 0.000000000000000000e+00 0.000000000000000000e+00 4.311408055312080095e-14
1.033000000000000000e+03 0.000000000000000000e+00 0.000000000000000000e+00 4.304531519781666768e-14
1.034000000000000000e+03 0.000000000000000000e+00 0.000000000000000000e+00 4.297669614334033555e-14
1.035000000000000000e+03 0.000000000000000000e+00 0.000000000000000000e+00 4.290822361928129550e-14
1.036000000000000000e+03 0.000000000000000000e+00 0.000000000000000000e+00 4.283989725773670118e-14
1.037000000000000000e+03 0.000000000000000000e+00 0.000000000000000000e+00 4.277171731298951664e-14
1.038000000000000000e+03 0.000000000000000000e+00 0.000000000000000000e+00 4.270368342875359179e-14
1.039000000000000000e+03 0.000000000000000000e+00 0.000000000000000000e+00 4.263579588383180178e-14
1.040000000000000000e+03 0.000000000000000000e+00 0.000000000000000000e+00 4.256805433371404268e-14
1.041000000000000000e+03 0.000000000000000000e+00 0.000000000000000000e+00 4.250045907304506278e-14
1.042000000000000000e+03 0.000000000000000000e+00 0.000000000000000000e+00 4.243300978381857869e-14
1.043000000000000000e+03 0.000000000000000000e+00 0.000000000000000000e+00 4.236570676815216756e-14
1.044000000000000000e+03 0.000000000000000000e+00 0.000000000000000000e+00 4.229854972899400774e-14
1.045000000000000000e+03 0.000000000000000000e+00 0.000000000000000000e+00 4.223153897990212219e-14
1.046000000000000000e+03 0.000000000000000000e+00 0.000000000000000000e+00 4.216467423363409258e-14
1.047000000000000000e+03 0.000000000000000000e+00 0.000000000000000000e+00 4.209795582828535934e-14
1.048000000000000000e+03 0.000000000000000000e+00 0.000000000000000000e+00 4.203138348428785227e-14
1.049000000000000000e+03 0.000000000000000000e+00 0.000000000000000000e+00 4.196495755319610850e-14
1.050000000000000000e+03 0.000000000000000000e+00 0.000000000000000000e+00 4.189867777890916144e-14
1.051000000000000000e+03 0.000000000000000000e+00 0.000000000000000000e+00 4.183254451319568295e-14
1.052000000000000000e+03 0.000000000000000000e+00 0.000000000000000000e+00 4.176655752005254096e-14
1.053000000000000000e+03 0.000000000000000000e+00 0.000000000000000000e+00 4.170071716019102920e-14
1.054000000000000000e+03 0.000000000000000000e+00 0.000000000000000000e+00 4.163502320262789098e-14
1.055000000000000000e+03 0.000000000000000000e+00 0.000000000000000000e+00 4.156947602841768494e-14
1.056000000000000000e+03 0.000000000000000000e+00 0.000000000000000000e+00 4.150407541339541803e-14
1.057000000000000000e+03 0.000000000000000000e+00 0.000000000000000000e+00 4.143882174786131329e-14
1.058000000000000000e+03 0.000000000000000000e+00 0.000000000000000000e+00 4.137371482109030819e-14
1.059000000000000000e+03 0.000000000000000000e+00 0.000000000000000000e+00 4.130875501913446463e-14
1.060000000000000000e+03 0.000000000000000000e+00 0.000000000000000000e+00 4.124394214809709219e-14
1.061000000000000000e+03 0.000000000000000000e+00 0.000000000000000000e+00 4.117927660688944915e-14
1.062000000000000000e+03 0.000000000000000000e+00 0.000000000000000000e+00 4.111475819757445730e-14
1.063000000000000000e+03 0.000000000000000000e+00 0.000000000000000000e+00 4.105038733054003261e-14
1.064000000000000000e+03 0.000000000000000000e+00 0.000000000000000000e+00 4.098616381641712343e-14
1.065000000000000000e+03 0.000000000000000000e+00 0.000000000000000000e+00 4.092208806129090172e-14
1.066000000000000000e+03 0.000000000000000000e+00 0.000000000000000000e+00 4.085815988992229138e-14
1.067000000000000000e+03 0.000000000000000000e+00 0.000000000000000000e+00 4.079437971022822467e-14
1.068000000000000000e+03 0.000000000000000000e+00 0.000000000000000000e+00 4.073074734630922899e-14
1.069000000000000000e+03 0.000000000000000000e+00 0.000000000000000000e+00 4.066726320837168133e-14
1.070000000000000000e+03 0.000000000000000000e+00 0.000000000000000000e+00 4.060392713015346501e-14
1.071000000000000000e+03 0.000000000000000000e+00 0.000000000000000000e+00 4.054073952012413143e-14
1.072000000000000000e+03 0.000000000000000000e+00 0.000000000000000000e+00 4.047770020617177534e-14
1.073000000000000000e+03 0.000000000000000000e+00 0.000000000000000000e+00 4.041480960236865915e-14
1.074000000000000000e+03 0.000000000000000000e+00 0.000000000000000000e+00 4.035206753698108909e-14
1.075000000000000000e+03 0.000000000000000000e+00 0.000000000000000000e+00 4.028947441805859546e-14
1.076000000000000000e+03 0.000000000000000000e+00 0.000000000000000000e+00 4.022703007495954564e-14
1.077000000000000000e+03 0.000000000000000000e+00 0.000000000000000000e+00 4.016473491479666289e-14
1.078000000000000000e+03 0.000000000000000000e+00 0.000000000000000000e+00 4.010258876655728492e-14
1.079000000000000000e+03 0.000000000000000000e+00 0.000000000000000000e+00 4.004059202861570187e-14
1.080000000000000000e+03 0.000000000000000000e+00 0.000000000000000000e+00 3.997874453424352977e-14
1.081000000000000000e+03 0.000000000000000000e+00 0.000000000000000000e+00 3.991704667461112418e-14
1.082000000000000000e+03 0.000000000000000000e+00 0.000000000000000000e+00 3.985549827511299682e-14
1.083000000000000000e+03 0.000000000000000000e+00 0.000000000000000000e+00 3.979409972214324707e-14
1.084000000000000000e+03 0.000000000000000000e+00 0.000000000000000000e+00 3.973285083811883435e-14
1.085000000000000000e+03 0.000000000000000000e+00 0.000000000000000000e+00 3.967175200073474172e-14
1.086000000000000000e+03 0.000000000000000000e+00 0.000000000000000000e+00 3.961080303476173808e-14
1.087000000000000000e+03 0.000000000000000000e+00 0.000000000000000000e+00 3.955000430154529820e-14
1.088000000000000000e+03 0.000000000000000000e+00 0.000000000000000000e+00 3.948935561441964529e-14
1.089000000000000000e+03 0.000000000000000000e+00 0.000000000000000000e+00 3.942885733128036976e-14
1.090000000000000000e+03 0.000000000000000000e+00 0.000000000000000000e+00 3.936850925889829634e-14
1.091000000000000000e+03 0.000000000000000000e+00 0.000000000000000000e+00 3.930831174219963730e-14
1.092000000000000000e+03 0.000000000000000000e+00 0.000000000000000000e+00 3.924826458291266068e-14
1.093000000000000000e+03 0.000000000000000000e+00 0.000000000000000000e+00 3.918836811274355741e-14
1.094000000000000000e+03 0.000000000000000000e+00 0.000000000000000000e+00 3.912862212411060429e-14
1.095000000000000000e+03 0.000000000000000000e+00 0.000000000000000000e+00 3.906902693754779698e-14
1.096000000000000000e+03 0.000000000000000000e+00 0.000000000000000000e+00 3.900958233556685917e-14
1.097000000000000000e+03 0.000000000000000000e+00 0.000000000000000000e+00 3.895028862010474411e-14
1.098000000000000000e+03 0.000000000000000000e+00 0.000000000000000000e+00 3.889114556249492181e-14
1.099000000000000000e+03 0.000000000000000000e+00 0.000000000000000000e+00 3.883215345406621104e-14
1.100000000000000000e+03 0.000000000000000000e+00 0.000000000000000000e+00 3.877331204961731742e-14
1.101000000000000000e+03 0.000000000000000000e+00 0.000000000000000000e+00 3.871462162859981850e-14
1.102000000000000000e+03 0.000000000000000000e+00 0.000000000000000000e+00 3.865608192591194573e-14
1.103000000000000000e+03 0.000000000000000000e+00 0.000000000000000000e+00 3.859769321022272192e-14
1.104000000000000000e+03 0.000000000000000000e+00 0.000000000000000000e+00 3.853945520024684026e-14
1.105000000000000000e+03 0.000000000000000000e+00 0.000000000000000000e+00 3.848136814632167916e-14
1.106000000000000000e+03 0.000000000000000000e+00 0.000000000000000000e+00 3.842343175647055046e-14
1.107000000000000000e+03 0.000000000000000000e+00 0.000000000000000000e+00 3.836564625856234479e-14
1.108000000000000000e+03 0.000000000000000000e+00 0.000000000000000000e+00 3.830801134865534832e-14
1.109000000000000000e+03 0.000000000000000000e+00 0.000000000000000000e+00 3.825052723727925744e-14
1.110000000000000000e+03 0.000000000000000000e+00 0.000000000000000000e+00 3.819319360086318918e-14
1.111000000000000000e+03 0.000000000000000000e+00 0.000000000000000000e+00 3.813601063589646005e-14
1.112000000000000000e+03 0.000000000000000000e+00 0.000000000000000000e+00 3.807897799691686151e-14
1.113000000000000000e+03 0.000000000000000000e+00 0.000000000000000000e+00 3.802209586229324060e-14
1.114000000000000000e+03 0.000000000000000000e+00 0.000000000000000000e+00 3.796536386865296457e-14
1.115000000000000000e+03 0.000000000000000000e+00 0.000000000000000000e+00 3.790878217326690914e-14
1.116000000000000000e+03 0.000000000000000000e+00 0.000000000000000000e+00 3.785235039322758237e-14
1.117000000000000000e+03 0.000000000000000000e+00 0.000000000000000000e+00 3.779606866485754503e-14
1.118000000000000000e+03 0.000000000000000000e+00 0.000000000000000000e+00 3.773993658925971941e-14
1.119000000000000000e+03 0.000000000000000000e+00 0.000000000000000000e+00 3.768395427774484678e-14
1.120000000000000000e+03 0.000000000000000000e+00 0.000000000000000000e+00 3.762812131629409270e-14
1.121000000000000000e+03 0.000000000000000000e+00 0.000000000000000000e+00 3.757243778769334784e-14
1.122000000000000000e+03 0.000000000000000000e+00 0.000000000000000000e+00 3.751690326193803531e-14
1.123000000000000000e+03 0.000000000000000000e+00 0.000000000000000000e+00 3.746151780196584470e-14
1.124000000000000000e+03 0.000000000000000000e+00 0.000000000000000000e+00 3.740628095357348696e-14
1.125000000000000000e+03 0.000000000000000000e+00 0.000000000000000000e+00 3.735119276123061010e-14
1.126000000000000000e+03 0.000000000000000000e+00 0.000000000000000000e+00 3.729625274786109245e-14
1.127000000000000000e+03 0.000000000000000000e+00 0.000000000000000000e+00 3.724146093664178099e-14
1.128000000000000000e+03 0.000000000000000000e+00 0.000000000000000000e+00 3.718681683010569241e-14
1.129000000000000000e+03 0.000000000000000000e+00 0.000000000000000000e+00 3.713232042575601884e-14
1.130000000000000000e+03 0.000000000000000000e+00 0.000000000000000000e+00 3.707797120702948653e-14
1.131000000000000000e+03 0.000000000000000000e+00 0.000000000000000000e+00 3.702376915266332168e-14
1.132000000000000000e+03 0.000000000000000000e+00 0.000000000000000000e+00 3.696971372113656584e-14
1.133000000000000000e+03 0.000000000000000000e+00 0.000000000000000000e+00 3.691580486896204360e-14
1.134000000000000000e+03 0.000000000000000000e+00 0.000000000000000000e+00 3.686204203159645269e-14
1.135000000000000000e+03 0.000000000000000000e+00 0.000000000000000000e+00 3.680842514133482141e-14
1.136000000000000000e+03 0.000000000000000000e+00 0.000000000000000000e+00 3.675495361709608541e-14
1.137000000000000000e+03 0.000000000000000000e+00 0.000000000000000000e+00 3.670162736409192372e-14
1.138000000000000000e+03 0.000000000000000000e+00 0.000000000000000000e+00 3.664844578039258070e-14
1.139000000000000000e+03 0.000000000000000000e+00 0.000000000000000000e+00 3.659540874861235404e-14
1.140000000000000000e+03 0.000000000000000000e+00 0.000000000000000000e+00 3.654251564807439804e-14
1.141000000000000000e+03 0.000000000000000000e+00 0.000000000000000000e+00 3.648976633751155284e-14
1.142000000000000000e+03 0.000000000000000000e+00 0.000000000000000000e+00 3.643716017569936759e-14
1.143000000000000000e+03 0.000000000000000000e+00 0.000000000000000000e+00 3.638469700320517213e-14
1.144000000000000000e+03 0.000000000000000000e+00 0.000000000000000000e+00 3.633237615773269033e-14
1.145000000000000000e+03 0.000000000000000000e+00 0.000000000000000000e+00 3.628019745269690580e-14
1.146000000000000000e+03 0.000000000000000000e+00 0.000000000000000000e+00 3.622816021084068171e-14
1.147000000000000000e+03 0.000000000000000000e+00 0.000000000000000000e+00 3.617626422578076393e-14
1.148000000000000000e+03 0.000000000000000000e+00 0.000000000000000000e+00 3.612450879957955369e-14
1.149000000000000000e+03 0.000000000000000000e+00 0.000000000000000000e+00 3.607289370176814420e-14
1.150000000000000000e+03 0.000000000000000000e+00 0.000000000000000000e+00 3.602141821636663390e-14
1.151000000000000000e+03 0.000000000000000000e+00 0.000000000000000000e+00 3.597008209551103884e-14
1.152000000000000000e+03 0.000000000000000000e+00 0.000000000000000000e+00 3.591888460505512044e-14
1.153000000000000000e+03 0.000000000000000000e+00 0.000000000000000000e+00 3.586782547424676457e-14
1.154000000000000000e+03 0.000000000000000000e+00 0.000000000000000000e+00 3.581690395237494736e-14
1.155000000000000000e+03 0.000000000000000000e+00 0.000000000000000000e+00 3.576611974725763069e-14
1.156000000000000000e+03 0.000000000000000000e+00 0.000000000000000000e+00 3.571547209689836551e-14
1.157000000000000000e+03 0.000000000000000000e+00 0.000000000000000000e+00 3.566496069017429832e-14
1.158000000000000000e+03 0.000000000000000000e+00 0.000000000000000000e+00 3.561458474512667815e-14
1.159000000000000000e+03 0.000000000000000000e+00 0.000000000000000000e+00 3.556434393114359041e-14
1.160000000000000000e+03 0.000000000000000000e+00 0.000000000000000000e+00 3.551423745146423694e-14
1.161000000000000000e+03 0.000000000000000000e+00 0.000000000000000000e+00 3.546426495919927781e-14
1.162000000000000000e+03 0.000000000000000000e+00 0.000000000000000000e+00 3.541442564395532557e-14
1.163000000000000000e+03 0.000000000000000000e+00 0.000000000000000000e+00 3.536471913863059373e-14
1.164000000000000000e+03 0.000000000000000000e+00 0.000000000000000000e+00 3.531514461615013292e-14
1.165000000000000000e+03 0.000000000000000000e+00 0.000000000000000000e+00 3.526570169329639098e-14
1.166000000000000000e+03 0.000000000000000000e+00 0.000000000000000000e+00 3.521638952741756482e-14
1.167000000000000000e+03 0.000000000000000000e+00 0.000000000000000000e+00 3.516720772438389035e-14
1.168000000000000000e+03 0.000000000000000000e+00 0.000000000000000000e+00 3.511815542674171290e-14
1.169000000000000000e+03 0.000000000000000000e+00 0.000000000000000000e+00 3.506923222663308811e-14
1.170000000000000000e+03 0.000000000000000000e+00 0.000000000000000000e+00 3.502043725211128253e-14
1.171000000000000000e+03 0.000000000000000000e+00 0.000000000000000000e+00 3.497177008179509862e-14
1.172000000000000000e+03 0.000000000000000000e+00 0.000000000000000000e+00 3.492322983341715466e-14
1.173000000000000000e+03 0.000000000000000000e+00 0.000000000000000000e+00 3.487481607419661979e-14
1.174000000000000000e+03 0.000000000000000000e+00 0.000000000000000000e+00 3.482652791021160119e-14
1.175000000000000000e+03 0.000000000000000000e+00 0.000000000000000000e+00 3.477836489177513314e-14
1.176000000000000000e+03 0.000000000000000000e+00 0.000000000000000000e+00 3.473032611880214190e-14
1.177000000000000000e+03 0.000000000000000000e+00 0.000000000000000000e+00 3.468241113080405442e-14
1.178000000000000000e+03 0.000000000000000000e+00 0.000000000000000000e+00 3.463461901405615209e-14
1.179000000000000000e+03 0.000000000000000000e+00 0.000000000000000000e+00 3.458694930170480199e-14
1.180000000000000000e+03 0.000000000000000000e+00 0.000000000000000000e+00 3.453940106963233967e-14
1.181000000000000000e+03 0.000000000000000000e+00 0.000000000000000000e+00 3.449197384235847122e-14
1.182000000000000000e+03 0.000000000000000000e+00 0.000000000000000000e+00 3.444466668897890502e-14
1.183000000000000000e+03 0.000000000000000000e+00 0.000000000000000000e+00 3.439747912241240917e-14
1.184000000000000000e+03 0.000000000000000000e+00 0.000000000000000000e+00 3.435041020777902873e-14
1.185000000000000000e+03 0.000000000000000000e+00 0.000000000000000000e+00 3.430345945107371225e-14
1.186000000000000000e+03 0.000000000000000000e+00 0.000000000000000000e+00 3.425662591205613185e-14
1.187000000000000000e+03 0.000000000000000000e+00 0.000000000000000000e+00 3.420990908700659071e-14
1.188000000000000000e+03 0.000000000000000000e+00 0.000000000000000000e+00 3.416330803267590664e-14
1.189000000000000000e+03 0.000000000000000000e+00 0.000000000000000000e+00 3.411682223786613289e-14
1.190000000000000000e+03 0.000000000000000000e+00 0.000000000000000000e+00 3.407045075065406305e-14
1.191000000000000000e+03 0.000000000000000000e+00 0.000000000000000000e+00 3.402419306077002510e-14
1.192000000000000000e+03 0.000000000000000000e+00 0.000000000000000000e+00 3.397804821046491075e-14
1.193000000000000000e+03 0.000000000000000000e+00 0.000000000000000000e+00 3.393201568227208694e-14
1.194000000000000000e+03 0.000000000000000000e+00 0.000000000000000000e+00 3.388609451672016006e-14
1.195000000000000000e+03 0.000000000000000000e+00 0.000000000000000000e+00 3.384028419151498385e-14
1.196000000000000000e+03 0.000000000000000000e+00 0.000000000000000000e+00 3.379458374843225916e-14
1.197000000000000000e+03 0.000000000000000000e+00 0.000000000000000000e+00 3.374899266069677528e-14
1.198000000000000000e+03 0.000000000000000000e+00 0.000000000000000000e+00 3.370350997228621522e-14
1.199000000000000000e+03 0.000000000000000000e+00 0.000000000000000000e+00 3.365813515435479773e-14
1.200000000000000000e+03 0.000000000000000000e+00 0.000000000000000000e+00 3.361286724891902187e-14
1.201000000000000000e+03 0.000000000000000000e+00 0.000000000000000000e+00 3.356770572810584132e-14
1.202000000000000000e+03 0.000000000000000000e+00 0.000000000000000000e+00 3.352264963518605658e-14
1.203000000000000000e+03 0.000000000000000000e+00 0.000000000000000000e+00 3.347769844131459956e-14
1.204000000000000000e+03 0.000000000000000000e+00 0.000000000000000000e+00 3.343285119200339303e-14
1.205000000000000000e+03 0.000000000000000000e+00 0.000000000000000000e+00 3.338810736118420347e-14
1.206000000000000000e+03 0.000000000000000000e+00 0.000000000000000000e+00 3.334346599156449002e-14
1.207000000000000000e+03 0.000000000000000000e+00 0.000000000000000000e+00 3.329892656198674139e-14
1.208000000000000000e+03 0.000000000000000000e+00 0.000000000000000000e+00 3.325448811846045596e-14
1.209000000000000000e+03 0.000000000000000000e+00 0.000000000000000000e+00 3.321015014172961170e-14
1.210000000000000000e+03 0.000000000000000000e+00 0.000000000000000000e+00 3.316591168320245644e-14
1.211000000000000000e+03 0.000000000000000000e+00 0.000000000000000000e+00 3.312177222213993489e-14
1.212000000000000000e+03 0.000000000000000000e+00 0.000000000000000000e+00 3.307773081970467358e-14
1.213000000000000000e+03 0.000000000000000000e+00 0.000000000000000000e+00 3.303378695739689042e-14
1.214000000000000000e+03 0.000000000000000000e+00 0.000000000000000000e+00 3.298993970167633085e-14
1.215000000000000000e+03 0.000000000000000000e+00 0.000000000000000000e+00 3.294618853472456772e-14
1.216000000000000000e+03 0.000000000000000000e+00 0.000000000000000000e+00 3.290253253487194239e-14
1.217000000000000000e+03 0.000000000000000000e+00 0.000000000000000000e+00 3.285897118724641054e-14
1.218000000000000000e+03 0.000000000000000000e+00 0.000000000000000000e+00 3.281550357499760365e-14
1.219000000000000000e+03 0.000000000000000000e+00 0.000000000000000000e+00 3.277212919250148311e-14
1.220000000000000000e+03 0.000000000000000000e+00 0.000000000000000000e+00 3.272884712812188691e-14
1.221000000000000000e+03 0.000000000000000000e+00 0.000000000000000000e+00 3.268565688334597254e-14
1.222000000000000000e+03 0.000000000000000000e+00 0.000000000000000000e+00 3.264255755453813584e-14
1.223000000000000000e+03 0.000000000000000000e+00 0.000000000000000000e+00 3.259954865052483746e-14
1.224000000000000000e+03 0.000000000000000000e+00 0.000000000000000000e+00 3.255662927139989204e-14
1.225000000000000000e+03 0.000000000000000000e+00 0.000000000000000000e+00 3.251379893642729876e-14
1.226000000000000000e+03 0.000000000000000000e+00 0.000000000000000000e+00 3.247105675511870396e-14
1.227000000000000000e+03 0.000000000000000000e+00 0.000000000000000000e+00 3.242840225137470306e-14
1.228000000000000000e+03 0.000000000000000000e+00 0.000000000000000000e+00 3.238583454410315931e-14
1.229000000000000000e+03 0.000000000000000000e+00 0.000000000000000000e+00 3.234335316548885621e-14
1.230000000000000000e+03 0.000000000000000000e+00 0.000000000000000000e+00 3.230095724438637260e-14
1.231000000000000000e+03 0.000000000000000000e+00 0.000000000000000000e+00 3.225864632195165171e-14
1.232000000000000000e+03 0.000000000000000000e+00 0.000000000000000000e+00 3.221641953752967722e-14
1.233000000000000000e+03 0.000000000000000000e+00 0.000000000000000000e+00 3.217427644189587584e-14
1.234000000000000000e+03 0.000000000000000000e+00 0.000000000000000000e+00 3.213221618573754908e-14
1.235000000000000000e+03 0.000000000000000000e+00 0.000000000000000000e+00 3.209023832774580008e-14
1.236000000000000000e+03 0.000000000000000000e+00 0.000000000000000000e+00 3.204834203041385858e-14
1.237000000000000000e+03 0.000000000000000000e+00 0.000000000000000000e+00 3.200652686426540052e-14
1.238000000000000000e+03 0.000000000000000000e+00 0.000000000000000000e+00 3.196479200197324929e-14
1.239000000000000000e+03 0.000000000000000000e+00 0.000000000000000000e+00 3.192313702118183792e-14
1.240000000000000000e+03 0.000000000000000000e+00 0.000000000000000000e+00 3.188156110865397957e-14
1.241000000000000000e+03 0.000000000000000000e+00 0.000000000000000000e+00 3.184006385349719022e-14
1.242000000000000000e+03 0.000000000000000000e+00 0.000000000000000000e+00 3.179864445188625825e-14
1.243000000000000000e+03 0.000000000000000000e+00 0.000000000000000000e+00 3.175730250501153698e-14
1.244000000000000000e+03 0.000000000000000000e+00 0.000000000000000000e+00 3.171603722259316235e-14
1.245000000000000000e+03 0.000000000000000000e+00 0.000000000000000000e+00 3.167484821364900103e-14
1.246000000000000000e+03 0.000000000000000000e+00 0.000000000000000000e+00 3.163373470382374107e-14
1.247000000000000000e+03 0.000000000000000000e+00 0.000000000000000000e+00 3.159269631306121247e-14
1.248000000000000000e+03 0.000000000000000000e+00 0.000000000000000000e+00 3.155173228207205284e-14
1.249000000000000000e+03 0.000000000000000000e+00 0.000000000000000000e+00 3.151084224168548284e-14
1.250000000000000000e+03 0.000000000000000000e+00 0.000000000000000000e+00 3.147002544170149009e-14
1.251000000000000000e+03 0.000000000000000000e+00 0.000000000000000000e+00 3.142928153123591145e-14
1.252000000000000000e+03 0.000000000000000000e+00 0.000000000000000000e+00 3.138860976844708816e-14
1.253000000000000000e+03 0.000000000000000000e+00 0.000000000000000000e+00 3.134800981197261018e-14
1.254000000000000000e+03 0.000000000000000000e+00 0.000000000000000000e+00 3.130748093529579236e-14
1.255000000000000000e+03 0.000000000000000000e+00 0.000000000000000000e+00 3.126702280871880161e-14
1.256000000000000000e+03 0.000000000000000000e+00 0.000000000000000000e+00 3.122663471690901882e-14
1.257000000000000000e+03 0.000000000000000000e+00 0.000000000000000000e+00 3.118631634306464391e-14
1.258000000000000000e+03 0.000000000000000000e+00 0.000000000000000000e+00 3.114606698669918649e-14
1.259000000000000000e+03 0.000000000000000000e+00 0.000000000000000000e+00 3.110588634105325409e-14
1.260000000000000000e+03 0.000000000000000000e+00 0.000000000000000000e+00 3.106577372231541172e-14
1.261000000000000000e+03 0.000000000000000000e+00 0.000000000000000000e+00 3.102572883527762656e-14
1.262000000000000000e+03 0.000000000000000000e+00 0.000000000000000000e+00 3.098575100881015999e-14
1.263000000000000000e+03 0.000000000000000000e+00 0.000000000000000000e+00 3.094583996245427365e-14
1.264000000000000000e+03 0.000000000000000000e+00 0.000000000000000000e+00 3.090599503937414241e-14
1.265000000000000000e+03 0.000000000000000000e+00 0.000000000000000000e+00 3.086621597008682203e-14
1.266000000000000000e+03 0.000000000000000000e+00 0.000000000000000000e+00 3.082650211080713713e-14
1.267000000000000000e+03 0.000000000000000000e+00 0.000000000000000000e+00 3.078685320653636177e-14
1.268000000000000000e+03 0.000000000000000000e+00 0.000000000000000000e+00 3.074726862645838316e-14
1.269000000000000000e+03 0.000000000000000000e+00 0.000000000000000000e+00 3.070774812819073412e-14
1.270000000000000000e+03 0.000000000000000000e+00 0.000000000000000000e+00 3.066829109510734447e-14
1.271000000000000000e+03 0.000000000000000000e+00 0.000000000000000000e+00 3.062889729729334022e-14
1.272000000000000000e+03 0.000000000000000000e+00 0.000000000000000000e+00 3.058956613329717323e-14
1.273000000000000000e+03 0.000000000000000000e+00 0.000000000000000000e+00 3.055029738686760840e-14
1.274000000000000000e+03 0.000000000000000000e+00 0.000000000000000000e+00 3.051109047208379981e-14
1.275000000000000000e+03 0.000000000000000000e+00 0.000000000000000000e+00 3.047194518560075638e-14
1.276000000000000000e+03 0.000000000000000000e+00 0.000000000000000000e+00 3.043286095565346347e-14
1.277000000000000000e+03 0.000000000000000000e+00 0.000000000000000000e+00 3.039383759306990794e-14
1.278000000000000000e+03 0.000000000000000000e+00 0.000000000000000000e+00 3.035487453801318845e-14
1.279000000000000000e+03 0.000000000000000000e+00 0.000000000000000000e+00 3.031597161590616527e-14
1.280000000000000000e+03 0.000000000000000000e+00 0.000000000000000000e+00 3.027712828151587917e-14
1.281000000000000000e+03 0.000000000000000000e+00 0.000000000000000000e+00 3.023834437370166256e-14
1.282000000000000000e+03 0.000000000000000000e+00 0.000000000000000000e+00 3.019961936071578631e-14
1.283000000000000000e+03 0.000000000000000000e+00 0.000000000000000000e+00 3.016095309231732445e-14
1.284000000000000000e+03 0.000000000000000000e+00 0.000000000000000000e+00 3.012234505200250228e-14
1.285000000000000000e+03 0.000000000000000000e+00 0.000000000000000000e+00 3.008379510139764494e-14
1.286000000000000000e+03 0.000000000000000000e+00 0.000000000000000000e+00 3.004530274180508299e-14
1.287000000000000000e+03 0.000000000000000000e+00 0.000000000000000000e+00 3.000686784684291280e-14
1.288000000000000000e+03 0.000000000000000000e+00 0.000000000000000000e+00 2.996848993121144066e-14
1.289000000000000000e+03 0.000000000000000000e+00 0.000000000000000000e+00 2.993016888794271818e-14
1.290000000000000000e+03 0.000000000000000000e+00 0.000000000000000000e+00 2.989190424573406314e-14
1.291000000000000000e+03 0.000000000000000000e+00 0.000000000000000000e+00 2.985369590918290959e-14
1.292000000000000000e+03 0.000000000000000000e+00 0.000000000000000000e+00 2.981554342483455328e-14
1.293000000000000000e+03 0.000000000000000000e+00 0.000000000000000000e+00 2.977744671103323200e-14
1.294000000000000000e+03 0.000000000000000000e+00 0.000000000000000000e+00 2.973940532851423990e-14
1.295000000000000000e+03 0.000000000000000000e+00 0.000000000000000000e+00 2.970141920892998029e-14
1.296000000000000000e+03 0.000000000000000000e+00 0.000000000000000000e+00 2.966348793204526855e-14
1.297000000000000000e+03 0.000000000000000000e+00 0.000000000000000000e+00 2.962561144104473932e-14
1.298000000000000000e+03 0.000000000000000000e+00 0.000000000000000000e+00 2.958778932998459082e-14
1.299000000000000000e+03 0.000000000000000000e+00 0.000000000000000000e+00 2.955002155563457649e-14
1.300000000000000000e+03 0.000000000000000000e+00 0.000000000000000000e+00 2.951230773063150972e-14
1.301000000000000000e+03 0.000000000000000000e+00 0.000000000000000000e+00 2.947464782401196889e-14
1.302000000000000000e+03 0.000000000000000000e+00 0.000000000000000000e+00 2.943704146477877867e-14
1.303000000000000000e+03 0.000000000000000000e+00 0.000000000000000000e+00 2.939948863589857040e-14
1.304000000000000000e+03 0.000000000000000000e+00 0.000000000000000000e+00 2.936198897997951394e-14
1.305000000000000000e+03 0.000000000000000000e+00 0.000000000000000000e+00 2.932454249465026816e-14
1.306000000000000000e+03 0.000000000000000000e+00 0.000000000000000000e+00 2.928714883988786464e-14
1.307000000000000000e+03 0.000000000000000000e+00 0.000000000000000000e+00 2.924980802853123552e-14
1.308000000000000000e+03 0.000000000000000000e+00 0.000000000000000000e+00 2.921251973220640775e-14
1.309000000000000000e+03 0.000000000000000000e+00 0.000000000000000000e+00 2.917528398079158910e-14
1.310000000000000000e+03 0.000000000000000000e+00 0.000000000000000000e+00 2.913810046043706110e-14
1.311000000000000000e+03 0.000000000000000000e+00 0.000000000000000000e+00 2.910096921371030725e-14
1.312000000000000000e+03 0.000000000000000000e+00 0.000000000000000000e+00 2.906388994237235859e-14
1.313000000000000000e+03 0.000000000000000000e+00 0.000000000000000000e+00 2.902686270309341115e-14
1.314000000000000000e+03 0.000000000000000000e+00 0.000000000000000000e+00 2.898988721367217070e-14
1.315000000000000000e+03 0.000000000000000000e+00 0.000000000000000000e+00 2.895296354045963332e-14
1.316000000000000000e+03 0.000000000000000000e+00 0.000000000000000000e+00 2.891609141548383266e-14
1.317000000000000000e+03 0.000000000000000000e+00 0.000000000000000000e+00 2.887927091912784586e-14
1.318000000000000000e+03 0.000000000000000000e+00 0.000000000000000000e+00 2.884250179694663898e-14
1.319000000000000000e+03 0.000000000000000000e+00 0.000000000000000000e+00 2.880578414372629897e-14
1.320000000000000000e+03 0.000000000000000000e+00 0.000000000000000000e+00 2.876911771595914638e-14
1.321000000000000000e+03 0.000000000000000000e+00 0.000000000000000000e+00 2.873250262051708422e-14
1.322000000000000000e+03 0.000000000000000000e+00 0.000000000000000000e+00 2.869593862940589394e-14
1.323000000000000000e+03 0.000000000000000000e+00 0.000000000000000000e+00 2.865942586103000652e-14
1.324000000000000000e+03 0.000000000000000000e+00 0.000000000000000000e+00 2.862296410331424608e-14
1.325000000000000000e+03 0.000000000000000000e+00 0.000000000000000000e+00 2.858655348621741354e-14
1.326000000000000000e+03 0.000000000000000000e+00 0.000000000000000000e+00 2.855019381105991695e-14
1.327000000000000000e+03 0.000000000000000000e+00 0.000000000000000000e+00 2.851388521985229451e-14
1.328000000000000000e+03 0.000000000000000000e+00 0.000000000000000000e+00 2.847762752544882014e-14
1.329000000000000000e+03 0.000000000000000000e+00 0.000000000000000000e+00 2.844142088197843123e-14
1.330000000000000000e+03 0.000000000000000000e+00 0.000000000000000000e+00 2.840526511319155873e-14
1.331000000000000000e+03 0.000000000000000000e+00 0.000000000000000000e+00 2.836916038603497802e-14
1.332000000000000000e+03 0.000000000000000000e+00 0.000000000000000000e+00 2.833310653803521258e-14
1.333000000000000000e+03 0.000000000000000000e+00 0.000000000000000000e+00 2.829710374559021307e-14
1.334000000000000000e+03 0.000000000000000000e+00 0.000000000000000000e+00 2.826115185772583567e-14
1.335000000000000000e+03 0.000000000000000000e+00 0.000000000000000000e+00 2.822525106305228258e-14
1.336000000000000000e+03 0.000000000000000000e+00 0.000000000000000000e+00 2.818940122317948323e-14
1.337000000000000000e+03 0.000000000000000000e+00 0.000000000000000000e+00 2.815360253692930224e-14
1.338000000000000000e+03 0.000000000000000000e+00 0.000000000000000000e+00 2.811785487637273458e-14
1.339000000000000000e+03 0.000000000000000000e+00 0.000000000000000000e+00 2.808215845124949239e-14
1.340000000000000000e+03 0.000000000000000000e+00 0.000000000000000000e+00 2.804651314683807122e-14
1.341000000000000000e+03 0.000000000000000000e+00 0.000000000000000000e+00 2.801091918045642283e-14
1.342000000000000000e+03 0.000000000000000000e+00 0.000000000000000000e+00 2.797537644830799636e-14
1.343000000000000000e+03 0.000000000000000000e+00 0.000000000000000000e+00 2.793988517837053264e-14
1.344000000000000000e+03 0.000000000000000000e+00 0.000000000000000000e+00 2.790444527499383281e-14
1.345000000000000000e+03 0.000000000000000000e+00 0.000000000000000000e+00 2.786905697631187159e-14
1.346000000000000000e+03 0.000000000000000000e+00 0.000000000000000000e+00 2.783372019466442780e-14
1.347000000000000000e+03 0.000000000000000000e+00 0.000000000000000000e+00 2.779843517667643732e-14
1.348000000000000000e+03 0.000000000000000000e+00 0.000000000000000000e+00 2.776320184680146490e-14
1.349000000000000000e+03 0.000000000000000000e+00 0.000000000000000000e+00 2.772802045877345578e-14
1.350000000000000000e+03 0.000000000000000000e+00 0.000000000000000000e+00 2.769289094658864207e-14
1.351000000000000000e+03 0.000000000000000000e+00 0.000000000000000000e+00 2.765781357129194572e-14
1.352000000000000000e+03 0.000000000000000000e+00 0.000000000000000000e+00 2.762278827813125128e-14
1.353000000000000000e+03 0.000000000000000000e+00 0.000000000000000000e+00 2.758781533590962164e-14
1.354000000000000000e+03 0.000000000000000000e+00 0.000000000000000000e+00 2.755289469993267177e-14
1.355000000000000000e+03 0.000000000000000000e+00 0.000000000000000000e+00 2.751802664475526714e-14
1.356000000000000000e+03 0.000000000000000000e+00 0.000000000000000000e+00 2.748321113516136952e-14
1.357000000000000000e+03 0.000000000000000000e+00 0.000000000000000000e+00 2.744844845397912093e-14
1.358000000000000000e+03 0.000000000000000000e+00 0.000000000000000000e+00 2.741373857184826706e-14
1.359000000000000000e+03 0.000000000000000000e+00 0.000000000000000000e+00 2.737908177847480098e-14
1.360000000000000000e+03 0.000000000000000000e+00 0.000000000000000000e+00 2.734447805151853211e-14
1.361000000000000000e+03 0.000000000000000000e+00 0.000000000000000000e+00 2.730992768576054912e-14
1.362000000000000000e+03 0.000000000000000000e+00 0.000000000000000000e+00 2.727543066882074665e-14
1.363000000000000000e+03 0.000000000000000000e+00 0.000000000000000000e+00 2.724098729920992249e-14
1.364000000000000000e+03 0.000000000000000000e+00 0.000000000000000000e+00 2.720659757221634614e-14
1.365000000000000000e+03 0.000000000000000000e+00 0.000000000000000000e+00 2.717226179225736410e-14
1.366000000000000000e+03 0.000000000000000000e+00 0.000000000000000000e+00 2.713797996010257959e-14
1.367000000000000000e+03 0.000000000000000000e+00 0.000000000000000000e+00 2.710375238464434191e-14
1.368000000000000000e+03 0.000000000000000000e+00 0.000000000000000000e+00 2.706957907396591629e-14
1.369000000000000000e+03 0.000000000000000000e+00 0.000000000000000000e+00 2.703546034105271994e-14
1.370000000000000000e+03 0.000000000000000000e+00 0.000000000000000000e+00 2.700139619552950277e-14
1.371000000000000000e+03 0.000000000000000000e+00 0.000000000000000000e+00 2.696738695524241255e-14
1.372000000000000000e+03 0.000000000000000000e+00 0.000000000000000000e+00 2.693343263440369356e-14
1.373000000000000000e+03 0.000000000000000000e+00 0.000000000000000000e+00 2.689953355045017575e-14
1.374000000000000000e+03 0.000000000000000000e+00 0.000000000000000000e+00 2.686568972122612312e-14
1.375000000000000000e+03 0.000000000000000000e+00 0.000000000000000000e+00 2.683190146754603452e-14
1.376000000000000000e+03 0.000000000000000000e+00 0.000000000000000000e+00 2.679816880742924113e-14
1.377000000000000000e+03 0.000000000000000000e+00 0.000000000000000000e+00 2.676449206692669099e-14
1.378000000000000000e+03 0.000000000000000000e+00 0.000000000000000000e+00 2.673087126445567355e-14
1.379000000000000000e+03 0.000000000000000000e+00 0.000000000000000000e+00 2.669730672741117912e-14
1.380000000000000000e+03 0.000000000000000000e+00 0.000000000000000000e+00 2.666379847758126508e-14
1.381000000000000000e+03 0.000000000000000000e+00 0.000000000000000000e+00 2.663034684165348707e-14
1.382000000000000000e+03 0.000000000000000000e+00 0.000000000000000000e+00 2.659695184148218886e-14
1.383000000000000000e+03 0.000000000000000000e+00 0.000000000000000000e+00 2.656361380719857216e-14
1.384000000000000000e+03 0.000000000000000000e+00 0.000000000000000000e+00 2.653033275941925798e-14
1.385000000000000000e+03 0.000000000000000000e+00 0.000000000000000000e+00 2.649710902757227636e-14
1.386000000000000000e+03 0.000000000000000000e+00 0.000000000000000000e+00 2.646394263226428340e-14
1.387000000000000000e+03 0.000000000000000000e+00 0.000000000000000000e+00 2.643083390035462658e-14
1.388000000000000000e+03 0.000000000000000000e+00 0.000000000000000000e+00 2.639778285292769934e-14
1.389000000000000000e+03 0.000000000000000000e+00 0.000000000000000000e+00 2.636478981572473030e-14
1.390000000000000000e+03 0.000000000000000000e+00 0.000000000000000000e+00 2.633185480840968366e-14
1.391000000000000000e+03 0.000000000000000000e+00 0.000000000000000000e+00 2.629897815149589955e-14
1.392000000000000000e+03 0.000000000000000000e+00 0.000000000000000000e+00 2.626615986530774178e-14
1.393000000000000000e+03 0.000000000000000000e+00 0.000000000000000000e+00 2.623340026699338032e-14
1.394000000000000000e+03 0.000000000000000000e+00 0.000000000000000000e+00 2.620069937275761796e-14
1.395000000000000000e+03 0.000000000000000000e+00 0.000000000000000000e+00 2.616805749804028957e-14
1.396000000000000000e+03 0.000000000000000000e+00 0.000000000000000000e+00 2.613547465782669788e-14
1.397000000000000000e+03 0.000000000000000000e+00 0.000000000000000000e+00 2.610295116068724858e-14
1.398000000000000000e+03 0.000000000000000000e+00 0.000000000000000000e+00 2.607048701978128070e-14
1.399000000000000000e+03 0.000000000000000000e+00 0.000000000000000000e+00 2.603808253762516896e-14
1.400000000000000000e+03 0.000000000000000000e+00 0.000000000000000000e+00 2.600573772493802160e-14
1.401000000000000000e+03 0.000000000000000000e+00 0.000000000000000000e+00 2.597345288007394971e-14
1.402000000000000000e+03 0.000000000000000000e+00 0.000000000000000000e+00 2.594122800846329506e-14
1.403000000000000000e+03 0.000000000000000000e+00 0.000000000000000000e+00 2.590906340408492527e-14
1.404000000000000000e+03 0.000000000000000000e+00 0.000000000000000000e+00 2.587695906671243726e-14
1.405000000000000000e+03 0.000000000000000000e+00 0.000000000000000000e+00 2.584491528400131586e-14
1.406000000000000000e+03 0.000000000000000000e+00 0.000000000000000000e+00 2.581293204927752960e-14
1.407000000000000000e+03 0.000000000000000000e+00 0.000000000000000000e+00 2.578100964443972779e-14
1.408000000000000000e+03 0.000000000000000000e+00 0.000000000000000000e+00 2.574914805462035623e-14
1.409000000000000000e+03 0.000000000000000000e+00 0.000000000000000000e+00 2.571734755695887902e-14
1.410000000000000000e+03 0.000000000000000000e+00 0.000000000000000000e+00 2.568560812984116998e-14
1.411000000000000000e+03 0.000000000000000000e+00 0.000000000000000000e+00 2.565393003949296036e-14
1.412000000000000000e+03 0.000000000000000000e+00 0.000000000000000000e+00 2.562231326147799621e-14
1.413000000000000000e+03 0.000000000000000000e+00 0.000000000000000000e+00 2.559075805318386360e-14
1.414000000000000000e+03 0.000000000000000000e+00 0.000000000000000000e+00 2.555926438243939488e-14
1.415000000000000000e+03 0.000000000000000000e+00 0.000000000000000000e+00 2.552783249984114398e-14
1.416000000000000000e+03 0.000000000000000000e+00 0.000000000000000000e+00 2.549646236513029825e-14
1.417000000000000000e+03 0.000000000000000000e+00 0.000000000000000000e+00 2.546515422091008918e-14
1.418000000000000000e+03 0.000000000000000000e+00 0.000000000000000000e+00 2.543390801809043469e-14
1.419000000000000000e+03 0.000000000000000000e+00 0.000000000000000000e+00 2.540272398979441457e-14
1.420000000000000000e+03 0.000000000000000000e+00 0.000000000000000000e+00 2.537160208000683031e-14
1.421000000000000000e+03 0.000000000000000000e+00 0.000000000000000000e+00 2.534054251301378720e-14
1.422000000000000000e+03 0.000000000000000000e+00 0.000000000000000000e+00 2.530954522252353893e-14
1.423000000000000000e+03 0.000000000000000000e+00 0.000000000000000000e+00 2.527861042255069171e-14
1.424000000000000000e+03 0.000000000000000000e+00 0.000000000000000000e+00 2.524773803872334211e-14
1.425000000000000000e+03 0.000000000000000000e+00 0.000000000000000000e+00 2.521692827660418695e-14
1.426000000000000000e+03 0.000000000000000000e+00 0.000000000000000000e+00 2.518618104956699659e-14
1.427000000000000000e+03 0.000000000000000000e+00 0.000000000000000000e+00 2.515549655513938626e-14
1.428000000000000000e+03 0.000000000000000000e+00 0.000000000000000000e+00 2.512487469603689919e-14
1.429000000000000000e+03 0.000000000000000000e+00 0.000000000000000000e+00 2.509431565957703436e-14
1.430000000000000000e+03 0.000000000000000000e+00 0.000000000000000000e+00 2.506381934186340898e-14
1.431000000000000000e+03 0.000000000000000000e+00 0.000000000000000000e+00 2.503338591534260412e-14
1.432000000000000000e+03 0.000000000000000000e+00 0.000000000000000000e+00 2.500301526777759486e-14
1.433000000000000000e+03 0.000000000000000000e+00 0.000000000000000000e+00 2.497270756019013591e-14
1.434000000000000000e+03 0.000000000000000000e+00 0.000000000000000000e+00 2.494246266783372695e-14
1.435000000000000000e+03 0.000000000000000000e+00 0.000000000000000000e+00 2.491228074146347351e-14
1.436000000000000000e+03 0.000000000000000000e+00 0.000000000000000000e+00 2.488216164535900282e-14
1.437000000000000000e+03 0.000000000000000000e+00 0.000000000000000000e+00 2.485210551835495272e-14
1.438000000000000000e+03 0.000000000000000000e+00 0.000000000000000000e+00 2.482211221260012829e-14
1.439000000000000000e+03 0.000000000000000000e+00 0.000000000000000000e+00 2.479218185415337568e-14
1.440000000000000000e+03 0.000000000000000000e+00 0.000000000000000000e+00 2.476231428489657941e-14
1.441000000000000000e+03 0.000000000000000000e+00 0.000000000000000000e+00 2.473250961991095822e-14
1.442000000000000000e+03 0.000000000000000000e+00 0.000000000000000000e+00 2.470276768897673706e-14
1.443000000000000000e+03 0.000000000000000000e+00 0.000000000000000000e+00 2.467308859591745530e-14
1.444000000000000000e+03 0.000000000000000000e+00 0.000000000000000000e+00 2.464347216142296552e-14
1.445000000000000000e+03 0.000000000000000000e+00 0.000000000000000000e+00 2.461391847503562900e-14
1.446000000000000000e+03 0.000000000000000000e+00 0.000000000000000000e+00 2.458442734763793340e-14
1.447000000000000000e+03 0.000000000000000000e+00 0.000000000000000000e+00 2.455499885670961013e-14
1.448000000000000000e+03 0.000000000000000000e+00 0.000000000000000000e+00 2.452563280038935138e-14
1.449000000000000000e+03 0.000000000000000000e+00 0.000000000000000000e+00 2.449632924436451293e-14
1.450000000000000000e+03 0.000000000000000000e+00 0.000000000000000000e+00 2.446708797479114131e-14
1.451000000000000000e+03 0.000000000000000000e+00 0.000000000000000000e+00 2.443790904549488214e-14
1.452000000000000000e+03 0.000000000000000000e+00 0.000000000000000000e+00 2.440879223117081943e-14
1.453000000000000000e+03 0.000000000000000000e+00 0.000000000000000000e+00 2.437973757344082280e-14
1.454000000000000000e+03 0.000000000000000000e+00 0.000000000000000000e+00 2.435074483689117812e-14
1.455000000000000000e+03 0.000000000000000000e+00 0.000000000000000000e+00 2.432181404993520370e-14
1.456000000000000000e+03 0.000000000000000000e+00 0.000000000000000000e+00 2.429294496628281619e-14
1.457000000000000000e+03 0.000000000000000000e+00 0.000000000000000000e+00 2.426413760325880838e-14
1.458000000000000000e+03 0.000000000000000000e+00 0.000000000000000000e+00 2.423539170371754414e-14
1.459000000000000000e+03 0.000000000000000000e+00 0.000000000000000000e+00 2.420670727109116478e-14
1.460000000000000000e+03 0.000000000000000000e+00 0.000000000000000000e+00 2.417808403983244464e-14
1.461000000000000000e+03 0.000000000000000000e+00 0.000000000000000000e+00 2.414952199961822686e-14
1.462000000000000000e+03 0.000000000000000000e+00 0.000000000000000000e+00 2.412102087313923398e-14
1.463000000000000000e+03 0.000000000000000000e+00 0.000000000000000000e+00 2.409258063852443942e-14
1.464000000000000000e+03 0.000000000000000000e+00 0.000000000000000000e+00 2.406420100668500122e-14
1.465000000000000000e+03 0.000000000000000000e+00 0.000000000000000000e+00 2.403588194278188726e-14
1.466000000000000000e+03 0.000000000000000000e+00 0.000000000000000000e+00 2.400762314701337304e-14
1.467000000000000000e+03 0.000000000000000000e+00 0.000000000000000000e+00 2.397942457463907348e-14
1.468000000000000000e+03 0.000000000000000000e+00 0.000000000000000000e+00 2.395128591206780824e-14
1.469000000000000000e+03 0.000000000000000000e+00 0.000000000000000000e+00 2.392320710514911345e-14
1.470000000000000000e+03 0.000000000000000000e+00 0.000000000000000000e+00 2.389518783076738620e-14
1.471000000000000000e+03 0.000000000000000000e+00 0.000000000000000000e+00 2.386722802270665815e-14
1.472000000000000000e+03 0.000000000000000000e+00 0.000000000000000000e+00 2.383932734804511637e-14
1.473000000000000000e+03 0.000000000000000000e+00 0.000000000000000000e+00 2.381148573056797738e-14
1.474000000000000000e+03 0.000000000000000000e+00 0.000000000000000000e+00 2.378370282669804104e-14
1.475000000000000000e+03 0.000000000000000000e+00 0.000000000000000000e+00 2.375597855060287372e-14
1.476000000000000000e+03 0.000000000000000000e+00 0.000000000000000000e+00 2.372831254984836155e-14
1.477000000000000000e+03 0.000000000000000000e+00 0.000000000000000000e+00 2.370070472690930635e-14
1.478000000000000000e+03 0.000000000000000000e+00 0.000000000000000000e+00 2.367315472091701457e-14
1.479000000000000000e+03 0.000000000000000000e+00 0.000000000000000000e+00 2.364566242417315987e-14
1.480000000000000000e+03 0.000000000000000000e+00 0.000000000000000000e+00 2.361822746630757567e-14
1.481000000000000000e+03 0.000000000000000000e+00 0.000000000000000000e+00 2.359084973108447902e-14
1.482000000000000000e+03 0.000000000000000000e+00 0.000000000000000000e+00 2.356352883971589168e-14
1.483000000000000000e+03 0.000000000000000000e+00 0.000000000000000000e+00 2.353626466555818173e-14
1.484000000000000000e+03 0.000000000000000000e+00 0.000000000000000000e+00 2.350905682211301287e-14
1.485000000000000000e+03 0.000000000000000000e+00 0.000000000000000000e+00 2.348190517455021347e-14
1.486000000000000000e+03 0.000000000000000000e+00 0.000000000000000000e+00 2.345480932806412974e-14
1.487000000000000000e+03 0.000000000000000000e+00 0.000000000000000000e+00 2.342776913804388549e-14
1.488000000000000000e+03 0.000000000000000000e+00 0.000000000000000000e+00 2.340078420355770985e-14
1.489000000000000000e+03 0.000000000000000000e+00 0.000000000000000000e+00 2.337385437476764276e-14
1.490000000000000000e+03 0.000000000000000000e+00 0.000000000000000000e+00 2.334697924140765989e-14
1.491000000000000000e+03 0.000000000000000000e+00 0.000000000000000000e+00 2.332015864582942820e-14
1.492000000000000000e+03 0.000000000000000000e+00 0.000000000000000000e+00 2.329339217363218149e-14
1.493000000000000000e+03 0.000000000000000000e+00 0.000000000000000000e+00 2.326667966046884183e-14
1.494000000000000000e+03 0.000000000000000000e+00 0.000000000000000000e+00 2.324002068427965875e-14
1.495000000000000000e+03 0.000000000000000000e+00 0.000000000000000000e+00 2.321341507437480026e-14
1.496000000000000000e+03 0.000000000000000000e+00 0.000000000000000000e+00 2.318686240513269214e-14
1.497000000000000000e+03 0.000000000000000000e+00 0.000000000000000000e+00 2.316036249737663385e-14
1.498000000000000000e+03 0.000000000000000000e+00 0.000000000000000000e+00 2.313391492046367070e-14
1.499000000000000000e+03 0.000000000000000000e+00 0.000000000000000000e+00 2.310751949089698428e-14
1.500000000000000000e+03 0.000000000000000000e+00 0.000000000000000000e+00 2.308117577192576335e-14
1.501000000000000000e+03 0.000000000000000000e+00 0.000000000000000000e+00 2.305488357481420016e-14
1.502000000000000000e+03 0.000000000000000000e+00 0.000000000000000000e+00 2.302864245849032116e-14
1.503000000000000000e+03 0.000000000000000000e+00 0.000000000000000000e+00 2.300245223080955911e-14
1.504000000000000000e+03 0.000000000000000000e+00 0.000000000000000000e+00 2.297631244528542957e-14
1.505000000000000000e+03 0.000000000000000000e+00 0.000000000000000000e+00 2.295022290661119425e-14
1.506000000000000000e+03 0.000000000000000000e+00 0.000000000000000000e+00 2.292418316551527321e-14
1.507000000000000000e+03 0.000000000000000000e+00 0.000000000000000000e+00 2.289819302404066792e-14
1.508000000000000000e+03 0.000000000000000000e+00 0.000000000000000000e+00 2.287225202865097970e-14
1.509000000000000000e+03 0.000000000000000000e+00 0.000000000000000000e+00 2.284635998153321186e-14
1.510000000000000000e+03 0.000000000000000000e+00 0.000000000000000000e+00 2.282051642733687910e-14
1.511000000000000000e+03 0.000000000000000000e+00 0.000000000000000000e+00 2.279472115214662024e-14
1.512000000000000000e+03 0.000000000000000000e+00 0.000000000000000000e+00 2.276897371180082805e-14
1.513000000000000000e+03 0.000000000000000000e+00 0.000000000000000000e+00 2.274327389529505702e-14
1.514000000000000000e+03 0.000000000000000000e+00 0.000000000000000000e+00 2.271762124317011557e-14
1.515000000000000000e+03 0.000000000000000000e+00 0.000000000000000000e+00 2.269201554703099014e-14
1.516000000000000000e+03 0.000000000000000000e+00 0.000000000000000000e+00 2.266645634195230786e-14
1.517000000000000000e+03 0.000000000000000000e+00 0.000000000000000000e+00 2.264094342204736466e-14
1.518000000000000000e+03 0.000000000000000000e+00 0.000000000000000000e+00 2.261547633152155915e-14
1.519000000000000000e+03 0.000000000000000000e+00 0.000000000000000000e+00 2.259005485634238748e-14
1.520000000000000000e+03 0.000000000000000000e+00 0.000000000000000000e+00 2.256467853660771897e-14
1.521000000000000000e+03 0.000000000000000000e+00 0.000000000000000000e+00 2.253934715648384049e-14
1.522000000000000000e+03 0.000000000000000000e+00 0.000000000000000000e+00 2.251406026717587125e-14
1.523000000000000000e+03 0.000000000000000000e+00 0.000000000000000000e+00 2.248881764299610524e-14
1.524000000000000000e+03 0.000000000000000000e+00 0.000000000000000000e+00 2.246361883240386090e-14
1.525000000000000000e+03 0.000000000000000000e+00 0.000000000000000000e+00 2.243846361681544022e-14
1.526000000000000000e+03 0.000000000000000000e+00 0.000000000000000000e+00 2.241335154619068866e-14
1.527000000000000000e+03 0.000000000000000000e+00 0.000000000000000000e+00 2.238828239703827514e-14
1.528000000000000000e+03 0.000000000000000000e+00 0.000000000000000000e+00 2.236325572365974941e-14
1.529000000000000000e+03 0.000000000000000000e+00 0.000000000000000000e+00 2.233827130197755573e-14
1.530000000000000000e+03 0.000000000000000000e+00 0.000000000000000000e+00 2.231332868157030206e-14
1.531000000000000000e+03 0.000000000000000000e+00 0.000000000000000000e+00 2.228842764090590065e-14
1.532000000000000000e+03 0.000000000000000000e+00 0.000000000000000000e+00 2.226356774010046559e-14
1.533000000000000000e+03 0.000000000000000000e+00 0.000000000000000000e+00 2.223874875198799707e-14
1.534000000000000000e+03 0.000000000000000000e+00 0.000000000000000000e+00 2.221397023472489254e-14
1.535000000000000000e+03 0.000000000000000000e+00 0.000000000000000000e+00 2.218923197122628654e-14
1.536000000000000000e+03 0.000000000000000000e+00 0.000000000000000000e+00 2.216453352379966986e-14
1.537000000000000000e+03 0.000000000000000000e+00 0.000000000000000000e+00 2.213987467187797147e-14
1.538000000000000000e+03 0.000000000000000000e+00 0.000000000000000000e+00 2.211525498338008643e-14
1.539000000000000000e+03 0.000000000000000000e+00 0.000000000000000000e+00 2.209067423089283959e-14
1.540000000000000000e+03 0.000000000000000000e+00 0.000000000000000000e+00 2.206613199895479393e-14
1.541000000000000000e+03 0.000000000000000000e+00 0.000000000000000000e+00 2.204162805900722204e-14
1.542000000000000000e+03 0.000000000000000000e+00 0.000000000000000000e+00 2.201716198949638670e-14
1.543000000000000000e+03 0.000000000000000000e+00 0.000000000000000000e+00 2.199273358314301400e-14
1.544000000000000000e+03 0.000000000000000000e+00 0.000000000000000000e+00 2.196834241173672805e-14
1.545000000000000000e+03 0.000000000000000000e+00 0.000000000000000000e+00 2.194398826182064418e-14
1.546000000000000000e+03 0.000000000000000000e+00 0.000000000000000000e+00 2.191967071578689480e-14
1.547000000000000000e+03 0.000000000000000000e+00 0.000000000000000000e+00 2.189538957234587854e-14
1.548000000000000000e+03 0.000000000000000000e+00 0.000000000000000000e+00 2.187114441203366117e-14
1.549000000000000000e+03 0.000000000000000000e+00 0.000000000000000000e+00 2.184693504394034373e-14
1.550000000000000000e+03 0.000000000000000000e+00 0.000000000000000000e+00 2.182276104373192448e-14
1.551000000000000000e+03 0.000000000000000000e+00 0.000000000000000000e+00 2.179862223012917400e-14
1.552000000000000000e+03 0.000000000000000000e+00 0.000000000000000000e+00 2.177451817985433742e-14
1.553000000000000000e+03 0.000000000000000000e+00 0.000000000000000000e+00 2.175044872275542181e-14
1.554000000000000000e+03 0.000000000000000000e+00 0.000000000000000000e+00 2.172641343952466213e-14
1.555000000000000000e+03 0.000000000000000000e+00 0.000000000000000000e+00 2.170241215188147228e-14
1.556000000000000000e+03 0.000000000000000000e+00 0.000000000000000000e+00 2.167844446581029315e-14
1.557000000000000000e+03 0.000000000000000000e+00 0.000000000000000000e+00 2.165451019522981183e-14
1.558000000000000000e+03 0.000000000000000000e+00 0.000000000000000000e+00 2.163060895367050121e-14
1.559000000000000000e+03 0.000000000000000000e+00 0.000000000000000000e+00 2.160674057471819958e-14
1.560000000000000000e+03 0.000000000000000000e+00 0.000000000000000000e+00 2.158290466277999520e-14
1.561000000000000000e+03 0.000000000000000000e+00 0.000000000000000000e+00 2.155910105525484015e-14
1.562000000000000000e+03 0.000000000000000000e+00 0.000000000000000000e+00 2.153532936777897685e-14
1.563000000000000000e+03 0.000000000000000000e+00 0.000000000000000000e+00 2.151158944568403850e-14
1.564000000000000000e+03 0.000000000000000000e+00 0.000000000000000000e+00 2.148788090453588852e-14
1.565000000000000000e+03 0.000000000000000000e+00 0.000000000000000000e+00 2.146420359913770376e-14
1.566000000000000000e+03 0.000000000000000000e+00 0.000000000000000000e+00 2.144055715078636848e-14
1.567000000000000000e+03 0.000000000000000000e+00 0.000000000000000000e+00 2.141694142317396629e-14
1.568000000000000000e+03 0.000000000000000000e+00 0.000000000000000000e+00 2.139335603714770549e-14
1.569000000000000000e+03 0.000000000000000000e+00 0.000000000000000000e+00 2.136980086699116865e-14
1.570000000000000000e+03 0.000000000000000000e+00 0.000000000000000000e+00 2.134627554623587628e-14
1.571000000000000000e+03 0.000000000000000000e+00 0.000000000000000000e+00 2.132277995167270121e-14
1.572000000000000000e+03 0.000000000000000000e+00 0.000000000000000000e+00 2.129931372781571702e-14
1.573000000000000000e+03 0.000000000000000000e+00 0.000000000000000000e+00 2.127587674898148384e-14
1.574000000000000000e+03 0.000000000000000000e+00 0.000000000000000000e+00 2.125246867129794424e-14
1.575000000000000000e+03 0.000000000000000000e+00 0.000000000000000000e+00 2.122908938253850835e-14
1.576000000000000000e+03 0.000000000000000000e+00 0.000000000000000000e+00 2.120573854149177304e-14
1.577000000000000000e+03 0.000000000000000000e+00 0.000000000000000000e+00 2.118241603718835921e-14
1.578000000000000000e+03 0.000000000000000000e+00 0.000000000000000000e+00 2.115912154543082325e-14
1.579000000000000000e+03 0.000000000000000000e+00 0.000000000000000000e+00 2.113585495334883009e-14
1.580000000000000000e+03 0.000000000000000000e+00 0.000000000000000000e+00 2.111261594979136072e-14
1.581000000000000000e+03 0.000000000000000000e+00 0.000000000000000000e+00 2.108940443444054209e-14
1.582000000000000000e+03 0.000000000000000000e+00 0.000000000000000000e+00 2.106622009245557190e-14
1.583000000000000000e+03 0.000000000000000000e+00 0.000000000000000000e+00 2.104306284182441941e-14
1.584000000000000000e+03 0.000000000000000000e+00 0.000000000000000000e+00 2.101993237271925988e-14
1.585000000000000000e+03 0.000000000000000000e+00 0.000000000000000000e+00 2.099682860954203814e-14
1.586000000000000000e+03 0.000000000000000000e+00 0.000000000000000000e+00 2.097375124919121508e-14
1.587000000000000000e+03 0.000000000000000000e+00 0.000000000000000000e+00 2.095070022605465436e-14
1.588000000000000000e+03 0.000000000000000000e+00 0.000000000000000000e+00 2.092767524554393869e-14
1.589000000000000000e+03 0.000000000000000000e+00 0.000000000000000000e+00 2.090467624366870670e-14
1.590000000000000000e+03 0.000000000000000000e+00 0.000000000000000000e+00 2.088170294400386781e-14
1.591000000000000000e+03 0.000000000000000000e+00 0.000000000000000000e+00 2.085875528097321988e-14
1.592000000000000000e+03 0.000000000000000000e+00 0.000000000000000000e+00 2.083583299143373285e-14
1.593000000000000000e+03 0.000000000000000000e+00 0.000000000000000000e+00 2.081293601489857542e-14
1.594000000000000000e+03 0.000000000000000000e+00 0.000000000000000000e+00 2.079006410172375899e-14
1.595000000000000000e+03 0.000000000000000000e+00 0.000000000000000000e+00 2.076721719705263457e-14
1.596000000000000000e+03 0.000000000000000000e+00 0.000000000000000000e+00 2.074439505639793420e-14
1.597000000000000000e+03 0.000000000000000000e+00 0.000000000000000000e+00 2.072159764011215565e-14
1.598000000000000000e+03 0.000000000000000000e+00 0.000000000000000000e+00 2.069882470508129577e-14
1.599000000000000000e+03 0.000000000000000000e+00 0.000000000000000000e+00 2.067607623243914963e-14
1.600000000000000000e+03 0.000000000000000000e+00 0.000000000000000000e+00 2.065335197623764296e-14
1.601000000000000000e+03 0.000000000000000000e+00 0.000000000000000000e+00 2.063065193327758505e-14
1.602000000000000000e+03 0.000000000000000000e+00 0.000000000000000000e+00 2.060797586932914322e-14
1.603000000000000000e+03 0.000000000000000000e+00 0.000000000000000000e+00 2.058532377894950539e-14
1.604000000000000000e+03 0.000000000000000000e+00 0.000000000000000000e+00 2.056269544577233216e-14
1.605000000000000000e+03 0.000000000000000000e+00 0.000000000000000000e+00 2.054009087000310602e-14
1.606000000000000000e+03 0.000000000000000000e+00 0.000000000000000000e+00 2.051750984147419250e-14
1.607000000000000000e+03 0.000000000000000000e+00 0.000000000000000000e+00 2.049495237539156711e-14
1.608000000000000000e+03 0.000000000000000000e+00 0.000000000000000000e+00 2.047241827001278446e-14
1.609000000000000000e+03 0.000000000000000000e+00 0.000000000000000000e+00 2.044990755336112478e-14
1.610000000000000000e+03 0.000000000000000000e+00 0.000000000000000000e+00 2.042742002446635544e-14
1.611000000000000000e+03 0.000000000000000000e+00 0.000000000000000000e+00 2.040495572330713618e-14
1.612000000000000000e+03 0.000000000000000000e+00 0.000000000000000000e+00 2.038251447066709622e-14
1.613000000000000000e+03 0.000000000000000000e+00 0.000000000000000000e+00 2.036009630094577434e-14
1.614000000000000000e+03 0.000000000000000000e+00 0.000000000000000000e+00 2.033770104208297039e-14
1.615000000000000000e+03 0.000000000000000000e+00 0.000000000000000000e+00 2.031532874772583287e-14
1.616000000000000000e+03 0.000000000000000000e+00 0.000000000000000000e+00 2.029297925496370805e-14
1.617000000000000000e+03 0.000000000000000000e+00 0.000000000000000000e+00 2.027065261425117701e-14
1.618000000000000000e+03 0.000000000000000000e+00 0.000000000000000000e+00 2.024834867947557750e-14
1.619000000000000000e+03 0.000000000000000000e+00 0.000000000000000000e+00 2.022606751332223305e-14
1.620000000000000000e+03 0.000000000000000000e+00 0.000000000000000000e+00 2.020380897538087291e-14
1.621000000000000000e+03 0.000000000000000000e+00 0.000000000000000000e+00 2.018157313757995116e-14
1.622000000000000000e+03 0.000000000000000000e+00 0.000000000000000000e+00 2.015935985943369361e-14
1.623000000000000000e+03 0.000000000000000000e+00 0.000000000000000000e+00 2.013716922942250327e-14
1.624000000000000000e+03 0.000000000000000000e+00 0.000000000000000000e+00 2.011500112003670202e-14
1.625000000000000000e+03 0.000000000000000000e+00 0.000000000000000000e+00 2.009285563156255484e-14
1.626000000000000000e+03 0.000000000000000000e+00 0.000000000000000000e+00 2.007073263884094931e-14
1.627000000000000000e+03 0.000000000000000000e+00 0.000000000000000000e+00 2.004863224579724465e-14
1.628000000000000000e+03 0.000000000000000000e+00 0.000000000000000000e+00 2.002655434720810883e-14
1.629000000000000000e+03 0.000000000000000000e+00 0.000000000000000000e+00 2.000449904613709579e-14
1.630000000000000000e+03 0.000000000000000000e+00 0.000000000000000000e+00 1.998246625065572618e-14
1.631000000000000000e+03 0.000000000000000000e+00 0.000000000000000000e+00 1.996045607384469589e-14
1.632000000000000000e+03 0.000000000000000000e+00 0.000000000000000000e+00 1.993846843558406337e-14
1.633000000000000000e+03 0.000000000000000000e+00 0.000000000000000000e+00 1.991650345002046490e-14
1.634000000000000000e+03 0.000000000000000000e+00 0.000000000000000000e+00 1.989456104662848914e-14
1.635000000000000000e+03 0.000000000000000000e+00 0.000000000000000000e+00 1.987264135818286439e-14
1.636000000000000000e+03 0.000000000000000000e+00 0.000000000000000000e+00 1.985074430825260881e-14
1.637000000000000000e+03 0.000000000000000000e+00 0.000000000000000000e+00 1.982887004099170928e-14
1.638000000000000000e+03 0.000000000000000000e+00 0.000000000000000000e+00 1.980701849672870744e-14
1.639000000000000000e+03 0.000000000000000000e+00 0.000000000000000000e+00 1.978518982088209320e-14
1.640000000000000000e+03 0.000000000000000000e+00 0.000000000000000000e+00 1.976338396338165951e-14
1.641000000000000000e+03 0.000000000000000000e+00 0.000000000000000000e+00 1.974160107528353807e-14
1.642000000000000000e+03 0.000000000000000000e+00 0.000000000000000000e+00 1.971984111413081212e-14
1.643000000000000000e+03 0.000000000000000000e+00 0.000000000000000000e+00 1.969810423561698583e-14
1.644000000000000000e+03 0.000000000000000000e+00 0.000000000000000000e+00 1.967639041272431157e-14
1.645000000000000000e+03 0.000000000000000000e+00 0.000000000000000000e+00 1.965469980563834516e-14
1.646000000000000000e+03 0.000000000000000000e+00 0.000000000000000000e+00 1.963303239727194920e-14
1.647000000000000000e+03 0.000000000000000000e+00 0.000000000000000000e+00 1.961138835136483553e-14
1.648000000000000000e+03 0.000000000000000000e+00 0.000000000000000000e+00 1.958976766115228838e-14
1.649000000000000000e+03 0.000000000000000000e+00 0.000000000000000000e+00 1.956817049933658073e-14
1.650000000000000000e+03 0.000000000000000000e+00 0.000000000000000000e+00 1.954659686029013349e-14
1.651000000000000000e+03 0.000000000000000000e+00 0.000000000000000000e+00 1.952504692215923712e-14
1.652000000000000000e+03 0.000000000000000000e+00 0.000000000000000000e+00 1.950352068934777071e-14
1.653000000000000000e+03 0.000000000000000000e+00 0.000000000000000000e+00 1.948201835260677241e-14
1.654000000000000000e+03 0.000000000000000000e+00 0.000000000000000000e+00 1.946053991546509474e-14
1.655000000000000000e+03 0.000000000000000000e+00 0.000000000000000000e+00 1.943908557545589071e-14
1.656000000000000000e+03 0.000000000000000000e+00 0.000000000000000000e+00 1.941765533835829222e-14
1.657000000000000000e+03 0.000000000000000000e+00 0.000000000000000000e+00 1.939624941337740668e-14
1.658000000000000000e+03 0.000000000000000000e+00 0.000000000000000000e+00 1.937486781598725194e-14
1.659000000000000000e+03 0.000000000000000000e+00 0.000000000000000000e+00 1.935351075607253909e-14
1.660000000000000000e+03 0.000000000000000000e+00 0.000000000000000000e+00 1.933217825300124540e-14
1.661000000000000000e+03 0.000000000000000000e+00 0.000000000000000000e+00 1.931087052660255719e-14
1.662000000000000000e+03 0.000000000000000000e+00 0.000000000000000000e+00 1.928958759954178617e-14
1.663000000000000000e+03 0.000000000000000000e+00 0.000000000000000000e+00 1.926832969712673874e-14
1.664000000000000000e+03 0.000000000000000000e+00 0.000000000000000000e+00 1.924709685063696464e-14
1.665000000000000000e+03 0.000000000000000000e+00 0.000000000000000000e+00 1.922588928184924994e-14
1.666000000000000000e+03 0.000000000000000000e+00 0.000000000000000000e+00 1.920470703436566922e-14
1.667000000000000000e+03 0.000000000000000000e+00 0.000000000000000000e+00 1.918355033469116947e-14
1.668000000000000000e+03 0.000000000000000000e+00 0.000000000000000000e+00 1.916241922583487006e-14
1.669000000000000000e+03 0.000000000000000000e+00 0.000000000000000000e+00 1.914131393744229630e-14
1.670000000000000000e+03 0.000000000000000000e+00 0.000000000000000000e+00 1.912023451940467848e-14
1.671000000000000000e+03 0.000000000000000000e+00 0.000000000000000000e+00 1.909918120973877921e-14
1.672000000000000000e+03 0.000000000000000000e+00 0.000000000000000000e+00 1.907815406123169296e-14
1.673000000000000000e+03 0.000000000000000000e+00 0.000000000000000000e+00 1.905715330882181676e-14
1.674000000000000000e+03 0.000000000000000000e+00 0.000000000000000000e+00 1.903617901409403526e-14
1.675000000000000000e+03 0.000000000000000000e+00 0.000000000000000000e+00 1.901523141625037776e-14
1.676000000000000000e+03 0.000000000000000000e+00 0.000000000000000000e+00 1.899431058125176438e-14
1.677000000000000000e+03 0.000000000000000000e+00 0.000000000000000000e+00 1.897341674958567010e-14
1.678000000000000000e+03 0.000000000000000000e+00 0.000000000000000000e+00 1.895254998857670312e-14
1.679000000000000000e+03 0.000000000000000000e+00 0.000000000000000000e+00 1.893171053754525343e-14
1.680000000000000000e+03 0.000000000000000000e+00 0.000000000000000000e+00 1.891089847085093082e-14
1.681000000000000000e+03 0.000000000000000000e+00 0.000000000000000000e+00 1.889011403240397676e-14
1.682000000000000000e+03 0.000000000000000000e+00 0.000000000000000000e+00 1.886935729292080474e-14
1.683000000000000000e+03 0.000000000000000000e+00 0.000000000000000000e+00 1.884862850267298323e-14
1.684000000000000000e+03 0.000000000000000000e+00 0.000000000000000000e+00 1.882792772932078392e-14
1.685000000000000000e+03 0.000000000000000000e+00 0.000000000000000000e+00 1.880725522473682212e-14
1.686000000000000000e+03 0.000000000000000000e+00 0.000000000000000000e+00 1.878661106108115833e-14
1.687000000000000000e+03 0.000000000000000000e+00 0.000000000000000000e+00 1.876599548968271863e-14
1.688000000000000000e+03 0.000000000000000000e+00 0.000000000000000000e+00 1.874540858209690479e-14
1.689000000000000000e+03 0.000000000000000000e+00 0.000000000000000000e+00 1.872485059482812895e-14
1.690000000000000000e+03 0.000000000000000000e+00 0.000000000000000000e+00 1.870432160271413264e-14
1.691000000000000000e+03 0.000000000000000000e+00 0.000000000000000000e+00 1.868382185675103102e-14
1.692000000000000000e+03 0.000000000000000000e+00 0.000000000000000000e+00 1.866335143180867541e-14
1.693000000000000000e+03 0.000000000000000000e+00 0.000000000000000000e+00 1.864291058628047167e-14
1.694000000000000000e+03 0.000000000000000000e+00 0.000000000000000000e+00 1.862249939308546228e-14
1.695000000000000000e+03 0.000000000000000000e+00 0.000000000000000000e+00 1.860211810496644558e-14
1.696000000000000000e+03 0.000000000000000000e+00 0.000000000000000000e+00 1.858176679860648548e-14
1.697000000000000000e+03 0.000000000000000000e+00 0.000000000000000000e+00 1.856144572798621351e-14
1.698000000000000000e+03 0.000000000000000000e+00 0.000000000000000000e+00 1.854115496197920413e-14
1.699000000000000000e+03 0.000000000000000000e+00 0.000000000000000000e+00 1.852089476598702140e-14
1.700000000000000000e+03 0.000000000000000000e+00 0.000000000000000000e+00 1.850066520118318743e-14
1.701000000000000000e+03 0.000000000000000000e+00 0.000000000000000000e+00 1.848046652994907444e-14
1.702000000000000000e+03 0.000000000000000000e+00 0.000000000000000000e+00 1.846029881889371176e-14
1.703000000000000000e+03 0.000000000000000000e+00 0.000000000000000000e+00 1.844016232002527888e-14
1.704000000000000000e+03 0.000000000000000000e+00 0.000000000000000000e+00 1.842005710642036961e-14
1.705000000000000000e+03 0.000000000000000000e+00 0.000000000000000000e+00 1.839998342757675245e-14
1.706000000000000000e+03 0.000000000000000000e+00 0.000000000000000000e+00 1.837994135631402611e-14
1.707000000000000000e+03 0.000000000000000000e+00 0.000000000000000000e+00 1.835993113738366385e-14
1.708000000000000000e+03 0.000000000000000000e+00 0.000000000000000000e+00 1.833995284170919932e-14
1.709000000000000000e+03 0.000000000000000000e+00 0.000000000000000000e+00 1.832000671309559577e-14
1.710000000000000000e+03 0.000000000000000000e+00 0.000000000000000000e+00 1.830009281928266414e-14
1.711000000000000000e+03 0.000000000000000000e+00 0.000000000000000000e+00 1.828021140616897297e-14
1.712000000000000000e+03 0.000000000000000000e+00 0.000000000000000000e+00 1.826036253527049519e-14
1.713000000000000000e+03 0.000000000000000000e+00 0.000000000000000000e+00 1.824054644917955074e-14
1.714000000000000000e+03 0.000000000000000000e+00 0.000000000000000000e+00 1.822076320945413990e-14
1.715000000000000000e+03 0.000000000000000000e+00 0.000000000000000000e+00 1.820101305316250526e-14
1.716000000000000000e+03 0.000000000000000000e+00 0.000000000000000000e+00 1.818129603680146697e-14
1.717000000000000000e+03 0.000000000000000000e+00 0.000000000000000000e+00 1.816161239750821407e-14
1.718000000000000000e+03 0.000000000000000000e+00 0.000000000000000000e+00 1.814196218510346844e-14
1.719000000000000000e+03 0.000000000000000000e+00 0.000000000000000000e+00 1.812234563847359825e-14
1.720000000000000000e+03 0.000000000000000000e+00 0.000000000000000000e+00 1.810276280003038162e-14
1.721000000000000000e+03 0.000000000000000000e+00 0.000000000000000000e+00 1.808321389971864717e-14
1.722000000000000000e+03 0.000000000000000000e+00 0.000000000000000000e+00 1.806369897816969502e-14
1.723000000000000000e+03 0.000000000000000000e+00 0.000000000000000000e+00 1.804421826336840046e-14
1.724000000000000000e+03 0.000000000000000000e+00 0.000000000000000000e+00 1.802477179569499444e-14
1.725000000000000000e+03 0.000000000000000000e+00 0.000000000000000000e+00 1.800535979803560974e-14
1.726000000000000000e+03 0.000000000000000000e+00 0.000000000000000000e+00 1.798598230023642952e-14
1.727000000000000000e+03 0.000000000000000000e+00 0.000000000000000000e+00 1.796663952336786857e-14
1.728000000000000000e+03 0.000000000000000000e+00 0.000000000000000000e+00 1.794733149490240550e-14
1.729000000000000000e+03 0.000000000000000000e+00 0.000000000000000000e+00 1.792805842403389543e-14
1.730000000000000000e+03 0.000000000000000000e+00 0.000000000000000000e+00 1.790882033735985661e-14
1.731000000000000000e+03 0.000000000000000000e+00 0.000000000000000000e+00 1.788961744025726909e-14
1.732000000000000000e+03 0.000000000000000000e+00 0.000000000000000000e+00 1.787044975369539363e-14
1.733000000000000000e+03 0.000000000000000000e+00 0.000000000000000000e+00 1.785131747585610459e-14
1.734000000000000000e+03 0.000000000000000000e+00 0.000000000000000000e+00 1.783222062741635507e-14
1.735000000000000000e+03 0.000000000000000000e+00 0.000000000000000000e+00 1.781315939794116556e-14
1.736000000000000000e+03 0.000000000000000000e+00 0.000000000000000000e+00 1.779413379820061103e-14
1.737000000000000000e+03 0.000000000000000000e+00 0.000000000000000000e+00 1.777514401398610747e-14
1.738000000000000000e+03 0.000000000000000000e+00 0.000000000000000000e+00 1.775619005254303305e-14
1.739000000000000000e+03 0.000000000000000000e+00 0.000000000000000000e+00 1.773727209818131669e-14
1.740000000000000000e+03 0.000000000000000000e+00 0.000000000000000000e+00 1.771839014559388717e-14
1.741000000000000000e+03 0.000000000000000000e+00 0.000000000000000000e+00 1.769954436846781249e-14
1.742000000000000000e+03 0.000000000000000000e+00 0.000000000000000000e+00 1.768073476101853341e-14
1.743000000000000000e+03 0.000000000000000000e+00 0.000000000000000000e+00 1.766196149227921724e-14
1.744000000000000000e+03 0.000000000000000000e+00 0.000000000000000000e+00 1.764322454532708731e-14
1.745000000000000000e+03 0.000000000000000000e+00 0.000000000000000000e+00 1.762452408138457822e-14
1.746000000000000000e+03 0.000000000000000000e+00 0.000000000000000000e+00 1.760586007941642681e-14
1.747000000000000000e+03 0.000000000000000000e+00 0.000000000000000000e+00 1.758723269808657402e-14
1.748000000000000000e+03 0.000000000000000000e+00 0.000000000000000000e+00 1.756864190316547744e-14
1.749000000000000000e+03 0.000000000000000000e+00 0.000000000000000000e+00 1.755008784752611954e-14
1.750000000000000000e+03 0.000000000000000000e+00 0.000000000000000000e+00 1.753157049224157836e-14
1.751000000000000000e+03 0.000000000000000000e+00 0.000000000000000000e+00 1.751308997693600583e-14
1.752000000000000000e+03 0.000000000000000000e+00 0.000000000000000000e+00 1.749464626076675967e-14
1.753000000000000000e+03 0.000000000000000000e+00 0.000000000000000000e+00 1.747623947819744362e-14
1.754000000000000000e+03 0.000000000000000000e+00 0.000000000000000000e+00 1.745786958242974908e-14
1.755000000000000000e+03 0.000000000000000000e+00 0.000000000000000000e+00 1.743953669984317207e-14
1.756000000000000000e+03 0.000000000000000000e+00 0.000000000000000000e+00 1.742124077684231968e-14
1.757000000000000000e+03 0.000000000000000000e+00 0.000000000000000000e+00 1.740298193165932935e-14
1.758000000000000000e+03 0.000000000000000000e+00 0.000000000000000000e+00 1.738476010240610039e-14
1.759000000000000000e+03 0.000000000000000000e+00 0.000000000000000000e+00 1.736657539778008616e-14
1.760000000000000000e+03 0.000000000000000000e+00 0.000000000000000000e+00 1.734842775387846045e-14
1.761000000000000000e+03 0.000000000000000000e+00 0.000000000000000000e+00 1.733031727579017756e-14
1.762000000000000000e+03 0.000000000000000000e+00 0.000000000000000000e+00 1.731224388256357780e-14
1.763000000000000000e+03 0.000000000000000000e+00 0.000000000000000000e+00 1.729420767882267033e-14
1.764000000000000000e+03 0.000000000000000000e+00 0.000000000000000000e+00 1.727620857679907796e-14
1.765000000000000000e+03 0.000000000000000000e+00 0.000000000000000000e+00 1.725824667132376436e-14
1.766000000000000000e+03 0.000000000000000000e+00 0.000000000000000000e+00 1.724032186644293913e-14
1.767000000000000000e+03 0.000000000000000000e+00 0.000000000000000000e+00 1.722243425390167775e-14
1.768000000000000000e+03 0.000000000000000000e+00 0.000000000000000000e+00 1.720458372906022855e-14
1.769000000000000000e+03 0.000000000000000000e+00 0.000000000000000000e+00 1.718677037781982644e-14
1.770000000000000000e+03 0.000000000000000000e+00 0.000000000000000000e+00 1.716899408663832033e-14
1.771000000000000000e+03 0.000000000000000000e+00 0.000000000000000000e+00 1.715125492911994469e-14
1.772000000000000000e+03 0.000000000000000000e+00 0.000000000000000000e+00 1.713355278840790633e-14
1.773000000000000000e+03 0.000000000000000000e+00 0.000000000000000000e+00 1.711588773346493678e-14
1.774000000000000000e+03 0.000000000000000000e+00 0.000000000000000000e+00 1.709825963640891144e-14
1.775000000000000000e+03 0.000000000000000000e+00 0.000000000000000000e+00 1.708066855500588036e-14
1.776000000000000000e+03 0.000000000000000000e+00 0.000000000000000000e+00 1.706311436238937419e-14
1.777000000000000000e+03 0.000000000000000000e+00 0.000000000000000000e+00 1.704559710254534931e-14
1.778000000000000000e+03 0.000000000000000000e+00 0.000000000000000000e+00 1.702811664545152042e-14
1.779000000000000000e+03 0.000000000000000000e+00 0.000000000000000000e+00 1.701067302386558274e-14
1.780000000000000000e+03 0.000000000000000000e+00 0.000000000000000000e+00 1.699326610423239736e-14
1.781000000000000000e+03 0.000000000000000000e+00 0.000000000000000000e+00 1.697589591472931219e-14
1.782000000000000000e+03 0.000000000000000000e+00 0.000000000000000000e+00 1.695856231187219055e-14
1.783000000000000000e+03 0.000000000000000000e+00 0.000000000000000000e+00 1.694126532251485161e-14
1.784000000000000000e+03 0.000000000000000000e+00 0.000000000000000000e+00 1.692400479105817369e-14
1.785000000000000000e+03 0.000000000000000000e+00 0.000000000000000000e+00 1.690678073499547553e-14
1.786000000000000000e+03 0.000000000000000000e+00 0.000000000000000000e+00 1.688959299500450858e-14
1.787000000000000000e+03 0.000000000000000000e+00 0.000000000000000000e+00 1.687244158611435419e-14
1.788000000000000000e+03 0.000000000000000000e+00 0.000000000000000000e+00 1.685532633841721919e-14
1.789000000000000000e+03 0.000000000000000000e+00 0.000000000000000000e+00 1.683824725851471131e-14
1.790000000000000000e+03 0.000000000000000000e+00 0.000000000000000000e+00 1.682120417335528784e-14
1.791000000000000000e+03 0.000000000000000000e+00 0.000000000000000000e+00 1.680419708268727373e-14
1.792000000000000000e+03 0.000000000000000000e+00 0.000000000000000000e+00 1.678722580470983842e-14
1.793000000000000000e+03 0.000000000000000000e+00 0.000000000000000000e+00 1.677029033315251590e-14
1.794000000000000000e+03 0.000000000000000000e+00 0.000000000000000000e+00 1.675339048456166054e-14
1.795000000000000000e+03 0.000000000000000000e+00 0.000000000000000000e+00 1.673652624222301053e-14
1.796000000000000000e+03 0.000000000000000000e+00 0.000000000000000000e+00 1.671969741929918659e-14
1.797000000000000000e+03 0.000000000000000000e+00 0.000000000000000000e+00 1.670290399233077491e-14
1.798000000000000000e+03 0.000000000000000000e+00 0.000000000000000000e+00 1.668614576692987400e-14
1.799000000000000000e+03 0.000000000000000000e+00 0.000000000000000000e+00 1.666942271844180378e-14
1.800000000000000000e+03 0.000000000000000000e+00 0.000000000000000000e+00 1.665273464752332254e-14
1.801000000000000000e+03 0.000000000000000000e+00 0.000000000000000000e+00 1.663608152197855550e-14
1.802000000000000000e+03 0.000000000000000000e+00 0.000000000000000000e+00 1.661946313848598807e-14
1.803000000000000000e+03 0.000000000000000000e+00 0.000000000000000000e+00 1.660287945984425894e-14
1.804000000000000000e+03 0.000000000000000000e+00 0.000000000000000000e+00 1.658633027944825472e-14
1.805000000000000000e+03 0.000000000000000000e+00 0.000000000000000000e+00 1.656981555124590397e-14
1.806000000000000000e+03 0.000000000000000000e+00 0.000000000000000000e+00 1.655333506118449535e-14
1.807000000000000000e+03 0.000000000000000000e+00 0.000000000000000000e+00 1.653688876227623903e-14
1.808000000000000000e+03 0.000000000000000000e+00 0.000000000000000000e+00 1.652047644075188033e-14
1.809000000000000000e+03 0.000000000000000000e+00 0.000000000000000000e+00 1.650409803835927627e-14
1.810000000000000000e+03 0.000000000000000000e+00 0.000000000000000000e+00 1.648775333563368481e-14
1.811000000000000000e+03 0.000000000000000000e+00 0.000000000000000000e+00 1.647144227348856900e-14
1.812000000000000000e+03 0.000000000000000000e+00 0.000000000000000000e+00 1.645516462466570806e-14
1.813000000000000000e+03 0.000000000000000000e+00 0.000000000000000000e+00 1.643892032843914487e-14
1.814000000000000000e+03 0.000000000000000000e+00 0.000000000000000000e+00 1.642270915858575771e-14
1.815000000000000000e+03 0.000000000000000000e+00 0.000000000000000000e+00 1.640653104352282501e-14
1.816000000000000000e+03 0.000000000000000000e+00 0.000000000000000000e+00 1.639038575702311668e-14
1.817000000000000000e+03 0.000000000000000000e+00 0.000000000000000000e+00 1.637427322688625511e-14
1.818000000000000000e+03 0.000000000000000000e+00 0.000000000000000000e+00 1.635819321800076721e-14
1.819000000000000000e+03 0.000000000000000000e+00 0.000000000000000000e+00 1.634214565670101042e-14
1.820000000000000000e+03 0.000000000000000000e+00 0.000000000000000000e+00 1.632613030464938608e-14
1.821000000000000000e+03 0.000000000000000000e+00 0.000000000000000000e+00 1.631014708753155869e-14
1.822000000000000000e+03 0.000000000000000000e+00 0.000000000000000000e+00 1.629419576039664988e-14
1.823000000000000000e+03 0.000000000000000000e+00 0.000000000000000000e+00 1.627827624445098890e-14
1.824000000000000000e+03 0.000000000000000000e+00 0.000000000000000000e+00 1.626238829675825567e-14
1.825000000000000000e+03 0.000000000000000000e+00 0.000000000000000000e+00 1.624653183250469156e-14
1.826000000000000000e+03 0.000000000000000000e+00 0.000000000000000000e+00 1.623070660563025770e-14
1.827000000000000000e+03 0.000000000000000000e+00 0.000000000000000000e+00 1.621491252924443393e-14
1.828000000000000000e+03 0.000000000000000000e+00 0.000000000000000000e+00 1.619914935641755689e-14
1.829000000000000000e+03 0.000000000000000000e+00 0.000000000000000000e+00 1.618341699985384334e-14
1.830000000000000000e+03 0.000000000000000000e+00 0.000000000000000000e+00 1.616771520856287690e-14
1.831000000000000000e+03 0.000000000000000000e+00 0.000000000000000000e+00 1.615204389604610662e-14
1.832000000000000000e+03 0.000000000000000000e+00 0.000000000000000000e+00 1.613640280598531997e-14
1.833000000000000000e+03 0.000000000000000000e+00 0.000000000000000000e+00 1.612079184884134266e-14
1.834000000000000000e+03 0.000000000000000000e+00 0.000000000000000000e+00 1.610521076663589903e-14
1.835000000000000000e+03 0.000000000000000000e+00 0.000000000000000000e+00 1.608965946530946197e-14
1.836000000000000000e+03 0.000000000000000000e+00 0.000000000000000000e+00 1.607413768716715566e-14
1.837000000000000000e+03 0.000000000000000000e+00 0.000000000000000000e+00 1.605864533714751761e-14
1.838000000000000000e+03 0.000000000000000000e+00 0.000000000000000000e+00 1.604318215474611233e-14
1.839000000000000000e+03 0.000000000000000000e+00 0.000000000000000000e+00 1.602774804101330813e-14
1.840000000000000000e+03 0.000000000000000000e+00 0.000000000000000000e+00 1.601234273596458882e-14
1.841000000000000000e+03 0.000000000000000000e+00 0.000000000000000000e+00 1.599696614077732617e-14
1.842000000000000000e+03 0.000000000000000000e+00 0.000000000000000000e+00 1.598161799308348917e-14
1.843000000000000000e+03 0.000000000000000000e+00 0.000000000000000000e+00 1.596629819492867618e-14
1.844000000000000000e+03 0.000000000000000000e+00 0.000000000000000000e+00 1.595100648054214887e-14
1.845000000000000000e+03 0.000000000000000000e+00 0.000000000000000000e+00 1.593574275034436379e-14
1.846000000000000000e+03 0.000000000000000000e+00 0.000000000000000000e+00 1.592050674322050593e-14
1.847000000000000000e+03 0.000000000000000000e+00 0.000000000000000000e+00 1.590529835168940974e-14
1.848000000000000000e+03 0.000000000000000000e+00 0.000000000000000000e+00 1.589011731875961407e-14
1.849000000000000000e+03 0.000000000000000000e+00 0.000000000000000000e+00 1.587496353553924289e-14
1.850000000000000000e+03 0.000000000000000000e+00 0.000000000000000000e+00 1.585983674481256503e-14
1.851000000000000000e+03 0.000000000000000000e+00 0.000000000000000000e+00 1.584473683836348691e-14
1.852000000000000000e+03 0.000000000000000000e+00 0.000000000000000000e+00 1.582966355773315246e-14
1.853000000000000000e+03 0.000000000000000000e+00 0.000000000000000000e+00 1.581461679258179776e-14
1.854000000000000000e+03 0.000000000000000000e+00 0.000000000000000000e+00 1.579959628672737077e-14
1.855000000000000000e+03 0.000000000000000000e+00 0.000000000000000000e+00 1.578460193067774807e-14
1.856000000000000000e+03 0.000000000000000000e+00 0.000000000000000000e+00 1.576963346813671054e-14
1.857000000000000000e+03 0.000000000000000000e+00 0.000000000000000000e+00 1.575469078758299830e-14
1.858000000000000000e+03 0.000000000000000000e+00 0.000000000000000000e+00 1.573977363081121634e-14
1.859000000000000000e+03 0.000000000000000000e+00 0.000000000000000000e+00 1.572488189266730408e-14
1.860000000000000000e+03 0.000000000000000000e+00 0.000000000000000000e+00 1.571001531238383243e-14
1.861000000000000000e+03 0.000000000000000000e+00 0.000000000000000000e+00 1.569517378571468501e-14
1.862000000000000000e+03 0.000000000000000000e+00 0.000000000000000000e+00 1.568035705331887627e-14
1.863000000000000000e+03 0.000000000000000000e+00 0.000000000000000000e+00 1.566556501046393184e-14
1.864000000000000000e+03 0.000000000000000000e+00 0.000000000000000000e+00 1.565079740065038101e-14
1.865000000000000000e+03 0.000000000000000000e+00 0.000000000000000000e+00 1.563605412166042025e-14
1.866000000000000000e+03 0.000000000000000000e+00 0.000000000000000000e+00 1.562133491332563096e-14
1.867000000000000000e+03 0.000000000000000000e+00 0.000000000000000000e+00 1.560663967279282002e-14
1.868000000000000000e+03 0.000000000000000000e+00 0.000000000000000000e+00 1.559196814476877338e-14
1.869000000000000000e+03 0.000000000000000000e+00 0.000000000000000000e+00 1.557732022547890841e-14
1.870000000000000000e+03 0.000000000000000000e+00 0.000000000000000000e+00 1.556269566026572250e-14
1.871000000000000000e+03 0.000000000000000000e+00 0.000000000000000000e+00 1.554809434345438067e-14
1.872000000000000000e+03 0.000000000000000000e+00 0.000000000000000000e+00 1.553351602411148856e-14
1.873000000000000000e+03 0.000000000000000000e+00 0.000000000000000000e+00 1.551896059378399136e-14
1.874000000000000000e+03 0.000000000000000000e+00 0.000000000000000000e+00 1.550442780231898736e-14
1.875000000000000000e+03 0.000000000000000000e+00 0.000000000000000000e+00 1.548991754636648410e-14
1.876000000000000000e+03 0.000000000000000000e+00 0.000000000000000000e+00 1.547542957539901608e-14
1.877000000000000000e+03 0.000000000000000000e+00 0.000000000000000000e+00 1.546096379109572424e-14
1.878000000000000000e+03 0.000000000000000000e+00 0.000000000000000000e+00 1.544651993787121309e-14
1.879000000000000000e+03 0.000000000000000000e+00 0.000000000000000000e+00 1.543209792229787729e-14
1.880000000000000000e+03 0.000000000000000000e+00 0.000000000000000000e+00 1.541769749360857647e-14
1.881000000000000000e+03 0.000000000000000000e+00 0.000000000000000000e+00 1.540331855228966233e-14
1.882000000000000000e+03 0.000000000000000000e+00 0.000000000000000000e+00 1.538896085595381462e-14
1.883000000000000000e+03 0.000000000000000000e+00 0.000000000000000000e+00 1.537462430184712309e-14
1.884000000000000000e+03 0.000000000000000000e+00 0.000000000000000000e+00 1.536030865065587785e-14
1.885000000000000000e+03 0.000000000000000000e+00 0.000000000000000000e+00 1.534601380025260309e-14
1.886000000000000000e+03 0.000000000000000000e+00 0.000000000000000000e+00 1.533173951297599060e-14
1.887000000000000000e+03 0.000000000000000000e+00 0.000000000000000000e+00 1.531748568944321677e-14
1.888000000000000000e+03 0.000000000000000000e+00 0.000000000000000000e+00 1.530325209608288588e-14
1.889000000000000000e+03 0.000000000000000000e+00 0.000000000000000000e+00 1.528903863335146440e-14
1.890000000000000000e+03 0.000000000000000000e+00 0.000000000000000000e+00 1.527484506950737944e-14
1.891000000000000000e+03 0.000000000000000000e+00 0.000000000000000000e+00 1.526067130779383067e-14
1.892000000000000000e+03 0.000000000000000000e+00 0.000000000000000000e+00 1.524651712096493507e-14
1.893000000000000000e+03 0.000000000000000000e+00 0.000000000000000000e+00 1.523238241253250263e-14
1.894000000000000000e+03 0.000000000000000000e+00 0.000000000000000000e+00 1.521826696066248542e-14
1.895000000000000000e+03 0.000000000000000000e+00 0.000000000000000000e+00 1.520417066788606989e-14
1.896000000000000000e+03 0.000000000000000000e+00 0.000000000000000000e+00 1.519009331531365038e-14
1.897000000000000000e+03 0.000000000000000000e+00 0.000000000000000000e+00 1.517603480767484878e-14
1.898000000000000000e+03 0.000000000000000000e+00 0.000000000000000000e+00 1.516199492717466072e-14
1.899000000000000000e+03 0.000000000000000000e+00 0.000000000000000000e+00 1.514797358268179501e-14
1.900000000000000000e+03 0.000000000000000000e+00 0.000000000000000000e+00 1.513397055709267440e-14
1.901000000000000000e+03 0.000000000000000000e+00 0.000000000000000000e+00 1.511998576351964074e-14
1.902000000000000000e+03 0.000000000000000000e+00 0.000000000000000000e+00 1.510601898860340091e-14
1.903000000000000000e+03 0.000000000000000000e+00 0.000000000000000000e+00 1.509207014757735756e-14
1.904000000000000000e+03 0.000000000000000000e+00 0.000000000000000000e+00 1.507813903154029143e-14
1.905000000000000000e+03 0.000000000000000000e+00 0.000000000000000000e+00 1.506422556011880625e-14
1.906000000000000000e+03 0.000000000000000000e+00 0.000000000000000000e+00 1.505032952678539362e-14
1.907000000000000000e+03 0.000000000000000000e+00 0.000000000000000000e+00 1.503645085983172952e-14
1.908000000000000000e+03 0.000000000000000000e+00 0.000000000000000000e+00 1.502258935359138821e-14
1.909000000000000000e+03 0.000000000000000000e+00 0.000000000000000000e+00 1.500874494079501964e-14
1.910000000000000000e+03 0.000000000000000000e+00 0.000000000000000000e+00 1.499491742304919271e-14
1.911000000000000000e+03 0.000000000000000000e+00 0.000000000000000000e+00 1.498110673503027646e-14
1.912000000000000000e+03 0.000000000000000000e+00 0.000000000000000000e+00 1.496731268196814105e-14
1.913000000000000000e+03 0.000000000000000000e+00 0.000000000000000000e+00 1.495353520335091989e-14
1.914000000000000000e+03 0.000000000000000000e+00 0.000000000000000000e+00 1.493977410609791081e-14
1.915000000000000000e+03 0.000000000000000000e+00 0.000000000000000000e+00 1.492602933897383495e-14
1.916000000000000000e+03 0.000000000000000000e+00 0.000000000000000000e+00 1.491230071683321140e-14
1.917000000000000000e+03 0.000000000000000000e+00 0.000000000000000000e+00 1.489858818598087843e-14
1.918000000000000000e+03 0.000000000000000000e+00 0.000000000000000000e+00 1.488489157143954186e-14
1.919000000000000000e+03 0.000000000000000000e+00 0.000000000000000000e+00 1.487121082629471911e-14
1.920000000000000000e+03 0.000000000000000000e+00 0.000000000000000000e+00 1.485754577734406564e-14
1.921000000000000000e+03 0.000000000000000000e+00 0.000000000000000000e+00 1.484389638335371467e-14
1.922000000000000000e+03 0.000000000000000000e+00 0.000000000000000000e+00 1.483026247692641338e-14
1.923000000000000000e+03 0.000000000000000000e+00 0.000000000000000000e+00 1.481664402254364271e-14
1.924000000000000000e+03 0.000000000000000000e+00 0.000000000000000000e+00 1.480304085929365934e-14
1.925000000000000000e+03 0.000000000000000000e+00 0.000000000000000000e+00 1.478945295449613324e-14
1.926000000000000000e+03 0.000000000000000000e+00 0.000000000000000000e+00 1.477588015365109102e-14
1.927000000000000000e+03 0.000000000000000000e+00 0.000000000000000000e+00 1.476232242557578878e-14
1.928000000000000000e+03 0.000000000000000000e+00 0.000000000000000000e+00 1.474877962257552267e-14
1.929000000000000000e+03 0.000000000000000000e+00 0.000000000000000000e+00 1.473525172148294358e-14
1.930000000000000000e+03 0.000000000000000000e+00 0.000000000000000000e+00 1.472173858132713416e-14
1.931000000000000000e+03 0.000000000000000000e+00 0.000000000000000000e+00 1.470824018148737763e-14
1.932000000000000000e+03 0.000000000000000000e+00 0.000000000000000000e+00 1.469475638450179611e-14
1.933000000000000000e+03 0.000000000000000000e+00 0.000000000000000000e+00 1.468128718176260131e-14
1.934000000000000000e+03 0.000000000000000000e+00 0.000000000000000000e+00 1.466783243803925891e-14
1.935000000000000000e+03 0.000000000000000000e+00 0.000000000000000000e+00 1.465439215268171596e-14
1.936000000000000000e+03 0.000000000000000000e+00 0.000000000000000000e+00 1.464096619843919535e-14
1.937000000000000000e+03 0.000000000000000000e+00 0.000000000000000000e+00 1.462755457542169899e-14
1.938000000000000000e+03 0.000000000000000000e+00 0.000000000000000000e+00 1.461415716622018690e-14
1.939000000000000000e+03 0.000000000000000000e+00 0.000000000000000000e+00 1.460077397892892733e-14
1.940000000000000000e+03 0.000000000000000000e+00 0.000000000000000000e+00 1.458740489655934633e-14
1.941000000000000000e+03 0.000000000000000000e+00 0.000000000000000000e+00 1.457404993727436669e-14
1.942000000000000000e+03 0.000000000000000000e+00 0.000000000000000000e+00 1.456070898785953645e-14
1.943000000000000000e+03 0.000000000000000000e+00 0.000000000000000000e+00 1.454738207451277797e-14
1.944000000000000000e+03 0.000000000000000000e+00 0.000000000000000000e+00 1.453406908849593580e-14
1.945000000000000000e+03 0.000000000000000000e+00 0.000000000000000000e+00 1.452077006225314242e-14
1.946000000000000000e+03 0.000000000000000000e+00 0.000000000000000000e+00 1.450748489239849956e-14
1.947000000000000000e+03 0.000000000000000000e+00 0.000000000000000000e+00 1.449421361757439968e-14
1.948000000000000000e+03 0.000000000000000000e+00 0.000000000000000000e+00 1.448095614240802319e-14
1.949000000000000000e+03 0.000000000000000000e+00 0.000000000000000000e+00 1.446771250804148606e-14
1.950000000000000000e+03 0.000000000000000000e+00 0.000000000000000000e+00 1.445448262533274869e-14
1.951000000000000000e+03 0.000000000000000000e+00 0.000000000000000000e+00 1.444126654310015897e-14
1.952000000000000000e+03 0.000000000000000000e+00 0.000000000000000000e+00 1.442806417697525765e-14
1.953000000000000000e+03 0.000000000000000000e+00 0.000000000000000000e+00 1.441487558201685036e-14
1.954000000000000000e+03 0.000000000000000000e+00 0.000000000000000000e+00 1.440170068207409240e-14
1.955000000000000000e+03 0.000000000000000000e+00 0.000000000000000000e+00 1.438853954082138425e-14
1.956000000000000000e+03 0.000000000000000000e+00 0.000000000000000000e+00 1.437539208442530526e-14
1.957000000000000000e+03 0.000000000000000000e+00 0.000000000000000000e+00 1.436225837928293361e-14
1.958000000000000000e+03 0.000000000000000000e+00 0.000000000000000000e+00 1.434913836195095773e-14
1.959000000000000000e+03 0.000000000000000000e+00 0.000000000000000000e+00 1.433603210219643171e-14
1.960000000000000000e+03 0.000000000000000000e+00 0.000000000000000000e+00 1.432293954329723354e-14
1.961000000000000000e+03 0.000000000000000000e+00 0.000000000000000000e+00 1.430986076142356659e-14
1.962000000000000000e+03 0.000000000000000000e+00 0.000000000000000000e+00 1.429679570153547269e-14
1.963000000000000000e+03 0.000000000000000000e+00 0.000000000000000000e+00 1.428374444411903213e-14
1.964000000000000000e+03 0.000000000000000000e+00 0.000000000000000000e+00 1.427070694037400929e-14
1.965000000000000000e+03 0.000000000000000000e+00 0.000000000000000000e+00 1.425768327755372141e-14
1.966000000000000000e+03 0.000000000000000000e+00 0.000000000000000000e+00 1.424467341103638078e-14
1.967000000000000000e+03 0.000000000000000000e+00 0.000000000000000000e+00 1.423167743226737460e-14
1.968000000000000000e+03 0.000000000000000000e+00 0.000000000000000000e+00 1.421869530352212801e-14
1.969000000000000000e+03 0.000000000000000000e+00 0.000000000000000000e+00 1.420572712315524593e-14
1.970000000000000000e+03 0.000000000000000000e+00 0.000000000000000000e+00 1.419277285760149835e-14
1.971000000000000000e+03 0.000000000000000000e+00 0.000000000000000000e+00 1.417983260554277598e-14
1.972000000000000000e+03 0.000000000000000000e+00 0.000000000000000000e+00 1.416690634294892413e-14
1.973000000000000000e+03 0.000000000000000000e+00 0.000000000000000000e+00 1.415399417337668627e-14
1.974000000000000000e+03 0.000000000000000000e+00 0.000000000000000000e+00 1.414109607438328519e-14
1.975000000000000000e+03 0.000000000000000000e+00 0.000000000000000000e+00 1.412821215533172200e-14
1.976000000000000000e+03 0.000000000000000000e+00 0.000000000000000000e+00 1.411534239924746129e-14
1.977000000000000000e+03 0.000000000000000000e+00 0.000000000000000000e+00 1.410248691517569577e-14
1.978000000000000000e+03 0.000000000000000000e+00 0.000000000000000000e+00 1.408964569220312647e-14
1.979000000000000000e+03 0.000000000000000000e+00 0.000000000000000000e+00 1.407681884636134914e-14
1.980000000000000000e+03 0.000000000000000000e+00 0.000000000000000000e+00 1.406400636811289818e-14
1.981000000000000000e+03 0.000000000000000000e+00 0.000000000000000000e+00 1.405120837687419003e-14
1.982000000000000000e+03 0.000000000000000000e+00 0.000000000000000000e+00 1.403842487235038953e-14
1.983000000000000000e+03 0.000000000000000000e+00 0.000000000000000000e+00 1.402565597297376338e-14
1.984000000000000000e+03 0.000000000000000000e+00 0.000000000000000000e+00 1.401290168454682058e-14
1.985000000000000000e+03 0.000000000000000000e+00 0.000000000000000000e+00 1.400016212664217204e-14
1.986000000000000000e+03 0.000000000000000000e+00 0.000000000000000000e+00 1.398743730788481113e-14
1.987000000000000000e+03 0.000000000000000000e+00 0.000000000000000000e+00 1.397472735222319647e-14
1.988000000000000000e+03 0.000000000000000000e+00 0.000000000000000000e+00 1.396203226869770561e-14
1.989000000000000000e+03 0.000000000000000000e+00 0.000000000000000000e+00 1.394935218757758778e-14
1.990000000000000000e+03 0.000000000000000000e+00 0.000000000000000000e+00 1.393668711689749387e-14
1.991000000000000000e+03 0.000000000000000000e+00 0.000000000000000000e+00 1.392403718824899489e-14
1.992000000000000000e+03 0.000000000000000000e+00 0.000000000000000000e+00 1.391140241056867480e-14
1.993000000000000000e+03 0.000000000000000000e+00 0.000000000000000000e+00 1.389878292035054225e-14
1.994000000000000000e+03 0.000000000000000000e+00 0.000000000000000000e+00 1.388617873021087336e-14
1.995000000000000000e+03 0.000000000000000000e+00 0.000000000000000000e+00 1.387358998019992328e-14
1.996000000000000000e+03 0.000000000000000000e+00 0.000000000000000000e+00 1.386101668480479752e-14
1.997000000000000000e+03 0.000000000000000000e+00 0.000000000000000000e+00 1.384845898128420441e-14
1.998000000000000000e+03 0.000000000000000000e+00 0.000000000000000000e+00 1.383591689172639919e-14
1.999000000000000000e+03 0.000000000000000000e+00 0.000000000000000000e+00 1.382339055583201226e-14
2.000000000000000000e+03 0.000000000000000000e+00 0.000000000000000000e+00 1.381087999469160597e-14
2.001000000000000000e+03 0.000000000000000000e+00 0.000000000000000000e+00 1.379838534863269009e-14
2.002000000000000000e+03 0.000000000000000000e+00 0.000000000000000000e+00 1.378590664530367341e-14
2.003000000000000000e+03 0.000000000000000000e+00 0.000000000000000000e+00 1.377344402290819656e-14
2.004000000000000000e+03 0.000000000000000000e+00 0.000000000000000000e+00 1.376099751023948537e-14
2.005000000000000000e+03 0.000000000000000000e+00 0.000000000000000000e+00 1.374856724714320391e-14
2.006000000000000000e+03 0.000000000000000000e+00 0.000000000000000000e+00 1.373615326297173209e-14
2.007000000000000000e+03 0.000000000000000000e+00 0.000000000000000000e+00 1.372375570181221344e-14
2.008000000000000000e+03 0.000000000000000000e+00 0.000000000000000000e+00 1.371137458810396744e-14
2.009000000000000000e+03 0.000000000000000000e+00 0.000000000000000000e+00 1.369901007313286100e-14
2.010000000000000000e+03 0.000000000000000000e+00 0.000000000000000000e+00 1.368666218164754490e-14
2.011000000000000000e+03 0.000000000000000000e+00 0.000000000000000000e+00 1.367433106006275042e-14
2.012000000000000000e+03 0.000000000000000000e+00 0.000000000000000000e+00 1.366201673835994879e-14
2.013000000000000000e+03 0.000000000000000000e+00 0.000000000000000000e+00 1.364971936403821425e-14
2.014000000000000000e+03 0.000000000000000000e+00 0.000000000000000000e+00 1.363743896627551588e-14
2.015000000000000000e+03 0.000000000000000000e+00 0.000000000000000000e+00 1.362517569215590819e-14
2.016000000000000000e+03 0.000000000000000000e+00 0.000000000000000000e+00 1.361292957578485525e-14
2.017000000000000000e+03 0.000000000000000000e+00 0.000000000000000000e+00 1.360070076079545910e-14
2.018000000000000000e+03 0.000000000000000000e+00 0.000000000000000000e+00 1.358848928101502356e-14
2.019000000000000000e+03 0.000000000000000000e+00 0.000000000000000000e+00 1.357629528271213712e-14
2.020000000000000000e+03 0.000000000000000000e+00 0.000000000000000000e+00 1.356411879664700611e-14
2.021000000000000000e+03 0.000000000000000000e+00 0.000000000000000000e+00 1.355195996969384015e-14
2.022000000000000000e+03 0.000000000000000000e+00 0.000000000000000000e+00 1.353981883276123504e-14
2.023000000000000000e+03 0.000000000000000000e+00 0.000000000000000000e+00 1.352769553014414551e-14
2.024000000000000000e+03 0.000000000000000000e+00 0.000000000000000000e+00 1.351559009441184737e-14
2.025000000000000000e+03 0.000000000000000000e+00 0.000000000000000000e+00 1.350350266732151878e-14
2.026000000000000000e+03 0.000000000000000000e+00 0.000000000000000000e+00 1.349143327665047313e-14
2.027000000000000000e+03 0.000000000000000000e+00 0.000000000000000000e+00 1.347938206379349381e-14
2.028000000000000000e+03 0.000000000000000000e+00 0.000000000000000000e+00 1.346734905848455322e-14
2.029000000000000000e+03 0.000000000000000000e+00 0.000000000000000000e+00 1.345533440336871460e-14
2.030000000000000000e+03 0.000000000000000000e+00 0.000000000000000000e+00 1.344333812245602454e-14
2.031000000000000000e+03 0.000000000000000000e+00 0.000000000000000000e+00 1.343136035734415356e-14
2.032000000000000000e+03 0.000000000000000000e+00 0.000000000000000000e+00 1.341940113344241395e-14
2.033000000000000000e+03 0.000000000000000000e+00 0.000000000000000000e+00 1.340746058996099658e-14
2.034000000000000000e+03 0.000000000000000000e+00 0.000000000000000000e+00 1.339553875162543859e-14
2.035000000000000000e+03 0.000000000000000000e+00 0.000000000000000000e+00 1.338363575523733655e-14
2.036000000000000000e+03 0.000000000000000000e+00 0.000000000000000000e+00 1.337175162070983529e-14
2.037000000000000000e+03 0.000000000000000000e+00 0.000000000000000000e+00 1.335988648778253180e-14
2.038000000000000000e+03 0.000000000000000000e+00 0.000000000000000000e+00 1.334804037225310565e-14
2.039000000000000000e+03 0.000000000000000000e+00 0.000000000000000000e+00 1.333621340815480227e-14
2.040000000000000000e+03 0.000000000000000000e+00 0.000000000000000000e+00 1.332440561288261046e-14
2.041000000000000000e+03 0.000000000000000000e+00 0.000000000000000000e+00 1.331261711612534350e-14
2.042000000000000000e+03 0.000000000000000000e+00 0.000000000000000000e+00 1.330084793569712777e-14
2.043000000000000000e+03 0.000000000000000000e+00 0.000000000000000000e+00 1.328909819784484232e-14
2.044000000000000000e+03 0.000000000000000000e+00 0.000000000000000000e+00 1.327736791630238196e-14
2.045000000000000000e+03 0.000000000000000000e+00 0.000000000000000000e+00 1.326565721808784297e-14
2.046000000000000000e+03 0.000000000000000000e+00 0.000000000000000000e+00 1.325396611589410146e-14
2.047000000000000000e+03 0.000000000000000000e+00 0.000000000000000000e+00 1.324229473183303901e-14
2.048000000000000000e+03 0.000000000000000000e+00 0.000000000000000000e+00 1.323064307433560024e-14
2.049000000000000000e+03 0.000000000000000000e+00 0.000000000000000000e+00 1.321901126375930006e-14
2.050000000000000000e+03 0.000000000000000000e+00 0.000000000000000000e+00 1.320739930624086255e-14
2.051000000000000000e+03 0.000000000000000000e+00 0.000000000000000000e+00 1.319580731655063059e-14
2.052000000000000000e+03 0.000000000000000000e+00 0.000000000000000000e+00 1.318423530050442911e-14
2.053000000000000000e+03 0.000000000000000000e+00 0.000000000000000000e+00 1.317268336795789026e-14
2.054000000000000000e+03 0.000000000000000000e+00 0.000000000000000000e+00 1.316115151941562941e-14
2.055000000000000000e+03 0.000000000000000000e+00 0.000000000000000000e+00 1.314963986226827295e-14
2.056000000000000000e+03 0.000000000000000000e+00 0.000000000000000000e+00 1.313814839471188690e-14
2.057000000000000000e+03 0.000000000000000000e+00 0.000000000000000000e+00 1.312667722258138348e-14
2.058000000000000000e+03 0.000000000000000000e+00 0.000000000000000000e+00 1.311522634075406247e-14
2.059000000000000000e+03 0.000000000000000000e+00 0.000000000000000000e+00 1.310379584886621480e-14
2.060000000000000000e+03 0.000000000000000000e+00 0.000000000000000000e+00 1.309238574013710453e-14
2.061000000000000000e+03 0.000000000000000000e+00 0.000000000000000000e+00 1.308099611385654855e-14
2.062000000000000000e+03 0.000000000000000000e+00 0.000000000000000000e+00 1.306962695996614119e-14
2.063000000000000000e+03 0.000000000000000000e+00 0.000000000000000000e+00 1.305827837214441183e-14
2.064000000000000000e+03 0.000000000000000000e+00 0.000000000000000000e+00 1.304695033630250665e-14
2.065000000000000000e+03 0.000000000000000000e+00 0.000000000000000000e+00 1.303564294347538747e-14
2.066000000000000000e+03 0.000000000000000000e+00 0.000000000000000000e+00 1.302435617766265167e-14
2.067000000000000000e+03 0.000000000000000000e+00 0.000000000000000000e+00 1.301309012568610485e-14
2.068000000000000000e+03 0.000000000000000000e+00 0.000000000000000000e+00 1.300184476830581293e-14
2.069000000000000000e+03 0.000000000000000000e+00 0.000000000000000000e+00 1.299062018755434386e-14
2.070000000000000000e+03 0.000000000000000000e+00 0.000000000000000000e+00 1.297941636051750977e-14
2.071000000000000000e+03 0.000000000000000000e+00 0.000000000000000000e+00 1.296823336599546426e-14
2.072000000000000000e+03 0.000000000000000000e+00 0.000000000000000000e+00 1.295707117626105127e-14
2.073000000000000000e+03 0.000000000000000000e+00 0.000000000000000000e+00 1.294592986866606001e-14
2.074000000000000000e+03 0.000000000000000000e+00 0.000000000000000000e+00 1.293480941103521127e-14
2.075000000000000000e+03 0.000000000000000000e+00 0.000000000000000000e+00 1.292370987441837793e-14
2.076000000000000000e+03 0.000000000000000000e+00 0.000000000000000000e+00 1.291263122632541641e-14
2.077000000000000000e+03 0.000000000000000000e+00 0.000000000000000000e+00 1.290157353475939789e-14
2.078000000000000000e+03 0.000000000000000000e+00 0.000000000000000000e+00 1.289053675695226627e-14
2.079000000000000000e+03 0.000000000000000000e+00 0.000000000000000000e+00 1.287952096157713698e-14
2.080000000000000000e+03 0.000000000000000000e+00 0.000000000000000000e+00 1.286852610512130708e-14
2.081000000000000000e+03 0.000000000000000000e+00 0.000000000000000000e+00 1.285755224922054748e-14
2.082000000000000000e+03 0.000000000000000000e+00 0.000000000000000000e+00 1.284659934713964267e-14
2.083000000000000000e+03 0.000000000000000000e+00 0.000000000000000000e+00 1.283566745230832479e-14
2.084000000000000000e+03 0.000000000000000000e+00 0.000000000000000000e+00 1.282475651842129487e-14
2.085000000000000000e+03 0.000000000000000000e+00 0.000000000000000000e+00 1.281386659449041944e-14
2.086000000000000000e+03 0.000000000000000000e+00 0.000000000000000000e+00 1.280299762932644966e-14
2.087000000000000000e+03 0.000000000000000000e+00 0.000000000000000000e+00 1.279214966661517719e-14
2.088000000000000000e+03 0.000000000000000000e+00 0.000000000000000000e+00 1.278132265105537471e-14
2.089000000000000000e+03 0.000000000000000000e+00 0.000000000000000000e+00 1.277051662279763417e-14
2.090000000000000000e+03 0.000000000000000000e+00 0.000000000000000000e+00 1.275973151959978729e-14
2.091000000000000000e+03 0.000000000000000000e+00 0.000000000000000000e+00 1.274896738130182939e-14
2.092000000000000000e+03 0.000000000000000000e+00 0.000000000000000000e+00 1.273822413997618013e-14
2.093000000000000000e+03 0.000000000000000000e+00 0.000000000000000000e+00 1.272750182801458373e-14
2.094000000000000000e+03 0.000000000000000000e+00 0.000000000000000000e+00 1.271680037862107608e-14
2.095000000000000000e+03 0.000000000000000000e+00 0.000000000000000000e+00 1.270611982043629205e-14
2.096000000000000000e+03 0.000000000000000000e+00 0.000000000000000000e+00 1.269546007951508463e-14
2.097000000000000000e+03 0.000000000000000000e+00 0.000000000000000000e+00 1.268482118217113679e-14
2.098000000000000000e+03 0.000000000000000000e+00 0.000000000000000000e+00 1.267420305108268968e-14
2.099000000000000000e+03 0.000000000000000000e+00 0.000000000000000000e+00 1.266360570684907091e-14
2.100000000000000000e+03 0.000000000000000000e+00 0.000000000000000000e+00 1.265302906977895230e-14
2.101000000000000000e+03 0.000000000000000000e+00 0.000000000000000000e+00 1.264247315742817297e-14
2.102000000000000000e+03 0.000000000000000000e+00 0.000000000000000000e+00 1.263193788225141248e-14
2.103000000000000000e+03 0.000000000000000000e+00 0.000000000000000000e+00 1.262142325975156571e-14
2.104000000000000000e+03 0.000000000000000000e+00 0.000000000000000000e+00 1.261092920077787300e-14
2.105000000000000000e+03 0.000000000000000000e+00 0.000000000000000000e+00 1.260045571519500999e-14
2.106000000000000000e+03 0.000000000000000000e+00 0.000000000000000000e+00 1.259000271050410043e-14
2.107000000000000000e+03 0.000000000000000000e+00 0.000000000000000000e+00 1.257957019374308364e-14
2.108000000000000000e+03 0.000000000000000000e+00 0.000000000000000000e+00 1.256915807066268148e-14
2.109000000000000000e+03 0.000000000000000000e+00 0.000000000000000000e+00 1.255876634418498936e-14
2.110000000000000000e+03 0.000000000000000000e+00 0.000000000000000000e+00 1.254839491486661809e-14
2.111000000000000000e+03 0.000000000000000000e+00 0.000000000000000000e+00 1.253804378399575543e-14
2.112000000000000000e+03 0.000000000000000000e+00 0.000000000000000000e+00 1.252771284788520085e-14
2.113000000000000000e+03 0.000000000000000000e+00 0.000000000000000000e+00 1.251740210454215918e-14
2.114000000000000000e+03 0.000000000000000000e+00 0.000000000000000000e+00 1.250711144580191848e-14
2.115000000000000000e+03 0.000000000000000000e+00 0.000000000000000000e+00 1.249684086641187523e-14
2.116000000000000000e+03 0.000000000000000000e+00 0.000000000000000000e+00 1.248659025364153417e-14
2.117000000000000000e+03 0.000000000000000000e+00 0.000000000000000000e+00 1.247635960086167270e-14
2.118000000000000000e+03 0.000000000000000000e+00 0.000000000000000000e+00 1.246614879172620462e-14
2.119000000000000000e+03 0.000000000000000000e+00 0.000000000000000000e+00 1.245595781454792212e-14
2.120000000000000000e+03 0.000000000000000000e+00 0.000000000000000000e+00 1.244578655079182354e-14
2.121000000000000000e+03 0.000000000000000000e+00 0.000000000000000000e+00 1.243563498683659714e-14
2.122000000000000000e+03 0.000000000000000000e+00 0.000000000000000000e+00 1.242550300186339587e-14
2.123000000000000000e+03 0.000000000000000000e+00 0.000000000000000000e+00 1.241539057925941647e-14
2.124000000000000000e+03 0.000000000000000000e+00 0.000000000000000000e+00 1.240529759477673134e-14
2.125000000000000000e+03 0.000000000000000000e+00 0.000000000000000000e+00 1.239522402724314211e-14
2.126000000000000000e+03 0.000000000000000000e+00 0.000000000000000000e+00 1.238516975313040212e-14
2.127000000000000000e+03 0.000000000000000000e+00 0.000000000000000000e+00 1.237513474733091627e-14
2.128000000000000000e+03 0.000000000000000000e+00 0.000000000000000000e+00 1.236511888541546726e-14
2.129000000000000000e+03 0.000000000000000000e+00 0.000000000000000000e+00 1.235512213670917354e-14
2.130000000000000000e+03 0.000000000000000000e+00 0.000000000000000000e+00 1.234514437516002839e-14
2.131000000000000000e+03 0.000000000000000000e+00 0.000000000000000000e+00 1.233518556739248337e-14
2.132000000000000000e+03 0.000000000000000000e+00 0.000000000000000000e+00 1.232524558370138158e-14
2.133000000000000000e+03 0.000000000000000000e+00 0.000000000000000000e+00 1.231532439195607440e-14
2.134000000000000000e+03 0.000000000000000000e+00 0.000000000000000000e+00 1.230542185735786260e-14
2.135000000000000000e+03 0.000000000000000000e+00 0.000000000000000000e+00 1.229553794498385496e-14
2.136000000000000000e+03 0.000000000000000000e+00 0.000000000000000000e+00 1.228567252076146559e-14
2.137000000000000000e+03 0.000000000000000000e+00 0.000000000000000000e+00 1.227582554693409815e-14
2.138000000000000000e+03 0.000000000000000000e+00 0.000000000000000000e+00 1.226599688257632890e-14
2.139000000000000000e+03 0.000000000000000000e+00 0.000000000000000000e+00 1.225618648963363240e-14
2.140000000000000000e+03 0.000000000000000000e+00 0.000000000000000000e+00 1.224639422871652550e-14
2.141000000000000000e+03 0.000000000000000000e+00 0.000000000000000000e+00 1.223662005916955944e-14
2.142000000000000000e+03 0.000000000000000000e+00 0.000000000000000000e+00 1.222686383649254943e-14
2.143000000000000000e+03 0.000000000000000000e+00 0.000000000000000000e+00 1.221712552189549293e-14
2.144000000000000000e+03 0.000000000000000000e+00 0.000000000000000000e+00 1.220740496810355572e-14
2.145000000000000000e+03 0.000000000000000000e+00 0.000000000000000000e+00 1.219770213241137246e-14
2.146000000000000000e+03 0.000000000000000000e+00 0.000000000000000000e+00 1.218801686679914971e-14
2.147000000000000000e+03 0.000000000000000000e+00 0.000000000000000000e+00 1.217834912627303349e-14
2.148000000000000000e+03 0.000000000000000000e+00 0.000000000000000000e+00 1.216869876362035025e-14
2.149000000000000000e+03 0.000000000000000000e+00 0.000000000000000000e+00 1.215906573021904435e-14
2.150000000000000000e+03 0.000000000000000000e+00 0.000000000000000000e+00 1.214944987636464048e-14
2.151000000000000000e+03 0.000000000000000000e+00 0.000000000000000000e+00 1.213985115266193148e-14
2.152000000000000000e+03 0.000000000000000000e+00 0.000000000000000000e+00 1.213026940828274122e-14
2.153000000000000000e+03 0.000000000000000000e+00 0.000000000000000000e+00 1.212070459047283758e-14
2.154000000000000000e+03 0.000000000000000000e+00 0.000000000000000000e+00 1.211115654951435671e-14
2.155000000000000000e+03 0.000000000000000000e+00 0.000000000000000000e+00 1.210162522832147385e-14
2.156000000000000000e+03 0.000000000000000000e+00 0.000000000000000000e+00 1.209211047734091150e-14
2.157000000000000000e+03 0.000000000000000000e+00 0.000000000000000000e+00 1.208261224262219466e-14
2.158000000000000000e+03 0.000000000000000000e+00 0.000000000000000000e+00 1.207313037081778582e-14
2.159000000000000000e+03 0.000000000000000000e+00 0.000000000000000000e+00 1.206366480482853004e-14
2.160000000000000000e+03 0.000000000000000000e+00 0.000000000000000000e+00 1.205421539498943765e-14
2.161000000000000000e+03 0.000000000000000000e+00 0.000000000000000000e+00 1.204478208093364102e-14
2.162000000000000000e+03 0.000000000000000000e+00 0.000000000000000000e+00 1.203536471063474897e-14
2.163000000000000000e+03 0.000000000000000000e+00 0.000000000000000000e+00 1.202596322552546704e-14
2.164000000000000000e+03 0.000000000000000000e+00 0.000000000000000000e+00 1.201657747067091493e-14
2.165000000000000000e+03 0.000000000000000000e+00 0.000000000000000000e+00 1.200720738786495446e-14
2.166000000000000000e+03 0.000000000000000000e+00 0.000000000000000000e+00 1.199785282074700018e-14
2.167000000000000000e+03 0.000000000000000000e+00 0.000000000000000000e+00 1.198851371134186241e-14
2.168000000000000000e+03 0.000000000000000000e+00 0.000000000000000000e+00 1.197918990282390799e-14
2.169000000000000000e+03 0.000000000000000000e+00 0.000000000000000000e+00 1.196988133705201035e-14
2.170000000000000000e+03 0.000000000000000000e+00 0.000000000000000000e+00 1.196058785687180694e-14
2.171000000000000000e+03 0.000000000000000000e+00 0.000000000000000000e+00 1.195130940261618289e-14
2.172000000000000000e+03 0.000000000000000000e+00 0.000000000000000000e+00 1.194204581910569997e-14
2.173000000000000000e+03 0.000000000000000000e+00 0.000000000000000000e+00 1.193279704408596255e-14
2.174000000000000000e+03 0.000000000000000000e+00 0.000000000000000000e+00 1.192356292309251332e-14
2.175000000000000000e+03 0.000000000000000000e+00 0.000000000000000000e+00 1.191434339478596747e-14
2.176000000000000000e+03 0.000000000000000000e+00 0.000000000000000000e+00 1.190513830024104387e-14
2.177000000000000000e+03 0.000000000000000000e+00 0.000000000000000000e+00 1.189594757808768363e-14
2.178000000000000000e+03 0.000000000000000000e+00 0.000000000000000000e+00 1.188677107144769651e-14
2.179000000000000000e+03 0.000000000000000000e+00 0.000000000000000000e+00 1.187760871596347958e-14
2.180000000000000000e+03 0.000000000000000000e+00 0.000000000000000000e+00 1.186846035167259843e-14
2.181000000000000000e+03 0.000000000000000000e+00 0.000000000000000000e+00 1.185932591728774092e-14
2.182000000000000000e+03 0.000000000000000000e+00 0.000000000000000000e+00 1.185020525309179734e-14
2.183000000000000000e+03 0.000000000000000000e+00 0.000000000000000000e+00 1.184109829588619547e-14
2.184000000000000000e+03 0.000000000000000000e+00 0.000000000000000000e+00 1.183200488672591691e-14
2.185000000000000000e+03 0.000000000000000000e+00 0.000000000000000000e+00 1.182292496198361198e-14
2.186000000000000000e+03 0.000000000000000000e+00 0.000000000000000000e+00 1.181385836333133765e-14
2.187000000000000000e+03 0.000000000000000000e+00 0.000000000000000000e+00 1.180480502698244012e-14
2.188000000000000000e+03 0.000000000000000000e+00 0.000000000000000000e+00 1.179576479520392264e-14
2.189000000000000000e+03 0.000000000000000000e+00 0.000000000000000000e+00 1.178673760424662910e-14
2.190000000000000000e+03 0.000000000000000000e+00 0.000000000000000000e+00 1.177772329520358470e-14
2.191000000000000000e+03 0.000000000000000000e+00 0.000000000000000000e+00 1.176872180439859033e-14
2.192000000000000000e+03 0.000000000000000000e+00 0.000000000000000000e+00 1.175973297263129224e-14
2.193000000000000000e+03 0.000000000000000000e+00 0.000000000000000000e+00 1.175075673668730155e-14
2.194000000000000000e+03 0.000000000000000000e+00 0.000000000000000000e+00 1.174179293751102364e-14
2.195000000000000000e+03 0.000000000000000000e+00 0.000000000000000000e+00 1.173284151231618129e-14
2.196000000000000000e+03 0.000000000000000000e+00 0.000000000000000000e+00 1.172390230232860285e-14
2.197000000000000000e+03 0.000000000000000000e+00 0.000000000000000000e+00 1.171497524541255943e-14
2.198000000000000000e+03 0.000000000000000000e+00 0.000000000000000000e+00 1.170606018517897036e-14
2.199000000000000000e+03 0.000000000000000000e+00 0.000000000000000000e+00 1.169715706015401471e-14
2.200000000000000000e+03 0.000000000000000000e+00 0.000000000000000000e+00 1.168826571350270186e-14
2.201000000000000000e+03 0.000000000000000000e+00 0.000000000000000000e+00 1.167938608453192599e-14
2.202000000000000000e+03 0.000000000000000000e+00 0.000000000000000000e+00 1.167051801885942598e-14
2.203000000000000000e+03 0.000000000000000000e+00 0.000000000000000000e+00 1.166166145432419311e-14
2.204000000000000000e+03 0.000000000000000000e+00 0.000000000000000000e+00 1.165281623839626371e-14
2.205000000000000000e+03 0.000000000000000000e+00 0.000000000000000000e+00 1.164398230865818616e-14
2.206000000000000000e+03 0.000000000000000000e+00 0.000000000000000000e+00 1.163515951376602710e-14
2.207000000000000000e+03 0.000000000000000000e+00 0.000000000000000000e+00 1.162634779151181848e-14
2.208000000000000000e+03 0.000000000000000000e+00 0.000000000000000000e+00 1.161754699217211604e-14
2.209000000000000000e+03 0.000000000000000000e+00 0.000000000000000000e+00 1.160875705369581202e-14
2.210000000000000000e+03 0.000000000000000000e+00 0.000000000000000000e+00 1.159997782753025637e-14
2.211000000000000000e+03 0.000000000000000000e+00 0.000000000000000000e+00 1.159120925575970007e-14
2.212000000000000000e+03 0.000000000000000000e+00 0.000000000000000000e+00 1.158245118933463219e-14
2.213000000000000000e+03 0.000000000000000000e+00 0.000000000000000000e+00 1.157370357289834325e-14
2.214000000000000000e+03 0.000000000000000000e+00 0.000000000000000000e+00 1.156496626124072885e-14
2.215000000000000000e+03 0.000000000000000000e+00 0.000000000000000000e+00 1.155623919914245333e-14
2.216000000000000000e+03 0.000000000000000000e+00 0.000000000000000000e+00 1.154752224362417681e-14
2.217000000000000000e+03 0.000000000000000000e+00 0.000000000000000000e+00 1.153881534386647794e-14
2.218000000000000000e+03 0.000000000000000000e+00 0.000000000000000000e+00 1.153011835712950082e-14
2.219000000000000000e+03 0.000000000000000000e+00 0.000000000000000000e+00 1.152143123498766194e-14
2.220000000000000000e+03 0.000000000000000000e+00 0.000000000000000000e+00 1.151275383755702485e-14
2.221000000000000000e+03 0.000000000000000000e+00 0.000000000000000000e+00 1.150408611855210364e-14
2.222000000000000000e+03 0.000000000000000000e+00 0.000000000000000000e+00 1.149542793979052853e-14
2.223000000000000000e+03 0.000000000000000000e+00 0.000000000000000000e+00 1.148677925859132260e-14
2.224000000000000000e+03 0.000000000000000000e+00 0.000000000000000000e+00 1.147813993828742636e-14
2.225000000000000000e+03 0.000000000000000000e+00 0.000000000000000000e+00 1.146950993864113866e-14
2.226000000000000000e+03 0.000000000000000000e+00 0.000000000000000000e+00 1.146088912805248555e-14
2.227000000000000000e+03 0.000000000000000000e+00 0.000000000000000000e+00 1.145227746652270710e-14
2.228000000000000000e+03 0.000000000000000000e+00 0.000000000000000000e+00 1.144367482726833951e-14
2.229000000000000000e+03 0.000000000000000000e+00 0.000000000000000000e+00 1.143508117290712935e-14
2.230000000000000000e+03 0.000000000000000000e+00 0.000000000000000000e+00 1.142649637976018595e-14
2.231000000000000000e+03 0.000000000000000000e+00 0.000000000000000000e+00 1.141792041390843254e-14
2.232000000000000000e+03 0.000000000000000000e+00 0.000000000000000000e+00 1.140935315425698229e-14
2.233000000000000000e+03 0.000000000000000000e+00 0.000000000000000000e+00 1.140079457088561113e-14
2.234000000000000000e+03 0.000000000000000000e+00 0.000000000000000000e+00 1.139224454667416309e-14
2.235000000000000000e+03 0.000000000000000000e+00 0.000000000000000000e+00 1.138370305618102359e-14
2.236000000000000000e+03 0.000000000000000000e+00 0.000000000000000000e+00 1.137516998475666383e-14
2.237000000000000000e+03 0.000000000000000000e+00 0.000000000000000000e+00 1.136664530957782164e-14
2.238000000000000000e+03 0.000000000000000000e+00 0.000000000000000000e+00 1.135812892178175834e-14
2.239000000000000000e+03 0.000000000000000000e+00 0.000000000000000000e+00 1.134962080056371278e-14
2.240000000000000000e+03 0.000000000000000000e+00 0.000000000000000000e+00 1.134112084003894668e-14
2.241000000000000000e+03 0.000000000000000000e+00 0.000000000000000000e+00 1.133262902285325535e-14
2.242000000000000000e+03 0.000000000000000000e+00 0.000000000000000000e+00 1.132414524539401086e-14
2.243000000000000000e+03 0.000000000000000000e+00 0.000000000000000000e+00 1.131566949551466589e-14
2.244000000000000000e+03 0.000000000000000000e+00 0.000000000000000000e+00 1.130720167434728160e-14
2.245000000000000000e+03 0.000000000000000000e+00 0.000000000000000000e+00 1.129874177174532866e-14
2.246000000000000000e+03 0.000000000000000000e+00 0.000000000000000000e+00 1.129028969257780964e-14
2.247000000000000000e+03 0.000000000000000000e+00 0.000000000000000000e+00 1.128184543219252148e-14
2.248000000000000000e+03 0.000000000000000000e+00 0.000000000000000000e+00 1.127340889988581446e-14
2.249000000000000000e+03 0.000000000000000000e+00 0.000000000000000000e+00 1.126498009412612934e-14
2.250000000000000000e+03 0.000000000000000000e+00 0.000000000000000000e+00 1.125655892934017488e-14
2.251000000000000000e+03 0.000000000000000000e+00 0.000000000000000000e+00 1.124814540976305340e-14
2.252000000000000000e+03 0.000000000000000000e+00 0.000000000000000000e+00 1.123973945314773092e-14
2.253000000000000000e+03 0.000000000000000000e+00 0.000000000000000000e+00 1.123134106925417126e-14
2.254000000000000000e+03 0.000000000000000000e+00 0.000000000000000000e+00 1.122295017701145000e-14
2.255000000000000000e+03 0.000000000000000000e+00 0.000000000000000000e+00 1.121456679284872830e-14
2.256000000000000000e+03 0.000000000000000000e+00 0.000000000000000000e+00 1.120619084077611747e-14
2.257000000000000000e+03 0.000000000000000000e+00 0.000000000000000000e+00 1.119782233831439965e-14
2.258000000000000000e+03 0.000000000000000000e+00 0.000000000000000000e+00 1.118946121732052820e-14
2.259000000000000000e+03 0.000000000000000000e+00 0.000000000000000000e+00 1.118110750039450029e-14
2.260000000000000000e+03 0.000000000000000000e+00 0.000000000000000000e+00 1.117276112252215667e-14
2.261000000000000000e+03 0.000000000000000000e+00 0.000000000000000000e+00 1.116442211105093834e-14
2.262000000000000000e+03 0.000000000000000000e+00 0.000000000000000000e+00 1.115609040687446696e-14
2.263000000000000000e+03 0.000000000000000000e+00 0.000000000000000000e+00 1.114776604244350299e-14
2.264000000000000000e+03 0.000000000000000000e+00 0.000000000000000000e+00 1.113944896391600196e-14
2.265000000000000000e+03 0.000000000000000000e+00 0.000000000000000000e+00 1.113113920706245772e-14
2.266000000000000000e+03 0.000000000000000000e+00 0.000000000000000000e+00 1.112283672170816914e-14
2.267000000000000000e+03 0.000000000000000000e+00 0.000000000000000000e+00 1.111454155117889491e-14
2.268000000000000000e+03 0.000000000000000000e+00 0.000000000000000000e+00 1.110625364802910390e-14
2.269000000000000000e+03 0.000000000000000000e+00 0.000000000000000000e+00 1.109797305700978034e-14
2.270000000000000000e+03 0.000000000000000000e+00 0.000000000000000000e+00 1.108969973596920671e-14
2.271000000000000000e+03 0.000000000000000000e+00 0.000000000000000000e+00 1.108143373446959676e-14
2.272000000000000000e+03 0.000000000000000000e+00 0.000000000000000000e+00 1.107317501371326128e-14
2.273000000000000000e+03 0.000000000000000000e+00 0.000000000000000000e+00 1.106492362784234796e-14
2.274000000000000000e+03 0.000000000000000000e+00 0.000000000000000000e+00 1.105667954483477596e-14
2.275000000000000000e+03 0.000000000000000000e+00 0.000000000000000000e+00 1.104844282008846800e-14
2.276000000000000000e+03 0.000000000000000000e+00 0.000000000000000000e+00 1.104021342881804868e-14
2.277000000000000000e+03 0.000000000000000000e+00 0.000000000000000000e+00 1.103199143073455036e-14
2.278000000000000000e+03 0.000000000000000000e+00 0.000000000000000000e+00 1.102377680214315050e-14
2.279000000000000000e+03 0.000000000000000000e+00 0.000000000000000000e+00 1.101556961009021819e-14
2.280000000000000000e+03 0.000000000000000000e+00 0.000000000000000000e+00 1.100736983536216570e-14
2.281000000000000000e+03 0.000000000000000000e+00 0.000000000000000000e+00 1.099917754703026393e-14
2.282000000000000000e+03 0.000000000000000000e+00 0.000000000000000000e+00 1.099099273352494947e-14
2.283000000000000000e+03 0.000000000000000000e+00 0.000000000000000000e+00 1.098281546538219490e-14
2.284000000000000000e+03 0.000000000000000000e+00 0.000000000000000000e+00 1.097464573548932267e-14
2.285000000000000000e+03 0.000000000000000000e+00 0.000000000000000000e+00 1.096648361852092998e-14
2.286000000000000000e+03 0.000000000000000000e+00 0.000000000000000000e+00 1.095832910846936144e-14
2.287000000000000000e+03 0.000000000000000000e+00 0.000000000000000000e+00 1.095018228662451345e-14
2.288000000000000000e+03 0.000000000000000000e+00 0.000000000000000000e+00 1.094204315104129643e-14
2.289000000000000000e+03 0.000000000000000000e+00 0.000000000000000000e+00 1.093391178658956644e-14
2.290000000000000000e+03 0.000000000000000000e+00 0.000000000000000000e+00 1.092578819499532434e-14
2.291000000000000000e+03 0.000000000000000000e+00 0.000000000000000000e+00 1.091767246293659479e-14
2.292000000000000000e+03 0.000000000000000000e+00 0.000000000000000000e+00 1.090956459577224245e-14
2.293000000000000000e+03 0.000000000000000000e+00 0.000000000000000000e+00 1.090146468407665270e-14
2.294000000000000000e+03 0.000000000000000000e+00 0.000000000000000000e+00 1.089337273820717164e-14
2.295000000000000000e+03 0.000000000000000000e+00 0.000000000000000000e+00 1.088528885338029978e-14
2.296000000000000000e+03 0.000000000000000000e+00 0.000000000000000000e+00 1.087721304230479611e-14
2.297000000000000000e+03 0.000000000000000000e+00 0.000000000000000000e+00 1.086914540110274980e-14
2.298000000000000000e+03 0.000000000000000000e+00 0.000000000000000000e+00 1.086108594932027552e-14
2.299000000000000000e+03 0.000000000000000000e+00 0.000000000000000000e+00 1.085303478528775229e-14
2.300000000000000000e+03 0.000000000000000000e+00 0.000000000000000000e+00 1.084499193169657158e-14
2.301000000000000000e+03 0.000000000000000000e+00 0.000000000000000000e+00 1.083695749163930477e-14
2.302000000000000000e+03 0.000000000000000000e+00 0.000000000000000000e+00 1.082893148711475342e-14
2.303000000000000000e+03 0.000000000000000000e+00 0.000000000000000000e+00 1.082091402601114477e-14
2.304000000000000000e+03 0.000000000000000000e+00 0.000000000000000000e+00 1.081290513410460827e-14
2.305000000000000000e+03 0.000000000000000000e+00 0.000000000000000000e+00 1.080490491852428502e-14
2.306000000000000000e+03 0.000000000000000000e+00 0.000000000000000000e+00 1.079691340891155095e-14
2.307000000000000000e+03 0.000000000000000000e+00 0.000000000000000000e+00 1.078893071646828140e-14
2.308000000000000000e+03 0.000000000000000000e+00 0.000000000000000000e+00 1.078095687067374611e-14
2.309000000000000000e+03 0.000000000000000000e+00 0.000000000000000000e+00 1.077299198944240194e-14
2.310000000000000000e+03 0.000000000000000000e+00 0.000000000000000000e+00 1.076503610324402028e-14
2.311000000000000000e+03 0.000000000000000000e+00 0.000000000000000000e+00 1.075708933261573492e-14
2.312000000000000000e+03 0.000000000000000000e+00 0.000000000000000000e+00 1.074915171216219007e-14
2.313000000000000000e+03 0.000000000000000000e+00 0.000000000000000000e+00 1.074122336442820050e-14
2.314000000000000000e+03 0.000000000000000000e+00 0.000000000000000000e+00 1.073330432664689338e-14
2.315000000000000000e+03 0.000000000000000000e+00 0.000000000000000000e+00 1.072539472498814703e-14
2.316000000000000000e+03 0.000000000000000000e+00 0.000000000000000000e+00 1.071749459838124845e-14
2.317000000000000000e+03 0.000000000000000000e+00 0.000000000000000000e+00 1.070960407409837338e-14
2.318000000000000000e+03 0.000000000000000000e+00 0.000000000000000000e+00 1.070172319532484118e-14
2.319000000000000000e+03 0.000000000000000000e+00 0.000000000000000000e+00 1.069385209063725489e-14
2.320000000000000000e+03 0.000000000000000000e+00 0.000000000000000000e+00 1.068599080595674448e-14
2.321000000000000000e+03 0.000000000000000000e+00 0.000000000000000000e+00 1.067813947048603820e-14
2.322000000000000000e+03 0.000000000000000000e+00 0.000000000000000000e+00 1.067029813363445593e-14
2.323000000000000000e+03 0.000000000000000000e+00 0.000000000000000000e+00 1.066246692820429664e-14
2.324000000000000000e+03 0.000000000000000000e+00 0.000000000000000000e+00 1.065464590389088487e-14
2.325000000000000000e+03 0.000000000000000000e+00 0.000000000000000000e+00 1.064683519572265195e-14
2.326000000000000000e+03 0.000000000000000000e+00 0.000000000000000000e+00 1.063903485701811323e-14
2.327000000000000000e+03 0.000000000000000000e+00 0.000000000000000000e+00 1.063124502525991571e-14
2.328000000000000000e+03 0.000000000000000000e+00 0.000000000000000000e+00 1.062346575428378827e-14
2.329000000000000000e+03 0.000000000000000000e+00 0.000000000000000000e+00 1.061569718329517281e-14
2.330000000000000000e+03 0.000000000000000000e+00 0.000000000000000000e+00 1.060793936686161971e-14
2.331000000000000000e+03 0.000000000000000000e+00 0.000000000000000000e+00 1.060019244508617155e-14
2.332000000000000000e+03 0.000000000000000000e+00 0.000000000000000000e+00 1.059245647316896470e-14
2.333000000000000000e+03 0.000000000000000000e+00 0.000000000000000000e+00 1.058473159310380088e-14
2.334000000000000000e+03 0.000000000000000000e+00 0.000000000000000000e+00 1.057701786017642365e-14
2.335000000000000000e+03 0.000000000000000000e+00 0.000000000000000000e+00 1.056931541618249656e-14
2.336000000000000000e+03 0.000000000000000000e+00 0.000000000000000000e+00 1.056162432144643232e-14
2.337000000000000000e+03 0.000000000000000000e+00 0.000000000000000000e+00 1.055394471732720950e-14
2.338000000000000000e+03 0.000000000000000000e+00 0.000000000000000000e+00 1.054627666383717689e-14
2.339000000000000000e+03 0.000000000000000000e+00 0.000000000000000000e+00 1.053862030437296759e-14
2.340000000000000000e+03 0.000000000000000000e+00 0.000000000000000000e+00 1.053097570157540707e-14
2.341000000000000000e+03 0.000000000000000000e+00 0.000000000000000000e+00 1.052334299923364981e-14
2.342000000000000000e+03 0.000000000000000000e+00 0.000000000000000000e+00 1.051572225973083672e-14
2.343000000000000000e+03 0.000000000000000000e+00 0.000000000000000000e+00 1.050811362795867530e-14
2.344000000000000000e+03 0.000000000000000000e+00 0.000000000000000000e+00 1.050051716856172139e-14
2.345000000000000000e+03 0.000000000000000000e+00 0.000000000000000000e+00 1.049293302547011470e-14
2.346000000000000000e+03 0.000000000000000000e+00 0.000000000000000000e+00 1.048536126542351203e-14
2.347000000000000000e+03 0.000000000000000000e+00 0.000000000000000000e+00 1.047780203239535209e-14
2.348000000000000000e+03 0.000000000000000000e+00 0.000000000000000000e+00 1.047025539215705328e-14
2.349000000000000000e+03 0.000000000000000000e+00 0.000000000000000000e+00 1.046272149114978002e-14
2.350000000000000000e+03 0.000000000000000000e+00 0.000000000000000000e+00 1.045520039315391944e-14
2.351000000000000000e+03 0.000000000000000000e+00 0.000000000000000000e+00 1.044769224601024088e-14
2.352000000000000000e+03 0.000000000000000000e+00 0.000000000000000000e+00 1.044019711581313815e-14
2.353000000000000000e+03 0.000000000000000000e+00 0.000000000000000000e+00 1.043271514792600395e-14
2.354000000000000000e+03 0.000000000000000000e+00 0.000000000000000000e+00 1.042524640882605526e-14
2.355000000000000000e+03 0.000000000000000000e+00 0.000000000000000000e+00 1.041779104347515931e-14
2.356000000000000000e+03 0.000000000000000000e+00 0.000000000000000000e+00 1.041034912015476997e-14
2.357000000000000000e+03 0.000000000000000000e+00 0.000000000000000000e+00 1.040292078384143203e-14
2.358000000000000000e+03 0.000000000000000000e+00 0.000000000000000000e+00 1.039550610064140061e-14
2.359000000000000000e+03 0.000000000000000000e+00 0.000000000000000000e+00 1.038810521826823966e-14
2.360000000000000000e+03 0.000000000000000000e+00 0.000000000000000000e+00 1.038071820356119651e-14
2.361000000000000000e+03 0.000000000000000000e+00 0.000000000000000000e+00 1.037334520335339220e-14
2.362000000000000000e+03 0.000000000000000000e+00 0.000000000000000000e+00 1.036598628387049330e-14
2.363000000000000000e+03 0.000000000000000000e+00 0.000000000000000000e+00 1.035864159184404080e-14
2.364000000000000000e+03 0.000000000000000000e+00 0.000000000000000000e+00 1.035131119360279279e-14
2.365000000000000000e+03 0.000000000000000000e+00 0.000000000000000000e+00 1.034399523269978664e-14
2.366000000000000000e+03 0.000000000000000000e+00 0.000000000000000000e+00 1.033669377694096194e-14
2.367000000000000000e+03 0.000000000000000000e+00 0.000000000000000000e+00 1.032940696954867661e-14
2.368000000000000000e+03 0.000000000000000000e+00 0.000000000000000000e+00 1.032213487441382139e-14
2.369000000000000000e+03 0.000000000000000000e+00 0.000000000000000000e+00 1.031487763593824801e-14
2.370000000000000000e+03 0.000000000000000000e+00 0.000000000000000000e+00 1.030763531750832963e-14
2.371000000000000000e+03 0.000000000000000000e+00 0.000000000000000000e+00 1.030040806147535136e-14
2.372000000000000000e+03 0.000000000000000000e+00 0.000000000000000000e+00 1.029319593204824741e-14
2.373000000000000000e+03 0.000000000000000000e+00 0.000000000000000000e+00 1.028599906957798828e-14
2.374000000000000000e+03 0.000000000000000000e+00 0.000000000000000000e+00 1.027881753740103908e-14
2.375000000000000000e+03 0.000000000000000000e+00 0.000000000000000000e+00 1.027165147715671269e-14
2.376000000000000000e+03 0.000000000000000000e+00 0.000000000000000000e+00 1.026450094832974093e-14
2.377000000000000000e+03 0.000000000000000000e+00 0.000000000000000000e+00 1.025736609280748613e-14
2.378000000000000000e+03 0.000000000000000000e+00 0.000000000000000000e+00 1.025024697054506523e-14
2.379000000000000000e+03 0.000000000000000000e+00 0.000000000000000000e+00 1.024314372006025906e-14
2.380000000000000000e+03 0.000000000000000000e+00 0.000000000000000000e+00 1.023605640000490906e-14
2.381000000000000000e+03 0.000000000000000000e+00 0.000000000000000000e+00 1.022898514838520712e-14
2.382000000000000000e+03 0.000000000000000000e+00 0.000000000000000000e+00 1.022193002088205143e-14
2.383000000000000000e+03 0.000000000000000000e+00 0.000000000000000000e+00 1.021489115490673337e-14
2.384000000000000000e+03 0.000000000000000000e+00 0.000000000000000000e+00 1.020786860429962188e-14
2.385000000000000000e+03 0.000000000000000000e+00 0.000000000000000000e+00 1.020086250486967722e-14
2.386000000000000000e+03 0.000000000000000000e+00 0.000000000000000000e+00 1.019387290922457378e-14
2.387000000000000000e+03 0.000000000000000000e+00 0.000000000000000000e+00 1.018689995115066716e-14
2.388000000000000000e+03 0.000000000000000000e+00 0.000000000000000000e+00 1.017994368332533708e-14
2.389000000000000000e+03 0.000000000000000000e+00 0.000000000000000000e+00 1.017300423813492403e-14
2.390000000000000000e+03 0.000000000000000000e+00 0.000000000000000000e+00 1.016608166561881110e-14
2.391000000000000000e+03 0.000000000000000000e+00 0.000000000000000000e+00 1.015917609498135947e-14
2.392000000000000000e+03 0.000000000000000000e+00 0.000000000000000000e+00 1.015228757598495949e-14
2.393000000000000000e+03 0.000000000000000000e+00 0.000000000000000000e+00 1.014541623574371970e-14
2.394000000000000000e+03 0.000000000000000000e+00 0.000000000000000000e+00 1.013856212012138837e-14
2.395000000000000000e+03 0.000000000000000000e+00 0.000000000000000000e+00 1.013172535238143254e-14
2.396000000000000000e+03 0.000000000000000000e+00 0.000000000000000000e+00 1.012490597638654908e-14
2.397000000000000000e+03 0.000000000000000000e+00 0.000000000000000000e+00 1.011810411294193933e-14
2.398000000000000000e+03 0.000000000000000000e+00 0.000000000000000000e+00 1.011131980316147331e-14
2.399000000000000000e+03 0.000000000000000000e+00 0.000000000000000000e+00 1.010455316714517224e-14
2.400000000000000000e+03 0.000000000000000000e+00 0.000000000000000000e+00 1.009780424306246704e-14
2.401000000000000000e+03 0.000000000000000000e+00 0.000000000000000000e+00 1.009107314784879242e-14
2.402000000000000000e+03 0.000000000000000000e+00 0.000000000000000000e+00 1.008435991734381270e-14
2.403000000000000000e+03 0.000000000000000000e+00 0.000000000000000000e+00 1.007766466805798272e-14
2.404000000000000000e+03 0.000000000000000000e+00 0.000000000000000000e+00 1.007098743299711180e-14
2.405000000000000000e+03 0.000000000000000000e+00 0.000000000000000000e+00 1.006432832523845164e-14
2.406000000000000000e+03 0.000000000000000000e+00 0.000000000000000000e+00 1.005768737738107964e-14
2.407000000000000000e+03 0.000000000000000000e+00 0.000000000000000000e+00 1.005106469917495998e-14
2.408000000000000000e+03 0.000000000000000000e+00 0.000000000000000000e+00 1.004446032009667872e-14
2.409000000000000000e+03 0.000000000000000000e+00 0.000000000000000000e+00 1.003787434797712551e-14
2.410000000000000000e+03 0.000000000000000000e+00 0.000000000000000000e+00 1.003130680916943742e-14
2.411000000000000000e+03 0.000000000000000000e+00 0.000000000000000000e+00 1.002475780893374683e-14
2.412000000000000000e+03 0.000000000000000000e+00 0.000000000000000000e+00 1.001822737163719401e-14
2.413000000000000000e+03 0.000000000000000000e+00 0.000000000000000000e+00 1.001171559953738525e-14
2.414000000000000000e+03 0.000000000000000000e+00 0.000000000000000000e+00 1.000522251552312921e-14
2.415000000000000000e+03 0.000000000000000000e+00 0.000000000000000000e+00 9.998748217633019444e-15
2.416000000000000000e+03 0.000000000000000000e+00 0.000000000000000000e+00 9.992292725365813744e-15
2.417000000000000000e+03 0.000000000000000000e+00 0.000000000000000000e+00 9.985856136505967836e-15
2.418000000000000000e+03 0.000000000000000000e+00 0.000000000000000000e+00 9.979438466371279855e-15
2.419000000000000000e+03 0.000000000000000000e+00 0.000000000000000000e+00 9.973039809488994123e-15
2.420000000000000000e+03 0.000000000000000000e+00 0.000000000000000000e+00 9.966660178767495643e-15
2.421000000000000000e+03 0.000000000000000000e+00 0.000000000000000000e+00 9.960299666960670999e-15
2.422000000000000000e+03 0.000000000000000000e+00 0.000000000000000000e+00 9.953958286310669563e-15
2.423000000000000000e+03 0.000000000000000000e+00 0.000000000000000000e+00 9.947636124849016725e-15
2.424000000000000000e+03 0.000000000000000000e+00 0.000000000000000000e+00 9.941333191890910220e-15
2.425000000000000000e+03 0.000000000000000000e+00 0.000000000000000000e+00 9.935049573979383264e-15
2.426000000000000000e+03 0.000000000000000000e+00 0.000000000000000000e+00 9.928785277685331651e-15
2.427000000000000000e+03 0.000000000000000000e+00 0.000000000000000000e+00 9.922540384862294505e-15
2.428000000000000000e+03 0.000000000000000000e+00 0.000000000000000000e+00 9.916314899078857680e-15
2.429000000000000000e+03 0.000000000000000000e+00 0.000000000000000000e+00 9.910108898734379787e-15
2.430000000000000000e+03 0.000000000000000000e+00 0.000000000000000000e+00 9.903922383540008360e-15
2.431000000000000000e+03 0.000000000000000000e+00 0.000000000000000000e+00 9.897755428051012797e-15
2.432000000000000000e+03 0.000000000000000000e+00 0.000000000000000000e+00 9.891608028961968085e-15
2.433000000000000000e+03 0.000000000000000000e+00 0.000000000000000000e+00 9.885480257416495332e-15
2.434000000000000000e+03 0.000000000000000000e+00 0.000000000000000000e+00 9.879372106991660649e-15
2.435000000000000000e+03 0.000000000000000000e+00 0.000000000000000000e+00 9.873283645811915667e-15
2.436000000000000000e+03 0.000000000000000000e+00 0.000000000000000000e+00 9.867214864049848955e-15
2.437000000000000000e+03 0.000000000000000000e+00 0.000000000000000000e+00 9.861165826904569781e-15
2.438000000000000000e+03 0.000000000000000000e+00 0.000000000000000000e+00 9.855136520604054532e-15
2.439000000000000000e+03 0.000000000000000000e+00 0.000000000000000000e+00 9.849127008541063001e-15
2.440000000000000000e+03 0.000000000000000000e+00 0.000000000000000000e+00 9.843137273434756132e-15
2.441000000000000000e+03 0.000000000000000000e+00 0.000000000000000000e+00 9.837167375266313271e-15
2.442000000000000000e+03 0.000000000000000000e+00 0.000000000000000000e+00 9.831217293742943963e-15
2.443000000000000000e+03 0.000000000000000000e+00 0.000000000000000000e+00 9.825287083630639712e-15
2.444000000000000000e+03 0.000000000000000000e+00 0.000000000000000000e+00 9.819376722823987562e-15
2.445000000000000000e+03 0.000000000000000000e+00 0.000000000000000000e+00 9.813486262429194530e-15
2.446000000000000000e+03 0.000000000000000000e+00 0.000000000000000000e+00 9.807615677067986828e-15
2.447000000000000000e+03 0.000000000000000000e+00 0.000000000000000000e+00 9.801765015412490663e-15
2.448000000000000000e+03 0.000000000000000000e+00 0.000000000000000000e+00 9.795934247354632096e-15
2.449000000000000000e+03 0.000000000000000000e+00 0.000000000000000000e+00 9.790123416702266375e-15
2.450000000000000000e+03 0.000000000000000000e+00 0.000000000000000000e+00 9.784332491983741933e-15
2.451000000000000000e+03 0.000000000000000000e+00 0.000000000000000000e+00 9.778561513599479824e-15
2.452000000000000000e+03 0.000000000000000000e+00 0.000000000000000000e+00 9.772810445838491554e-15
2.453000000000000000e+03 0.000000000000000000e+00 0.000000000000000000e+00 9.767079325996085460e-15
2.454000000000000000e+03 0.000000000000000000e+00 0.000000000000000000e+00 9.761368115502010410e-15
2.455000000000000000e+03 0.000000000000000000e+00 0.000000000000000000e+00 9.755676847651276868e-15
2.456000000000000000e+03 0.000000000000000000e+00 0.000000000000000000e+00 9.750005482228879223e-15
2.457000000000000000e+03 0.000000000000000000e+00 0.000000000000000000e+00 9.744354050783973050e-15
2.458000000000000000e+03 0.000000000000000000e+00 0.000000000000000000e+00 9.738722506973042249e-15
2.459000000000000000e+03 0.000000000000000000e+00 0.000000000000000000e+00 9.733110881218040625e-15
2.460000000000000000e+03 0.000000000000000000e+00 0.000000000000000000e+00 9.727519123298237016e-15
2.461000000000000000e+03 0.000000000000000000e+00 0.000000000000000000e+00 9.721947261192781193e-15
2.462000000000000000e+03 0.000000000000000000e+00 0.000000000000000000e+00 9.716395241487732447e-15
2.463000000000000000e+03 0.000000000000000000e+00 0.000000000000000000e+00 9.710863087879219660e-15
2.464000000000000000e+03 0.000000000000000000e+00 0.000000000000000000e+00 9.705350743322957926e-15
2.465000000000000000e+03 0.000000000000000000e+00 0.000000000000000000e+00 9.699858229800578457e-15
2.466000000000000000e+03 0.000000000000000000e+00 0.000000000000000000e+00 9.694385485097821279e-15
2.467000000000000000e+03 0.000000000000000000e+00 0.000000000000000000e+00 9.688932526370170715e-15
2.468000000000000000e+03 0.000000000000000000e+00 0.000000000000000000e+00 9.683499289964624915e-15
2.469000000000000000e+03 0.000000000000000000e+00 0.000000000000000000e+00 9.678085789771009671e-15
2.470000000000000000e+03 0.000000000000000000e+00 0.000000000000000000e+00 9.672691959573269877e-15
2.471000000000000000e+03 0.000000000000000000e+00 0.000000000000000000e+00 9.667317809532257423e-15
2.472000000000000000e+03 0.000000000000000000e+00 0.000000000000000000e+00 9.661963271150746038e-15
2.473000000000000000e+03 0.000000000000000000e+00 0.000000000000000000e+00 9.656628350915868687e-15
2.474000000000000000e+03 0.000000000000000000e+00 0.000000000000000000e+00 9.651312978527684691e-15
2.475000000000000000e+03 0.000000000000000000e+00 0.000000000000000000e+00 9.646017156873708952e-15
2.476000000000000000e+03 0.000000000000000000e+00 0.000000000000000000e+00 9.640740811787490571e-15
2.477000000000000000e+03 0.000000000000000000e+00 0.000000000000000000e+00 9.635483944430325885e-15
2.478000000000000000e+03 0.000000000000000000e+00 0.000000000000000000e+00 9.630246477253052703e-15
2.479000000000000000e+03 0.000000000000000000e+00 0.000000000000000000e+00 9.625028407634915747e-15
2.480000000000000000e+03 0.000000000000000000e+00 0.000000000000000000e+00 9.619829653557865263e-15
2.481000000000000000e+03 0.000000000000000000e+00 0.000000000000000000e+00 9.614650209700824610e-15
2.482000000000000000e+03 0.000000000000000000e+00 0.000000000000000000e+00 9.609489992090019009e-15
2.483000000000000000e+03 0.000000000000000000e+00 0.000000000000000000e+00 9.604348991445446543e-15
2.484000000000000000e+03 0.000000000000000000e+00 0.000000000000000000e+00 9.599227120838439345e-15
2.485000000000000000e+03 0.000000000000000000e+00 0.000000000000000000e+00 9.594124368409384051e-15
2.486000000000000000e+03 0.000000000000000000e+00 0.000000000000000000e+00 9.589040644210236632e-15
2.487000000000000000e+03 0.000000000000000000e+00 0.000000000000000000e+00 9.583975932019825423e-15
2.488000000000000000e+03 0.000000000000000000e+00 0.000000000000000000e+00 9.578930140690725431e-15
2.489000000000000000e+03 0.000000000000000000e+00 0.000000000000000000e+00 9.573903250274244174e-15
2.490000000000000000e+03 0.000000000000000000e+00 0.000000000000000000e+00 9.568895163189695003e-15
2.491000000000000000e+03 0.000000000000000000e+00 0.000000000000000000e+00 9.563905857733488621e-15
2.492000000000000000e+03 0.000000000000000000e+00 0.000000000000000000e+00 9.558935231584873571e-15
2.493000000000000000e+03 0.000000000000000000e+00 0.000000000000000000e+00 9.553983257019292319e-15
2.494000000000000000e+03 0.000000000000000000e+00 0.000000000000000000e+00 9.549049827549051823e-15
2.495000000000000000e+03 0.000000000000000000e+00 0.000000000000000000e+00 9.544134911912436914e-15
2.496000000000000000e+03 0.000000000000000000e+00 0.000000000000000000e+00 9.539238400329789083e-15
2.497000000000000000e+03 0.000000000000000000e+00 0.000000000000000000e+00 9.534360255922637251e-15
2.498000000000000000e+03 0.000000000000000000e+00 0.000000000000000000e+00 9.529500367449196044e-15
2.499000000000000000e+03 0.000000000000000000e+00 0.000000000000000000e+00 9.524658694382601047e-15
2.500000000000000000e+03 0.000000000000000000e+00 0.000000000000000000e+00 9.519835120786478331e-15
2.501000000000000000e+03 0.000000000000000000e+00 0.000000000000000000e+00 9.515029604333954868e-15
2.502000000000000000e+03 0.000000000000000000e+00 0.000000000000000000e+00 9.510242025304864885e-15
2.503000000000000000e+03 0.000000000000000000e+00 0.000000000000000000e+00 9.505472337293949719e-15
2.504000000000000000e+03 0.000000000000000000e+00 0.000000000000000000e+00 9.500720416996833564e-15
2.505000000000000000e+03 0.000000000000000000e+00 0.000000000000000000e+00 9.495986214182903988e-15
2.506000000000000000e+03 0.000000000000000000e+00 0.000000000000000000e+00 9.491269602059491172e-15
2.507000000000000000e+03 0.000000000000000000e+00 0.000000000000000000e+00 9.486570526769199404e-15
2.508000000000000000e+03 0.000000000000000000e+00 0.000000000000000000e+00 9.481888858732005634e-15
2.509000000000000000e+03 0.000000000000000000e+00 0.000000000000000000e+00 9.477224538604502468e-15
2.510000000000000000e+03 0.000000000000000000e+00 0.000000000000000000e+00 9.472577433761034248e-15
2.511000000000000000e+03 0.000000000000000000e+00 0.000000000000000000e+00 9.467947483277789647e-15
2.512000000000000000e+03 0.000000000000000000e+00 0.000000000000000000e+00 9.463334553867541118e-15
2.513000000000000000e+03 0.000000000000000000e+00 0.000000000000000000e+00 9.458738569912289520e-15
2.514000000000000000e+03 0.000000000000000000e+00 0.000000000000000000e+00 9.454159399307260896e-15
2.515000000000000000e+03 0.000000000000000000e+00 0.000000000000000000e+00 9.449596976092404435e-15
2.516000000000000000e+03 0.000000000000000000e+00 0.000000000000000000e+00 9.445051148850957535e-15
2.517000000000000000e+03 0.000000000000000000e+00 0.000000000000000000e+00 9.440521854758954358e-15
2.518000000000000000e+03 0.000000000000000000e+00 0.000000000000000000e+00 9.436008934210247941e-15
2.519000000000000000e+03 0.000000000000000000e+00 0.000000000000000000e+00 9.431512328287669793e-15
2.520000000000000000e+03 0.000000000000000000e+00 0.000000000000000000e+00 9.427031883177416676e-15
2.521000000000000000e+03 0.000000000000000000e+00 0.000000000000000000e+00 9.422567521254494775e-15
2.522000000000000000e+03 0.000000000000000000e+00 0.000000000000000000e+00 9.418119091755209453e-15
2.523000000000000000e+03 0.000000000000000000e+00 0.000000000000000000e+00 9.413686509926596463e-15
2.524000000000000000e+03 0.000000000000000000e+00 0.000000000000000000e+00 9.409269627601692473e-15
2.525000000000000000e+03 0.000000000000000000e+00 0.000000000000000000e+00 9.404868356120019605e-15
2.526000000000000000e+03 0.000000000000000000e+00 0.000000000000000000e+00 9.400482537724120114e-15
2.527000000000000000e+03 0.000000000000000000e+00 0.000000000000000000e+00 9.396112094067705218e-15
2.528000000000000000e+03 0.000000000000000000e+00 0.000000000000000000e+00 9.391756852995652709e-15
2.529000000000000000e+03 0.000000000000000000e+00 0.000000000000000000e+00 9.387416741424051308e-15
2.530000000000000000e+03 0.000000000000000000e+00 0.000000000000000000e+00 9.383091580703227391e-15
2.531000000000000000e+03 0.000000000000000000e+00 0.000000000000000000e+00 9.378781280443915983e-15
2.532000000000000000e+03 0.000000000000000000e+00 0.000000000000000000e+00 9.374485679404132924e-15
2.533000000000000000e+03 0.000000000000000000e+00 0.000000000000000000e+00 9.370204681119445527e-15
2.534000000000000000e+03 0.000000000000000000e+00 0.000000000000000000e+00 9.365938110786039584e-15
2.535000000000000000e+03 0.000000000000000000e+00 0.000000000000000000e+00 9.361685879415108575e-15
2.536000000000000000e+03 0.000000000000000000e+00 0.000000000000000000e+00 9.357447808368157036e-15
2.537000000000000000e+03 0.000000000000000000e+00 0.000000000000000000e+00 9.353223810851969247e-15
2.538000000000000000e+03 0.000000000000000000e+00 0.000000000000000000e+00 9.349013707672903083e-15
2.539000000000000000e+03 0.000000000000000000e+00 0.000000000000000000e+00 9.344817403796107474e-15
2.540000000000000000e+03 0.000000000000000000e+00 0.000000000000000000e+00 9.340634719585704869e-15
2.541000000000000000e+03 0.000000000000000000e+00 0.000000000000000000e+00 9.336465557944670285e-15
2.542000000000000000e+03 0.000000000000000000e+00 0.000000000000000000e+00 9.332309738554190353e-15
2.543000000000000000e+03 0.000000000000000000e+00 0.000000000000000000e+00 9.328167164228834027e-15
2.544000000000000000e+03 0.000000000000000000e+00 0.000000000000000000e+00 9.324037656538898389e-15
2.545000000000000000e+03 0.000000000000000000e+00 0.000000000000000000e+00 9.319921106574922131e-15
2.546000000000000000e+03 0.000000000000000000e+00 0.000000000000000000e+00 9.315817337444561289e-15
2.547000000000000000e+03 0.000000000000000000e+00 0.000000000000000000e+00 9.311726247205856481e-15
2.548000000000000000e+03 0.000000000000000000e+00 0.000000000000000000e+00 9.307647659964465875e-15
2.549000000000000000e+03 0.000000000000000000e+00 0.000000000000000000e+00 9.303581476545233496e-15
2.550000000000000000e+03 0.000000000000000000e+00 0.000000000000000000e+00 9.299527513239476557e-15
2.551000000000000000e+03 0.000000000000000000e+00 0.000000000000000000e+00 9.295485662203303395e-15
2.552000000000000000e+03 0.000000000000000000e+00 0.000000000000000000e+00 9.291455747450073873e-15
2.553000000000000000e+03 0.000000000000000000e+00 0.000000000000000000e+00 9.287437668509734196e-15
2.554000000000000000e+03 0.000000000000000000e+00 0.000000000000000000e+00 9.283431243094702944e-15
2.555000000000000000e+03 0.000000000000000000e+00 0.000000000000000000e+00 9.279436364269180950e-15
2.556000000000000000e+03 0.000000000000000000e+00 0.000000000000000000e+00 9.275452857653268926e-15
2.557000000000000000e+03 0.000000000000000000e+00 0.000000000000000000e+00 9.271480614527141413e-15
2.558000000000000000e+03 0.000000000000000000e+00 0.000000000000000000e+00 9.267519454827883631e-15
2.559000000000000000e+03 0.000000000000000000e+00 0.000000000000000000e+00 9.263569279443014603e-15
2.560000000000000000e+03 0.000000000000000000e+00 0.000000000000000000e+00 9.259629906365800015e-15
2.561000000000000000e+03 0.000000000000000000e+00 0.000000000000000000e+00 9.255701230761096826e-15
2.562000000000000000e+03 0.000000000000000000e+00 0.000000000000000000e+00 9.251783070264510652e-15
2.563000000000000000e+03 0.000000000000000000e+00 0.000000000000000000e+00 9.247875328387561169e-15
2.564000000000000000e+03 0.000000000000000000e+00 0.000000000000000000e+00 9.243977833250773101e-15
2.565000000000000000e+03 0.000000000000000000e+00 0.000000000000000000e+00 9.240090483818018687e-15
2.566000000000000000e+03 0.000000000000000000e+00 0.000000000000000000e+00 9.236213102348947424e-15
2.567000000000000000e+03 0.000000000000000000e+00 0.000000000000000000e+00 9.232345595746795915e-15
2.568000000000000000e+03 0.000000000000000000e+00 0.000000000000000000e+00 9.228487786240429150e-15
2.569000000000000000e+03 0.000000000000000000e+00 0.000000000000000000e+00 9.224639584579821939e-15
2.570000000000000000e+03 0.000000000000000000e+00 0.000000000000000000e+00 9.220800812013902056e-15
2.571000000000000000e+03 0.000000000000000000e+00 0.000000000000000000e+00 9.216971382977279495e-15
2.572000000000000000e+03 0.000000000000000000e+00 0.000000000000000000e+00 9.213151118959247946e-15
2.573000000000000000e+03 0.000000000000000000e+00 0.000000000000000000e+00 9.209339937134775038e-15
2.574000000000000000e+03 0.000000000000000000e+00 0.000000000000000000e+00 9.205537668052433098e-15
2.575000000000000000e+03 0.000000000000000000e+00 0.000000000000000000e+00 9.201744231077593007e-15
2.576000000000000000e+03 0.000000000000000000e+00 0.000000000000000000e+00 9.197959451255138616e-15
2.577000000000000000e+03 0.000000000000000000e+00 0.000000000000000000e+00 9.194183249706131216e-15
2.578000000000000000e+03 0.000000000000000000e+00 0.000000000000000000e+00 9.190415459528396058e-15
2.579000000000000000e+03 0.000000000000000000e+00 0.000000000000000000e+00 9.186655994296563265e-15
2.580000000000000000e+03 0.000000000000000000e+00 0.000000000000000000e+00 9.182904699806573796e-15
2.581000000000000000e+03 0.000000000000000000e+00 0.000000000000000000e+00 9.179161495428137269e-15
2.582000000000000000e+03 0.000000000000000000e+00 0.000000000000000000e+00 9.175426224827298598e-15
2.583000000000000000e+03 0.000000000000000000e+00 0.000000000000000000e+00 9.171698808536472645e-15
2.584000000000000000e+03 0.000000000000000000e+00 0.000000000000000000e+00 9.167979090984092635e-15
2.585000000000000000e+03 0.000000000000000000e+00 0.000000000000000000e+00 9.164267003342658321e-15
2.586000000000000000e+03 0.000000000000000000e+00 0.000000000000000000e+00 9.160562389969234684e-15
2.587000000000000000e+03 0.000000000000000000e+00 0.000000000000000000e+00 9.156865187392201083e-15
2.588000000000000000e+03 0.000000000000000000e+00 0.000000000000000000e+00 9.153175239395183731e-15
2.589000000000000000e+03 0.000000000000000000e+00 0.000000000000000000e+00 9.149492485414128156e-15
2.590000000000000000e+03 0.000000000000000000e+00 0.000000000000000000e+00 9.145816768962674504e-15
2.591000000000000000e+03 0.000000000000000000e+00 0.000000000000000000e+00 9.142148031963571844e-15
2.592000000000000000e+03 0.000000000000000000e+00 0.000000000000000000e+00 9.138486116672260308e-15
2.593000000000000000e+03 0.000000000000000000e+00 0.000000000000000000e+00 9.134830975859616990e-15
2.594000000000000000e+03 0.000000000000000000e+00 0.000000000000000000e+00 9.131182449857548834e-15
2.595000000000000000e+03 0.000000000000000000e+00 0.000000000000000000e+00 9.127540497270575106e-15
2.596000000000000000e+03 0.000000000000000000e+00 0.000000000000000000e+00 9.123904965669441272e-15
2.597000000000000000e+03 0.000000000000000000e+00 0.000000000000000000e+00 9.120275807313721077e-15
2.598000000000000000e+03 0.000000000000000000e+00 0.000000000000000000e+00 9.116652873320340614e-15
2.599000000000000000e+03 0.000000000000000000e+00 0.000000000000000000e+00 9.113036122766779127e-15
2.600000000000000000e+03 0.000000000000000000e+00 0.000000000000000000e+00 9.109425416555706509e-15
2.601000000000000000e+03 0.000000000000000000e+00 0.000000000000000000e+00 9.105820706341791650e-15
2.602000000000000000e+03 0.000000000000000000e+00 0.000000000000000000e+00 9.102221867559546259e-15
2.603000000000000000e+03 0.000000000000000000e+00 0.000000000000000000e+00 9.098628847724615429e-15
2.604000000000000000e+03 0.000000000000000000e+00 0.000000000000000000e+00 9.095041529453335261e-15
2.605000000000000000e+03 0.000000000000000000e+00 0.000000000000000000e+00 9.091459856498459085e-15
2.606000000000000000e+03 0.000000000000000000e+00 0.000000000000000000e+00 9.087883716787450531e-15
2.607000000000000000e+03 0.000000000000000000e+00 0.000000000000000000e+00 9.084313068387767627e-15
2.608000000000000000e+03 0.000000000000000000e+00 0.000000000000000000e+00 9.080747792837826422e-15
2.609000000000000000e+03 0.000000000000000000e+00 0.000000000000000000e+00 9.077187844113697300e-15
2.610000000000000000e+03 0.000000000000000000e+00 0.000000000000000000e+00 9.073633119101383413e-15
2.611000000000000000e+03 0.000000000000000000e+00 0.000000000000000000e+00 9.070083579718484142e-15
2.612000000000000000e+03 0.000000000000000000e+00 0.000000000000000000e+00 9.066539119525786682e-15
2.613000000000000000e+03 0.000000000000000000e+00 0.000000000000000000e+00 9.062999712187939642e-15
2.614000000000000000e+03 0.000000000000000000e+00 0.000000000000000000e+00 9.059465250190500180e-15
2.615000000000000000e+03 0.000000000000000000e+00 0.000000000000000000e+00 9.055935711487027429e-15
2.616000000000000000e+03 0.000000000000000000e+00 0.000000000000000000e+00 9.052410987149002776e-15
2.617000000000000000e+03 0.000000000000000000e+00 0.000000000000000000e+00 9.048891057441754857e-15
2.618000000000000000e+03 0.000000000000000000e+00 0.000000000000000000e+00 9.045375830221622021e-15
2.619000000000000000e+03 0.000000000000000000e+00 0.000000000000000000e+00 9.041865285912986195e-15
2.620000000000000000e+03 0.000000000000000000e+00 0.000000000000000000e+00 9.038359328889374296e-15
2.621000000000000000e+03 0.000000000000000000e+00 0.000000000000000000e+00 9.034857939715869483e-15
2.622000000000000000e+03 0.000000000000000000e+00 0.000000000000000000e+00 9.031361039252681989e-15
2.623000000000000000e+03 0.000000000000000000e+00 0.000000000000000000e+00 9.027868606904592599e-15
2.624000000000000000e+03 0.000000000000000000e+00 0.000000000000000000e+00 9.024380561884608445e-15
2.625000000000000000e+03 0.000000000000000000e+00 0.000000000000000000e+00 9.020896890799220307e-15
2.626000000000000000e+03 0.000000000000000000e+00 0.000000000000000000e+00 9.017417521139303051e-15
2.627000000000000000e+03 0.000000000000000000e+00 0.000000000000000000e+00 9.013942450590272516e-15
2.628000000000000000e+03 0.000000000000000000e+00 0.000000000000000000e+00 9.010471601363750752e-15
2.629000000000000000e+03 0.000000000000000000e+00 0.000000000000000000e+00 9.007004974814021029e-15
2.630000000000000000e+03 0.000000000000000000e+00 0.000000000000000000e+00 9.003542498813642248e-15
2.631000000000000000e+03 0.000000000000000000e+00 0.000000000000000000e+00 9.000084186429323800e-15
2.632000000000000000e+03 0.000000000000000000e+00 0.000000000000000000e+00 8.996629956670455194e-15
2.633000000000000000e+03 0.000000000000000000e+00 0.000000000000000000e+00 8.993179836211222515e-15
2.634000000000000000e+03 0.000000000000000000e+00 0.000000000000000000e+00 8.989733749402016965e-15
2.635000000000000000e+03 0.000000000000000000e+00 0.000000000000000000e+00 8.986291719126227700e-15
2.636000000000000000e+03 0.000000000000000000e+00 0.000000000000000000e+00 8.982853687459336728e-15
2.637000000000000000e+03 0.000000000000000000e+00 0.000000000000000000e+00 8.979419667735338447e-15
2.638000000000000000e+03 0.000000000000000000e+00 0.000000000000000000e+00 8.975989609154575609e-15
2.639000000000000000e+03 0.000000000000000000e+00 0.000000000000000000e+00 8.972563536896555876e-15
2.640000000000000000e+03 0.000000000000000000e+00 0.000000000000000000e+00 8.969141394877871101e-15
2.641000000000000000e+03 0.000000000000000000e+00 0.000000000000000000e+00 8.965723220744262146e-15
2.642000000000000000e+03 0.000000000000000000e+00 0.000000000000000000e+00 8.962308964055290621e-15
2.643000000000000000e+03 0.000000000000000000e+00 0.000000000000000000e+00 8.958898659538136077e-15
2.644000000000000000e+03 0.000000000000000000e+00 0.000000000000000000e+00 8.955492258531067916e-15
2.645000000000000000e+03 0.000000000000000000e+00 0.000000000000000000e+00 8.952089802010883679e-15
2.646000000000000000e+03 0.000000000000000000e+00 0.000000000000000000e+00 8.948691250207066168e-15
2.647000000000000000e+03 0.000000000000000000e+00 0.000000000000000000e+00 8.945296647241473557e-15
2.648000000000000000e+03 0.000000000000000000e+00 0.000000000000000000e+00 8.941905964016190387e-15
2.649000000000000000e+03 0.000000000000000000e+00 0.000000000000000000e+00 8.938519242437729374e-15
2.650000000000000000e+03 0.000000000000000000e+00 0.000000000000000000e+00 8.935136456221604876e-15
2.651000000000000000e+03 0.000000000000000000e+00 0.000000000000000000e+00 8.931757653641060318e-15
2.652000000000000000e+03 0.000000000000000000e+00 0.000000000000000000e+00 8.928382810661122659e-15
2.653000000000000000e+03 0.000000000000000000e+00 0.000000000000000000e+00 8.925011979518316686e-15
2.654000000000000000e+03 0.000000000000000000e+00 0.000000000000000000e+00 8.921645140973983106e-15
2.655000000000000000e+03 0.000000000000000000e+00 0.000000000000000000e+00 8.918282350131092713e-15
2.656000000000000000e+03 0.000000000000000000e+00 0.000000000000000000e+00 8.914923590941661941e-15
2.657000000000000000e+03 0.000000000000000000e+00 0.000000000000000000e+00 8.911568922972798623e-15
2.658000000000000000e+03 0.000000000000000000e+00 0.000000000000000000e+00 8.908218334371722509e-15
2.659000000000000000e+03 0.000000000000000000e+00 0.000000000000000000e+00 8.904871888979129122e-15
2.660000000000000000e+03 0.000000000000000000e+00 0.000000000000000000e+00 8.901529578500300660e-15
2.661000000000000000e+03 0.000000000000000000e+00 0.000000000000000000e+00 8.898191471978915236e-15
2.662000000000000000e+03 0.000000000000000000e+00 0.000000000000000000e+00 8.894857565391919494e-15
2.663000000000000000e+03 0.000000000000000000e+00 0.000000000000000000e+00 8.891527931746096205e-15
2.664000000000000000e+03 0.000000000000000000e+00 0.000000000000000000e+00 8.888202570514554126e-15
2.665000000000000000e+03 0.000000000000000000e+00 0.000000000000000000e+00 8.884881560060518884e-15
2.666000000000000000e+03 0.000000000000000000e+00 0.000000000000000000e+00 8.881564903817630629e-15
2.667000000000000000e+03 0.000000000000000000e+00 0.000000000000000000e+00 8.878252684308759609e-15
2.668000000000000000e+03 0.000000000000000000e+00 0.000000000000000000e+00 8.874944908423963697e-15
2.669000000000000000e+03 0.000000000000000000e+00 0.000000000000000000e+00 8.871641662314150708e-15
2.670000000000000000e+03 0.000000000000000000e+00 0.000000000000000000e+00 8.868342958481090447e-15
2.671000000000000000e+03 0.000000000000000000e+00 0.000000000000000000e+00 8.865048884839599491e-15
2.672000000000000000e+03 0.000000000000000000e+00 0.000000000000000000e+00 8.861759457922228683e-15
2.673000000000000000e+03 0.000000000000000000e+00 0.000000000000000000e+00 8.858474770443923274e-15
2.674000000000000000e+03 0.000000000000000000e+00 0.000000000000000000e+00 8.855194842427978325e-15
2.675000000000000000e+03 0.000000000000000000e+00 0.000000000000000000e+00 8.851919769387772663e-15
2.676000000000000000e+03 0.000000000000000000e+00 0.000000000000000000e+00 8.848649575462839684e-15
2.677000000000000000e+03 0.000000000000000000e+00 0.000000000000000000e+00 8.845384360356662334e-15
2.678000000000000000e+03 0.000000000000000000e+00 0.000000000000000000e+00 8.842124150899551735e-15
2.679000000000000000e+03 0.000000000000000000e+00 0.000000000000000000e+00 8.838869050877401239e-15
2.680000000000000000e+03 0.000000000000000000e+00 0.000000000000000000e+00 8.835619090455906338e-15
2.681000000000000000e+03 0.000000000000000000e+00 0.000000000000000000e+00 8.832374377524559592e-15
2.682000000000000000e+03 0.000000000000000000e+00 0.000000000000000000e+00 8.829134946830145322e-15
2.683000000000000000e+03 0.000000000000000000e+00 0.000000000000000000e+00 8.825900908001158930e-15
2.684000000000000000e+03 0.000000000000000000e+00 0.000000000000000000e+00 8.822672299909038643e-15
2.685000000000000000e+03 0.000000000000000000e+00 0.000000000000000000e+00 8.819449234566593018e-15
2.686000000000000000e+03 0.000000000000000000e+00 0.000000000000000000e+00 8.816231754167562184e-15
2.687000000000000000e+03 0.000000000000000000e+00 0.000000000000000000e+00 8.813019972917311542e-15
2.688000000000000000e+03 0.000000000000000000e+00 0.000000000000000000e+00 8.809813935401961265e-15
2.689000000000000000e+03 0.000000000000000000e+00 0.000000000000000000e+00 8.806613758569989091e-15
2.690000000000000000e+03 0.000000000000000000e+00 0.000000000000000000e+00 8.803419488758215268e-15
2.691000000000000000e+03 0.000000000000000000e+00 0.000000000000000000e+00 8.800231245276768291e-15
2.692000000000000000e+03 0.000000000000000000e+00 0.000000000000000000e+00 8.797049077902111792e-15
2.693000000000000000e+03 0.000000000000000000e+00 0.000000000000000000e+00 8.793873107948615812e-15
2.694000000000000000e+03 0.000000000000000000e+00 0.000000000000000000e+00 8.790703387062448460e-15
2.695000000000000000e+03 0.000000000000000000e+00 0.000000000000000000e+00 8.787540039942137838e-15
2.696000000000000000e+03 0.000000000000000000e+00 0.000000000000000000e+00 8.784383120956217350e-15
2.697000000000000000e+03 0.000000000000000000e+00 0.000000000000000000e+00 8.781232755713442256e-15
2.698000000000000000e+03 0.000000000000000000e+00 0.000000000000000000e+00 8.778089003076956695e-15
2.699000000000000000e+03 0.000000000000000000e+00 0.000000000000000000e+00 8.774951990155418188e-15
2.700000000000000000e+03 0.000000000000000000e+00 0.000000000000000000e+00 8.771821775824837196e-15
2.701000000000000000e+03 0.000000000000000000e+00 0.000000000000000000e+00 8.768698490776995800e-15
2.702000000000000000e+03 0.000000000000000000e+00 0.000000000000000000e+00 8.765582195190416367e-15
2.703000000000000000e+03 0.000000000000000000e+00 0.000000000000000000e+00 8.762473021455069738e-15
2.704000000000000000e+03 0.000000000000000000e+00 0.000000000000000000e+00 8.759371030283182126e-15
2.705000000000000000e+03 0.000000000000000000e+00 0.000000000000000000e+00 8.756276356601660022e-15
2.706000000000000000e+03 0.000000000000000000e+00 0.000000000000000000e+00 8.753189062759956804e-15
2.707000000000000000e+03 0.000000000000000000e+00 0.000000000000000000e+00 8.750109285690747746e-15
2.708000000000000000e+03 0.000000000000000000e+00 0.000000000000000000e+00 8.747037088968098118e-15
2.709000000000000000e+03 0.000000000000000000e+00 0.000000000000000000e+00 8.743972610639747549e-15
2.710000000000000000e+03 0.000000000000000000e+00 0.000000000000000000e+00 8.740915917041646958e-15
2.711000000000000000e+03 0.000000000000000000e+00 0.000000000000000000e+00 8.737867147277238547e-15
2.712000000000000000e+03 0.000000000000000000e+00 0.000000000000000000e+00 8.734826368125491209e-15
2.713000000000000000e+03 0.000000000000000000e+00 0.000000000000000000e+00 8.731793720739776359e-15
2.714000000000000000e+03 0.000000000000000000e+00 0.000000000000000000e+00 8.728769272750005572e-15
2.715000000000000000e+03 0.000000000000000000e+00 0.000000000000000000e+00 8.725753163867151231e-15
2.716000000000000000e+03 0.000000000000000000e+00 0.000000000000000000e+00 8.722745463381227464e-15
2.717000000000000000e+03 0.000000000000000000e+00 0.000000000000000000e+00 8.719746310848380081e-15
2.718000000000000000e+03 0.000000000000000000e+00 0.000000000000000000e+00 8.716755776153017280e-15
2.719000000000000000e+03 0.000000000000000000e+00 0.000000000000000000e+00 8.713773998380691474e-15
2.720000000000000000e+03 0.000000000000000000e+00 0.000000000000000000e+00 8.710801047412191570e-15
2.721000000000000000e+03 0.000000000000000000e+00 0.000000000000000000e+00 8.707837063626935970e-15
2.722000000000000000e+03 0.000000000000000000e+00 0.000000000000000000e+00 8.704882116054280229e-15
2.723000000000000000e+03 0.000000000000000000e+00 0.000000000000000000e+00 8.701936346521574853e-15
2.724000000000000000e+03 0.000000000000000000e+00 0.000000000000000000e+00 8.698999823839192343e-15
2.725000000000000000e+03 0.000000000000000000e+00 0.000000000000000000e+00 8.696072688815661457e-15
2.726000000000000000e+03 0.000000000000000000e+00 0.000000000000000000e+00 8.693155011711214774e-15
2.727000000000000000e+03 0.000000000000000000e+00 0.000000000000000000e+00 8.690246933272845170e-15
2.728000000000000000e+03 0.000000000000000000e+00 0.000000000000000000e+00 8.687348527188919127e-15
2.729000000000000000e+03 0.000000000000000000e+00 0.000000000000000000e+00 8.684459929374205249e-15
2.730000000000000000e+03 0.000000000000000000e+00 0.000000000000000000e+00 8.681581207729506788e-15
2.731000000000000000e+03 0.000000000000000000e+00 0.000000000000000000e+00 8.678712505003098361e-15
2.732000000000000000e+03 0.000000000000000000e+00 0.000000000000000000e+00 8.675853887038268321e-15
2.733000000000000000e+03 0.000000000000000000e+00 0.000000000000000000e+00 8.673005492260955146e-15
2.734000000000000000e+03 0.000000000000000000e+00 0.000000000000000000e+00 8.670167386025930873e-15
2.735000000000000000e+03 0.000000000000000000e+00 0.000000000000000000e+00 8.667339705536363290e-15
2.736000000000000000e+03 0.000000000000000000e+00 0.000000000000000000e+00 8.664522524552935336e-15
2.737000000000000000e+03 0.000000000000000000e+00 0.000000000000000000e+00 8.661715971697193018e-15
2.738000000000000000e+03 0.000000000000000000e+00 0.000000000000000000e+00 8.658920116312520062e-15
2.739000000000000000e+03 0.000000000000000000e+00 0.000000000000000000e+00 8.656135084196472964e-15
2.740000000000000000e+03 0.000000000000000000e+00 0.000000000000000000e+00 8.653360945110424442e-15
2.741000000000000000e+03 0.000000000000000000e+00 0.000000000000000000e+00 8.650597830119197857e-15
2.742000000000000000e+03 0.000000000000000000e+00 0.000000000000000000e+00 8.647845793516818696e-15
2.743000000000000000e+03 0.000000000000000000e+00 0.000000000000000000e+00 8.645104978451687606e-15
2.744000000000000000e+03 0.000000000000000000e+00 0.000000000000000000e+00 8.642375432129242733e-15
2.745000000000000000e+03 0.000000000000000000e+00 0.000000000000000000e+00 8.639657288963010934e-15
2.746000000000000000e+03 0.000000000000000000e+00 0.000000000000000000e+00 8.636950600609713697e-15
2.747000000000000000e+03 0.000000000000000000e+00 0.000000000000000000e+00 8.634255498528251424e-15
2.748000000000000000e+03 0.000000000000000000e+00 0.000000000000000000e+00 8.631572036037313026e-15
2.749000000000000000e+03 0.000000000000000000e+00 0.000000000000000000e+00 8.628900336650622215e-15
2.750000000000000000e+03 0.000000000000000000e+00 0.000000000000000000e+00 8.626240455338911451e-15
2.751000000000000000e+03 0.000000000000000000e+00 0.000000000000000000e+00 8.623592511203179048e-15
2.752000000000000000e+03 0.000000000000000000e+00 0.000000000000000000e+00 8.620956545951001204e-15
2.753000000000000000e+03 0.000000000000000000e+00 0.000000000000000000e+00 8.618332685162642679e-15
2.754000000000000000e+03 0.000000000000000000e+00 0.000000000000000000e+00 8.615720964124325079e-15
2.755000000000000000e+03 0.000000000000000000e+00 0.000000000000000000e+00 8.613121504607949883e-15
2.756000000000000000e+03 0.000000000000000000e+00 0.000000000000000000e+00 8.610534339129688339e-15
2.757000000000000000e+03 0.000000000000000000e+00 0.000000000000000000e+00 8.607959589794333340e-15
2.758000000000000000e+03 0.000000000000000000e+00 0.000000000000000000e+00 8.605397287598799959e-15
2.759000000000000000e+03 0.000000000000000000e+00 0.000000000000000000e+00 8.602847547900517109e-15
2.760000000000000000e+03 0.000000000000000000e+00 0.000000000000000000e+00 8.600310393932829998e-15
2.761000000000000000e+03 0.000000000000000000e+00 0.000000000000000000e+00 8.597785939050741948e-15
2.762000000000000000e+03 0.000000000000000000e+00 0.000000000000000000e+00 8.595274212307332723e-15
2.763000000000000000e+03 0.000000000000000000e+00 0.000000000000000000e+00 8.592775318790258161e-15
2.764000000000000000e+03 0.000000000000000000e+00 0.000000000000000000e+00 8.590289281964135400e-15
2.765000000000000000e+03 0.000000000000000000e+00 0.000000000000000000e+00 8.587816204890637726e-15
2.766000000000000000e+03 0.000000000000000000e+00 0.000000000000000000e+00 8.585356109668575326e-15
2.767000000000000000e+03 0.000000000000000000e+00 0.000000000000000000e+00 8.582909090720587988e-15
2.768000000000000000e+03 0.000000000000000000e+00 0.000000000000000000e+00 8.580475171378383986e-15
2.769000000000000000e+03 0.000000000000000000e+00 0.000000000000000000e+00 8.578054435296811101e-15
2.770000000000000000e+03 0.000000000000000000e+00 0.000000000000000000e+00 8.575646906741167668e-15
2.771000000000000000e+03 0.000000000000000000e+00 0.000000000000000000e+00 8.573252672416801344e-15
2.772000000000000000e+03 0.000000000000000000e+00 0.000000000000000000e+00 8.570871744206028910e-15
2.773000000000000000e+03 0.000000000000000000e+00 0.000000000000000000e+00 8.568504201992654296e-15
2.774000000000000000e+03 0.000000000000000000e+00 0.000000000000000000e+00 8.566150061457440006e-15
2.775000000000000000e+03 0.000000000000000000e+00 0.000000000000000000e+00 8.563809400592174931e-15
2.776000000000000000e+03 0.000000000000000000e+00 0.000000000000000000e+00 8.561482229312782272e-15
2.777000000000000000e+03 0.000000000000000000e+00 0.000000000000000000e+00 8.559168617180262502e-15
2.778000000000000000e+03 0.000000000000000000e+00 0.000000000000000000e+00 8.556868573300588511e-15
2.779000000000000000e+03 0.000000000000000000e+00 0.000000000000000000e+00 8.554582156606532458e-15
2.780000000000000000e+03 0.000000000000000000e+00 0.000000000000000000e+00 8.552309376527468649e-15
2.781000000000000000e+03 0.000000000000000000e+00 0.000000000000000000e+00 8.550050279765403134e-15
2.782000000000000000e+03 0.000000000000000000e+00 0.000000000000000000e+00 8.547804877595460144e-15
2.783000000000000000e+03 0.000000000000000000e+00 0.000000000000000000e+00 8.545573210216741854e-15
2.784000000000000000e+03 0.000000000000000000e+00 0.000000000000000000e+00 8.543355276654525418e-15
2.785000000000000000e+03 0.000000000000000000e+00 0.000000000000000000e+00 8.541151121109362621e-15
2.786000000000000000e+03 0.000000000000000000e+00 0.000000000000000000e+00 8.538960739021110471e-15
2.787000000000000000e+03 0.000000000000000000e+00 0.000000000000000000e+00 8.536784161379443878e-15
2.788000000000000000e+03 0.000000000000000000e+00 0.000000000000000000e+00 8.534621382164581052e-15
2.789000000000000000e+03 0.000000000000000000e+00 0.000000000000000000e+00 8.532472434899866669e-15
2.790000000000000000e+03 0.000000000000000000e+00 0.000000000000000000e+00 8.530337299499523152e-15
2.791000000000000000e+03 0.000000000000000000e+00 0.000000000000000000e+00 8.528216010245560065e-15
2.792000000000000000e+03 0.000000000000000000e+00 0.000000000000000000e+00 8.526108541149617529e-15
2.793000000000000000e+03 0.000000000000000000e+00 0.000000000000000000e+00 8.524014913100487767e-15
2.794000000000000000e+03 0.000000000000000000e+00 0.000000000000000000e+00 8.521935096806184491e-15
2.795000000000000000e+03 0.000000000000000000e+00 0.000000000000000000e+00 8.519869116449311325e-15
2.796000000000000000e+03 0.000000000000000000e+00 0.000000000000000000e+00 8.517816933541930039e-15
2.797000000000000000e+03 0.000000000000000000e+00 0.000000000000000000e+00 8.515778566118020971e-15
2.798000000000000000e+03 0.000000000000000000e+00 0.000000000000000000e+00 8.513753964588885161e-15
2.799000000000000000e+03 0.000000000000000000e+00 0.000000000000000000e+00 8.511743145611596726e-15
2.800000000000000000e+03 0.000000000000000000e+00 0.000000000000000000e+00 8.509746054548503942e-15
2.801000000000000000e+03 0.000000000000000000e+00 0.000000000000000000e+00 8.507762699828864839e-15
2.802000000000000000e+03 0.000000000000000000e+00 0.000000000000000000e+00 8.505793024848029850e-15
2.803000000000000000e+03 0.000000000000000000e+00 0.000000000000000000e+00 8.503837027393076897e-15
2.804000000000000000e+03 0.000000000000000000e+00 0.000000000000000000e+00 8.501894642864550905e-15
2.805000000000000000e+03 0.000000000000000000e+00 0.000000000000000000e+00 8.499965871484255895e-15
2.806000000000000000e+03 0.000000000000000000e+00 0.000000000000000000e+00 8.498050645124381267e-15
2.807000000000000000e+03 0.000000000000000000e+00 0.000000000000000000e+00 8.496148951146647988e-15
2.808000000000000000e+03 0.000000000000000000e+00 0.000000000000000000e+00 8.494260712176867949e-15
2.809000000000000000e+03 0.000000000000000000e+00 0.000000000000000000e+00 8.492385916958232690e-15
2.810000000000000000e+03 0.000000000000000000e+00 0.000000000000000000e+00 8.490524484423588549e-15
2.811000000000000000e+03 0.000000000000000000e+00 0.000000000000000000e+00 8.488676389988593441e-15
2.812000000000000000e+03 0.000000000000000000e+00 0.000000000000000000e+00 8.486841557333018444e-15
2.813000000000000000e+03 0.000000000000000000e+00 0.000000000000000000e+00 8.485019948654653716e-15
2.814000000000000000e+03 0.000000000000000000e+00 0.000000000000000000e+00 8.483211475956399754e-15
2.815000000000000000e+03 0.000000000000000000e+00 0.000000000000000000e+00 8.481416101761218335e-15
2.816000000000000000e+03 0.000000000000000000e+00 0.000000000000000000e+00 8.479633733671324155e-15
2.817000000000000000e+03 0.000000000000000000e+00 0.000000000000000000e+00 8.477864326499862106e-15
2.818000000000000000e+03 0.000000000000000000e+00 0.000000000000000000e+00 8.476107777742189366e-15
2.819000000000000000e+03 0.000000000000000000e+00 0.000000000000000000e+00 8.474364038637371345e-15
2.820000000000000000e+03 0.000000000000000000e+00 0.000000000000000000e+00 8.472633002547970269e-15
2.821000000000000000e+03 0.000000000000000000e+00 0.000000000000000000e+00 8.470914618775994132e-15
2.822000000000000000e+03 0.000000000000000000e+00 0.000000000000000000e+00 8.469208770969063203e-15
2.823000000000000000e+03 0.000000000000000000e+00 0.000000000000000000e+00 8.467515399732295341e-15
2.824000000000000000e+03 0.000000000000000000e+00 0.000000000000000000e+00 8.465834391315617792e-15
2.825000000000000000e+03 0.000000000000000000e+00 0.000000000000000000e+00 8.464165675841434961e-15
2.826000000000000000e+03 0.000000000000000000e+00 0.000000000000000000e+00 8.462509133130901059e-15
2.827000000000000000e+03 0.000000000000000000e+00 0.000000000000000000e+00 8.460864694166734836e-15
2.828000000000000000e+03 0.000000000000000000e+00 0.000000000000000000e+00 8.459232229126911226e-15
2.829000000000000000e+03 0.000000000000000000e+00 0.000000000000000000e+00 8.457611662114272144e-15
2.830000000000000000e+03 0.000000000000000000e+00 0.000000000000000000e+00 8.456002858248501226e-15
2.831000000000000000e+03 0.000000000000000000e+00 0.000000000000000000e+00 8.454405738230069104e-15
2.832000000000000000e+03 0.000000000000000000e+00 0.000000000000000000e+00 8.452820164977546583e-15
2.833000000000000000e+03 0.000000000000000000e+00 0.000000000000000000e+00 8.451246049193955473e-15
2.834000000000000000e+03 0.000000000000000000e+00 0.000000000000000000e+00 8.449683252175282249e-15
2.835000000000000000e+03 0.000000000000000000e+00 0.000000000000000000e+00 8.448131680592218363e-15
2.836000000000000000e+03 0.000000000000000000e+00 0.000000000000000000e+00 8.446591187009517882e-15
2.837000000000000000e+03 0.000000000000000000e+00 0.000000000000000000e+00 8.445061668548297638e-15
2.838000000000000000e+03 0.000000000000000000e+00 0.000000000000000000e+00 8.443542973617303728e-15
2.839000000000000000e+03 0.000000000000000000e+00 0.000000000000000000e+00 8.442035001311868905e-15
2.840000000000000000e+03 0.000000000000000000e+00 0.000000000000000000e+00 8.440537590807152347e-15
2.841000000000000000e+03 0.000000000000000000e+00 0.000000000000000000e+00 8.439050640649206116e-15
2.842000000000000000e+03 0.000000000000000000e+00 0.000000000000000000e+00 8.437573985124766666e-15
2.843000000000000000e+03 0.000000000000000000e+00 0.000000000000000000e+00 8.436107516036723550e-15
2.844000000000000000e+03 0.000000000000000000e+00 0.000000000000000000e+00 8.434651063862403912e-15
2.845000000000000000e+03 0.000000000000000000e+00 0.000000000000000000e+00 8.433204517431603614e-15
2.846000000000000000e+03 0.000000000000000000e+00 0.000000000000000000e+00 8.431767704852173543e-15
2.847000000000000000e+03 0.000000000000000000e+00 0.000000000000000000e+00 8.430340506166275180e-15
2.848000000000000000e+03 0.000000000000000000e+00 0.000000000000000000e+00 8.428922747414847598e-15
2.849000000000000000e+03 0.000000000000000000e+00 0.000000000000000000e+00 8.427514296651444377e-15
2.850000000000000000e+03 0.000000000000000000e+00 0.000000000000000000e+00 8.426114979453678183e-15
2.851000000000000000e+03 0.000000000000000000e+00 0.000000000000000000e+00 8.424724663878572007e-15
2.852000000000000000e+03 0.000000000000000000e+00 0.000000000000000000e+00 8.423343168316587733e-15
2.853000000000000000e+03 0.000000000000000000e+00 0.000000000000000000e+00 8.421970358987939378e-15
2.854000000000000000e+03 0.000000000000000000e+00 0.000000000000000000e+00 8.420606049988697296e-15
2.855000000000000000e+03 0.000000000000000000e+00 0.000000000000000000e+00 8.419250099280015794e-15
2.856000000000000000e+03 0.000000000000000000e+00 0.000000000000000000e+00 8.417902318638171427e-15
2.857000000000000000e+03 0.000000000000000000e+00 0.000000000000000000e+00 8.416562568416753767e-15
2.858000000000000000e+03 0.000000000000000000e+00 0.000000000000000000e+00 8.415230658495417383e-15
2.859000000000000000e+03 0.000000000000000000e+00 0.000000000000000000e+00 8.413906442157888908e-15
2.860000000000000000e+03 0.000000000000000000e+00 0.000000000000000000e+00 8.412589727863941122e-15
2.861000000000000000e+03 0.000000000000000000e+00 0.000000000000000000e+00 8.411280365222075007e-15
2.862000000000000000e+03 0.000000000000000000e+00 0.000000000000000000e+00 8.409978168116633808e-15
2.863000000000000000e+03 0.000000000000000000e+00 0.000000000000000000e+00 8.408682976409273436e-15
2.864000000000000000e+03 0.000000000000000000e+00 0.000000000000000000e+00 8.407394599466125258e-15
2.865000000000000000e+03 0.000000000000000000e+00 0.000000000000000000e+00 8.406112885065168499e-15
2.866000000000000000e+03 0.000000000000000000e+00 0.000000000000000000e+00 8.404837633939764583e-15
2.867000000000000000e+03 0.000000000000000000e+00 0.000000000000000000e+00 8.403568696301347190e-15
2.868000000000000000e+03 0.000000000000000000e+00 0.000000000000000000e+00 8.402305875001209922e-15
2.869000000000000000e+03 0.000000000000000000e+00 0.000000000000000000e+00 8.401049014117143645e-15
2.870000000000000000e+03 0.000000000000000000e+00 0.000000000000000000e+00 8.399797916616723211e-15
2.871000000000000000e+03 0.000000000000000000e+00 0.000000000000000000e+00 8.398552431001685642e-15
2.872000000000000000e+03 0.000000000000000000e+00 0.000000000000000000e+00 8.397312352689392824e-15
2.873000000000000000e+03 0.000000000000000000e+00 0.000000000000000000e+00 8.396077537768440490e-15
2.874000000000000000e+03 0.000000000000000000e+00 0.000000000000000000e+00 8.394847777525355107e-15
2.875000000000000000e+03 0.000000000000000000e+00 0.000000000000000000e+00 8.393622925284128342e-15
2.876000000000000000e+03 0.000000000000000000e+00 0.000000000000000000e+00 8.392402782897598862e-15
2.877000000000000000e+03 0.000000000000000000e+00 0.000000000000000000e+00 8.391187195513625260e-15
2.878000000000000000e+03 0.000000000000000000e+00 0.000000000000000000e+00 8.389975954459645907e-15
2.879000000000000000e+03 0.000000000000000000e+00 0.000000000000000000e+00 8.388768915149537492e-15
2.880000000000000000e+03 0.000000000000000000e+00 0.000000000000000000e+00 8.387565871026318184e-15
2.881000000000000000e+03 0.000000000000000000e+00 0.000000000000000000e+00 8.386366673308284281e-15
2.882000000000000000e+03 0.000000000000000000e+00 0.000000000000000000e+00 8.385171122561743286e-15
2.883000000000000000e+03 0.000000000000000000e+00 0.000000000000000000e+00 8.383979067910609970e-15
2.884000000000000000e+03 0.000000000000000000e+00 0.000000000000000000e+00 8.382790305327052096e-15
2.885000000000000000e+03 0.000000000000000000e+00 0.000000000000000000e+00 8.381604689835449435e-15
2.886000000000000000e+03 0.000000000000000000e+00 0.000000000000000000e+00 8.380422021308972124e-15
2.887000000000000000e+03 0.000000000000000000e+00 0.000000000000000000e+00 8.379242156956298981e-15
2.888000000000000000e+03 0.000000000000000000e+00 0.000000000000000000e+00 8.378064897335733729e-15
2.889000000000000000e+03 0.000000000000000000e+00 0.000000000000000000e+00 8.376890100445847922e-15
2.890000000000000000e+03 0.000000000000000000e+00 0.000000000000000000e+00 8.375717574497746454e-15
2.891000000000000000e+03 0.000000000000000000e+00 0.000000000000000000e+00 8.374547176365189359e-15
2.892000000000000000e+03 0.000000000000000000e+00 0.000000000000000000e+00 8.373378717347257033e-15
2.893000000000000000e+03 0.000000000000000000e+00 0.000000000000000000e+00 8.372212053664109853e-15
2.894000000000000000e+03 0.000000000000000000e+00 0.000000000000000000e+00 8.371047005074257017e-15
2.895000000000000000e+03 0.000000000000000000e+00 0.000000000000000000e+00 8.369883426549977190e-15
2.896000000000000000e+03 0.000000000000000000e+00 0.000000000000000000e+00 8.368721141369227280e-15
2.897000000000000000e+03 0.000000000000000000e+00 0.000000000000000000e+00 8.367560009727185698e-15
2.898000000000000000e+03 0.000000000000000000e+00 0.000000000000000000e+00 8.366399849736300815e-15
2.899000000000000000e+03 0.000000000000000000e+00 0.000000000000000000e+00 8.365240536471051376e-15
2.900000000000000000e+03 0.000000000000000000e+00 0.000000000000000000e+00 8.364081886563100745e-15
2.901000000000000000e+03 0.000000000000000000e+00 0.000000000000000000e+00 8.362923781870737024e-15
2.902000000000000000e+03 0.000000000000000000e+00 0.000000000000000000e+00 8.361766036215156718e-15
2.903000000000000000e+03 0.000000000000000000e+00 0.000000000000000000e+00 8.360608542047412210e-15
2.904000000000000000e+03 0.000000000000000000e+00 0.000000000000000000e+00 8.359451118211369501e-15
2.905000000000000000e+03 0.000000000000000000e+00 0.000000000000000000e+00 8.358293655830510112e-15
2.906000000000000000e+03 0.000000000000000000e+00 0.000000000000000000e+00 8.357135987837825230e-15
2.907000000000000000e+03 0.000000000000000000e+00 0.000000000000000000e+00 8.355978006258789402e-15
2.908000000000000000e+03 0.000000000000000000e+00 0.000000000000000000e+00 8.354819549475898591e-15
2.909000000000000000e+03 0.000000000000000000e+00 0.000000000000000000e+00 8.353660516190955978e-15
2.910000000000000000e+03 0.000000000000000000e+00 0.000000000000000000e+00 8.352500747756193823e-15
2.911000000000000000e+03 0.000000000000000000e+00 0.000000000000000000e+00 8.351340145374306325e-15
2.912000000000000000e+03 0.000000000000000000e+00 0.000000000000000000e+00 8.350178558564200376e-15
2.913000000000000000e+03 0.000000000000000000e+00 0.000000000000000000e+00 8.349015895345361805e-15
2.914000000000000000e+03 0.000000000000000000e+00 0.000000000000000000e+00 8.347852009204374401e-15
2.915000000000000000e+03 0.000000000000000000e+00 0.000000000000000000e+00 8.346686812048624964e-15
2.916000000000000000e+03 0.000000000000000000e+00 0.000000000000000000e+00 8.345520164888410835e-15
2.917000000000000000e+03 0.000000000000000000e+00 0.000000000000000000e+00 8.344351987907604461e-15
2.918000000000000000e+03 0.000000000000000000e+00 0.000000000000000000e+00 8.343182146154948794e-15
2.919000000000000000e+03 0.000000000000000000e+00 0.000000000000000000e+00 8.342010570126383343e-15
2.920000000000000000e+03 0.000000000000000000e+00 0.000000000000000000e+00 8.340837133665456186e-15
2.921000000000000000e+03 0.000000000000000000e+00 0.000000000000000000e+00 8.339661771628377713e-15
2.922000000000000000e+03 0.000000000000000000e+00 0.000000000000000000e+00 8.338484362910813677e-15
2.923000000000000000e+03 0.000000000000000000e+00 0.000000000000000000e+00 8.337304858154223176e-15
2.924000000000000000e+03 0.000000000000000000e+00 0.000000000000000000e+00 8.336123138170315705e-15
2.925000000000000000e+03 0.000000000000000000e+00 0.000000000000000000e+00 8.334939162091981673e-15
2.926000000000000000e+03 0.000000000000000000e+00 0.000000000000000000e+00 8.333752817189044507e-15
2.927000000000000000e+03 0.000000000000000000e+00 0.000000000000000000e+00 8.332564074608078826e-15
2.928000000000000000e+03 0.000000000000000000e+00 0.000000000000000000e+00 8.331372831579947791e-15
2.929000000000000000e+03 0.000000000000000000e+00 0.000000000000000000e+00 8.330179065575151558e-15
2.930000000000000000e+03 0.000000000000000000e+00 0.000000000000000000e+00 8.328982678132670996e-15
2.931000000000000000e+03 0.000000000000000000e+00 0.000000000000000000e+00 8.327783657549973881e-15
2.932000000000000000e+03 0.000000000000000000e+00 0.000000000000000000e+00 8.326581913725519629e-15
2.933000000000000000e+03 0.000000000000000000e+00 0.000000000000000000e+00 8.325377447307807126e-15
2.934000000000000000e+03 0.000000000000000000e+00 0.000000000000000000e+00 8.324170172058893534e-15
2.935000000000000000e+03 0.000000000000000000e+00 0.000000000000000000e+00 8.322960102254673170e-15
2.936000000000000000e+03 0.000000000000000000e+00 0.000000000000000000e+00 8.321747160558121162e-15
2.937000000000000000e+03 0.000000000000000000e+00 0.000000000000000000e+00 8.320531368389654141e-15
2.938000000000000000e+03 0.000000000000000000e+00 0.000000000000000000e+00 8.319312659064988610e-15
2.939000000000000000e+03 0.000000000000000000e+00 0.000000000000000000e+00 8.318091060340670415e-15
2.940000000000000000e+03 0.000000000000000000e+00 0.000000000000000000e+00 8.316866516295975037e-15
2.941000000000000000e+03 0.000000000000000000e+00 0.000000000000000000e+00 8.315639065737516846e-15
2.942000000000000000e+03 0.000000000000000000e+00 0.000000000000000000e+00 8.314408665688325700e-15
2.943000000000000000e+03 0.000000000000000000e+00 0.000000000000000000e+00 8.313175367316444264e-15
2.944000000000000000e+03 0.000000000000000000e+00 0.000000000000000000e+00 8.311939135488978671e-15
2.945000000000000000e+03 0.000000000000000000e+00 0.000000000000000000e+00 8.310700027894801538e-15
2.946000000000000000e+03 0.000000000000000000e+00 0.000000000000000000e+00 8.309458021537140730e-15
2.947000000000000000e+03 0.000000000000000000e+00 0.000000000000000000e+00 8.308213185595279549e-15
2.948000000000000000e+03 0.000000000000000000e+00 0.000000000000000000e+00 8.306965503235644140e-15
2.949000000000000000e+03 0.000000000000000000e+00 0.000000000000000000e+00 8.305715057230441593e-15
2.950000000000000000e+03 0.000000000000000000e+00 0.000000000000000000e+00 8.304461848353757449e-15
2.951000000000000000e+03 0.000000000000000000e+00 0.000000000000000000e+00 8.303205965278192802e-15
2.952000000000000000e+03 0.000000000000000000e+00 0.000000000000000000e+00 8.301947416275967139e-15
2.953000000000000000e+03 0.000000000000000000e+00 0.000000000000000000e+00 8.300686299935251349e-15
2.954000000000000000e+03 0.000000000000000000e+00 0.000000000000000000e+00 8.299422635862067780e-15
2.955000000000000000e+03 0.000000000000000000e+00 0.000000000000000000e+00 8.298156533778276680e-15
2.956000000000000000e+03 0.000000000000000000e+00 0.000000000000000000e+00 8.296888024152977336e-15
2.957000000000000000e+03 0.000000000000000000e+00 0.000000000000000000e+00 8.295617224058738461e-15
2.958000000000000000e+03 0.000000000000000000e+00 0.000000000000000000e+00 8.294344171759332417e-15
2.959000000000000000e+03 0.000000000000000000e+00 0.000000000000000000e+00 8.293069002739645944e-15
2.960000000000000000e+03 0.000000000000000000e+00 0.000000000000000000e+00 8.291791762530119363e-15
2.961000000000000000e+03 0.000000000000000000e+00 0.000000000000000000e+00 8.290512590933996539e-15
2.962000000000000000e+03 0.000000000000000000e+00 0.000000000000000000e+00 8.289231552395547830e-15
2.963000000000000000e+03 0.000000000000000000e+00 0.000000000000000000e+00 8.287948792014943556e-15
2.964000000000000000e+03 0.000000000000000000e+00 0.000000000000000000e+00 8.286664384125909416e-15
2.965000000000000000e+03 0.000000000000000000e+00 0.000000000000000000e+00 8.285378496713233934e-15
2.966000000000000000e+03 0.000000000000000000e+00 0.000000000000000000e+00 8.284091210142686653e-15
2.967000000000000000e+03 0.000000000000000000e+00 0.000000000000000000e+00 8.282802696935045743e-15
2.968000000000000000e+03 0.000000000000000000e+00 0.000000000000000000e+00 8.281513060786122951e-15
2.969000000000000000e+03 0.000000000000000000e+00 0.000000000000000000e+00 8.280222484408410155e-15
2.970000000000000000e+03 0.000000000000000000e+00 0.000000000000000000e+00 8.278931089444773278e-15
2.971000000000000000e+03 0.000000000000000000e+00 0.000000000000000000e+00 8.277639065221182706e-15
2.972000000000000000e+03 0.000000000000000000e+00 0.000000000000000000e+00 8.276346546167909660e-15
2.973000000000000000e+03 0.000000000000000000e+00 0.000000000000000000e+00 8.275053726851740882e-15
2.974000000000000000e+03 0.000000000000000000e+00 0.000000000000000000e+00 8.273760758094084075e-15
2.975000000000000000e+03 0.000000000000000000e+00 0.000000000000000000e+00 8.272467845511811863e-15
2.976000000000000000e+03 0.000000000000000000e+00 0.000000000000000000e+00 8.271175138517767158e-15
2.977000000000000000e+03 0.000000000000000000e+00 0.000000000000000000e+00 8.269882862047101610e-15
2.978000000000000000e+03 0.000000000000000000e+00 0.000000000000000000e+00 8.268591168059722755e-15
2.979000000000000000e+03 0.000000000000000000e+00 0.000000000000000000e+00 8.267300297442668351e-15
2.980000000000000000e+03 0.000000000000000000e+00 0.000000000000000000e+00 8.266010409071013252e-15
2.981000000000000000e+03 0.000000000000000000e+00 0.000000000000000000e+00 8.264721752522322398e-15
2.982000000000000000e+03 0.000000000000000000e+00 0.000000000000000000e+00 8.263434502548466659e-15
2.983000000000000000e+03 0.000000000000000000e+00 0.000000000000000000e+00 8.262148920390101734e-15
2.984000000000000000e+03 0.000000000000000000e+00 0.000000000000000000e+00 8.260865194517320215e-15
2.985000000000000000e+03 0.000000000000000000e+00 0.000000000000000000e+00 8.259583588577917433e-15
2.986000000000000000e+03 0.000000000000000000e+00 0.000000000000000000e+00 8.258304306511076594e-15
2.987000000000000000e+03 0.000000000000000000e+00 0.000000000000000000e+00 8.257027630308898624e-15
2.988000000000000000e+03 0.000000000000000000e+00 0.000000000000000000e+00 8.255753763212756149e-15
2.989000000000000000e+03 0.000000000000000000e+00 0.000000000000000000e+00 8.254483005111817313e-15
2.990000000000000000e+03 0.000000000000000000e+00 0.000000000000000000e+00 8.253215569722879120e-15
2.991000000000000000e+03 0.000000000000000000e+00 0.000000000000000000e+00 8.251951757147299097e-15
2.992000000000000000e+03 0.000000000000000000e+00 0.000000000000000000e+00 8.250691799746499192e-15
2.993000000000000000e+03 0.000000000000000000e+00 0.000000000000000000e+00 8.249436000377784035e-15
2.994000000000000000e+03 0.000000000000000000e+00 0.000000000000000000e+00 8.248184601652805406e-15
2.995000000000000000e+03 0.000000000000000000e+00 0.000000000000000000e+00 8.246937920052083985e-15
2.996000000000000000e+03 0.000000000000000000e+00 0.000000000000000000e+00 8.245696198761554400e-15
2.997000000000000000e+03 0.000000000000000000e+00 0.000000000000000000e+00 8.244459767105129664e-15
2.998000000000000000e+03 0.000000000000000000e+00 0.000000000000000000e+00 8.243228869826208270e-15
2.999000000000000000e+03 0.000000000000000000e+00 0.000000000000000000e+00 8.242003844233275632e-15
3.000000000000000000e+03 0.000000000000000000e+00 0.000000000000000000e+00 8.240784943728422157e-15
