3.000000000000000000e+01 0.000000000000000000e+00 0.000000000000000000e+00 2.872390620459167470e-11
3.100000000000000000e+01 0.000000000000000000e+00 0.000000000000000000e+00 2.693938310094127220e-11
3.200000000000000000e+01 0.000000000000000000e+00 0.000000000000000000e+00 2.531730080118567499e-11
3.300000000000000000e+01 0.000000000000000000e+00 0.000000000000000000e+00 2.383851638944793968e-11
3.400000000000000000e+01 0.000000000000000000e+00 0.000000000000000000e+00 2.248662165888456713e-11
3.500000000000000000e+01 0.000000000000000000e+00 0.000000000000000000e+00 2.124749764757932939e-11
3.600000000000000000e+01 0.000000000000000000e+00 0.000000000000000000e+00 2.010893197471468444e-11
3.700000000000000000e+01 0.000000000000000000e+00 0.000000000000000000e+00 1.906032682269422153e-11
3.800000000000000000e+01 0.000000000000000000e+00 0.000000000000000000e+00 1.809244113396838777e-11
3.900000000000000000e+01 0.000000000000000000e+00 0.000000000000000000e+00 1.719719476933964798e-11
4.000000000000000000e+01 0.000000000000000000e+00 0.000000000000000000e+00 1.636749090099664912e-11
4.100000000000000000e+01 0.000000000000000000e+00 0.000000000000000000e+00 1.559708214565199018e-11
4.200000000000000000e+01 0.000000000000000000e+00 0.000000000000000000e+00 1.488044539609897083e-11
4.300000000000000000e+01 0.000000000000000000e+00 0.000000000000000000e+00 1.421268892809958054e-11
4.400000000000000000e+01 0.000000000000000000e+00 0.000000000000000000e+00 1.358946248937765350e-11
4.500000000000000000e+01 0.000000000000000000e+00 0.000000000000000000e+00 1.300689176826927047e-11
4.600000000000000000e+01 0.000000000000000000e+00 0.000000000000000000e+00 1.246151266283500512e-11
4.700000000000000000e+01 0.000000000000000000e+00 0.000000000000000000e+00 1.195022457489920126e-11
4.800000000000000000e+01 0.000000000000000000e+00 0.000000000000000000e+00 1.147024141362065546e-11
4.900000000000000000e+01 0.000000000000000000e+00 0.000000000000000000e+00 1.101905803574542126e-11
5.000000000000000000e+01 0.000000000000000000e+00 0.000000000000000000e+00 1.059441316660359142e-11
5.100000000000000000e+01 0.000000000000000000e+00 0.000000000000000000e+00 1.019426496263078204e-11
5.200000000000000000e+01 0.000000000000000000e+00 0.000000000000000000e+00 9.816762648577986237e-12
5.300000000000000000e+01 0.000000000000000000e+00 0.000000000000000000e+00 9.460228557384724329e-12
5.400000000000000000e+01 0.000000000000000000e+00 0.000000000000000000e+00 9.123136144446227819e-12
5.500000000000000000e+01 0.000000000000000000e+00 0.000000000000000000e+00 8.804096675727334214e-12
5.600000000000000000e+01 0.000000000000000000e+00 0.000000000000000000e+00 8.501841976645668538e-12
5.700000000000000000e+01 0.000000000000000000e+00 0.000000000000000000e+00 8.215214531954913059e-12
5.800000000000000000e+01 0.000000000000000000e+00 0.000000000000000000e+00 7.943153762159153005e-12
5.900000000000000000e+01 0.000000000000000000e+00 0.000000000000000000e+00 7.684688689799834020e-12
6.000000000000000000e+01 0.000000000000000000e+00 0.000000000000000000e+00 7.438926875417713994e-12
6.100000000000000000e+01 0.000000000000000000e+00 0.000000000000000000e+00 7.205048901912587031e-12
6.200000000000000000e+01 0.000000000000000000e+00 0.000000000000000000e+00 6.982299448991374342e-12
6.300000000000000000e+01 0.000000000000000000e+00 0.000000000000000000e+00 6.769983169255546909e-12
6.400000000000000000e+01 0.000000000000000000e+00 0.000000000000000000e+00 6.567457331575776928e-12
6.500000000000000000e+01 0.000000000000000000e+00 0.000000000000000000e+00 6.374128777431281853e-12
6.600000000000000000e+01 0.000000000000000000e+00 0.000000000000000000e+00 6.189447808376906115e-12
6.700000000000000000e+01 0.000000000000000000e+00 0.000000000000000000e+00 6.012905940427546224e-12
6.800000000000000000e+01 0.000000000000000000e+00 0.000000000000000000e+00 5.844030810555642656e-12
6.900000000000000000e+01 0.000000000000000000e+00 0.000000000000000000e+00 5.682384521713512122e-12
7.000000000000000000e+01 0.000000000000000000e+00 0.000000000000000000e+00 5.527559337104423841e-12
7.100000000000000000e+01 0.000000000000000000e+00 0.000000000000000000e+00 5.379176511826461030e-12
7.200000000000000000e+01 0.000000000000000000e+00 0.000000000000000000e+00 5.236882606649842757e-12
7.300000000000000000e+01 0.000000000000000000e+00 0.000000000000000000e+00 5.100348694991344478e-12
7.400000000000000000e+01 0.000000000000000000e+00 0.000000000000000000e+00 4.969267186559922039e-12
7.500000000000000000e+01 0.000000000000000000e+00 0.000000000000000000e+00 4.843351303408883501e-12
7.600000000000000000e+01 0.000000000000000000e+00 0.000000000000000000e+00 4.722332347457657032e-12
7.700000000000000000e+01 0.000000000000000000e+00 0.000000000000000000e+00 4.605959378757270364e-12
7.800000000000000000e+01 0.000000000000000000e+00 0.000000000000000000e+00 4.493996833323777767e-12
7.900000000000000000e+01 0.000000000000000000e+00 0.000000000000000000e+00 4.386224360815569425e-12
8.000000000000000000e+01 0.000000000000000000e+00 0.000000000000000000e+00 4.282434750700066495e-12
8.100000000000000000e+01 0.000000000000000000e+00 0.000000000000000000e+00 4.182433880142443530e-12
8.200000000000000000e+01 0.000000000000000000e+00 0.000000000000000000e+00 4.086038888592260080e-12
8.300000000000000000e+01 0.000000000000000000e+00 0.000000000000000000e+00 3.993078222123227763e-12
8.400000000000000000e+01 0.000000000000000000e+00 0.000000000000000000e+00 3.903390013222264382e-12
8.500000000000000000e+01 0.000000000000000000e+00 0.000000000000000000e+00 3.816822199647903327e-12
8.600000000000000000e+01 0.000000000000000000e+00 0.000000000000000000e+00 3.733231082601977694e-12
8.700000000000000000e+01 0.000000000000000000e+00 0.000000000000000000e+00 3.652481496586421361e-12
8.800000000000000000e+01 0.000000000000000000e+00 0.000000000000000000e+00 3.574445510761954002e-12
8.900000000000000000e+01 0.000000000000000000e+00 0.000000000000000000e+00 3.499002654472014909e-12
9.000000000000000000e+01 0.000000000000000000e+00 0.000000000000000000e+00 3.426038733316148622e-12
9.100000000000000000e+01 0.000000000000000000e+00 0.000000000000000000e+00 3.355446091991631084e-12
9.200000000000000000e+01 0.000000000000000000e+00 0.000000000000000000e+00 3.287122542661813902e-12
9.300000000000000000e+01 0.000000000000000000e+00 0.000000000000000000e+00 3.220971643470794733e-12
9.400000000000000000e+01 0.000000000000000000e+00 0.000000000000000000e+00 3.156901729461810805e-12
9.500000000000000000e+01 0.000000000000000000e+00 0.000000000000000000e+00 3.094826195658933001e-12
9.600000000000000000e+01 0.000000000000000000e+00 0.000000000000000000e+00 3.034662622964689202e-12
9.700000000000000000e+01 0.000000000000000000e+00 0.000000000000000000e+00 2.976333070110333309e-12
9.800000000000000000e+01 0.000000000000000000e+00 0.000000000000000000e+00 2.919763265508080603e-12
9.900000000000000000e+01 0.000000000000000000e+00 0.000000000000000000e+00 2.864882908788589096e-12
1.000000000000000000e+02 0.000000000000000000e+00 0.000000000000000000e+00 2.811624928780662215e-12
1.010000000000000000e+02 0.000000000000000000e+00 0.000000000000000000e+00 2.759925783947582716e-12
1.020000000000000000e+02 0.000000000000000000e+00 0.000000000000000000e+00 2.709724777819282165e-12
1.030000000000000000e+02 0.000000000000000000e+00 0.000000000000000000e+00 2.660964365082556521e-12
1.040000000000000000e+02 0.000000000000000000e+00 0.000000000000000000e+00 2.613589513066778355e-12
1.050000000000000000e+02 0.000000000000000000e+00 0.000000000000000000e+00 2.567548000814832636e-12
1.060000000000000000e+02 0.000000000000000000e+00 0.000000000000000000e+00 2.522789836913620533e-12
1.070000000000000000e+02 0.000000000000000000e+00 0.000000000000000000e+00 2.479267546804127115e-12
1.080000000000000000e+02 0.000000000000000000e+00 0.000000000000000000e+00 2.436935632623039054e-12
1.090000000000000000e+02 0.000000000000000000e+00 0.000000000000000000e+00 2.395750858886589790e-12
1.100000000000000000e+02 0.000000000000000000e+00 0.000000000000000000e+00 2.355671744918135530e-12
1.110000000000000000e+02 0.000000000000000000e+00 0.000000000000000000e+00 2.316658849872138081e-12
1.120000000000000000e+02 0.000000000000000000e+00 0.000000000000000000e+00 2.278674289619238016e-12
1.130000000000000000e+02 0.000000000000000000e+00 0.000000000000000000e+00 2.241682023770226538e-12
1.140000000000000000e+02 0.000000000000000000e+00 0.000000000000000000e+00 2.205647399914489912e-12
1.150000000000000000e+02 0.000000000000000000e+00 0.000000000000000000e+00 2.170537429918910177e-12
1.160000000000000000e+02 0.000000000000000000e+00 0.000000000000000000e+00 2.136320367548807674e-12
1.170000000000000000e+02 0.000000000000000000e+00 0.000000000000000000e+00 2.102965973626248866e-12
1.180000000000000000e+02 0.000000000000000000e+00 0.000000000000000000e+00 2.070445117800132243e-12
1.190000000000000000e+02 0.000000000000000000e+00 0.000000000000000000e+00 2.038730038692599522e-12
1.200000000000000000e+02 0.000000000000000000e+00 0.000000000000000000e+00 2.007793969751503615e-12
1.210000000000000000e+02 0.000000000000000000e+00 0.000000000000000000e+00 1.977611387243649625e-12
1.220000000000000000e+02 0.000000000000000000e+00 0.000000000000000000e+00 1.948157660796399228e-12
1.230000000000000000e+02 0.000000000000000000e+00 0.000000000000000000e+00 1.919409291362083450e-12
1.240000000000000000e+02 0.000000000000000000e+00 0.000000000000000000e+00 1.891343583308052975e-12
1.250000000000000000e+02 0.000000000000000000e+00 0.000000000000000000e+00 1.863938872764981400e-12
1.260000000000000000e+02 0.000000000000000000e+00 0.000000000000000000e+00 1.837174218610497836e-12
1.270000000000000000e+02 0.000000000000000000e+00 0.000000000000000000e+00 1.811029623526881998e-12
1.280000000000000000e+02 0.000000000000000000e+00 0.000000000000000000e+00 1.785485740190141462e-12
1.290000000000000000e+02 0.000000000000000000e+00 0.000000000000000000e+00 1.760524086917836496e-12
1.300000000000000000e+02 0.000000000000000000e+00 0.000000000000000000e+00 1.736126766513624063e-12
1.310000000000000000e+02 0.000000000000000000e+00 0.000000000000000000e+00 1.712276677528715719e-12
1.320000000000000000e+02 0.000000000000000000e+00 0.000000000000000000e+00 1.688957243046523813e-12
1.330000000000000000e+02 0.000000000000000000e+00 0.000000000000000000e+00 1.666152620417163563e-12
1.340000000000000000e+02 0.000000000000000000e+00 0.000000000000000000e+00 1.643847438922593177e-12
1.350000000000000000e+02 0.000000000000000000e+00 0.000000000000000000e+00 1.622027004601128535e-12
1.360000000000000000e+02 0.000000000000000000e+00 0.000000000000000000e+00 1.600677049456365951e-12
1.370000000000000000e+02 0.000000000000000000e+00 0.000000000000000000e+00 1.579783928610981843e-12
1.380000000000000000e+02 0.000000000000000000e+00 0.000000000000000000e+00 1.559334383616330568e-12
1.390000000000000000e+02 0.000000000000000000e+00 0.000000000000000000e+00 1.539315730262456923e-12
1.400000000000000000e+02 0.000000000000000000e+00 0.000000000000000000e+00 1.519715635234002141e-12
1.410000000000000000e+02 0.000000000000000000e+00 0.000000000000000000e+00 1.500522295051843811e-12
1.420000000000000000e+02 0.000000000000000000e+00 0.000000000000000000e+00 1.481724225063310706e-12
1.430000000000000000e+02 0.000000000000000000e+00 0.000000000000000000e+00 1.463310430369088391e-12
1.440000000000000000e+02 0.000000000000000000e+00 0.000000000000000000e+00 1.445270204540669915e-12
1.450000000000000000e+02 0.000000000000000000e+00 0.000000000000000000e+00 1.427593296947168846e-12
1.460000000000000000e+02 0.000000000000000000e+00 0.000000000000000000e+00 1.410269717802291182e-12
1.470000000000000000e+02 0.000000000000000000e+00 0.000000000000000000e+00 1.393289899729987686e-12
1.480000000000000000e+02 0.000000000000000000e+00 0.000000000000000000e+00 1.376644512197631618e-12
1.490000000000000000e+02 0.000000000000000000e+00 0.000000000000000000e+00 1.360324618676515266e-12
1.500000000000000000e+02 0.000000000000000000e+00 0.000000000000000000e+00 1.344321496160605976e-12
1.510000000000000000e+02 0.000000000000000000e+00 0.000000000000000000e+00 1.328626789120649705e-12
1.520000000000000000e+02 0.000000000000000000e+00 0.000000000000000000e+00 1.313232335581990288e-12
1.530000000000000000e+02 0.000000000000000000e+00 0.000000000000000000e+00 1.298130315570762643e-12
1.540000000000000000e+02 0.000000000000000000e+00 0.000000000000000000e+00 1.283313084888463656e-12
1.550000000000000000e+02 0.000000000000000000e+00 0.000000000000000000e+00 1.268773319504101096e-12
1.560000000000000000e+02 0.000000000000000000e+00 0.000000000000000000e+00 1.254503854146336481e-12
1.570000000000000000e+02 0.000000000000000000e+00 0.000000000000000000e+00 1.240497823030257357e-12
1.580000000000000000e+02 0.000000000000000000e+00 0.000000000000000000e+00 1.226748503740438978e-12
1.590000000000000000e+02 0.000000000000000000e+00 0.000000000000000000e+00 1.213249455221003064e-12
1.600000000000000000e+02 0.000000000000000000e+00 0.000000000000000000e+00 1.199994365478277642e-12
1.610000000000000000e+02 0.000000000000000000e+00 0.000000000000000000e+00 1.186977186706333580e-12
1.620000000000000000e+02 0.000000000000000000e+00 0.000000000000000000e+00 1.174191987780081825e-12
1.630000000000000000e+02 0.000000000000000000e+00 0.000000000000000000e+00 1.161633085407187343e-12
1.640000000000000000e+02 0.000000000000000000e+00 0.000000000000000000e+00 1.149294901897625071e-12
1.650000000000000000e+02 0.000000000000000000e+00 0.000000000000000000e+00 1.137172092508249316e-12
1.660000000000000000e+02 0.000000000000000000e+00 0.000000000000000000e+00 1.125259408083172646e-12
1.670000000000000000e+02 0.000000000000000000e+00 0.000000000000000000e+00 1.113551818405904049e-12
1.680000000000000000e+02 0.000000000000000000e+00 0.000000000000000000e+00 1.102044379614671524e-12
1.690000000000000000e+02 0.000000000000000000e+00 0.000000000000000000e+00 1.090732354395188320e-12
1.700000000000000000e+02 0.000000000000000000e+00 0.000000000000000000e+00 1.079611082575527951e-12
1.710000000000000000e+02 0.000000000000000000e+00 0.000000000000000000e+00 1.068676099677738245e-12
1.720000000000000000e+02 0.000000000000000000e+00 0.000000000000000000e+00 1.057923010411016878e-12
1.730000000000000000e+02 0.000000000000000000e+00 0.000000000000000000e+00 1.047347603439284310e-12
1.740000000000000000e+02 0.000000000000000000e+00 0.000000000000000000e+00 1.036945730952213464e-12
1.750000000000000000e+02 0.000000000000000000e+00 0.000000000000000000e+00 1.026713418007167706e-12
1.760000000000000000e+02 0.000000000000000000e+00 0.000000000000000000e+00 1.016646747394797949e-12
1.770000000000000000e+02 0.000000000000000000e+00 0.000000000000000000e+00 1.006741965204568322e-12
1.780000000000000000e+02 0.000000000000000000e+00 0.000000000000000000e+00 9.969953690995090979e-13
1.790000000000000000e+02 0.000000000000000000e+00 0.000000000000000000e+00 9.874034118412849016e-13
1.800000000000000000e+02 0.000000000000000000e+00 0.000000000000000000e+00 9.779625920255900348e-13
1.810000000000000000e+02 0.000000000000000000e+00 0.000000000000000000e+00 9.686695554332979822e-13
1.820000000000000000e+02 0.000000000000000000e+00 0.000000000000000000e+00 9.595209886526437703e-13
1.830000000000000000e+02 0.000000000000000000e+00 0.000000000000000000e+00 9.505137181826886801e-13
1.840000000000000000e+02 0.000000000000000000e+00 0.000000000000000000e+00 9.416446064702762662e-13
1.850000000000000000e+02 0.000000000000000000e+00 0.000000000000000000e+00 9.329106495247391803e-13
1.860000000000000000e+02 0.000000000000000000e+00 0.000000000000000000e+00 9.243088746415176569e-13
1.870000000000000000e+02 0.000000000000000000e+00 0.000000000000000000e+00 9.158364364947681816e-13
1.880000000000000000e+02 0.000000000000000000e+00 0.000000000000000000e+00 9.074905170669891644e-13
1.890000000000000000e+02 0.000000000000000000e+00 0.000000000000000000e+00 8.992684197935699906e-13
1.900000000000000000e+02 0.000000000000000000e+00 0.000000000000000000e+00 8.911674720970495097e-13
1.910000000000000000e+02 0.000000000000000000e+00 0.000000000000000000e+00 8.831851170197194127e-13
1.920000000000000000e+02 0.000000000000000000e+00 0.000000000000000000e+00 8.753188182715756518e-13
1.930000000000000000e+02 0.000000000000000000e+00 0.000000000000000000e+00 8.675661500546649123e-13
1.940000000000000000e+02 0.000000000000000000e+00 0.000000000000000000e+00 8.599247045231419536e-13
1.950000000000000000e+02 0.000000000000000000e+00 0.000000000000000000e+00 8.523921791238138357e-13
1.960000000000000000e+02 0.000000000000000000e+00 0.000000000000000000e+00 8.449662866284849107e-13
1.970000000000000000e+02 0.000000000000000000e+00 0.000000000000000000e+00 8.376448407288311806e-13
1.980000000000000000e+02 0.000000000000000000e+00 0.000000000000000000e+00 8.304256677370209606e-13
1.990000000000000000e+02 0.000000000000000000e+00 0.000000000000000000e+00 8.233066905373290138e-13
2.000000000000000000e+02 0.000000000000000000e+00 0.000000000000000000e+00 8.162858427594162513e-13
2.010000000000000000e+02 0.000000000000000000e+00 0.000000000000000000e+00 8.093611502520495199e-13
2.020000000000000000e+02 0.000000000000000000e+00 0.000000000000000000e+00 8.025306477157653620e-13
2.030000000000000000e+02 0.000000000000000000e+00 0.000000000000000000e+00 7.957924579027302788e-13
2.040000000000000000e+02 0.000000000000000000e+00 0.000000000000000000e+00 7.891447111498796836e-13
2.050000000000000000e+02 0.000000000000000000e+00 0.000000000000000000e+00 7.825856219963355390e-13
2.060000000000000000e+02 0.000000000000000000e+00 0.000000000000000000e+00 7.761134107377061067e-13
2.070000000000000000e+02 0.000000000000000000e+00 0.000000000000000000e+00 7.697263783926076928e-13
2.080000000000000000e+02 0.000000000000000000e+00 0.000000000000000000e+00 7.634228305529918988e-13
2.090000000000000000e+02 0.000000000000000000e+00 0.000000000000000000e+00 7.572011500957474707e-13
2.100000000000000000e+02 0.000000000000000000e+00 0.000000000000000000e+00 7.510597229974120700e-13
2.110000000000000000e+02 0.000000000000000000e+00 0.000000000000000000e+00 7.449970097597328367e-13
2.120000000000000000e+02 0.000000000000000000e+00 0.000000000000000000e+00 7.390114725144308486e-13
2.130000000000000000e+02 0.000000000000000000e+00 0.000000000000000000e+00 7.331016449610122240e-13
2.140000000000000000e+02 0.000000000000000000e+00 0.000000000000000000e+00 7.272660612962245512e-13
2.150000000000000000e+02 0.000000000000000000e+00 0.000000000000000000e+00 7.215033250015036130e-13
2.160000000000000000e+02 0.000000000000000000e+00 0.000000000000000000e+00 7.158120384405749588e-13
2.170000000000000000e+02 0.000000000000000000e+00 0.000000000000000000e+00 7.101908709012328496e-13
2.180000000000000000e+02 0.000000000000000000e+00 0.000000000000000000e+00 7.046384899078621279e-13
2.190000000000000000e+02 0.000000000000000000e+00 0.000000000000000000e+00 6.991536270842763094e-13
2.200000000000000000e+02 0.000000000000000000e+00 0.000000000000000000e+00 6.937350114172452958e-13
2.210000000000000000e+02 0.000000000000000000e+00 0.000000000000000000e+00 6.883814339839962694e-13
2.220000000000000000e+02 0.000000000000000000e+00 0.000000000000000000e+00 6.830916820527316614e-13
2.230000000000000000e+02 0.000000000000000000e+00 0.000000000000000000e+00 6.778646029684447934e-13
2.240000000000000000e+02 0.000000000000000000e+00 0.000000000000000000e+00 6.726990396944661414e-13
2.250000000000000000e+02 0.000000000000000000e+00 0.000000000000000000e+00 6.675938929369099446e-13
2.260000000000000000e+02 0.000000000000000000e+00 0.000000000000000000e+00 6.625480585500212607e-13
2.270000000000000000e+02 0.000000000000000000e+00 0.000000000000000000e+00 6.575604880782108156e-13
2.280000000000000000e+02 0.000000000000000000e+00 0.000000000000000000e+00 6.526301275885384258e-13
2.290000000000000000e+02 0.000000000000000000e+00 0.000000000000000000e+00 6.477559770700144922e-13
2.300000000000000000e+02 0.000000000000000000e+00 0.000000000000000000e+00 6.429370304562353714e-13
2.310000000000000000e+02 0.000000000000000000e+00 0.000000000000000000e+00 6.381723339995485871e-13
2.320000000000000000e+02 0.000000000000000000e+00 0.000000000000000000e+00 6.334609270008057486e-13
2.330000000000000000e+02 0.000000000000000000e+00 0.000000000000000000e+00 6.288018997624248754e-13
2.340000000000000000e+02 0.000000000000000000e+00 0.000000000000000000e+00 6.241943351044950119e-13
2.350000000000000000e+02 0.000000000000000000e+00 0.000000000000000000e+00 6.196373650495634736e-13
2.360000000000000000e+02 0.000000000000000000e+00 0.000000000000000000e+00 6.151301138949676940e-13
2.370000000000000000e+02 0.000000000000000000e+00 0.000000000000000000e+00 6.106717535321072220e-13
2.380000000000000000e+02 0.000000000000000000e+00 0.000000000000000000e+00 6.062614479149231567e-13
2.390000000000000000e+02 0.000000000000000000e+00 0.000000000000000000e+00 6.018984069602909436e-13
2.400000000000000000e+02 0.000000000000000000e+00 0.000000000000000000e+00 5.975818324172802948e-13
2.410000000000000000e+02 0.000000000000000000e+00 0.000000000000000000e+00 5.933109705540435324e-13
2.420000000000000000e+02 0.000000000000000000e+00 0.000000000000000000e+00 5.890850592644561187e-13
2.430000000000000000e+02 0.000000000000000000e+00 0.000000000000000000e+00 5.849033793052036609e-13
2.440000000000000000e+02 0.000000000000000000e+00 0.000000000000000000e+00 5.807652031304544401e-13
2.450000000000000000e+02 0.000000000000000000e+00 0.000000000000000000e+00 5.766698447330949857e-13
2.460000000000000000e+02 0.000000000000000000e+00 0.000000000000000000e+00 5.726166093436994121e-13
2.470000000000000000e+02 0.000000000000000000e+00 0.000000000000000000e+00 5.686048427132341049e-13
2.480000000000000000e+02 0.000000000000000000e+00 0.000000000000000000e+00 5.646338815218625283e-13
2.490000000000000000e+02 0.000000000000000000e+00 0.000000000000000000e+00 5.607031018586059681e-13
2.500000000000000000e+02 0.000000000000000000e+00 0.000000000000000000e+00 5.568118704502381398e-13
2.510000000000000000e+02 0.000000000000000000e+00 0.000000000000000000e+00 5.529595922756608889e-13
2.520000000000000000e+02 0.000000000000000000e+00 0.000000000000000000e+00 5.491456629415917209e-13
2.530000000000000000e+02 0.000000000000000000e+00 0.000000000000000000e+00 5.453695149907229658e-13
2.540000000000000000e+02 0.000000000000000000e+00 0.000000000000000000e+00 5.416305714217708719e-13
2.550000000000000000e+02 0.000000000000000000e+00 0.000000000000000000e+00 5.379282914603454201e-13
2.560000000000000000e+02 0.000000000000000000e+00 0.000000000000000000e+00 5.342621242422974116e-13
2.570000000000000000e+02 0.000000000000000000e+00 0.000000000000000000e+00 5.306315541728773070e-13
2.580000000000000000e+02 0.000000000000000000e+00 0.000000000000000000e+00 5.270360555164609274e-13
2.590000000000000000e+02 0.000000000000000000e+00 0.000000000000000000e+00 5.234751367828341333e-13
2.600000000000000000e+02 0.000000000000000000e+00 0.000000000000000000e+00 5.199482961700780827e-13
2.610000000000000000e+02 0.000000000000000000e+00 0.000000000000000000e+00 5.164550652838284694e-13
2.620000000000000000e+02 0.000000000000000000e+00 0.000000000000000000e+00 5.129949651884204513e-13
2.630000000000000000e+02 0.000000000000000000e+00 0.000000000000000000e+00 5.095675493439439095e-13
2.640000000000000000e+02 0.000000000000000000e+00 0.000000000000000000e+00 5.061723606616556148e-13
2.650000000000000000e+02 0.000000000000000000e+00 0.000000000000000000e+00 5.028089735155847778e-13
2.660000000000000000e+02 0.000000000000000000e+00 0.000000000000000000e+00 4.994769516126127012e-13
2.670000000000000000e+02 0.000000000000000000e+00 0.000000000000000000e+00 4.961758892623767162e-13
2.680000000000000000e+02 0.000000000000000000e+00 0.000000000000000000e+00 4.929053699115487047e-13
2.690000000000000000e+02 0.000000000000000000e+00 0.000000000000000000e+00 4.896650068665116023e-13
2.700000000000000000e+02 0.000000000000000000e+00 0.000000000000000000e+00 4.864544024243095904e-13
2.710000000000000000e+02 0.000000000000000000e+00 0.000000000000000000e+00 4.832731877565793110e-13
2.720000000000000000e+02 0.000000000000000000e+00 0.000000000000000000e+00 4.801209830466134086e-13
2.730000000000000000e+02 0.000000000000000000e+00 0.000000000000000000e+00 4.769974364605149026e-13
2.740000000000000000e+02 0.000000000000000000e+00 0.000000000000000000e+00 4.739021851836279965e-13
2.750000000000000000e+02 0.000000000000000000e+00 0.000000000000000000e+00 4.708348934876750187e-13
2.760000000000000000e+02 0.000000000000000000e+00 0.000000000000000000e+00 4.677952145881599505e-13
2.770000000000000000e+02 0.000000000000000000e+00 0.000000000000000000e+00 4.647828280260608194e-13
2.780000000000000000e+02 0.000000000000000000e+00 0.000000000000000000e+00 4.617974021138317067e-13
2.790000000000000000e+02 0.000000000000000000e+00 0.000000000000000000e+00 4.588386307364012244e-13
2.800000000000000000e+02 0.000000000000000000e+00 0.000000000000000000e+00 4.559061964114063115e-13
2.810000000000000000e+02 0.000000000000000000e+00 0.000000000000000000e+00 4.529998066286943084e-13
2.820000000000000000e+02 0.000000000000000000e+00 0.000000000000000000e+00 4.501191572656869378e-13
2.830000000000000000e+02 0.000000000000000000e+00 0.000000000000000000e+00 4.472639684820044610e-13
2.840000000000000000e+02 0.000000000000000000e+00 0.000000000000000000e+00 4.444339487564359973e-13
2.850000000000000000e+02 0.000000000000000000e+00 0.000000000000000000e+00 4.416288300720251751e-13
2.860000000000000000e+02 0.000000000000000000e+00 0.000000000000000000e+00 4.388483327089751353e-13
2.870000000000000000e+02 0.000000000000000000e+00 0.000000000000000000e+00 4.360921996133872932e-13
2.880000000000000000e+02 0.000000000000000000e+00 0.000000000000000000e+00 4.333601621145292161e-13
2.890000000000000000e+02 0.000000000000000000e+00 0.000000000000000000e+00 4.306519734142200113e-13
2.900000000000000000e+02 0.000000000000000000e+00 0.000000000000000000e+00 4.279673750779820608e-13
2.910000000000000000e+02 0.000000000000000000e+00 0.000000000000000000e+00 4.253061298145412597e-13
2.920000000000000000e+02 0.000000000000000000e+00 0.000000000000000000e+00 4.226679886983663558e-13
2.930000000000000000e+02 0.000000000000000000e+00 0.000000000000000000e+00 4.200527232923844491e-13
2.940000000000000000e+02 0.000000000000000000e+00 0.000000000000000000e+00 4.174600934270368355e-13
2.950000000000000000e+02 0.000000000000000000e+00 0.000000000000000000e+00 4.148898787962281304e-13
2.960000000000000000e+02 0.000000000000000000e+00 0.000000000000000000e+00 4.123418473741940019e-13
2.970000000000000000e+02 0.000000000000000000e+00 0.000000000000000000e+00 4.098157862806163815e-13
2.980000000000000000e+02 0.000000000000000000e+00 0.000000000000000000e+00 4.073114710075264925e-13
2.990000000000000000e+02 0.000000000000000000e+00 0.000000000000000000e+00 4.048286955368153946e-13
3.000000000000000000e+02 0.000000000000000000e+00 0.000000000000000000e+00 4.023672421409936627e-13
3.010000000000000000e+02 0.000000000000000000e+00 0.000000000000000000e+00 3.999269111720398100e-13
3.020000000000000000e+02 0.000000000000000000e+00 0.000000000000000000e+00 3.975074910946318987e-13
3.030000000000000000e+02 0.000000000000000000e+00 0.000000000000000000e+00 3.951087879509620441e-13
3.040000000000000000e+02 0.000000000000000000e+00 0.000000000000000000e+00 3.927305959390432436e-13
3.050000000000000000e+02 0.000000000000000000e+00 0.000000000000000000e+00 3.903727263811881494e-13
3.060000000000000000e+02 0.000000000000000000e+00 0.000000000000000000e+00 3.880349786436412439e-13
3.070000000000000000e+02 0.000000000000000000e+00 0.000000000000000000e+00 3.857171687941994627e-13
3.080000000000000000e+02 0.000000000000000000e+00 0.000000000000000000e+00 3.834191009713099998e-13
3.090000000000000000e+02 0.000000000000000000e+00 0.000000000000000000e+00 3.811405955043255973e-13
3.100000000000000000e+02 0.000000000000000000e+00 0.000000000000000000e+00 3.788814609024012003e-13
3.110000000000000000e+02 0.000000000000000000e+00 0.000000000000000000e+00 3.766415214029134929e-13
3.120000000000000000e+02 0.000000000000000000e+00 0.000000000000000000e+00 3.744205894508286534e-13
3.130000000000000000e+02 0.000000000000000000e+00 0.000000000000000000e+00 3.722184927972527668e-13
3.140000000000000000e+02 0.000000000000000000e+00 0.000000000000000000e+00 3.700350474632812437e-13
3.150000000000000000e+02 0.000000000000000000e+00 0.000000000000000000e+00 3.678700844496636777e-13
3.160000000000000000e+02 0.000000000000000000e+00 0.000000000000000000e+00 3.657234231388285652e-13
3.170000000000000000e+02 0.000000000000000000e+00 0.000000000000000000e+00 3.635948973896823069e-13
3.180000000000000000e+02 0.000000000000000000e+00 0.000000000000000000e+00 3.614843296219889675e-13
3.190000000000000000e+02 0.000000000000000000e+00 0.000000000000000000e+00 3.593915564008832530e-13
3.200000000000000000e+02 0.000000000000000000e+00 0.000000000000000000e+00 3.573164029853998722e-13
3.210000000000000000e+02 0.000000000000000000e+00 0.000000000000000000e+00 3.552587084507672363e-13
3.220000000000000000e+02 0.000000000000000000e+00 0.000000000000000000e+00 3.532183006699747065e-13
3.230000000000000000e+02 0.000000000000000000e+00 0.000000000000000000e+00 3.511950210751841135e-13
3.240000000000000000e+02 0.000000000000000000e+00 0.000000000000000000e+00 3.491887000379354058e-13
3.250000000000000000e+02 0.000000000000000000e+00 0.000000000000000000e+00 3.471991812061787709e-13
3.260000000000000000e+02 0.000000000000000000e+00 0.000000000000000000e+00 3.452262972728404694e-13
3.270000000000000000e+02 0.000000000000000000e+00 0.000000000000000000e+00 3.432698939795926019e-13
3.280000000000000000e+02 0.000000000000000000e+00 0.000000000000000000e+00 3.413298062904448202e-13
3.290000000000000000e+02 0.000000000000000000e+00 0.000000000000000000e+00 3.394058820016388480e-13
3.300000000000000000e+02 0.000000000000000000e+00 0.000000000000000000e+00 3.374979582784852695e-13
3.310000000000000000e+02 0.000000000000000000e+00 0.000000000000000000e+00 3.356058849141238680e-13
3.320000000000000000e+02 0.000000000000000000e+00 0.000000000000000000e+00 3.337295012210793319e-13
3.330000000000000000e+02 0.000000000000000000e+00 0.000000000000000000e+00 3.318686589726721153e-13
3.340000000000000000e+02 0.000000000000000000e+00 0.000000000000000000e+00 3.300231995808100897e-13
3.350000000000000000e+02 0.000000000000000000e+00 0.000000000000000000e+00 3.281929768173623436e-13
3.360000000000000000e+02 0.000000000000000000e+00 0.000000000000000000e+00 3.263778342662527405e-13
3.370000000000000000e+02 0.000000000000000000e+00 0.000000000000000000e+00 3.245776276444405377e-13
3.380000000000000000e+02 0.000000000000000000e+00 0.000000000000000000e+00 3.227922027322310176e-13
3.390000000000000000e+02 0.000000000000000000e+00 0.000000000000000000e+00 3.210214172150729121e-13
3.400000000000000000e+02 0.000000000000000000e+00 0.000000000000000000e+00 3.192651191239075696e-13
3.410000000000000000e+02 0.000000000000000000e+00 0.000000000000000000e+00 3.175231681556960296e-13
3.420000000000000000e+02 0.000000000000000000e+00 0.000000000000000000e+00 3.157954146193265506e-13
3.430000000000000000e+02 0.000000000000000000e+00 0.000000000000000000e+00 3.140817203122648251e-13
3.440000000000000000e+02 0.000000000000000000e+00 0.000000000000000000e+00 3.123819378456780262e-13
3.450000000000000000e+02 0.000000000000000000e+00 0.000000000000000000e+00 3.106959311739528523e-13
3.460000000000000000e+02 0.000000000000000000e+00 0.000000000000000000e+00 3.090235552288608446e-13
3.470000000000000000e+02 0.000000000000000000e+00 0.000000000000000000e+00 3.073646762258321275e-13
3.480000000000000000e+02 0.000000000000000000e+00 0.000000000000000000e+00 3.057191514939003011e-13
3.490000000000000000e+02 0.000000000000000000e+00 0.000000000000000000e+00 3.040868495326058650e-13
3.500000000000000000e+02 0.000000000000000000e+00 0.000000000000000000e+00 3.024676301297481639e-13
3.510000000000000000e+02 0.000000000000000000e+00 0.000000000000000000e+00 3.008613641539717387e-13
3.520000000000000000e+02 0.000000000000000000e+00 0.000000000000000000e+00 2.992679139142632198e-13
3.530000000000000000e+02 0.000000000000000000e+00 0.000000000000000000e+00 2.976871526910128448e-13
3.540000000000000000e+02 0.000000000000000000e+00 0.000000000000000000e+00 2.961189453709336676e-13
3.550000000000000000e+02 0.000000000000000000e+00 0.000000000000000000e+00 2.945631677107120026e-13
3.560000000000000000e+02 0.000000000000000000e+00 0.000000000000000000e+00 2.930196872569948629e-13
3.570000000000000000e+02 0.000000000000000000e+00 0.000000000000000000e+00 2.914883823100049217e-13
3.580000000000000000e+02 0.000000000000000000e+00 0.000000000000000000e+00 2.899691230711401459e-13
3.590000000000000000e+02 0.000000000000000000e+00 0.000000000000000000e+00 2.884617904169652759e-13
3.600000000000000000e+02 0.000000000000000000e+00 0.000000000000000000e+00 2.869662573297545355e-13
3.610000000000000000e+02 0.000000000000000000e+00 0.000000000000000000e+00 2.854824072640573807e-13
3.620000000000000000e+02 0.000000000000000000e+00 0.000000000000000000e+00 2.840101159627026290e-13
3.630000000000000000e+02 0.000000000000000000e+00 0.000000000000000000e+00 2.825492695742728835e-13
3.640000000000000000e+02 0.000000000000000000e+00 0.000000000000000000e+00 2.810997466269845437e-13
3.650000000000000000e+02 0.000000000000000000e+00 0.000000000000000000e+00 2.796614359247391465e-13
3.660000000000000000e+02 0.000000000000000000e+00 0.000000000000000000e+00 2.782342187975980028e-13
3.670000000000000000e+02 0.000000000000000000e+00 0.000000000000000000e+00 2.768179867761935636e-13
3.680000000000000000e+02 0.000000000000000000e+00 0.000000000000000000e+00 2.754126240279190288e-13
3.690000000000000000e+02 0.000000000000000000e+00 0.000000000000000000e+00 2.740180247621748692e-13
3.700000000000000000e+02 0.000000000000000000e+00 0.000000000000000000e+00 2.726340760067204575e-13
3.710000000000000000e+02 0.000000000000000000e+00 0.000000000000000000e+00 2.712606746852174713e-13
3.720000000000000000e+02 0.000000000000000000e+00 0.000000000000000000e+00 2.698977106261647295e-13
3.730000000000000000e+02 0.000000000000000000e+00 0.000000000000000000e+00 2.685450834514065408e-13
3.740000000000000000e+02 0.000000000000000000e+00 0.000000000000000000e+00 2.672026858186029833e-13
3.750000000000000000e+02 0.000000000000000000e+00 0.000000000000000000e+00 2.658704200494890257e-13
3.760000000000000000e+02 0.000000000000000000e+00 0.000000000000000000e+00 2.645481815874563976e-13
3.770000000000000000e+02 0.000000000000000000e+00 0.000000000000000000e+00 2.632358754109137721e-13
3.780000000000000000e+02 0.000000000000000000e+00 0.000000000000000000e+00 2.619333997226864066e-13
3.790000000000000000e+02 0.000000000000000000e+00 0.000000000000000000e+00 2.606406621110732135e-13
3.800000000000000000e+02 0.000000000000000000e+00 0.000000000000000000e+00 2.593575635293103782e-13
3.810000000000000000e+02 0.000000000000000000e+00 0.000000000000000000e+00 2.580840141707614448e-13
3.820000000000000000e+02 0.000000000000000000e+00 0.000000000000000000e+00 2.568199176706126687e-13
3.830000000000000000e+02 0.000000000000000000e+00 0.000000000000000000e+00 2.555651867644984938e-13
3.840000000000000000e+02 0.000000000000000000e+00 0.000000000000000000e+00 2.543197277632150758e-13
3.850000000000000000e+02 0.000000000000000000e+00 0.000000000000000000e+00 2.530834558941274467e-13
3.860000000000000000e+02 0.000000000000000000e+00 0.000000000000000000e+00 2.518562800347252405e-13
3.870000000000000000e+02 0.000000000000000000e+00 0.000000000000000000e+00 2.506381178983572322e-13
3.880000000000000000e+02 0.000000000000000000e+00 0.000000000000000000e+00 2.494288808934318808e-13
3.890000000000000000e+02 0.000000000000000000e+00 0.000000000000000000e+00 2.482284891175662067e-13
3.900000000000000000e+02 0.000000000000000000e+00 0.000000000000000000e+00 2.470368564622759095e-13
3.910000000000000000e+02 0.000000000000000000e+00 0.000000000000000000e+00 2.458539053488727938e-13
3.920000000000000000e+02 0.000000000000000000e+00 0.000000000000000000e+00 2.446795520608012620e-13
3.930000000000000000e+02 0.000000000000000000e+00 0.000000000000000000e+00 2.435137213040644994e-13
3.940000000000000000e+02 0.000000000000000000e+00 0.000000000000000000e+00 2.423563317071246663e-13
3.950000000000000000e+02 0.000000000000000000e+00 0.000000000000000000e+00 2.412073101505257489e-13
3.960000000000000000e+02 0.000000000000000000e+00 0.000000000000000000e+00 2.400665775280317689e-13
3.970000000000000000e+02 0.000000000000000000e+00 0.000000000000000000e+00 2.389340628707542203e-13
3.980000000000000000e+02 0.000000000000000000e+00 0.000000000000000000e+00 2.378096892480796120e-13
3.990000000000000000e+02 0.000000000000000000e+00 0.000000000000000000e+00 2.366933877305532311e-13
4.000000000000000000e+02 0.000000000000000000e+00 0.000000000000000000e+00 2.355850835352630933e-13
4.010000000000000000e+02 0.000000000000000000e+00 0.000000000000000000e+00 2.344847097139540367e-13
4.020000000000000000e+02 0.000000000000000000e+00 0.000000000000000000e+00 2.333921935181712558e-13
4.030000000000000000e+02 0.000000000000000000e+00 0.000000000000000000e+00 2.323074698887073624e-13
4.040000000000000000e+02 0.000000000000000000e+00 0.000000000000000000e+00 2.312304680369271790e-13
4.050000000000000000e+02 0.000000000000000000e+00 0.000000000000000000e+00 2.301611247557458879e-13
4.060000000000000000e+02 0.000000000000000000e+00 0.000000000000000000e+00 2.290993711440496077e-13
4.070000000000000000e+02 0.000000000000000000e+00 0.000000000000000000e+00 2.280451457319551372e-13
4.080000000000000000e+02 0.000000000000000000e+00 0.000000000000000000e+00 2.269983814239778242e-13
4.090000000000000000e+02 0.000000000000000000e+00 0.000000000000000000e+00 2.259590184182839818e-13
4.100000000000000000e+02 0.000000000000000000e+00 0.000000000000000000e+00 2.249269913628626874e-13
4.110000000000000000e+02 0.000000000000000000e+00 0.000000000000000000e+00 2.239022420846248054e-13
4.120000000000000000e+02 0.000000000000000000e+00 0.000000000000000000e+00 2.228847068830972231e-13
4.130000000000000000e+02 0.000000000000000000e+00 0.000000000000000000e+00 2.218743291177285560e-13
4.140000000000000000e+02 0.000000000000000000e+00 0.000000000000000000e+00 2.208710466809700001e-13
4.150000000000000000e+02 0.000000000000000000e+00 0.000000000000000000e+00 2.198748043871619964e-13
4.160000000000000000e+02 0.000000000000000000e+00 0.000000000000000000e+00 2.188855416589820411e-13
4.170000000000000000e+02 0.000000000000000000e+00 0.000000000000000000e+00 2.179032047278948205e-13
4.180000000000000000e+02 0.000000000000000000e+00 0.000000000000000000e+00 2.169277344361144759e-13
4.190000000000000000e+02 0.000000000000000000e+00 0.000000000000000000e+00 2.159590783726306009e-13
4.200000000000000000e+02 0.000000000000000000e+00 0.000000000000000000e+00 2.149971787485069802e-13
4.210000000000000000e+02 0.000000000000000000e+00 0.000000000000000000e+00 2.140419844171141906e-13
4.220000000000000000e+02 0.000000000000000000e+00 0.000000000000000000e+00 2.130934389142215844e-13
4.230000000000000000e+02 0.000000000000000000e+00 0.000000000000000000e+00 2.121514922844088362e-13
4.240000000000000000e+02 0.000000000000000000e+00 0.000000000000000000e+00 2.112160893249620474e-13
4.250000000000000000e+02 0.000000000000000000e+00 0.000000000000000000e+00 2.102871812381268675e-13
4.260000000000000000e+02 0.000000000000000000e+00 0.000000000000000000e+00 2.093647140183572608e-13
4.270000000000000000e+02 0.000000000000000000e+00 0.000000000000000000e+00 2.084486399665321309e-13
4.280000000000000000e+02 0.000000000000000000e+00 0.000000000000000000e+00 2.075389062101657220e-13
4.290000000000000000e+02 0.000000000000000000e+00 0.000000000000000000e+00 2.066354660807360003e-13
4.300000000000000000e+02 0.000000000000000000e+00 0.000000000000000000e+00 2.057382677871696935e-13
4.310000000000000000e+02 0.000000000000000000e+00 0.000000000000000000e+00 2.048472656736043253e-13
4.320000000000000000e+02 0.000000000000000000e+00 0.000000000000000000e+00 2.039624089691187441e-13
4.330000000000000000e+02 0.000000000000000000e+00 0.000000000000000000e+00 2.030836529513845814e-13
4.340000000000000000e+02 0.000000000000000000e+00 0.000000000000000000e+00 2.022109478342699514e-13
4.350000000000000000e+02 0.000000000000000000e+00 0.000000000000000000e+00 2.013442497873751098e-13
4.360000000000000000e+02 0.000000000000000000e+00 0.000000000000000000e+00 2.004835099498995390e-13
4.370000000000000000e+02 0.000000000000000000e+00 0.000000000000000000e+00 1.996286853539302144e-13
4.380000000000000000e+02 0.000000000000000000e+00 0.000000000000000000e+00 1.987797280248450146e-13
4.390000000000000000e+02 0.000000000000000000e+00 0.000000000000000000e+00 1.979365958066887589e-13
4.400000000000000000e+02 0.000000000000000000e+00 0.000000000000000000e+00 1.970992415913701126e-13
4.410000000000000000e+02 0.000000000000000000e+00 0.000000000000000000e+00 1.962676239704941832e-13
4.420000000000000000e+02 0.000000000000000000e+00 0.000000000000000000e+00 1.954416966816121686e-13
4.430000000000000000e+02 0.000000000000000000e+00 0.000000000000000000e+00 1.946214190375199018e-13
4.440000000000000000e+02 0.000000000000000000e+00 0.000000000000000000e+00 1.938067455593746372e-13
4.450000000000000000e+02 0.000000000000000000e+00 0.000000000000000000e+00 1.929976362624317402e-13
4.460000000000000000e+02 0.000000000000000000e+00 0.000000000000000000e+00 1.921940464022674922e-13
4.470000000000000000e+02 0.000000000000000000e+00 0.000000000000000000e+00 1.913959366780104454e-13
4.480000000000000000e+02 0.000000000000000000e+00 0.000000000000000000e+00 1.906032630518382489e-13
4.490000000000000000e+02 0.000000000000000000e+00 0.000000000000000000e+00 1.898159868644357198e-13
4.500000000000000000e+02 0.000000000000000000e+00 0.000000000000000000e+00 1.890340647560683776e-13
4.510000000000000000e+02 0.000000000000000000e+00 0.000000000000000000e+00 1.882574586820511716e-13
4.520000000000000000e+02 0.000000000000000000e+00 0.000000000000000000e+00 1.874861259369976504e-13
4.530000000000000000e+02 0.000000000000000000e+00 0.000000000000000000e+00 1.867200290602199246e-13
4.540000000000000000e+02 0.000000000000000000e+00 0.000000000000000000e+00 1.859591259826526741e-13
4.550000000000000000e+02 0.000000000000000000e+00 0.000000000000000000e+00 1.852033797937490027e-13
4.560000000000000000e+02 0.000000000000000000e+00 0.000000000000000000e+00 1.844527490278728567e-13
4.570000000000000000e+02 0.000000000000000000e+00 0.000000000000000000e+00 1.837071973030898012e-13
4.580000000000000000e+02 0.000000000000000000e+00 0.000000000000000000e+00 1.829666837372101802e-13
4.590000000000000000e+02 0.000000000000000000e+00 0.000000000000000000e+00 1.822311724674129485e-13
4.600000000000000000e+02 0.000000000000000000e+00 0.000000000000000000e+00 1.815006231724575947e-13
4.610000000000000000e+02 0.000000000000000000e+00 0.000000000000000000e+00 1.807750004690630351e-13
4.620000000000000000e+02 0.000000000000000000e+00 0.000000000000000000e+00 1.800542645827375485e-13
4.630000000000000000e+02 0.000000000000000000e+00 0.000000000000000000e+00 1.793383805944783434e-13
4.640000000000000000e+02 0.000000000000000000e+00 0.000000000000000000e+00 1.786273092610731665e-13
4.650000000000000000e+02 0.000000000000000000e+00 0.000000000000000000e+00 1.779210161147530913e-13
4.660000000000000000e+02 0.000000000000000000e+00 0.000000000000000000e+00 1.772194624049020417e-13
4.670000000000000000e+02 0.000000000000000000e+00 0.000000000000000000e+00 1.765226141051875063e-13
4.680000000000000000e+02 0.000000000000000000e+00 0.000000000000000000e+00 1.758304329386525321e-13
4.690000000000000000e+02 0.000000000000000000e+00 0.000000000000000000e+00 1.751428853144050483e-13
4.700000000000000000e+02 0.000000000000000000e+00 0.000000000000000000e+00 1.744599334085972600e-13
4.710000000000000000e+02 0.000000000000000000e+00 0.000000000000000000e+00 1.737815440367543976e-13
4.720000000000000000e+02 0.000000000000000000e+00 0.000000000000000000e+00 1.731076798254135152e-13
4.730000000000000000e+02 0.000000000000000000e+00 0.000000000000000000e+00 1.724383079763836472e-13
4.740000000000000000e+02 0.000000000000000000e+00 0.000000000000000000e+00 1.717733915587813911e-13
4.750000000000000000e+02 0.000000000000000000e+00 0.000000000000000000e+00 1.711128981543835736e-13
4.760000000000000000e+02 0.000000000000000000e+00 0.000000000000000000e+00 1.704567912500788944e-13
4.770000000000000000e+02 0.000000000000000000e+00 0.000000000000000000e+00 1.698050388079695727e-13
4.780000000000000000e+02 0.000000000000000000e+00 0.000000000000000000e+00 1.691576047264171351e-13
4.790000000000000000e+02 0.000000000000000000e+00 0.000000000000000000e+00 1.685144573083409942e-13
4.800000000000000000e+02 0.000000000000000000e+00 0.000000000000000000e+00 1.678755608685996514e-13
4.810000000000000000e+02 0.000000000000000000e+00 0.000000000000000000e+00 1.672408840543944405e-13
4.820000000000000000e+02 0.000000000000000000e+00 0.000000000000000000e+00 1.666103915660472768e-13
4.830000000000000000e+02 0.000000000000000000e+00 0.000000000000000000e+00 1.659840524000703846e-13
4.840000000000000000e+02 0.000000000000000000e+00 0.000000000000000000e+00 1.653618316301701306e-13
4.850000000000000000e+02 0.000000000000000000e+00 0.000000000000000000e+00 1.647436985856595913e-13
4.860000000000000000e+02 0.000000000000000000e+00 0.000000000000000000e+00 1.641296187092626528e-13
4.870000000000000000e+02 0.000000000000000000e+00 0.000000000000000000e+00 1.635195616685364092e-13
4.880000000000000000e+02 0.000000000000000000e+00 0.000000000000000000e+00 1.629134932635380372e-13
4.890000000000000000e+02 0.000000000000000000e+00 0.000000000000000000e+00 1.623113834763951471e-13
4.900000000000000000e+02 0.000000000000000000e+00 0.000000000000000000e+00 1.617131984753404870e-13
4.910000000000000000e+02 0.000000000000000000e+00 0.000000000000000000e+00 1.611189085600740961e-13
4.920000000000000000e+02 0.000000000000000000e+00 0.000000000000000000e+00 1.605284802637293218e-13
4.930000000000000000e+02 0.000000000000000000e+00 0.000000000000000000e+00 1.599418841888522780e-13
4.940000000000000000e+02 0.000000000000000000e+00 0.000000000000000000e+00 1.593590872192051429e-13
4.950000000000000000e+02 0.000000000000000000e+00 0.000000000000000000e+00 1.587800602698224336e-13
4.960000000000000000e+02 0.000000000000000000e+00 0.000000000000000000e+00 1.582047705686101927e-13
4.970000000000000000e+02 0.000000000000000000e+00 0.000000000000000000e+00 1.576331893380512387e-13
4.980000000000000000e+02 0.000000000000000000e+00 0.000000000000000000e+00 1.570652841497194860e-13
4.990000000000000000e+02 0.000000000000000000e+00 0.000000000000000000e+00 1.565010265317178917e-13
5.000000000000000000e+02 0.000000000000000000e+00 0.000000000000000000e+00 1.559403843993909074e-13
5.010000000000000000e+02 0.000000000000000000e+00 0.000000000000000000e+00 1.553833295858359927e-13
5.020000000000000000e+02 0.000000000000000000e+00 0.000000000000000000e+00 1.548298303576175584e-13
5.030000000000000000e+02 0.000000000000000000e+00 0.000000000000000000e+00 1.542798588461001605e-13
5.040000000000000000e+02 0.000000000000000000e+00 0.000000000000000000e+00 1.537333836656046026e-13
5.050000000000000000e+02 0.000000000000000000e+00 0.000000000000000000e+00 1.531903772589533266e-13
5.060000000000000000e+02 0.000000000000000000e+00 0.000000000000000000e+00 1.526508085925777382e-13
5.070000000000000000e+02 0.000000000000000000e+00 0.000000000000000000e+00 1.521146504118830129e-13
5.080000000000000000e+02 0.000000000000000000e+00 0.000000000000000000e+00 1.515818720382205886e-13
5.090000000000000000e+02 0.000000000000000000e+00 0.000000000000000000e+00 1.510524465256301622e-13
5.100000000000000000e+02 0.000000000000000000e+00 0.000000000000000000e+00 1.505263435386968544e-13
5.110000000000000000e+02 0.000000000000000000e+00 0.000000000000000000e+00 1.500035364559398802e-13
5.120000000000000000e+02 0.000000000000000000e+00 0.000000000000000000e+00 1.494839952847831076e-13
5.130000000000000000e+02 0.000000000000000000e+00 0.000000000000000000e+00 1.489676937263027213e-13
5.140000000000000000e+02 0.000000000000000000e+00 0.000000000000000000e+00 1.484546021352938412e-13
5.150000000000000000e+02 0.000000000000000000e+00 0.000000000000000000e+00 1.479446945378753790e-13
5.160000000000000000e+02 0.000000000000000000e+00 0.000000000000000000e+00 1.474379416509019432e-13
5.170000000000000000e+02 0.000000000000000000e+00 0.000000000000000000e+00 1.469343178179753101e-13
5.180000000000000000e+02 0.000000000000000000e+00 0.000000000000000000e+00 1.464337941263275786e-13
5.190000000000000000e+02 0.000000000000000000e+00 0.000000000000000000e+00 1.459363452435678879e-13
5.200000000000000000e+02 0.000000000000000000e+00 0.000000000000000000e+00 1.454419426298248811e-13
5.210000000000000000e+02 0.000000000000000000e+00 0.000000000000000000e+00 1.449505612838860709e-13
5.220000000000000000e+02 0.000000000000000000e+00 0.000000000000000000e+00 1.444621730223099999e-13
5.230000000000000000e+02 0.000000000000000000e+00 0.000000000000000000e+00 1.439767531844700170e-13
5.240000000000000000e+02 0.000000000000000000e+00 0.000000000000000000e+00 1.434942739628104745e-13
5.250000000000000000e+02 0.000000000000000000e+00 0.000000000000000000e+00 1.430147110293614582e-13
5.260000000000000000e+02 0.000000000000000000e+00 0.000000000000000000e+00 1.425380369513114900e-13
5.270000000000000000e+02 0.000000000000000000e+00 0.000000000000000000e+00 1.420642277438086223e-13
5.280000000000000000e+02 0.000000000000000000e+00 0.000000000000000000e+00 1.415932563433638637e-13
5.290000000000000000e+02 0.000000000000000000e+00 0.000000000000000000e+00 1.411250991174456677e-13
5.300000000000000000e+02 0.000000000000000000e+00 0.000000000000000000e+00 1.406597293786566378e-13
5.310000000000000000e+02 0.000000000000000000e+00 0.000000000000000000e+00 1.401971238527851368e-13
5.320000000000000000e+02 0.000000000000000000e+00 0.000000000000000000e+00 1.397372562325294948e-13
5.330000000000000000e+02 0.000000000000000000e+00 0.000000000000000000e+00 1.392801035975106905e-13
5.340000000000000000e+02 0.000000000000000000e+00 0.000000000000000000e+00 1.388256400302539164e-13
5.350000000000000000e+02 0.000000000000000000e+00 0.000000000000000000e+00 1.383738429680957297e-13
5.360000000000000000e+02 0.000000000000000000e+00 0.000000000000000000e+00 1.379246868888612140e-13
5.370000000000000000e+02 0.000000000000000000e+00 0.000000000000000000e+00 1.374781495938361219e-13
5.380000000000000000e+02 0.000000000000000000e+00 0.000000000000000000e+00 1.370342058927264636e-13
5.390000000000000000e+02 0.000000000000000000e+00 0.000000000000000000e+00 1.365928340201919703e-13
5.400000000000000000e+02 0.000000000000000000e+00 0.000000000000000000e+00 1.361540091548312918e-13
5.410000000000000000e+02 0.000000000000000000e+00 0.000000000000000000e+00 1.357177098698945942e-13
5.420000000000000000e+02 0.000000000000000000e+00 0.000000000000000000e+00 1.352839117882826402e-13
5.430000000000000000e+02 0.000000000000000000e+00 0.000000000000000000e+00 1.348525938496595207e-13
5.440000000000000000e+02 0.000000000000000000e+00 0.000000000000000000e+00 1.344237320348861872e-13
5.450000000000000000e+02 0.000000000000000000e+00 0.000000000000000000e+00 1.339973056580253164e-13
5.460000000000000000e+02 0.000000000000000000e+00 0.000000000000000000e+00 1.335732911477442063e-13
5.470000000000000000e+02 0.000000000000000000e+00 0.000000000000000000e+00 1.331516681373335353e-13
5.480000000000000000e+02 0.000000000000000000e+00 0.000000000000000000e+00 1.327324134155467009e-13
5.490000000000000000e+02 0.000000000000000000e+00 0.000000000000000000e+00 1.323155070336888217e-13
5.500000000000000000e+02 0.000000000000000000e+00 0.000000000000000000e+00 1.319009262332374635e-13
5.510000000000000000e+02 0.000000000000000000e+00 0.000000000000000000e+00 1.314886513968052899e-13
5.520000000000000000e+02 0.000000000000000000e+00 0.000000000000000000e+00 1.310786601345154223e-13
5.530000000000000000e+02 0.000000000000000000e+00 0.000000000000000000e+00 1.306709332539273480e-13
5.540000000000000000e+02 0.000000000000000000e+00 0.000000000000000000e+00 1.302654487050344461e-13
5.550000000000000000e+02 0.000000000000000000e+00 0.000000000000000000e+00 1.298621876968066742e-13
5.560000000000000000e+02 0.000000000000000000e+00 0.000000000000000000e+00 1.294611286110767842e-13
5.570000000000000000e+02 0.000000000000000000e+00 0.000000000000000000e+00 1.290622530570786928e-13
5.580000000000000000e+02 0.000000000000000000e+00 0.000000000000000000e+00 1.286655397758134969e-13
5.590000000000000000e+02 0.000000000000000000e+00 0.000000000000000000e+00 1.282709707189700830e-13
5.600000000000000000e+02 0.000000000000000000e+00 0.000000000000000000e+00 1.278785250720229129e-13
5.610000000000000000e+02 0.000000000000000000e+00 0.000000000000000000e+00 1.274881851581011927e-13
5.620000000000000000e+02 0.000000000000000000e+00 0.000000000000000000e+00 1.270999305850036555e-13
5.630000000000000000e+02 0.000000000000000000e+00 0.000000000000000000e+00 1.267137440026158423e-13
5.640000000000000000e+02 0.000000000000000000e+00 0.000000000000000000e+00 1.263296054414346649e-13
5.650000000000000000e+02 0.000000000000000000e+00 0.000000000000000000e+00 1.259474979645915222e-13
5.660000000000000000e+02 0.000000000000000000e+00 0.000000000000000000e+00 1.255674019679636542e-13
5.670000000000000000e+02 0.000000000000000000e+00 0.000000000000000000e+00 1.251893009093439665e-13
5.680000000000000000e+02 0.000000000000000000e+00 0.000000000000000000e+00 1.248131755804588896e-13
5.690000000000000000e+02 0.000000000000000000e+00 0.000000000000000000e+00 1.244390097808883546e-13
5.700000000000000000e+02 0.000000000000000000e+00 0.000000000000000000e+00 1.240667847568273150e-13
5.710000000000000000e+02 0.000000000000000000e+00 0.000000000000000000e+00 1.236964846749957073e-13
5.720000000000000000e+02 0.000000000000000000e+00 0.000000000000000000e+00 1.233280911585960923e-13
5.730000000000000000e+02 0.000000000000000000e+00 0.000000000000000000e+00 1.229615887508400108e-13
5.740000000000000000e+02 0.000000000000000000e+00 0.000000000000000000e+00 1.225969594756860047e-13
5.750000000000000000e+02 0.000000000000000000e+00 0.000000000000000000e+00 1.222341882539593452e-13
5.760000000000000000e+02 0.000000000000000000e+00 0.000000000000000000e+00 1.218732574615406322e-13
5.770000000000000000e+02 0.000000000000000000e+00 0.000000000000000000e+00 1.215141524492209586e-13
5.780000000000000000e+02 0.000000000000000000e+00 0.000000000000000000e+00 1.211568559735032061e-13
5.790000000000000000e+02 0.000000000000000000e+00 0.000000000000000000e+00 1.208013537375026804e-13
5.800000000000000000e+02 0.000000000000000000e+00 0.000000000000000000e+00 1.204476288835509767e-13
5.810000000000000000e+02 0.000000000000000000e+00 0.000000000000000000e+00 1.200956674900781759e-13
5.820000000000000000e+02 0.000000000000000000e+00 0.000000000000000000e+00 1.197454531353586603e-13
5.830000000000000000e+02 0.000000000000000000e+00 0.000000000000000000e+00 1.193969721711412565e-13
5.840000000000000000e+02 0.000000000000000000e+00 0.000000000000000000e+00 1.190502085884652649e-13
5.850000000000000000e+02 0.000000000000000000e+00 0.000000000000000000e+00 1.187051491135270451e-13
5.860000000000000000e+02 0.000000000000000000e+00 0.000000000000000000e+00 1.183617781393331650e-13
5.870000000000000000e+02 0.000000000000000000e+00 0.000000000000000000e+00 1.180200827025820736e-13
5.880000000000000000e+02 0.000000000000000000e+00 0.000000000000000000e+00 1.176800475465913535e-13
5.890000000000000000e+02 0.000000000000000000e+00 0.000000000000000000e+00 1.173416600849441251e-13
5.900000000000000000e+02 0.000000000000000000e+00 0.000000000000000000e+00 1.170049054305645234e-13
5.910000000000000000e+02 0.000000000000000000e+00 0.000000000000000000e+00 1.166697713085435371e-13
5.920000000000000000e+02 0.000000000000000000e+00 0.000000000000000000e+00 1.163362432002617573e-13
5.930000000000000000e+02 0.000000000000000000e+00 0.000000000000000000e+00 1.160043091583662233e-13
5.940000000000000000e+02 0.000000000000000000e+00 0.000000000000000000e+00 1.156739550285961719e-13
5.950000000000000000e+02 0.000000000000000000e+00 0.000000000000000000e+00 1.153451691933353063e-13
5.960000000000000000e+02 0.000000000000000000e+00 0.000000000000000000e+00 1.150179378566881354e-13
5.970000000000000000e+02 0.000000000000000000e+00 0.000000000000000000e+00 1.146922497277388584e-13
5.980000000000000000e+02 0.000000000000000000e+00 0.000000000000000000e+00 1.143680913160112092e-13
5.990000000000000000e+02 0.000000000000000000e+00 0.000000000000000000e+00 1.140454516093230255e-13
6.000000000000000000e+02 0.000000000000000000e+00 0.000000000000000000e+00 1.137243174847318205e-13
6.010000000000000000e+02 0.000000000000000000e+00 0.000000000000000000e+00 1.134046782678333400e-13
6.020000000000000000e+02 0.000000000000000000e+00 0.000000000000000000e+00 1.130865211361170428e-13
6.030000000000000000e+02 0.000000000000000000e+00 0.000000000000000000e+00 1.127698356830973581e-13
6.040000000000000000e+02 0.000000000000000000e+00 0.000000000000000000e+00 1.124546093578362049e-13
6.050000000000000000e+02 0.000000000000000000e+00 0.000000000000000000e+00 1.121408321211255949e-13
6.060000000000000000e+02 0.000000000000000000e+00 0.000000000000000000e+00 1.118284916672537577e-13
6.070000000000000000e+02 0.000000000000000000e+00 0.000000000000000000e+00 1.115175782341794260e-13
6.080000000000000000e+02 0.000000000000000000e+00 0.000000000000000000e+00 1.112080798277759049e-13
6.090000000000000000e+02 0.000000000000000000e+00 0.000000000000000000e+00 1.108999869653999630e-13
6.100000000000000000e+02 0.000000000000000000e+00 0.000000000000000000e+00 1.105932879003531983e-13
6.110000000000000000e+02 0.000000000000000000e+00 0.000000000000000000e+00 1.102879734260032235e-13
6.120000000000000000e+02 0.000000000000000000e+00 0.000000000000000000e+00 1.099840320940483081e-13
6.130000000000000000e+02 0.000000000000000000e+00 0.000000000000000000e+00 1.096814548828166335e-13
6.140000000000000000e+02 0.000000000000000000e+00 0.000000000000000000e+00 1.093802306201707059e-13
6.150000000000000000e+02 0.000000000000000000e+00 0.000000000000000000e+00 1.090803505456085651e-13
6.160000000000000000e+02 0.000000000000000000e+00 0.000000000000000000e+00 1.087818037506464526e-13
6.170000000000000000e+02 0.000000000000000000e+00 0.000000000000000000e+00 1.084845816338344500e-13
6.180000000000000000e+02 0.000000000000000000e+00 0.000000000000000000e+00 1.081886735450050888e-13
6.190000000000000000e+02 0.000000000000000000e+00 0.000000000000000000e+00 1.078940711548057870e-13
6.200000000000000000e+02 0.000000000000000000e+00 0.000000000000000000e+00 1.076007639807186791e-13
6.210000000000000000e+02 0.000000000000000000e+00 0.000000000000000000e+00 1.073087439283880634e-13
6.220000000000000000e+02 0.000000000000000000e+00 0.000000000000000000e+00 1.070180007185347143e-13
6.230000000000000000e+02 0.000000000000000000e+00 0.000000000000000000e+00 1.067285264768930021e-13
6.240000000000000000e+02 0.000000000000000000e+00 0.000000000000000000e+00 1.064403111277860252e-13
6.250000000000000000e+02 0.000000000000000000e+00 0.000000000000000000e+00 1.061533469708279404e-13
6.260000000000000000e+02 0.000000000000000000e+00 0.000000000000000000e+00 1.058676241702085224e-13
6.270000000000000000e+02 0.000000000000000000e+00 0.000000000000000000e+00 1.055831352114389188e-13
6.280000000000000000e+02 0.000000000000000000e+00 0.000000000000000000e+00 1.052998704359711498e-13
6.290000000000000000e+02 0.000000000000000000e+00 0.000000000000000000e+00 1.050178224757911851e-13
6.300000000000000000e+02 0.000000000000000000e+00 0.000000000000000000e+00 1.047369818960857553e-13
6.310000000000000000e+02 0.000000000000000000e+00 0.000000000000000000e+00 1.044573415277755333e-13
6.320000000000000000e+02 0.000000000000000000e+00 0.000000000000000000e+00 1.041788920641215693e-13
6.330000000000000000e+02 0.000000000000000000e+00 0.000000000000000000e+00 1.039016265159811213e-13
6.340000000000000000e+02 0.000000000000000000e+00 0.000000000000000000e+00 1.036255357715892423e-13
6.350000000000000000e+02 0.000000000000000000e+00 0.000000000000000000e+00 1.033506129757317036e-13
6.360000000000000000e+02 0.000000000000000000e+00 0.000000000000000000e+00 1.030768491964568032e-13
6.370000000000000000e+02 0.000000000000000000e+00 0.000000000000000000e+00 1.028042377251309046e-13
6.380000000000000000e+02 0.000000000000000000e+00 0.000000000000000000e+00 1.025327698051718788e-13
6.390000000000000000e+02 0.000000000000000000e+00 0.000000000000000000e+00 1.022624388391077106e-13
6.400000000000000000e+02 0.000000000000000000e+00 0.000000000000000000e+00 1.019932362765318714e-13
6.410000000000000000e+02 0.000000000000000000e+00 0.000000000000000000e+00 1.017251556475994131e-13
6.420000000000000000e+02 0.000000000000000000e+00 0.000000000000000000e+00 1.014581885460669638e-13
6.430000000000000000e+02 0.000000000000000000e+00 0.000000000000000000e+00 1.011923286362125521e-13
6.440000000000000000e+02 0.000000000000000000e+00 0.000000000000000000e+00 1.009275676672897987e-13
6.450000000000000000e+02 0.000000000000000000e+00 0.000000000000000000e+00 1.006638994336191901e-13
6.460000000000000000e+02 0.000000000000000000e+00 0.000000000000000000e+00 1.004013158407863458e-13
6.470000000000000000e+02 0.000000000000000000e+00 0.000000000000000000e+00 1.001398108127449621e-13
6.480000000000000000e+02 0.000000000000000000e+00 0.000000000000000000e+00 9.987937637296972345e-14
6.490000000000000000e+02 0.000000000000000000e+00 0.000000000000000000e+00 9.962000657594106887e-14
6.500000000000000000e+02 0.000000000000000000e+00 0.000000000000000000e+00 9.936169357749425602e-14
6.510000000000000000e+02 0.000000000000000000e+00 0.000000000000000000e+00 9.910443159324370208e-14
6.520000000000000000e+02 0.000000000000000000e+00 0.000000000000000000e+00 9.884821291591194887e-14
6.530000000000000000e+02 0.000000000000000000e+00 0.000000000000000000e+00 9.859303183639068632e-14
6.540000000000000000e+02 0.000000000000000000e+00 0.000000000000000000e+00 9.833888081640824379e-14
6.550000000000000000e+02 0.000000000000000000e+00 0.000000000000000000e+00 9.808575424985776602e-14
6.560000000000000000e+02 0.000000000000000000e+00 0.000000000000000000e+00 9.783364475007165367e-14
6.570000000000000000e+02 0.000000000000000000e+00 0.000000000000000000e+00 9.758254685334284521e-14
6.580000000000000000e+02 0.000000000000000000e+00 0.000000000000000000e+00 9.733245325268644250e-14
6.590000000000000000e+02 0.000000000000000000e+00 0.000000000000000000e+00 9.708335861203555236e-14
6.600000000000000000e+02 0.000000000000000000e+00 0.000000000000000000e+00 9.683525576879254546e-14
6.610000000000000000e+02 0.000000000000000000e+00 0.000000000000000000e+00 9.658813947479442264e-14
6.620000000000000000e+02 0.000000000000000000e+00 0.000000000000000000e+00 9.634200273299911693e-14
6.630000000000000000e+02 0.000000000000000000e+00 0.000000000000000000e+00 9.609684040098702563e-14
6.640000000000000000e+02 0.000000000000000000e+00 0.000000000000000000e+00 9.585264556630202681e-14
6.650000000000000000e+02 0.000000000000000000e+00 0.000000000000000000e+00 9.560941322316117142e-14
6.660000000000000000e+02 0.000000000000000000e+00 0.000000000000000000e+00 9.536713660296560542e-14
6.670000000000000000e+02 0.000000000000000000e+00 0.000000000000000000e+00 9.512581078850603560e-14
6.680000000000000000e+02 0.000000000000000000e+00 0.000000000000000000e+00 9.488542911489974548e-14
6.690000000000000000e+02 0.000000000000000000e+00 0.000000000000000000e+00 9.464598683097034709e-14
6.700000000000000000e+02 0.000000000000000000e+00 0.000000000000000000e+00 9.440747735524546428e-14
6.710000000000000000e+02 0.000000000000000000e+00 0.000000000000000000e+00 9.416989603867980419e-14
6.720000000000000000e+02 0.000000000000000000e+00 0.000000000000000000e+00 9.393323646332679499e-14
6.730000000000000000e+02 0.000000000000000000e+00 0.000000000000000000e+00 9.369749406325338308e-14
6.740000000000000000e+02 0.000000000000000000e+00 0.000000000000000000e+00 9.346266252461332836e-14
6.750000000000000000e+02 0.000000000000000000e+00 0.000000000000000000e+00 9.322873741436605722e-14
6.760000000000000000e+02 0.000000000000000000e+00 0.000000000000000000e+00 9.299571253323869226e-14
6.770000000000000000e+02 0.000000000000000000e+00 0.000000000000000000e+00 9.276358356262904529e-14
6.780000000000000000e+02 0.000000000000000000e+00 0.000000000000000000e+00 9.253234441748412884e-14
6.790000000000000000e+02 0.000000000000000000e+00 0.000000000000000000e+00 9.230199086667730356e-14
6.800000000000000000e+02 0.000000000000000000e+00 0.000000000000000000e+00 9.207251697170782592e-14
6.810000000000000000e+02 0.000000000000000000e+00 0.000000000000000000e+00 9.184391856641555128e-14
6.820000000000000000e+02 0.000000000000000000e+00 0.000000000000000000e+00 9.161618987361305696e-14
6.830000000000000000e+02 0.000000000000000000e+00 0.000000000000000000e+00 9.138932681492624280e-14
6.840000000000000000e+02 0.000000000000000000e+00 0.000000000000000000e+00 9.116332372209493782e-14
6.850000000000000000e+02 0.000000000000000000e+00 0.000000000000000000e+00 9.093817663567607223e-14
6.860000000000000000e+02 0.000000000000000000e+00 0.000000000000000000e+00 9.071388000786454679e-14
6.870000000000000000e+02 0.000000000000000000e+00 0.000000000000000000e+00 9.049042998753147857e-14
6.880000000000000000e+02 0.000000000000000000e+00 0.000000000000000000e+00 9.026782111718478042e-14
6.890000000000000000e+02 0.000000000000000000e+00 0.000000000000000000e+00 9.004604970430417023e-14
6.900000000000000000e+02 0.000000000000000000e+00 0.000000000000000000e+00 8.982511036818299681e-14
6.910000000000000000e+02 0.000000000000000000e+00 0.000000000000000000e+00 8.960499952117809165e-14
6.920000000000000000e+02 0.000000000000000000e+00 0.000000000000000000e+00 8.938571193120903226e-14
6.930000000000000000e+02 0.000000000000000000e+00 0.000000000000000000e+00 8.916724411264611025e-14
6.940000000000000000e+02 0.000000000000000000e+00 0.000000000000000000e+00 8.894959093438747877e-14
6.950000000000000000e+02 0.000000000000000000e+00 0.000000000000000000e+00 8.873274899453003359e-14
6.960000000000000000e+02 0.000000000000000000e+00 0.000000000000000000e+00 8.851671331796115704e-14
6.970000000000000000e+02 0.000000000000000000e+00 0.000000000000000000e+00 8.830148059561196905e-14
6.980000000000000000e+02 0.000000000000000000e+00 0.000000000000000000e+00 8.808704595788526130e-14
6.990000000000000000e+02 0.000000000000000000e+00 0.000000000000000000e+00 8.787340621825570003e-14
7.000000000000000000e+02 0.000000000000000000e+00 0.000000000000000000e+00 8.766055662003785872e-14
7.010000000000000000e+02 0.000000000000000000e+00 0.000000000000000000e+00 8.744849408046242595e-14
7.020000000000000000e+02 0.000000000000000000e+00 0.000000000000000000e+00 8.723721395849882205e-14
7.030000000000000000e+02 0.000000000000000000e+00 0.000000000000000000e+00 8.702671327314981693e-14
7.040000000000000000e+02 0.000000000000000000e+00 0.000000000000000000e+00 8.681698749396812253e-14
7.050000000000000000e+02 0.000000000000000000e+00 0.000000000000000000e+00 8.660803374105213873e-14
7.060000000000000000e+02 0.000000000000000000e+00 0.000000000000000000e+00 8.639984761459737761e-14
7.070000000000000000e+02 0.000000000000000000e+00 0.000000000000000000e+00 8.619242633565348853e-14
7.080000000000000000e+02 0.000000000000000000e+00 0.000000000000000000e+00 8.598576559665533088e-14
7.090000000000000000e+02 0.000000000000000000e+00 0.000000000000000000e+00 8.577986274018368253e-14
7.100000000000000000e+02 0.000000000000000000e+00 0.000000000000000000e+00 8.557471356189216677e-14
7.110000000000000000e+02 0.000000000000000000e+00 0.000000000000000000e+00 8.537031548354770943e-14
7.120000000000000000e+02 0.000000000000000000e+00 0.000000000000000000e+00 8.516666442629797134e-14
7.130000000000000000e+02 0.000000000000000000e+00 0.000000000000000000e+00 8.496375792582217559e-14
7.140000000000000000e+02 0.000000000000000000e+00 0.000000000000000000e+00 8.476159201318166424e-14
7.150000000000000000e+02 0.000000000000000000e+00 0.000000000000000000e+00 8.456016429972173429e-14
7.160000000000000000e+02 0.000000000000000000e+00 0.000000000000000000e+00 8.435947092089143210e-14
7.170000000000000000e+02 0.000000000000000000e+00 0.000000000000000000e+00 8.415950959555196479e-14
7.180000000000000000e+02 0.000000000000000000e+00 0.000000000000000000e+00 8.396027658165116817e-14
7.190000000000000000e+02 0.000000000000000000e+00 0.000000000000000000e+00 8.376176967068445946e-14
7.200000000000000000e+02 0.000000000000000000e+00 0.000000000000000000e+00 8.356398522740703603e-14
7.210000000000000000e+02 0.000000000000000000e+00 0.000000000000000000e+00 8.336692114047496801e-14
7.220000000000000000e+02 0.000000000000000000e+00 0.000000000000000000e+00 8.317057387808432205e-14
7.230000000000000000e+02 0.000000000000000000e+00 0.000000000000000000e+00 8.297494139169533844e-14
7.240000000000000000e+02 0.000000000000000000e+00 0.000000000000000000e+00 8.278002026888130650e-14
7.250000000000000000e+02 0.000000000000000000e+00 0.000000000000000000e+00 8.258580854924978408e-14
7.260000000000000000e+02 0.000000000000000000e+00 0.000000000000000000e+00 8.239230290263376203e-14
7.270000000000000000e+02 0.000000000000000000e+00 0.000000000000000000e+00 8.219950146786951623e-14
7.280000000000000000e+02 0.000000000000000000e+00 0.000000000000000000e+00 8.200740097742030490e-14
7.290000000000000000e+02 0.000000000000000000e+00 0.000000000000000000e+00 8.181599967442457043e-14
7.300000000000000000e+02 0.000000000000000000e+00 0.000000000000000000e+00 8.162529438141043906e-14
7.310000000000000000e+02 0.000000000000000000e+00 0.000000000000000000e+00 8.143528340580793636e-14
7.320000000000000000e+02 0.000000000000000000e+00 0.000000000000000000e+00 8.124596366791365565e-14
7.330000000000000000e+02 0.000000000000000000e+00 0.000000000000000000e+00 8.105733354174291029e-14
7.340000000000000000e+02 0.000000000000000000e+00 0.000000000000000000e+00 8.086939000916250860e-14
7.350000000000000000e+02 0.000000000000000000e+00 0.000000000000000000e+00 8.068213152438876565e-14
7.360000000000000000e+02 0.000000000000000000e+00 0.000000000000000000e+00 8.049555515346541360e-14
7.370000000000000000e+02 0.000000000000000000e+00 0.000000000000000000e+00 8.030965941780898814e-14
7.380000000000000000e+02 0.000000000000000000e+00 0.000000000000000000e+00 8.012444142971154882e-14
7.390000000000000000e+02 0.000000000000000000e+00 0.000000000000000000e+00 7.993989979037427862e-14
7.400000000000000000e+02 0.000000000000000000e+00 0.000000000000000000e+00 7.975603166636914038e-14
7.410000000000000000e+02 0.000000000000000000e+00 0.000000000000000000e+00 7.957283571761864612e-14
7.420000000000000000e+02 0.000000000000000000e+00 0.000000000000000000e+00 7.939030920003964282e-14
7.430000000000000000e+02 0.000000000000000000e+00 0.000000000000000000e+00 7.920845080710248603e-14
7.440000000000000000e+02 0.000000000000000000e+00 0.000000000000000000e+00 7.902725783583225870e-14
7.450000000000000000e+02 0.000000000000000000e+00 0.000000000000000000e+00 7.884672905587539833e-14
7.460000000000000000e+02 0.000000000000000000e+00 0.000000000000000000e+00 7.866686180995047469e-14
7.470000000000000000e+02 0.000000000000000000e+00 0.000000000000000000e+00 7.848765491388206300e-14
7.480000000000000000e+02 0.000000000000000000e+00 0.000000000000000000e+00 7.830910575301521702e-14
7.490000000000000000e+02 0.000000000000000000e+00 0.000000000000000000e+00 7.813121318188079900e-14
7.500000000000000000e+02 0.000000000000000000e+00 0.000000000000000000e+00 7.795397465363136737e-14
7.510000000000000000e+02 0.000000000000000000e+00 0.000000000000000000e+00 7.777738904004940245e-14
7.520000000000000000e+02 0.000000000000000000e+00 0.000000000000000000e+00 7.760145382080610118e-14
7.530000000000000000e+02 0.000000000000000000e+00 0.000000000000000000e+00 7.742616792090979015e-14
7.540000000000000000e+02 0.000000000000000000e+00 0.000000000000000000e+00 7.725152884770277378e-14
7.550000000000000000e+02 0.000000000000000000e+00 0.000000000000000000e+00 7.707753553985131249e-14
7.560000000000000000e+02 0.000000000000000000e+00 0.000000000000000000e+00 7.690418556029501170e-14
7.570000000000000000e+02 0.000000000000000000e+00 0.000000000000000000e+00 7.673147786109803185e-14
7.580000000000000000e+02 0.000000000000000000e+00 0.000000000000000000e+00 7.655941002397501936e-14
7.590000000000000000e+02 0.000000000000000000e+00 0.000000000000000000e+00 7.638798102536236468e-14
7.600000000000000000e+02 0.000000000000000000e+00 0.000000000000000000e+00 7.621718848087945108e-14
7.610000000000000000e+02 0.000000000000000000e+00 0.000000000000000000e+00 7.604703138045846351e-14
7.620000000000000000e+02 0.000000000000000000e+00 0.000000000000000000e+00 7.587750733844805021e-14
7.630000000000000000e+02 0.000000000000000000e+00 0.000000000000000000e+00 7.570861537016629348e-14
7.640000000000000000e+02 0.000000000000000000e+00 0.000000000000000000e+00 7.554035311131190126e-14
7.650000000000000000e+02 0.000000000000000000e+00 0.000000000000000000e+00 7.537271956457970463e-14
7.660000000000000000e+02 0.000000000000000000e+00 0.000000000000000000e+00 7.520571239359933823e-14
7.670000000000000000e+02 0.000000000000000000e+00 0.000000000000000000e+00 7.503933059425330804e-14
7.680000000000000000e+02 0.000000000000000000e+00 0.000000000000000000e+00 7.487357185821202270e-14
7.690000000000000000e+02 0.000000000000000000e+00 0.000000000000000000e+00 7.470843516626176531e-14
7.700000000000000000e+02 0.000000000000000000e+00 0.000000000000000000e+00 7.454391818874419037e-14
7.710000000000000000e+02 0.000000000000000000e+00 0.000000000000000000e+00 7.438001994289813657e-14
7.720000000000000000e+02 0.000000000000000000e+00 0.000000000000000000e+00 7.421673808491181899e-14
7.730000000000000000e+02 0.000000000000000000e+00 0.000000000000000000e+00 7.405407160388590007e-14
7.740000000000000000e+02 0.000000000000000000e+00 0.000000000000000000e+00 7.389201817443330593e-14
7.750000000000000000e+02 0.000000000000000000e+00 0.000000000000000000e+00 7.373057678203760136e-14
7.760000000000000000e+02 0.000000000000000000e+00 0.000000000000000000e+00 7.356974508436583165e-14
7.770000000000000000e+02 0.000000000000000000e+00 0.000000000000000000e+00 7.340952206871130950e-14
7.780000000000000000e+02 0.000000000000000000e+00 0.000000000000000000e+00 7.324990537724815492e-14
7.790000000000000000e+02 0.000000000000000000e+00 0.000000000000000000e+00 7.309089396598033955e-14
7.800000000000000000e+02 0.000000000000000000e+00 0.000000000000000000e+00 7.293248549220794317e-14
7.810000000000000000e+02 0.000000000000000000e+00 0.000000000000000000e+00 7.277467888540833459e-14
7.820000000000000000e+02 0.000000000000000000e+00 0.000000000000000000e+00 7.261747178067070364e-14
7.830000000000000000e+02 0.000000000000000000e+00 0.000000000000000000e+00 7.246086309454600549e-14
7.840000000000000000e+02 0.000000000000000000e+00 0.000000000000000000e+00 7.230485045601957768e-14
7.850000000000000000e+02 0.000000000000000000e+00 0.000000000000000000e+00 7.214943274133586191e-14
7.860000000000000000e+02 0.000000000000000000e+00 0.000000000000000000e+00 7.199460756467301148e-14
7.870000000000000000e+02 0.000000000000000000e+00 0.000000000000000000e+00 7.184037379629221687e-14
7.880000000000000000e+02 0.000000000000000000e+00 0.000000000000000000e+00 7.168672901241993712e-14
7.890000000000000000e+02 0.000000000000000000e+00 0.000000000000000000e+00 7.153367206295037516e-14
7.900000000000000000e+02 0.000000000000000000e+00 0.000000000000000000e+00 7.138120050589900350e-14
7.910000000000000000e+02 0.000000000000000000e+00 0.000000000000000000e+00 7.122931316261883557e-14
7.920000000000000000e+02 0.000000000000000000e+00 0.000000000000000000e+00 7.107800756473274645e-14
7.930000000000000000e+02 0.000000000000000000e+00 0.000000000000000000e+00 7.092728251805745586e-14
7.940000000000000000e+02 0.000000000000000000e+00 0.000000000000000000e+00 7.077713550905133065e-14
7.950000000000000000e+02 0.000000000000000000e+00 0.000000000000000000e+00 7.062756531295335248e-14
7.960000000000000000e+02 0.000000000000000000e+00 0.000000000000000000e+00 7.047856940714294482e-14
7.970000000000000000e+02 0.000000000000000000e+00 0.000000000000000000e+00 7.033014651992533649e-14
7.980000000000000000e+02 0.000000000000000000e+00 0.000000000000000000e+00 7.018229410144072272e-14
7.990000000000000000e+02 0.000000000000000000e+00 0.000000000000000000e+00 7.003501085080626427e-14
8.000000000000000000e+02 0.000000000000000000e+00 0.000000000000000000e+00 6.988829417327762433e-14
8.010000000000000000e+02 0.000000000000000000e+00 0.000000000000000000e+00 6.974214274379721392e-14
8.020000000000000000e+02 0.000000000000000000e+00 0.000000000000000000e+00 6.959655394331580338e-14
8.030000000000000000e+02 0.000000000000000000e+00 0.000000000000000000e+00 6.945152638354155924e-14
8.040000000000000000e+02 0.000000000000000000e+00 0.000000000000000000e+00 6.930705742607045487e-14
8.050000000000000000e+02 0.000000000000000000e+00 0.000000000000000000e+00 6.916314564699997354e-14
8.060000000000000000e+02 0.000000000000000000e+00 0.000000000000000000e+00 6.901978839157519825e-14
8.070000000000000000e+02 0.000000000000000000e+00 0.000000000000000000e+00 6.887698417861102667e-14
8.080000000000000000e+02 0.000000000000000000e+00 0.000000000000000000e+00 6.873473031407628067e-14
8.090000000000000000e+02 0.000000000000000000e+00 0.000000000000000000e+00 6.859302529324876026e-14
8.100000000000000000e+02 0.000000000000000000e+00 0.000000000000000000e+00 6.845186638401040121e-14
8.110000000000000000e+02 0.000000000000000000e+00 0.000000000000000000e+00 6.831125203076978138e-14
8.120000000000000000e+02 0.000000000000000000e+00 0.000000000000000000e+00 6.817117946379991183e-14
8.130000000000000000e+02 0.000000000000000000e+00 0.000000000000000000e+00 6.803164709370666799e-14
8.140000000000000000e+02 0.000000000000000000e+00 0.000000000000000000e+00 6.789265212475350908e-14
8.150000000000000000e+02 0.000000000000000000e+00 0.000000000000000000e+00 6.775419291331058345e-14
8.160000000000000000e+02 0.000000000000000000e+00 0.000000000000000000e+00 6.761626663282068098e-14
8.170000000000000000e+02 0.000000000000000000e+00 0.000000000000000000e+00 6.747887160269908563e-14
8.180000000000000000e+02 0.000000000000000000e+00 0.000000000000000000e+00 6.734200494836773360e-14
8.190000000000000000e+02 0.000000000000000000e+00 0.000000000000000000e+00 6.720566496352307435e-14
8.200000000000000000e+02 0.000000000000000000e+00 0.000000000000000000e+00 6.706984873001772615e-14
8.210000000000000000e+02 0.000000000000000000e+00 0.000000000000000000e+00 6.693455449317287799e-14
8.220000000000000000e+02 0.000000000000000000e+00 0.000000000000000000e+00 6.679977930811649704e-14
8.230000000000000000e+02 0.000000000000000000e+00 0.000000000000000000e+00 6.666552138802246609e-14
8.240000000000000000e+02 0.000000000000000000e+00 0.000000000000000000e+00 6.653177774265824052e-14
8.250000000000000000e+02 0.000000000000000000e+00 0.000000000000000000e+00 6.639854654728167798e-14
8.260000000000000000e+02 0.000000000000000000e+00 0.000000000000000000e+00 6.626582477190858622e-14
8.270000000000000000e+02 0.000000000000000000e+00 0.000000000000000000e+00 6.613361055452978419e-14
8.280000000000000000e+02 0.000000000000000000e+00 0.000000000000000000e+00 6.600190083848334365e-14
8.290000000000000000e+02 0.000000000000000000e+00 0.000000000000000000e+00 6.587069371236658666e-14
8.300000000000000000e+02 0.000000000000000000e+00 0.000000000000000000e+00 6.573998608943718271e-14
8.310000000000000000e+02 0.000000000000000000e+00 0.000000000000000000e+00 6.560977602839415852e-14
8.320000000000000000e+02 0.000000000000000000e+00 0.000000000000000000e+00 6.548006040024691110e-14
8.330000000000000000e+02 0.000000000000000000e+00 0.000000000000000000e+00 6.535083724326591060e-14
8.340000000000000000e+02 0.000000000000000000e+00 0.000000000000000000e+00 6.522210339377309045e-14
8.350000000000000000e+02 0.000000000000000000e+00 0.000000000000000000e+00 6.509385685134894111e-14
8.360000000000000000e+02 0.000000000000000000e+00 0.000000000000000000e+00 6.496609443333821729e-14
8.370000000000000000e+02 0.000000000000000000e+00 0.000000000000000000e+00 6.483881409285026983e-14
8.380000000000000000e+02 0.000000000000000000e+00 0.000000000000000000e+00 6.471201263839178405e-14
8.390000000000000000e+02 0.000000000000000000e+00 0.000000000000000000e+00 6.458568798551441784e-14
8.400000000000000000e+02 0.000000000000000000e+00 0.000000000000000000e+00 6.445983691527788651e-14
8.410000000000000000e+02 0.000000000000000000e+00 0.000000000000000000e+00 6.433445731108803113e-14
8.420000000000000000e+02 0.000000000000000000e+00 0.000000000000000000e+00 6.420954594336978798e-14
8.430000000000000000e+02 0.000000000000000000e+00 0.000000000000000000e+00 6.408510066764330789e-14
8.440000000000000000e+02 0.000000000000000000e+00 0.000000000000000000e+00 6.396111822861851702e-14
8.450000000000000000e+02 0.000000000000000000e+00 0.000000000000000000e+00 6.383759646756095060e-14
8.460000000000000000e+02 0.000000000000000000e+00 0.000000000000000000e+00 6.371453209952875538e-14
8.470000000000000000e+02 0.000000000000000000e+00 0.000000000000000000e+00 6.359192294890394994e-14
8.480000000000000000e+02 0.000000000000000000e+00 0.000000000000000000e+00 6.346976572280346442e-14
8.490000000000000000e+02 0.000000000000000000e+00 0.000000000000000000e+00 6.334805821704759228e-14
8.500000000000000000e+02 0.000000000000000000e+00 0.000000000000000000e+00 6.322679711760593490e-14
8.510000000000000000e+02 0.000000000000000000e+00 0.000000000000000000e+00 6.310598021263292575e-14
8.520000000000000000e+02 0.000000000000000000e+00 0.000000000000000000e+00 6.298560418599477273e-14
8.530000000000000000e+02 0.000000000000000000e+00 0.000000000000000000e+00 6.286566680534870294e-14
8.540000000000000000e+02 0.000000000000000000e+00 0.000000000000000000e+00 6.274616473885014717e-14
8.550000000000000000e+02 0.000000000000000000e+00 0.000000000000000000e+00 6.262709574060910429e-14
8.560000000000000000e+02 0.000000000000000000e+00 0.000000000000000000e+00 6.250845648348719780e-14
8.570000000000000000e+02 0.000000000000000000e+00 0.000000000000000000e+00 6.239024471145381526e-14
8.580000000000000000e+02 0.000000000000000000e+00 0.000000000000000000e+00 6.227245708791357681e-14
8.590000000000000000e+02 0.000000000000000000e+00 0.000000000000000000e+00 6.215509135133045391e-14
8.600000000000000000e+02 0.000000000000000000e+00 0.000000000000000000e+00 6.203814416362231003e-14
8.610000000000000000e+02 0.000000000000000000e+00 0.000000000000000000e+00 6.192161325989429837e-14
8.620000000000000000e+02 0.000000000000000000e+00 0.000000000000000000e+00 6.180549530459132572e-14
8.630000000000000000e+02 0.000000000000000000e+00 0.000000000000000000e+00 6.168978802101902890e-14
8.640000000000000000e+02 0.000000000000000000e+00 0.000000000000000000e+00 6.157448807948394253e-14
8.650000000000000000e+02 0.000000000000000000e+00 0.000000000000000000e+00 6.145959320196838611e-14
8.660000000000000000e+02 0.000000000000000000e+00 0.000000000000000000e+00 6.134510006704669925e-14
8.670000000000000000e+02 0.000000000000000000e+00 0.000000000000000000e+00 6.123100639909003637e-14
8.680000000000000000e+02 0.000000000000000000e+00 0.000000000000000000e+00 6.111730887802628356e-14
8.690000000000000000e+02 0.000000000000000000e+00 0.000000000000000000e+00 6.100400524481496431e-14
8.700000000000000000e+02 0.000000000000000000e+00 0.000000000000000000e+00 6.089109217879028691e-14
8.710000000000000000e+02 0.000000000000000000e+00 0.000000000000000000e+00 6.077856743439224652e-14
8.720000000000000000e+02 0.000000000000000000e+00 0.000000000000000000e+00 6.066642770032271788e-14
8.730000000000000000e+02 0.000000000000000000e+00 0.000000000000000000e+00 6.055467073644119582e-14
8.740000000000000000e+02 0.000000000000000000e+00 0.000000000000000000e+00 6.044329325507113029e-14
8.750000000000000000e+02 0.000000000000000000e+00 0.000000000000000000e+00 6.033229301879203376e-14
8.760000000000000000e+02 0.000000000000000000e+00 0.000000000000000000e+00 6.022166675166184518e-14
8.770000000000000000e+02 0.000000000000000000e+00 0.000000000000000000e+00 6.011141223815501871e-14
8.780000000000000000e+02 0.000000000000000000e+00 0.000000000000000000e+00 6.000152622247939896e-14
8.790000000000000000e+02 0.000000000000000000e+00 0.000000000000000000e+00 5.989200648931674012e-14
8.800000000000000000e+02 0.000000000000000000e+00 0.000000000000000000e+00 5.978284981584980275e-14
8.810000000000000000e+02 0.000000000000000000e+00 0.000000000000000000e+00 5.967405400024567209e-14
8.820000000000000000e+02 0.000000000000000000e+00 0.000000000000000000e+00 5.956561585159298559e-14
8.830000000000000000e+02 0.000000000000000000e+00 0.000000000000000000e+00 5.945753317600576278e-14
8.840000000000000000e+02 0.000000000000000000e+00 0.000000000000000000e+00 5.934980280519696991e-14
8.850000000000000000e+02 0.000000000000000000e+00 0.000000000000000000e+00 5.924242257272006131e-14
8.860000000000000000e+02 0.000000000000000000e+00 0.000000000000000000e+00 5.913538933986237334e-14
8.870000000000000000e+02 0.000000000000000000e+00 0.000000000000000000e+00 5.902870095722037832e-14
8.880000000000000000e+02 0.000000000000000000e+00 0.000000000000000000e+00 5.892235430940315757e-14
8.890000000000000000e+02 0.000000000000000000e+00 0.000000000000000000e+00 5.881634727034909798e-14
8.900000000000000000e+02 0.000000000000000000e+00 0.000000000000000000e+00 5.871067675668391383e-14
8.910000000000000000e+02 0.000000000000000000e+00 0.000000000000000000e+00 5.860534066944665839e-14
8.920000000000000000e+02 0.000000000000000000e+00 0.000000000000000000e+00 5.850033595046063903e-14
8.930000000000000000e+02 0.000000000000000000e+00 0.000000000000000000e+00 5.839566053207848389e-14
8.940000000000000000e+02 0.000000000000000000e+00 0.000000000000000000e+00 5.829131138905547703e-14
8.950000000000000000e+02 0.000000000000000000e+00 0.000000000000000000e+00 5.818728647792077599e-14
8.960000000000000000e+02 0.000000000000000000e+00 0.000000000000000000e+00 5.808358281071154675e-14
8.970000000000000000e+02 0.000000000000000000e+00 0.000000000000000000e+00 5.798019837503112453e-14
8.980000000000000000e+02 0.000000000000000000e+00 0.000000000000000000e+00 5.787713022253533995e-14
8.990000000000000000e+02 0.000000000000000000e+00 0.000000000000000000e+00 5.777437636741264561e-14
9.000000000000000000e+02 0.000000000000000000e+00 0.000000000000000000e+00 5.767193389330289044e-14
9.010000000000000000e+02 0.000000000000000000e+00 0.000000000000000000e+00 5.756980085713378655e-14
9.020000000000000000e+02 0.000000000000000000e+00 0.000000000000000000e+00 5.746797437412414320e-14
9.030000000000000000e+02 0.000000000000000000e+00 0.000000000000000000e+00 5.736645254162211012e-14
9.040000000000000000e+02 0.000000000000000000e+00 0.000000000000000000e+00 5.726523251348763000e-14
9.050000000000000000e+02 0.000000000000000000e+00 0.000000000000000000e+00 5.716431241121444599e-14
9.060000000000000000e+02 0.000000000000000000e+00 0.000000000000000000e+00 5.706368944063438641e-14
9.070000000000000000e+02 0.000000000000000000e+00 0.000000000000000000e+00 5.696336174903536830e-14
9.080000000000000000e+02 0.000000000000000000e+00 0.000000000000000000e+00 5.686332659238334996e-14
9.090000000000000000e+02 0.000000000000000000e+00 0.000000000000000000e+00 5.676358215223251077e-14
9.100000000000000000e+02 0.000000000000000000e+00 0.000000000000000000e+00 5.666412572614361441e-14
9.110000000000000000e+02 0.000000000000000000e+00 0.000000000000000000e+00 5.656495553490713455e-14
9.120000000000000000e+02 0.000000000000000000e+00 0.000000000000000000e+00 5.646606892333778321e-14
9.130000000000000000e+02 0.000000000000000000e+00 0.000000000000000000e+00 5.636746414406846129e-14
9.140000000000000000e+02 0.000000000000000000e+00 0.000000000000000000e+00 5.626913859213899491e-14
9.150000000000000000e+02 0.000000000000000000e+00 0.000000000000000000e+00 5.617109055056340732e-14
9.160000000000000000e+02 0.000000000000000000e+00 0.000000000000000000e+00 5.607331746530313977e-14
9.170000000000000000e+02 0.000000000000000000e+00 0.000000000000000000e+00 5.597581765710073157e-14
9.180000000000000000e+02 0.000000000000000000e+00 0.000000000000000000e+00 5.587858861616499623e-14
9.190000000000000000e+02 0.000000000000000000e+00 0.000000000000000000e+00 5.578162870397199375e-14
9.200000000000000000e+02 0.000000000000000000e+00 0.000000000000000000e+00 5.568493545129332997e-14
9.210000000000000000e+02 0.000000000000000000e+00 0.000000000000000000e+00 5.558850726412897391e-14
9.220000000000000000e+02 0.000000000000000000e+00 0.000000000000000000e+00 5.549234171055668499e-14
9.230000000000000000e+02 0.000000000000000000e+00 0.000000000000000000e+00 5.539643724116784884e-14
9.240000000000000000e+02 0.000000000000000000e+00 0.000000000000000000e+00 5.530079147119668895e-14
9.250000000000000000e+02 0.000000000000000000e+00 0.000000000000000000e+00 5.520540289774361479e-14
9.260000000000000000e+02 0.000000000000000000e+00 0.000000000000000000e+00 5.511026918328150695e-14
9.270000000000000000e+02 0.000000000000000000e+00 0.000000000000000000e+00 5.501538885510910240e-14
9.280000000000000000e+02 0.000000000000000000e+00 0.000000000000000000e+00 5.492075962624041349e-14
9.290000000000000000e+02 0.000000000000000000e+00 0.000000000000000000e+00 5.482638007186483096e-14
9.300000000000000000e+02 0.000000000000000000e+00 0.000000000000000000e+00 5.473224794792182310e-14
9.310000000000000000e+02 0.000000000000000000e+00 0.000000000000000000e+00 5.463836186801226093e-14
9.320000000000000000e+02 0.000000000000000000e+00 0.000000000000000000e+00 5.454471962691468082e-14
9.330000000000000000e+02 0.000000000000000000e+00 0.000000000000000000e+00 5.445131988959694087e-14
9.340000000000000000e+02 0.000000000000000000e+00 0.000000000000000000e+00 5.435816049694218704e-14
9.350000000000000000e+02 0.000000000000000000e+00 0.000000000000000000e+00 5.426524015423825833e-14
9.360000000000000000e+02 0.000000000000000000e+00 0.000000000000000000e+00 5.417255674132540765e-14
9.370000000000000000e+02 0.000000000000000000e+00 0.000000000000000000e+00 5.408010900841788509e-14
9.380000000000000000e+02 0.000000000000000000e+00 0.000000000000000000e+00 5.398789487909440587e-14
9.390000000000000000e+02 0.000000000000000000e+00 0.000000000000000000e+00 5.389591314119314581e-14
9.400000000000000000e+02 0.000000000000000000e+00 0.000000000000000000e+00 5.380416176552470559e-14
9.410000000000000000e+02 0.000000000000000000e+00 0.000000000000000000e+00 5.371263958895369782e-14
9.420000000000000000e+02 0.000000000000000000e+00 0.000000000000000000e+00 5.362134461439208612e-14
9.430000000000000000e+02 0.000000000000000000e+00 0.000000000000000000e+00 5.353027572509173838e-14
9.440000000000000000e+02 0.000000000000000000e+00 0.000000000000000000e+00 5.343943096405018122e-14
9.450000000000000000e+02 0.000000000000000000e+00 0.000000000000000000e+00 5.334880925428268104e-14
9.460000000000000000e+02 0.000000000000000000e+00 0.000000000000000000e+00 5.325840868735182491e-14
9.470000000000000000e+02 0.000000000000000000e+00 0.000000000000000000e+00 5.316822822227685065e-14
9.480000000000000000e+02 0.000000000000000000e+00 0.000000000000000000e+00 5.307826599818963610e-14
9.490000000000000000e+02 0.000000000000000000e+00 0.000000000000000000e+00 5.298852101326138730e-14
9.500000000000000000e+02 0.000000000000000000e+00 0.000000000000000000e+00 5.289899144624420550e-14
9.510000000000000000e+02 0.000000000000000000e+00 0.000000000000000000e+00 5.280967632764149930e-14
9.520000000000000000e+02 0.000000000000000000e+00 0.000000000000000000e+00 5.272057387893835650e-14
9.530000000000000000e+02 0.000000000000000000e+00 0.000000000000000000e+00 5.263168316899159946e-14
9.540000000000000000e+02 0.000000000000000000e+00 0.000000000000000000e+00 5.254300246388964120e-14
9.550000000000000000e+02 0.000000000000000000e+00 0.000000000000000000e+00 5.245453087036495215e-14
9.560000000000000000e+02 0.000000000000000000e+00 0.000000000000000000e+00 5.236626669074482061e-14
9.570000000000000000e+02 0.000000000000000000e+00 0.000000000000000000e+00 5.227820906411649995e-14
9.580000000000000000e+02 0.000000000000000000e+00 0.000000000000000000e+00 5.219035634044607103e-14
9.590000000000000000e+02 0.000000000000000000e+00 0.000000000000000000e+00 5.210270769510089784e-14
9.600000000000000000e+02 0.000000000000000000e+00 0.000000000000000000e+00 5.201526151490038974e-14
9.610000000000000000e+02 0.000000000000000000e+00 0.000000000000000000e+00 5.192801701284036765e-14
9.620000000000000000e+02 0.000000000000000000e+00 0.000000000000000000e+00 5.184097261562451818e-14
9.630000000000000000e+02 0.000000000000000000e+00 0.000000000000000000e+00 5.175412757303218603e-14
9.640000000000000000e+02 0.000000000000000000e+00 0.000000000000000000e+00 5.166748034681872267e-14
9.650000000000000000e+02 0.000000000000000000e+00 0.000000000000000000e+00 5.158103022371794589e-14
9.660000000000000000e+02 0.000000000000000000e+00 0.000000000000000000e+00 5.149477570336855452e-14
9.670000000000000000e+02 0.000000000000000000e+00 0.000000000000000000e+00 5.140871610937060061e-14
9.680000000000000000e+02 0.000000000000000000e+00 0.000000000000000000e+00 5.132284997293365275e-14
9.690000000000000000e+02 0.000000000000000000e+00 0.000000000000000000e+00 5.123717665490347091e-14
9.700000000000000000e+02 0.000000000000000000e+00 0.000000000000000000e+00 5.115169472904431499e-14
9.710000000000000000e+02 0.000000000000000000e+00 0.000000000000000000e+00 5.106640357848212218e-14
9.720000000000000000e+02 0.000000000000000000e+00 0.000000000000000000e+00 5.098130182429602605e-14
9.730000000000000000e+02 0.000000000000000000e+00 0.000000000000000000e+00 5.089638887955047205e-14
9.740000000000000000e+02 0.000000000000000000e+00 0.000000000000000000e+00 5.081166340822691400e-14
9.750000000000000000e+02 0.000000000000000000e+00 0.000000000000000000e+00 5.072712485502491827e-14
9.760000000000000000e+02 0.000000000000000000e+00 0.000000000000000000e+00 5.064277191100424555e-14
9.770000000000000000e+02 0.000000000000000000e+00 0.000000000000000000e+00 5.055860405993017954e-14
9.780000000000000000e+02 0.000000000000000000e+00 0.000000000000000000e+00 5.047462003315326769e-14
9.790000000000000000e+02 0.000000000000000000e+00 0.000000000000000000e+00 5.039081933663118643e-14
9.800000000000000000e+02 0.000000000000000000e+00 0.000000000000000000e+00 5.030720074682694560e-14
9.810000000000000000e+02 0.000000000000000000e+00 0.000000000000000000e+00 5.022376379763195667e-14
9.820000000000000000e+02 0.000000000000000000e+00 0.000000000000000000e+00 5.014050729256221078e-14
9.830000000000000000e+02 0.000000000000000000e+00 0.000000000000000000e+00 5.005743080944780094e-14
9.840000000000000000e+02 0.000000000000000000e+00 0.000000000000000000e+00 4.997453317723964490e-14
9.850000000000000000e+02 0.000000000000000000e+00 0.000000000000000000e+00 4.989181400927435774e-14
9.860000000000000000e+02 0.000000000000000000e+00 0.000000000000000000e+00 4.980927217479479253e-14
9.870000000000000000e+02 0.000000000000000000e+00 0.000000000000000000e+00 4.972690731134027129e-14
9.880000000000000000e+02 0.000000000000000000e+00 0.000000000000000000e+00 4.964471832308036272e-14
9.890000000000000000e+02 0.000000000000000000e+00 0.000000000000000000e+00 4.956270487990937371e-14
9.900000000000000000e+02 0.000000000000000000e+00 0.000000000000000000e+00 4.948086592862174134e-14
9.910000000000000000e+02 0.000000000000000000e+00 0.000000000000000000e+00 4.939920116099575221e-14
9.920000000000000000e+02 0.000000000000000000e+00 0.000000000000000000e+00 4.931770955802778515e-14
9.930000000000000000e+02 0.000000000000000000e+00 0.000000000000000000e+00 4.923639084851208053e-14
9.940000000000000000e+02 0.000000000000000000e+00 0.000000000000000000e+00 4.915524404372032488e-14
9.950000000000000000e+02 0.000000000000000000e+00 0.000000000000000000e+00 4.907426890360145057e-14
9.960000000000000000e+02 0.000000000000000000e+00 0.000000000000000000e+00 4.899346446934055404e-14
9.970000000000000000e+02 0.000000000000000000e+00 0.000000000000000000e+00 4.891283053272654623e-14
9.980000000000000000e+02 0.000000000000000000e+00 0.000000000000000000e+00 4.883236617515777478e-14
9.990000000000000000e+02 0.000000000000000000e+00 0.000000000000000000e+00 4.875207120736303834e-14
1.000000000000000000e+03 0.000000000000000000e+00 0.000000000000000000e+00 4.867194475414296588e-14
1.001000000000000000e+03 0.000000000000000000e+00 0.000000000000000000e+00 4.859198665216730854e-14
1.002000000000000000e+03 0.000000000000000000e+00 0.000000000000000000e+00 4.851219605919602967e-14
1.003000000000000000e+03 0.000000000000000000e+00 0.000000000000000000e+00 4.843257283914511372e-14
1.004000000000000000e+03 0.000000000000000000e+00 0.000000000000000000e+00 4.835311618590982502e-14
1.005000000000000000e+03 0.000000000000000000e+00 0.000000000000000000e+00 4.827382599120450192e-14
1.006000000000000000e+03 0.000000000000000000e+00 0.000000000000000000e+00 4.819470147740982265e-14
1.007000000000000000e+03 0.000000000000000000e+00 0.000000000000000000e+00 4.811574256550699134e-14
1.008000000000000000e+03 0.000000000000000000e+00 0.000000000000000000e+00 4.803694851146369512e-14
1.009000000000000000e+03 0.000000000000000000e+00 0.000000000000000000e+00 4.795831926302758623e-14
1.010000000000000000e+03 0.000000000000000000e+00 0.000000000000000000e+00 4.787985409808888471e-14
1.011000000000000000e+03 0.000000000000000000e+00 0.000000000000000000e+00 4.780155300352217572e-14
1.012000000000000000e+03 0.000000000000000000e+00 0.000000000000000000e+00 4.772341528717632563e-14
1.013000000000000000e+03 0.000000000000000000e+00 0.000000000000000000e+00 4.764544095725428247e-14
1.014000000000000000e+03 0.000000000000000000e+00 0.000000000000000000e+00 4.756762934462725646e-14
1.015000000000000000e+03 0.000000000000000000e+00 0.000000000000000000e+00 4.748998049533694393e-14
1.016000000000000000e+03 0.000000000000000000e+00 0.000000000000000000e+00 4.741249376529340413e-14
1.017000000000000000e+03 0.000000000000000000e+00 0.000000000000000000e+00 4.733516922911502164e-14
1.018000000000000000e+03 0.000000000000000000e+00 0.000000000000000000e+00 4.725800627377601171e-14
1.019000000000000000e+03 0.000000000000000000e+00 0.000000000000000000e+00 4.718100499699119889e-14
1.020000000000000000e+03 0.000000000000000000e+00 0.000000000000000000e+00 4.710416481205795087e-14
1.021000000000000000e+03 0.000000000000000000e+00 0.000000000000000000e+00 4.702748584062925940e-14
1.022000000000000000e+03 0.000000000000000000e+00 0.000000000000000000e+00 4.695096752762766710e-14
1.023000000000000000e+03 0.000000000000000000e+00 0.000000000000000000e+00 4.687461002003658406e-14
1.024000000000000000e+03 0.000000000000000000e+00 0.000000000000000000e+00 4.679841279226835711e-14
1.025000000000000000e+03 0.000000000000000000e+00 0.000000000000000000e+00 4.672237601201139501e-14
1.026000000000000000e+03 0.000000000000000000e+00 0.000000000000000000e+00 4.664649917149572399e-14
1.027000000000000000e+03 0.000000000000000000e+00 0.000000000000000000e+00 4.657078246520476399e-14
1.028000000000000000e+03 0.000000000000000000e+00 0.000000000000000000e+00 4.649522541351911207e-14
1.029000000000000000e+03 0.000000000000000000e+00 0.000000000000000000e+00 4.641982823636530633e-14
1.030000000000000000e+03 0.000000000000000000e+00 0.000000000000000000e+00 4.634459047984207151e-14
1.031000000000000000e+03 0.000000000000000000e+00 0.000000000000000000e+00 4.626951238076340033e-14
1.032000000000000000e+03 0.000000000000000000e+00 0.000000000000000000e+00 4.619459350654663010e-14
1.033000000000000000e+03 0.000000000000000000e+00 0.000000000000000000e+00 4.611983411852658600e-14
1.034000000000000000e+03 0.000000000000000000e+00 0.000000000000000000e+00 4.604523381208754829e-14
1.035000000000000000e+03 0.000000000000000000e+00 0.000000000000000000e+00 4.597079286194056427e-14
1.036000000000000000e+03 0.000000000000000000e+00 0.000000000000000000e+00 4.589651088530095816e-14
1.037000000000000000e+03 0.000000000000000000e+00 0.000000000000000000e+00 4.582238818400174920e-14
1.038000000000000000e+03 0.000000000000000000e+00 0.000000000000000000e+00 4.574842438816894220e-14
1.039000000000000000e+03 0.000000000000000000e+00 0.000000000000000000e+00 4.567461982637583326e-14
1.040000000000000000e+03 0.000000000000000000e+00 0.000000000000000000e+00 4.560097414169004374e-14
1.041000000000000000e+03 0.000000000000000000e+00 0.000000000000000000e+00 4.552748768003552456e-14
1.042000000000000000e+03 0.000000000000000000e+00 0.000000000000000000e+00 4.545416011324206232e-14
1.043000000000000000e+03 0.000000000000000000e+00 0.000000000000000000e+00 4.538099179526527846e-14
1.044000000000000000e+03 0.000000000000000000e+00 0.000000000000000000e+00 4.530798242090660809e-14
1.045000000000000000e+03 0.000000000000000000e+00 0.000000000000000000e+00 4.523513235672728496e-14
1.046000000000000000e+03 0.000000000000000000e+00 0.000000000000000000e+00 4.516244130811212100e-14
1.047000000000000000e+03 0.000000000000000000e+00 0.000000000000000000e+00 4.508990966813251294e-14
1.048000000000000000e+03 0.000000000000000000e+00 0.000000000000000000e+00 4.501753715055047695e-14
1.049000000000000000e+03 0.000000000000000000e+00 0.000000000000000000e+00 4.494532416295664086e-14
1.050000000000000000e+03 0.000000000000000000e+00 0.000000000000000000e+00 4.487327044487369654e-14
1.051000000000000000e+03 0.000000000000000000e+00 0.000000000000000000e+00 4.480137640412680330e-14
1.052000000000000000e+03 0.000000000000000000e+00 0.000000000000000000e+00 4.472964180161695393e-14
1.053000000000000000e+03 0.000000000000000000e+00 0.000000000000000000e+00 4.465806705475690863e-14
1.054000000000000000e+03 0.000000000000000000e+00 0.000000000000000000e+00 4.458665193017937838e-14
1.055000000000000000e+03 0.000000000000000000e+00 0.000000000000000000e+00 4.451539686703644491e-14
1.056000000000000000e+03 0.000000000000000000e+00 0.000000000000000000e+00 4.444430163921415541e-14
1.057000000000000000e+03 0.000000000000000000e+00 0.000000000000000000e+00 4.437336669560491596e-14
1.058000000000000000e+03 0.000000000000000000e+00 0.000000000000000000e+00 4.430259182484307110e-14
1.059000000000000000e+03 0.000000000000000000e+00 0.000000000000000000e+00 4.423197747103892686e-14
1.060000000000000000e+03 0.000000000000000000e+00 0.000000000000000000e+00 4.416152344076708356e-14
1.061000000000000000e+03 0.000000000000000000e+00 0.000000000000000000e+00 4.409123019167326148e-14
1.062000000000000000e+03 0.000000000000000000e+00 0.000000000000000000e+00 4.402109752605132933e-14
1.063000000000000000e+03 0.000000000000000000e+00 0.000000000000000000e+00 4.395112591351278407e-14
1.064000000000000000e+03 0.000000000000000000e+00 0.000000000000000000e+00 4.388131516526054238e-14
1.065000000000000000e+03 0.000000000000000000e+00 0.000000000000000000e+00 4.381166574632002363e-14
1.066000000000000000e+03 0.000000000000000000e+00 0.000000000000000000e+00 4.374217748297349207e-14
1.067000000000000000e+03 0.000000000000000000e+00 0.000000000000000000e+00 4.367285084156661101e-14
1.068000000000000000e+03 0.000000000000000000e+00 0.000000000000000000e+00 4.360368564723710849e-14
1.069000000000000000e+03 0.000000000000000000e+00 0.000000000000000000e+00 4.353468236884170567e-14
1.070000000000000000e+03 0.000000000000000000e+00 0.000000000000000000e+00 4.346584084166040797e-14
1.071000000000000000e+03 0.000000000000000000e+00 0.000000000000000000e+00 4.339716153179255845e-14
1.072000000000000000e+03 0.000000000000000000e+00 0.000000000000000000e+00 4.332864426828365596e-14
1.073000000000000000e+03 0.000000000000000000e+00 0.000000000000000000e+00 4.326028952277453899e-14
1.074000000000000000e+03 0.000000000000000000e+00 0.000000000000000000e+00 4.319209712407033730e-14
1.075000000000000000e+03 0.000000000000000000e+00 0.000000000000000000e+00 4.312406753736890266e-14
1.076000000000000000e+03 0.000000000000000000e+00 0.000000000000000000e+00 4.305620059171017401e-14
1.077000000000000000e+03 0.000000000000000000e+00 0.000000000000000000e+00 4.298849675092852961e-14
1.078000000000000000e+03 0.000000000000000000e+00 0.000000000000000000e+00 4.292095584351689964e-14
1.079000000000000000e+03 0.000000000000000000e+00 0.000000000000000000e+00 4.285357832304537028e-14
1.080000000000000000e+03 0.000000000000000000e+00 0.000000000000000000e+00 4.278636402197253861e-14
1.081000000000000000e+03 0.000000000000000000e+00 0.000000000000000000e+00 4.271931338555870575e-14
1.082000000000000000e+03 0.000000000000000000e+00 0.000000000000000000e+00 4.265242623737027718e-14
1.083000000000000000e+03 0.000000000000000000e+00 0.000000000000000000e+00 4.258570301686199217e-14
1.084000000000000000e+03 0.000000000000000000e+00 0.000000000000000000e+00 4.251914354383621584e-14
1.085000000000000000e+03 0.000000000000000000e+00 0.000000000000000000e+00 4.245274824750052946e-14
1.086000000000000000e+03 0.000000000000000000e+00 0.000000000000000000e+00 4.238651694973501263e-14
1.087000000000000000e+03 0.000000000000000000e+00 0.000000000000000000e+00 4.232045006150048366e-14
1.088000000000000000e+03 0.000000000000000000e+00 0.000000000000000000e+00 4.225454739162675736e-14
1.089000000000000000e+03 0.000000000000000000e+00 0.000000000000000000e+00 4.218880934658496063e-14
1.090000000000000000e+03 0.000000000000000000e+00 0.000000000000000000e+00 4.212323572743515849e-14
1.091000000000000000e+03 0.000000000000000000e+00 0.000000000000000000e+00 4.205782692588577904e-14
1.092000000000000000e+03 0.000000000000000000e+00 0.000000000000000000e+00 4.199258273681057696e-14
1.093000000000000000e+03 0.000000000000000000e+00 0.000000000000000000e+00 4.192750353705706522e-14
1.094000000000000000e+03 0.000000000000000000e+00 0.000000000000000000e+00 4.186258911053824322e-14
1.095000000000000000e+03 0.000000000000000000e+00 0.000000000000000000e+00 4.179783982132386955e-14
1.096000000000000000e+03 0.000000000000000000e+00 0.000000000000000000e+00 4.173325544195734384e-14
1.097000000000000000e+03 0.000000000000000000e+00 0.000000000000000000e+00 4.166883631534104621e-14
1.098000000000000000e+03 0.000000000000000000e+00 0.000000000000000000e+00 4.160458220138329845e-14
1.099000000000000000e+03 0.000000000000000000e+00 0.000000000000000000e+00 4.154049343074609206e-14
1.100000000000000000e+03 0.000000000000000000e+00 0.000000000000000000e+00 4.147656974483950965e-14
1.101000000000000000e+03 0.000000000000000000e+00 0.000000000000000000e+00 4.141281146025781775e-14
1.102000000000000000e+03 0.000000000000000000e+00 0.000000000000000000e+00 4.134921829628117137e-14
1.103000000000000000e+03 0.000000000000000000e+00 0.000000000000000000e+00 4.128579055714757421e-14
1.104000000000000000e+03 0.000000000000000000e+00 0.000000000000000000e+00 4.122252794361300434e-14
1.105000000000000000e+03 0.000000000000000000e+00 0.000000000000000000e+00 4.115943073932023837e-14
1.106000000000000000e+03 0.000000000000000000e+00 0.000000000000000000e+00 4.109649863274951214e-14
1.107000000000000000e+03 0.000000000000000000e+00 0.000000000000000000e+00 4.103373188211352239e-14
1.108000000000000000e+03 0.000000000000000000e+00 0.000000000000000000e+00 4.097113016219850445e-14
1.109000000000000000e+03 0.000000000000000000e+00 0.000000000000000000e+00 4.090869371183205318e-14
1.110000000000000000e+03 0.000000000000000000e+00 0.000000000000000000e+00 4.084642218352018885e-14
1.111000000000000000e+03 0.000000000000000000e+00 0.000000000000000000e+00 4.078431579995905813e-14
1.112000000000000000e+03 0.000000000000000000e+00 0.000000000000000000e+00 4.072237418910198513e-14
1.113000000000000000e+03 0.000000000000000000e+00 0.000000000000000000e+00 4.066059755338463781e-14
1.114000000000000000e+03 0.000000000000000000e+00 0.000000000000000000e+00 4.059898550055243759e-14
1.115000000000000000e+03 0.000000000000000000e+00 0.000000000000000000e+00 4.053753820899454622e-14
1.116000000000000000e+03 0.000000000000000000e+00 0.000000000000000000e+00 4.047625526471610433e-14
1.117000000000000000e+03 0.000000000000000000e+00 0.000000000000000000e+00 4.041513682263727680e-14
1.118000000000000000e+03 0.000000000000000000e+00 0.000000000000000000e+00 4.035418245029345238e-14
1.119000000000000000e+03 0.000000000000000000e+00 0.000000000000000000e+00 4.029339227475694580e-14
1.120000000000000000e+03 0.000000000000000000e+00 0.000000000000000000e+00 4.023276584661678536e-14
1.121000000000000000e+03 0.000000000000000000e+00 0.000000000000000000e+00 4.017230326103846223e-14
1.122000000000000000e+03 0.000000000000000000e+00 0.000000000000000000e+00 4.011200405031472026e-14
1.123000000000000000e+03 0.000000000000000000e+00 0.000000000000000000e+00 4.005186828739044818e-14
1.124000000000000000e+03 0.000000000000000000e+00 0.000000000000000000e+00 3.999189547777868888e-14
1.125000000000000000e+03 0.000000000000000000e+00 0.000000000000000000e+00 3.993208567320751947e-14
1.126000000000000000e+03 0.000000000000000000e+00 0.000000000000000000e+00 3.987243835366520180e-14
1.127000000000000000e+03 0.000000000000000000e+00 0.000000000000000000e+00 3.981295354707274815e-14
1.128000000000000000e+03 0.000000000000000000e+00 0.000000000000000000e+00 3.975363071035361057e-14
1.129000000000000000e+03 0.000000000000000000e+00 0.000000000000000000e+00 3.969446984293871111e-14
1.130000000000000000e+03 0.000000000000000000e+00 0.000000000000000000e+00 3.963547038033052035e-14
1.131000000000000000e+03 0.000000000000000000e+00 0.000000000000000000e+00 3.957663230076863837e-14
1.132000000000000000e+03 0.000000000000000000e+00 0.000000000000000000e+00 3.951795501181879043e-14
1.133000000000000000e+03 0.000000000000000000e+00 0.000000000000000000e+00 3.945943846680359712e-14
1.134000000000000000e+03 0.000000000000000000e+00 0.000000000000000000e+00 3.940108204782243516e-14
1.135000000000000000e+03 0.000000000000000000e+00 0.000000000000000000e+00 3.934288568083838618e-14
1.136000000000000000e+03 0.000000000000000000e+00 0.000000000000000000e+00 3.928484872963177905e-14
1.137000000000000000e+03 0.000000000000000000e+00 0.000000000000000000e+00 3.922697109006814643e-14
1.138000000000000000e+03 0.000000000000000000e+00 0.000000000000000000e+00 3.916925210249404137e-14
1.139000000000000000e+03 0.000000000000000000e+00 0.000000000000000000e+00 3.911169163763878945e-14
1.140000000000000000e+03 0.000000000000000000e+00 0.000000000000000000e+00 3.905428901464905787e-14
1.141000000000000000e+03 0.000000000000000000e+00 0.000000000000000000e+00 3.899704407768355726e-14
1.142000000000000000e+03 0.000000000000000000e+00 0.000000000000000000e+00 3.893995612289161471e-14
1.143000000000000000e+03 0.000000000000000000e+00 0.000000000000000000e+00 3.888302497401308411e-14
1.144000000000000000e+03 0.000000000000000000e+00 0.000000000000000000e+00 3.882624990370223800e-14
1.145000000000000000e+03 0.000000000000000000e+00 0.000000000000000000e+00 3.876963070567410167e-14
1.146000000000000000e+03 0.000000000000000000e+00 0.000000000000000000e+00 3.871316663568507375e-14
1.147000000000000000e+03 0.000000000000000000e+00 0.000000000000000000e+00 3.865685746506062834e-14
1.148000000000000000e+03 0.000000000000000000e+00 0.000000000000000000e+00 3.860070242673584092e-14
1.149000000000000000e+03 0.000000000000000000e+00 0.000000000000000000e+00 3.854470126538960018e-14
1.150000000000000000e+03 0.000000000000000000e+00 0.000000000000000000e+00 3.848885319348963829e-14
1.151000000000000000e+03 0.000000000000000000e+00 0.000000000000000000e+00 3.843315793626989595e-14
1.152000000000000000e+03 0.000000000000000000e+00 0.000000000000000000e+00 3.837761468616836530e-14
1.153000000000000000e+03 0.000000000000000000e+00 0.000000000000000000e+00 3.832222314297826700e-14
1.154000000000000000e+03 0.000000000000000000e+00 0.000000000000000000e+00 3.826698248033628627e-14
1.155000000000000000e+03 0.000000000000000000e+00 0.000000000000000000e+00 3.821189237429822593e-14
1.156000000000000000e+03 0.000000000000000000e+00 0.000000000000000000e+00 3.815695198594482556e-14
1.157000000000000000e+03 0.000000000000000000e+00 0.000000000000000000e+00 3.810216096989866972e-14
1.158000000000000000e+03 0.000000000000000000e+00 0.000000000000000000e+00 3.804751846533787594e-14
1.159000000000000000e+03 0.000000000000000000e+00 0.000000000000000000e+00 3.799302410517502129e-14
1.160000000000000000e+03 0.000000000000000000e+00 0.000000000000000000e+00 3.793867701211513524e-14
1.161000000000000000e+03 0.000000000000000000e+00 0.000000000000000000e+00 3.788447680109040183e-14
1.162000000000000000e+03 0.000000000000000000e+00 0.000000000000000000e+00 3.783042257929451640e-14
1.163000000000000000e+03 0.000000000000000000e+00 0.000000000000000000e+00 3.777651393933331537e-14
1.164000000000000000e+03 0.000000000000000000e+00 0.000000000000000000e+00 3.772274997007384791e-14
1.165000000000000000e+03 0.000000000000000000e+00 0.000000000000000000e+00 3.766913024619694177e-14
1.166000000000000000e+03 0.000000000000000000e+00 0.000000000000000000e+00 3.761565383919422737e-14
1.167000000000000000e+03 0.000000000000000000e+00 0.000000000000000000e+00 3.756232031156376222e-14
1.168000000000000000e+03 0.000000000000000000e+00 0.000000000000000000e+00 3.750912871849668513e-14
1.169000000000000000e+03 0.000000000000000000e+00 0.000000000000000000e+00 3.745607860710342550e-14
1.170000000000000000e+03 0.000000000000000000e+00 0.000000000000000000e+00 3.740316901644034178e-14
1.171000000000000000e+03 0.000000000000000000e+00 0.000000000000000000e+00 3.735039947868951009e-14
1.172000000000000000e+03 0.000000000000000000e+00 0.000000000000000000e+00 3.729776902162596578e-14
1.173000000000000000e+03 0.000000000000000000e+00 0.000000000000000000e+00 3.724527716448381335e-14
1.174000000000000000e+03 0.000000000000000000e+00 0.000000000000000000e+00 3.719292292210677726e-14
1.175000000000000000e+03 0.000000000000000000e+00 0.000000000000000000e+00 3.714070579519105260e-14
1.176000000000000000e+03 0.000000000000000000e+00 0.000000000000000000e+00 3.708862479148862420e-14
1.177000000000000000e+03 0.000000000000000000e+00 0.000000000000000000e+00 3.703667939998416348e-14
1.178000000000000000e+03 0.000000000000000000e+00 0.000000000000000000e+00 3.698486861330905343e-14
1.179000000000000000e+03 0.000000000000000000e+00 0.000000000000000000e+00 3.693319191326377135e-14
1.180000000000000000e+03 0.000000000000000000e+00 0.000000000000000000e+00 3.688164828111376706e-14
1.181000000000000000e+03 0.000000000000000000e+00 0.000000000000000000e+00 3.683023718899978354e-14
1.182000000000000000e+03 0.000000000000000000e+00 0.000000000000000000e+00 3.677895761069586250e-14
1.183000000000000000e+03 0.000000000000000000e+00 0.000000000000000000e+00 3.672780900534987964e-14
1.184000000000000000e+03 0.000000000000000000e+00 0.000000000000000000e+00 3.667679034257496355e-14
1.185000000000000000e+03 0.000000000000000000e+00 0.000000000000000000e+00 3.662590107374460164e-14
1.186000000000000000e+03 0.000000000000000000e+00 0.000000000000000000e+00 3.657514016260866019e-14
1.187000000000000000e+03 0.000000000000000000e+00 0.000000000000000000e+00 3.652450704987198335e-14
1.188000000000000000e+03 0.000000000000000000e+00 0.000000000000000000e+00 3.647400069576762607e-14
1.189000000000000000e+03 0.000000000000000000e+00 0.000000000000000000e+00 3.642362053293602739e-14
1.190000000000000000e+03 0.000000000000000000e+00 0.000000000000000000e+00 3.637336551208137050e-14
1.191000000000000000e+03 0.000000000000000000e+00 0.000000000000000000e+00 3.632323506679031099e-14
1.192000000000000000e+03 0.000000000000000000e+00 0.000000000000000000e+00 3.627322814131604312e-14
1.193000000000000000e+03 0.000000000000000000e+00 0.000000000000000000e+00 3.622334416139962214e-14
1.194000000000000000e+03 0.000000000000000000e+00 0.000000000000000000e+00 3.617358206939130153e-14
1.195000000000000000e+03 0.000000000000000000e+00 0.000000000000000000e+00 3.612394128571591454e-14
1.196000000000000000e+03 0.000000000000000000e+00 0.000000000000000000e+00 3.607442075434531608e-14
1.197000000000000000e+03 0.000000000000000000e+00 0.000000000000000000e+00 3.602501989051109136e-14
1.198000000000000000e+03 0.000000000000000000e+00 0.000000000000000000e+00 3.597573764051798416e-14
1.199000000000000000e+03 0.000000000000000000e+00 0.000000000000000000e+00 3.592657341764242264e-14
1.200000000000000000e+03 0.000000000000000000e+00 0.000000000000000000e+00 3.587752616571830572e-14
1.201000000000000000e+03 0.000000000000000000e+00 0.000000000000000000e+00 3.582859529924940290e-14
1.202000000000000000e+03 0.000000000000000000e+00 0.000000000000000000e+00 3.577977976375615984e-14
1.203000000000000000e+03 0.000000000000000000e+00 0.000000000000000000e+00 3.573107897229837088e-14
1.204000000000000000e+03 0.000000000000000000e+00 0.000000000000000000e+00 3.568249187320299003e-14
1.205000000000000000e+03 0.000000000000000000e+00 0.000000000000000000e+00 3.563401788247030643e-14
1.206000000000000000e+03 0.000000000000000000e+00 0.000000000000000000e+00 3.558565594544046367e-14
1.207000000000000000e+03 0.000000000000000000e+00 0.000000000000000000e+00 3.553740548347195293e-14
1.208000000000000000e+03 0.000000000000000000e+00 0.000000000000000000e+00 3.548926544568234984e-14
1.209000000000000000e+03 0.000000000000000000e+00 0.000000000000000000e+00 3.544123525565576200e-14
1.210000000000000000e+03 0.000000000000000000e+00 0.000000000000000000e+00 3.539331386837926252e-14
1.211000000000000000e+03 0.000000000000000000e+00 0.000000000000000000e+00 3.534550070599316683e-14
1.212000000000000000e+03 0.000000000000000000e+00 0.000000000000000000e+00 3.529779473409139508e-14
1.213000000000000000e+03 0.000000000000000000e+00 0.000000000000000000e+00 3.525019537760523366e-14
1.214000000000000000e+03 0.000000000000000000e+00 0.000000000000000000e+00 3.520270160787267760e-14
1.215000000000000000e+03 0.000000000000000000e+00 0.000000000000000000e+00 3.515531285072070489e-14
1.216000000000000000e+03 0.000000000000000000e+00 0.000000000000000000e+00 3.510802809059865215e-14
1.217000000000000000e+03 0.000000000000000000e+00 0.000000000000000000e+00 3.506084675670169992e-14
1.218000000000000000e+03 0.000000000000000000e+00 0.000000000000000000e+00 3.501376783871910818e-14
1.219000000000000000e+03 0.000000000000000000e+00 0.000000000000000000e+00 3.496679077622039249e-14
1.220000000000000000e+03 0.000000000000000000e+00 0.000000000000000000e+00 3.491991456480741996e-14
1.221000000000000000e+03 0.000000000000000000e+00 0.000000000000000000e+00 3.487313865179139775e-14
1.222000000000000000e+03 0.000000000000000000e+00 0.000000000000000000e+00 3.482646204187718084e-14
1.223000000000000000e+03 0.000000000000000000e+00 0.000000000000000000e+00 3.477988419047901673e-14
1.224000000000000000e+03 0.000000000000000000e+00 0.000000000000000000e+00 3.473340410649087057e-14
1.225000000000000000e+03 0.000000000000000000e+00 0.000000000000000000e+00 3.468702125689372284e-14
1.226000000000000000e+03 0.000000000000000000e+00 0.000000000000000000e+00 3.464073466108579593e-14
1.227000000000000000e+03 0.000000000000000000e+00 0.000000000000000000e+00 3.459454379113833100e-14
1.228000000000000000e+03 0.000000000000000000e+00 0.000000000000000000e+00 3.454844767690659592e-14
1.229000000000000000e+03 0.000000000000000000e+00 0.000000000000000000e+00 3.450244579979510399e-14
1.230000000000000000e+03 0.000000000000000000e+00 0.000000000000000000e+00 3.445653720071238332e-14
1.231000000000000000e+03 0.000000000000000000e+00 0.000000000000000000e+00 3.441072137105067095e-14
1.232000000000000000e+03 0.000000000000000000e+00 0.000000000000000000e+00 3.436499736336419611e-14
1.233000000000000000e+03 0.000000000000000000e+00 0.000000000000000000e+00 3.431936467971924120e-14
1.234000000000000000e+03 0.000000000000000000e+00 0.000000000000000000e+00 3.427382238522177170e-14
1.235000000000000000e+03 0.000000000000000000e+00 0.000000000000000000e+00 3.422836999092074078e-14
1.236000000000000000e+03 0.000000000000000000e+00 0.000000000000000000e+00 3.418300657497892942e-14
1.237000000000000000e+03 0.000000000000000000e+00 0.000000000000000000e+00 3.413773166142473481e-14
1.238000000000000000e+03 0.000000000000000000e+00 0.000000000000000000e+00 3.409254433986551106e-14
1.239000000000000000e+03 0.000000000000000000e+00 0.000000000000000000e+00 3.404744414232408536e-14
1.240000000000000000e+03 0.000000000000000000e+00 0.000000000000000000e+00 3.400243017408825248e-14
1.241000000000000000e+03 0.000000000000000000e+00 0.000000000000000000e+00 3.395750197971556172e-14
1.242000000000000000e+03 0.000000000000000000e+00 0.000000000000000000e+00 3.391265867509603530e-14
1.243000000000000000e+03 0.000000000000000000e+00 0.000000000000000000e+00 3.386789981826031045e-14
1.244000000000000000e+03 0.000000000000000000e+00 0.000000000000000000e+00 3.382322453998959154e-14
1.245000000000000000e+03 0.000000000000000000e+00 0.000000000000000000e+00 3.377863240714617336e-14
1.246000000000000000e+03 0.000000000000000000e+00 0.000000000000000000e+00 3.373412256809233191e-14
1.247000000000000000e+03 0.000000000000000000e+00 0.000000000000000000e+00 3.368969460202266868e-14
1.248000000000000000e+03 0.000000000000000000e+00 0.000000000000000000e+00 3.364534767390450211e-14
1.249000000000000000e+03 0.000000000000000000e+00 0.000000000000000000e+00 3.360108137488189041e-14
1.250000000000000000e+03 0.000000000000000000e+00 0.000000000000000000e+00 3.355689488023251357e-14
1.251000000000000000e+03 0.000000000000000000e+00 0.000000000000000000e+00 3.351278780113178544e-14
1.252000000000000000e+03 0.000000000000000000e+00 0.000000000000000000e+00 3.346875932230722022e-14
1.253000000000000000e+03 0.000000000000000000e+00 0.000000000000000000e+00 3.342480906565385433e-14
1.254000000000000000e+03 0.000000000000000000e+00 0.000000000000000000e+00 3.338093623277521495e-14
1.255000000000000000e+03 0.000000000000000000e+00 0.000000000000000000e+00 3.333714045828242292e-14
1.256000000000000000e+03 0.000000000000000000e+00 0.000000000000000000e+00 3.329342095640380280e-14
1.257000000000000000e+03 0.000000000000000000e+00 0.000000000000000000e+00 3.324977737608246248e-14
1.258000000000000000e+03 0.000000000000000000e+00 0.000000000000000000e+00 3.320620894785479753e-14
1.259000000000000000e+03 0.000000000000000000e+00 0.000000000000000000e+00 3.316271533203209570e-14
1.260000000000000000e+03 0.000000000000000000e+00 0.000000000000000000e+00 3.311929577753645598e-14
1.261000000000000000e+03 0.000000000000000000e+00 0.000000000000000000e+00 3.307594995731091181e-14
1.262000000000000000e+03 0.000000000000000000e+00 0.000000000000000000e+00 3.303267713451558014e-14
1.263000000000000000e+03 0.000000000000000000e+00 0.000000000000000000e+00 3.298947699830119073e-14
1.264000000000000000e+03 0.000000000000000000e+00 0.000000000000000000e+00 3.294634882765322442e-14
1.265000000000000000e+03 0.000000000000000000e+00 0.000000000000000000e+00 3.290329232402912702e-14
1.266000000000000000e+03 0.000000000000000000e+00 0.000000000000000000e+00 3.286030678096421826e-14
1.267000000000000000e+03 0.000000000000000000e+00 0.000000000000000000e+00 3.281739191573617074e-14
1.268000000000000000e+03 0.000000000000000000e+00 0.000000000000000000e+00 3.277454703633568804e-14
1.269000000000000000e+03 0.000000000000000000e+00 0.000000000000000000e+00 3.273177187396400814e-14
1.270000000000000000e+03 0.000000000000000000e+00 0.000000000000000000e+00 3.268906575228169820e-14
1.271000000000000000e+03 0.000000000000000000e+00 0.000000000000000000e+00 3.264642841648248278e-14
1.272000000000000000e+03 0.000000000000000000e+00 0.000000000000000000e+00 3.260385920687820502e-14
1.273000000000000000e+03 0.000000000000000000e+00 0.000000000000000000e+00 3.256135788373091195e-14
1.274000000000000000e+03 0.000000000000000000e+00 0.000000000000000000e+00 3.251892380457005541e-14
1.275000000000000000e+03 0.000000000000000000e+00 0.000000000000000000e+00 3.247655674392271726e-14
1.276000000000000000e+03 0.000000000000000000e+00 0.000000000000000000e+00 3.243425607501860619e-14
1.277000000000000000e+03 0.000000000000000000e+00 0.000000000000000000e+00 3.239202158811888094e-14
1.278000000000000000e+03 0.000000000000000000e+00 0.000000000000000000e+00 3.234985266963991851e-14
1.279000000000000000e+03 0.000000000000000000e+00 0.000000000000000000e+00 3.230774912586351930e-14
1.280000000000000000e+03 0.000000000000000000e+00 0.000000000000000000e+00 3.226571035939637644e-14
1.281000000000000000e+03 0.000000000000000000e+00 0.000000000000000000e+00 3.222373619132126469e-14
1.282000000000000000e+03 0.000000000000000000e+00 0.000000000000000000e+00 3.218182603919305296e-14
1.283000000000000000e+03 0.000000000000000000e+00 0.000000000000000000e+00 3.213997973607972391e-14
1.284000000000000000e+03 0.000000000000000000e+00 0.000000000000000000e+00 3.209819671643913849e-14
1.285000000000000000e+03 0.000000000000000000e+00 0.000000000000000000e+00 3.205647682659934329e-14
1.286000000000000000e+03 0.000000000000000000e+00 0.000000000000000000e+00 3.201481952036255803e-14
1.287000000000000000e+03 0.000000000000000000e+00 0.000000000000000000e+00 3.197322465754436283e-14
1.288000000000000000e+03 0.000000000000000000e+00 0.000000000000000000e+00 3.193169170678082518e-14
1.289000000000000000e+03 0.000000000000000000e+00 0.000000000000000000e+00 3.189022054913666751e-14
1.290000000000000000e+03 0.000000000000000000e+00 0.000000000000000000e+00 3.184881066864228755e-14
1.291000000000000000e+03 0.000000000000000000e+00 0.000000000000000000e+00 3.180746195940314941e-14
1.292000000000000000e+03 0.000000000000000000e+00 0.000000000000000000e+00 3.176617392511429343e-14
1.293000000000000000e+03 0.000000000000000000e+00 0.000000000000000000e+00 3.172494647479998231e-14
1.294000000000000000e+03 0.000000000000000000e+00 0.000000000000000000e+00 3.168377912808395472e-14
1.295000000000000000e+03 0.000000000000000000e+00 0.000000000000000000e+00 3.164267180871456216e-14
1.296000000000000000e+03 0.000000000000000000e+00 0.000000000000000000e+00 3.160162405712345362e-14
1.297000000000000000e+03 0.000000000000000000e+00 0.000000000000000000e+00 3.156063580985083980e-14
1.298000000000000000e+03 0.000000000000000000e+00 0.000000000000000000e+00 3.151970662315154367e-14
1.299000000000000000e+03 0.000000000000000000e+00 0.000000000000000000e+00 3.147883644856207223e-14
1.300000000000000000e+03 0.000000000000000000e+00 0.000000000000000000e+00 3.143802486280207370e-14
1.301000000000000000e+03 0.000000000000000000e+00 0.000000000000000000e+00 3.139727183090262525e-14
1.302000000000000000e+03 0.000000000000000000e+00 0.000000000000000000e+00 3.135657694772495450e-14
1.303000000000000000e+03 0.000000000000000000e+00 0.000000000000000000e+00 3.131594019359112181e-14
1.304000000000000000e+03 0.000000000000000000e+00 0.000000000000000000e+00 3.127536117848301341e-14
1.305000000000000000e+03 0.000000000000000000e+00 0.000000000000000000e+00 3.123483989898014105e-14
1.306000000000000000e+03 0.000000000000000000e+00 0.000000000000000000e+00 3.119437598405693670e-14
1.307000000000000000e+03 0.000000000000000000e+00 0.000000000000000000e+00 3.115396944700280361e-14
1.308000000000000000e+03 0.000000000000000000e+00 0.000000000000000000e+00 3.111361992980977341e-14
1.309000000000000000e+03 0.000000000000000000e+00 0.000000000000000000e+00 3.107332746448540400e-14
1.310000000000000000e+03 0.000000000000000000e+00 0.000000000000000000e+00 3.103309170902452778e-14
1.311000000000000000e+03 0.000000000000000000e+00 0.000000000000000000e+00 3.099291270943068546e-14
1.312000000000000000e+03 0.000000000000000000e+00 0.000000000000000000e+00 3.095279014099824607e-14
1.313000000000000000e+03 0.000000000000000000e+00 0.000000000000000000e+00 3.091272406519312458e-14
1.314000000000000000e+03 0.000000000000000000e+00 0.000000000000000000e+00 3.087271417491927422e-14
1.315000000000000000e+03 0.000000000000000000e+00 0.000000000000000000e+00 3.083276054242813084e-14
1.316000000000000000e+03 0.000000000000000000e+00 0.000000000000000000e+00 3.079286287635454386e-14
1.317000000000000000e+03 0.000000000000000000e+00 0.000000000000000000e+00 3.075302126438576084e-14
1.318000000000000000e+03 0.000000000000000000e+00 0.000000000000000000e+00 3.071323542993773888e-14
1.319000000000000000e+03 0.000000000000000000e+00 0.000000000000000000e+00 3.067350547659178973e-14
1.320000000000000000e+03 0.000000000000000000e+00 0.000000000000000000e+00 3.063383113998260645e-14
1.321000000000000000e+03 0.000000000000000000e+00 0.000000000000000000e+00 3.059421253689828190e-14
1.322000000000000000e+03 0.000000000000000000e+00 0.000000000000000000e+00 3.055464942017401534e-14
1.323000000000000000e+03 0.000000000000000000e+00 0.000000000000000000e+00 3.051514191926934080e-14
1.324000000000000000e+03 0.000000000000000000e+00 0.000000000000000000e+00 3.047568980438957514e-14
1.325000000000000000e+03 0.000000000000000000e+00 0.000000000000000000e+00 3.043629321803104973e-14
1.326000000000000000e+03 0.000000000000000000e+00 0.000000000000000000e+00 3.039695194493917003e-14
1.327000000000000000e+03 0.000000000000000000e+00 0.000000000000000000e+00 3.035766614090447322e-14
1.328000000000000000e+03 0.000000000000000000e+00 0.000000000000000000e+00 3.031843560355054428e-14
1.329000000000000000e+03 0.000000000000000000e+00 0.000000000000000000e+00 3.027926050192723965e-14
1.330000000000000000e+03 0.000000000000000000e+00 0.000000000000000000e+00 3.024014064575123681e-14
1.331000000000000000e+03 0.000000000000000000e+00 0.000000000000000000e+00 3.020107621814805629e-14
1.332000000000000000e+03 0.000000000000000000e+00 0.000000000000000000e+00 3.016206704394044344e-14
1.333000000000000000e+03 0.000000000000000000e+00 0.000000000000000000e+00 3.012311331676554082e-14
1.334000000000000000e+03 0.000000000000000000e+00 0.000000000000000000e+00 3.008421487409272685e-14
1.335000000000000000e+03 0.000000000000000000e+00 0.000000000000000000e+00 3.004537192294481993e-14
1.336000000000000000e+03 0.000000000000000000e+00 0.000000000000000000e+00 3.000658431480697853e-14
1.337000000000000000e+03 0.000000000000000000e+00 0.000000000000000000e+00 2.996785226789576798e-14
1.338000000000000000e+03 0.000000000000000000e+00 0.000000000000000000e+00 2.992917564512280131e-14
1.339000000000000000e+03 0.000000000000000000e+00 0.000000000000000000e+00 2.989055467687443890e-14
1.340000000000000000e+03 0.000000000000000000e+00 0.000000000000000000e+00 2.985198924059094703e-14
1.341000000000000000e+03 0.000000000000000000e+00 0.000000000000000000e+00 2.981347957500923314e-14
1.342000000000000000e+03 0.000000000000000000e+00 0.000000000000000000e+00 2.977502556971852633e-14
1.343000000000000000e+03 0.000000000000000000e+00 0.000000000000000000e+00 2.973662747505860314e-14
1.344000000000000000e+03 0.000000000000000000e+00 0.000000000000000000e+00 2.969828518975155626e-14
1.345000000000000000e+03 0.000000000000000000e+00 0.000000000000000000e+00 2.965999897524145864e-14
1.346000000000000000e+03 0.000000000000000000e+00 0.000000000000000000e+00 2.962176873910480494e-14
1.347000000000000000e+03 0.000000000000000000e+00 0.000000000000000000e+00 2.958359475219503061e-14
1.348000000000000000e+03 0.000000000000000000e+00 0.000000000000000000e+00 2.954547693535163513e-14
1.349000000000000000e+03 0.000000000000000000e+00 0.000000000000000000e+00 2.950741556741209621e-14
1.350000000000000000e+03 0.000000000000000000e+00 0.000000000000000000e+00 2.946941057978810728e-14
1.351000000000000000e+03 0.000000000000000000e+00 0.000000000000000000e+00 2.943146225929490270e-14
1.352000000000000000e+03 0.000000000000000000e+00 0.000000000000000000e+00 2.939357054976186260e-14
1.353000000000000000e+03 0.000000000000000000e+00 0.000000000000000000e+00 2.935573574665104564e-14
1.354000000000000000e+03 0.000000000000000000e+00 0.000000000000000000e+00 2.931795780486353893e-14
1.355000000000000000e+03 0.000000000000000000e+00 0.000000000000000000e+00 2.928023702619928001e-14
1.356000000000000000e+03 0.000000000000000000e+00 0.000000000000000000e+00 2.924257337597252822e-14
1.357000000000000000e+03 0.000000000000000000e+00 0.000000000000000000e+00 2.920496716522990154e-14
1.358000000000000000e+03 0.000000000000000000e+00 0.000000000000000000e+00 2.916741836580736803e-14
1.359000000000000000e+03 0.000000000000000000e+00 0.000000000000000000e+00 2.912992729621271834e-14
1.360000000000000000e+03 0.000000000000000000e+00 0.000000000000000000e+00 2.909249393616921691e-14
1.361000000000000000e+03 0.000000000000000000e+00 0.000000000000000000e+00 2.905511860982215736e-14
1.362000000000000000e+03 0.000000000000000000e+00 0.000000000000000000e+00 2.901780130778574836e-14
1.363000000000000000e+03 0.000000000000000000e+00 0.000000000000000000e+00 2.898054235843039727e-14
1.364000000000000000e+03 0.000000000000000000e+00 0.000000000000000000e+00 2.894334176078638580e-14
1.365000000000000000e+03 0.000000000000000000e+00 0.000000000000000000e+00 2.890619984974992581e-14
1.366000000000000000e+03 0.000000000000000000e+00 0.000000000000000000e+00 2.886911663046791820e-14
1.367000000000000000e+03 0.000000000000000000e+00 0.000000000000000000e+00 2.883209244276926528e-14
1.368000000000000000e+03 0.000000000000000000e+00 0.000000000000000000e+00 2.879512729984810746e-14
1.369000000000000000e+03 0.000000000000000000e+00 0.000000000000000000e+00 2.875822154599385691e-14
1.370000000000000000e+03 0.000000000000000000e+00 0.000000000000000000e+00 2.872137519630172047e-14
1.371000000000000000e+03 0.000000000000000000e+00 0.000000000000000000e+00 2.868458860038060134e-14
1.372000000000000000e+03 0.000000000000000000e+00 0.000000000000000000e+00 2.864786177844617093e-14
1.373000000000000000e+03 0.000000000000000000e+00 0.000000000000000000e+00 2.861119507979320175e-14
1.374000000000000000e+03 0.000000000000000000e+00 0.000000000000000000e+00 2.857458852864807287e-14
1.375000000000000000e+03 0.000000000000000000e+00 0.000000000000000000e+00 2.853804247795822259e-14
1.376000000000000000e+03 0.000000000000000000e+00 0.000000000000000000e+00 2.850155695238179567e-14
1.377000000000000000e+03 0.000000000000000000e+00 0.000000000000000000e+00 2.846513231056597132e-14
1.378000000000000000e+03 0.000000000000000000e+00 0.000000000000000000e+00 2.842876857758362057e-14
1.379000000000000000e+03 0.000000000000000000e+00 0.000000000000000000e+00 2.839246611376027468e-14
1.380000000000000000e+03 0.000000000000000000e+00 0.000000000000000000e+00 2.835622494774035349e-14
1.381000000000000000e+03 0.000000000000000000e+00 0.000000000000000000e+00 2.832004543925500053e-14
1.382000000000000000e+03 0.000000000000000000e+00 0.000000000000000000e+00 2.828392761705007683e-14
1.383000000000000000e+03 0.000000000000000000e+00 0.000000000000000000e+00 2.824787184448644533e-14
1.384000000000000000e+03 0.000000000000000000e+00 0.000000000000000000e+00 2.821187814916443690e-14
1.385000000000000000e+03 0.000000000000000000e+00 0.000000000000000000e+00 2.817594689371327123e-14
1.386000000000000000e+03 0.000000000000000000e+00 0.000000000000000000e+00 2.814007810566998731e-14
1.387000000000000000e+03 0.000000000000000000e+00 0.000000000000000000e+00 2.810427214494241457e-14
1.388000000000000000e+03 0.000000000000000000e+00 0.000000000000000000e+00 2.806852903970705210e-14
1.389000000000000000e+03 0.000000000000000000e+00 0.000000000000000000e+00 2.803284914852079557e-14
1.390000000000000000e+03 0.000000000000000000e+00 0.000000000000000000e+00 2.799723249804723508e-14
1.391000000000000000e+03 0.000000000000000000e+00 0.000000000000000000e+00 2.796167944126326816e-14
1.392000000000000000e+03 0.000000000000000000e+00 0.000000000000000000e+00 2.792619000545495925e-14
1.393000000000000000e+03 0.000000000000000000e+00 0.000000000000000000e+00 2.789076453996946438e-14
1.394000000000000000e+03 0.000000000000000000e+00 0.000000000000000000e+00 2.785540306772561621e-14
1.395000000000000000e+03 0.000000000000000000e+00 0.000000000000000000e+00 2.782010593611120120e-14
1.396000000000000000e+03 0.000000000000000000e+00 0.000000000000000000e+00 2.778487316665099597e-14
1.397000000000000000e+03 0.000000000000000000e+00 0.000000000000000000e+00 2.774970509925502928e-14
1.398000000000000000e+03 0.000000000000000000e+00 0.000000000000000000e+00 2.771460175343156626e-14
1.399000000000000000e+03 0.000000000000000000e+00 0.000000000000000000e+00 2.767956346256341124e-14
1.400000000000000000e+03 0.000000000000000000e+00 0.000000000000000000e+00 2.764459024349982220e-14
1.401000000000000000e+03 0.000000000000000000e+00 0.000000000000000000e+00 2.760968242487062185e-14
1.402000000000000000e+03 0.000000000000000000e+00 0.000000000000000000e+00 2.757484001782233588e-14
1.403000000000000000e+03 0.000000000000000000e+00 0.000000000000000000e+00 2.754006334622869411e-14
1.404000000000000000e+03 0.000000000000000000e+00 0.000000000000000000e+00 2.750535241506575856e-14
1.405000000000000000e+03 0.000000000000000000e+00 0.000000000000000000e+00 2.747070754127337048e-14
1.406000000000000000e+03 0.000000000000000000e+00 0.000000000000000000e+00 2.743612872278341111e-14
1.407000000000000000e+03 0.000000000000000000e+00 0.000000000000000000e+00 2.740161627022082072e-14
1.408000000000000000e+03 0.000000000000000000e+00 0.000000000000000000e+00 2.736717017264653141e-14
1.409000000000000000e+03 0.000000000000000000e+00 0.000000000000000000e+00 2.733279073537354026e-14
1.410000000000000000e+03 0.000000000000000000e+00 0.000000000000000000e+00 2.729847794013319184e-14
1.411000000000000000e+03 0.000000000000000000e+00 0.000000000000000000e+00 2.726423208042726019e-14
1.412000000000000000e+03 0.000000000000000000e+00 0.000000000000000000e+00 2.723005313477120688e-14
1.413000000000000000e+03 0.000000000000000000e+00 0.000000000000000000e+00 2.719594138693960826e-14
1.414000000000000000e+03 0.000000000000000000e+00 0.000000000000000000e+00 2.716189680692871723e-14
1.415000000000000000e+03 0.000000000000000000e+00 0.000000000000000000e+00 2.712791967122342003e-14
1.416000000000000000e+03 0.000000000000000000e+00 0.000000000000000000e+00 2.709400994092609614e-14
1.417000000000000000e+03 0.000000000000000000e+00 0.000000000000000000e+00 2.706016788362565054e-14
1.418000000000000000e+03 0.000000000000000000e+00 0.000000000000000000e+00 2.702639345087327565e-14
1.419000000000000000e+03 0.000000000000000000e+00 0.000000000000000000e+00 2.699268689984028976e-14
1.420000000000000000e+03 0.000000000000000000e+00 0.000000000000000000e+00 2.695904817447392568e-14
1.421000000000000000e+03 0.000000000000000000e+00 0.000000000000000000e+00 2.692547752226768984e-14
1.422000000000000000e+03 0.000000000000000000e+00 0.000000000000000000e+00 2.689197487592452421e-14
1.423000000000000000e+03 0.000000000000000000e+00 0.000000000000000000e+00 2.685854047170589702e-14
1.424000000000000000e+03 0.000000000000000000e+00 0.000000000000000000e+00 2.682517423343085748e-14
1.425000000000000000e+03 0.000000000000000000e+00 0.000000000000000000e+00 2.679187638804629137e-14
1.426000000000000000e+03 0.000000000000000000e+00 0.000000000000000000e+00 2.675864684605044485e-14
1.427000000000000000e+03 0.000000000000000000e+00 0.000000000000000000e+00 2.672548582552312945e-14
1.428000000000000000e+03 0.000000000000000000e+00 0.000000000000000000e+00 2.669239322527748188e-14
1.429000000000000000e+03 0.000000000000000000e+00 0.000000000000000000e+00 2.665936925221764744e-14
1.430000000000000000e+03 0.000000000000000000e+00 0.000000000000000000e+00 2.662641379780193495e-14
1.431000000000000000e+03 0.000000000000000000e+00 0.000000000000000000e+00 2.659352705274532843e-14
1.432000000000000000e+03 0.000000000000000000e+00 0.000000000000000000e+00 2.656070889939021786e-14
1.433000000000000000e+03 0.000000000000000000e+00 0.000000000000000000e+00 2.652795951583858808e-14
1.434000000000000000e+03 0.000000000000000000e+00 0.000000000000000000e+00 2.649527877086946386e-14
1.435000000000000000e+03 0.000000000000000000e+00 0.000000000000000000e+00 2.646266683128041543e-14
1.436000000000000000e+03 0.000000000000000000e+00 0.000000000000000000e+00 2.643012355385787907e-14
1.437000000000000000e+03 0.000000000000000000e+00 0.000000000000000000e+00 2.639764909236146328e-14
1.438000000000000000e+03 0.000000000000000000e+00 0.000000000000000000e+00 2.636524329028119286e-14
1.439000000000000000e+03 0.000000000000000000e+00 0.000000000000000000e+00 2.633290628745951334e-14
1.440000000000000000e+03 0.000000000000000000e+00 0.000000000000000000e+00 2.630063791602808309e-14
1.441000000000000000e+03 0.000000000000000000e+00 0.000000000000000000e+00 2.626843830384440795e-14
1.442000000000000000e+03 0.000000000000000000e+00 0.000000000000000000e+00 2.623630726971715337e-14
1.443000000000000000e+03 0.000000000000000000e+00 0.000000000000000000e+00 2.620424492917026889e-14
1.444000000000000000e+03 0.000000000000000000e+00 0.000000000000000000e+00 2.617225109105011018e-14
1.445000000000000000e+03 0.000000000000000000e+00 0.000000000000000000e+00 2.614032585510659252e-14
1.446000000000000000e+03 0.000000000000000000e+00 0.000000000000000000e+00 2.610846901952472688e-14
1.447000000000000000e+03 0.000000000000000000e+00 0.000000000000000000e+00 2.607668067070742583e-14
1.448000000000000000e+03 0.000000000000000000e+00 0.000000000000000000e+00 2.604496059289231452e-14
1.449000000000000000e+03 0.000000000000000000e+00 0.000000000000000000e+00 2.601330885958882841e-14
1.450000000000000000e+03 0.000000000000000000e+00 0.000000000000000000e+00 2.598172524184457010e-14
1.451000000000000000e+03 0.000000000000000000e+00 0.000000000000000000e+00 2.595020980017812097e-14
1.452000000000000000e+03 0.000000000000000000e+00 0.000000000000000000e+00 2.591876229307278551e-14
1.453000000000000000e+03 0.000000000000000000e+00 0.000000000000000000e+00 2.588738276760499315e-14
1.454000000000000000e+03 0.000000000000000000e+00 0.000000000000000000e+00 2.585607097110438823e-14
1.455000000000000000e+03 0.000000000000000000e+00 0.000000000000000000e+00 2.582482693615938903e-14
1.456000000000000000e+03 0.000000000000000000e+00 0.000000000000000000e+00 2.579365039808859208e-14
1.457000000000000000e+03 0.000000000000000000e+00 0.000000000000000000e+00 2.576254137735821416e-14
1.458000000000000000e+03 0.000000000000000000e+00 0.000000000000000000e+00 2.573149959727498354e-14
1.459000000000000000e+03 0.000000000000000000e+00 0.000000000000000000e+00 2.570052506311074719e-14
1.460000000000000000e+03 0.000000000000000000e+00 0.000000000000000000e+00 2.566961748886937344e-14
1.461000000000000000e+03 0.000000000000000000e+00 0.000000000000000000e+00 2.563877686480334668e-14
1.462000000000000000e+03 0.000000000000000000e+00 0.000000000000000000e+00 2.560800289199169931e-14
1.463000000000000000e+03 0.000000000000000000e+00 0.000000000000000000e+00 2.557729554802610841e-14
1.464000000000000000e+03 0.000000000000000000e+00 0.000000000000000000e+00 2.554665452108717523e-14
1.465000000000000000e+03 0.000000000000000000e+00 0.000000000000000000e+00 2.551607977451442250e-14
1.466000000000000000e+03 0.000000000000000000e+00 0.000000000000000000e+00 2.548557098480436753e-14
1.467000000000000000e+03 0.000000000000000000e+00 0.000000000000000000e+00 2.545512810432048022e-14
1.468000000000000000e+03 0.000000000000000000e+00 0.000000000000000000e+00 2.542475079450535056e-14
1.469000000000000000e+03 0.000000000000000000e+00 0.000000000000000000e+00 2.539443899733575039e-14
1.470000000000000000e+03 0.000000000000000000e+00 0.000000000000000000e+00 2.536419236374777842e-14
1.471000000000000000e+03 0.000000000000000000e+00 0.000000000000000000e+00 2.533401082250157407e-14
1.472000000000000000e+03 0.000000000000000000e+00 0.000000000000000000e+00 2.530389401374129387e-14
1.473000000000000000e+03 0.000000000000000000e+00 0.000000000000000000e+00 2.527384185516813403e-14
1.474000000000000000e+03 0.000000000000000000e+00 0.000000000000000000e+00 2.524385397519860624e-14
1.475000000000000000e+03 0.000000000000000000e+00 0.000000000000000000e+00 2.521393028102118027e-14
1.476000000000000000e+03 0.000000000000000000e+00 0.000000000000000000e+00 2.518407039123501909e-14
1.477000000000000000e+03 0.000000000000000000e+00 0.000000000000000000e+00 2.515427420018539419e-14
1.478000000000000000e+03 0.000000000000000000e+00 0.000000000000000000e+00 2.512454131725640565e-14
1.479000000000000000e+03 0.000000000000000000e+00 0.000000000000000000e+00 2.509487162563080116e-14
1.480000000000000000e+03 0.000000000000000000e+00 0.000000000000000000e+00 2.506526472417607315e-14
1.481000000000000000e+03 0.000000000000000000e+00 0.000000000000000000e+00 2.503572048663444682e-14
1.482000000000000000e+03 0.000000000000000000e+00 0.000000000000000000e+00 2.500623850260643205e-14
1.483000000000000000e+03 0.000000000000000000e+00 0.000000000000000000e+00 2.497681863446365397e-14
1.484000000000000000e+03 0.000000000000000000e+00 0.000000000000000000e+00 2.494746046333404491e-14
1.485000000000000000e+03 0.000000000000000000e+00 0.000000000000000000e+00 2.491816384246414460e-14
1.486000000000000000e+03 0.000000000000000000e+00 0.000000000000000000e+00 2.488892834386745905e-14
1.487000000000000000e+03 0.000000000000000000e+00 0.000000000000000000e+00 2.485975381008590637e-14
1.488000000000000000e+03 0.000000000000000000e+00 0.000000000000000000e+00 2.483063980634083393e-14
1.489000000000000000e+03 0.000000000000000000e+00 0.000000000000000000e+00 2.480158616930580148e-14
1.490000000000000000e+03 0.000000000000000000e+00 0.000000000000000000e+00 2.477259245393089078e-14
1.491000000000000000e+03 0.000000000000000000e+00 0.000000000000000000e+00 2.474365848834805555e-14
1.492000000000000000e+03 0.000000000000000000e+00 0.000000000000000000e+00 2.471478382282314045e-14
1.493000000000000000e+03 0.000000000000000000e+00 0.000000000000000000e+00 2.468596827807741679e-14
1.494000000000000000e+03 0.000000000000000000e+00 0.000000000000000000e+00 2.465721139598771412e-14
1.495000000000000000e+03 0.000000000000000000e+00 0.000000000000000000e+00 2.462851299014556947e-14
1.496000000000000000e+03 0.000000000000000000e+00 0.000000000000000000e+00 2.459987259846150808e-14
1.497000000000000000e+03 0.000000000000000000e+00 0.000000000000000000e+00 2.457129002522608137e-14
1.498000000000000000e+03 0.000000000000000000e+00 0.000000000000000000e+00 2.454276480274946068e-14
1.499000000000000000e+03 0.000000000000000000e+00 0.000000000000000000e+00 2.451429673043613179e-14
1.500000000000000000e+03 0.000000000000000000e+00 0.000000000000000000e+00 2.448588533387282666e-14
1.501000000000000000e+03 0.000000000000000000e+00 0.000000000000000000e+00 2.445753040666731075e-14
1.502000000000000000e+03 0.000000000000000000e+00 0.000000000000000000e+00 2.442923146958938616e-14
1.503000000000000000e+03 0.000000000000000000e+00 0.000000000000000000e+00 2.440098831233863735e-14
1.504000000000000000e+03 0.000000000000000000e+00 0.000000000000000000e+00 2.437280044972858163e-14
1.505000000000000000e+03 0.000000000000000000e+00 0.000000000000000000e+00 2.434466766785188211e-14
1.506000000000000000e+03 0.000000000000000000e+00 0.000000000000000000e+00 2.431658947832522569e-14
1.507000000000000000e+03 0.000000000000000000e+00 0.000000000000000000e+00 2.428856566420212888e-14
1.508000000000000000e+03 0.000000000000000000e+00 0.000000000000000000e+00 2.426059573238007914e-14
1.509000000000000000e+03 0.000000000000000000e+00 0.000000000000000000e+00 2.423267946594763105e-14
1.510000000000000000e+03 0.000000000000000000e+00 0.000000000000000000e+00 2.420481636966290652e-14
1.511000000000000000e+03 0.000000000000000000e+00 0.000000000000000000e+00 2.417700620880691599e-14
1.512000000000000000e+03 0.000000000000000000e+00 0.000000000000000000e+00 2.414924850029326967e-14
1.513000000000000000e+03 0.000000000000000000e+00 0.000000000000000000e+00 2.412154301261678784e-14
1.514000000000000000e+03 0.000000000000000000e+00 0.000000000000000000e+00 2.409388924573546849e-14
1.515000000000000000e+03 0.000000000000000000e+00 0.000000000000000000e+00 2.406628697081223937e-14
1.516000000000000000e+03 0.000000000000000000e+00 0.000000000000000000e+00 2.403873568175474042e-14
1.517000000000000000e+03 0.000000000000000000e+00 0.000000000000000000e+00 2.401123515233746442e-14
1.518000000000000000e+03 0.000000000000000000e+00 0.000000000000000000e+00 2.398378488639615611e-14
1.519000000000000000e+03 0.000000000000000000e+00 0.000000000000000000e+00 2.395638464865339445e-14
1.520000000000000000e+03 0.000000000000000000e+00 0.000000000000000000e+00 2.392903393820931013e-14
1.521000000000000000e+03 0.000000000000000000e+00 0.000000000000000000e+00 2.390173251771022227e-14
1.522000000000000000e+03 0.000000000000000000e+00 0.000000000000000000e+00 2.387447989834158856e-14
1.523000000000000000e+03 0.000000000000000000e+00 0.000000000000000000e+00 2.384727583177607971e-14
1.524000000000000000e+03 0.000000000000000000e+00 0.000000000000000000e+00 2.382011982602258091e-14
1.525000000000000000e+03 0.000000000000000000e+00 0.000000000000000000e+00 2.379301164048046930e-14
1.526000000000000000e+03 0.000000000000000000e+00 0.000000000000000000e+00 2.376595078475051033e-14
1.527000000000000000e+03 0.000000000000000000e+00 0.000000000000000000e+00 2.373893701262380392e-14
1.528000000000000000e+03 0.000000000000000000e+00 0.000000000000000000e+00 2.371196983831651665e-14
1.529000000000000000e+03 0.000000000000000000e+00 0.000000000000000000e+00 2.368504901489698142e-14
1.530000000000000000e+03 0.000000000000000000e+00 0.000000000000000000e+00 2.365817405122058483e-14
1.531000000000000000e+03 0.000000000000000000e+00 0.000000000000000000e+00 2.363134470297774508e-14
1.532000000000000000e+03 0.000000000000000000e+00 0.000000000000000000e+00 2.360456049057583950e-14
1.533000000000000000e+03 0.000000000000000000e+00 0.000000000000000000e+00 2.357782116326211338e-14
1.534000000000000000e+03 0.000000000000000000e+00 0.000000000000000000e+00 2.355112623917938315e-14
1.535000000000000000e+03 0.000000000000000000e+00 0.000000000000000000e+00 2.352447547850705158e-14
1.536000000000000000e+03 0.000000000000000000e+00 0.000000000000000000e+00 2.349786840377159413e-14
1.537000000000000000e+03 0.000000000000000000e+00 0.000000000000000000e+00 2.347130477121722197e-14
1.538000000000000000e+03 0.000000000000000000e+00 0.000000000000000000e+00 2.344478410939913802e-14
1.539000000000000000e+03 0.000000000000000000e+00 0.000000000000000000e+00 2.341830616680858117e-14
1.540000000000000000e+03 0.000000000000000000e+00 0.000000000000000000e+00 2.339187049016844499e-14
1.541000000000000000e+03 0.000000000000000000e+00 0.000000000000000000e+00 2.336547682661318443e-14
1.542000000000000000e+03 0.000000000000000000e+00 0.000000000000000000e+00 2.333912471592134421e-14
1.543000000000000000e+03 0.000000000000000000e+00 0.000000000000000000e+00 2.331281392855168012e-14
1.544000000000000000e+03 0.000000000000000000e+00 0.000000000000000000e+00 2.328654399675311320e-14
1.545000000000000000e+03 0.000000000000000000e+00 0.000000000000000000e+00 2.326031468403929308e-14
1.546000000000000000e+03 0.000000000000000000e+00 0.000000000000000000e+00 2.323412553416107044e-14
1.547000000000000000e+03 0.000000000000000000e+00 0.000000000000000000e+00 2.320797632389621356e-14
1.548000000000000000e+03 0.000000000000000000e+00 0.000000000000000000e+00 2.318186659483972355e-14
1.549000000000000000e+03 0.000000000000000000e+00 0.000000000000000000e+00 2.315579613498482508e-14
1.550000000000000000e+03 0.000000000000000000e+00 0.000000000000000000e+00 2.312976448034672937e-14
1.551000000000000000e+03 0.000000000000000000e+00 0.000000000000000000e+00 2.310377142940360070e-14
1.552000000000000000e+03 0.000000000000000000e+00 0.000000000000000000e+00 2.307781651921464459e-14
1.553000000000000000e+03 0.000000000000000000e+00 0.000000000000000000e+00 2.305189956028622616e-14
1.554000000000000000e+03 0.000000000000000000e+00 0.000000000000000000e+00 2.302602009389719945e-14
1.555000000000000000e+03 0.000000000000000000e+00 0.000000000000000000e+00 2.300017792146202050e-14
1.556000000000000000e+03 0.000000000000000000e+00 0.000000000000000000e+00 2.297437261188763898e-14
1.557000000000000000e+03 0.000000000000000000e+00 0.000000000000000000e+00 2.294860395789534581e-14
1.558000000000000000e+03 0.000000000000000000e+00 0.000000000000000000e+00 2.292287153648349060e-14
1.559000000000000000e+03 0.000000000000000000e+00 0.000000000000000000e+00 2.289717516182396270e-14
1.560000000000000000e+03 0.000000000000000000e+00 0.000000000000000000e+00 2.287151440078545930e-14
1.561000000000000000e+03 0.000000000000000000e+00 0.000000000000000000e+00 2.284588907153310258e-14
1.562000000000000000e+03 0.000000000000000000e+00 0.000000000000000000e+00 2.282029875315270381e-14
1.563000000000000000e+03 0.000000000000000000e+00 0.000000000000000000e+00 2.279474327233753322e-14
1.564000000000000000e+03 0.000000000000000000e+00 0.000000000000000000e+00 2.276922220798601290e-14
1.565000000000000000e+03 0.000000000000000000e+00 0.000000000000000000e+00 2.274373539699512380e-14
1.566000000000000000e+03 0.000000000000000000e+00 0.000000000000000000e+00 2.271828242440935696e-14
1.567000000000000000e+03 0.000000000000000000e+00 0.000000000000000000e+00 2.269286313682995727e-14
1.568000000000000000e+03 0.000000000000000000e+00 0.000000000000000000e+00 2.266747711853570950e-14
1.569000000000000000e+03 0.000000000000000000e+00 0.000000000000000000e+00 2.264212422761217763e-14
1.570000000000000000e+03 0.000000000000000000e+00 0.000000000000000000e+00 2.261680406220139867e-14
1.571000000000000000e+03 0.000000000000000000e+00 0.000000000000000000e+00 2.259151648293434777e-14
1.572000000000000000e+03 0.000000000000000000e+00 0.000000000000000000e+00 2.256626109985946895e-14
1.573000000000000000e+03 0.000000000000000000e+00 0.000000000000000000e+00 2.254103777078172522e-14
1.574000000000000000e+03 0.000000000000000000e+00 0.000000000000000000e+00 2.251584611830687882e-14
1.575000000000000000e+03 0.000000000000000000e+00 0.000000000000000000e+00 2.249068601486881022e-14
1.576000000000000000e+03 0.000000000000000000e+00 0.000000000000000000e+00 2.246555708581398956e-14
1.577000000000000000e+03 0.000000000000000000e+00 0.000000000000000000e+00 2.244045920486927188e-14
1.578000000000000000e+03 0.000000000000000000e+00 0.000000000000000000e+00 2.241539201586746103e-14
1.579000000000000000e+03 0.000000000000000000e+00 0.000000000000000000e+00 2.239035539025306704e-14
1.580000000000000000e+03 0.000000000000000000e+00 0.000000000000000000e+00 2.236534898607568188e-14
1.581000000000000000e+03 0.000000000000000000e+00 0.000000000000000000e+00 2.234037268843419639e-14
1.582000000000000000e+03 0.000000000000000000e+00 0.000000000000000000e+00 2.231542615107501045e-14
1.583000000000000000e+03 0.000000000000000000e+00 0.000000000000000000e+00 2.229050927914147511e-14
1.584000000000000000e+03 0.000000000000000000e+00 0.000000000000000000e+00 2.226562173168235985e-14
1.585000000000000000e+03 0.000000000000000000e+00 0.000000000000000000e+00 2.224076342068572829e-14
1.586000000000000000e+03 0.000000000000000000e+00 0.000000000000000000e+00 2.221593401246000016e-14
1.587000000000000000e+03 0.000000000000000000e+00 0.000000000000000000e+00 2.219113342977278037e-14
1.588000000000000000e+03 0.000000000000000000e+00 0.000000000000000000e+00 2.216636134810959472e-14
1.589000000000000000e+03 0.000000000000000000e+00 0.000000000000000000e+00 2.214161769187865793e-14
1.590000000000000000e+03 0.000000000000000000e+00 0.000000000000000000e+00 2.211690215633903905e-14
1.591000000000000000e+03 0.000000000000000000e+00 0.000000000000000000e+00 2.209221466396356462e-14
1.592000000000000000e+03 0.000000000000000000e+00 0.000000000000000000e+00 2.206755492452748663e-14
1.593000000000000000e+03 0.000000000000000000e+00 0.000000000000000000e+00 2.204292286582834174e-14
1.594000000000000000e+03 0.000000000000000000e+00 0.000000000000000000e+00 2.201831821231086264e-14
1.595000000000000000e+03 0.000000000000000000e+00 0.000000000000000000e+00 2.199374089782772136e-14
1.596000000000000000e+03 0.000000000000000000e+00 0.000000000000000000e+00 2.196919065228978456e-14
1.597000000000000000e+03 0.000000000000000000e+00 0.000000000000000000e+00 2.194466742613607700e-14
1.598000000000000000e+03 0.000000000000000000e+00 0.000000000000000000e+00 2.192017095054552138e-14
1.599000000000000000e+03 0.000000000000000000e+00 0.000000000000000000e+00 2.189570119859620720e-14
1.600000000000000000e+03 0.000000000000000000e+00 0.000000000000000000e+00 2.187125789822612627e-14
1.601000000000000000e+03 0.000000000000000000e+00 0.000000000000000000e+00 2.184684103955719387e-14
1.602000000000000000e+03 0.000000000000000000e+00 0.000000000000000000e+00 2.182245036325104032e-14
1.603000000000000000e+03 0.000000000000000000e+00 0.000000000000000000e+00 2.179808585678744909e-14
1.604000000000000000e+03 0.000000000000000000e+00 0.000000000000000000e+00 2.177374728029262219e-14
1.605000000000000000e+03 0.000000000000000000e+00 0.000000000000000000e+00 2.174943462727420596e-14
1.606000000000000000e+03 0.000000000000000000e+00 0.000000000000000000e+00 2.172514766442399077e-14
1.607000000000000000e+03 0.000000000000000000e+00 0.000000000000000000e+00 2.170088640161924720e-14
1.608000000000000000e+03 0.000000000000000000e+00 0.000000000000000000e+00 2.167665061466552929e-14
1.609000000000000000e+03 0.000000000000000000e+00 0.000000000000000000e+00 2.165244032728880695e-14
1.610000000000000000e+03 0.000000000000000000e+00 0.000000000000000000e+00 2.162825531601543851e-14
1.611000000000000000e+03 0.000000000000000000e+00 0.000000000000000000e+00 2.160409561749977966e-14
1.612000000000000000e+03 0.000000000000000000e+00 0.000000000000000000e+00 2.157996103201186700e-14
1.613000000000000000e+03 0.000000000000000000e+00 0.000000000000000000e+00 2.155585158996824590e-14
1.614000000000000000e+03 0.000000000000000000e+00 0.000000000000000000e+00 2.153176709929631216e-14
1.615000000000000000e+03 0.000000000000000000e+00 0.000000000000000000e+00 2.150770761139008869e-14
1.616000000000000000e+03 0.000000000000000000e+00 0.000000000000000000e+00 2.148367294407887330e-14
1.617000000000000000e+03 0.000000000000000000e+00 0.000000000000000000e+00 2.145966314509588519e-14
1.618000000000000000e+03 0.000000000000000000e+00 0.000000000000000000e+00 2.143567805064370579e-14
1.619000000000000000e+03 0.000000000000000000e+00 0.000000000000000000e+00 2.141171772168762629e-14
1.620000000000000000e+03 0.000000000000000000e+00 0.000000000000000000e+00 2.138778200052677868e-14
1.621000000000000000e+03 0.000000000000000000e+00 0.000000000000000000e+00 2.136387095811997763e-14
1.622000000000000000e+03 0.000000000000000000e+00 0.000000000000000000e+00 2.133998443660378982e-14
1.623000000000000000e+03 0.000000000000000000e+00 0.000000000000000000e+00 2.131612252497952836e-14
1.624000000000000000e+03 0.000000000000000000e+00 0.000000000000000000e+00 2.129228507947830934e-14
1.625000000000000000e+03 0.000000000000000000e+00 0.000000000000000000e+00 2.126847220197556434e-14
1.626000000000000000e+03 0.000000000000000000e+00 0.000000000000000000e+00 2.124468375111351862e-14
1.627000000000000000e+03 0.000000000000000000e+00 0.000000000000000000e+00 2.122091983259875408e-14
1.628000000000000000e+03 0.000000000000000000e+00 0.000000000000000000e+00 2.119718032692917135e-14
1.629000000000000000e+03 0.000000000000000000e+00 0.000000000000000000e+00 2.117346533869849679e-14
1.630000000000000000e+03 0.000000000000000000e+00 0.000000000000000000e+00 2.114977476291027793e-14
1.631000000000000000e+03 0.000000000000000000e+00 0.000000000000000000e+00 2.112610871511115827e-14
1.632000000000000000e+03 0.000000000000000000e+00 0.000000000000000000e+00 2.110246710314173051e-14
1.633000000000000000e+03 0.000000000000000000e+00 0.000000000000000000e+00 2.107885004351526728e-14
1.634000000000000000e+03 0.000000000000000000e+00 0.000000000000000000e+00 2.105525745460221231e-14
1.635000000000000000e+03 0.000000000000000000e+00 0.000000000000000000e+00 2.103168947325983840e-14
1.636000000000000000e+03 0.000000000000000000e+00 0.000000000000000000e+00 2.100814601132331213e-14
1.637000000000000000e+03 0.000000000000000000e+00 0.000000000000000000e+00 2.098462721804661244e-14
1.638000000000000000e+03 0.000000000000000000e+00 0.000000000000000000e+00 2.096113302357408355e-14
1.639000000000000000e+03 0.000000000000000000e+00 0.000000000000000000e+00 2.093766357852074189e-14
1.640000000000000000e+03 0.000000000000000000e+00 0.000000000000000000e+00 2.091421882356478067e-14
1.641000000000000000e+03 0.000000000000000000e+00 0.000000000000000000e+00 2.089079891533216603e-14
1.642000000000000000e+03 0.000000000000000000e+00 0.000000000000000000e+00 2.086740380290453925e-14
1.643000000000000000e+03 0.000000000000000000e+00 0.000000000000000000e+00 2.084403364793899729e-14
1.644000000000000000e+03 0.000000000000000000e+00 0.000000000000000000e+00 2.082068841637996049e-14
1.645000000000000000e+03 0.000000000000000000e+00 0.000000000000000000e+00 2.079736827475421468e-14
1.646000000000000000e+03 0.000000000000000000e+00 0.000000000000000000e+00 2.077407319992423915e-14
1.647000000000000000e+03 0.000000000000000000e+00 0.000000000000000000e+00 2.075080336232192102e-14
1.648000000000000000e+03 0.000000000000000000e+00 0.000000000000000000e+00 2.072755874995811123e-14
1.649000000000000000e+03 0.000000000000000000e+00 0.000000000000000000e+00 2.070433954325615984e-14
1.650000000000000000e+03 0.000000000000000000e+00 0.000000000000000000e+00 2.068114573137878410e-14
1.651000000000000000e+03 0.000000000000000000e+00 0.000000000000000000e+00 2.065797750082160665e-14
1.652000000000000000e+03 0.000000000000000000e+00 0.000000000000000000e+00 2.063483485177671197e-14
1.653000000000000000e+03 0.000000000000000000e+00 0.000000000000000000e+00 2.061171798453773930e-14
1.654000000000000000e+03 0.000000000000000000e+00 0.000000000000000000e+00 2.058862689837150237e-14
1.655000000000000000e+03 0.000000000000000000e+00 0.000000000000000000e+00 2.056556180109701691e-14
1.656000000000000000e+03 0.000000000000000000e+00 0.000000000000000000e+00 2.054252269442487097e-14
1.657000000000000000e+03 0.000000000000000000e+00 0.000000000000000000e+00 2.051950979912116837e-14
1.658000000000000000e+03 0.000000000000000000e+00 0.000000000000000000e+00 2.049652312748037574e-14
1.659000000000000000e+03 0.000000000000000000e+00 0.000000000000000000e+00 2.047356290105850855e-14
1.660000000000000000e+03 0.000000000000000000e+00 0.000000000000000000e+00 2.045062913656096179e-14
1.661000000000000000e+03 0.000000000000000000e+00 0.000000000000000000e+00 2.042772206645538859e-14
1.662000000000000000e+03 0.000000000000000000e+00 0.000000000000000000e+00 2.040484171112314954e-14
1.663000000000000000e+03 0.000000000000000000e+00 0.000000000000000000e+00 2.038198830909207238e-14
1.664000000000000000e+03 0.000000000000000000e+00 0.000000000000000000e+00 2.035916189033427718e-14
1.665000000000000000e+03 0.000000000000000000e+00 0.000000000000000000e+00 2.033636268959546117e-14
1.666000000000000000e+03 0.000000000000000000e+00 0.000000000000000000e+00 2.031359075039718148e-14
1.667000000000000000e+03 0.000000000000000000e+00 0.000000000000000000e+00 2.029084631288116165e-14
1.668000000000000000e+03 0.000000000000000000e+00 0.000000000000000000e+00 2.026812942002460059e-14
1.669000000000000000e+03 0.000000000000000000e+00 0.000000000000000000e+00 2.024544031543100542e-14
1.670000000000000000e+03 0.000000000000000000e+00 0.000000000000000000e+00 2.022277904982496221e-14
1.671000000000000000e+03 0.000000000000000000e+00 0.000000000000000000e+00 2.020014587603845791e-14
1.672000000000000000e+03 0.000000000000000000e+00 0.000000000000000000e+00 2.017754084816502270e-14
1.673000000000000000e+03 0.000000000000000000e+00 0.000000000000000000e+00 2.015496421572675040e-14
1.674000000000000000e+03 0.000000000000000000e+00 0.000000000000000000e+00 2.013241604259557542e-14
1.675000000000000000e+03 0.000000000000000000e+00 0.000000000000000000e+00 2.010989658315732296e-14
1.676000000000000000e+03 0.000000000000000000e+00 0.000000000000000000e+00 2.008740590618858175e-14
1.677000000000000000e+03 0.000000000000000000e+00 0.000000000000000000e+00 2.006494426758444147e-14
1.678000000000000000e+03 0.000000000000000000e+00 0.000000000000000000e+00 2.004251173784240984e-14
1.679000000000000000e+03 0.000000000000000000e+00 0.000000000000000000e+00 2.002010857178217926e-14
1.680000000000000000e+03 0.000000000000000000e+00 0.000000000000000000e+00 1.999773484780897902e-14
1.681000000000000000e+03 0.000000000000000000e+00 0.000000000000000000e+00 1.997539082596592824e-14
1.682000000000000000e+03 0.000000000000000000e+00 0.000000000000000000e+00 1.995307658080695522e-14
1.683000000000000000e+03 0.000000000000000000e+00 0.000000000000000000e+00 1.993079237959744679e-14
1.684000000000000000e+03 0.000000000000000000e+00 0.000000000000000000e+00 1.990853829378568055e-14
1.685000000000000000e+03 0.000000000000000000e+00 0.000000000000000000e+00 1.988631459260817320e-14
1.686000000000000000e+03 0.000000000000000000e+00 0.000000000000000000e+00 1.986412135255159069e-14
1.687000000000000000e+03 0.000000000000000000e+00 0.000000000000000000e+00 1.984195884248596073e-14
1.688000000000000000e+03 0.000000000000000000e+00 0.000000000000000000e+00 1.981982713844430059e-14
1.689000000000000000e+03 0.000000000000000000e+00 0.000000000000000000e+00 1.979772651514023874e-14
1.690000000000000000e+03 0.000000000000000000e+00 0.000000000000000000e+00 1.977565705252616267e-14
1.691000000000000000e+03 0.000000000000000000e+00 0.000000000000000000e+00 1.975361901940987158e-14
1.692000000000000000e+03 0.000000000000000000e+00 0.000000000000000000e+00 1.973161249598379387e-14
1.693000000000000000e+03 0.000000000000000000e+00 0.000000000000000000e+00 1.970963775945066028e-14
1.694000000000000000e+03 0.000000000000000000e+00 0.000000000000000000e+00 1.968769488808610289e-14
1.695000000000000000e+03 0.000000000000000000e+00 0.000000000000000000e+00 1.966578415313732810e-14
1.696000000000000000e+03 0.000000000000000000e+00 0.000000000000000000e+00 1.964390563717618654e-14
1.697000000000000000e+03 0.000000000000000000e+00 0.000000000000000000e+00 1.962205961308685933e-14
1.698000000000000000e+03 0.000000000000000000e+00 0.000000000000000000e+00 1.960024615514228254e-14
1.699000000000000000e+03 0.000000000000000000e+00 0.000000000000000000e+00 1.957846554888350664e-14
1.700000000000000000e+03 0.000000000000000000e+00 0.000000000000000000e+00 1.955671786053765761e-14
1.701000000000000000e+03 0.000000000000000000e+00 0.000000000000000000e+00 1.953500337248162693e-14
1.702000000000000000e+03 0.000000000000000000e+00 0.000000000000000000e+00 1.951332215720046373e-14
1.703000000000000000e+03 0.000000000000000000e+00 0.000000000000000000e+00 1.949167448599265981e-14
1.704000000000000000e+03 0.000000000000000000e+00 0.000000000000000000e+00 1.947006043855474352e-14
1.705000000000000000e+03 0.000000000000000000e+00 0.000000000000000000e+00 1.944848028378302427e-14
1.706000000000000000e+03 0.000000000000000000e+00 0.000000000000000000e+00 1.942693410134110650e-14
1.707000000000000000e+03 0.000000000000000000e+00 0.000000000000000000e+00 1.940542215516337082e-14
1.708000000000000000e+03 0.000000000000000000e+00 0.000000000000000000e+00 1.938394452302351290e-14
1.709000000000000000e+03 0.000000000000000000e+00 0.000000000000000000e+00 1.936250146816407919e-14
1.710000000000000000e+03 0.000000000000000000e+00 0.000000000000000000e+00 1.934109306503846242e-14
1.711000000000000000e+03 0.000000000000000000e+00 0.000000000000000000e+00 1.931971957942576603e-14
1.712000000000000000e+03 0.000000000000000000e+00 0.000000000000000000e+00 1.929838107930692104e-14
1.713000000000000000e+03 0.000000000000000000e+00 0.000000000000000000e+00 1.927707782714381713e-14
1.714000000000000000e+03 0.000000000000000000e+00 0.000000000000000000e+00 1.925580989119428811e-14
1.715000000000000000e+03 0.000000000000000000e+00 0.000000000000000000e+00 1.923457752819895315e-14
1.716000000000000000e+03 0.000000000000000000e+00 0.000000000000000000e+00 1.921338080121116465e-14
1.717000000000000000e+03 0.000000000000000000e+00 0.000000000000000000e+00 1.919221996729536918e-14
1.718000000000000000e+03 0.000000000000000000e+00 0.000000000000000000e+00 1.917109508253336719e-14
1.719000000000000000e+03 0.000000000000000000e+00 0.000000000000000000e+00 1.915000640616961921e-14
1.720000000000000000e+03 0.000000000000000000e+00 0.000000000000000000e+00 1.912895398647621220e-14
1.721000000000000000e+03 0.000000000000000000e+00 0.000000000000000000e+00 1.910793807317035682e-14
1.722000000000000000e+03 0.000000000000000000e+00 0.000000000000000000e+00 1.908695871282656186e-14
1.723000000000000000e+03 0.000000000000000000e+00 0.000000000000000000e+00 1.906601615328486773e-14
1.724000000000000000e+03 0.000000000000000000e+00 0.000000000000000000e+00 1.904511044115347702e-14
1.725000000000000000e+03 0.000000000000000000e+00 0.000000000000000000e+00 1.902424181891159652e-14
1.726000000000000000e+03 0.000000000000000000e+00 0.000000000000000000e+00 1.900341032193086252e-14
1.727000000000000000e+03 0.000000000000000000e+00 0.000000000000000000e+00 1.898261619103983769e-14
1.728000000000000000e+03 0.000000000000000000e+00 0.000000000000000000e+00 1.896185945920989756e-14
1.729000000000000000e+03 0.000000000000000000e+00 0.000000000000000000e+00 1.894114035461917572e-14
1.730000000000000000e+03 0.000000000000000000e+00 0.000000000000000000e+00 1.892045890957045339e-14
1.731000000000000000e+03 0.000000000000000000e+00 0.000000000000000000e+00 1.889981534833653883e-14
1.732000000000000000e+03 0.000000000000000000e+00 0.000000000000000000e+00 1.887920969739054063e-14
1.733000000000000000e+03 0.000000000000000000e+00 0.000000000000000000e+00 1.885864217341018368e-14
1.734000000000000000e+03 0.000000000000000000e+00 0.000000000000000000e+00 1.883811280276565545e-14
1.735000000000000000e+03 0.000000000000000000e+00 0.000000000000000000e+00 1.881762179300003127e-14
1.736000000000000000e+03 0.000000000000000000e+00 0.000000000000000000e+00 1.879716915984070164e-14
1.737000000000000000e+03 0.000000000000000000e+00 0.000000000000000000e+00 1.877675510700613909e-14
1.738000000000000000e+03 0.000000000000000000e+00 0.000000000000000000e+00 1.875637964663154240e-14
1.739000000000000000e+03 0.000000000000000000e+00 0.000000000000000000e+00 1.873604298109853308e-14
1.740000000000000000e+03 0.000000000000000000e+00 0.000000000000000000e+00 1.871574510907763125e-14
1.741000000000000000e+03 0.000000000000000000e+00 0.000000000000000000e+00 1.869548622154207506e-14
1.742000000000000000e+03 0.000000000000000000e+00 0.000000000000000000e+00 1.867526631700922253e-14
1.743000000000000000e+03 0.000000000000000000e+00 0.000000000000000000e+00 1.865508558166649468e-14
1.744000000000000000e+03 0.000000000000000000e+00 0.000000000000000000e+00 1.863494400213407218e-14
1.745000000000000000e+03 0.000000000000000000e+00 0.000000000000000000e+00 1.861484175636094820e-14
1.746000000000000000e+03 0.000000000000000000e+00 0.000000000000000000e+00 1.859477882673610911e-14
1.747000000000000000e+03 0.000000000000000000e+00 0.000000000000000000e+00 1.857475538864144638e-14
1.748000000000000000e+03 0.000000000000000000e+00 0.000000000000000000e+00 1.855477141033269548e-14
1.749000000000000000e+03 0.000000000000000000e+00 0.000000000000000000e+00 1.853482706105773903e-14
1.750000000000000000e+03 0.000000000000000000e+00 0.000000000000000000e+00 1.851492230412643544e-14
1.751000000000000000e+03 0.000000000000000000e+00 0.000000000000000000e+00 1.849505729455681253e-14
1.752000000000000000e+03 0.000000000000000000e+00 0.000000000000000000e+00 1.847523199375446583e-14
1.753000000000000000e+03 0.000000000000000000e+00 0.000000000000000000e+00 1.845544655130388806e-14
1.754000000000000000e+03 0.000000000000000000e+00 0.000000000000000000e+00 1.843570092232280016e-14
1.755000000000000000e+03 0.000000000000000000e+00 0.000000000000000000e+00 1.841599524779045932e-14
1.756000000000000000e+03 0.000000000000000000e+00 0.000000000000000000e+00 1.839632947558275501e-14
1.757000000000000000e+03 0.000000000000000000e+00 0.000000000000000000e+00 1.837670373793876949e-14
1.758000000000000000e+03 0.000000000000000000e+00 0.000000000000000000e+00 1.835711797393262619e-14
1.759000000000000000e+03 0.000000000000000000e+00 0.000000000000000000e+00 1.833757230563632822e-14
1.760000000000000000e+03 0.000000000000000000e+00 0.000000000000000000e+00 1.831806667006130759e-14
1.761000000000000000e+03 0.000000000000000000e+00 0.000000000000000000e+00 1.829860118551117887e-14
1.762000000000000000e+03 0.000000000000000000e+00 0.000000000000000000e+00 1.827917577060405655e-14
1.763000000000000000e+03 0.000000000000000000e+00 0.000000000000000000e+00 1.825979054324524986e-14
1.764000000000000000e+03 0.000000000000000000e+00 0.000000000000000000e+00 1.824044541481671847e-14
1.765000000000000000e+03 0.000000000000000000e+00 0.000000000000000000e+00 1.822114049266275740e-14
1.766000000000000000e+03 0.000000000000000000e+00 0.000000000000000000e+00 1.820187567938869970e-14
1.767000000000000000e+03 0.000000000000000000e+00 0.000000000000000000e+00 1.818265107912941029e-14
1.768000000000000000e+03 0.000000000000000000e+00 0.000000000000000000e+00 1.816346658518308033e-14
1.769000000000000000e+03 0.000000000000000000e+00 0.000000000000000000e+00 1.814432229547022199e-14
1.770000000000000000e+03 0.000000000000000000e+00 0.000000000000000000e+00 1.812521809375535524e-14
1.771000000000000000e+03 0.000000000000000000e+00 0.000000000000000000e+00 1.810615406473693563e-14
1.772000000000000000e+03 0.000000000000000000e+00 0.000000000000000000e+00 1.808713008872210775e-14
1.773000000000000000e+03 0.000000000000000000e+00 0.000000000000000000e+00 1.806814624554489841e-14
1.774000000000000000e+03 0.000000000000000000e+00 0.000000000000000000e+00 1.804920240361028925e-14
1.775000000000000000e+03 0.000000000000000000e+00 0.000000000000000000e+00 1.803029863064676318e-14
1.776000000000000000e+03 0.000000000000000000e+00 0.000000000000000000e+00 1.801143479635703483e-14
1.777000000000000000e+03 0.000000000000000000e+00 0.000000000000000000e+00 1.799261095350509767e-14
1.778000000000000000e+03 0.000000000000000000e+00 0.000000000000000000e+00 1.797382696846805912e-14
1.779000000000000000e+03 0.000000000000000000e+00 0.000000000000000000e+00 1.795508288189445118e-14
1.780000000000000000e+03 0.000000000000000000e+00 0.000000000000000000e+00 1.793637855635843746e-14
1.781000000000000000e+03 0.000000000000000000e+00 0.000000000000000000e+00 1.791771402760748968e-14
1.782000000000000000e+03 0.000000000000000000e+00 0.000000000000000000e+00 1.789908914750071163e-14
1.783000000000000000e+03 0.000000000000000000e+00 0.000000000000000000e+00 1.788050395042709662e-14
1.784000000000000000e+03 0.000000000000000000e+00 0.000000000000000000e+00 1.786195827509604299e-14
1.785000000000000000e+03 0.000000000000000000e+00 0.000000000000000000e+00 1.784345214577574893e-14
1.786000000000000000e+03 0.000000000000000000e+00 0.000000000000000000e+00 1.782498539718604657e-14
1.787000000000000000e+03 0.000000000000000000e+00 0.000000000000000000e+00 1.780655805102240942e-14
1.788000000000000000e+03 0.000000000000000000e+00 0.000000000000000000e+00 1.778816993054175072e-14
1.789000000000000000e+03 0.000000000000000000e+00 0.000000000000000000e+00 1.776982104824621893e-14
1.790000000000000000e+03 0.000000000000000000e+00 0.000000000000000000e+00 1.775151122407520118e-14
1.791000000000000000e+03 0.000000000000000000e+00 0.000000000000000000e+00 1.773324046312151088e-14
1.792000000000000000e+03 0.000000000000000000e+00 0.000000000000000000e+00 1.771500857577963060e-14
1.793000000000000000e+03 0.000000000000000000e+00 0.000000000000000000e+00 1.769681556062956021e-14
1.794000000000000000e+03 0.000000000000000000e+00 0.000000000000000000e+00 1.767866122630444204e-14
1.795000000000000000e+03 0.000000000000000000e+00 0.000000000000000000e+00 1.766054556003082889e-14
1.796000000000000000e+03 0.000000000000000000e+00 0.000000000000000000e+00 1.764246836679229908e-14
1.797000000000000000e+03 0.000000000000000000e+00 0.000000000000000000e+00 1.762442962642953427e-14
1.798000000000000000e+03 0.000000000000000000e+00 0.000000000000000000e+00 1.760642913565101237e-14
1.799000000000000000e+03 0.000000000000000000e+00 0.000000000000000000e+00 1.758846687301088071e-14
1.800000000000000000e+03 0.000000000000000000e+00 0.000000000000000000e+00 1.757054262978254542e-14
1.801000000000000000e+03 0.000000000000000000e+00 0.000000000000000000e+00 1.755265637627350923e-14
1.802000000000000000e+03 0.000000000000000000e+00 0.000000000000000000e+00 1.753480789938384701e-14
1.803000000000000000e+03 0.000000000000000000e+00 0.000000000000000000e+00 1.751699716393613684e-14
1.804000000000000000e+03 0.000000000000000000e+00 0.000000000000000000e+00 1.749922395321161729e-14
1.805000000000000000e+03 0.000000000000000000e+00 0.000000000000000000e+00 1.748148822234039128e-14
1.806000000000000000e+03 0.000000000000000000e+00 0.000000000000000000e+00 1.746378974643287489e-14
1.807000000000000000e+03 0.000000000000000000e+00 0.000000000000000000e+00 1.744612847956950325e-14
1.808000000000000000e+03 0.000000000000000000e+00 0.000000000000000000e+00 1.742850419713113291e-14
1.809000000000000000e+03 0.000000000000000000e+00 0.000000000000000000e+00 1.741091684082562567e-14
1.810000000000000000e+03 0.000000000000000000e+00 0.000000000000000000e+00 1.739336617977072424e-14
1.811000000000000000e+03 0.000000000000000000e+00 0.000000000000000000e+00 1.737585215463782817e-14
1.812000000000000000e+03 0.000000000000000000e+00 0.000000000000000000e+00 1.735837452598865379e-14
1.813000000000000000e+03 0.000000000000000000e+00 0.000000000000000000e+00 1.734093323258241442e-14
1.814000000000000000e+03 0.000000000000000000e+00 0.000000000000000000e+00 1.732352803599476194e-14
1.815000000000000000e+03 0.000000000000000000e+00 0.000000000000000000e+00 1.730615886303543084e-14
1.816000000000000000e+03 0.000000000000000000e+00 0.000000000000000000e+00 1.728882547515993895e-14
1.817000000000000000e+03 0.000000000000000000e+00 0.000000000000000000e+00 1.727152779838532285e-14
1.818000000000000000e+03 0.000000000000000000e+00 0.000000000000000000e+00 1.725426558434246889e-14
1.819000000000000000e+03 0.000000000000000000e+00 0.000000000000000000e+00 1.723703875735498170e-14
1.820000000000000000e+03 0.000000000000000000e+00 0.000000000000000000e+00 1.721984706536658967e-14
1.821000000000000000e+03 0.000000000000000000e+00 0.000000000000000000e+00 1.720269043187372629e-14
1.822000000000000000e+03 0.000000000000000000e+00 0.000000000000000000e+00 1.718556859748183606e-14
1.823000000000000000e+03 0.000000000000000000e+00 0.000000000000000000e+00 1.716848148066771376e-14
1.824000000000000000e+03 0.000000000000000000e+00 0.000000000000000000e+00 1.715142882406499051e-14
1.825000000000000000e+03 0.000000000000000000e+00 0.000000000000000000e+00 1.713441053944160302e-14
1.826000000000000000e+03 0.000000000000000000e+00 0.000000000000000000e+00 1.711742636582704732e-14
1.827000000000000000e+03 0.000000000000000000e+00 0.000000000000000000e+00 1.710047621254699090e-14
1.828000000000000000e+03 0.000000000000000000e+00 0.000000000000000000e+00 1.708355981754007087e-14
1.829000000000000000e+03 0.000000000000000000e+00 0.000000000000000000e+00 1.706667708949404079e-14
1.830000000000000000e+03 0.000000000000000000e+00 0.000000000000000000e+00 1.704982776176041254e-14
1.831000000000000000e+03 0.000000000000000000e+00 0.000000000000000000e+00 1.703301174368735827e-14
1.832000000000000000e+03 0.000000000000000000e+00 0.000000000000000000e+00 1.701622876265497472e-14
1.833000000000000000e+03 0.000000000000000000e+00 0.000000000000000000e+00 1.699947872450647769e-14
1.834000000000000000e+03 0.000000000000000000e+00 0.000000000000000000e+00 1.698276135465405258e-14
1.835000000000000000e+03 0.000000000000000000e+00 0.000000000000000000e+00 1.696607655382971499e-14
1.836000000000000000e+03 0.000000000000000000e+00 0.000000000000000000e+00 1.694942404756619458e-14
1.837000000000000000e+03 0.000000000000000000e+00 0.000000000000000000e+00 1.693280373532822715e-14
1.838000000000000000e+03 0.000000000000000000e+00 0.000000000000000000e+00 1.691621533937724661e-14
1.839000000000000000e+03 0.000000000000000000e+00 0.000000000000000000e+00 1.689965875476443193e-14
1.840000000000000000e+03 0.000000000000000000e+00 0.000000000000000000e+00 1.688313370410259459e-14
1.841000000000000000e+03 0.000000000000000000e+00 0.000000000000000000e+00 1.686664008234786843e-14
1.842000000000000000e+03 0.000000000000000000e+00 0.000000000000000000e+00 1.685017760928896499e-14
1.843000000000000000e+03 0.000000000000000000e+00 0.000000000000000000e+00 1.683374618066594074e-14
1.844000000000000000e+03 0.000000000000000000e+00 0.000000000000000000e+00 1.681734551232564502e-14
1.845000000000000000e+03 0.000000000000000000e+00 0.000000000000000000e+00 1.680097549800129737e-14
1.846000000000000000e+03 0.000000000000000000e+00 0.000000000000000000e+00 1.678463585838473204e-14
1.847000000000000000e+03 0.000000000000000000e+00 0.000000000000000000e+00 1.676832647842542013e-14
1.848000000000000000e+03 0.000000000000000000e+00 0.000000000000000000e+00 1.675204708307563482e-14
1.849000000000000000e+03 0.000000000000000000e+00 0.000000000000000000e+00 1.673579755551390181e-14
1.850000000000000000e+03 0.000000000000000000e+00 0.000000000000000000e+00 1.671957762027249528e-14
1.851000000000000000e+03 0.000000000000000000e+00 0.000000000000000000e+00 1.670338716103954824e-14
1.852000000000000000e+03 0.000000000000000000e+00 0.000000000000000000e+00 1.668722590077970098e-14
1.853000000000000000e+03 0.000000000000000000e+00 0.000000000000000000e+00 1.667109372063422702e-14
1.854000000000000000e+03 0.000000000000000000e+00 0.000000000000000000e+00 1.665499034582855995e-14
1.855000000000000000e+03 0.000000000000000000e+00 0.000000000000000000e+00 1.663891565822662036e-14
1.856000000000000000e+03 0.000000000000000000e+00 0.000000000000000000e+00 1.662286938266921537e-14
1.857000000000000000e+03 0.000000000000000000e+00 0.000000000000000000e+00 1.660685139861931059e-14
1.858000000000000000e+03 0.000000000000000000e+00 0.000000000000000000e+00 1.659086142865187744e-14
1.859000000000000000e+03 0.000000000000000000e+00 0.000000000000000000e+00 1.657489935889673120e-14
1.860000000000000000e+03 0.000000000000000000e+00 0.000000000000000000e+00 1.655896490895058414e-14
1.861000000000000000e+03 0.000000000000000000e+00 0.000000000000000000e+00 1.654305796571234675e-14
1.862000000000000000e+03 0.000000000000000000e+00 0.000000000000000000e+00 1.652717825012315539e-14
1.863000000000000000e+03 0.000000000000000000e+00 0.000000000000000000e+00 1.651132564831878913e-14
1.864000000000000000e+03 0.000000000000000000e+00 0.000000000000000000e+00 1.649549988414998102e-14
1.865000000000000000e+03 0.000000000000000000e+00 0.000000000000000000e+00 1.647970084628564033e-14
1.866000000000000000e+03 0.000000000000000000e+00 0.000000000000000000e+00 1.646392825433262092e-14
1.867000000000000000e+03 0.000000000000000000e+00 0.000000000000000000e+00 1.644818199610144094e-14
1.868000000000000000e+03 0.000000000000000000e+00 0.000000000000000000e+00 1.643246179633917191e-14
1.869000000000000000e+03 0.000000000000000000e+00 0.000000000000000000e+00 1.641676754161605017e-14
1.870000000000000000e+03 0.000000000000000000e+00 0.000000000000000000e+00 1.640109895719043323e-14
1.871000000000000000e+03 0.000000000000000000e+00 0.000000000000000000e+00 1.638545592735803162e-14
1.872000000000000000e+03 0.000000000000000000e+00 0.000000000000000000e+00 1.636983818122740575e-14
1.873000000000000000e+03 0.000000000000000000e+00 0.000000000000000000e+00 1.635424559990086568e-14
1.874000000000000000e+03 0.000000000000000000e+00 0.000000000000000000e+00 1.633867791314107950e-14
1.875000000000000000e+03 0.000000000000000000e+00 0.000000000000000000e+00 1.632313500743074524e-14
1.876000000000000000e+03 0.000000000000000000e+00 0.000000000000000000e+00 1.630761661193304403e-14
1.877000000000000000e+03 0.000000000000000000e+00 0.000000000000000000e+00 1.629212261839514974e-14
1.878000000000000000e+03 0.000000000000000000e+00 0.000000000000000000e+00 1.627665275027410967e-14
1.879000000000000000e+03 0.000000000000000000e+00 0.000000000000000000e+00 1.626120690450626890e-14
1.880000000000000000e+03 0.000000000000000000e+00 0.000000000000000000e+00 1.624578480956989430e-14
1.881000000000000000e+03 0.000000000000000000e+00 0.000000000000000000e+00 1.623038635559154600e-14
1.882000000000000000e+03 0.000000000000000000e+00 0.000000000000000000e+00 1.621501127999174984e-14
1.883000000000000000e+03 0.000000000000000000e+00 0.000000000000000000e+00 1.619965946917480686e-14
1.884000000000000000e+03 0.000000000000000000e+00 0.000000000000000000e+00 1.618433066373192416e-14
1.885000000000000000e+03 0.000000000000000000e+00 0.000000000000000000e+00 1.616902475058051577e-14
1.886000000000000000e+03 0.000000000000000000e+00 0.000000000000000000e+00 1.615374147190548977e-14
1.887000000000000000e+03 0.000000000000000000e+00 0.000000000000000000e+00 1.613848071741248590e-14
1.888000000000000000e+03 0.000000000000000000e+00 0.000000000000000000e+00 1.612324223357731072e-14
1.889000000000000000e+03 0.000000000000000000e+00 0.000000000000000000e+00 1.610802590974333376e-14
1.890000000000000000e+03 0.000000000000000000e+00 0.000000000000000000e+00 1.609283149416802603e-14
1.891000000000000000e+03 0.000000000000000000e+00 0.000000000000000000e+00 1.607765887903841763e-14
1.892000000000000000e+03 0.000000000000000000e+00 0.000000000000000000e+00 1.606250781730640245e-14
1.893000000000000000e+03 0.000000000000000000e+00 0.000000000000000000e+00 1.604737820124620181e-14
1.894000000000000000e+03 0.000000000000000000e+00 0.000000000000000000e+00 1.603226978952060502e-14
1.895000000000000000e+03 0.000000000000000000e+00 0.000000000000000000e+00 1.601718247315109387e-14
1.896000000000000000e+03 0.000000000000000000e+00 0.000000000000000000e+00 1.600211601376459305e-14
1.897000000000000000e+03 0.000000000000000000e+00 0.000000000000000000e+00 1.598707030458972568e-14
1.898000000000000000e+03 0.000000000000000000e+00 0.000000000000000000e+00 1.597204510825699897e-14
1.899000000000000000e+03 0.000000000000000000e+00 0.000000000000000000e+00 1.595704032225536456e-14
1.900000000000000000e+03 0.000000000000000000e+00 0.000000000000000000e+00 1.594205570973367438e-14
1.901000000000000000e+03 0.000000000000000000e+00 0.000000000000000000e+00 1.592709117262956016e-14
1.902000000000000000e+03 0.000000000000000000e+00 0.000000000000000000e+00 1.591214647793735934e-14
1.903000000000000000e+03 0.000000000000000000e+00 0.000000000000000000e+00 1.589722152963436663e-14
1.904000000000000000e+03 0.000000000000000000e+00 0.000000000000000000e+00 1.588231609938553455e-14
1.905000000000000000e+03 0.000000000000000000e+00 0.000000000000000000e+00 1.586743009569752890e-14
1.906000000000000000e+03 0.000000000000000000e+00 0.000000000000000000e+00 1.585256329255014195e-14
1.907000000000000000e+03 0.000000000000000000e+00 0.000000000000000000e+00 1.583771560766769301e-14
1.908000000000000000e+03 0.000000000000000000e+00 0.000000000000000000e+00 1.582288681572224082e-14
1.909000000000000000e+03 0.000000000000000000e+00 0.000000000000000000e+00 1.580807683897511513e-14
1.910000000000000000e+03 0.000000000000000000e+00 0.000000000000000000e+00 1.579328545978600721e-14
1.911000000000000000e+03 0.000000000000000000e+00 0.000000000000000000e+00 1.577851260230049156e-14
1.912000000000000000e+03 0.000000000000000000e+00 0.000000000000000000e+00 1.576375805250865099e-14
1.913000000000000000e+03 0.000000000000000000e+00 0.000000000000000000e+00 1.574902173952396520e-14
1.914000000000000000e+03 0.000000000000000000e+00 0.000000000000000000e+00 1.573430345089588672e-14
1.915000000000000000e+03 0.000000000000000000e+00 0.000000000000000000e+00 1.571960312557253898e-14
1.916000000000000000e+03 0.000000000000000000e+00 0.000000000000000000e+00 1.570492055946198060e-14
1.917000000000000000e+03 0.000000000000000000e+00 0.000000000000000000e+00 1.569025568851036897e-14
1.918000000000000000e+03 0.000000000000000000e+00 0.000000000000000000e+00 1.567560831946481254e-14
1.919000000000000000e+03 0.000000000000000000e+00 0.000000000000000000e+00 1.566097839531492374e-14
1.920000000000000000e+03 0.000000000000000000e+00 0.000000000000000000e+00 1.564636572444653386e-14
1.921000000000000000e+03 0.000000000000000000e+00 0.000000000000000000e+00 1.563177025576377468e-14
1.922000000000000000e+03 0.000000000000000000e+00 0.000000000000000000e+00 1.561719180361427799e-14
1.923000000000000000e+03 0.000000000000000000e+00 0.000000000000000000e+00 1.560263032287729523e-14
1.924000000000000000e+03 0.000000000000000000e+00 0.000000000000000000e+00 1.558808563461734373e-14
1.925000000000000000e+03 0.000000000000000000e+00 0.000000000000000000e+00 1.557355769651157207e-14
1.926000000000000000e+03 0.000000000000000000e+00 0.000000000000000000e+00 1.555904633631220162e-14
1.927000000000000000e+03 0.000000000000000000e+00 0.000000000000000000e+00 1.554455151301267740e-14
1.928000000000000000e+03 0.000000000000000000e+00 0.000000000000000000e+00 1.553007306146883749e-14
1.929000000000000000e+03 0.000000000000000000e+00 0.000000000000000000e+00 1.551561094903072298e-14
1.930000000000000000e+03 0.000000000000000000e+00 0.000000000000000000e+00 1.550116501759074495e-14
1.931000000000000000e+03 0.000000000000000000e+00 0.000000000000000000e+00 1.548673523699247702e-14
1.932000000000000000e+03 0.000000000000000000e+00 0.000000000000000000e+00 1.547232145264735988e-14
1.933000000000000000e+03 0.000000000000000000e+00 0.000000000000000000e+00 1.545792364712901752e-14
1.934000000000000000e+03 0.000000000000000000e+00 0.000000000000000000e+00 1.544354166793556973e-14
1.935000000000000000e+03 0.000000000000000000e+00 0.000000000000000000e+00 1.542917550605132716e-14
1.936000000000000000e+03 0.000000000000000000e+00 0.000000000000000000e+00 1.541482501731629813e-14
1.937000000000000000e+03 0.000000000000000000e+00 0.000000000000000000e+00 1.540049019324832832e-14
1.938000000000000000e+03 0.000000000000000000e+00 0.000000000000000000e+00 1.538617090010435638e-14
1.939000000000000000e+03 0.000000000000000000e+00 0.000000000000000000e+00 1.537186713773911831e-14
1.940000000000000000e+03 0.000000000000000000e+00 0.000000000000000000e+00 1.535757877263818042e-14
1.941000000000000000e+03 0.000000000000000000e+00 0.000000000000000000e+00 1.534330581528593013e-14
1.942000000000000000e+03 0.000000000000000000e+00 0.000000000000000000e+00 1.532904813600902687e-14
1.943000000000000000e+03 0.000000000000000000e+00 0.000000000000000000e+00 1.531480575371698720e-14
1.944000000000000000e+03 0.000000000000000000e+00 0.000000000000000000e+00 1.530057854332704147e-14
1.945000000000000000e+03 0.000000000000000000e+00 0.000000000000000000e+00 1.528636653035100186e-14
1.946000000000000000e+03 0.000000000000000000e+00 0.000000000000000000e+00 1.527216959518339665e-14
1.947000000000000000e+03 0.000000000000000000e+00 0.000000000000000000e+00 1.525798776985248347e-14
1.948000000000000000e+03 0.000000000000000000e+00 0.000000000000000000e+00 1.524382094320298028e-14
1.949000000000000000e+03 0.000000000000000000e+00 0.000000000000000000e+00 1.522966914975634905e-14
1.950000000000000000e+03 0.000000000000000000e+00 0.000000000000000000e+00 1.521553228487698438e-14
1.951000000000000000e+03 0.000000000000000000e+00 0.000000000000000000e+00 1.520141039117229559e-14
1.952000000000000000e+03 0.000000000000000000e+00 0.000000000000000000e+00 1.518730336903390480e-14
1.953000000000000000e+03 0.000000000000000000e+00 0.000000000000000000e+00 1.517321126758245772e-14
1.954000000000000000e+03 0.000000000000000000e+00 0.000000000000000000e+00 1.515913399593561500e-14
1.955000000000000000e+03 0.000000000000000000e+00 0.000000000000000000e+00 1.514507161235647218e-14
1.956000000000000000e+03 0.000000000000000000e+00 0.000000000000000000e+00 1.513102402832816507e-14
1.957000000000000000e+03 0.000000000000000000e+00 0.000000000000000000e+00 1.511699130489286726e-14
1.958000000000000000e+03 0.000000000000000000e+00 0.000000000000000000e+00 1.510297336462920100e-14
1.959000000000000000e+03 0.000000000000000000e+00 0.000000000000000000e+00 1.508897027209379725e-14
1.960000000000000000e+03 0.000000000000000000e+00 0.000000000000000000e+00 1.507498195699334966e-14
1.961000000000000000e+03 0.000000000000000000e+00 0.000000000000000000e+00 1.506100849071027225e-14
1.962000000000000000e+03 0.000000000000000000e+00 0.000000000000000000e+00 1.504704980466775374e-14
1.963000000000000000e+03 0.000000000000000000e+00 0.000000000000000000e+00 1.503310597482662432e-14
1.964000000000000000e+03 0.000000000000000000e+00 0.000000000000000000e+00 1.501917693925476487e-14
1.965000000000000000e+03 0.000000000000000000e+00 0.000000000000000000e+00 1.500526278116838335e-14
1.966000000000000000e+03 0.000000000000000000e+00 0.000000000000000000e+00 1.499136344306514279e-14
1.967000000000000000e+03 0.000000000000000000e+00 0.000000000000000000e+00 1.497747901265382979e-14
1.968000000000000000e+03 0.000000000000000000e+00 0.000000000000000000e+00 1.496360943980576696e-14
1.969000000000000000e+03 0.000000000000000000e+00 0.000000000000000000e+00 1.494975481964023715e-14
1.970000000000000000e+03 0.000000000000000000e+00 0.000000000000000000e+00 1.493591510648182791e-14
1.971000000000000000e+03 0.000000000000000000e+00 0.000000000000000000e+00 1.492209039581570524e-14
1.972000000000000000e+03 0.000000000000000000e+00 0.000000000000000000e+00 1.490828065227807412e-14
1.973000000000000000e+03 0.000000000000000000e+00 0.000000000000000000e+00 1.489448597659589194e-14
1.974000000000000000e+03 0.000000000000000000e+00 0.000000000000000000e+00 1.488070633516234308e-14
1.975000000000000000e+03 0.000000000000000000e+00 0.000000000000000000e+00 1.486694183499246146e-14
1.976000000000000000e+03 0.000000000000000000e+00 0.000000000000000000e+00 1.485319244840841536e-14
1.977000000000000000e+03 0.000000000000000000e+00 0.000000000000000000e+00 1.483945828211713805e-14
1.978000000000000000e+03 0.000000000000000000e+00 0.000000000000000000e+00 1.482573931506253094e-14
1.979000000000000000e+03 0.000000000000000000e+00 0.000000000000000000e+00 1.481203566153507123e-14
1.980000000000000000e+03 0.000000000000000000e+00 0.000000000000000000e+00 1.479834730191546949e-14
1.981000000000000000e+03 0.000000000000000000e+00 0.000000000000000000e+00 1.478467435448194212e-14
1.982000000000000000e+03 0.000000000000000000e+00 0.000000000000000000e+00 1.477101680948404842e-14
1.983000000000000000e+03 0.000000000000000000e+00 0.000000000000000000e+00 1.475737478428507128e-14
1.984000000000000000e+03 0.000000000000000000e+00 0.000000000000000000e+00 1.474374827585121575e-14
1.985000000000000000e+03 0.000000000000000000e+00 0.000000000000000000e+00 1.473013740276511016e-14
1.986000000000000000e+03 0.000000000000000000e+00 0.000000000000000000e+00 1.471654216548888818e-14
1.987000000000000000e+03 0.000000000000000000e+00 0.000000000000000000e+00 1.470296268728226187e-14
1.988000000000000000e+03 0.000000000000000000e+00 0.000000000000000000e+00 1.468939896914181500e-14
1.989000000000000000e+03 0.000000000000000000e+00 0.000000000000000000e+00 1.467585114132321578e-14
1.990000000000000000e+03 0.000000000000000000e+00 0.000000000000000000e+00 1.466231920397587132e-14
1.991000000000000000e+03 0.000000000000000000e+00 0.000000000000000000e+00 1.464880328901338933e-14
1.992000000000000000e+03 0.000000000000000000e+00 0.000000000000000000e+00 1.463530339786889342e-14
1.993000000000000000e+03 0.000000000000000000e+00 0.000000000000000000e+00 1.462181966780925820e-14
1.994000000000000000e+03 0.000000000000000000e+00 0.000000000000000000e+00 1.460835210439057304e-14
1.995000000000000000e+03 0.000000000000000000e+00 0.000000000000000000e+00 1.459490084894508827e-14
1.996000000000000000e+03 0.000000000000000000e+00 0.000000000000000000e+00 1.458146590911987007e-14
1.997000000000000000e+03 0.000000000000000000e+00 0.000000000000000000e+00 1.456804742376793988e-14
1.998000000000000000e+03 0.000000000000000000e+00 0.000000000000000000e+00 1.455464540876985976e-14
1.999000000000000000e+03 0.000000000000000000e+00 0.000000000000000000e+00 1.454126000584311870e-14
2.000000000000000000e+03 0.000000000000000000e+00 0.000000000000000000e+00 1.452789123020970927e-14
2.001000000000000000e+03 0.000000000000000000e+00 0.000000000000000000e+00 1.451453922442376109e-14
2.002000000000000000e+03 0.000000000000000000e+00 0.000000000000000000e+00 1.450120401095960266e-14
2.003000000000000000e+03 0.000000000000000000e+00 0.000000000000000000e+00 1.448788573036594982e-14
2.004000000000000000e+03 0.000000000000000000e+00 0.000000000000000000e+00 1.447458440690712588e-14
2.005000000000000000e+03 0.000000000000000000e+00 0.000000000000000000e+00 1.446130018305611824e-14
2.006000000000000000e+03 0.000000000000000000e+00 0.000000000000000000e+00 1.444803308370528761e-14
2.007000000000000000e+03 0.000000000000000000e+00 0.000000000000000000e+00 1.443478325645560855e-14
2.008000000000000000e+03 0.000000000000000000e+00 0.000000000000000000e+00 1.442155072141382973e-14
2.009000000000000000e+03 0.000000000000000000e+00 0.000000000000000000e+00 1.440833563398335328e-14
2.010000000000000000e+03 0.000000000000000000e+00 0.000000000000000000e+00 1.439513801486728462e-14
2.011000000000000000e+03 0.000000000000000000e+00 0.000000000000000000e+00 1.438195801471689938e-14
2.012000000000000000e+03 0.000000000000000000e+00 0.000000000000000000e+00 1.436879566005367912e-14
2.013000000000000000e+03 0.000000000000000000e+00 0.000000000000000000e+00 1.435565110321695769e-14
2.014000000000000000e+03 0.000000000000000000e+00 0.000000000000000000e+00 1.434252437018729471e-14
2.015000000000000000e+03 0.000000000000000000e+00 0.000000000000000000e+00 1.432941561314604044e-14
2.016000000000000000e+03 0.000000000000000000e+00 0.000000000000000000e+00 1.431632486361613661e-14
2.017000000000000000e+03 0.000000000000000000e+00 0.000000000000000000e+00 1.430325227046985762e-14
2.018000000000000000e+03 0.000000000000000000e+00 0.000000000000000000e+00 1.429019786550903908e-14
2.019000000000000000e+03 0.000000000000000000e+00 0.000000000000000000e+00 1.427716180049564754e-14
2.020000000000000000e+03 0.000000000000000000e+00 0.000000000000000000e+00 1.426414410445895969e-14
2.021000000000000000e+03 0.000000000000000000e+00 0.000000000000000000e+00 1.425114493036780776e-14
2.022000000000000000e+03 0.000000000000000000e+00 0.000000000000000000e+00 1.423816430751921727e-14
2.023000000000000000e+03 0.000000000000000000e+00 0.000000000000000000e+00 1.422520238682121286e-14
2.024000000000000000e+03 0.000000000000000000e+00 0.000000000000000000e+00 1.421225919950431814e-14
2.025000000000000000e+03 0.000000000000000000e+00 0.000000000000000000e+00 1.419933489416986060e-14
2.026000000000000000e+03 0.000000000000000000e+00 0.000000000000000000e+00 1.418642949764550712e-14
2.027000000000000000e+03 0.000000000000000000e+00 0.000000000000000000e+00 1.417354315824064512e-14
2.028000000000000000e+03 0.000000000000000000e+00 0.000000000000000000e+00 1.416067590535959468e-14
2.029000000000000000e+03 0.000000000000000000e+00 0.000000000000000000e+00 1.414782788905180316e-14
2.030000000000000000e+03 0.000000000000000000e+00 0.000000000000000000e+00 1.413499913303239994e-14
2.031000000000000000e+03 0.000000000000000000e+00 0.000000000000000000e+00 1.412218978673673888e-14
2.032000000000000000e+03 0.000000000000000000e+00 0.000000000000000000e+00 1.410939987575907913e-14
2.033000000000000000e+03 0.000000000000000000e+00 0.000000000000000000e+00 1.409662954705098603e-14
2.034000000000000000e+03 0.000000000000000000e+00 0.000000000000000000e+00 1.408387882621538203e-14
2.035000000000000000e+03 0.000000000000000000e+00 0.000000000000000000e+00 1.407114785796881597e-14
2.036000000000000000e+03 0.000000000000000000e+00 0.000000000000000000e+00 1.405843666317065398e-14
2.037000000000000000e+03 0.000000000000000000e+00 0.000000000000000000e+00 1.404574539019054299e-14
2.038000000000000000e+03 0.000000000000000000e+00 0.000000000000000000e+00 1.403307405580699438e-14
2.039000000000000000e+03 0.000000000000000000e+00 0.000000000000000000e+00 1.402042280273385686e-14
2.040000000000000000e+03 0.000000000000000000e+00 0.000000000000000000e+00 1.400779165003505548e-14
2.041000000000000000e+03 0.000000000000000000e+00 0.000000000000000000e+00 1.399518073607878723e-14
2.042000000000000000e+03 0.000000000000000000e+00 0.000000000000000000e+00 1.398259008058630654e-14
2.043000000000000000e+03 0.000000000000000000e+00 0.000000000000000000e+00 1.397001981891514171e-14
2.044000000000000000e+03 0.000000000000000000e+00 0.000000000000000000e+00 1.395746996683168768e-14
2.045000000000000000e+03 0.000000000000000000e+00 0.000000000000000000e+00 1.394494066078347657e-14
2.046000000000000000e+03 0.000000000000000000e+00 0.000000000000000000e+00 1.393243191574383778e-14
2.047000000000000000e+03 0.000000000000000000e+00 0.000000000000000000e+00 1.391994386338167279e-14
2.048000000000000000e+03 0.000000000000000000e+00 0.000000000000000000e+00 1.390747651473484804e-14
2.049000000000000000e+03 0.000000000000000000e+00 0.000000000000000000e+00 1.389502999995052708e-14
2.050000000000000000e+03 0.000000000000000000e+00 0.000000000000000000e+00 1.388260432785802138e-14
2.051000000000000000e+03 0.000000000000000000e+00 0.000000000000000000e+00 1.387019962307879682e-14
2.052000000000000000e+03 0.000000000000000000e+00 0.000000000000000000e+00 1.385781589458900187e-14
2.053000000000000000e+03 0.000000000000000000e+00 0.000000000000000000e+00 1.384545326230898837e-14
2.054000000000000000e+03 0.000000000000000000e+00 0.000000000000000000e+00 1.383311172984433659e-14
2.055000000000000000e+03 0.000000000000000000e+00 0.000000000000000000e+00 1.382079141489456247e-14
2.056000000000000000e+03 0.000000000000000000e+00 0.000000000000000000e+00 1.380849231892563303e-14
2.057000000000000000e+03 0.000000000000000000e+00 0.000000000000000000e+00 1.379621455835227484e-14
2.058000000000000000e+03 0.000000000000000000e+00 0.000000000000000000e+00 1.378395813157375659e-14
2.059000000000000000e+03 0.000000000000000000e+00 0.000000000000000000e+00 1.377172314865629052e-14
2.060000000000000000e+03 0.000000000000000000e+00 0.000000000000000000e+00 1.375950960662332299e-14
2.061000000000000000e+03 0.000000000000000000e+00 0.000000000000000000e+00 1.374731761550863300e-14
2.062000000000000000e+03 0.000000000000000000e+00 0.000000000000000000e+00 1.373514716914092541e-14
2.063000000000000000e+03 0.000000000000000000e+00 0.000000000000000000e+00 1.372299837202637406e-14
2.064000000000000000e+03 0.000000000000000000e+00 0.000000000000000000e+00 1.371087121396373580e-14
2.065000000000000000e+03 0.000000000000000000e+00 0.000000000000000000e+00 1.369876579701499521e-14
2.066000000000000000e+03 0.000000000000000000e+00 0.000000000000000000e+00 1.368668210922786668e-14
2.067000000000000000e+03 0.000000000000000000e+00 0.000000000000000000e+00 1.367462024847853786e-14
2.068000000000000000e+03 0.000000000000000000e+00 0.000000000000000000e+00 1.366258019982104651e-14
2.069000000000000000e+03 0.000000000000000000e+00 0.000000000000000000e+00 1.365056205629717715e-14
2.070000000000000000e+03 0.000000000000000000e+00 0.000000000000000000e+00 1.363856579958593345e-14
2.071000000000000000e+03 0.000000000000000000e+00 0.000000000000000000e+00 1.362659151938301072e-14
2.072000000000000000e+03 0.000000000000000000e+00 0.000000000000000000e+00 1.361463919242408992e-14
2.073000000000000000e+03 0.000000000000000000e+00 0.000000000000000000e+00 1.360270890726474621e-14
2.074000000000000000e+03 0.000000000000000000e+00 0.000000000000000000e+00 1.359080063633674114e-14
2.075000000000000000e+03 0.000000000000000000e+00 0.000000000000000000e+00 1.357891446173779153e-14
2.076000000000000000e+03 0.000000000000000000e+00 0.000000000000000000e+00 1.356705035578061038e-14
2.077000000000000000e+03 0.000000000000000000e+00 0.000000000000000000e+00 1.355520839759765577e-14
2.078000000000000000e+03 0.000000000000000000e+00 0.000000000000000000e+00 1.354338854887326724e-14
2.079000000000000000e+03 0.000000000000000000e+00 0.000000000000000000e+00 1.353159088978589298e-14
2.080000000000000000e+03 0.000000000000000000e+00 0.000000000000000000e+00 1.351981538123556651e-14
2.081000000000000000e+03 0.000000000000000000e+00 0.000000000000000000e+00 1.350806209629148684e-14
2.082000000000000000e+03 0.000000000000000000e+00 0.000000000000000000e+00 1.349633099275192269e-14
2.083000000000000000e+03 0.000000000000000000e+00 0.000000000000000000e+00 1.348462213521371485e-14
2.084000000000000000e+03 0.000000000000000000e+00 0.000000000000000000e+00 1.347293548207396581e-14
2.085000000000000000e+03 0.000000000000000000e+00 0.000000000000000000e+00 1.346127109353465865e-14
2.086000000000000000e+03 0.000000000000000000e+00 0.000000000000000000e+00 1.344962892293354749e-14
2.087000000000000000e+03 0.000000000000000000e+00 0.000000000000000000e+00 1.343800902507207052e-14
2.088000000000000000e+03 0.000000000000000000e+00 0.000000000000000000e+00 1.342641134928525271e-14
2.089000000000000000e+03 0.000000000000000000e+00 0.000000000000000000e+00 1.341483594671627657e-14
2.090000000000000000e+03 0.000000000000000000e+00 0.000000000000000000e+00 1.340328275954834147e-14
2.091000000000000000e+03 0.000000000000000000e+00 0.000000000000000000e+00 1.339175183867106164e-14
2.092000000000000000e+03 0.000000000000000000e+00 0.000000000000000000e+00 1.338024312044140958e-14
2.093000000000000000e+03 0.000000000000000000e+00 0.000000000000000000e+00 1.336875664807814446e-14
2.094000000000000000e+03 0.000000000000000000e+00 0.000000000000000000e+00 1.335729235932354164e-14
2.095000000000000000e+03 0.000000000000000000e+00 0.000000000000000000e+00 1.334585029346573778e-14
2.096000000000000000e+03 0.000000000000000000e+00 0.000000000000000000e+00 1.333443038075769217e-14
2.097000000000000000e+03 0.000000000000000000e+00 0.000000000000000000e+00 1.332303265820577550e-14
2.098000000000000000e+03 0.000000000000000000e+00 0.000000000000000000e+00 1.331165705248478917e-14
2.099000000000000000e+03 0.000000000000000000e+00 0.000000000000000000e+00 1.330030359486006292e-14
2.100000000000000000e+03 0.000000000000000000e+00 0.000000000000000000e+00 1.328897220945807135e-14
2.101000000000000000e+03 0.000000000000000000e+00 0.000000000000000000e+00 1.327766292442476889e-14
2.102000000000000000e+03 0.000000000000000000e+00 0.000000000000000000e+00 1.326637565570825512e-14
2.103000000000000000e+03 0.000000000000000000e+00 0.000000000000000000e+00 1.325511042931132449e-14
2.104000000000000000e+03 0.000000000000000000e+00 0.000000000000000000e+00 1.324386715953990644e-14
2.105000000000000000e+03 0.000000000000000000e+00 0.000000000000000000e+00 1.323264586648736265e-14
2.106000000000000000e+03 0.000000000000000000e+00 0.000000000000000000e+00 1.322144646102592401e-14
2.107000000000000000e+03 0.000000000000000000e+00 0.000000000000000000e+00 1.321026896024085676e-14
2.108000000000000000e+03 0.000000000000000000e+00 0.000000000000000000e+00 1.319911327315295262e-14
2.109000000000000000e+03 0.000000000000000000e+00 0.000000000000000000e+00 1.318797941238183877e-14
2.110000000000000000e+03 0.000000000000000000e+00 0.000000000000000000e+00 1.317686728148309752e-14
2.111000000000000000e+03 0.000000000000000000e+00 0.000000000000000000e+00 1.316577689142505247e-14
2.112000000000000000e+03 0.000000000000000000e+00 0.000000000000000000e+00 1.315470814136487833e-14
2.113000000000000000e+03 0.000000000000000000e+00 0.000000000000000000e+00 1.314366103871166401e-14
2.114000000000000000e+03 0.000000000000000000e+00 0.000000000000000000e+00 1.313263547782160831e-14
2.115000000000000000e+03 0.000000000000000000e+00 0.000000000000000000e+00 1.312163146268639632e-14
2.116000000000000000e+03 0.000000000000000000e+00 0.000000000000000000e+00 1.311064888270170223e-14
2.117000000000000000e+03 0.000000000000000000e+00 0.000000000000000000e+00 1.309968774035027168e-14
2.118000000000000000e+03 0.000000000000000000e+00 0.000000000000000000e+00 1.308874792139173909e-14
2.119000000000000000e+03 0.000000000000000000e+00 0.000000000000000000e+00 1.307782942276262467e-14
2.120000000000000000e+03 0.000000000000000000e+00 0.000000000000000000e+00 1.306693212774364474e-14
2.121000000000000000e+03 0.000000000000000000e+00 0.000000000000000000e+00 1.305605603106527630e-14
2.122000000000000000e+03 0.000000000000000000e+00 0.000000000000000000e+00 1.304520101378142020e-14
2.123000000000000000e+03 0.000000000000000000e+00 0.000000000000000000e+00 1.303436706724154764e-14
2.124000000000000000e+03 0.000000000000000000e+00 0.000000000000000000e+00 1.302355406866104434e-14
2.125000000000000000e+03 0.000000000000000000e+00 0.000000000000000000e+00 1.301276200462553886e-14
2.126000000000000000e+03 0.000000000000000000e+00 0.000000000000000000e+00 1.300199075284638325e-14
2.127000000000000000e+03 0.000000000000000000e+00 0.000000000000000000e+00 1.299124029562353617e-14
2.128000000000000000e+03 0.000000000000000000e+00 0.000000000000000000e+00 1.298051050964173082e-14
2.129000000000000000e+03 0.000000000000000000e+00 0.000000000000000000e+00 1.296980137125386916e-14
2.130000000000000000e+03 0.000000000000000000e+00 0.000000000000000000e+00 1.295911275524903428e-14
2.131000000000000000e+03 0.000000000000000000e+00 0.000000000000000000e+00 1.294844463483849906e-14
2.132000000000000000e+03 0.000000000000000000e+00 0.000000000000000000e+00 1.293779688085300347e-14
2.133000000000000000e+03 0.000000000000000000e+00 0.000000000000000000e+00 1.292716946766132864e-14
2.134000000000000000e+03 0.000000000000000000e+00 0.000000000000000000e+00 1.291656226046865179e-14
2.135000000000000000e+03 0.000000000000000000e+00 0.000000000000000000e+00 1.290597523058619228e-14
2.136000000000000000e+03 0.000000000000000000e+00 0.000000000000000000e+00 1.289540824384446053e-14
2.137000000000000000e+03 0.000000000000000000e+00 0.000000000000000000e+00 1.288486126818465421e-14
2.138000000000000000e+03 0.000000000000000000e+00 0.000000000000000000e+00 1.287433416216722370e-14
2.139000000000000000e+03 0.000000000000000000e+00 0.000000000000000000e+00 1.286382689315071242e-14
2.140000000000000000e+03 0.000000000000000000e+00 0.000000000000000000e+00 1.285333932097516781e-14
2.141000000000000000e+03 0.000000000000000000e+00 0.000000000000000000e+00 1.284287141024753126e-14
2.142000000000000000e+03 0.000000000000000000e+00 0.000000000000000000e+00 1.283242301500612375e-14
2.143000000000000000e+03 0.000000000000000000e+00 0.000000000000000000e+00 1.282199410159429259e-14
2.144000000000000000e+03 0.000000000000000000e+00 0.000000000000000000e+00 1.281158452094149581e-14
2.145000000000000000e+03 0.000000000000000000e+00 0.000000000000000000e+00 1.280119423506895126e-14
2.146000000000000000e+03 0.000000000000000000e+00 0.000000000000000000e+00 1.279082309373848449e-14
2.147000000000000000e+03 0.000000000000000000e+00 0.000000000000000000e+00 1.278047105631393756e-14
2.148000000000000000e+03 0.000000000000000000e+00 0.000000000000000000e+00 1.277013797311857152e-14
2.149000000000000000e+03 0.000000000000000000e+00 0.000000000000000000e+00 1.275982379953671860e-14
2.150000000000000000e+03 0.000000000000000000e+00 0.000000000000000000e+00 1.274952838288924469e-14
2.151000000000000000e+03 0.000000000000000000e+00 0.000000000000000000e+00 1.273925167740062302e-14
2.152000000000000000e+03 0.000000000000000000e+00 0.000000000000000000e+00 1.272899352902172052e-14
2.153000000000000000e+03 0.000000000000000000e+00 0.000000000000000000e+00 1.271875388806345409e-14
2.154000000000000000e+03 0.000000000000000000e+00 0.000000000000000000e+00 1.270853260143003380e-14
2.155000000000000000e+03 0.000000000000000000e+00 0.000000000000000000e+00 1.269832961446270592e-14
2.156000000000000000e+03 0.000000000000000000e+00 0.000000000000000000e+00 1.268814477396874053e-14
2.157000000000000000e+03 0.000000000000000000e+00 0.000000000000000000e+00 1.267797802822146628e-14
2.158000000000000000e+03 0.000000000000000000e+00 0.000000000000000000e+00 1.266782921979256502e-14
2.159000000000000000e+03 0.000000000000000000e+00 0.000000000000000000e+00 1.265769829332554025e-14
2.160000000000000000e+03 0.000000000000000000e+00 0.000000000000000000e+00 1.264758509482619676e-14
2.161000000000000000e+03 0.000000000000000000e+00 0.000000000000000000e+00 1.263748956526666679e-14
2.162000000000000000e+03 0.000000000000000000e+00 0.000000000000000000e+00 1.262741154784266218e-14
2.163000000000000000e+03 0.000000000000000000e+00 0.000000000000000000e+00 1.261735098507464560e-14
2.164000000000000000e+03 0.000000000000000000e+00 0.000000000000000000e+00 1.260730771669855850e-14
2.165000000000000000e+03 0.000000000000000000e+00 0.000000000000000000e+00 1.259728168527711496e-14
2.166000000000000000e+03 0.000000000000000000e+00 0.000000000000000000e+00 1.258727272867319929e-14
2.167000000000000000e+03 0.000000000000000000e+00 0.000000000000000000e+00 1.257728078935040675e-14
2.168000000000000000e+03 0.000000000000000000e+00 0.000000000000000000e+00 1.256730570448100395e-14
2.169000000000000000e+03 0.000000000000000000e+00 0.000000000000000000e+00 1.255734741584149458e-14
2.170000000000000000e+03 0.000000000000000000e+00 0.000000000000000000e+00 1.254740575997347463e-14
2.171000000000000000e+03 0.000000000000000000e+00 0.000000000000000000e+00 1.253748067672578413e-14
2.172000000000000000e+03 0.000000000000000000e+00 0.000000000000000000e+00 1.252757200446954842e-14
2.173000000000000000e+03 0.000000000000000000e+00 0.000000000000000000e+00 1.251767967991550626e-14
2.174000000000000000e+03 0.000000000000000000e+00 0.000000000000000000e+00 1.250780354173356403e-14
2.175000000000000000e+03 0.000000000000000000e+00 0.000000000000000000e+00 1.249794352726223285e-14
2.176000000000000000e+03 0.000000000000000000e+00 0.000000000000000000e+00 1.248809947025057262e-14
2.177000000000000000e+03 0.000000000000000000e+00 0.000000000000000000e+00 1.247827130748342296e-14
2.178000000000000000e+03 0.000000000000000000e+00 0.000000000000000000e+00 1.246845887451876021e-14
2.179000000000000000e+03 0.000000000000000000e+00 0.000000000000000000e+00 1.245866210476844566e-14
2.180000000000000000e+03 0.000000000000000000e+00 0.000000000000000000e+00 1.244888083009734337e-14
2.181000000000000000e+03 0.000000000000000000e+00 0.000000000000000000e+00 1.243911498674425447e-14
2.182000000000000000e+03 0.000000000000000000e+00 0.000000000000000000e+00 1.242936440654648813e-14
2.183000000000000000e+03 0.000000000000000000e+00 0.000000000000000000e+00 1.241962902339042438e-14
2.184000000000000000e+03 0.000000000000000000e+00 0.000000000000000000e+00 1.240990866956303414e-14
2.185000000000000000e+03 0.000000000000000000e+00 0.000000000000000000e+00 1.240020327814894185e-14
2.186000000000000000e+03 0.000000000000000000e+00 0.000000000000000000e+00 1.239051268173793528e-14
2.187000000000000000e+03 0.000000000000000000e+00 0.000000000000000000e+00 1.238083681290446360e-14
2.188000000000000000e+03 0.000000000000000000e+00 0.000000000000000000e+00 1.237117550452890727e-14
2.189000000000000000e+03 0.000000000000000000e+00 0.000000000000000000e+00 1.236152868888568167e-14
2.190000000000000000e+03 0.000000000000000000e+00 0.000000000000000000e+00 1.235189619722389918e-14
2.191000000000000000e+03 0.000000000000000000e+00 0.000000000000000000e+00 1.234227796156627961e-14
2.192000000000000000e+03 0.000000000000000000e+00 0.000000000000000000e+00 1.233267381250235770e-14
2.193000000000000000e+03 0.000000000000000000e+00 0.000000000000000000e+00 1.232308368219660685e-14
2.194000000000000000e+03 0.000000000000000000e+00 0.000000000000000000e+00 1.231350740104209597e-14
2.195000000000000000e+03 0.000000000000000000e+00 0.000000000000000000e+00 1.230394490132016978e-14
2.196000000000000000e+03 0.000000000000000000e+00 0.000000000000000000e+00 1.229439601338032211e-14
2.197000000000000000e+03 0.000000000000000000e+00 0.000000000000000000e+00 1.228486066984638953e-14
2.198000000000000000e+03 0.000000000000000000e+00 0.000000000000000000e+00 1.227533870329331662e-14
2.199000000000000000e+03 0.000000000000000000e+00 0.000000000000000000e+00 1.226583004670269785e-14
2.200000000000000000e+03 0.000000000000000000e+00 0.000000000000000000e+00 1.225633453181604308e-14
2.201000000000000000e+03 0.000000000000000000e+00 0.000000000000000000e+00 1.224685209209374277e-14
2.202000000000000000e+03 0.000000000000000000e+00 0.000000000000000000e+00 1.223738256155833911e-14
2.203000000000000000e+03 0.000000000000000000e+00 0.000000000000000000e+00 1.222792587175117481e-14
2.204000000000000000e+03 0.000000000000000000e+00 0.000000000000000000e+00 1.221848185830547723e-14
2.205000000000000000e+03 0.000000000000000000e+00 0.000000000000000000e+00 1.220905045212963392e-14
2.206000000000000000e+03 0.000000000000000000e+00 0.000000000000000000e+00 1.219963148979182229e-14
2.207000000000000000e+03 0.000000000000000000e+00 0.000000000000000000e+00 1.219022490204893704e-14
2.208000000000000000e+03 0.000000000000000000e+00 0.000000000000000000e+00 1.218083052682213722e-14
2.209000000000000000e+03 0.000000000000000000e+00 0.000000000000000000e+00 1.217144829467373079e-14
2.210000000000000000e+03 0.000000000000000000e+00 0.000000000000000000e+00 1.216207804442632552e-14
2.211000000000000000e+03 0.000000000000000000e+00 0.000000000000000000e+00 1.215271971072873397e-14
2.212000000000000000e+03 0.000000000000000000e+00 0.000000000000000000e+00 1.214337313147383768e-14
2.213000000000000000e+03 0.000000000000000000e+00 0.000000000000000000e+00 1.213403824366091075e-14
2.214000000000000000e+03 0.000000000000000000e+00 0.000000000000000000e+00 1.212471488896311774e-14
2.215000000000000000e+03 0.000000000000000000e+00 0.000000000000000000e+00 1.211540300411650247e-14
2.216000000000000000e+03 0.000000000000000000e+00 0.000000000000000000e+00 1.210610243282214160e-14
2.217000000000000000e+03 0.000000000000000000e+00 0.000000000000000000e+00 1.209681311616742940e-14
2.218000000000000000e+03 0.000000000000000000e+00 0.000000000000000000e+00 1.208753489769692149e-14
2.219000000000000000e+03 0.000000000000000000e+00 0.000000000000000000e+00 1.207826772069506391e-14
2.220000000000000000e+03 0.000000000000000000e+00 0.000000000000000000e+00 1.206901143136487668e-14
2.221000000000000000e+03 0.000000000000000000e+00 0.000000000000000000e+00 1.205976597488465578e-14
2.222000000000000000e+03 0.000000000000000000e+00 0.000000000000000000e+00 1.205053119889103707e-14
2.223000000000000000e+03 0.000000000000000000e+00 0.000000000000000000e+00 1.204130705203916260e-14
2.224000000000000000e+03 0.000000000000000000e+00 0.000000000000000000e+00 1.203209338318479440e-14
2.225000000000000000e+03 0.000000000000000000e+00 0.000000000000000000e+00 1.202289014320031638e-14
2.226000000000000000e+03 0.000000000000000000e+00 0.000000000000000000e+00 1.201369718598227389e-14
2.227000000000000000e+03 0.000000000000000000e+00 0.000000000000000000e+00 1.200451446222932790e-14
2.228000000000000000e+03 0.000000000000000000e+00 0.000000000000000000e+00 1.199534183060829247e-14
2.229000000000000000e+03 0.000000000000000000e+00 0.000000000000000000e+00 1.198617924421201669e-14
2.230000000000000000e+03 0.000000000000000000e+00 0.000000000000000000e+00 1.197702656463902624e-14
2.231000000000000000e+03 0.000000000000000000e+00 0.000000000000000000e+00 1.196788374828659021e-14
2.232000000000000000e+03 0.000000000000000000e+00 0.000000000000000000e+00 1.195875065910771903e-14
2.233000000000000000e+03 0.000000000000000000e+00 0.000000000000000000e+00 1.194962725738016274e-14
2.234000000000000000e+03 0.000000000000000000e+00 0.000000000000000000e+00 1.194051341090446829e-14
2.235000000000000000e+03 0.000000000000000000e+00 0.000000000000000000e+00 1.193140908434170555e-14
2.236000000000000000e+03 0.000000000000000000e+00 0.000000000000000000e+00 1.192231414773492584e-14
2.237000000000000000e+03 0.000000000000000000e+00 0.000000000000000000e+00 1.191322856815224556e-14
2.238000000000000000e+03 0.000000000000000000e+00 0.000000000000000000e+00 1.190415222142802635e-14
2.239000000000000000e+03 0.000000000000000000e+00 0.000000000000000000e+00 1.189508507637819905e-14
2.240000000000000000e+03 0.000000000000000000e+00 0.000000000000000000e+00 1.188602701165277023e-14
2.241000000000000000e+03 0.000000000000000000e+00 0.000000000000000000e+00 1.187697799934764392e-14
2.242000000000000000e+03 0.000000000000000000e+00 0.000000000000000000e+00 1.186793792015230982e-14
2.243000000000000000e+03 0.000000000000000000e+00 0.000000000000000000e+00 1.185890675138382044e-14
2.244000000000000000e+03 0.000000000000000000e+00 0.000000000000000000e+00 1.184988437831572042e-14
2.245000000000000000e+03 0.000000000000000000e+00 0.000000000000000000e+00 1.184087078010348210e-14
2.246000000000000000e+03 0.000000000000000000e+00 0.000000000000000000e+00 1.183186584565405194e-14
2.247000000000000000e+03 0.000000000000000000e+00 0.000000000000000000e+00 1.182286955964339350e-14
2.248000000000000000e+03 0.000000000000000000e+00 0.000000000000000000e+00 1.181388181530984707e-14
2.249000000000000000e+03 0.000000000000000000e+00 0.000000000000000000e+00 1.180490260028597166e-14
2.250000000000000000e+03 0.000000000000000000e+00 0.000000000000000000e+00 1.179593181301193684e-14
2.251000000000000000e+03 0.000000000000000000e+00 0.000000000000000000e+00 1.178696944691959994e-14
2.252000000000000000e+03 0.000000000000000000e+00 0.000000000000000000e+00 1.177801540363261027e-14
2.253000000000000000e+03 0.000000000000000000e+00 0.000000000000000000e+00 1.176906968224012379e-14
2.254000000000000000e+03 0.000000000000000000e+00 0.000000000000000000e+00 1.176013218533328827e-14
2.255000000000000000e+03 0.000000000000000000e+00 0.000000000000000000e+00 1.175120291868146632e-14
2.256000000000000000e+03 0.000000000000000000e+00 0.000000000000000000e+00 1.174228179010763538e-14
2.257000000000000000e+03 0.000000000000000000e+00 0.000000000000000000e+00 1.173336880621511973e-14
2.258000000000000000e+03 0.000000000000000000e+00 0.000000000000000000e+00 1.172446388296458868e-14
2.259000000000000000e+03 0.000000000000000000e+00 0.000000000000000000e+00 1.171556703202359637e-14
2.260000000000000000e+03 0.000000000000000000e+00 0.000000000000000000e+00 1.170667817248478394e-14
2.261000000000000000e+03 0.000000000000000000e+00 0.000000000000000000e+00 1.169779732086450061e-14
2.262000000000000000e+03 0.000000000000000000e+00 0.000000000000000000e+00 1.168892440230434299e-14
2.263000000000000000e+03 0.000000000000000000e+00 0.000000000000000000e+00 1.168005943858038723e-14
2.264000000000000000e+03 0.000000000000000000e+00 0.000000000000000000e+00 1.167120236014992339e-14
2.265000000000000000e+03 0.000000000000000000e+00 0.000000000000000000e+00 1.166235319218236327e-14
2.266000000000000000e+03 0.000000000000000000e+00 0.000000000000000000e+00 1.165351186884379021e-14
2.267000000000000000e+03 0.000000000000000000e+00 0.000000000000000000e+00 1.164467842313501845e-14
2.268000000000000000e+03 0.000000000000000000e+00 0.000000000000000000e+00 1.163585279198242819e-14
2.269000000000000000e+03 0.000000000000000000e+00 0.000000000000000000e+00 1.162703500983991863e-14
2.270000000000000000e+03 0.000000000000000000e+00 0.000000000000000000e+00 1.161822501905027731e-14
2.271000000000000000e+03 0.000000000000000000e+00 0.000000000000000000e+00 1.160942285902452803e-14
2.272000000000000000e+03 0.000000000000000000e+00 0.000000000000000000e+00 1.160062847567478886e-14
2.273000000000000000e+03 0.000000000000000000e+00 0.000000000000000000e+00 1.159184191319636094e-14
2.274000000000000000e+03 0.000000000000000000e+00 0.000000000000000000e+00 1.158306312446668856e-14
2.275000000000000000e+03 0.000000000000000000e+00 0.000000000000000000e+00 1.157429215507677922e-14
2.276000000000000000e+03 0.000000000000000000e+00 0.000000000000000000e+00 1.156552896550603317e-14
2.277000000000000000e+03 0.000000000000000000e+00 0.000000000000000000e+00 1.155677360584397978e-14
2.278000000000000000e+03 0.000000000000000000e+00 0.000000000000000000e+00 1.154802603775978407e-14
2.279000000000000000e+03 0.000000000000000000e+00 0.000000000000000000e+00 1.153928631916196434e-14
2.280000000000000000e+03 0.000000000000000000e+00 0.000000000000000000e+00 1.153055441639197936e-14
2.281000000000000000e+03 0.000000000000000000e+00 0.000000000000000000e+00 1.152183038951069289e-14
2.282000000000000000e+03 0.000000000000000000e+00 0.000000000000000000e+00 1.151311421298913347e-14
2.283000000000000000e+03 0.000000000000000000e+00 0.000000000000000000e+00 1.150440594846778940e-14
2.284000000000000000e+03 0.000000000000000000e+00 0.000000000000000000e+00 1.149570557527858544e-14
2.285000000000000000e+03 0.000000000000000000e+00 0.000000000000000000e+00 1.148701315953147331e-14
2.286000000000000000e+03 0.000000000000000000e+00 0.000000000000000000e+00 1.147832868179088458e-14
2.287000000000000000e+03 0.000000000000000000e+00 0.000000000000000000e+00 1.146965221517620087e-14
2.288000000000000000e+03 0.000000000000000000e+00 0.000000000000000000e+00 1.146098374469121266e-14
2.289000000000000000e+03 0.000000000000000000e+00 0.000000000000000000e+00 1.145232334740020720e-14
2.290000000000000000e+03 0.000000000000000000e+00 0.000000000000000000e+00 1.144367101231025790e-14
2.291000000000000000e+03 0.000000000000000000e+00 0.000000000000000000e+00 1.143502681852007696e-14
2.292000000000000000e+03 0.000000000000000000e+00 0.000000000000000000e+00 1.142639075915084147e-14
2.293000000000000000e+03 0.000000000000000000e+00 0.000000000000000000e+00 1.141776291745073035e-14
2.294000000000000000e+03 0.000000000000000000e+00 0.000000000000000000e+00 1.140914329206403251e-14
2.295000000000000000e+03 0.000000000000000000e+00 0.000000000000000000e+00 1.140053197128550202e-14
2.296000000000000000e+03 0.000000000000000000e+00 0.000000000000000000e+00 1.139192895642656807e-14
2.297000000000000000e+03 0.000000000000000000e+00 0.000000000000000000e+00 1.138333433708296625e-14
2.298000000000000000e+03 0.000000000000000000e+00 0.000000000000000000e+00 1.137474812183377505e-14
2.299000000000000000e+03 0.000000000000000000e+00 0.000000000000000000e+00 1.136617040298120928e-14
2.300000000000000000e+03 0.000000000000000000e+00 0.000000000000000000e+00 1.135760119266612383e-14
2.301000000000000000e+03 0.000000000000000000e+00 0.000000000000000000e+00 1.134904058831202167e-14
2.302000000000000000e+03 0.000000000000000000e+00 0.000000000000000000e+00 1.134048860182190508e-14
2.303000000000000000e+03 0.000000000000000000e+00 0.000000000000000000e+00 1.133194533589153896e-14
2.304000000000000000e+03 0.000000000000000000e+00 0.000000000000000000e+00 1.132341080670460356e-14
2.305000000000000000e+03 0.000000000000000000e+00 0.000000000000000000e+00 1.131488511652636029e-14
2.306000000000000000e+03 0.000000000000000000e+00 0.000000000000000000e+00 1.130636828581331349e-14
2.307000000000000000e+03 0.000000000000000000e+00 0.000000000000000000e+00 1.129786042163073332e-14
2.308000000000000000e+03 0.000000000000000000e+00 0.000000000000000000e+00 1.128936154456984422e-14
2.309000000000000000e+03 0.000000000000000000e+00 0.000000000000000000e+00 1.128087176900047015e-14
2.310000000000000000e+03 0.000000000000000000e+00 0.000000000000000000e+00 1.127239111697897743e-14
2.311000000000000000e+03 0.000000000000000000e+00 0.000000000000000000e+00 1.126391970602080601e-14
2.312000000000000000e+03 0.000000000000000000e+00 0.000000000000000000e+00 1.125545756294904736e-14
2.313000000000000000e+03 0.000000000000000000e+00 0.000000000000000000e+00 1.124700480761332565e-14
2.314000000000000000e+03 0.000000000000000000e+00 0.000000000000000000e+00 1.123856147009327006e-14
2.315000000000000000e+03 0.000000000000000000e+00 0.000000000000000000e+00 1.123012767448386068e-14
2.316000000000000000e+03 0.000000000000000000e+00 0.000000000000000000e+00 1.122170345307415729e-14
2.317000000000000000e+03 0.000000000000000000e+00 0.000000000000000000e+00 1.121328893156474645e-14
2.318000000000000000e+03 0.000000000000000000e+00 0.000000000000000000e+00 1.120488414705332526e-14
2.319000000000000000e+03 0.000000000000000000e+00 0.000000000000000000e+00 1.119648922713512380e-14
2.320000000000000000e+03 0.000000000000000000e+00 0.000000000000000000e+00 1.118810421225498073e-14
2.321000000000000000e+03 0.000000000000000000e+00 0.000000000000000000e+00 1.117972923098167357e-14
2.322000000000000000e+03 0.000000000000000000e+00 0.000000000000000000e+00 1.117136432801358687e-14
2.323000000000000000e+03 0.000000000000000000e+00 0.000000000000000000e+00 1.116300963612143992e-14
2.324000000000000000e+03 0.000000000000000000e+00 0.000000000000000000e+00 1.115466520062551419e-14
2.325000000000000000e+03 0.000000000000000000e+00 0.000000000000000000e+00 1.114633115727434477e-14
2.326000000000000000e+03 0.000000000000000000e+00 0.000000000000000000e+00 1.113800755563996515e-14
2.327000000000000000e+03 0.000000000000000000e+00 0.000000000000000000e+00 1.112969453447089322e-14
2.328000000000000000e+03 0.000000000000000000e+00 0.000000000000000000e+00 1.112139214438364746e-14
2.329000000000000000e+03 0.000000000000000000e+00 0.000000000000000000e+00 1.111310052647298847e-14
2.330000000000000000e+03 0.000000000000000000e+00 0.000000000000000000e+00 1.110481973269471544e-14
2.331000000000000000e+03 0.000000000000000000e+00 0.000000000000000000e+00 1.109654990556001398e-14
2.332000000000000000e+03 0.000000000000000000e+00 0.000000000000000000e+00 1.108829109829529995e-14
2.333000000000000000e+03 0.000000000000000000e+00 0.000000000000000000e+00 1.108004345588760524e-14
2.334000000000000000e+03 0.000000000000000000e+00 0.000000000000000000e+00 1.107180703217637739e-14
2.335000000000000000e+03 0.000000000000000000e+00 0.000000000000000000e+00 1.106358197260109158e-14
2.336000000000000000e+03 0.000000000000000000e+00 0.000000000000000000e+00 1.105536833670234361e-14
2.337000000000000000e+03 0.000000000000000000e+00 0.000000000000000000e+00 1.104716627001669060e-14
2.338000000000000000e+03 0.000000000000000000e+00 0.000000000000000000e+00 1.103897583234998284e-14
2.339000000000000000e+03 0.000000000000000000e+00 0.000000000000000000e+00 1.103079717184764300e-14
2.340000000000000000e+03 0.000000000000000000e+00 0.000000000000000000e+00 1.102263035167827450e-14
2.341000000000000000e+03 0.000000000000000000e+00 0.000000000000000000e+00 1.101447552086962042e-14
2.342000000000000000e+03 0.000000000000000000e+00 0.000000000000000000e+00 1.100633274293245415e-14
2.343000000000000000e+03 0.000000000000000000e+00 0.000000000000000000e+00 1.099820216856216287e-14
2.344000000000000000e+03 0.000000000000000000e+00 0.000000000000000000e+00 1.099008386415116416e-14
2.345000000000000000e+03 0.000000000000000000e+00 0.000000000000000000e+00 1.098197798006495460e-14
2.346000000000000000e+03 0.000000000000000000e+00 0.000000000000000000e+00 1.097388458543250079e-14
2.347000000000000000e+03 0.000000000000000000e+00 0.000000000000000000e+00 1.096580383115973846e-14
2.348000000000000000e+03 0.000000000000000000e+00 0.000000000000000000e+00 1.095773578584715735e-14
2.349000000000000000e+03 0.000000000000000000e+00 0.000000000000000000e+00 1.094968060367403206e-14
2.350000000000000000e+03 0.000000000000000000e+00 0.000000000000000000e+00 1.094163835171903396e-14
2.351000000000000000e+03 0.000000000000000000e+00 0.000000000000000000e+00 1.093360918614440203e-14
2.352000000000000000e+03 0.000000000000000000e+00 0.000000000000000000e+00 1.092559317697949925e-14
2.353000000000000000e+03 0.000000000000000000e+00 0.000000000000000000e+00 1.091759047834732761e-14
2.354000000000000000e+03 0.000000000000000000e+00 0.000000000000000000e+00 1.090960116130766022e-14
2.355000000000000000e+03 0.000000000000000000e+00 0.000000000000000000e+00 1.090162538013458012e-14
2.356000000000000000e+03 0.000000000000000000e+00 0.000000000000000000e+00 1.089366320819105972e-14
2.357000000000000000e+03 0.000000000000000000e+00 0.000000000000000000e+00 1.088571480035629836e-14
2.358000000000000000e+03 0.000000000000000000e+00 0.000000000000000000e+00 1.087778022833604049e-14
2.359000000000000000e+03 0.000000000000000000e+00 0.000000000000000000e+00 1.086985965031363093e-14
2.360000000000000000e+03 0.000000000000000000e+00 0.000000000000000000e+00 1.086195313928844031e-14
2.361000000000000000e+03 0.000000000000000000e+00 0.000000000000000000e+00 1.085406085308395562e-14
2.362000000000000000e+03 0.000000000000000000e+00 0.000000000000000000e+00 1.084618286457597557e-14
2.363000000000000000e+03 0.000000000000000000e+00 0.000000000000000000e+00 1.083831933194530328e-14
2.364000000000000000e+03 0.000000000000000000e+00 0.000000000000000000e+00 1.083047032873923480e-14
2.365000000000000000e+03 0.000000000000000000e+00 0.000000000000000000e+00 1.082263601044234134e-14
2.366000000000000000e+03 0.000000000000000000e+00 0.000000000000000000e+00 1.081481645265908991e-14
2.367000000000000000e+03 0.000000000000000000e+00 0.000000000000000000e+00 1.080701181094872685e-14
2.368000000000000000e+03 0.000000000000000000e+00 0.000000000000000000e+00 1.079922215744587191e-14
2.369000000000000000e+03 0.000000000000000000e+00 0.000000000000000000e+00 1.079144764950643842e-14
2.370000000000000000e+03 0.000000000000000000e+00 0.000000000000000000e+00 1.078368835916683450e-14
2.371000000000000000e+03 0.000000000000000000e+00 0.000000000000000000e+00 1.077594444213259446e-14
2.372000000000000000e+03 0.000000000000000000e+00 0.000000000000000000e+00 1.076821597176265646e-14
2.373000000000000000e+03 0.000000000000000000e+00 0.000000000000000000e+00 1.076050310218074666e-14
2.374000000000000000e+03 0.000000000000000000e+00 0.000000000000000000e+00 1.075280590632762967e-14
2.375000000000000000e+03 0.000000000000000000e+00 0.000000000000000000e+00 1.074512454009028880e-14
2.376000000000000000e+03 0.000000000000000000e+00 0.000000000000000000e+00 1.073745907291343383e-14
2.377000000000000000e+03 0.000000000000000000e+00 0.000000000000000000e+00 1.072980966135119248e-14
2.378000000000000000e+03 0.000000000000000000e+00 0.000000000000000000e+00 1.072217637576963250e-14
2.379000000000000000e+03 0.000000000000000000e+00 0.000000000000000000e+00 1.071455936968816843e-14
2.380000000000000000e+03 0.000000000000000000e+00 0.000000000000000000e+00 1.070695871259494156e-14
2.381000000000000000e+03 0.000000000000000000e+00 0.000000000000000000e+00 1.069937455783021611e-14
2.382000000000000000e+03 0.000000000000000000e+00 0.000000000000000000e+00 1.069180697235182888e-14
2.383000000000000000e+03 0.000000000000000000e+00 0.000000000000000000e+00 1.068425610924680241e-14
2.384000000000000000e+03 0.000000000000000000e+00 0.000000000000000000e+00 1.067672203391997300e-14
2.385000000000000000e+03 0.000000000000000000e+00 0.000000000000000000e+00 1.066920489821920942e-14
2.386000000000000000e+03 0.000000000000000000e+00 0.000000000000000000e+00 1.066170476665350176e-14
2.387000000000000000e+03 0.000000000000000000e+00 0.000000000000000000e+00 1.065422178942170606e-14
2.388000000000000000e+03 0.000000000000000000e+00 0.000000000000000000e+00 1.064675603142940905e-14
2.389000000000000000e+03 0.000000000000000000e+00 0.000000000000000000e+00 1.063930764171727539e-14
2.390000000000000000e+03 0.000000000000000000e+00 0.000000000000000000e+00 1.063187668281656881e-14
2.391000000000000000e+03 0.000000000000000000e+00 0.000000000000000000e+00 1.062446330092848858e-14
2.392000000000000000e+03 0.000000000000000000e+00 0.000000000000000000e+00 1.061706755859848528e-14
2.393000000000000000e+03 0.000000000000000000e+00 0.000000000000000000e+00 1.060968960015817520e-14
2.394000000000000000e+03 0.000000000000000000e+00 0.000000000000000000e+00 1.060232948451537252e-14
2.395000000000000000e+03 0.000000000000000000e+00 0.000000000000000000e+00 1.059498735236117932e-14
2.396000000000000000e+03 0.000000000000000000e+00 0.000000000000000000e+00 1.058766326090831176e-14
2.397000000000000000e+03 0.000000000000000000e+00 0.000000000000000000e+00 1.058035734854464896e-14
2.398000000000000000e+03 0.000000000000000000e+00 0.000000000000000000e+00 1.057306966996337685e-14
2.399000000000000000e+03 0.000000000000000000e+00 0.000000000000000000e+00 1.056580036306841941e-14
2.400000000000000000e+03 0.000000000000000000e+00 0.000000000000000000e+00 1.055854947980589491e-14
2.401000000000000000e+03 0.000000000000000000e+00 0.000000000000000000e+00 1.055131715510501017e-14
2.402000000000000000e+03 0.000000000000000000e+00 0.000000000000000000e+00 1.054410343862435089e-14
2.403000000000000000e+03 0.000000000000000000e+00 0.000000000000000000e+00 1.053690846522133598e-14
2.404000000000000000e+03 0.000000000000000000e+00 0.000000000000000000e+00 1.052973228182056278e-14
2.405000000000000000e+03 0.000000000000000000e+00 0.000000000000000000e+00 1.052257501987944076e-14
2.406000000000000000e+03 0.000000000000000000e+00 0.000000000000000000e+00 1.051543672621564504e-14
2.407000000000000000e+03 0.000000000000000000e+00 0.000000000000000000e+00 1.050831752895216945e-14
2.408000000000000000e+03 0.000000000000000000e+00 0.000000000000000000e+00 1.050121747189656473e-14
2.409000000000000000e+03 0.000000000000000000e+00 0.000000000000000000e+00 1.049413668140887360e-14
2.410000000000000000e+03 0.000000000000000000e+00 0.000000000000000000e+00 1.048707519819778976e-14
2.411000000000000000e+03 0.000000000000000000e+00 0.000000000000000000e+00 1.048003314617960210e-14
2.412000000000000000e+03 0.000000000000000000e+00 0.000000000000000000e+00 1.047301056414276542e-14
2.413000000000000000e+03 0.000000000000000000e+00 0.000000000000000000e+00 1.046600757301303479e-14
2.414000000000000000e+03 0.000000000000000000e+00 0.000000000000000000e+00 1.045902421017355821e-14
2.415000000000000000e+03 0.000000000000000000e+00 0.000000000000000000e+00 1.045206059231011484e-14
2.416000000000000000e+03 0.000000000000000000e+00 0.000000000000000000e+00 1.044511675341991181e-14
2.417000000000000000e+03 0.000000000000000000e+00 0.000000000000000000e+00 1.043819281003252434e-14
2.418000000000000000e+03 0.000000000000000000e+00 0.000000000000000000e+00 1.043128879193581828e-14
2.419000000000000000e+03 0.000000000000000000e+00 0.000000000000000000e+00 1.042440481229415923e-14
2.420000000000000000e+03 0.000000000000000000e+00 0.000000000000000000e+00 1.041754089850810852e-14
2.421000000000000000e+03 0.000000000000000000e+00 0.000000000000000000e+00 1.041069716195507091e-14
2.422000000000000000e+03 0.000000000000000000e+00 0.000000000000000000e+00 1.040387362938970419e-14
2.423000000000000000e+03 0.000000000000000000e+00 0.000000000000000000e+00 1.039707040731801874e-14
2.424000000000000000e+03 0.000000000000000000e+00 0.000000000000000000e+00 1.039028751954052236e-14
2.425000000000000000e+03 0.000000000000000000e+00 0.000000000000000000e+00 1.038352507100608503e-14
2.426000000000000000e+03 0.000000000000000000e+00 0.000000000000000000e+00 1.037678308270254675e-14
2.427000000000000000e+03 0.000000000000000000e+00 0.000000000000000000e+00 1.037006165470471835e-14
2.428000000000000000e+03 0.000000000000000000e+00 0.000000000000000000e+00 1.036336080479714707e-14
2.429000000000000000e+03 0.000000000000000000e+00 0.000000000000000000e+00 1.035668062954371889e-14
2.430000000000000000e+03 0.000000000000000000e+00 0.000000000000000000e+00 1.035002114273042972e-14
2.431000000000000000e+03 0.000000000000000000e+00 0.000000000000000000e+00 1.034338243674262925e-14
2.432000000000000000e+03 0.000000000000000000e+00 0.000000000000000000e+00 1.033676452231025680e-14
2.433000000000000000e+03 0.000000000000000000e+00 0.000000000000000000e+00 1.033016748816642382e-14
2.434000000000000000e+03 0.000000000000000000e+00 0.000000000000000000e+00 1.032359134171607770e-14
2.435000000000000000e+03 0.000000000000000000e+00 0.000000000000000000e+00 1.031703616855836854e-14
2.436000000000000000e+03 0.000000000000000000e+00 0.000000000000000000e+00 1.031050197230681097e-14
2.437000000000000000e+03 0.000000000000000000e+00 0.000000000000000000e+00 1.030398883547338580e-14
2.438000000000000000e+03 0.000000000000000000e+00 0.000000000000000000e+00 1.029749675747538516e-14
2.439000000000000000e+03 0.000000000000000000e+00 0.000000000000000000e+00 1.029102581882743505e-14
2.440000000000000000e+03 0.000000000000000000e+00 0.000000000000000000e+00 1.028457601509732837e-14
2.441000000000000000e+03 0.000000000000000000e+00 0.000000000000000000e+00 1.027814742311588427e-14
2.442000000000000000e+03 0.000000000000000000e+00 0.000000000000000000e+00 1.027174003516672096e-14
2.443000000000000000e+03 0.000000000000000000e+00 0.000000000000000000e+00 1.026535392246524746e-14
2.444000000000000000e+03 0.000000000000000000e+00 0.000000000000000000e+00 1.025898907521290414e-14
2.445000000000000000e+03 0.000000000000000000e+00 0.000000000000000000e+00 1.025264556066775880e-14
2.446000000000000000e+03 0.000000000000000000e+00 0.000000000000000000e+00 1.024632336542720979e-14
2.447000000000000000e+03 0.000000000000000000e+00 0.000000000000000000e+00 1.024002255392201430e-14
2.448000000000000000e+03 0.000000000000000000e+00 0.000000000000000000e+00 1.023374310768021325e-14
2.449000000000000000e+03 0.000000000000000000e+00 0.000000000000000000e+00 1.022748508578610794e-14
2.450000000000000000e+03 0.000000000000000000e+00 0.000000000000000000e+00 1.022124846808147654e-14
2.451000000000000000e+03 0.000000000000000000e+00 0.000000000000000000e+00 1.021503330987858883e-14
2.452000000000000000e+03 0.000000000000000000e+00 0.000000000000000000e+00 1.020883958633043573e-14
2.453000000000000000e+03 0.000000000000000000e+00 0.000000000000000000e+00 1.020266734921750468e-14
2.454000000000000000e+03 0.000000000000000000e+00 0.000000000000000000e+00 1.019651657049470818e-14
2.455000000000000000e+03 0.000000000000000000e+00 0.000000000000000000e+00 1.019038729740800502e-14
2.456000000000000000e+03 0.000000000000000000e+00 0.000000000000000000e+00 1.018427949984375820e-14
2.457000000000000000e+03 0.000000000000000000e+00 0.000000000000000000e+00 1.017819322298259398e-14
2.458000000000000000e+03 0.000000000000000000e+00 0.000000000000000000e+00 1.017212843001537901e-14
2.459000000000000000e+03 0.000000000000000000e+00 0.000000000000000000e+00 1.016608516455905158e-14
2.460000000000000000e+03 0.000000000000000000e+00 0.000000000000000000e+00 1.016006338541056093e-14
2.461000000000000000e+03 0.000000000000000000e+00 0.000000000000000000e+00 1.015406313330852543e-14
2.462000000000000000e+03 0.000000000000000000e+00 0.000000000000000000e+00 1.014808436334452000e-14
2.463000000000000000e+03 0.000000000000000000e+00 0.000000000000000000e+00 1.014212711134708444e-14
2.464000000000000000e+03 0.000000000000000000e+00 0.000000000000000000e+00 1.013619132828556159e-14
2.465000000000000000e+03 0.000000000000000000e+00 0.000000000000000000e+00 1.013027704780047667e-14
2.466000000000000000e+03 0.000000000000000000e+00 0.000000000000000000e+00 1.012438421502070196e-14
2.467000000000000000e+03 0.000000000000000000e+00 0.000000000000000000e+00 1.011851285821489602e-14
2.468000000000000000e+03 0.000000000000000000e+00 0.000000000000000000e+00 1.011266292054518887e-14
2.469000000000000000e+03 0.000000000000000000e+00 0.000000000000000000e+00 1.010683442638191725e-14
2.470000000000000000e+03 0.000000000000000000e+00 0.000000000000000000e+00 1.010102731590411789e-14
2.471000000000000000e+03 0.000000000000000000e+00 0.000000000000000000e+00 1.009524160909156754e-14
2.472000000000000000e+03 0.000000000000000000e+00 0.000000000000000000e+00 1.008947724325863187e-14
2.473000000000000000e+03 0.000000000000000000e+00 0.000000000000000000e+00 1.008373423412380144e-14
2.474000000000000000e+03 0.000000000000000000e+00 0.000000000000000000e+00 1.007801251665320179e-14
2.475000000000000000e+03 0.000000000000000000e+00 0.000000000000000000e+00 1.007231210240545639e-14
2.476000000000000000e+03 0.000000000000000000e+00 0.000000000000000000e+00 1.006663292177844778e-14
2.477000000000000000e+03 0.000000000000000000e+00 0.000000000000000000e+00 1.006097498402159846e-14
2.478000000000000000e+03 0.000000000000000000e+00 0.000000000000000000e+00 1.005533821555314388e-14
2.479000000000000000e+03 0.000000000000000000e+00 0.000000000000000000e+00 1.004972262121015035e-14
2.480000000000000000e+03 0.000000000000000000e+00 0.000000000000000000e+00 1.004412812229788607e-14
2.481000000000000000e+03 0.000000000000000000e+00 0.000000000000000000e+00 1.003855472026033724e-14
2.482000000000000000e+03 0.000000000000000000e+00 0.000000000000000000e+00 1.003300233382517066e-14
2.483000000000000000e+03 0.000000000000000000e+00 0.000000000000000000e+00 1.002747095988701485e-14
2.484000000000000000e+03 0.000000000000000000e+00 0.000000000000000000e+00 1.002196051354284371e-14
2.485000000000000000e+03 0.000000000000000000e+00 0.000000000000000000e+00 1.001647098851903263e-14
2.486000000000000000e+03 0.000000000000000000e+00 0.000000000000000000e+00 1.001100229629014094e-14
2.487000000000000000e+03 0.000000000000000000e+00 0.000000000000000000e+00 1.000555442548164163e-14
2.488000000000000000e+03 0.000000000000000000e+00 0.000000000000000000e+00 1.000012728575606002e-14
2.489000000000000000e+03 0.000000000000000000e+00 0.000000000000000000e+00 9.994720861379631611e-15
2.490000000000000000e+03 0.000000000000000000e+00 0.000000000000000000e+00 9.989335054793579587e-15
2.491000000000000000e+03 0.000000000000000000e+00 0.000000000000000000e+00 9.983969847875594850e-15
2.492000000000000000e+03 0.000000000000000000e+00 0.000000000000000000e+00 9.978625137571562982e-15
2.493000000000000000e+03 0.000000000000000000e+00 0.000000000000000000e+00 9.973300898914088397e-15
2.494000000000000000e+03 0.000000000000000000e+00 0.000000000000000000e+00 9.967997024021955265e-15
2.495000000000000000e+03 0.000000000000000000e+00 0.000000000000000000e+00 9.962713483690026151e-15
2.496000000000000000e+03 0.000000000000000000e+00 0.000000000000000000e+00 9.957450166007885066e-15
2.497000000000000000e+03 0.000000000000000000e+00 0.000000000000000000e+00 9.952207035453609808e-15
2.498000000000000000e+03 0.000000000000000000e+00 0.000000000000000000e+00 9.946983978062148829e-15
2.499000000000000000e+03 0.000000000000000000e+00 0.000000000000000000e+00 9.941780954004322077e-15
2.500000000000000000e+03 0.000000000000000000e+00 0.000000000000000000e+00 9.936597843880373836e-15
2.501000000000000000e+03 0.000000000000000000e+00 0.000000000000000000e+00 9.931434605499929258e-15
2.502000000000000000e+03 0.000000000000000000e+00 0.000000000000000000e+00 9.926291115034102078e-15
2.503000000000000000e+03 0.000000000000000000e+00 0.000000000000000000e+00 9.921167325474467428e-15
2.504000000000000000e+03 0.000000000000000000e+00 0.000000000000000000e+00 9.916063108796045891e-15
2.505000000000000000e+03 0.000000000000000000e+00 0.000000000000000000e+00 9.910978413426973748e-15
2.506000000000000000e+03 0.000000000000000000e+00 0.000000000000000000e+00 9.905913107263747108e-15
2.507000000000000000e+03 0.000000000000000000e+00 0.000000000000000000e+00 9.900867134450769810e-15
2.508000000000000000e+03 0.000000000000000000e+00 0.000000000000000000e+00 9.895840359407310088e-15
2.509000000000000000e+03 0.000000000000000000e+00 0.000000000000000000e+00 9.890832720111102514e-15
2.510000000000000000e+03 0.000000000000000000e+00 0.000000000000000000e+00 9.885844077317072798e-15
2.511000000000000000e+03 0.000000000000000000e+00 0.000000000000000000e+00 9.880874366825737279e-15
2.512000000000000000e+03 0.000000000000000000e+00 0.000000000000000000e+00 9.875923448380328067e-15
2.513000000000000000e+03 0.000000000000000000e+00 0.000000000000000000e+00 9.870991241667545913e-15
2.514000000000000000e+03 0.000000000000000000e+00 0.000000000000000000e+00 9.866077607284148339e-15
2.515000000000000000e+03 0.000000000000000000e+00 0.000000000000000000e+00 9.861182474853441655e-15
2.516000000000000000e+03 0.000000000000000000e+00 0.000000000000000000e+00 9.856305683876616516e-15
2.517000000000000000e+03 0.000000000000000000e+00 0.000000000000000000e+00 9.851447167029037898e-15
2.518000000000000000e+03 0.000000000000000000e+00 0.000000000000000000e+00 9.846606754652916848e-15
2.519000000000000000e+03 0.000000000000000000e+00 0.000000000000000000e+00 9.841784383182248674e-15
2.520000000000000000e+03 0.000000000000000000e+00 0.000000000000000000e+00 9.836979888752156128e-15
2.521000000000000000e+03 0.000000000000000000e+00 0.000000000000000000e+00 9.832193187493074538e-15
2.522000000000000000e+03 0.000000000000000000e+00 0.000000000000000000e+00 9.827424118325850100e-15
2.523000000000000000e+03 0.000000000000000000e+00 0.000000000000000000e+00 9.822672589412675160e-15
2.524000000000000000e+03 0.000000000000000000e+00 0.000000000000000000e+00 9.817938442007759698e-15
2.525000000000000000e+03 0.000000000000000000e+00 0.000000000000000000e+00 9.813221579726237113e-15
2.526000000000000000e+03 0.000000000000000000e+00 0.000000000000000000e+00 9.808521833295538165e-15
2.527000000000000000e+03 0.000000000000000000e+00 0.000000000000000000e+00 9.803839116803415441e-15
2.528000000000000000e+03 0.000000000000000000e+00 0.000000000000000000e+00 9.799173245303054765e-15
2.529000000000000000e+03 0.000000000000000000e+00 0.000000000000000000e+00 9.794524138024311761e-15
2.530000000000000000e+03 0.000000000000000000e+00 0.000000000000000000e+00 9.789891602714445841e-15
2.531000000000000000e+03 0.000000000000000000e+00 0.000000000000000000e+00 9.785275539707817296e-15
2.532000000000000000e+03 0.000000000000000000e+00 0.000000000000000000e+00 9.780675774949111547e-15
2.533000000000000000e+03 0.000000000000000000e+00 0.000000000000000000e+00 9.776092201822049647e-15
2.534000000000000000e+03 0.000000000000000000e+00 0.000000000000000000e+00 9.771524631425376032e-15
2.535000000000000000e+03 0.000000000000000000e+00 0.000000000000000000e+00 9.766972964650064936e-15
2.536000000000000000e+03 0.000000000000000000e+00 0.000000000000000000e+00 9.762437008065798923e-15
2.537000000000000000e+03 0.000000000000000000e+00 0.000000000000000000e+00 9.757916664558557792e-15
2.538000000000000000e+03 0.000000000000000000e+00 0.000000000000000000e+00 9.753411739556032771e-15
2.539000000000000000e+03 0.000000000000000000e+00 0.000000000000000000e+00 9.748922126748636681e-15
2.540000000000000000e+03 0.000000000000000000e+00 0.000000000000000000e+00 9.744447630630450180e-15
2.541000000000000000e+03 0.000000000000000000e+00 0.000000000000000000e+00 9.739988142218221910e-15
2.542000000000000000e+03 0.000000000000000000e+00 0.000000000000000000e+00 9.735543464900813159e-15
2.543000000000000000e+03 0.000000000000000000e+00 0.000000000000000000e+00 9.731113489079277675e-15
2.544000000000000000e+03 0.000000000000000000e+00 0.000000000000000000e+00 9.726698019590653396e-15
2.545000000000000000e+03 0.000000000000000000e+00 0.000000000000000000e+00 9.722296933980898198e-15
2.546000000000000000e+03 0.000000000000000000e+00 0.000000000000000000e+00 9.717910038229360053e-15
2.547000000000000000e+03 0.000000000000000000e+00 0.000000000000000000e+00 9.713537216753644273e-15
2.548000000000000000e+03 0.000000000000000000e+00 0.000000000000000000e+00 9.709178276173821125e-15
2.549000000000000000e+03 0.000000000000000000e+00 0.000000000000000000e+00 9.704833103353051503e-15
2.550000000000000000e+03 0.000000000000000000e+00 0.000000000000000000e+00 9.700501496021945124e-15
2.551000000000000000e+03 0.000000000000000000e+00 0.000000000000000000e+00 9.696183331349849778e-15
2.552000000000000000e+03 0.000000000000000000e+00 0.000000000000000000e+00 9.691878414786136172e-15
2.553000000000000000e+03 0.000000000000000000e+00 0.000000000000000000e+00 9.687586630880469667e-15
2.554000000000000000e+03 0.000000000000000000e+00 0.000000000000000000e+00 9.683307777822297770e-15
2.555000000000000000e+03 0.000000000000000000e+00 0.000000000000000000e+00 9.679041732738212011e-15
2.556000000000000000e+03 0.000000000000000000e+00 0.000000000000000000e+00 9.674788301792996316e-15
2.557000000000000000e+03 0.000000000000000000e+00 0.000000000000000000e+00 9.670547359680156949e-15
2.558000000000000000e+03 0.000000000000000000e+00 0.000000000000000000e+00 9.666318705965414971e-15
2.559000000000000000e+03 0.000000000000000000e+00 0.000000000000000000e+00 9.662102225065320201e-15
2.560000000000000000e+03 0.000000000000000000e+00 0.000000000000000000e+00 9.657897714005489987e-15
2.561000000000000000e+03 0.000000000000000000e+00 0.000000000000000000e+00 9.653705050611145275e-15
2.562000000000000000e+03 0.000000000000000000e+00 0.000000000000000000e+00 9.649524031011206799e-15
2.563000000000000000e+03 0.000000000000000000e+00 0.000000000000000000e+00 9.645354541486908542e-15
2.564000000000000000e+03 0.000000000000000000e+00 0.000000000000000000e+00 9.641196388823956316e-15
2.565000000000000000e+03 0.000000000000000000e+00 0.000000000000000000e+00 9.637049453855682292e-15
2.566000000000000000e+03 0.000000000000000000e+00 0.000000000000000000e+00 9.632913536710650323e-15
2.567000000000000000e+03 0.000000000000000000e+00 0.000000000000000000e+00 9.628788526280577122e-15
2.568000000000000000e+03 0.000000000000000000e+00 0.000000000000000000e+00 9.624674222091235836e-15
2.569000000000000000e+03 0.000000000000000000e+00 0.000000000000000000e+00 9.620570516712552299e-15
2.570000000000000000e+03 0.000000000000000000e+00 0.000000000000000000e+00 9.616477208218267054e-15
2.571000000000000000e+03 0.000000000000000000e+00 0.000000000000000000e+00 9.612394192616592479e-15
2.572000000000000000e+03 0.000000000000000000e+00 0.000000000000000000e+00 9.608321267751014820e-15
2.573000000000000000e+03 0.000000000000000000e+00 0.000000000000000000e+00 9.604258332110680868e-15
2.574000000000000000e+03 0.000000000000000000e+00 0.000000000000000000e+00 9.600205192850189882e-15
2.575000000000000000e+03 0.000000000000000000e+00 0.000000000000000000e+00 9.596161750379598090e-15
2.576000000000000000e+03 0.000000000000000000e+00 0.000000000000000000e+00 9.592127805588657010e-15
2.577000000000000000e+03 0.000000000000000000e+00 0.000000000000000000e+00 9.588103260370807959e-15
2.578000000000000000e+03 0.000000000000000000e+00 0.000000000000000000e+00 9.584087923842823369e-15
2.579000000000000000e+03 0.000000000000000000e+00 0.000000000000000000e+00 9.580081689379885664e-15
2.580000000000000000e+03 0.000000000000000000e+00 0.000000000000000000e+00 9.576084379369349877e-15
2.581000000000000000e+03 0.000000000000000000e+00 0.000000000000000000e+00 9.572095893041453444e-15
2.582000000000000000e+03 0.000000000000000000e+00 0.000000000000000000e+00 9.568116050127502484e-15
2.583000000000000000e+03 0.000000000000000000e+00 0.000000000000000000e+00 9.564144750845143739e-15
2.584000000000000000e+03 0.000000000000000000e+00 0.000000000000000000e+00 9.560181815386262923e-15
2.585000000000000000e+03 0.000000000000000000e+00 0.000000000000000000e+00 9.556227155032706959e-15
2.586000000000000000e+03 0.000000000000000000e+00 0.000000000000000000e+00 9.552280589652925434e-15
2.587000000000000000e+03 0.000000000000000000e+00 0.000000000000000000e+00 9.548342035948725628e-15
2.588000000000000000e+03 0.000000000000000000e+00 0.000000000000000000e+00 9.544411312973323026e-15
2.589000000000000000e+03 0.000000000000000000e+00 0.000000000000000000e+00 9.540488340328260844e-15
2.590000000000000000e+03 0.000000000000000000e+00 0.000000000000000000e+00 9.536572936537771265e-15
2.591000000000000000e+03 0.000000000000000000e+00 0.000000000000000000e+00 9.532665023616499347e-15
2.592000000000000000e+03 0.000000000000000000e+00 0.000000000000000000e+00 9.528764418589484989e-15
2.593000000000000000e+03 0.000000000000000000e+00 0.000000000000000000e+00 9.524871054882527078e-15
2.594000000000000000e+03 0.000000000000000000e+00 0.000000000000000000e+00 9.520984747363039429e-15
2.595000000000000000e+03 0.000000000000000000e+00 0.000000000000000000e+00 9.517105435485900233e-15
2.596000000000000000e+03 0.000000000000000000e+00 0.000000000000000000e+00 9.513232941774046050e-15
2.597000000000000000e+03 0.000000000000000000e+00 0.000000000000000000e+00 9.509367198805060965e-15
2.598000000000000000e+03 0.000000000000000000e+00 0.000000000000000000e+00 9.505508032691716149e-15
2.599000000000000000e+03 0.000000000000000000e+00 0.000000000000000000e+00 9.501655383221306312e-15
2.600000000000000000e+03 0.000000000000000000e+00 0.000000000000000000e+00 9.497809086944291050e-15
2.601000000000000000e+03 0.000000000000000000e+00 0.000000000000000000e+00 9.493969075692165586e-15
2.602000000000000000e+03 0.000000000000000000e+00 0.000000000000000000e+00 9.490135201442782517e-15
2.603000000000000000e+03 0.000000000000000000e+00 0.000000000000000000e+00 9.486307391618111285e-15
2.604000000000000000e+03 0.000000000000000000e+00 0.000000000000000000e+00 9.482485505849059676e-15
2.605000000000000000e+03 0.000000000000000000e+00 0.000000000000000000e+00 9.478669467564219147e-15
2.606000000000000000e+03 0.000000000000000000e+00 0.000000000000000000e+00 9.474859142014866375e-15
2.607000000000000000e+03 0.000000000000000000e+00 0.000000000000000000e+00 9.471054468026666739e-15
2.608000000000000000e+03 0.000000000000000000e+00 0.000000000000000000e+00 9.467255304065446731e-15
2.609000000000000000e+03 0.000000000000000000e+00 0.000000000000000000e+00 9.463461584648747712e-15
2.610000000000000000e+03 0.000000000000000000e+00 0.000000000000000000e+00 9.459673184749605649e-15
2.611000000000000000e+03 0.000000000000000000e+00 0.000000000000000000e+00 9.455890047386737224e-15
2.612000000000000000e+03 0.000000000000000000e+00 0.000000000000000000e+00 9.452112044125535952e-15
2.613000000000000000e+03 0.000000000000000000e+00 0.000000000000000000e+00 9.448339130614084997e-15
2.614000000000000000e+03 0.000000000000000000e+00 0.000000000000000000e+00 9.444571177417940853e-15
2.615000000000000000e+03 0.000000000000000000e+00 0.000000000000000000e+00 9.440808144968771369e-15
2.616000000000000000e+03 0.000000000000000000e+00 0.000000000000000000e+00 9.437049902487622180e-15
2.617000000000000000e+03 0.000000000000000000e+00 0.000000000000000000e+00 9.433296413067553792e-15
2.618000000000000000e+03 0.000000000000000000e+00 0.000000000000000000e+00 9.429547564018247617e-15
2.619000000000000000e+03 0.000000000000000000e+00 0.000000000000000000e+00 9.425803318876113457e-15
2.620000000000000000e+03 0.000000000000000000e+00 0.000000000000000000e+00 9.422063561516990622e-15
2.621000000000000000e+03 0.000000000000000000e+00 0.000000000000000000e+00 9.418328255819137055e-15
2.622000000000000000e+03 0.000000000000000000e+00 0.000000000000000000e+00 9.414597303590442108e-15
2.623000000000000000e+03 0.000000000000000000e+00 0.000000000000000000e+00 9.410870667715878981e-15
2.624000000000000000e+03 0.000000000000000000e+00 0.000000000000000000e+00 9.407148248502006930e-15
2.625000000000000000e+03 0.000000000000000000e+00 0.000000000000000000e+00 9.403430016792768287e-15
2.626000000000000000e+03 0.000000000000000000e+00 0.000000000000000000e+00 9.399715882091264320e-15
2.627000000000000000e+03 0.000000000000000000e+00 0.000000000000000000e+00 9.396005827348066741e-15
2.628000000000000000e+03 0.000000000000000000e+00 0.000000000000000000e+00 9.392299756720412587e-15
2.629000000000000000e+03 0.000000000000000000e+00 0.000000000000000000e+00 9.388597657464293375e-15
2.630000000000000000e+03 0.000000000000000000e+00 0.000000000000000000e+00 9.384899440172534938e-15
2.631000000000000000e+03 0.000000000000000000e+00 0.000000000000000000e+00 9.381205104886475164e-15
2.632000000000000000e+03 0.000000000000000000e+00 0.000000000000000000e+00 9.377514553208159619e-15
2.633000000000000000e+03 0.000000000000000000e+00 0.000000000000000000e+00 9.373827800105501383e-15
2.634000000000000000e+03 0.000000000000000000e+00 0.000000000000000000e+00 9.370144753166616630e-15
2.635000000000000000e+03 0.000000000000000000e+00 0.000000000000000000e+00 9.366465423861497168e-15
2.636000000000000000e+03 0.000000000000000000e+00 0.000000000000000000e+00 9.362789739112591515e-15
2.637000000000000000e+03 0.000000000000000000e+00 0.000000000000000000e+00 9.359117700628496660e-15
2.638000000000000000e+03 0.000000000000000000e+00 0.000000000000000000e+00 9.355449243365920719e-15
2.639000000000000000e+03 0.000000000000000000e+00 0.000000000000000000e+00 9.351784382180788498e-15
2.640000000000000000e+03 0.000000000000000000e+00 0.000000000000000000e+00 9.348123046842560144e-15
2.641000000000000000e+03 0.000000000000000000e+00 0.000000000000000000e+00 9.344465265996647882e-15
2.642000000000000000e+03 0.000000000000000000e+00 0.000000000000000000e+00 9.340810975964435548e-15
2.643000000000000000e+03 0.000000000000000000e+00 0.000000000000000000e+00 9.337160202716268596e-15
2.644000000000000000e+03 0.000000000000000000e+00 0.000000000000000000e+00 9.333512884928627763e-15
2.645000000000000000e+03 0.000000000000000000e+00 0.000000000000000000e+00 9.329869055854723351e-15
2.646000000000000000e+03 0.000000000000000000e+00 0.000000000000000000e+00 9.326228664140816416e-15
2.647000000000000000e+03 0.000000000000000000e+00 0.000000000000000000e+00 9.322591746837078344e-15
2.648000000000000000e+03 0.000000000000000000e+00 0.000000000000000000e+00 9.318958264608014016e-15
2.649000000000000000e+03 0.000000000000000000e+00 0.000000000000000000e+00 9.315328252587740035e-15
2.650000000000000000e+03 0.000000000000000000e+00 0.000000000000000000e+00 9.311701675038885242e-15
2.651000000000000000e+03 0.000000000000000000e+00 0.000000000000000000e+00 9.308078574511726495e-15
2.652000000000000000e+03 0.000000000000000000e+00 0.000000000000000000e+00 9.304458918261920840e-15
2.653000000000000000e+03 0.000000000000000000e+00 0.000000000000000000e+00 9.300842753664710311e-15
2.654000000000000000e+03 0.000000000000000000e+00 0.000000000000000000e+00 9.297230053616992529e-15
2.655000000000000000e+03 0.000000000000000000e+00 0.000000000000000000e+00 9.293620869209825224e-15
2.656000000000000000e+03 0.000000000000000000e+00 0.000000000000000000e+00 9.290015177395633620e-15
2.657000000000000000e+03 0.000000000000000000e+00 0.000000000000000000e+00 9.286413034607348043e-15
2.658000000000000000e+03 0.000000000000000000e+00 0.000000000000000000e+00 9.282814422909423796e-15
2.659000000000000000e+03 0.000000000000000000e+00 0.000000000000000000e+00 9.279219403844620362e-15
2.660000000000000000e+03 0.000000000000000000e+00 0.000000000000000000e+00 9.275627963927529385e-15
2.661000000000000000e+03 0.000000000000000000e+00 0.000000000000000000e+00 9.272040170785781051e-15
2.662000000000000000e+03 0.000000000000000000e+00 0.000000000000000000e+00 9.268456016149542966e-15
2.663000000000000000e+03 0.000000000000000000e+00 0.000000000000000000e+00 9.264875572479897058e-15
2.664000000000000000e+03 0.000000000000000000e+00 0.000000000000000000e+00 9.261298835840493674e-15
2.665000000000000000e+03 0.000000000000000000e+00 0.000000000000000000e+00 9.257725885033139859e-15
2.666000000000000000e+03 0.000000000000000000e+00 0.000000000000000000e+00 9.254156720937060536e-15
2.667000000000000000e+03 0.000000000000000000e+00 0.000000000000000000e+00 9.250591427443250573e-15
2.668000000000000000e+03 0.000000000000000000e+00 0.000000000000000000e+00 9.247030009761271659e-15
2.669000000000000000e+03 0.000000000000000000e+00 0.000000000000000000e+00 9.243472556250575506e-15
2.670000000000000000e+03 0.000000000000000000e+00 0.000000000000000000e+00 9.239919078714887840e-15
2.671000000000000000e+03 0.000000000000000000e+00 0.000000000000000000e+00 9.236369668119122792e-15
2.672000000000000000e+03 0.000000000000000000e+00 0.000000000000000000e+00 9.232824341163842802e-15
2.673000000000000000e+03 0.000000000000000000e+00 0.000000000000000000e+00 9.229283194582969645e-15
2.674000000000000000e+03 0.000000000000000000e+00 0.000000000000000000e+00 9.225746249392074958e-15
2.675000000000000000e+03 0.000000000000000000e+00 0.000000000000000000e+00 9.222213605998139951e-15
2.676000000000000000e+03 0.000000000000000000e+00 0.000000000000000000e+00 9.218685290466801320e-15
2.677000000000000000e+03 0.000000000000000000e+00 0.000000000000000000e+00 9.215161408262900855e-15
2.678000000000000000e+03 0.000000000000000000e+00 0.000000000000000000e+00 9.211641989008178170e-15
2.679000000000000000e+03 0.000000000000000000e+00 0.000000000000000000e+00 9.208127143128739617e-15
2.680000000000000000e+03 0.000000000000000000e+00 0.000000000000000000e+00 9.204616904390824879e-15
2.681000000000000000e+03 0.000000000000000000e+00 0.000000000000000000e+00 9.201111388209241454e-15
2.682000000000000000e+03 0.000000000000000000e+00 0.000000000000000000e+00 9.197610633840336470e-15
2.683000000000000000e+03 0.000000000000000000e+00 0.000000000000000000e+00 9.194114759234472568e-15
2.684000000000000000e+03 0.000000000000000000e+00 0.000000000000000000e+00 9.190623808595700920e-15
2.685000000000000000e+03 0.000000000000000000e+00 0.000000000000000000e+00 9.187137903125455086e-15
2.686000000000000000e+03 0.000000000000000000e+00 0.000000000000000000e+00 9.183657091160959841e-15
2.687000000000000000e+03 0.000000000000000000e+00 0.000000000000000000e+00 9.180181496918056656e-15
2.688000000000000000e+03 0.000000000000000000e+00 0.000000000000000000e+00 9.176711171941196337e-15
2.689000000000000000e+03 0.000000000000000000e+00 0.000000000000000000e+00 9.173246243977081303e-15
2.690000000000000000e+03 0.000000000000000000e+00 0.000000000000000000e+00 9.169786767139247245e-15
2.691000000000000000e+03 0.000000000000000000e+00 0.000000000000000000e+00 9.166332872321361529e-15
2.692000000000000000e+03 0.000000000000000000e+00 0.000000000000000000e+00 9.162884617918363568e-15
2.693000000000000000e+03 0.000000000000000000e+00 0.000000000000000000e+00 9.159442137536281687e-15
2.694000000000000000e+03 0.000000000000000000e+00 0.000000000000000000e+00 9.156005492198822252e-15
2.695000000000000000e+03 0.000000000000000000e+00 0.000000000000000000e+00 9.152574819679311734e-15
2.696000000000000000e+03 0.000000000000000000e+00 0.000000000000000000e+00 9.149150184484660780e-15
2.697000000000000000e+03 0.000000000000000000e+00 0.000000000000000000e+00 9.145731725959507393e-15
2.698000000000000000e+03 0.000000000000000000e+00 0.000000000000000000e+00 9.142319513898471621e-15
2.699000000000000000e+03 0.000000000000000000e+00 0.000000000000000000e+00 9.138913689863114645e-15
2.700000000000000000e+03 0.000000000000000000e+00 0.000000000000000000e+00 9.135514324304715379e-15
2.701000000000000000e+03 0.000000000000000000e+00 0.000000000000000000e+00 9.132121563047205090e-15
2.702000000000000000e+03 0.000000000000000000e+00 0.000000000000000000e+00 9.128735478562788646e-15
2.703000000000000000e+03 0.000000000000000000e+00 0.000000000000000000e+00 9.125356219039521941e-15
2.704000000000000000e+03 0.000000000000000000e+00 0.000000000000000000e+00 9.121983858100037253e-15
2.705000000000000000e+03 0.000000000000000000e+00 0.000000000000000000e+00 9.118618547163664141e-15
2.706000000000000000e+03 0.000000000000000000e+00 0.000000000000000000e+00 9.115260362096148247e-15
2.707000000000000000e+03 0.000000000000000000e+00 0.000000000000000000e+00 9.111909456974540428e-15
2.708000000000000000e+03 0.000000000000000000e+00 0.000000000000000000e+00 9.108565909425628366e-15
2.709000000000000000e+03 0.000000000000000000e+00 0.000000000000000000e+00 9.105229875295003872e-15
2.710000000000000000e+03 0.000000000000000000e+00 0.000000000000000000e+00 9.101901435575513066e-15
2.711000000000000000e+03 0.000000000000000000e+00 0.000000000000000000e+00 9.098580747656583258e-15
2.712000000000000000e+03 0.000000000000000000e+00 0.000000000000000000e+00 9.095267893532011465e-15
2.713000000000000000e+03 0.000000000000000000e+00 0.000000000000000000e+00 9.091963033245595213e-15
2.714000000000000000e+03 0.000000000000000000e+00 0.000000000000000000e+00 9.088666250143619339e-15
2.715000000000000000e+03 0.000000000000000000e+00 0.000000000000000000e+00 9.085377703274674965e-15
2.716000000000000000e+03 0.000000000000000000e+00 0.000000000000000000e+00 9.082097478169895023e-15
2.717000000000000000e+03 0.000000000000000000e+00 0.000000000000000000e+00 9.078825734170968748e-15
2.718000000000000000e+03 0.000000000000000000e+00 0.000000000000000000e+00 9.075562557895694436e-15
2.719000000000000000e+03 0.000000000000000000e+00 0.000000000000000000e+00 9.072308108663531221e-15
2.720000000000000000e+03 0.000000000000000000e+00 0.000000000000000000e+00 9.069062473494255672e-15
2.721000000000000000e+03 0.000000000000000000e+00 0.000000000000000000e+00 9.065825813390057166e-15
2.722000000000000000e+03 0.000000000000000000e+00 0.000000000000000000e+00 9.062598214966698737e-15
2.723000000000000000e+03 0.000000000000000000e+00 0.000000000000000000e+00 9.059379841048720492e-15
2.724000000000000000e+03 0.000000000000000000e+00 0.000000000000000000e+00 9.056170778382885287e-15
2.725000000000000000e+03 0.000000000000000000e+00 0.000000000000000000e+00 9.052971189134198180e-15
2.726000000000000000e+03 0.000000000000000000e+00 0.000000000000000000e+00 9.049781161835068639e-15
2.727000000000000000e+03 0.000000000000000000e+00 0.000000000000000000e+00 9.046600858952750624e-15
2.728000000000000000e+03 0.000000000000000000e+00 0.000000000000000000e+00 9.043430372955832860e-15
2.729000000000000000e+03 0.000000000000000000e+00 0.000000000000000000e+00 9.040269861459241703e-15
2.730000000000000000e+03 0.000000000000000000e+00 0.000000000000000000e+00 9.037119411128192300e-15
2.731000000000000000e+03 0.000000000000000000e+00 0.000000000000000000e+00 9.033979187149405630e-15
2.732000000000000000e+03 0.000000000000000000e+00 0.000000000000000000e+00 9.030849274320957743e-15
2.733000000000000000e+03 0.000000000000000000e+00 0.000000000000000000e+00 9.027729833470911167e-15
2.734000000000000000e+03 0.000000000000000000e+00 0.000000000000000000e+00 9.024620949128928872e-15
2.735000000000000000e+03 0.000000000000000000e+00 0.000000000000000000e+00 9.021522781083910074e-15
2.736000000000000000e+03 0.000000000000000000e+00 0.000000000000000000e+00 9.018435423015403362e-15
2.737000000000000000e+03 0.000000000000000000e+00 0.000000000000000000e+00 9.015359025848789884e-15
2.738000000000000000e+03 0.000000000000000000e+00 0.000000000000000000e+00 9.012293678865297431e-15
2.739000000000000000e+03 0.000000000000000000e+00 0.000000000000000000e+00 9.009239530131243305e-15
2.740000000000000000e+03 0.000000000000000000e+00 0.000000000000000000e+00 9.006196669526051677e-15
2.741000000000000000e+03 0.000000000000000000e+00 0.000000000000000000e+00 9.003165250969305724e-15
2.742000000000000000e+03 0.000000000000000000e+00 0.000000000000000000e+00 9.000145348098963716e-15
2.743000000000000000e+03 0.000000000000000000e+00 0.000000000000000000e+00 8.997137127738177048e-15
2.744000000000000000e+03 0.000000000000000000e+00 0.000000000000000000e+00 8.994140656197908683e-15
2.745000000000000000e+03 0.000000000000000000e+00 0.000000000000000000e+00 8.991156091098323013e-15
2.746000000000000000e+03 0.000000000000000000e+00 0.000000000000000000e+00 8.988183503575942975e-15
2.747000000000000000e+03 0.000000000000000000e+00 0.000000000000000000e+00 8.985223048296743536e-15
2.748000000000000000e+03 0.000000000000000000e+00 0.000000000000000000e+00 8.982274798255338497e-15
2.749000000000000000e+03 0.000000000000000000e+00 0.000000000000000000e+00 8.979338899728397444e-15
2.750000000000000000e+03 0.000000000000000000e+00 0.000000000000000000e+00 8.976415427541388833e-15
2.751000000000000000e+03 0.000000000000000000e+00 0.000000000000000000e+00 8.973504523450094555e-15
2.752000000000000000e+03 0.000000000000000000e+00 0.000000000000000000e+00 8.970606248186209911e-15
2.753000000000000000e+03 0.000000000000000000e+00 0.000000000000000000e+00 8.967720750429246403e-15
2.754000000000000000e+03 0.000000000000000000e+00 0.000000000000000000e+00 8.964848084213583843e-15
2.755000000000000000e+03 0.000000000000000000e+00 0.000000000000000000e+00 8.961988394146983997e-15
2.756000000000000000e+03 0.000000000000000000e+00 0.000000000000000000e+00 8.959141731318406227e-15
2.757000000000000000e+03 0.000000000000000000e+00 0.000000000000000000e+00 8.956308240617901440e-15
2.758000000000000000e+03 0.000000000000000000e+00 0.000000000000000000e+00 8.953487971515527069e-15
2.759000000000000000e+03 0.000000000000000000e+00 0.000000000000000000e+00 8.950681061681918833e-15
2.760000000000000000e+03 0.000000000000000000e+00 0.000000000000000000e+00 8.947887552266122052e-15
2.761000000000000000e+03 0.000000000000000000e+00 0.000000000000000000e+00 8.945107578748293458e-15
2.762000000000000000e+03 0.000000000000000000e+00 0.000000000000000000e+00 8.942341188283682288e-15
2.763000000000000000e+03 0.000000000000000000e+00 0.000000000000000000e+00 8.939588507497024074e-15
2.764000000000000000e+03 0.000000000000000000e+00 0.000000000000000000e+00 8.936849577537570818e-15
2.765000000000000000e+03 0.000000000000000000e+00 0.000000000000000000e+00 8.934124522679039561e-15
2.766000000000000000e+03 0.000000000000000000e+00 0.000000000000000000e+00 8.931413382521886448e-15
2.767000000000000000e+03 0.000000000000000000e+00 0.000000000000000000e+00 8.928716272008602709e-15
2.768000000000000000e+03 0.000000000000000000e+00 0.000000000000000000e+00 8.926033231825121826e-15
2.769000000000000000e+03 0.000000000000000000e+00 0.000000000000000000e+00 8.923364365261738441e-15
2.770000000000000000e+03 0.000000000000000000e+00 0.000000000000000000e+00 8.920709713869629187e-15
2.771000000000000000e+03 0.000000000000000000e+00 0.000000000000000000e+00 8.918069383927257528e-15
2.772000000000000000e+03 0.000000000000000000e+00 0.000000000000000000e+00 8.915443403564636571e-15
2.773000000000000000e+03 0.000000000000000000e+00 0.000000000000000000e+00 8.912831871595281631e-15
2.774000000000000000e+03 0.000000000000000000e+00 0.000000000000000000e+00 8.910234819900083225e-15
2.775000000000000000e+03 0.000000000000000000e+00 0.000000000000000000e+00 8.907652344999890219e-15
2.776000000000000000e+03 0.000000000000000000e+00 0.000000000000000000e+00 8.905084472402354324e-15
2.777000000000000000e+03 0.000000000000000000e+00 0.000000000000000000e+00 8.902531289421891657e-15
2.778000000000000000e+03 0.000000000000000000e+00 0.000000000000000000e+00 8.899992820394275809e-15
2.779000000000000000e+03 0.000000000000000000e+00 0.000000000000000000e+00 8.897469141039141182e-15
2.780000000000000000e+03 0.000000000000000000e+00 0.000000000000000000e+00 8.894960275753065190e-15
2.781000000000000000e+03 0.000000000000000000e+00 0.000000000000000000e+00 8.892466286921129325e-15
2.782000000000000000e+03 0.000000000000000000e+00 0.000000000000000000e+00 8.889987200563801683e-15
2.783000000000000000e+03 0.000000000000000000e+00 0.000000000000000000e+00 8.887523071835786555e-15
2.784000000000000000e+03 0.000000000000000000e+00 0.000000000000000000e+00 8.885073913376767146e-15
2.785000000000000000e+03 0.000000000000000000e+00 0.000000000000000000e+00 8.882639784212470249e-15
2.786000000000000000e+03 0.000000000000000000e+00 0.000000000000000000e+00 8.880220692766887458e-15
2.787000000000000000e+03 0.000000000000000000e+00 0.000000000000000000e+00 8.877816683632744868e-15
2.788000000000000000e+03 0.000000000000000000e+00 0.000000000000000000e+00 8.875427763305769298e-15
2.789000000000000000e+03 0.000000000000000000e+00 0.000000000000000000e+00 8.873053978629728256e-15
2.790000000000000000e+03 0.000000000000000000e+00 0.000000000000000000e+00 8.870695320687538440e-15
2.791000000000000000e+03 0.000000000000000000e+00 0.000000000000000000e+00 8.868351836717083846e-15
2.792000000000000000e+03 0.000000000000000000e+00 0.000000000000000000e+00 8.866023511101162071e-15
2.793000000000000000e+03 0.000000000000000000e+00 0.000000000000000000e+00 8.863710376406571879e-15
2.794000000000000000e+03 0.000000000000000000e+00 0.000000000000000000e+00 8.861412413087916456e-15
2.795000000000000000e+03 0.000000000000000000e+00 0.000000000000000000e+00 8.859129656665267338e-15
2.796000000000000000e+03 0.000000000000000000e+00 0.000000000000000000e+00 8.856862077410649014e-15
2.797000000000000000e+03 0.000000000000000000e+00 0.000000000000000000e+00 8.854609703829843749e-15
2.798000000000000000e+03 0.000000000000000000e+00 0.000000000000000000e+00 8.852372493935927079e-15
2.799000000000000000e+03 0.000000000000000000e+00 0.000000000000000000e+00 8.850150474243111985e-15
2.800000000000000000e+03 0.000000000000000000e+00 0.000000000000000000e+00 8.847943596894804553e-15
2.801000000000000000e+03 0.000000000000000000e+00 0.000000000000000000e+00 8.845751879226746978e-15
2.802000000000000000e+03 0.000000000000000000e+00 0.000000000000000000e+00 8.843575270704314035e-15
2.803000000000000000e+03 0.000000000000000000e+00 0.000000000000000000e+00 8.841413776901177206e-15
2.804000000000000000e+03 0.000000000000000000e+00 0.000000000000000000e+00 8.839267338210530020e-15
2.805000000000000000e+03 0.000000000000000000e+00 0.000000000000000000e+00 8.837135962310849495e-15
2.806000000000000000e+03 0.000000000000000000e+00 0.000000000000000000e+00 8.835019585297550262e-15
2.807000000000000000e+03 0.000000000000000000e+00 0.000000000000000000e+00 8.832918200612519227e-15
2.808000000000000000e+03 0.000000000000000000e+00 0.000000000000000000e+00 8.830831733999637249e-15
2.809000000000000000e+03 0.000000000000000000e+00 0.000000000000000000e+00 8.828760179875190647e-15
2.810000000000000000e+03 0.000000000000000000e+00 0.000000000000000000e+00 8.826703459470507687e-15
2.811000000000000000e+03 0.000000000000000000e+00 0.000000000000000000e+00 8.824661552443063393e-15
2.812000000000000000e+03 0.000000000000000000e+00 0.000000000000000000e+00 8.822634384542920135e-15
2.813000000000000000e+03 0.000000000000000000e+00 0.000000000000000000e+00 8.820621920832802618e-15
2.814000000000000000e+03 0.000000000000000000e+00 0.000000000000000000e+00 8.818624074084990537e-15
2.815000000000000000e+03 0.000000000000000000e+00 0.000000000000000000e+00 8.816640809140532371e-15
2.816000000000000000e+03 0.000000000000000000e+00 0.000000000000000000e+00 8.814672033530627980e-15
2.817000000000000000e+03 0.000000000000000000e+00 0.000000000000000000e+00 8.812717703297349217e-15
2.818000000000000000e+03 0.000000000000000000e+00 0.000000000000000000e+00 8.810777714729160760e-15
2.819000000000000000e+03 0.000000000000000000e+00 0.000000000000000000e+00 8.808852019477041210e-15
2.820000000000000000e+03 0.000000000000000000e+00 0.000000000000000000e+00 8.806940508837205803e-15
2.821000000000000000e+03 0.000000000000000000e+00 0.000000000000000000e+00 8.805043131805218469e-15
2.822000000000000000e+03 0.000000000000000000e+00 0.000000000000000000e+00 8.803159768779037469e-15
2.823000000000000000e+03 0.000000000000000000e+00 0.000000000000000000e+00 8.801290358980699231e-15
2.824000000000000000e+03 0.000000000000000000e+00 0.000000000000000000e+00 8.799434784966125733e-15
2.825000000000000000e+03 0.000000000000000000e+00 0.000000000000000000e+00 8.797592974202248333e-15
2.826000000000000000e+03 0.000000000000000000e+00 0.000000000000000000e+00 8.795764801817399734e-15
2.827000000000000000e+03 0.000000000000000000e+00 0.000000000000000000e+00 8.793950195667643758e-15
2.828000000000000000e+03 0.000000000000000000e+00 0.000000000000000000e+00 8.792149020036214310e-15
2.829000000000000000e+03 0.000000000000000000e+00 0.000000000000000000e+00 8.790361194849654255e-15
2.830000000000000000e+03 0.000000000000000000e+00 0.000000000000000000e+00 8.788586578450811403e-15
2.831000000000000000e+03 0.000000000000000000e+00 0.000000000000000000e+00 8.786825086572934348e-15
2.832000000000000000e+03 0.000000000000000000e+00 0.000000000000000000e+00 8.785076574553870941e-15
2.833000000000000000e+03 0.000000000000000000e+00 0.000000000000000000e+00 8.783340947009082276e-15
2.834000000000000000e+03 0.000000000000000000e+00 0.000000000000000000e+00 8.781618056937418376e-15
2.835000000000000000e+03 0.000000000000000000e+00 0.000000000000000000e+00 8.779907804033739973e-15
2.836000000000000000e+03 0.000000000000000000e+00 0.000000000000000000e+00 8.778210031488161153e-15
2.837000000000000000e+03 0.000000000000000000e+00 0.000000000000000000e+00 8.776524628218590388e-15
2.838000000000000000e+03 0.000000000000000000e+00 0.000000000000000000e+00 8.774851432433731274e-15
2.839000000000000000e+03 0.000000000000000000e+00 0.000000000000000000e+00 8.773190334522096247e-15
2.840000000000000000e+03 0.000000000000000000e+00 0.000000000000000000e+00 8.771541162267732457e-15
2.841000000000000000e+03 0.000000000000000000e+00 0.000000000000000000e+00 8.769903804904346753e-15
2.842000000000000000e+03 0.000000000000000000e+00 0.000000000000000000e+00 8.768278084415632463e-15
2.843000000000000000e+03 0.000000000000000000e+00 0.000000000000000000e+00 8.766663882236996179e-15
2.844000000000000000e+03 0.000000000000000000e+00 0.000000000000000000e+00 8.765061015741501144e-15
2.845000000000000000e+03 0.000000000000000000e+00 0.000000000000000000e+00 8.763469362576656874e-15
2.846000000000000000e+03 0.000000000000000000e+00 0.000000000000000000e+00 8.761888736988289500e-15
2.847000000000000000e+03 0.000000000000000000e+00 0.000000000000000000e+00 8.760319006661919015e-15
2.848000000000000000e+03 0.000000000000000000e+00 0.000000000000000000e+00 8.758759983074160539e-15
2.849000000000000000e+03 0.000000000000000000e+00 0.000000000000000000e+00 8.757211520593615351e-15
2.850000000000000000e+03 0.000000000000000000e+00 0.000000000000000000e+00 8.755673429530604011e-15
2.851000000000000000e+03 0.000000000000000000e+00 0.000000000000000000e+00 8.754145563662148385e-15
2.852000000000000000e+03 0.000000000000000000e+00 0.000000000000000000e+00 8.752627725009371678e-15
2.853000000000000000e+03 0.000000000000000000e+00 0.000000000000000000e+00 8.751119764806087082e-15
2.854000000000000000e+03 0.000000000000000000e+00 0.000000000000000000e+00 8.749621479942579703e-15
2.855000000000000000e+03 0.000000000000000000e+00 0.000000000000000000e+00 8.748132712253553863e-15
2.856000000000000000e+03 0.000000000000000000e+00 0.000000000000000000e+00 8.746653255517432455e-15
2.857000000000000000e+03 0.000000000000000000e+00 0.000000000000000000e+00 8.745182953484109997e-15
2.858000000000000000e+03 0.000000000000000000e+00 0.000000000000000000e+00 8.743721597291848127e-15
2.859000000000000000e+03 0.000000000000000000e+00 0.000000000000000000e+00 8.742269022577592890e-15
2.860000000000000000e+03 0.000000000000000000e+00 0.000000000000000000e+00 8.740825018344730589e-15
2.861000000000000000e+03 0.000000000000000000e+00 0.000000000000000000e+00 8.739389415711559939e-15
2.862000000000000000e+03 0.000000000000000000e+00 0.000000000000000000e+00 8.737962008851131503e-15
2.863000000000000000e+03 0.000000000000000000e+00 0.000000000000000000e+00 8.736542617926872048e-15
2.864000000000000000e+03 0.000000000000000000e+00 0.000000000000000000e+00 8.735131031712696127e-15
2.865000000000000000e+03 0.000000000000000000e+00 0.000000000000000000e+00 8.733727078178705312e-15
2.866000000000000000e+03 0.000000000000000000e+00 0.000000000000000000e+00 8.732330536339071214e-15
2.867000000000000000e+03 0.000000000000000000e+00 0.000000000000000000e+00 8.730941236131139375e-15
2.868000000000000000e+03 0.000000000000000000e+00 0.000000000000000000e+00 8.729558958240466248e-15
2.869000000000000000e+03 0.000000000000000000e+00 0.000000000000000000e+00 8.728183525544235847e-15
2.870000000000000000e+03 0.000000000000000000e+00 0.000000000000000000e+00 8.726814718250693290e-15
2.871000000000000000e+03 0.000000000000000000e+00 0.000000000000000000e+00 8.725452363324852471e-15
2.872000000000000000e+03 0.000000000000000000e+00 0.000000000000000000e+00 8.724096232418466680e-15
2.873000000000000000e+03 0.000000000000000000e+00 0.000000000000000000e+00 8.722746160029063895e-15
2.874000000000000000e+03 0.000000000000000000e+00 0.000000000000000000e+00 8.721401912883934786e-15
2.875000000000000000e+03 0.000000000000000000e+00 0.000000000000000000e+00 8.720063321986762888e-15
2.876000000000000000e+03 0.000000000000000000e+00 0.000000000000000000e+00 8.718730164725429415e-15
2.877000000000000000e+03 0.000000000000000000e+00 0.000000000000000000e+00 8.717402262958348696e-15
2.878000000000000000e+03 0.000000000000000000e+00 0.000000000000000000e+00 8.716079382454414820e-15
2.879000000000000000e+03 0.000000000000000000e+00 0.000000000000000000e+00 8.714761355398374940e-15
2.880000000000000000e+03 0.000000000000000000e+00 0.000000000000000000e+00 8.713447949320043701e-15
2.881000000000000000e+03 0.000000000000000000e+00 0.000000000000000000e+00 8.712138991552648444e-15
2.882000000000000000e+03 0.000000000000000000e+00 0.000000000000000000e+00 8.710834256650398391e-15
2.883000000000000000e+03 0.000000000000000000e+00 0.000000000000000000e+00 8.709533569332612919e-15
2.884000000000000000e+03 0.000000000000000000e+00 0.000000000000000000e+00 8.708236698855778043e-15
2.885000000000000000e+03 0.000000000000000000e+00 0.000000000000000000e+00 8.706943475722196244e-15
2.886000000000000000e+03 0.000000000000000000e+00 0.000000000000000000e+00 8.705653672969878192e-15
2.887000000000000000e+03 0.000000000000000000e+00 0.000000000000000000e+00 8.704367122979235367e-15
2.888000000000000000e+03 0.000000000000000000e+00 0.000000000000000000e+00 8.703083599175440330e-15
2.889000000000000000e+03 0.000000000000000000e+00 0.000000000000000000e+00 8.701802934391122226e-15
2.890000000000000000e+03 0.000000000000000000e+00 0.000000000000000000e+00 8.700524909742055427e-15
2.891000000000000000e+03 0.000000000000000000e+00 0.000000000000000000e+00 8.699249356623124326e-15
2.892000000000000000e+03 0.000000000000000000e+00 0.000000000000000000e+00 8.697976059071947846e-15
2.893000000000000000e+03 0.000000000000000000e+00 0.000000000000000000e+00 8.696704847477701078e-15
2.894000000000000000e+03 0.000000000000000000e+00 0.000000000000000000e+00 8.695435514521744365e-15
2.895000000000000000e+03 0.000000000000000000e+00 0.000000000000000000e+00 8.694167888994989050e-15
2.896000000000000000e+03 0.000000000000000000e+00 0.000000000000000000e+00 8.692901767071013284e-15
2.897000000000000000e+03 0.000000000000000000e+00 0.000000000000000000e+00 8.691636982813867554e-15
2.898000000000000000e+03 0.000000000000000000e+00 0.000000000000000000e+00 8.690373326745384964e-15
2.899000000000000000e+03 0.000000000000000000e+00 0.000000000000000000e+00 8.689110648467870782e-15
2.900000000000000000e+03 0.000000000000000000e+00 0.000000000000000000e+00 8.687848736658350087e-15
2.901000000000000000e+03 0.000000000000000000e+00 0.000000000000000000e+00 8.686587447905679487e-15
2.902000000000000000e+03 0.000000000000000000e+00 0.000000000000000000e+00 8.685326567789805105e-15
2.903000000000000000e+03 0.000000000000000000e+00 0.000000000000000000e+00 8.684065963982631194e-15
2.904000000000000000e+03 0.000000000000000000e+00 0.000000000000000000e+00 8.682805427169961908e-15
2.905000000000000000e+03 0.000000000000000000e+00 0.000000000000000000e+00 8.681544823524288334e-15
2.906000000000000000e+03 0.000000000000000000e+00 0.000000000000000000e+00 8.680283958526291067e-15
2.907000000000000000e+03 0.000000000000000000e+00 0.000000000000000000e+00 8.679022699157638425e-15
2.908000000000000000e+03 0.000000000000000000e+00 0.000000000000000000e+00 8.677760856625839828e-15
2.909000000000000000e+03 0.000000000000000000e+00 0.000000000000000000e+00 8.676498304908625440e-15
2.910000000000000000e+03 0.000000000000000000e+00 0.000000000000000000e+00 8.675234858331737736e-15
2.911000000000000000e+03 0.000000000000000000e+00 0.000000000000000000e+00 8.673970393486966305e-15
2.912000000000000000e+03 0.000000000000000000e+00 0.000000000000000000e+00 8.672704733346123758e-15
2.913000000000000000e+03 0.000000000000000000e+00 0.000000000000000000e+00 8.671437761799644910e-15
2.914000000000000000e+03 0.000000000000000000e+00 0.000000000000000000e+00 8.670169306010102822e-15
2.915000000000000000e+03 0.000000000000000000e+00 0.000000000000000000e+00 8.668899253952016677e-15
2.916000000000000000e+03 0.000000000000000000e+00 0.000000000000000000e+00 8.667627440903908835e-15
2.917000000000000000e+03 0.000000000000000000e+00 0.000000000000000000e+00 8.666353763648649926e-15
2.918000000000000000e+03 0.000000000000000000e+00 0.000000000000000000e+00 8.665078061808506555e-15
2.919000000000000000e+03 0.000000000000000000e+00 0.000000000000000000e+00 8.663800243173148860e-15
2.920000000000000000e+03 0.000000000000000000e+00 0.000000000000000000e+00 8.662520156776107083e-15
2.921000000000000000e+03 0.000000000000000000e+00 0.000000000000000000e+00 8.661237715208981797e-15
2.922000000000000000e+03 0.000000000000000000e+00 0.000000000000000000e+00 8.659952772891976828e-15
2.923000000000000000e+03 0.000000000000000000e+00 0.000000000000000000e+00 8.658665259322318003e-15
2.924000000000000000e+03 0.000000000000000000e+00 0.000000000000000000e+00 8.657375031131548771e-15
2.925000000000000000e+03 0.000000000000000000e+00 0.000000000000000000e+00 8.656082026943261479e-15
2.926000000000000000e+03 0.000000000000000000e+00 0.000000000000000000e+00 8.654786110511624691e-15
2.927000000000000000e+03 0.000000000000000000e+00 0.000000000000000000e+00 8.653487233361574386e-15
2.928000000000000000e+03 0.000000000000000000e+00 0.000000000000000000e+00 8.652185269980930813e-15
2.929000000000000000e+03 0.000000000000000000e+00 0.000000000000000000e+00 8.650880178852255341e-15
2.930000000000000000e+03 0.000000000000000000e+00 0.000000000000000000e+00 8.649571839286268153e-15
2.931000000000000000e+03 0.000000000000000000e+00 0.000000000000000000e+00 8.648260221502939963e-15
2.932000000000000000e+03 0.000000000000000000e+00 0.000000000000000000e+00 8.646945213994700802e-15
2.933000000000000000e+03 0.000000000000000000e+00 0.000000000000000000e+00 8.645626800367768350e-15
2.934000000000000000e+03 0.000000000000000000e+00 0.000000000000000000e+00 8.644304873536937917e-15
2.935000000000000000e+03 0.000000000000000000e+00 0.000000000000000000e+00 8.642979431859758499e-15
2.936000000000000000e+03 0.000000000000000000e+00 0.000000000000000000e+00 8.641650377986304196e-15
2.937000000000000000e+03 0.000000000000000000e+00 0.000000000000000000e+00 8.640317718264650731e-15
2.938000000000000000e+03 0.000000000000000000e+00 0.000000000000000000e+00 8.638981366968983767e-15
2.939000000000000000e+03 0.000000000000000000e+00 0.000000000000000000e+00 8.637641337444721982e-15
2.940000000000000000e+03 0.000000000000000000e+00 0.000000000000000000e+00 8.636297555844060641e-15
2.941000000000000000e+03 0.000000000000000000e+00 0.000000000000000000e+00 8.634950047531100856e-15
2.942000000000000000e+03 0.000000000000000000e+00 0.000000000000000000e+00 8.633598752755879991e-15
2.943000000000000000e+03 0.000000000000000000e+00 0.000000000000000000e+00 8.632243710365608776e-15
2.944000000000000000e+03 0.000000000000000000e+00 0.000000000000000000e+00 8.630884869272042558e-15
2.945000000000000000e+03 0.000000000000000000e+00 0.000000000000000000e+00 8.629522275700223150e-15
2.946000000000000000e+03 0.000000000000000000e+00 0.000000000000000000e+00 8.628155891767746684e-15
2.947000000000000000e+03 0.000000000000000000e+00 0.000000000000000000e+00 8.626785776284920975e-15
2.948000000000000000e+03 0.000000000000000000e+00 0.000000000000000000e+00 8.625411898368884458e-15
2.949000000000000000e+03 0.000000000000000000e+00 0.000000000000000000e+00 8.624034331617066884e-15
2.950000000000000000e+03 0.000000000000000000e+00 0.000000000000000000e+00 8.622653064212581173e-15
2.951000000000000000e+03 0.000000000000000000e+00 0.000000000000000000e+00 8.621268176627986548e-15
2.952000000000000000e+03 0.000000000000000000e+00 0.000000000000000000e+00 8.619879665618931607e-15
2.953000000000000000e+03 0.000000000000000000e+00 0.000000000000000000e+00 8.618487622819658452e-15
2.954000000000000000e+03 0.000000000000000000e+00 0.000000000000000000e+00 8.617092057606793415e-15
2.955000000000000000e+03 0.000000000000000000e+00 0.000000000000000000e+00 8.615693074108634924e-15
2.956000000000000000e+03 0.000000000000000000e+00 0.000000000000000000e+00 8.614290694007417809e-15
2.957000000000000000e+03 0.000000000000000000e+00 0.000000000000000000e+00 8.612885029797622787e-15
2.958000000000000000e+03 0.000000000000000000e+00 0.000000000000000000e+00 8.611476112010819039e-15
2.959000000000000000e+03 0.000000000000000000e+00 0.000000000000000000e+00 8.610064073180067307e-15
2.960000000000000000e+03 0.000000000000000000e+00 0.000000000000000000e+00 8.608648951969540504e-15
2.961000000000000000e+03 0.000000000000000000e+00 0.000000000000000000e+00 8.607230886009158081e-15
2.962000000000000000e+03 0.000000000000000000e+00 0.000000000000000000e+00 8.605809934389175652e-15
2.963000000000000000e+03 0.000000000000000000e+00 0.000000000000000000e+00 8.604386240826262440e-15
2.964000000000000000e+03 0.000000000000000000e+00 0.000000000000000000e+00 8.602959875413005458e-15
2.965000000000000000e+03 0.000000000000000000e+00 0.000000000000000000e+00 8.601531006626336726e-15
2.966000000000000000e+03 0.000000000000000000e+00 0.000000000000000000e+00 8.600099711594788335e-15
2.967000000000000000e+03 0.000000000000000000e+00 0.000000000000000000e+00 8.598666164268076367e-15
2.968000000000000000e+03 0.000000000000000000e+00 0.000000000000000000e+00 8.597230467130380592e-15
2.969000000000000000e+03 0.000000000000000000e+00 0.000000000000000000e+00 8.595792805651403748e-15
2.970000000000000000e+03 0.000000000000000000e+00 0.000000000000000000e+00 8.594353302051760863e-15
2.971000000000000000e+03 0.000000000000000000e+00 0.000000000000000000e+00 8.592912149462686960e-15
2.972000000000000000e+03 0.000000000000000000e+00 0.000000000000000000e+00 8.591469484241089825e-15
2.973000000000000000e+03 0.000000000000000000e+00 0.000000000000000000e+00 8.590025505684572405e-15
2.974000000000000000e+03 0.000000000000000000e+00 0.000000000000000000e+00 8.588580368081463017e-15
2.975000000000000000e+03 0.000000000000000000e+00 0.000000000000000000e+00 8.587134282970917603e-15
2.976000000000000000e+03 0.000000000000000000e+00 0.000000000000000000e+00 8.585687403743965177e-15
2.977000000000000000e+03 0.000000000000000000e+00 0.000000000000000000e+00 8.584239962942424396e-15
2.978000000000000000e+03 0.000000000000000000e+00 0.000000000000000000e+00 8.582792117261578618e-15
2.979000000000000000e+03 0.000000000000000000e+00 0.000000000000000000e+00 8.581344116837892845e-15
2.980000000000000000e+03 0.000000000000000000e+00 0.000000000000000000e+00 8.579896126474091080e-15
2.981000000000000000e+03 0.000000000000000000e+00 0.000000000000000000e+00 8.578448406343334555e-15
2.982000000000000000e+03 0.000000000000000000e+00 0.000000000000000000e+00 8.577001138837357994e-15
2.983000000000000000e+03 0.000000000000000000e+00 0.000000000000000000e+00 8.575554597383078828e-15
2.984000000000000000e+03 0.000000000000000000e+00 0.000000000000000000e+00 8.574108979747837645e-15
2.985000000000000000e+03 0.000000000000000000e+00 0.000000000000000000e+00 8.572664562654108236e-15
2.986000000000000000e+03 0.000000000000000000e+00 0.000000000000000000e+00 8.571221560988205451e-15
2.987000000000000000e+03 0.000000000000000000e+00 0.000000000000000000e+00 8.569780271411455316e-15
2.988000000000000000e+03 0.000000000000000000e+00 0.000000000000000000e+00 8.568340908660853931e-15
2.989000000000000000e+03 0.000000000000000000e+00 0.000000000000000000e+00 8.566903788839054449e-15
2.990000000000000000e+03 0.000000000000000000e+00 0.000000000000000000e+00 8.565469138261603083e-15
2.991000000000000000e+03 0.000000000000000000e+00 0.000000000000000000e+00 8.564037273748702441e-15
2.992000000000000000e+03 0.000000000000000000e+00 0.000000000000000000e+00 8.562608441936943035e-15
2.993000000000000000e+03 0.000000000000000000e+00 0.000000000000000000e+00 8.561182963188631265e-15
2.994000000000000000e+03 0.000000000000000000e+00 0.000000000000000000e+00 8.559761095667025952e-15
2.995000000000000000e+03 0.000000000000000000e+00 0.000000000000000000e+00 8.558343174916416605e-15
2.996000000000000000e+03 0.000000000000000000e+00 0.000000000000000000e+00 8.556929460488409906e-15
2.997000000000000000e+03 0.000000000000000000e+00 0.000000000000000000e+00 8.555520302316828251e-15
2.998000000000000000e+03 0.000000000000000000e+00 0.000000000000000000e+00 8.554115962440799723e-15
2.999000000000000000e+03 0.000000000000000000e+00 0.000000000000000000e+00 8.552716800023760935e-15
3.000000000000000000e+03 0.000000000000000000e+00 0.000000000000000000e+00 8.551323086990573467e-15
