# Fiducial parameters: cosmomc_theta = 0.0104092, logA = 3.044, ombh2 = 0.02237, omch2 = 0.12, ns = 0.9649, tau = 0.0544, h = 0.6733981423479604, lens_potential_accuracy = 8, lens_margin = 2050, AccuracyBoost = 2.0, lSampleBoost = 2.0, lAccuracyBoost = 2.0, kmax = 10, k_per_logint = 130, nonlinear = True, DoLateRadTruncation = False
30 10000007 0.00040259279 0.01273455
31 10000007 0.0004025223 0.012094581
32 10000006 0.000403188 0.011450781
33 10000006 0.00040432502 0.010817983
34 10000006 0.00040600094 0.010222043
35 10000006 0.00040799762 0.0096123291
36 10000005 0.00041025158 0.0090355129
37 10000005 0.00041279553 0.0084575073
38 10000005 0.00041556992 0.0078851799
39 10000005 0.00041856106 0.0073190372
40 4.713835 0.00042176751 0.0067542965
41 4.5570972 0.0004252172 0.0061888807
42 4.4100811 0.00042889074 0.0056278625
43 4.2720057 0.00043275535 0.0050755581
44 4.1422761 0.00043678484 0.0045305088
45 4.020398 0.0004409483 0.0039905748
46 3.9056361 0.00044520971 0.0034553448
47 3.797381 0.00044954968 0.0029254281
48 3.695057 0.00045394571 0.0024012754
49 3.5981908 0.00045837214 0.0018836214
50 3.5065169 0.00046283697 0.0013732681
51 3.4197999 0.00046734349 0.00087122197
52 3.3375481 0.0004718852 0.00037907983
53 3.2592905 0.00047644505 -0.00010213284
54 3.1847117 0.00048101161 -0.0005733875
55 3.1135521 0.00048557827 -0.0010363259
56 3.0458097 0.00049012538 -0.0014934499
57 2.9814508 0.00049463717 -0.0019463499
58 2.9201832 0.00049910754 -0.0023949038
59 2.8616529 0.00050353028 -0.0028385818
60 2.8056611 0.00050788699 -0.0032762401
61 2.7520738 0.00051216418 -0.0037068859
62 2.7007514 0.00051635713 -0.0041300355
63 2.6515955 0.00052046653 -0.0045456791
64 2.6044793 0.00052449022 -0.0049536718
65 2.5593256 0.0005284303 -0.0053539691
66 2.5160747 0.00053228052 -0.0057468838
67 2.4745906 0.00053603118 -0.006131561
68 2.434725 0.00053967444 -0.0065075633
69 2.3963279 0.00054320217 -0.0068742055
70 2.3592878 0.00054660922 -0.0072313286
71 2.3235108 0.00054989898 -0.0075792088
72 2.2890655 0.00055307131 -0.0079193874
73 2.2560202 0.0005561267 -0.0082532508
74 2.224312 0.00055906038 -0.0085809144
75 2.1938751 0.00056186739 -0.0089023352
76 2.1645962 0.00056454005 -0.0092169923
77 2.136283 0.00056707486 -0.0095236798
78 2.1088775 0.0005694641 -0.0098222017
79 2.0823804 0.00057170373 -0.010112671
80 2.0567669 0.00057379167 -0.010395562
81 2.0320197 0.00057572349 -0.010670748
82 2.0081087 0.00057749929 -0.01093821
83 1.9849737 0.00057911815 -0.011197918
84 1.9625816 0.00058057802 -0.011449815
85 1.9408912 0.00058187887 -0.011693914
86 1.919868 0.00058302245 -0.01193009
87 1.8994604 0.00058400746 -0.012158068
88 1.879624 0.00058483412 -0.012378077
89 1.8603486 0.00058550269 -0.012589859
90 1.8416107 0.00058601089 -0.01279385
91 1.8233957 0.0005863588 -0.012989542
92 1.8056872 0.00058654608 -0.013177674
93 1.7884722 0.00058657125 -0.013357986
94 1.7717304 0.00058643727 -0.013530524
95 1.75545 0.00058614125 -0.013695711
96 1.7396109 0.00058568506 -0.01385314
97 1.7241959 0.00058506703 -0.014003222
98 1.7091944 0.00058429098 -0.014146104
99 1.6945763 0.0005833542 -0.014281399
100 1.6803378 0.00058226111 -0.014409518
101 1.6664602 0.00058101198 -0.014530355
102 1.6529318 0.00057960356 -0.014644093
103 1.6397293 0.00057804552 -0.01475071
104 1.6268449 0.00057632991 -0.014850067
105 1.6142609 0.00057446292 -0.014942622
106 1.6019648 0.00057244503 -0.015027793
107 1.5899422 0.00057028252 -0.015106273
108 1.5781781 0.00056797209 -0.015177593
109 1.5666675 0.00056551846 -0.015242315
110 1.5553955 0.00056292048 -0.015300003
111 1.5443507 0.00056018201 -0.015351059
112 1.5335268 0.00055730828 -0.015395241
113 1.522912 0.00055429744 -0.015432767
114 1.5124981 0.00055115041 -0.015463594
115 1.5022732 0.00054787457 -0.015488112
116 1.4922349 0.00054447251 -0.015505866
117 1.4823731 0.00054094081 -0.015517264
118 1.4726748 0.00053728777 -0.015522397
119 1.4631409 0.00053351409 -0.015521013
120 1.453761 0.0005296242 -0.015513572
121 1.4445292 0.00052561932 -0.015499826
122 1.4354319 0.00052150249 -0.015480187
123 1.4264689 0.00051727836 -0.015454394
124 1.4176317 0.00051294739 -0.015422634
125 1.4089132 0.00050851627 -0.015385132
126 1.4003103 0.00050398567 -0.015341773
127 1.3918151 0.00049936082 -0.015292597
128 1.3834214 0.00049464333 -0.015237895
129 1.3751294 0.00048983845 -0.015177676
130 1.3669299 0.00048494658 -0.015111952
131 1.3588151 0.00047997293 -0.015040763
132 1.3507897 0.00047492309 -0.014964446
133 1.3428453 0.00046979775 -0.014882669
134 1.3349769 0.00046460597 -0.014796027
135 1.3271836 0.00045934557 -0.014704342
136 1.3194618 0.00045402335 -0.014607385
137 1.3118073 0.00044864174 -0.014505851
138 1.3042178 0.00044320744 -0.014399569
139 1.2966884 0.00043772212 -0.014288652
140 1.2892203 0.00043218922 -0.014173216
141 1.2818081 0.00042661752 -0.014053199
142 1.2744479 0.00042100615 -0.013929008
143 1.2671414 0.00041535986 -0.01380035
144 1.2598818 0.00040968435 -0.0136677
145 1.2526681 0.00040398095 -0.013530879
146 1.2454935 0.00039825556 -0.013390148
147 1.238356 0.00039251406 -0.013245375
148 1.2312535 0.00038675806 -0.013096824
149 1.2241805 0.0003809923 -0.012944627
150 1.2171353 0.00037522032 -0.01278861
151 1.2101125 0.0003694462 -0.012629115
152 1.2031141 0.00036367382 -0.012466153
153 1.1961383 0.00035790786 -0.012299813
154 1.1891846 0.00035215433 -0.012130206
155 1.1822533 0.00034641361 -0.01195739
156 1.1753453 0.00034069251 -0.011781524
157 1.1684575 0.00033499187 -0.0116028
158 1.1615925 0.00032931956 -0.011421203
159 1.1547178 0.000323676 -0.011236754
160 1.1478337 0.00031806677 -0.011049603
161 1.1409632 0.00031249563 -0.010859919
162 1.1341064 0.00030696587 -0.01066774
163 1.1272611 0.00030148433 -0.010473075
164 1.1204236 0.00029605058 -0.010276111
165 1.1135961 0.00029066893 -0.010077004
166 1.106775 0.00028534397 -0.0098758397
167 1.0999599 0.00028007978 -0.0096724556
168 1.0931502 0.00027488038 -0.0094671466
169 1.0863466 0.00026974924 -0.0092601135
170 1.0795473 0.00026468847 -0.0090511456
171 1.07275 0.00025970297 -0.0088407244
172 1.0659581 0.00025479573 -0.0086285745
173 1.0591685 0.00024996984 -0.0084150099
174 1.05238 0.00024522809 -0.0082000337
175 1.045595 0.00024057602 -0.0079838965
176 1.0388094 0.00023601454 -0.0077664156
177 1.0320252 0.00023154899 -0.0075477762
178 1.0252401 0.0002271814 -0.0073282019
179 1.0184547 0.00022291362 -0.0071077063
180 1.0116695 0.00021875044 -0.0068862631
181 1.0048835 0.00021469496 -0.0066641483
182 0.99809817 0.00021074983 -0.0064412968
183 0.991311 0.00020691631 -0.0062179545
184 0.98452432 0.00020319864 -0.0059941125
185 0.97773546 0.00019960026 -0.0057698149
186 0.97094556 0.00019612209 -0.0055451891
187 0.96415594 0.00019276641 -0.005320325
188 0.95736468 0.00018953677 -0.0050952981
189 0.95057272 0.00018643561 -0.0048701684
190 0.9437794 0.0001834649 -0.0046451072
191 0.93698549 0.00018062666 -0.004420074
192 0.93018901 0.00017792319 -0.0041952477
193 0.92339067 0.00017535616 -0.0039705932
194 0.9165933 0.00017292791 -0.0037463458
195 0.9097944 0.00017064036 -0.0035224385
196 0.90299654 0.00016849529 -0.0032990172
197 0.89619835 0.00016649476 -0.0030762145
198 0.88940346 0.00016464 -0.0028540254
199 0.88261219 0.00016293306 -0.0026325352
200 0.87582714 0.00016137488 -0.0024118007
201 0.86904406 0.00015996747 -0.0021919426
202 0.86226292 0.00015871159 -0.0019730142
203 0.8554808 0.00015760891 -0.0017550778
204 0.84869997 0.00015666038 -0.0015381928
205 0.84191663 0.00015586716 -0.0013224227
206 0.83513353 0.00015523001 -0.0011078396
207 0.82834849 0.00015475015 -0.00089448462
208 0.82156364 0.0001544283 -0.00068244779
209 0.81478125 0.00015426501 -0.00047178433
210 0.80800212 0.00015426133 -0.00026257077
211 0.80122736 0.00015441794 -5.4871945e-05
212 0.79445996 0.000154735 0.00015125016
213 0.78770016 0.00015521351 0.00035573676
214 0.78095019 0.00015585385 0.00055853099
215 0.77421031 0.00015665542 0.00075957344
216 0.76748013 0.00015761986 0.00095879846
217 0.76075905 0.00015874653 0.0011561543
218 0.75404788 0.00016003484 0.0013516156
219 0.747347 0.00016148597 0.0015450985
220 0.7406546 0.00016309915 0.0017365797
221 0.73397401 0.00016487371 0.0019259714
222 0.72730216 0.00016681059 0.0021132766
223 0.72064203 0.00016890801 0.0022984211
224 0.71399413 0.00017116621 0.0024813743
225 0.70735843 0.00017358333 0.0026620562
226 0.7007359 0.00017615997 0.0028404692
227 0.69412709 0.00017889581 0.0030165606
228 0.68753251 0.00018178849 0.0031902231
229 0.68095364 0.00018483811 0.0033614883
230 0.67438983 0.00018804358 0.0035303387
231 0.66784211 0.00019140241 0.0036966648
232 0.66131155 0.00019491438 0.0038604635
233 0.6547984 0.00019857856 0.0040217381
234 0.64830149 0.00020239302 0.0041803823
235 0.64182476 0.000206357 0.0043364099
236 0.63536523 0.00021046942 0.0044898125
237 0.62892592 0.00021472702 0.0046404618
238 0.62250698 0.00021912877 0.0047884121
239 0.61609214 0.00022367239 0.0049337109
240 0.60968444 0.00022835747 0.0050761073
241 0.60329796 0.00023318182 0.0052157383
242 0.59693564 0.0002381429 0.0053525932
243 0.59059692 0.00024323962 0.005486522
244 0.58428184 0.00024846904 0.005617661
245 0.57799246 0.0002538301 0.0057458709
246 0.57172834 0.00025931844 0.0058712064
247 0.56549015 0.00026493425 0.0059936758
248 0.55927908 0.00027067472 0.0061130866
249 0.55309533 0.00027653671 0.0062296176
250 0.54693885 0.00028251925 0.0063431881
251 0.54080954 0.00028861752 0.006453705
252 0.53470842 0.00029483062 0.0065613283
253 0.5286348 0.00030115521 0.0066659165
254 0.52259074 0.00030758889 0.0067674683
255 0.51657401 0.00031412828 0.006865887
256 0.51058619 0.00032077153 0.006961346
257 0.50462735 0.00032751566 0.0070536768
258 0.49869943 0.00033435691 0.0071429681
259 0.49280273 0.00034129384 0.0072292687
260 0.48693913 0.00034832301 0.0073124497
261 0.48110827 0.00035544143 0.0073926222
262 0.47531161 0.00036264656 0.0074697582
263 0.46955046 0.00036993566 0.0075438321
264 0.4638238 0.00037730547 0.0076148947
265 0.45813325 0.00038475272 0.0076829886
266 0.45247744 0.00039227352 0.0077479601
267 0.44685817 0.00039986454 0.0078099291
268 0.44127481 0.00040752327 0.0078688782
269 0.43572702 0.00041524673 0.0079247344
270 0.43021519 0.0004230305 0.007977672
271 0.42474106 0.00043087226 0.0080274966
272 0.41930325 0.00043876876 0.0080744319
273 0.41390416 0.00044671507 0.0081181832
274 0.40854276 0.00045470942 0.0081592274
275 0.40321978 0.00046274779 0.0081972296
276 0.39793655 0.00047082681 0.0082322079
277 0.3926928 0.00047894355 0.0082642906
278 0.38748848 0.00048709462 0.0082934854
279 0.38232615 0.0004952754 0.008319691
280 0.37720633 0.00050348291 0.00834304
281 0.37212684 0.0005117141 0.0083636128
282 0.36708858 0.0005199647 0.0083813505
283 0.36209246 0.00052823112 0.0083962803
284 0.35713751 0.00053651131 0.0084083689
285 0.35222488 0.00054480024 0.0084176213
286 0.34735414 0.00055309584 0.0084241761
287 0.34252683 0.00056139288 0.0084280553
288 0.33774229 0.00056968851 0.0084292068
289 0.33300043 0.00057797991 0.0084276015
290 0.3283027 0.00058626334 0.0084234418
291 0.32364875 0.00059453637 0.0084166054
292 0.31903787 0.00060278943 0.0084071352
293 0.31447154 0.0006110268 0.0083952846
294 0.3099489 0.00061924335 0.0083806065
295 0.3054707 0.00062742882 0.0083635892
296 0.30103646 0.00063558779 0.008343967
297 0.29664587 0.00064370989 0.0083218743
298 0.29230042 0.00065179559 0.0082973788
299 0.28799946 0.00065983946 0.0082703829
300 0.28374307 0.00066783688 0.0082410909
301 0.27953211 0.00067579341 0.008209358
302 0.27536642 0.0006836939 0.0081753911
303 0.27124596 0.00069154357 0.0081391802
304 0.26717146 0.00069933919 0.0081007527
305 0.26314311 0.00070707472 0.0080601466
306 0.25916038 0.00071475248 0.0080173833
307 0.25522386 0.000722362 0.0079724704
308 0.25133401 0.00072990483 0.0079254536
309 0.24749011 0.00073737633 0.0078765275
310 0.24369153 0.00074476831 0.0078256043
311 0.23994025 0.00075208678 0.00777261
312 0.23623452 0.00075932239 0.0077177493
313 0.23257529 0.00076647747 0.0076608796
314 0.22896251 0.00077354318 0.0076022339
315 0.22539559 0.00078051581 0.0075417385
316 0.22187503 0.00078740129 0.0074794276
317 0.21840112 0.00079418742 0.0074154466
318 0.21497378 0.00080087631 0.0073497503
319 0.21158377 0.00080746336 0.0072824119
320 0.20822988 0.0008139511 0.0072134209
321 0.20492244 0.00082033203 0.0071428945
322 0.20165979 0.00082660247 0.0070707454
323 0.19844313 0.0008327617 0.006997201
324 0.19527122 0.00083880485 0.0069221842
325 0.19214457 0.00084473428 0.0068456786
326 0.18906316 0.00085054875 0.0067678958
327 0.18602655 0.00085623895 0.0066887507
328 0.18303474 0.00086180514 0.0066082642
329 0.18008737 0.00086724765 0.0065265991
330 0.17718506 0.00087256033 0.0064436705
331 0.17432661 0.00087774613 0.0063596197
332 0.17151262 0.00088280144 0.0062743616
333 0.16874234 0.00088772155 0.0061881114
334 0.16601574 0.00089250683 0.0061007988
335 0.16333333 0.00089715258 0.0060124628
336 0.16069415 0.00090166068 0.0059232042
337 0.15809836 0.00090602902 0.0058330244
338 0.15554541 0.00091025705 0.0057419989
339 0.15303568 0.00091434119 0.0056501926
340 0.15056878 0.00091828525 0.0055575856
341 0.14814396 0.00092207888 0.0054642847
342 0.14576147 0.00092572502 0.0053702128
343 0.14342054 0.00092922155 0.0052755184
344 0.14112089 0.00093256327 0.0051801771
345 0.13886218 0.00093575386 0.0050842341
346 0.13664434 0.00093878634 0.0049876665
347 0.13446669 0.00094166442 0.0048905765
348 0.13232896 0.0009443791 0.0047930153
349 0.13023108 0.0009469401 0.0046950598
350 0.12817328 0.00094934351 0.0045966841
351 0.1261547 0.00095159119 0.004497911
352 0.12417593 0.0009536815 0.0043989082
353 0.12223592 0.0009556146 0.0042996499
354 0.12033475 0.00095739176 0.0042002088
355 0.11847262 0.00095900941 0.004100584
356 0.11664824 0.00096046913 0.0040008683
357 0.1148617 0.00096177049 0.0039010124
358 0.11311261 0.00096291335 0.0038011316
359 0.11140198 0.00096389176 0.0037011925
360 0.10972864 0.00096470857 0.0036012975
361 0.10809167 0.00096536404 0.0035013972
362 0.10649038 0.00096585562 0.0034015555
363 0.10492498 0.00096618418 0.0033018661
364 0.10339408 0.00096635156 0.0032022878
365 0.10189912 0.00096635701 0.0031028986
366 0.10043785 0.00096619986 0.0030037329
367 0.099010952 0.00096588278 0.0029048471
368 0.097618082 0.00096540182 0.0028062168
369 0.096258228 0.00096476583 0.0027079512
370 0.094931954 0.00096396528 0.0026100516
371 0.093637909 0.00096301174 0.0025125344
372 0.092376466 0.00096189452 0.0024154698
373 0.091146684 0.0009606237 0.002318845
374 0.08994852 0.0009591975 0.0022227289
375 0.08878099 0.00095761544 0.002127129
376 0.087644315 0.00095587807 0.0020320993
377 0.086538066 0.00095398704 0.0019376065
378 0.085461342 0.00095194065 0.0018437354
379 0.084414227 0.00094974014 0.0017505066
380 0.083396399 0.00094738746 0.0016579316
381 0.082407083 0.00094488479 0.0015660502
382 0.081446191 0.00094222489 0.0014748622
383 0.080513439 0.0009394201 0.0013844272
384 0.079607625 0.00093646647 0.0012947514
385 0.078728997 0.00093336725 0.0012058688
386 0.077877432 0.00093012688 0.0011177999
387 0.077052054 0.00092674537 0.0010305828
388 0.076252017 0.0009232277 0.0009442386
389 0.075477668 0.00091957275 0.00085878128
390 0.074728248 0.00091578424 0.00077424685
391 0.074003622 0.00091186345 0.00069063936
392 0.073302645 0.00090780912 0.00060800941
393 0.072625691 0.00090362683 0.00052634572
394 0.071971811 0.00089931592 0.00044568843
395 0.071340697 0.00089487537 0.00036604517
396 0.070732017 0.00089031382 0.00028744265
397 0.07014513 0.00088562685 0.00020989666
398 0.069580057 0.00088081945 0.00013342048
399 0.069035082 0.00087589055 5.8034938e-05
400 0.06850992 0.00087084913 -1.6244401e-05
401 0.068005378 0.00086569035 -8.9402799e-05
402 0.067520919 0.00086041832 -0.00016142487
403 0.06705624 0.00085503932 -0.00023229228
404 0.066610999 0.00084955183 -0.00030199599
405 0.066184591 0.0008439571 -0.00037051896
406 0.06577642 0.00083826354 -0.00043785029
407 0.065386497 0.00083246935 -0.00050396941
408 0.065014167 0.0008265742 -0.00056887018
409 0.064658603 0.00082058721 -0.00063253536
410 0.064320193 0.00081450808 -0.00069495735
411 0.063997518 0.00080833798 -0.00075612665
412 0.063691056 0.0008020815 -0.00081603061
413 0.063400158 0.00079574034 -0.00087467026
414 0.063124431 0.00078931778 -0.00093203651
415 0.062863049 0.00078281824 -0.000988126
416 0.062616457 0.00077624163 -0.0010429302
417 0.06238349 0.00076959291 -0.0010964246
418 0.062164438 0.00076287407 -0.0011486341
419 0.061958376 0.00075608664 -0.0011995288
420 0.061765504 0.000749232 -0.0012491215
421 0.061585202 0.00074231687 -0.0012973843
422 0.061416799 0.00073533829 -0.0013443257
423 0.061260665 0.00072829873 -0.0013899392
424 0.06111582 0.00072120374 -0.0014342297
425 0.060981962 0.0007140548 -0.0014771781
426 0.060859093 0.00070685554 -0.0015187952
427 0.060746127 0.00069961153 -0.0015591068
428 0.060643527 0.00069232671 -0.0015980813
429 0.060550042 0.00068500205 -0.0016357242
430 0.060465647 0.00067763989 -0.0016720764
431 0.060390184 0.00067024911 -0.0017070827
432 0.06032302 0.00066282769 -0.0017407929
433 0.060264367 0.00065537965 -0.0017732051
434 0.060213308 0.00064790954 -0.0018042903
435 0.060169961 0.00064041522 -0.001834085
436 0.060134019 0.00063290268 -0.0018625618
437 0.060105124 0.00062537293 -0.0018897589
438 0.060083052 0.00061783077 -0.0019156509
439 0.060069557 0.00061027593 -0.0019402394
440 0.060062168 0.00060271197 -0.0019635646
441 0.060060513 0.00059514353 -0.0019856045
442 0.060064015 0.00058757164 -0.0020063596
443 0.060072739 0.00058000108 -0.0020258608
444 0.060086018 0.00057243346 -0.0020441109
445 0.06010364 0.00056487048 -0.0020611083
446 0.060125118 0.00055731798 -0.0020768818
447 0.060150463 0.00054977666 -0.0020913915
448 0.060179616 0.00054225087 -0.0021046909
449 0.060212294 0.00053474314 -0.0021168187
450 0.060248039 0.00052725362 -0.0021277212
451 0.060286876 0.00051978861 -0.0021374728
452 0.060328719 0.00051234797 -0.0021460291
453 0.060373002 0.00050493641 -0.0021534457
454 0.060419531 0.00049755575 -0.0021596978
455 0.060467913 0.00049020799 -0.0021648186
456 0.060517784 0.00048289593 -0.0021688208
457 0.060569177 0.00047562042 -0.0021716704
458 0.060621458 0.00046838573 -0.002173415
459 0.060673986 0.00046119432 -0.0021740725
460 0.060727533 0.00045404725 -0.002173658
461 0.060781077 0.00044694685 -0.0021721403
462 0.0608352 0.00043989899 -0.0021696184
463 0.060889185 0.00043290492 -0.0021660524
464 0.060943539 0.00042596672 -0.0021614919
465 0.06099748 0.00041908805 -0.002155938
466 0.061051516 0.00041227022 -0.0021494214
467 0.061104918 0.00040551703 -0.0021419583
468 0.061157663 0.00039883001 -0.0021335506
469 0.061209604 0.00039221012 -0.0021242512
470 0.061260253 0.00038565879 -0.0021140056
471 0.061309322 0.00037917971 -0.0021028619
472 0.061356594 0.00037277633 -0.0020908569
473 0.061402096 0.00036644755 -0.002077981
474 0.061445665 0.00036019446 -0.0020642719
475 0.061486961 0.00035402263 -0.0020496961
476 0.061526138 0.00034793347 -0.002034333
477 0.061562774 0.00034192531 -0.0020181669
478 0.061596293 0.00033600411 -0.0020012592
479 0.061626351 0.00033017033 -0.0019835755
480 0.061653481 0.00032442699 -0.0019651764
481 0.061678392 0.00031877138 -0.0019460585
482 0.061700183 0.00031321049 -0.0019262307
483 0.06171916 0.00030774293 -0.0019057561
484 0.061734596 0.00030237163 -0.0018846071
485 0.061746549 0.00029709797 -0.0018628108
486 0.061755322 0.00029192161 -0.001840409
487 0.061760017 0.00028684489 -0.0018173989
488 0.06176105 0.00028187147 -0.0017938138
489 0.061758428 0.00027699827 -0.0017696556
490 0.061751881 0.00027223038 -0.0017449507
491 0.061741461 0.00026756818 -0.0017197413
492 0.061727109 0.00026301061 -0.001694027
493 0.061708986 0.00025855991 -0.0016678113
494 0.061686891 0.00025421893 -0.0016411632
495 0.061660686 0.00024998824 -0.0016140604
496 0.061630574 0.0002458665 -0.0015865341
497 0.061596014 0.00024185641 -0.0015586023
498 0.061557135 0.00023795819 -0.0015302966
499 0.061513953 0.0002341728 -0.001501617
500 0.061466065 0.00023050202 -0.0014725817
501 0.061413571 0.00022694509 -0.0014432317
502 0.061356448 0.000223504 -0.0014135876
503 0.061294573 0.00022017739 -0.0013836224
504 0.061228067 0.00021696957 -0.0013534174
505 0.061157096 0.0002138772 -0.0013229567
506 0.061081289 0.00021090244 -0.0012922558
507 0.061001021 0.00020804612 -0.0012613638
508 0.06091625 0.00020530851 -0.0012302939
509 0.060826694 0.00020268982 -0.0011990363
510 0.060732747 0.00020019017 -0.0011676477
511 0.060634054 0.00019780946 -0.0011361305
512 0.060530952 0.00019554766 -0.0011045013
513 0.060423185 0.0001934052 -0.0010727706
514 0.060310806 0.00019138229 -0.0010409726
515 0.060193888 0.00018947827 -0.0010091108
516 0.060072458 0.00018769358 -0.00097722737
517 0.059946452 0.00018602781 -0.00094531591
518 0.059815557 0.00018448094 -0.00091340041
519 0.059680088 0.00018305297 -0.00088150804
520 0.059539851 0.00018174323 -0.00084963763
521 0.059395043 0.00018055203 -0.00081781912
522 0.059245661 0.00017947875 -0.00078607553
523 0.059091445 0.00017852318 -0.00075439584
524 0.058932868 0.00017768437 -0.0007228296
525 0.058769642 0.00017696192 -0.00069137811
526 0.058602196 0.00017635512 -0.00066004211
527 0.058430316 0.00017586369 -0.0006288665
528 0.058254178 0.00017548643 -0.00059784373
529 0.058073807 0.00017522328 -0.00056700822
530 0.057889342 0.00017507286 -0.00053635333
531 0.057700619 0.00017503477 -0.00050591583
532 0.057508003 0.00017510781 -0.00047569176
533 0.057311295 0.00017529144 -0.00044571231
534 0.057110393 0.00017558441 -0.00041599105
535 0.056905743 0.00017598642 -0.00038653188
536 0.056697027 0.00017649628 -0.00035735687
537 0.056484491 0.0001771128 -0.00032848077
538 0.056268432 0.00017783511 -0.00029991096
539 0.056048725 0.00017866172 -0.00027167248
540 0.055824952 0.00017959164 -0.00024376064
541 0.055598309 0.00018062409 -0.00021619825
542 0.055367664 0.00018175758 -0.00018900075
543 0.055133729 0.00018299092 -0.00016216946
544 0.054896586 0.00018432299 -0.00013572455
545 0.054656218 0.00018575183 -0.00010966999
546 0.054412765 0.00018727688 -8.4021964e-05
547 0.054165931 0.000188896 -5.8786243e-05
548 0.053916201 0.00019060673 -3.3973976e-05
549 0.053663452 0.00019241112 -9.5953021e-06
550 0.053407777 0.00019430329 1.4339934e-05
551 0.053149433 0.00019628541 3.7823605e-05
552 0.052888165 0.00019835357 6.0843863e-05
553 0.052624379 0.00020050628 8.3391966e-05
554 0.052358253 0.00020274302 0.00010545878
555 0.052089572 0.000205061 0.00012703447
556 0.051818456 0.00020745941 0.00014811025
557 0.051545322 0.00020993571 0.00016867825
558 0.051270223 0.00021248908 0.00018872935
559 0.050993338 0.00021511713 0.00020825835
560 0.050714382 0.00021781904 0.00022725842
561 0.050433747 0.00022059083 0.00024572234
562 0.050151041 0.00022343357 0.00026364508
563 0.049866723 0.00022634302 0.00028101834
564 0.049580822 0.00022931848 0.00029783778
565 0.049293174 0.00023235784 0.00031409853
566 0.049004009 0.00023546066 0.00032979681
567 0.048713565 0.00023862154 0.00034492774
568 0.048421733 0.00024184106 0.000359486
569 0.048128559 0.00024511764 0.0003734694
570 0.047834158 0.00024844739 0.00038687387
571 0.047538648 0.00025182954 0.00039969532
572 0.047242218 0.00025526119 0.00041193008
573 0.046944868 0.00025874131 0.00042357882
574 0.046646644 0.00026226828 0.00043464159
575 0.046347873 0.00026583858 0.00044511473
576 0.046048413 0.00026945167 0.00045499856
577 0.045748566 0.00027310436 0.00046428947
578 0.045448361 0.00027679447 0.00047298829
579 0.045147812 0.0002805223 0.00048109237
580 0.044847128 0.00028428261 0.00048860686
581 0.04454639 0.00028807507 0.0004955224
582 0.044245673 0.000291897 0.00050184506
583 0.043944905 0.00029574649 0.00050757281
584 0.043644489 0.0002996229 0.00051270467
585 0.043344302 0.00030352098 0.00051724048
586 0.043044381 0.00030744138 0.00052117979
587 0.042744877 0.00031138143 0.00052452776
588 0.042446036 0.00031533859 0.00052728638
589 0.042147593 0.00031931046 0.00052945342
590 0.041849979 0.00032329597 0.000531036
591 0.041553132 0.00032729251 0.00053203138
592 0.041257118 0.00033129816 0.00053244567
593 0.040961989 0.00033531074 0.00053228099
594 0.040667779 0.00033932817 0.00053153811
595 0.040374718 0.00034334805 0.00053022212
596 0.040082835 0.00034736942 0.00052834098
597 0.039792103 0.00035138862 0.00052589113
598 0.039503001 0.0003554045 0.00052288195
599 0.039215662 0.00035941617 0.00051931327
600 0.038929674 0.00036341932 0.0005151908
601 0.038645332 0.00036741386 0.00051052465
602 0.038362367 0.00037139687 0.00050531852
603 0.038081236 0.00037536728 0.00049957334
604 0.037801695 0.00037932155 0.00049330216
605 0.03752385 0.00038325911 0.00048650566
606 0.037247972 0.00038717795 0.00047919078
607 0.03697385 0.00039107686 0.00047136654
608 0.036701773 0.00039495234 0.00046303331
609 0.036431831 0.00039880369 0.00045420522
610 0.036163725 0.00040262847 0.00044488618
611 0.035897998 0.00040642354 0.0004350801
612 0.035634356 0.00041018837 0.00042479583
613 0.035372848 0.00041392178 0.00041403892
614 0.035113889 0.0004176208 0.00040281943
615 0.034857046 0.00042128376 0.00039114571
616 0.034602874 0.00042490958 0.00037902868
617 0.034351096 0.00042849778 0.00036647424
618 0.034101864 0.00043204761 0.00035349419
619 0.033855218 0.00043555387 0.00034009697
620 0.033611189 0.0004390191 0.00032628966
621 0.033369997 0.00044244059 0.00031208271
622 0.033131491 0.0004458147 0.00029748448
623 0.032895679 0.00044914254 0.0002825043
624 0.032662733 0.00045242138 0.00026714974
625 0.032432649 0.00045565022 0.0002514294
626 0.032205526 0.00045882606 0.00023535303
627 0.03198119 0.00046194819 0.00021892769
628 0.031760013 0.00046501553 0.00020216346
629 0.031541681 0.00046802605 0.00018507042
630 0.031326427 0.00047098099 0.00016765941
631 0.031114186 0.0004738747 0.000149939
632 0.030905 0.00047670998 0.00013192126
633 0.030699003 0.00047948326 0.00011361058
634 0.030496109 0.00048219318 9.5021644e-05
635 0.030296346 0.00048484005 7.6164163e-05
636 0.030099833 0.00048742181 5.7047501e-05
637 0.029906539 0.0004899384 3.7681105e-05
638 0.029715936 0.00049238712 1.8078257e-05
639 0.029528133 0.00049476909 -1.7523092e-06
640 0.029343514 0.00049708125 -2.1802441e-05
641 0.029162232 0.00049932513 -4.2061009e-05
642 0.028984114 0.00050149613 -6.2517185e-05
643 0.028809445 0.00050359697 -8.3160989e-05
644 0.028637922 0.00050562508 -0.00010397703
645 0.02846978 0.00050757833 -0.00012495895
646 0.02830501 0.00050945685 -0.00014609491
647 0.028143478 0.0005112601 -0.00016737678
648 0.027985274 0.00051298565 -0.00018879086
649 0.027830344 0.0005146349 -0.000210329
650 0.027678896 0.00051620575 -0.00023197728
651 0.027530666 0.00051769998 -0.00025372767
652 0.02738574 0.00051911646 -0.00027556491
653 0.027244198 0.0005204555 -0.00029748343
654 0.027105996 0.00052171634 -0.00031947073
655 0.026971235 0.00052289745 -0.00034151814
656 0.026839634 0.00052400146 -0.00036360781
657 0.026711426 0.00052502568 -0.00038574186
658 0.026586527 0.00052597131 -0.00040790044
659 0.026464945 0.00052683588 -0.00043007649
660 0.026346638 0.00052762075 -0.00045226083
661 0.026231581 0.0005283248 -0.00047443211
662 0.02611984 0.00052894679 -0.00049659435
663 0.026011268 0.00052948881 -0.00051872937
664 0.025905982 0.00052994842 -0.0005408302
665 0.025803895 0.00053032708 -0.00056289198
666 0.025704929 0.00053062415 -0.00058489303
667 0.025609119 0.00053084097 -0.00060682811
668 0.025516575 0.00053097547 -0.00062868583
669 0.025427028 0.00053102863 -0.00065046508
670 0.025340684 0.00053100072 -0.00067214738
671 0.025257392 0.00053089241 -0.00069372515
672 0.025177141 0.00053070311 -0.00071519916
673 0.025099888 0.00053043319 -0.00073653893
674 0.02502562 0.00053008323 -0.0007577487
675 0.024954395 0.00052965301 -0.00077882553
676 0.024886089 0.00052914306 -0.00079974623
677 0.024820703 0.00052855386 -0.00082051382
678 0.024757836 0.0005278849 -0.00084111015
679 0.024697685 0.00052713592 -0.00086153142
680 0.024640347 0.00052630891 -0.00088176965
681 0.024585699 0.00052540182 -0.00090180756
682 0.024533733 0.0005244167 -0.0009216428
683 0.024484498 0.00052335214 -0.00094126459
684 0.024438003 0.00052221016 -0.00096066487
685 0.024394013 0.00052099219 -0.00097984015
686 0.024352591 0.00051969825 -0.00099877827
687 0.024313752 0.00051833079 -0.0010174706
688 0.024277419 0.00051688842 -0.0010359324
689 0.0242436 0.00051537416 -0.0010541292
690 0.024212183 0.00051378932 -0.0010720589
691 0.024183148 0.00051213329 -0.0010897246
692 0.024156442 0.00051040728 -0.001107112
693 0.024132083 0.00050861134 -0.0011242283
694 0.024109938 0.00050674805 -0.0011410553
695 0.024090081 0.00050481637 -0.0011575765
696 0.024072193 0.00050281654 -0.0011737886
697 0.024056599 0.00050075162 -0.0011897006
698 0.024042942 0.00049862087 -0.0012053016
699 0.024031391 0.00049642497 -0.0012205605
700 0.024021785 0.00049416644 -0.0012355034
701 0.024014051 0.00049184499 -0.0012501241
702 0.02400814 0.00048946199 -0.0012643996
703 0.024004069 0.00048701938 -0.0012783443
704 0.024001893 0.00048451728 -0.0012919269
705 0.024001244 0.00048195709 -0.0013051601
706 0.024002424 0.00047934031 -0.0013180327
707 0.02400515 0.00047666859 -0.0013305399
708 0.02400939 0.00047394156 -0.0013427053
709 0.024015242 0.00047116271 -0.0013544875
710 0.024022475 0.00046833193 -0.0013659072
711 0.024031125 0.00046545016 -0.0013769281
712 0.024041255 0.00046251917 -0.0013875947
713 0.024052577 0.00045953906 -0.0013978538
714 0.024065138 0.00045651217 -0.0014077268
715 0.024079014 0.00045343937 -0.0014172185
716 0.024093941 0.00045032092 -0.0014263213
717 0.024109903 0.00044715787 -0.0014350154
718 0.024126964 0.00044395132 -0.0014433209
719 0.02414492 0.00044070378 -0.0014512091
720 0.024163884 0.00043741561 -0.0014587022
721 0.024183678 0.00043408987 -0.0014657722
722 0.024204333 0.00043072694 -0.0014724616
723 0.024225834 0.00042732963 -0.001478734
724 0.024248075 0.00042389908 -0.0014846077
725 0.024271094 0.00042043677 -0.0014900788
726 0.024294748 0.0004169434 -0.0014951281
727 0.024319067 0.00041342119 -0.0014997773
728 0.024344023 0.00040987074 -0.0015040194
729 0.024369356 0.00040629431 -0.0015078462
730 0.024395281 0.00040269186 -0.0015112644
731 0.024421636 0.00039906532 -0.0015142926
732 0.024448303 0.00039541586 -0.0015168747
733 0.024475332 0.00039174573 -0.0015190669
734 0.02450267 0.00038805416 -0.001520841
735 0.024530111 0.00038434512 -0.0015222042
736 0.024557864 0.00038061899 -0.0015231639
737 0.024585598 0.00037687661 -0.001523705
738 0.024613498 0.00037312031 -0.0015238365
739 0.024641446 0.00036935129 -0.0015235675
740 0.024669324 0.00036557113 -0.0015228805
741 0.024697063 0.00036178108 -0.0015217828
742 0.024724711 0.00035798305 -0.0015203049
743 0.024752219 0.00035417804 -0.0015184073
744 0.024779463 0.00035036803 -0.0015161188
745 0.0248064 0.00034655441 -0.0015134199
746 0.024832982 0.00034273865 -0.0015103444
747 0.024859192 0.00033892189 -0.0015068607
748 0.024884992 0.00033510498 -0.0015029931
749 0.024910364 0.00033128979 -0.0014987518
750 0.024935212 0.00032747764 -0.0014941105
751 0.024959491 0.00032366922 -0.0014890889
752 0.024983119 0.00031986667 -0.0014836973
753 0.025006168 0.00031607027 -0.0014779373
754 0.025028563 0.00031228194 -0.0014717901
755 0.025050251 0.00030850336 -0.0014652821
756 0.025071191 0.00030473552 -0.0014584153
757 0.025091471 0.00030098135 -0.0014511894
758 0.025110635 0.00029723991 -0.0014436271
759 0.025128737 0.00029351444 -0.0014357058
760 0.025145957 0.000289806 -0.0014274476
761 0.025162395 0.00028611516 -0.0014188453
762 0.025177934 0.00028244388 -0.0014099143
763 0.025192588 0.00027879233 -0.0014006515
764 0.025206235 0.00027516155 -0.0013910474
765 0.025218818 0.00027155368 -0.0013811416
766 0.025230419 0.00026796948 -0.001370896
767 0.025240843 0.00026440862 -0.0013603422
768 0.025250226 0.00026087419 -0.001349465
769 0.025258302 0.00025736669 -0.0013382844
770 0.025265252 0.00025388767 -0.0013267957
771 0.025270936 0.00025043773 -0.0013150191
772 0.025275296 0.00024701934 -0.001302947
773 0.025278416 0.0002436328 -0.001290603
774 0.025280135 0.00024027931 -0.0012779775
775 0.025280485 0.0002369604 -0.0012650862
776 0.02527954 0.00023367703 -0.0012519347
777 0.025277278 0.00023042951 -0.0012385299
778 0.025273643 0.0002272192 -0.0012248789
779 0.025268715 0.0002240469 -0.0012109984
780 0.025262412 0.000220914 -0.0011968735
781 0.025254815 0.00021782018 -0.0011825308
782 0.025245756 0.00021476707 -0.0011679661
783 0.02523536 0.00021175534 -0.0011531809
784 0.025223508 0.00020878581 -0.0011381781
785 0.025210176 0.00020585829 -0.0011229674
786 0.025195234 0.00020297432 -0.0011075459
787 0.025178775 0.00020013423 -0.0010919228
788 0.025160746 0.000197339 -0.001076094
789 0.025140988 0.00019458965 -0.0010600807
790 0.025119687 0.00019188681 -0.0010438738
791 0.025096747 0.00018923214 -0.0010275038
792 0.025072214 0.00018662652 -0.0010109775
793 0.025045968 0.00018407118 -0.00099428999
794 0.025018124 0.00018156657 -0.00097746148
795 0.024988594 0.0001791141 -0.00096050414
796 0.024957464 0.00017671345 -0.00094341775
797 0.024924706 0.00017436518 -0.00092621345
798 0.024890836 0.00017206927 -0.0009089028
799 0.024855925 0.00016982598 -0.00089147214
800 0.024819364 0.00016763583 -0.00087392404
801 0.024781246 0.00016549804 -0.00085629365
802 0.024741536 0.00016341243 -0.00083855915
803 0.024700259 0.00016138132 -0.00082073188
804 0.024657332 0.00015940353 -0.00080282734
805 0.024612744 0.00015748142 -0.00078484705
806 0.024566393 0.00015561461 -0.00076679894
807 0.024518328 0.00015380393 -0.00074867789
808 0.024468543 0.00015205042 -0.00073050893
809 0.024416966 0.00015035414 -0.00071228596
810 0.024363637 0.00014871559 -0.00069401606
811 0.024308552 0.00014713479 -0.00067571891
812 0.024251873 0.00014561067 -0.00065739533
813 0.02419356 0.00014414388 -0.00063906097
814 0.024133687 0.0001427343 -0.0006207157
815 0.024072328 0.00014138131 -0.00060238101
816 0.024009501 0.00014008574 -0.00058404531
817 0.023945155 0.00013884723 -0.00056572678
818 0.023879289 0.00013766595 -0.00054742515
819 0.023811867 0.0001365415 -0.00052914561
820 0.023742839 0.00013547536 -0.00051088657
821 0.023672103 0.00013446647 -0.00049265624
822 0.023599715 0.00013351561 -0.00047445862
823 0.023525598 0.0001326224 -0.00045628827
824 0.023449872 0.00013178715 -0.00043816069
825 0.023372564 0.00013100938 -0.00042009072
826 0.023293721 0.00013028902 -0.00040207907
827 0.023213443 0.00012962508 -0.00038414136
828 0.023131684 0.00012901788 -0.00036628851
829 0.023048639 0.00012846695 -0.00034852573
830 0.022964297 0.00012797246 -0.000330866
831 0.022878671 0.00012753325 -0.00031330667
832 0.022791733 0.00012714966 -0.00029585719
833 0.022703371 0.00012682189 -0.00027851354
834 0.022613692 0.00012654949 -0.00026128182
835 0.022522598 0.00012633189 -0.00024416463
836 0.022430012 0.00012616948 -0.00022715786
837 0.022336008 0.00012606192 -0.00021027057
838 0.022239331 0.00012600847 -0.00019350649
839 0.02214119 0.0001260083 -0.00017687456
840 0.02204188 0.00012606105 -0.00016038233
841 0.021941345 0.00012616528 -0.00014403861
842 0.021839626 0.00012632124 -0.00012784744
843 0.021736776 0.00012652729 -0.00011181895
844 0.021632994 0.00012678266 -9.5957762e-05
845 0.021528041 0.00012708753 -8.0270408e-05
846 0.021422135 0.0001274417 -6.4759276e-05
847 0.021315109 0.00012784525 -4.9424907e-05
848 0.021207012 0.00012829731 -3.4274725e-05
849 0.021097817 0.00012879791 -1.9310329e-05
850 0.020987471 0.00012934702 -4.5350905e-06
851 0.02087613 0.00012994482 1.004771e-05
852 0.020763685 0.00013058902 2.4435839e-05
853 0.020650233 0.00013127936 3.8625352e-05
854 0.02053581 0.00013201393 5.261397e-05
855 0.020420565 0.00013279208 6.6400859e-05
856 0.020304417 0.00013361271 7.9981628e-05
857 0.020187544 0.00013447365 9.3354432e-05
858 0.020069949 0.0001353753 0.00010651568
859 0.019951656 0.00013631601 0.00011946102
860 0.019832647 0.00013729605 0.0001321846
861 0.019712993 0.00013831486 0.00014468102
862 0.019592688 0.00013937131 0.0001569449
863 0.019471762 0.00014046628 0.00016897099
864 0.019350225 0.00014159844 0.00018075368
865 0.019228084 0.00014276763 0.0001922886
866 0.01910543 0.00014397277 0.00020357541
867 0.018982159 0.00014521286 0.00021461606
868 0.018858338 0.00014648693 0.00022540826
869 0.018734037 0.00014779376 0.0002359567
870 0.018609201 0.00014913304 0.00024625912
871 0.018483859 0.00015050332 0.00025631577
872 0.018358127 0.0001519031 0.00026612957
873 0.018231921 0.0001533316 0.00027569621
874 0.018105367 0.00015478813 0.00028501438
875 0.017978471 0.00015627174 0.00029408032
876 0.017851294 0.00015778084 0.00030289161
877 0.017724423 0.00015931391 0.00031144591
878 0.017597929 0.00016087057 0.00031974181
879 0.017471315 0.00016244976 0.00032777504
880 0.017344541 0.00016405054 0.00033554448
881 0.017217605 0.00016567184 0.00034304927
882 0.01709061 0.00016731386 0.00035028532
883 0.016963504 0.00016897441 0.00035725364
884 0.016836315 0.00017065424 0.00036394985
885 0.016709095 0.00017235203 0.00037037225
886 0.016581793 0.00017406644 0.00037652129
887 0.016454474 0.0001757975 0.00038239612
888 0.016327242 0.00017754383 0.00038799884
889 0.016199964 0.00017930357 0.00039333506
890 0.016072788 0.00018107699 0.00039840026
891 0.015945711 0.00018286268 0.0004031993
892 0.015818738 0.00018465907 0.00040773423
893 0.015691917 0.00018646615 0.00041200397
894 0.015565348 0.00018828125 0.00041601493
895 0.015438864 0.00019010503 0.00041975872
896 0.01531269 0.00019193515 0.00042324478
897 0.01518675 0.00019377108 0.00042647157
898 0.015061098 0.00019561148 0.00042943845
899 0.014935786 0.00019745489 0.00043214655
900 0.014810815 0.0001993012 0.00043459759
901 0.014686175 0.00020114814 0.00043679252
902 0.014561979 0.00020299588 0.00043873095
903 0.014438232 0.00020484329 0.00044041466
904 0.014314907 0.0002066893 0.00044184672
905 0.014192084 0.00020853254 0.00044302641
906 0.014069762 0.00021037367 0.00044395295
907 0.013948012 0.00021220996 0.00044462899
908 0.013826797 0.00021404136 0.00044505666
909 0.013706173 0.00021586762 0.00044524008
910 0.013586134 0.00021768751 0.00044517834
911 0.013466711 0.00021949986 0.00044487388
912 0.013347975 0.00022130399 0.00044433108
913 0.013229909 0.00022309983 0.00044354887
914 0.013112515 0.0002248857 0.00044253116
915 0.012995791 0.00022666106 0.00044128039
916 0.012879831 0.00022842568 0.00043980286
917 0.012764222 0.0002301773 0.00043809292
918 0.012648964 0.0002319162 0.00043615953
919 0.012534501 0.00023364097 0.00043400162
920 0.012420835 0.00023535123 0.00043162289
921 0.012307897 0.00023704539 0.00042902666
922 0.012195801 0.0002387229 0.00042621513
923 0.01208458 0.00024038381 0.00042319423
924 0.011974137 0.00024202698 0.00041996373
925 0.011864607 0.00024365069 0.00041653119
926 0.011755949 0.00024525572 0.00041290086
927 0.011648198 0.00024684064 0.00040907105
928 0.011541393 0.00024840497 0.00040505202
929 0.011435557 0.00024994802 0.00040084378
930 0.011330638 0.00025146871 0.00039644955
931 0.011226674 0.00025296627 0.00039187256
932 0.011123744 0.00025444067 0.00038711419
933 0.011021779 0.00025589065 0.00038218294
934 0.010920831 0.00025731526 0.0003770753
935 0.010820901 0.00025871409 0.0003717975
936 0.010721965 0.00026008631 0.00036635316
937 0.010624091 0.00026143178 0.00036074385
938 0.010527244 0.00026274972 0.00035497763
939 0.010431491 0.00026403919 0.00034905333
940 0.010336758 0.00026529918 0.00034297759
941 0.01024315 0.00026653057 0.00033675251
942 0.010150601 0.00026773134 0.00033038209
943 0.010059162 0.00026890148 0.00032386876
944 0.0099688135 0.00027004108 0.00031721791
945 0.0098796152 0.00027114923 0.00031043639
946 0.0097914969 0.00027222553 0.00030352404
947 0.0097045477 0.00027326926 0.00029648527
948 0.0096187227 0.00027428059 0.00028932606
949 0.0095339958 0.00027525901 0.00028204802
950 0.0094504852 0.00027620378 0.00027465788
951 0.0093681123 0.00027711406 0.00026715642
952 0.0092868728 0.00027799057 0.00025954984
953 0.0092068086 0.00027883191 0.00025183955
954 0.0091278765 0.00027963827 0.00024403268
955 0.0090501445 0.00028040872 0.00023612897
956 0.0089735663 0.00028114313 0.00022813638
957 0.0088978689 0.00028184173 0.00022005574
958 0.0088230146 0.00028250406 0.00021189328
959 0.0087493399 0.00028312959 0.00020365412
960 0.0086768812 0.00028371955 0.00019534297
961 0.0086056019 0.00028427237 0.00018696374
962 0.0085355313 0.00028478873 0.00017852109
963 0.0084666732 0.0002852688 0.0001700201
964 0.0083989793 0.00028571155 0.000161464
965 0.0083324629 0.00028611789 0.00015285668
966 0.0082671227 0.00028648661 0.00014420254
967 0.0082030104 0.000286818 0.00013550496
968 0.0081400503 0.00028711193 0.00012676791
969 0.0080782977 0.00028736789 0.00011799503
970 0.0080177348 0.00028758556 0.00010918985
971 0.0079583154 0.00028776608 0.00010035672
972 0.0079000695 0.00028790836 9.1500013e-05
973 0.0078430112 0.00028801245 8.2622919e-05
974 0.0077871403 0.00028807941 7.3729691e-05
975 0.0077323812 0.00028810766 6.4825125e-05
976 0.0076787651 0.00028809875 5.5911857e-05
977 0.0076263323 0.00028805163 4.6995131e-05
978 0.0075750303 0.00028796723 3.8077077e-05
979 0.0075248589 0.00028784533 2.9162439e-05
980 0.0074758494 0.00028768582 2.0254506e-05
981 0.0074279375 0.00028748979 1.1356393e-05
982 0.0073811469 0.00028725598 2.4723555e-06
983 0.0073354234 0.00028698618 -6.394784e-06
984 0.007290853 0.00028667946 -1.524168e-05
985 0.0072473728 0.0002863358 -2.406407e-05
986 0.0072049501 0.00028595597 -3.2860296e-05
987 0.0071636544 0.00028553986 -4.1626639e-05
988 0.0071234213 0.00028508674 -5.0361275e-05
989 0.0070842463 0.0002845981 -5.9060093e-05
990 0.0070461084 0.00028407231 -6.7720976e-05
991 0.0070090202 0.00028351091 -7.6340795e-05
992 0.0069730142 0.00028291383 -8.491595e-05
993 0.0069379958 0.00028228048 -9.3442232e-05
994 0.0069040454 0.00028161266 -0.00010191699
995 0.0068710612 0.00028090941 -0.00011033714
996 0.0068390996 0.0002801723 -0.00011869784
997 0.0068084901 0.0002794003 -0.00012699657
998 0.0067792323 0.00027859425 -0.00013523169
999 0.0067509228 0.00027775489 -0.00014339587
1000 0.0067235974 0.00027688189 -0.00015148681
1001 0.0066971643 0.00027597563 -0.00015950162
1002 0.0066717031 0.00027503642 -0.00016743505
1003 0.0066471245 0.00027406399 -0.00017528684
1004 0.0066234667 0.00027305918 -0.00018304963
1005 0.0066006304 0.00027202146 -0.00019072147
1006 0.0065787041 0.00027095254 -0.0001982986
1007 0.0065575932 0.00026985332 -0.00020578519
1008 0.0065373355 0.00026872478 -0.00021317681
1009 0.0065179335 0.00026756797 -0.00022047092
1010 0.0064992815 0.00026638454 -0.00022766964
1011 0.0064814827 0.00026517515 -0.00023476862
1012 0.0064644232 0.00026394072 -0.0002417707
1013 0.0064481072 0.00026268089 -0.00024867204
1014 0.0064326345 0.00026139575 -0.0002554681
1015 0.0064178424 0.00026008509 -0.00026216041
1016 0.0064038337 0.00025874892 -0.00026874637
1017 0.0063906033 0.00025738628 -0.00027522521
1018 0.0063780532 0.00025599762 -0.0002815912
1019 0.0063662227 0.0002545827 -0.00028784548
1020 0.0063551172 0.00025314195 -0.00029398566
1021 0.0063446831 0.0002516774 -0.00030000601
1022 0.006334917 0.00025018944 -0.000305903
1023 0.0063257318 0.00024867929 -0.00031167747
1024 0.00631721 0.00024714785 -0.00031732245
1025 0.0063092203 0.00024559659 -0.00032283632
1026 0.0063018429 0.00024402643 -0.00032821392
1027 0.0062949866 0.00024243723 -0.00033345849
1028 0.0062886554 0.00024083023 -0.00033857173
1029 0.0062829297 0.00023920522 -0.00034355491
1030 0.0062776877 0.00023756294 -0.00034840713
1031 0.0062730006 0.00023590379 -0.00035313132
1032 0.0062687802 0.00023422811 -0.00035772849
1033 0.0062651236 0.0002325362 -0.00036220208
1034 0.0062619279 0.000230829 -0.00036654646
1035 0.0062592474 0.00022910737 -0.00037075862
1036 0.0062569827 0.00022737201 -0.00037483788
1037 0.0062548279 0.00022562369 -0.00037878105
1038 0.0062528639 0.00022386357 -0.00038258604
1039 0.0062512748 0.00022209206 -0.00038624852
1040 0.0062500186 0.00022030987 -0.00038976818
1041 0.0062491371 0.00021851763 -0.00039314255
1042 0.0062485832 0.00021671494 -0.00039637541
1043 0.0062483136 0.00021490221 -0.00039946515
1044 0.0062484147 0.00021307993 -0.00040241535
1045 0.0062488017 0.00021124737 -0.00040521877
1046 0.0062494778 0.00020940599 -0.00040788874
1047 0.0062504304 0.0002075548 -0.00041041673
1048 0.0062516757 0.00020569527 -0.00041280613
1049 0.0062531627 0.00020382902 -0.00041505169
1050 0.0062548878 0.00020195659 -0.0004171645
1051 0.0062568122 0.00020007964 -0.00041914214
1052 0.0062589408 0.00019819813 -0.00042097734
1053 0.0062612681 0.00019631468 -0.0004226751
1054 0.0062637954 0.00019442961 -0.00042423353
1055 0.0062664434 0.0001925435 -0.00042565982
1056 0.006269252 0.00019065654 -0.00042694767
1057 0.0062721782 0.00018876964 -0.00042809716
1058 0.0062752235 0.00018688316 -0.00042911736
1059 0.0062783532 0.00018499746 -0.00042999927
1060 0.0062816003 0.00018311353 -0.00043074216
1061 0.0062849307 0.00018123129 -0.00043135952
1062 0.0062883367 0.00017935152 -0.00043183335
1063 0.0062917989 0.0001774746 -0.00043218322
1064 0.0062953035 0.00017560125 -0.0004323989
1065 0.0062988052 0.00017373185 -0.00043248205
1066 0.0063023529 0.00017186691 -0.00043244525
1067 0.0063058722 0.00017000723 -0.00043227382
1068 0.0063094372 0.00016815316 -0.00043197433
1069 0.0063129318 0.00016630516 -0.00043155036
1070 0.0063164409 0.00016446432 -0.00043100095
1071 0.0063198816 0.0001626304 -0.000430328
1072 0.006323295 0.00016080475 -0.0004295342
1073 0.0063266033 0.00015898781 -0.00042861761
1074 0.0063298486 0.00015717985 -0.00042758287
1075 0.0063329995 0.00015538192 -0.00042643131
1076 0.0063360909 0.00015359439 -0.00042515853
1077 0.006339072 0.00015181736 -0.00042377182
1078 0.0063419851 0.00015005165 -0.00042227743
1079 0.0063447285 0.00014829803 -0.00042066549
1080 0.0063473834 0.00014655642 -0.00041894667
1081 0.0063498794 0.00014482801 -0.00041711657
1082 0.0063522008 0.00014311275 -0.00041517792
1083 0.0063543558 0.00014141123 -0.00041313449
1084 0.0063563576 0.00013972383 -0.00041098714
1085 0.0063581549 0.00013805119 -0.00040874052
1086 0.0063597586 0.00013639329 -0.0004063873
1087 0.0063611776 0.00013475072 -0.00040393939
1088 0.0063623565 0.00013312423 -0.00040139231
1089 0.006363309 0.00013151391 -0.00039874862
1090 0.00636404 0.00012992011 -0.00039601008
1091 0.0063645479 0.00012834335 -0.00039317796
1092 0.0063647947 0.00012678416 -0.0003902595
1093 0.0063647905 0.00012524302 -0.0003872537
1094 0.0063645329 0.00012372025 -0.00038415824
1095 0.0063640243 0.00012221632 -0.00038098514
1096 0.0063632215 0.00012073178 -0.00037772843
1097 0.0063621845 0.0001192668 -0.0003743903
1098 0.0063608549 0.00011782154 -0.00037097939
1099 0.0063592172 0.00011639675 -0.00036749091
1100 0.0063573435 0.00011499242 -0.00036393382
1101 0.0063551128 0.00011360841 -0.00036030104
1102 0.0063526101 0.00011224559 -0.00035660262
1103 0.0063497732 0.00011090407 -0.00035283185
1104 0.0063466671 0.00010958434 -0.00034899861
1105 0.0063432205 0.000108286 -0.00034510333
1106 0.0063394325 0.00010700968 -0.00034114929
1107 0.0063353583 0.0001057556 -0.00033713484
1108 0.0063309147 0.00010452411 -0.00033306652
1109 0.0063261817 0.00010331534 -0.00032894454
1110 0.0063210818 0.00010212952 -0.00032476952
1111 0.0063156669 0.00010096717 -0.00032054625
1112 0.0063098886 9.9827617e-05 -0.0003162749
1113 0.0063038027 9.8711816e-05 -0.00031195962
1114 0.0062973567 9.762003e-05 -0.00030760246
1115 0.0062905724 9.6551588e-05 -0.00030320307
1116 0.006283431 9.5507651e-05 -0.00029876667
1117 0.0062760391 9.4487428e-05 -0.0002942958
1118 0.0062683809 9.3491744e-05 -0.00028978972
1119 0.0062603502 9.252046e-05 -0.00028525285
1120 0.0062519514 9.157331e-05 -0.00028068692
1121 0.0062432127 9.0651129e-05 -0.00027609163
1122 0.0062341146 8.9753343e-05 -0.00027147284
1123 0.0062246457 8.8880214e-05 -0.00026682907
1124 0.0062148489 8.8032166e-05 -0.00026216702
1125 0.0062046634 8.7208863e-05 -0.00025748235
1126 0.00619408 8.6410351e-05 -0.00025278415
1127 0.0061831802 8.5636893e-05 -0.00024807053
1128 0.0061719275 8.4888604e-05 -0.00024334412
1129 0.0061602957 8.4165532e-05 -0.00023860867
1130 0.0061483392 8.3467195e-05 -0.00023386915
1131 0.0061360159 8.2794032e-05 -0.00022911993
1132 0.0061233409 8.2146172e-05 -0.00022436976
1133 0.0061103367 8.1523307e-05 -0.00021961727
1134 0.0060969428 8.0925595e-05 -0.00021486726
1135 0.0060832245 8.0352547e-05 -0.00021011907
1136 0.0060691671 7.9804607e-05 -0.00020537485
1137 0.0060547495 7.9281463e-05 -0.00020063947
1138 0.0060399997 7.8783063e-05 -0.00019591078
1139 0.0060249259 7.8309086e-05 -0.00019119166
1140 0.0060094524 7.7860066e-05 -0.00018648733
1141 0.005993687 7.7435146e-05 -0.00018179641
1142 0.0059775722 7.7034691e-05 -0.00017711939
1143 0.0059611329 7.6658527e-05 -0.00017246269
1144 0.0059443424 7.6306579e-05 -0.00016782768
1145 0.0059272404 7.5978656e-05 -0.00016321247
1146 0.0059098213 7.5674543e-05 -0.00015862106
1147 0.0058920907 7.5394303e-05 -0.00015405613
1148 0.005874019 7.5137583e-05 -0.00014951856
1149 0.0058556343 7.4903985e-05 -0.00014500948
1150 0.0058369442 7.4693427e-05 -0.00014052938
1151 0.0058179506 7.4506126e-05 -0.00013608394
1152 0.0057986535 7.4341456e-05 -0.00013167314
1153 0.0057790848 7.4199475e-05 -0.00012729682
1154 0.0057591848 7.4079964e-05 -0.00012295588
1155 0.0057390196 7.3982182e-05 -0.00011865551
1156 0.0057185574 7.3906695e-05 -0.0001143958
1157 0.0056976984 7.3852749e-05 -0.00011017791
1158 0.0056764425 7.3820376e-05 -0.0001060031
1159 0.0056549327 7.3808893e-05 -0.00010187476
1160 0.0056331612 7.3818706e-05 -9.7792681e-05
1161 0.005611137 7.3849062e-05 -9.3757613e-05
1162 0.0055888942 7.3899779e-05 -8.9771154e-05
1163 0.0055663963 7.3970649e-05 -8.5835759e-05
1164 0.005543675 7.4061621e-05 -8.1952336e-05
1165 0.005520734 7.4171802e-05 -7.8121827e-05
1166 0.0054975477 7.4301686e-05 -7.4345368e-05
1167 0.0054741433 7.4450249e-05 -7.0624924e-05
1168 0.0054505177 7.4617587e-05 -6.696087e-05
1169 0.0054267141 7.4803495e-05 -6.3353323e-05
1170 0.0054026996 7.5006951e-05 -5.9805585e-05
1171 0.0053784943 7.5228611e-05 -5.6317845e-05
1172 0.0053541161 7.5467634e-05 -5.2890691e-05
1173 0.005329557 7.5723568e-05 -4.952547e-05
1174 0.0053048218 7.5996547e-05 -4.6223389e-05
1175 0.0052798986 7.6285889e-05 -4.2985564e-05
1176 0.0052548386 7.6591112e-05 -3.9812677e-05
1177 0.0052296357 7.6911943e-05 -3.6704328e-05
1178 0.0052042412 7.7248571e-05 -3.3662347e-05
1179 0.0051787422 7.7600079e-05 -3.0688403e-05
1180 0.0051531029 7.7966108e-05 -2.7782298e-05
1181 0.0051273154 7.8346356e-05 -2.494486e-05
1182 0.0051014127 7.8740787e-05 -2.2176701e-05
1183 0.0050754058 7.9148599e-05 -1.9479799e-05
1184 0.0050492796 7.9569761e-05 -1.6851929e-05
1185 0.0050230517 8.0003288e-05 -1.4295427e-05
1186 0.0049967 8.0449534e-05 -1.1812072e-05
1187 0.0049702719 8.0907726e-05 -9.4007035e-06
1188 0.0049437672 8.1377517e-05 -7.0629893e-06
1189 0.0049171808 8.1858531e-05 -4.799104e-06
1190 0.0048904834 8.2350611e-05 -2.6091326e-06
1191 0.0048637562 8.2852791e-05 -4.9188083e-07
1192 0.004836964 8.3365242e-05 1.5500964e-06
1193 0.0048101202 8.3887671e-05 3.5159899e-06
1194 0.0047832575 8.441896e-05 5.4075077e-06
1195 0.0047563408 8.4959081e-05 7.2238706e-06
1196 0.004729377 8.5507856e-05 8.9645911e-06
1197 0.0047025871 8.6064991e-05 1.063e-05
1198 0.004675987 8.6629437e-05 1.2219372e-05
1199 0.0046493993 8.7201396e-05 1.3732682e-05
1200 0.0046227683 8.7780095e-05 1.5170271e-05
1201 0.0045961556 8.8365515e-05 1.6530482e-05
1202 0.0045695443 8.8957081e-05 1.7815169e-05
1203 0.0045429434 8.9553976e-05 1.9024081e-05
1204 0.0045163721 9.0156742e-05 2.0157517e-05
1205 0.0044898165 9.0764043e-05 2.1214261e-05
1206 0.0044632938 9.1376293e-05 2.2195271e-05
1207 0.0044368052 9.1992253e-05 2.3103199e-05
1208 0.0044103742 9.2612518e-05 2.3934433e-05
1209 0.0043840225 9.3235809e-05 2.4689954e-05
1210 0.0043576982 9.3862432e-05 2.5371425e-05
1211 0.0043314362 9.4491478e-05 2.5978776e-05
1212 0.0043052579 9.5122826e-05 2.6513293e-05
1213 0.0042791459 9.5756136e-05 2.6973487e-05
1214 0.0042531212 9.6391297e-05 2.7360553e-05
1215 0.0042272182 9.7027393e-05 2.7676395e-05
1216 0.0042013755 9.7664289e-05 2.7917843e-05
1217 0.0041756343 9.830154e-05 2.8089476e-05
1218 0.0041500213 9.893899e-05 2.8188295e-05
1219 0.0041245092 9.9575812e-05 2.8216343e-05
1220 0.004099104 0.00010021206 2.817499e-05
1221 0.0040738526 0.00010084692 2.8063016e-05
1222 0.0040486826 0.0001014806 2.7881983e-05
1223 0.0040236761 0.0001021122 2.7631477e-05
1224 0.0039987843 0.00010274173 2.7313944e-05
1225 0.0039740626 0.00010336865 2.6929784e-05
1226 0.0039494608 0.00010399278 2.6478234e-05
1227 0.00392504 0.00010461369 2.5962402e-05
1228 0.0039007693 0.00010523118 2.5381365e-05
1229 0.0038766922 0.00010584499 2.4736705e-05
1230 0.0038527698 0.00010645469 2.4029987e-05
1231 0.0038290007 0.00010705984 2.325973e-05
1232 0.0038054234 0.00010766046 2.2428782e-05
1233 0.0037820638 0.00010825539 2.1537646e-05
1234 0.0037588429 0.00010884511 2.0586168e-05
1235 0.0037358397 0.00010942895 1.9576226e-05
1236 0.0037130188 0.00011000699 1.8508087e-05
1237 0.0036902727 0.00011057801 1.7382351e-05
1238 0.00366774 0.00011114278 1.6200559e-05
1239 0.0036453954 0.00011170004 1.4963324e-05
1240 0.0036232603 0.00011224997 1.3672039e-05
1241 0.003601357 0.00011279261 1.232808e-05
1242 0.0035796747 0.00011332723 1.0931424e-05
1243 0.0035581889 0.00011385352 9.4823555e-06
1244 0.0035369266 0.00011437167 7.9849221e-06
1245 0.0035158861 0.00011488049 6.4365706e-06
1246 0.0034950946 0.00011538066 4.8423081e-06
1247 0.0034745218 0.00011587142 3.1994666e-06
1248 0.0034541919 0.00011635279 1.510597e-06
1249 0.0034340765 0.0001168239 -2.239169e-07
1250 0.0034142354 0.00011728498 -2.0016459e-06
1251 0.0033946006 0.00011773596 -3.8216134e-06
1252 0.0033752057 0.00011817628 -5.6840168e-06
1253 0.0033560755 0.00011860596 -7.5853869e-06
1254 0.0033371807 0.00011902509 -9.5271665e-06
1255 0.0033185449 0.00011943308 -1.1505894e-05
1256 0.0033001719 0.00011982992 -1.3520003e-05
1257 0.0032820545 0.00012021527 -1.5570588e-05
1258 0.0032641964 0.00012058974 -1.7654627e-05
1259 0.0032465616 0.00012095183 -1.9770357e-05
1260 0.0032292391 0.00012130275 -2.1918893e-05
1261 0.0032121373 0.00012164138 -2.4096172e-05
1262 0.0031953125 0.00012196779 -2.6303641e-05
1263 0.0031787649 0.00012228189 -2.8538918e-05
1264 0.0031624634 0.00012258385 -3.0798699e-05
1265 0.0031464343 0.00012287279 -3.3086216e-05
1266 0.003130647 0.00012314913 -3.5397035e-05
1267 0.0031151587 0.00012341248 -3.772946e-05
1268 0.0030999361 0.00012366323 -4.0083615e-05
1269 0.0030849816 0.00012390065 -4.2459321e-05
1270 0.0030702879 0.00012412523 -4.4852603e-05
1271 0.0030558588 0.00012433631 -4.7263965e-05
1272 0.0030417184 0.00012453414 -4.9690617e-05
1273 0.0030278405 0.00012471854 -5.213298e-05
1274 0.0030142135 0.00012488929 -5.4590253e-05
1275 0.0030008678 0.00012504679 -5.7059749e-05
1276 0.0029876981 0.00012519055 -5.9539874e-05
1277 0.0029747036 0.00012532071 -6.2029788e-05
1278 0.0029619799 0.00012543723 -6.4528683e-05
1279 0.0029495197 0.00012553948 -6.703656e-05
1280 0.0029373278 0.00012562849 -6.9548166e-05
1281 0.0029254045 0.00012570298 -7.206707e-05
1282 0.0029137453 0.00012576373 -7.4589974e-05
1283 0.0029023507 0.00012581045 -7.7115453e-05
1284 0.0028912169 0.00012584274 -7.9642006e-05
1285 0.002880347 0.00012586104 -8.2169889e-05
1286 0.0028697366 0.00012586495 -8.4696343e-05
1287 0.0028593887 0.0001258551 -8.7221724e-05
1288 0.0028492984 0.00012583079 -8.9742346e-05
1289 0.0028394599 0.00012579264 -9.2259695e-05
1290 0.0028298836 0.00012574037 -9.4771003e-05
1291 0.0028205587 0.0001256742 -9.7276031e-05
1292 0.0028114873 0.00012559419 -9.9773721e-05
1293 0.0028026662 0.00012550054 -0.00010226105
1294 0.0027940958 0.00012539279 -0.00010473843
1295 0.0027857698 0.00012527134 -0.0001072055
1296 0.0027776891 0.00012513614 -0.00010965978
1297 0.0027698506 0.00012498687 -0.00011210208
1298 0.0027622535 0.00012482431 -0.0001145287
1299 0.0027548928 0.00012464763 -0.00011694042
1300 0.0027477666 0.00012445765 -0.00011933595
1301 0.0027408731 0.00012425363 -0.00012171405
1302 0.0027342091 0.00012403666 -0.00012407347
1303 0.0027277718 0.00012380634 -0.00012641345
1304 0.0027215567 0.00012356253 -0.00012873448
1305 0.00271557 0.0001233061 -0.00013103347
1306 0.002709799 0.00012303667 -0.00013330909
1307 0.0027042443 0.00012275414 -0.00013556186
1308 0.0026989036 0.00012245907 -0.00013779219
1309 0.0026937748 0.00012215124 -0.00013999579
1310 0.0026888494 0.00012183092 -0.00014217456
1311 0.0026841299 0.0001214982 -0.0001443257
1312 0.0026796119 0.00012115308 -0.00014645021
1313 0.0026752896 0.00012079564 -0.00014854337
1314 0.0026711641 0.00012042621 -0.00015061102
1315 0.0026672268 0.00012004498 -0.00015264455
1316 0.0026634134 0.00011965208 -0.0001546501
1317 0.002659721 0.00011924794 -0.0001566236
1318 0.0026562095 0.00011883222 -0.00015856411
1319 0.0026528769 0.00011840592 -0.00016047101
1320 0.0026497169 0.00011796862 -0.0001623443
1321 0.0026467302 0.0001175207 -0.00016418226
1322 0.0026439137 0.00011706245 -0.00016598645
1323 0.0026412581 0.00011659378 -0.00016775455
1324 0.0026387625 0.0001161153 -0.00016948626
1325 0.0026364244 0.00011562653 -0.00017117999
1326 0.0026342382 0.00011512801 -0.00017283532
1327 0.0026322039 0.0001146199 -0.00017445392
1328 0.0026303121 0.00011410218 -0.0001760328
1329 0.0026285609 0.00011357527 -0.0001775721
1330 0.0026269467 0.00011303943 -0.00017907054
1331 0.0026254685 0.00011249472 -0.0001805303
1332 0.0026241146 0.00011194119 -0.00018194818
1333 0.0026228892 0.00011137936 -0.00018332623
1334 0.0026217867 0.00011080936 -0.00018465951
1335 0.0026207961 0.00011023137 -0.00018595266
1336 0.0026199252 0.00010964566 -0.00018720172
1337 0.002619162 0.00010905216 -0.00018840839
1338 0.002618506 0.00010845167 -0.00018957131
1339 0.0026179513 0.00010784368 -0.00019069048
1340 0.0026174909 0.00010722918 -0.00019176609
1341 0.0026171286 0.00010660745 -0.00019279698
1342 0.0026168529 0.00010597967 -0.00019378325
1343 0.0026166622 0.00010534532 -0.00019472441
1344 0.0026165514 0.00010470507 -0.00019562135
1345 0.0026165221 0.00010405877 -0.00019647093
1346 0.0026165624 0.0001034068 -0.00019727509
1347 0.0026166716 0.00010274927 -0.00019803261
1348 0.0026168443 0.00010208647 -0.0001987447
1349 0.0026170809 0.00010141861 -0.00019941014
1350 0.0026173735 0.00010074632 -0.00020002928
1351 0.0026177179 0.00010006933 -0.00020060224
1352 0.0026181107 9.938813e-05 -0.0002011285
1353 0.0026185565 9.8702911e-05 -0.00020160686
1354 0.0026190247 9.8014385e-05 -0.00020204225
1355 0.0026195537 9.7322149e-05 -0.00020242903
1356 0.0026201765 9.6627003e-05 -0.00020277003
1357 0.0026209015 9.5929079e-05 -0.00020306588
1358 0.0026216587 9.522816e-05 -0.00020331487
1359 0.0026224291 9.4524875e-05 -0.00020351765
1360 0.0026232054 9.3819549e-05 -0.00020367587
1361 0.0026239953 9.3112145e-05 -0.00020378559
1362 0.002624821 9.2402786e-05 -0.00020385085
1363 0.002625634 9.1692089e-05 -0.00020387097
1364 0.0026264618 9.0979809e-05 -0.00020384427
1365 0.0026273041 9.0266624e-05 -0.00020377293
1366 0.0026281087 8.9552533e-05 -0.0002036564
1367 0.0026289298 8.8837911e-05 -0.00020349599
1368 0.0026297427 8.8122589e-05 -0.00020328874
1369 0.0026305219 8.7407601e-05 -0.00020303886
1370 0.0026313219 8.6692511e-05 -0.00020274323
1371 0.0026320652 8.5977602e-05 -0.00020240483
1372 0.0026328014 8.5263657e-05 -0.00020202242
1373 0.0026335094 8.4550178e-05 -0.00020159676
1374 0.0026341921 8.3837894e-05 -0.00020112886
1375 0.0026348189 8.3126825e-05 -0.00020061813
1376 0.0026354219 8.2417434e-05 -0.00020006505
1377 0.0026360003 8.1709512e-05 -0.00019947024
1378 0.0026365258 8.1003616e-05 -0.00019883341
1379 0.0026370066 8.0299678e-05 -0.00019815628
1380 0.0026374159 7.959837e-05 -0.00019743832
1381 0.0026378017 7.8899146e-05 -0.00019667866
1382 0.0026381196 7.8202607e-05 -0.00019588109
1383 0.0026383683 7.7509111e-05 -0.00019504134
1384 0.0026385493 7.6818302e-05 -0.00019416364
1385 0.0026386871 7.6131077e-05 -0.00019324621
1386 0.0026387607 7.544732e-05 -0.00019229106
1387 0.0026387462 7.4767304e-05 -0.00019129866
1388 0.0026386659 7.4091277e-05 -0.000190269
1389 0.0026385003 7.3419326e-05 -0.00018920528
1390 0.0026382733 7.2751801e-05 -0.00018810335
1391 0.0026379615 7.2088762e-05 -0.00018696704
1392 0.0026375654 7.1430613e-05 -0.00018579722
1393 0.0026371104 7.0777357e-05 -0.00018459319
1394 0.0026365521 7.0128978e-05 -0.00018335369
1395 0.002635889 6.9485934e-05 -0.00018208317
1396 0.002635203 6.8848051e-05 -0.00018077839
1397 0.0026344988 6.8215848e-05 -0.00017944382
1398 0.0026336704 6.7589336e-05 -0.00017807611
1399 0.0026327644 6.696857e-05 -0.0001766784
1400 0.0026317364 6.6353925e-05 -0.00017525066
1401 0.0026306333 6.5745389e-05 -0.00017379383
1402 0.0026294074 6.51432e-05 -0.00017230772
1403 0.0026280894 6.4547262e-05 -0.00017079459
1404 0.0026266741 6.3957933e-05 -0.00016925365
1405 0.0026251403 6.3375495e-05 -0.00016768606
1406 0.0026234911 6.280003e-05 -0.0001660931
1407 0.0026217276 6.2231173e-05 -0.00016447531
1408 0.0026198717 6.1669797e-05 -0.00016283138
1409 0.0026178799 6.1115292e-05 -0.00016116492
1410 0.0026157977 6.0568188e-05 -0.00015947433
1411 0.0026135806 6.0028539e-05 -0.00015776213
1412 0.0026112547 5.9496459e-05 -0.00015602834
1413 0.0026087938 5.8972182e-05 -0.0001542725
1414 0.0026062268 5.8455725e-05 -0.00015249651
1415 0.0026035281 5.7946988e-05 -0.00015070189
1416 0.0026007251 5.7446301e-05 -0.00014888802
1417 0.0025977904 5.6953784e-05 -0.00014705758
1418 0.0025947523 5.6469518e-05 -0.00014520987
1419 0.0025915876 5.5993626e-05 -0.00014334587
1420 0.0025882979 5.5526193e-05 -0.00014146644
1421 0.0025848796 5.5067115e-05 -0.00013957114
1422 0.0025813392 5.4616643e-05 -0.00013766325
1423 0.0025777009 5.417461e-05 -0.00013574163
1424 0.0025739155 5.3741636e-05 -0.00013380791
1425 0.0025700066 5.3317204e-05 -0.00013186173
1426 0.0025659811 5.2901734e-05 -0.00012990563
1427 0.0025618113 5.2494955e-05 -0.00012793767
1428 0.0025575203 5.2097215e-05 -0.00012596159
1429 0.0025531127 5.1708337e-05 -0.00012397637
1430 0.0025485908 5.1328505e-05 -0.00012198252
1431 0.0025439271 5.095785e-05 -0.00011998198
1432 0.0025391451 5.0596382e-05 -0.00011797417
1433 0.0025342298 5.0243977e-05 -0.00011596098
1434 0.0025291979 4.9900591e-05 -0.00011394202
1435 0.0025240317 4.9566617e-05 -0.00011192032
1436 0.0025186312 4.924175e-05 -0.00010989341
1437 0.0025129745 4.8926007e-05 -0.00010786469
1438 0.0025071858 4.8619715e-05 -0.00010583297
1439 0.0025012882 4.8322777e-05 -0.00010379986
1440 0.0024952769 4.8035099e-05 -0.00010176709
1441 0.0024891375 4.7756569e-05 -9.9733706e-05
1442 0.0024828658 4.7487348e-05 -9.770047e-05
1443 0.002476467 4.7227337e-05 -9.5669256e-05
1444 0.0024699583 4.6976555e-05 -9.3640264e-05
1445 0.0024633237 4.6735155e-05 -9.1612889e-05
1446 0.0024565567 4.6502987e-05 -8.9589338e-05
1447 0.0024496857 4.6280038e-05 -8.7570406e-05
1448 0.0024426891 4.606619e-05 -8.5555491e-05
1449 0.0024355656 4.5861685e-05 -8.3546118e-05
1450 0.0024283369 4.5666198e-05 -8.1543367e-05
1451 0.0024210085 4.5479884e-05 -7.954763e-05
1452 0.00241355 4.5302678e-05 -7.7558333e-05
1453 0.0024059708 4.5134444e-05 -7.5578497e-05
1454 0.0023982867 4.4975293e-05 -7.3607875e-05
1455 0.0023905022 4.4825047e-05 -7.1645294e-05
1456 0.0023826161 4.4683687e-05 -6.9694025e-05
1457 0.0023746266 4.4551382e-05 -6.7753275e-05
1458 0.0023665149 4.4427539e-05 -6.582373e-05
1459 0.0023583052 4.4312458e-05 -6.3905833e-05
1460 0.0023499979 4.4206302e-05 -6.2000465e-05
1461 0.002341581 4.4108479e-05 -6.0108215e-05
1462 0.0023330741 4.4019215e-05 -5.8229725e-05
1463 0.0023244617 4.3938467e-05 -5.6365173e-05
1464 0.0023157538 4.3865983e-05 -5.4515088e-05
1465 0.0023069459 4.3801915e-05 -5.2680278e-05
1466 0.0022980642 4.374607e-05 -5.0861295e-05
1467 0.0022890726 4.3698254e-05 -4.9058595e-05
1468 0.002280014 4.3658686e-05 -4.727258e-05
1469 0.0022708605 4.3626845e-05 -4.550473e-05
1470 0.0022616081 4.3603178e-05 -4.375381e-05
1471 0.0022522909 4.3587044e-05 -4.2021641e-05
1472 0.0022428782 4.357885e-05 -4.0307874e-05
1473 0.0022333747 4.357793e-05 -3.8614157e-05
1474 0.0022238112 4.3584893e-05 -3.6939367e-05
1475 0.0022141485 4.3598993e-05 -3.5285485e-05
1476 0.0022045304 4.3620665e-05 -3.3651343e-05
1477 0.0021949337 4.3649289e-05 -3.2038477e-05
1478 0.0021852594 4.3684938e-05 -3.0447307e-05
1479 0.002175533 4.3727824e-05 -2.8878218e-05
1480 0.0021657267 4.3777351e-05 -2.73304e-05
1481 0.002155867 4.3833922e-05 -2.5805935e-05
1482 0.0021459274 4.3897005e-05 -2.4304457e-05
1483 0.0021359324 4.3966589e-05 -2.2826052e-05
1484 0.0021259057 4.4042573e-05 -2.1371287e-05
1485 0.0021157992 4.4124918e-05 -1.9941301e-05
1486 0.0021056595 4.4213307e-05 -1.8534684e-05
1487 0.0020954416 4.4307744e-05 -1.7153262e-05
1488 0.0020851867 4.4408233e-05 -1.5796848e-05
1489 0.0020748976 4.4514369e-05 -1.4465112e-05
1490 0.0020645394 4.462628e-05 -1.3159388e-05
1491 0.0020541471 4.4743541e-05 -1.1879064e-05
1492 0.0020437119 4.4866297e-05 -1.0625208e-05
1493 0.0020332394 4.4994253e-05 -9.3973193e-06
1494 0.0020227276 4.5127259e-05 -8.1961757e-06
1495 0.0020121797 4.5265299e-05 -7.0215579e-06
1496 0.0020015981 4.5408294e-05 -5.8745098e-06
1497 0.0019909892 4.555578e-05 -4.7541076e-06
1498 0.0019803494 4.5707913e-05 -3.6612655e-06
1499 0.0019696821 4.5864511e-05 -2.59556e-06
1500 0.0019589916 4.6025297e-05 -1.5575661e-06
1501 0.0019482777 4.6190206e-05 -5.4819138e-07
1502 0.0019375461 4.6359104e-05 4.3445641e-07
1503 0.0019267959 4.6531882e-05 1.3882264e-06
1504 0.0019160307 4.6708146e-05 2.3140484e-06
1505 0.0019052527 4.6888278e-05 3.2115772e-06
1506 0.0018944624 4.7071556e-05 4.0808076e-06
1507 0.0018836604 4.7258143e-05 4.9217778e-06
1508 0.0018728518 4.7447987e-05 5.7339054e-06
1509 0.0018620362 4.7640605e-05 6.5178374e-06
1510 0.0018512182 4.7836039e-05 7.2727769e-06
1511 0.0018403946 4.8034056e-05 7.999401e-06
1512 0.0018295785 4.8234765e-05 8.697497e-06
1513 0.0018187634 4.8437773e-05 9.3675975e-06
1514 0.001807958 4.8642861e-05 1.0008273e-05
1515 0.0017971625 4.8850378e-05 1.0621424e-05
1516 0.0017863635 4.9059706e-05 1.1205997e-05
1517 0.0017755629 4.9270833e-05 1.176174e-05
1518 0.0017647807 4.9483558e-05 1.2290104e-05
1519 0.001754016 4.9697931e-05 1.2790036e-05
1520 0.0017432709 4.9913496e-05 1.3261841e-05
1521 0.0017325476 5.013034e-05 1.3705635e-05
1522 0.001721849 5.0348609e-05 1.412153e-05
1523 0.0017111731 5.0567554e-05 1.4509703e-05
1524 0.001700526 5.0787241e-05 1.4870393e-05
1525 0.0016899078 5.1007598e-05 1.5202698e-05
1526 0.0016793223 5.1228601e-05 1.5508116e-05
1527 0.0016687692 5.1449987e-05 1.5786369e-05
1528 0.0016582505 5.1671568e-05 1.6037243e-05
1529 0.0016477704 5.1893342e-05 1.6261417e-05
1530 0.0016373296 5.2115077e-05 1.6458746e-05
1531 0.0016269297 5.233668e-05 1.6628934e-05
1532 0.0016165692 5.2558139e-05 1.6773192e-05
1533 0.0016062546 5.2778897e-05 1.6890875e-05
1534 0.0015959867 5.2999257e-05 1.6982607e-05
1535 0.0015857635 5.3219097e-05 1.7048744e-05
1536 0.0015755909 5.3437852e-05 1.7088741e-05
1537 0.0015654636 5.3655561e-05 1.71032e-05
1538 0.0015553928 5.3872495e-05 1.7092293e-05
1539 0.0015453729 5.4087904e-05 1.7056548e-05
1540 0.0015354094 5.4302218e-05 1.699636e-05
1541 0.0015255 5.4514931e-05 1.6911255e-05
1542 0.0015156528 5.4726301e-05 1.6801885e-05
1543 0.0015058641 5.4935786e-05 1.666937e-05
1544 0.0014961395 5.5143634e-05 1.6512734e-05
1545 0.0014864741 5.5349432e-05 1.6333269e-05
1546 0.0014768758 5.5553175e-05 1.6130527e-05
1547 0.0014673438 5.5754841e-05 1.5905065e-05
1548 0.0014578769 5.5954321e-05 1.5657261e-05
1549 0.0014484803 5.6151308e-05 1.5386848e-05
1550 0.0014391517 5.6345806e-05 1.509533e-05
1551 0.001429894 5.6537679e-05 1.4781933e-05
1552 0.0014207072 5.6726764e-05 1.4447517e-05
1553 0.0014115958 5.691307e-05 1.4092456e-05
1554 0.0014025551 5.7096719e-05 1.3716493e-05
1555 0.0013935902 5.7276957e-05 1.3320672e-05
1556 0.0013846742 5.7454197e-05 1.2905392e-05
1557 0.0013758086 5.7628442e-05 1.2470437e-05
1558 0.0013670205 5.7799145e-05 1.2016674e-05
1559 0.0013583142 5.7966681e-05 1.1544862e-05
1560 0.0013496856 5.8130516e-05 1.1054047e-05
1561 0.0013411394 5.8290957e-05 1.0545623e-05
1562 0.0013326758 5.8447764e-05 1.0020143e-05
1563 0.0013242943 5.8600777e-05 9.4775759e-06
1564 0.0013159978 5.8750147e-05 8.9184127e-06
1565 0.001307786 5.8895621e-05 8.3431769e-06
1566 0.0012996607 5.9036965e-05 7.7524794e-06
1567 0.0012916203 5.9174549e-05 7.1460758e-06
1568 0.001283666 5.9307928e-05 6.5248272e-06
1569 0.001275801 5.9437057e-05 5.8889314e-06
1570 0.0012680229 5.9562053e-05 5.2392257e-06
1571 0.001260335 5.9682468e-05 4.5751808e-06
1572 0.0012527351 5.9798633e-05 3.8981694e-06
1573 0.0012452247 5.9910463e-05 3.2083574e-06
1574 0.0012378054 6.0017529e-05 2.5062501e-06
1575 0.0012304764 6.0120145e-05 1.7917746e-06
1576 0.0012232385 6.0218295e-05 1.0657725e-06
1577 0.0012160933 6.0311645e-05 3.2926494e-07
1578 0.0012090404 6.0400571e-05 -4.1823116e-07
1579 0.0012020819 6.0484633e-05 -1.1757335e-06
1580 0.0011952147 6.0564e-05 -1.9428578e-06
1581 0.0011884413 6.0638599e-05 -2.7194083e-06
1582 0.0011817636 6.0708408e-05 -3.5047531e-06
1583 0.0011751772 6.0773298e-05 -4.2987323e-06
1584 0.0011686855 6.0833372e-05 -5.1004244e-06
1585 0.001162286 6.0888341e-05 -5.9096463e-06
1586 0.0011559819 6.0938387e-05 -6.7267025e-06
1587 0.0011497712 6.0983338e-05 -7.550175e-06
1588 0.0011436537 6.1023142e-05 -8.3804073e-06
1589 0.0011376288 6.1057943e-05 -9.2162571e-06
1590 0.0011316986 6.1087598e-05 -1.005811e-05
1591 0.0011258624 6.1112164e-05 -1.0904713e-05
1592 0.0011201191 6.1131517e-05 -1.1756064e-05
1593 0.0011144684 6.1145754e-05 -1.261206e-05
1594 0.0011089126 6.1154732e-05 -1.3471538e-05
1595 0.0011034468 6.1158391e-05 -1.4334809e-05
1596 0.0010980824 6.1157054e-05 -1.5200771e-05
1597 0.0010928197 6.1150363e-05 -1.6069558e-05
1598 0.0010876517 6.1138524e-05 -1.6940806e-05
1599 0.0010825676 6.1121443e-05 -1.7813685e-05
1600 0.0010775807 6.1099102e-05 -1.8687892e-05
1601 0.0010726851 6.1071669e-05 -1.9563235e-05
1602 0.0010678767 6.1038829e-05 -2.0439301e-05
1603 0.00106316 6.1000683e-05 -2.131546e-05
1604 0.0010585314 6.0957452e-05 -2.2191585e-05
1605 0.0010539928 6.0908885e-05 -2.3067437e-05
1606 0.0010495423 6.085517e-05 -2.3942443e-05
1607 0.0010451798 6.0796105e-05 -2.4815589e-05
1608 0.0010409033 6.073173e-05 -2.5688074e-05
1609 0.0010367121 6.0662119e-05 -2.6557987e-05
1610 0.001032609 6.0587417e-05 -2.7425526e-05
1611 0.0010285896 6.0507901e-05 -2.8290339e-05
1612 0.001024655 6.042309e-05 -2.9151913e-05
1613 0.0010208049 6.0333433e-05 -3.0010206e-05
1614 0.0010170365 6.0238851e-05 -3.0864038e-05
1615 0.0010133514 6.0139507e-05 -3.171375e-05
1616 0.0010097495 6.0035301e-05 -3.255915e-05
1617 0.0010062268 5.9926055e-05 -3.3398743e-05
1618 0.0010027837 5.981222e-05 -3.4234057e-05
1619 0.00099942325 5.9693359e-05 -3.506308e-05
1620 0.00099613872 5.957007e-05 -3.5886161e-05
1621 0.00099293166 5.9441659e-05 -3.6703331e-05
1622 0.0009898014 5.9308802e-05 -3.7513872e-05
1623 0.00098674677 5.9171378e-05 -3.8317544e-05
1624 0.00098376719 5.9029236e-05 -3.9113636e-05
1625 0.0009808615 5.8882577e-05 -3.9902376e-05
1626 0.00097802963 5.8731657e-05 -4.0683807e-05
1627 0.00097526843 5.8576249e-05 -4.1456653e-05
1628 0.00097258025 5.841653e-05 -4.2220868e-05
1629 0.00096996223 5.8252559e-05 -4.2976865e-05
1630 0.00096741215 5.8084154e-05 -4.3724055e-05
1631 0.00096493094 5.7911745e-05 -4.4461529e-05
1632 0.00096251671 5.7735096e-05 -4.5189736e-05
1633 0.00096016742 5.7554477e-05 -4.5908178e-05
1634 0.00095788533 5.7369733e-05 -4.6616741e-05
1635 0.00095566615 5.718079e-05 -4.7314944e-05
1636 0.00095346051 5.6988037e-05 -4.8002759e-05
1637 0.00095131769 5.6791598e-05 -4.8680212e-05
1638 0.00094923506 5.659106e-05 -4.9346166e-05
1639 0.00094721296 5.6386958e-05 -5.00013e-05
1640 0.00094524984 5.6179262e-05 -5.0645326e-05
1641 0.00094334215 5.5968153e-05 -5.1277393e-05
1642 0.00094149221 5.5753518e-05 -5.1897786e-05
1643 0.00093969646 5.5535483e-05 -5.2506539e-05
1644 0.00093795741 5.5314359e-05 -5.3103138e-05
1645 0.00093626925 5.5089913e-05 -5.3686798e-05
1646 0.00093463343 5.4861981e-05 -5.4258536e-05
1647 0.0009330489 5.463134e-05 -5.4817697e-05
1648 0.0009315122 5.4397478e-05 -5.5363953e-05
1649 0.00093002563 5.4160602e-05 -5.5897111e-05
1650 0.00092858264 5.3920715e-05 -5.6417226e-05
1651 0.00092718826 5.3678101e-05 -5.6924008e-05
1652 0.00092583876 5.3432812e-05 -5.7417515e-05
1653 0.00092452973 5.3184798e-05 -5.7897715e-05
1654 0.00092326607 5.293405e-05 -5.8363753e-05
1655 0.00092204249 5.2681023e-05 -5.8816669e-05
1656 0.00092085623 5.2425466e-05 -5.9255744e-05
1657 0.00091971126 5.2167666e-05 -5.9680952e-05
1658 0.00091860243 5.1907537e-05 -6.0091533e-05
1659 0.00091753105 5.1645222e-05 -6.0488608e-05
1660 0.00091649496 5.1380941e-05 -6.087183e-05
1661 0.00091549096 5.111458e-05 -6.1240425e-05
1662 0.00091452022 5.0846351e-05 -6.1594984e-05
1663 0.00091358214 5.0576365e-05 -6.1935398e-05
1664 0.00091267362 5.0304656e-05 -6.2261335e-05
1665 0.00091179254 5.0031294e-05 -6.2572553e-05
1666 0.00091093978 4.9756216e-05 -6.2869586e-05
1667 0.00091011433 4.9479922e-05 -6.3152262e-05
1668 0.00090931438 4.9201962e-05 -6.3420362e-05
1669 0.00090853777 4.8922648e-05 -6.3673842e-05
1670 0.00090778398 4.8642206e-05 -6.39126e-05
1671 0.00090705173 4.8360452e-05 -6.4136917e-05
1672 0.00090633936 4.8077696e-05 -6.4346406e-05
1673 0.00090564786 4.779396e-05 -6.4541656e-05
1674 0.00090497344 4.7509313e-05 -6.4722619e-05
1675 0.00090435449 4.7223951e-05 -6.4888708e-05
1676 0.00090379157 4.6937992e-05 -6.504035e-05
1677 0.00090324241 4.6651592e-05 -6.5178079e-05
1678 0.00090270908 4.6364624e-05 -6.5301191e-05
1679 0.00090218635 4.6077247e-05 -6.5409994e-05
1680 0.00090167524 4.5789698e-05 -6.5504366e-05
1681 0.00090117637 4.5501754e-05 -6.5584842e-05
1682 0.00090068434 4.5213806e-05 -6.5651071e-05
1683 0.00090020102 4.4925664e-05 -6.570277e-05
1684 0.00089972608 4.4637498e-05 -6.5740651e-05
1685 0.0008992565 4.4349385e-05 -6.576469e-05
1686 0.00089879139 4.40616e-05 -6.5774157e-05
1687 0.0008983303 4.3773744e-05 -6.57701e-05
1688 0.00089787313 4.3486412e-05 -6.5752615e-05
1689 0.00089741843 4.3199309e-05 -6.5720959e-05
1690 0.00089696331 4.2912913e-05 -6.5676265e-05
1691 0.00089650807 4.2626873e-05 -6.5617775e-05
1692 0.00089605378 4.2341556e-05 -6.5545994e-05
1693 0.0008955948 4.2056897e-05 -6.5461019e-05
1694 0.00089513475 4.1773069e-05 -6.5362353e-05
1695 0.00089466765 4.1490121e-05 -6.5250723e-05
1696 0.00089419884 4.1207845e-05 -6.512648e-05
1697 0.00089372469 4.0926703e-05 -6.4989177e-05
1698 0.00089324011 4.0646476e-05 -6.4839043e-05
1699 0.00089274918 4.0367346e-05 -6.4676417e-05
1700 0.00089225024 4.0089533e-05 -6.4500889e-05
1701 0.00089174143 3.9812779e-05 -6.4313462e-05
1702 0.00089122277 3.9537543e-05 -6.4113759e-05
1703 0.000890693 3.9263773e-05 -6.390199e-05
1704 0.0008901526 3.8991261e-05 -6.3678776e-05
1705 0.00088959988 3.8720694e-05 -6.3443834e-05
1706 0.00088903354 3.8451489e-05 -6.3197988e-05
1707 0.00088845326 3.818393e-05 -6.2940495e-05
1708 0.00088785922 3.7918378e-05 -6.2672081e-05
1709 0.00088725116 3.7654422e-05 -6.2392882e-05
1710 0.00088662623 3.739259e-05 -6.2102622e-05
1711 0.00088598482 3.7132521e-05 -6.180226e-05
1712 0.0008853267 3.6874317e-05 -6.1491355e-05
1713 0.00088464942 3.6618296e-05 -6.1170513e-05
1714 0.00088395572 3.6364257e-05 -6.083926e-05
1715 0.00088318281 3.6112323e-05 -6.0498788e-05
1716 0.00088233186 3.586273e-05 -6.0148798e-05
1717 0.00088146078 3.5615427e-05 -5.9789076e-05
1718 0.00088056794 3.537031e-05 -5.9420623e-05
1719 0.00087965595 3.5127565e-05 -5.9042974e-05
1720 0.00087872177 3.4887119e-05 -5.865684e-05
1721 0.00087776772 3.4649266e-05 -5.8262379e-05
1722 0.00087679038 3.4413839e-05 -5.7859653e-05
1723 0.00087578991 3.4181121e-05 -5.7448413e-05
1724 0.00087476908 3.3950864e-05 -5.70296e-05
1725 0.0008737224 3.372329e-05 -5.6603378e-05
1726 0.00087265195 3.3498425e-05 -5.6169708e-05
1727 0.00087155834 3.3276309e-05 -5.5728578e-05
1728 0.00087043964 3.3056757e-05 -5.5280912e-05
1729 0.00086929509 3.2840287e-05 -5.4826394e-05
1730 0.00086812663 3.2626529e-05 -5.4365403e-05
1731 0.00086692997 3.2415541e-05 -5.3897774e-05
1732 0.00086570867 3.220754e-05 -5.3424153e-05
1733 0.00086445998 3.2002475e-05 -5.2944841e-05
1734 0.00086318375 3.1800375e-05 -5.2459587e-05
1735 0.00086187928 3.1601111e-05 -5.1968686e-05
1736 0.00086054983 3.1405078e-05 -5.1472873e-05
1737 0.00085919264 3.1212091e-05 -5.0971947e-05
1738 0.00085780685 3.1022081e-05 -5.0466723e-05
1739 0.00085639438 3.0835302e-05 -4.9956903e-05
1740 0.00085495526 3.0651713e-05 -4.9442499e-05
1741 0.00085348785 3.0471242e-05 -4.8924637e-05
1742 0.00085199326 3.0294e-05 -4.8402879e-05
1743 0.00085047035 3.0119752e-05 -4.7877592e-05
1744 0.0008489169 2.9948976e-05 -4.734908e-05
1745 0.00084733806 2.9781361e-05 -4.6817465e-05
1746 0.00084572836 2.9617065e-05 -4.6282827e-05
1747 0.00084408968 2.9455886e-05 -4.5745293e-05
1748 0.00084242425 2.929824e-05 -4.5205489e-05
1749 0.00084072621 2.9143728e-05 -4.4663266e-05
1750 0.00083900195 2.8992451e-05 -4.4119062e-05
1751 0.00083724813 2.8844519e-05 -4.357318e-05
1752 0.00083546523 2.8699921e-05 -4.302576e-05
1753 0.00083365575 2.8558723e-05 -4.2477143e-05
1754 0.00083181564 2.84207e-05 -4.1926959e-05
1755 0.00083000496 2.8286105e-05 -4.1376143e-05
1756 0.00082822426 2.8154863e-05 -4.0824402e-05
1757 0.00082641466 2.8026884e-05 -4.0272621e-05
1758 0.00082457675 2.7902233e-05 -3.9720272e-05
1759 0.00082270835 2.7780914e-05 -3.9167921e-05
1760 0.00082081304 2.7662943e-05 -3.8615611e-05
1761 0.0008188882 2.7548182e-05 -3.8063855e-05
1762 0.00081693602 2.7436833e-05 -3.7512397e-05
1763 0.00081495677 2.7328752e-05 -3.6962028e-05
1764 0.00081294772 2.7223866e-05 -3.6412695e-05
1765 0.00081091329 2.7122344e-05 -3.5864156e-05
1766 0.00080885281 2.7024113e-05 -3.5317052e-05
1767 0.00080676538 2.6929117e-05 -3.4772017e-05
1768 0.00080465224 2.683728e-05 -3.4228338e-05
1769 0.00080251355 2.6748765e-05 -3.3687217e-05
1770 0.00080034928 2.6663482e-05 -3.3147956e-05
1771 0.00079816153 2.6581406e-05 -3.2611139e-05
1772 0.00079594718 2.650249e-05 -3.2077157e-05
1773 0.00079371002 2.642674e-05 -3.1546047e-05
1774 0.00079144724 2.6354133e-05 -3.1017932e-05
1775 0.00078916243 2.6284739e-05 -3.0492656e-05
1776 0.00078685214 2.621837e-05 -2.9970874e-05
1777 0.00078451963 2.6155073e-05 -2.9452366e-05
1778 0.00078216557 2.6094825e-05 -2.8937733e-05
1779 0.00077978702 2.6037611e-05 -2.8426795e-05
1780 0.00077738855 2.5983504e-05 -2.7920155e-05
1781 0.00077496684 2.593227e-05 -2.7417117e-05
1782 0.00077252548 2.5884003e-05 -2.6918863e-05
1783 0.00077006249 2.5838781e-05 -2.642474e-05
1784 0.00076757963 2.5796322e-05 -2.5935673e-05
1785 0.00076507656 2.5756861e-05 -2.5451132e-05
1786 0.00076255509 2.5720141e-05 -2.4971231e-05
1787 0.00076001585 2.5686322e-05 -2.4497048e-05
1788 0.00075745781 2.5655181e-05 -2.4027518e-05
1789 0.00075488029 2.562688e-05 -2.3563742e-05
1790 0.00075228755 2.5601303e-05 -2.3105341e-05
1791 0.00074967504 2.5578416e-05 -2.2652073e-05
1792 0.00074704914 2.5558057e-05 -2.2204906e-05
1793 0.00074440474 2.5540398e-05 -2.1763712e-05
1794 0.00074174488 2.5525293e-05 -2.1328457e-05
1795 0.00073903265 2.5512749e-05 -2.08992e-05
1796 0.00073627276 2.5502687e-05 -2.0476265e-05
1797 0.00073349772 2.549509e-05 -2.0059739e-05
1798 0.00073070713 2.5489895e-05 -1.964961e-05
1799 0.000727905 2.548709e-05 -1.9245863e-05
1800 0.00072508976 2.5486605e-05 -1.8848984e-05
1801 0.00072226293 2.5488435e-05 -1.8458672e-05
1802 0.00071942463 2.5492527e-05 -1.8075433e-05
1803 0.00071657565 2.5498839e-05 -1.769894e-05
1804 0.00071371605 2.5507301e-05 -1.7329886e-05
1805 0.00071084746 2.5517906e-05 -1.6967562e-05
1806 0.00070796982 2.5530699e-05 -1.6612377e-05
1807 0.00070508385 2.5545419e-05 -1.6264566e-05
1808 0.00070218679 2.5562147e-05 -1.5923948e-05
1809 0.00069928406 2.5580906e-05 -1.5591037e-05
1810 0.00069637291 2.5601487e-05 -1.5265491e-05
1811 0.00069345651 2.5623915e-05 -1.4947362e-05
1812 0.00069053177 2.5648247e-05 -1.4636767e-05
1813 0.00068760297 2.5674244e-05 -1.4333605e-05
1814 0.00068466886 2.5702066e-05 -1.4038341e-05
1815 0.00068173126 2.573155e-05 -1.3750509e-05
1816 0.00067879145 2.5762573e-05 -1.3470833e-05
1817 0.00067584416 2.5795249e-05 -1.3198487e-05
1818 0.00067289719 2.582947e-05 -1.293423e-05
1819 0.00066994776 2.5865059e-05 -1.2677798e-05
1820 0.00066699516 2.5902164e-05 -1.2428852e-05
1821 0.00066404211 2.5940593e-05 -1.218807e-05
1822 0.00066109263 2.5980464e-05 -1.1955436e-05
1823 0.00065813794 2.6021597e-05 -1.1730382e-05
1824 0.00065518384 2.6063773e-05 -1.1513529e-05
1825 0.00065223398 2.6107208e-05 -1.1304525e-05
1826 0.00064928157 2.6151934e-05 -1.1103376e-05
1827 0.00064633441 2.6197574e-05 -1.0910209e-05
1828 0.00064338972 2.6244276e-05 -1.0725264e-05
1829 0.00064044886 2.6292027e-05 -1.0548096e-05
1830 0.00063751075 2.6340828e-05 -1.0378613e-05
1831 0.000634579 2.6390359e-05 -1.0217537e-05
1832 0.00063165266 2.6440721e-05 -1.0063937e-05
1833 0.00062873148 2.6491799e-05 -9.9181956e-06
1834 0.00062581735 2.6543745e-05 -9.7807629e-06
1835 0.00062293729 2.6596397e-05 -9.6507498e-06
1836 0.00062009151 2.6649572e-05 -9.5288408e-06
1837 0.00061725295 2.6703376e-05 -9.4146574e-06
1838 0.00061442352 2.6757812e-05 -9.3082286e-06
1839 0.00061160163 2.6812677e-05 -9.2096697e-06
1840 0.00060879127 2.6868051e-05 -9.1187153e-06
1841 0.00060598621 2.6923778e-05 -9.0356624e-06
1842 0.00060319267 2.6979759e-05 -8.9598612e-06
1843 0.00060041043 2.7036121e-05 -8.8920051e-06
1844 0.00059764041 2.7092792e-05 -8.8315371e-06
1845 0.00059487937 2.7149459e-05 -8.7782973e-06
1846 0.00059213225 2.7206469e-05 -8.7328941e-06
1847 0.00058939848 2.7263617e-05 -8.6948837e-06
1848 0.00058667403 2.7320679e-05 -8.6639636e-06
1849 0.00058396648 2.7377857e-05 -8.6403467e-06
1850 0.00058126956 2.7434969e-05 -8.6240839e-06
1851 0.00057858795 2.7492026e-05 -8.6151414e-06
1852 0.00057592041 2.7548879e-05 -8.6131471e-06
1853 0.00057326692 2.7605735e-05 -8.6184465e-06
1854 0.00057062807 2.7662163e-05 -8.6304573e-06
1855 0.00056800629 2.7718475e-05 -8.6493555e-06
1856 0.00056540078 2.7774418e-05 -8.6752252e-06
1857 0.00056281128 2.7830152e-05 -8.707484e-06
1858 0.00056023817 2.7885423e-05 -8.746536e-06
1859 0.00055768209 2.794025e-05 -8.7920475e-06
1860 0.00055514659 2.7994658e-05 -8.8438996e-06
1861 0.00055262439 2.8048653e-05 -8.9018536e-06
1862 0.00055012242 2.8102014e-05 -8.9665229e-06
1863 0.00054763987 2.8154877e-05 -9.0369649e-06
1864 0.00054517588 2.820737e-05 -9.1135181e-06
1865 0.00054273115 2.8258911e-05 -9.1963068e-06
1866 0.00054030408 2.8309879e-05 -9.284703e-06
1867 0.00053789791 2.8360267e-05 -9.3789608e-06
1868 0.00053551268 2.8409759e-05 -9.4786365e-06
1869 0.00053314592 2.8458584e-05 -9.5837471e-06
1870 0.00053080161 2.8506554e-05 -9.6946881e-06
1871 0.00052847777 2.8553762e-05 -9.8105913e-06
1872 0.00052617351 2.8600022e-05 -9.9316144e-06
1873 0.00052389197 2.8645556e-05 -1.0057828e-05
1874 0.00052163061 2.8689914e-05 -1.0189221e-05
1875 0.00051935319 2.8733458e-05 -1.0325268e-05
1876 0.00051705742 2.8775972e-05 -1.0465896e-05
1877 0.00051478491 2.8817493e-05 -1.0611196e-05
1878 0.00051253518 2.8858009e-05 -1.076113e-05
1879 0.00051030726 2.889739e-05 -1.0915284e-05
1880 0.00050810165 2.893585e-05 -1.1073869e-05
1881 0.00050592013 2.8972837e-05 -1.1236266e-05
1882 0.00050376212 2.90089e-05 -1.1403063e-05
1883 0.00050162655 2.9043781e-05 -1.1573314e-05
1884 0.00049951328 2.9077526e-05 -1.1747626e-05
1885 0.00049742458 2.9109888e-05 -1.1925646e-05
1886 0.00049536055 2.9140999e-05 -1.2107184e-05
1887 0.00049331847 2.9170869e-05 -1.2292008e-05
1888 0.00049130009 2.9199413e-05 -1.2480192e-05
1889 0.00048930556 2.9226629e-05 -1.2671799e-05
1890 0.00048733505 2.9252564e-05 -1.2866035e-05
1891 0.00048538853 2.9277164e-05 -1.3063174e-05
1892 0.00048346702 2.9300256e-05 -1.3263431e-05
1893 0.00048156939 2.9321947e-05 -1.3466124e-05
1894 0.00047969451 2.9342292e-05 -1.3671209e-05
1895 0.00047784539 2.9361377e-05 -1.3878978e-05
1896 0.00047601942 2.9378869e-05 -1.4088847e-05
1897 0.0004742189 2.9394933e-05 -1.4300665e-05
1898 0.00047244231 2.9409487e-05 -1.451465e-05
1899 0.0004706897 2.942257e-05 -1.4730631e-05
1900 0.00046896232 2.9434078e-05 -1.4948608e-05
1901 0.00046725856 2.9444144e-05 -1.5167846e-05
1902 0.0004655785 2.9452456e-05 -1.5388789e-05
1903 0.0004639223 2.9459533e-05 -1.5611139e-05
1904 0.00046229102 2.9464847e-05 -1.5834693e-05
1905 0.00046068298 2.9468575e-05 -1.6059467e-05
1906 0.00045909981 2.9470854e-05 -1.628544e-05
1907 0.00045753997 2.9471399e-05 -1.6512184e-05
1908 0.0004560024 2.9470497e-05 -1.6739592e-05
1909 0.00045449091 2.9468028e-05 -1.6967991e-05
1910 0.0004530026 2.9463893e-05 -1.7196729e-05
1911 0.00045153703 2.9457969e-05 -1.742586e-05
1912 0.00045009582 2.945065e-05 -1.7655336e-05
1913 0.00044867676 2.9441676e-05 -1.7885032e-05
1914 0.0004472809 2.9431059e-05 -1.8114499e-05
1915 0.00044591478 2.9418837e-05 -1.8344309e-05
1916 0.00044457781 2.940484e-05 -1.8574069e-05
1917 0.00044326323 2.93894e-05 -1.8802995e-05
1918 0.00044197101 2.9372216e-05 -1.9032066e-05
1919 0.00044070256 2.9353563e-05 -1.9259991e-05
1920 0.00043945503 2.9333208e-05 -1.9487824e-05
1921 0.00043823021 2.9311295e-05 -1.9714478e-05
1922 0.00043702691 2.9287677e-05 -1.9940556e-05
1923 0.00043584491 2.9262635e-05 -2.0165729e-05
1924 0.00043468652 2.9236134e-05 -2.0389536e-05
1925 0.00043354758 2.9207866e-05 -2.0612163e-05
1926 0.00043242923 2.9178042e-05 -2.0833814e-05
1927 0.00043133297 2.9146695e-05 -2.1053803e-05
1928 0.00043025686 2.9113929e-05 -2.1272294e-05
1929 0.00042920128 2.9079402e-05 -2.1489124e-05
1930 0.00042816665 2.9043488e-05 -2.1704094e-05
1931 0.00042715157 2.9005916e-05 -2.19174e-05
1932 0.00042615501 2.8966988e-05 -2.2128793e-05
1933 0.00042517911 2.8926517e-05 -2.2338139e-05
1934 0.0004242218 2.8884436e-05 -2.2545629e-05
1935 0.00042328395 2.884099e-05 -2.2750567e-05
1936 0.00042236472 2.8796017e-05 -2.2953377e-05
1937 0.00042146383 2.8749591e-05 -2.3153629e-05
1938 0.00042058154 2.8701757e-05 -2.3351419e-05
1939 0.00041971652 2.865248e-05 -2.3546911e-05
1940 0.00041886889 2.8601804e-05 -2.3739441e-05
1941 0.00041803851 2.8549749e-05 -2.3929617e-05
1942 0.00041722559 2.8496359e-05 -2.411661e-05
1943 0.00041643009 2.844148e-05 -2.4300707e-05
1944 0.00041564964 2.8385366e-05 -2.4482237e-05
1945 0.00041488559 2.8327883e-05 -2.4660242e-05
1946 0.00041413785 2.8269021e-05 -2.4835099e-05
1947 0.00041340544 2.8208937e-05 -2.5006977e-05
1948 0.0004126882 2.8147481e-05 -2.5175563e-05
1949 0.00041198529 2.8084784e-05 -2.5340476e-05
1950 0.00041129624 2.8020703e-05 -2.5502132e-05
1951 0.00041062315 2.7955393e-05 -2.5660352e-05
1952 0.00040996286 2.7888823e-05 -2.5815087e-05
1953 0.00040931589 2.782112e-05 -2.5966024e-05
1954 0.00040868236 2.7752279e-05 -2.6113147e-05
1955 0.0004080999 2.7682195e-05 -2.6256561e-05
1956 0.00040756745 2.7610947e-05 -2.6396437e-05
1957 0.00040704763 2.753879e-05 -2.6532404e-05
1958 0.0004065398 2.7465493e-05 -2.666435e-05
1959 0.00040604388 2.7391158e-05 -2.6792507e-05
1960 0.00040555867 2.7315741e-05 -2.6916603e-05
1961 0.00040508546 2.7239329e-05 -2.7036868e-05
1962 0.00040462124 2.7161969e-05 -2.7152943e-05
1963 0.00040416886 2.7083643e-05 -2.726489e-05
1964 0.00040372612 2.700429e-05 -2.7372729e-05
1965 0.00040329158 2.692395e-05 -2.7476433e-05
1966 0.00040286834 2.6842905e-05 -2.7575918e-05
1967 0.00040245326 2.6760775e-05 -2.7671151e-05
1968 0.000402046 2.6678022e-05 -2.7762073e-05
1969 0.00040164872 2.6594266e-05 -2.7848646e-05
1970 0.00040125851 2.6509806e-05 -2.7931012e-05
1971 0.00040087575 2.6424671e-05 -2.8008909e-05
1972 0.00040050121 2.6338675e-05 -2.8082673e-05
1973 0.00040013235 2.6251995e-05 -2.8151947e-05
1974 0.00039977091 2.616464e-05 -2.8216647e-05
1975 0.00039941693 2.6076627e-05 -2.8277081e-05
1976 0.0003990679 2.5987951e-05 -2.8332994e-05
1977 0.00039872414 2.5898678e-05 -2.8384291e-05
1978 0.00039838567 2.5808689e-05 -2.8431179e-05
1979 0.00039805109 2.5718347e-05 -2.8473607e-05
1980 0.00039772307 2.5627284e-05 -2.8511429e-05
1981 0.00039739782 2.5535844e-05 -2.8544965e-05
1982 0.00039707765 2.5443891e-05 -2.857357e-05
1983 0.00039676147 2.5351415e-05 -2.8598126e-05
1984 0.00039644738 2.5258653e-05 -2.8618106e-05
1985 0.00039613806 2.5165469e-05 -2.8633411e-05
1986 0.00039582989 2.5071848e-05 -2.864443e-05
1987 0.00039552514 2.4978014e-05 -2.865095e-05
1988 0.00039522284 2.4883836e-05 -2.8652885e-05
1989 0.00039492144 2.4789433e-05 -2.8650316e-05
1990 0.00039462238 2.4694672e-05 -2.8643532e-05
1991 0.00039432499 2.4599857e-05 -2.8632003e-05
1992 0.00039402818 2.4504681e-05 -2.8616057e-05
1993 0.00039373081 2.4409329e-05 -2.8595892e-05
1994 0.00039343497 2.4313917e-05 -2.8571107e-05
1995 0.0003931098 2.4218423e-05 -2.8541875e-05
1996 0.00039275804 2.4122622e-05 -2.8508352e-05
1997 0.00039240518 2.4026931e-05 -2.8470368e-05
1998 0.00039205046 2.3931151e-05 -2.8427977e-05
1999 0.0003916958 2.3835236e-05 -2.8381461e-05
2000 0.00039133791 2.373941e-05 -2.8330439e-05
2001 0.00039098008 2.3643552e-05 -2.8275127e-05
2002 0.00039061893 2.3547879e-05 -2.8215919e-05
2003 0.00039025579 2.3452147e-05 -2.8152259e-05
2004 0.00038988987 2.3356552e-05 -2.8084257e-05
2005 0.00038952209 2.3261219e-05 -2.8012365e-05
2006 0.00038915057 2.3165791e-05 -2.7936154e-05
2007 0.00038877532 2.3070714e-05 -2.7856216e-05
2008 0.00038839706 2.2975842e-05 -2.7772046e-05
2009 0.00038801611 2.2881066e-05 -2.7684014e-05
2010 0.00038762908 2.2786697e-05 -2.7591891e-05
2011 0.00038723934 2.2692505e-05 -2.7495654e-05
2012 0.00038684321 2.2598581e-05 -2.7395749e-05
2013 0.00038644156 2.2504928e-05 -2.7292043e-05
2014 0.00038603881 2.2411651e-05 -2.7184339e-05
2015 0.00038562786 2.2318606e-05 -2.7073025e-05
2016 0.00038520854 2.2226115e-05 -2.6958047e-05
2017 0.00038478873 2.2133956e-05 -2.6839611e-05
2018 0.00038436168 2.2042212e-05 -2.6717622e-05
2019 0.00038392867 2.1950979e-05 -2.659201e-05
2020 0.00038348895 2.1860156e-05 -2.6463283e-05
2021 0.00038304279 2.1769935e-05 -2.6331055e-05
2022 0.00038259221 2.168023e-05 -2.6195581e-05
2023 0.00038213316 2.1591018e-05 -2.6057009e-05
2024 0.00038166838 2.1502363e-05 -2.5915029e-05
2025 0.00038119654 2.1414265e-05 -2.5769967e-05
2026 0.00038071679 2.1326778e-05 -2.5621981e-05
2027 0.00038022994 2.1239895e-05 -2.5471026e-05
2028 0.00037973622 2.115373e-05 -2.5316975e-05
2029 0.00037923405 2.1068107e-05 -2.5159944e-05
2030 0.0003787242 2.0983157e-05 -2.5000302e-05
2031 0.00037820796 2.0898998e-05 -2.4837738e-05
2032 0.00037768235 2.0815426e-05 -2.4672752e-05
2033 0.00037714857 2.0732684e-05 -2.4505032e-05
2034 0.00037660725 2.0650585e-05 -2.4334585e-05
2035 0.00037606331 2.0569248e-05 -2.4161801e-05
2036 0.00037551123 2.0488775e-05 -2.3986755e-05
2037 0.00037494967 2.0408968e-05 -2.3809106e-05
2038 0.00037438023 2.0330072e-05 -2.3629251e-05
2039 0.00037380137 2.0251983e-05 -2.3447075e-05
2040 0.00037321368 2.0174608e-05 -2.3262887e-05
2041 0.00037261587 2.0098171e-05 -2.3076637e-05
2042 0.00037200931 2.0022466e-05 -2.2888039e-05
2043 0.000371394 1.9947747e-05 -2.2697683e-05
2044 0.00037076912 1.98739e-05 -2.2505474e-05
2045 0.00037013546 1.9800935e-05 -2.2311401e-05
2046 0.00036949249 1.9728776e-05 -2.2115482e-05
2047 0.00036883885 1.9657634e-05 -2.1917969e-05
2048 0.00036817695 1.9587438e-05 -2.1719035e-05
2049 0.00036750569 1.9518177e-05 -2.1518514e-05
2050 0.00036682518 1.944988e-05 -2.1316559e-05
2051 0.00036613456 1.9382527e-05 -2.1113241e-05
2052 0.00036543493 1.9316147e-05 -2.0908666e-05
2053 0.0003647249 1.9250732e-05 -2.0702673e-05
2054 0.00036400535 1.91863e-05 -2.0495706e-05
2055 0.00036327532 1.9122844e-05 -2.0287454e-05
2056 0.00036253671 1.9060385e-05 -2.0078218e-05
2057 0.00036178737 1.8998937e-05 -1.9867994e-05
2058 0.00036102925 1.8938481e-05 -1.9656973e-05
2059 0.00036026035 1.8879039e-05 -1.9445126e-05
2060 0.00035948276 1.8820614e-05 -1.9232466e-05
2061 0.00035869453 1.8763215e-05 -1.9019107e-05
2062 0.00035789787 1.8706843e-05 -1.880521e-05
2063 0.0003570906 1.8651601e-05 -1.8590992e-05
2064 0.00035627394 1.8597299e-05 -1.8375979e-05
2065 0.00035544863 1.8544032e-05 -1.8160813e-05
2066 0.00035461333 1.8491802e-05 -1.7945272e-05
2067 0.00035376828 1.8440726e-05 -1.7729431e-05
2068 0.0003529149 1.8390593e-05 -1.7513621e-05
2069 0.00035205132 1.8341605e-05 -1.7297577e-05
2070 0.00035117949 1.8293572e-05 -1.7081645e-05
2071 0.00035029853 1.824658e-05 -1.6865572e-05
2072 0.000349407 1.8200741e-05 -1.6649676e-05
2073 0.00034850735 1.8155838e-05 -1.6434042e-05
2074 0.00034760689 1.8112085e-05 -1.6218596e-05
2075 0.00034670694 1.8069396e-05 -1.6003307e-05
2076 0.00034579618 1.802764e-05 -1.578843e-05
2077 0.00034487764 1.798703e-05 -1.5574107e-05
2078 0.00034394988 1.7947356e-05 -1.5360239e-05
2079 0.00034301392 1.7908844e-05 -1.514681e-05
2080 0.0003420698 1.787135e-05 -1.4934283e-05
2081 0.00034111768 1.7834808e-05 -1.4722228e-05
2082 0.00034015701 1.7799401e-05 -1.4511005e-05
2083 0.00033918855 1.776502e-05 -1.4300783e-05
2084 0.0003382117 1.7731688e-05 -1.4091186e-05
2085 0.00033722874 1.7699362e-05 -1.3882818e-05
2086 0.00033623668 1.766796e-05 -1.3675362e-05
2087 0.00033523712 1.7637679e-05 -1.346893e-05
2088 0.00033423154 1.7608399e-05 -1.3263646e-05
2089 0.0003332177 1.7580124e-05 -1.3059646e-05
2090 0.00033219659 1.7552847e-05 -1.2856742e-05
2091 0.00033116811 1.7526575e-05 -1.2655172e-05
2092 0.00033013222 1.7501274e-05 -1.2455002e-05
2093 0.00032909028 1.747695e-05 -1.225611e-05
2094 0.00032804179 1.7453591e-05 -1.2058721e-05
2095 0.00032698567 1.7431207e-05 -1.1862944e-05
2096 0.00032592439 1.7409766e-05 -1.1668563e-05
2097 0.00032485667 1.7389276e-05 -1.1475876e-05
2098 0.00032378213 1.7369834e-05 -1.1284813e-05
2099 0.00032270217 1.7351202e-05 -1.1095581e-05
2100 0.00032161538 1.7333501e-05 -1.0907917e-05
2101 0.00032052321 1.7316715e-05 -1.0722122e-05
2102 0.00031942508 1.7300928e-05 -1.0538163e-05
2103 0.00031832152 1.728592e-05 -1.0356099e-05
2104 0.00031721186 1.7271808e-05 -1.0175925e-05
2105 0.00031609721 1.725867e-05 -9.9978349e-06
2106 0.00031497692 1.7246275e-05 -9.8215194e-06
2107 0.00031385266 1.7234741e-05 -9.6474083e-06
2108 0.00031272218 1.7224152e-05 -9.4754766e-06
2109 0.00031158876 1.7214282e-05 -9.3053937e-06
2110 0.00031045009 1.7205329e-05 -9.1377363e-06
2111 0.00030930817 1.719709e-05 -8.9720929e-06
2112 0.00030816202 1.7189737e-05 -8.8088041e-06
2113 0.00030701241 1.7183071e-05 -8.6476552e-06
2114 0.00030583681 1.7177276e-05 -8.4888678e-06
2115 0.00030463689 1.717213e-05 -8.3323688e-06
2116 0.00030343351 1.7167823e-05 -8.1782903e-06
2117 0.00030222745 1.7164258e-05 -8.0264739e-06
2118 0.00030101812 1.71613e-05 -7.8771642e-06
2119 0.0002998069 1.7159152e-05 -7.7301331e-06
2120 0.00029859148 1.7157695e-05 -7.5856996e-06
2121 0.0002973757 1.715692e-05 -7.4436848e-06
2122 0.00029615667 1.7156699e-05 -7.3041741e-06
2123 0.00029493571 1.7157233e-05 -7.1671097e-06
2124 0.00029371445 1.7158402e-05 -7.0327065e-06
2125 0.00029249025 1.716019e-05 -6.9007057e-06
2126 0.00029126554 1.7162588e-05 -6.7713586e-06
2127 0.00029003957 1.7165579e-05 -6.6446315e-06
2128 0.00028881306 1.7169151e-05 -6.5203976e-06
2129 0.00028758589 1.7173276e-05 -6.3988848e-06
2130 0.0002863571 1.7177949e-05 -6.2799281e-06
2131 0.00028512851 1.7183161e-05 -6.1636764e-06
2132 0.000283899 1.7188894e-05 -6.0501229e-06
2133 0.00028266985 1.7195129e-05 -5.9391672e-06
2134 0.00028144032 1.7201859e-05 -5.8310133e-06
2135 0.00028021173 1.7209056e-05 -5.7254844e-06
2136 0.00027898386 1.7216702e-05 -5.6227042e-06
2137 0.00027775563 1.7224799e-05 -5.5225114e-06
2138 0.00027652882 1.7233432e-05 -5.4251688e-06
2139 0.00027530371 1.7242367e-05 -5.3304153e-06
2140 0.00027407997 1.7251707e-05 -5.238453e-06
2141 0.00027285738 1.7261428e-05 -5.1491807e-06
2142 0.00027163678 1.7271623e-05 -5.0627501e-06
2143 0.00027041735 1.7282055e-05 -4.9789036e-06
2144 0.00026920089 1.7292839e-05 -4.8978084e-06
2145 0.00026798609 1.7304028e-05 -4.819449e-06
2146 0.00026677307 1.7315416e-05 -4.7438783e-06
2147 0.00026556263 1.7327105e-05 -4.6709849e-06
2148 0.00026435464 1.733916e-05 -4.600818e-06
2149 0.00026315008 1.7351369e-05 -4.5333631e-06
2150 0.00026194777 1.7363922e-05 -4.4687856e-06
2151 0.00026074873 1.7376598e-05 -4.4065918e-06
2152 0.00025955246 1.7389578e-05 -4.3473768e-06
2153 0.00025836029 1.7402748e-05 -4.2906276e-06
2154 0.00025718167 1.7415991e-05 -4.2367638e-06
2155 0.00025601824 1.7429511e-05 -4.1854924e-06
2156 0.00025485767 1.7443064e-05 -4.1369335e-06
2157 0.00025370118 1.7456858e-05 -4.0908868e-06
2158 0.00025254913 1.747077e-05 -4.0474775e-06
2159 0.00025140034 1.7484784e-05 -4.0068155e-06
2160 0.00025025662 1.7498783e-05 -3.9687042e-06
2161 0.00024911696 1.7512955e-05 -3.9331141e-06
2162 0.00024798212 1.7527191e-05 -3.9000612e-06
2163 0.00024685221 1.7541469e-05 -3.8695337e-06
2164 0.00024572701 1.7555778e-05 -3.8415954e-06
2165 0.00024460628 1.7569984e-05 -3.8161595e-06
2166 0.000243491 1.7584296e-05 -3.7931889e-06
2167 0.00024238116 1.7598597e-05 -3.7727472e-06
2168 0.0002412763 1.7612865e-05 -3.7546706e-06
2169 0.00024017676 1.7627085e-05 -3.7389642e-06
2170 0.00023908332 1.7641266e-05 -3.7257477e-06
2171 0.00023799482 1.7655364e-05 -3.7147866e-06
2172 0.00023691291 1.76694e-05 -3.7061567e-06
2173 0.00023583709 1.7683344e-05 -3.6998163e-06
2174 0.00023476761 1.769718e-05 -3.6957302e-06
2175 0.00023370484 1.7711012e-05 -3.6938177e-06
2176 0.00023264829 1.7724606e-05 -3.6941419e-06
2177 0.00023159812 1.773808e-05 -3.6966028e-06
2178 0.00023055407 1.7751391e-05 -3.7012632e-06
2179 0.00022951727 1.776454e-05 -3.7079667e-06
2180 0.0002284875 1.7777607e-05 -3.7168737e-06
2181 0.00022746355 1.779038e-05 -3.7277613e-06
2182 0.00022644764 1.780296e-05 -3.7406222e-06
2183 0.00022543833 1.7815332e-05 -3.7555147e-06
2184 0.0002244366 1.7827569e-05 -3.772438e-06
2185 0.00022344129 1.7839484e-05 -3.7913422e-06
2186 0.00022245364 1.7851259e-05 -3.8118958e-06
2187 0.00022147426 1.786267e-05 -3.8343376e-06
2188 0.00022050122 1.7873827e-05 -3.8587662e-06
2189 0.00021953642 1.7884802e-05 -3.8848648e-06
2190 0.00021857966 1.7895402e-05 -3.9127109e-06
2191 0.00021762984 1.7905797e-05 -3.9423722e-06
2192 0.0002166882 1.7915796e-05 -3.9736525e-06
2193 0.00021575432 1.7925569e-05 -4.0066845e-06
2194 0.00021482707 1.7935013e-05 -4.0411511e-06
2195 0.00021390847 1.7944031e-05 -4.0774153e-06
2196 0.00021299844 1.7952789e-05 -4.1150506e-06
2197 0.00021209624 1.7961204e-05 -4.1543463e-06
2198 0.00021120132 1.7969144e-05 -4.195034e-06
2199 0.00021031475 1.797683e-05 -4.2370461e-06
2200 0.00020943659 1.7984132e-05 -4.2806449e-06
2201 0.00020856665 1.799096e-05 -4.3255027e-06
2202 0.00020770502 1.7997495e-05 -4.3716571e-06
2203 0.00020685133 1.8003637e-05 -4.4191689e-06
2204 0.00020600696 1.8009376e-05 -4.4678418e-06
2205 0.00020517034 1.8014699e-05 -4.5176914e-06
2206 0.00020434191 1.8019617e-05 -4.5687619e-06
2207 0.00020352214 1.80241e-05 -4.6209503e-06
2208 0.00020271022 1.8028045e-05 -4.6742093e-06
2209 0.0002019072 1.8031651e-05 -4.7285882e-06
2210 0.0002011129 1.8034817e-05 -4.7838334e-06
2211 0.00020032616 1.8037527e-05 -4.8401742e-06
2212 0.00019954816 1.8039795e-05 -4.8974846e-06
2213 0.00019877866 1.8041588e-05 -4.9555771e-06
2214 0.00019801768 1.8043036e-05 -5.0145656e-06
2215 0.00019726425 1.8043904e-05 -5.0742777e-06
2216 0.00019652016 1.8044308e-05 -5.1348703e-06
2217 0.00019578464 1.8044237e-05 -5.1961095e-06
2218 0.0001950572 1.8043682e-05 -5.2580159e-06
2219 0.0001943374 1.8042662e-05 -5.3207243e-06
2220 0.00019362671 1.8041158e-05 -5.3838728e-06
2221 0.00019292435 1.803927e-05 -5.4475754e-06
2222 0.00019223008 1.8036798e-05 -5.5119227e-06
2223 0.00019154503 1.8033847e-05 -5.5766863e-06
2224 0.0001908673 1.8030503e-05 -5.641994e-06
2225 0.00019019851 1.8026555e-05 -5.707519e-06
2226 0.00018953693 1.802212e-05 -5.7735292e-06
2227 0.00018888445 1.8017265e-05 -5.8398553e-06
2228 0.00018824011 1.8011823e-05 -5.9065166e-06
2229 0.00018760262 1.800597e-05 -5.9734157e-06
2230 0.00018697432 1.7999522e-05 -6.0405901e-06
2231 0.00018635394 1.7992554e-05 -6.1078056e-06
2232 0.00018574174 1.7985191e-05 -6.1753207e-06
2233 0.00018513649 1.797731e-05 -6.2428301e-06
2234 0.00018455026 1.7968847e-05 -6.3104571e-06
2235 0.00018398146 1.7959969e-05 -6.3780837e-06
2236 0.00018342131 1.7950523e-05 -6.4456428e-06
2237 0.00018286841 1.7940661e-05 -6.5132651e-06
2238 0.00018232341 1.7930328e-05 -6.5807394e-06
2239 0.00018178527 1.7919395e-05 -6.6481505e-06
2240 0.00018125613 1.7908074e-05 -6.7153806e-06
2241 0.00018073304 1.7896256e-05 -6.7824151e-06
2242 0.00018021799 1.7883852e-05 -6.8492851e-06
2243 0.00017971081 1.787107e-05 -6.9158012e-06
2244 0.00017921064 1.7857782e-05 -6.9820917e-06
2245 0.00017871755 1.7844006e-05 -7.0480255e-06
2246 0.00017823142 1.7829751e-05 -7.1136995e-06
2247 0.00017775248 1.781492e-05 -7.1789382e-06
2248 0.0001772806 1.7799701e-05 -7.2438752e-06
2249 0.00017681573 1.7784016e-05 -7.3082317e-06
2250 0.00017635797 1.7767855e-05 -7.3721727e-06
2251 0.00017590736 1.7751226e-05 -7.435548e-06
2252 0.00017546308 1.7734118e-05 -7.4984637e-06
2253 0.00017502491 1.7716553e-05 -7.560786e-06
2254 0.000174594 1.7698531e-05 -7.6225512e-06
2255 0.00017416847 1.7680033e-05 -7.6836612e-06
2256 0.00017375016 1.7661081e-05 -7.7440958e-06
2257 0.00017333828 1.7641675e-05 -7.8039652e-06
2258 0.0001729328 1.7621797e-05 -7.8630999e-06
2259 0.00017253263 1.7601573e-05 -7.9215346e-06
2260 0.00017213913 1.7580812e-05 -7.9791826e-06
2261 0.00017175199 1.7559607e-05 -8.0360414e-06
2262 0.00017137058 1.7537976e-05 -8.0921813e-06
2263 0.00017099389 1.7515942e-05 -8.1474861e-06
2264 0.00017062374 1.749359e-05 -8.2019047e-06
2265 0.00017025936 1.7470741e-05 -8.2554547e-06
2266 0.0001699008 1.7447479e-05 -8.3082324e-06
2267 0.00016954697 1.7423942e-05 -8.3599991e-06
2268 0.00016919827 1.7399911e-05 -8.4108885e-06
2269 0.00016885538 1.7375505e-05 -8.4607478e-06
2270 0.0001685177 1.7350823e-05 -8.5097779e-06
2271 0.0001681849 1.7325668e-05 -8.557818e-06
2272 0.00016785745 1.7300144e-05 -8.6047799e-06
2273 0.00016753497 1.727437e-05 -8.6508067e-06
2274 0.00016719448 1.7248136e-05 -8.6957242e-06
2275 0.00016683565 1.7221666e-05 -8.7396011e-06
2276 0.00016648228 1.7194868e-05 -8.7824603e-06
2277 0.00016613266 1.7167633e-05 -8.8242475e-06
2278 0.00016578771 1.7140194e-05 -8.8649051e-06
2279 0.00016544728 1.7112342e-05 -8.9044497e-06
2280 0.00016511161 1.7084292e-05 -8.9429742e-06
2281 0.00016477995 1.7055929e-05 -8.9801543e-06
2282 0.00016445215 1.7027195e-05 -9.0163009e-06
2283 0.00016412753 1.699827e-05 -9.0513377e-06
2284 0.00016380784 1.6969059e-05 -9.0851091e-06
2285 0.00016349139 1.6939483e-05 -9.1176938e-06
2286 0.00016317908 1.6909738e-05 -9.1491431e-06
2287 0.00016287024 1.6879755e-05 -9.1793652e-06
2288 0.00016256469 1.6849498e-05 -9.2083121e-06
2289 0.00016226251 1.6819026e-05 -9.235999e-06
2290 0.00016196397 1.6788225e-05 -9.262511e-06
2291 0.00016166812 1.6757309e-05 -9.2877756e-06
2292 0.00016137596 1.6726179e-05 -9.3118837e-06
2293 0.00016108646 1.6694868e-05 -9.3345652e-06
2294 0.00016079991 1.6663366e-05 -9.3562181e-06
2295 0.00016051628 1.6631675e-05 -9.3763762e-06
2296 0.00016023489 1.6599819e-05 -9.3953471e-06
2297 0.00015995637 1.6567795e-05 -9.4130851e-06
2298 0.00015968017 1.6535609e-05 -9.4295302e-06
2299 0.00015940723 1.6503271e-05 -9.4446605e-06
2300 0.00015913562 1.6470793e-05 -9.4583807e-06
2301 0.00015886645 1.6438164e-05 -9.4710366e-06
2302 0.00015859969 1.6405417e-05 -9.4821567e-06
2303 0.0001583338 1.6372639e-05 -9.4922312e-06
2304 0.00015807128 1.6339649e-05 -9.5008765e-06
2305 0.00015780972 1.6306565e-05 -9.508246e-06
2306 0.00015755001 1.627337e-05 -9.5142873e-06
2307 0.00015729209 1.6240094e-05 -9.519e-06
2308 0.00015703546 1.6206839e-05 -9.5225084e-06
2309 0.00015677978 1.6173401e-05 -9.5246781e-06
2310 0.00015652632 1.6139909e-05 -9.5256669e-06
2311 0.00015627393 1.6106448e-05 -9.525342e-06
2312 0.00015602212 1.6072846e-05 -9.5236698e-06
2313 0.0001557715 1.6039202e-05 -9.5208207e-06
2314 0.00015554565 1.6005635e-05 -9.5167197e-06
2315 0.00015534318 1.5971928e-05 -9.5113101e-06
2316 0.00015514149 1.5938311e-05 -9.5047159e-06
2317 0.00015494048 1.5904586e-05 -9.4968418e-06
2318 0.00015474015 1.5870954e-05 -9.4876986e-06
2319 0.00015453971 1.5837226e-05 -9.4773854e-06
2320 0.00015434015 1.580361e-05 -9.4658854e-06
2321 0.00015414058 1.5769911e-05 -9.4530976e-06
2322 0.00015394116 1.5736344e-05 -9.4392275e-06
2323 0.00015374271 1.570271e-05 -9.4240042e-06
2324 0.0001535436 1.5669229e-05 -9.4077343e-06
2325 0.0001533449 1.5635795e-05 -9.3902858e-06
2326 0.00015314556 1.5602337e-05 -9.3716944e-06
2327 0.00015294664 1.5569043e-05 -9.3519042e-06
2328 0.0001527473 1.5535843e-05 -9.3310722e-06
2329 0.00015254832 1.5502721e-05 -9.3091408e-06
2330 0.00015234847 1.5469613e-05 -9.286112e-06
2331 0.00015214812 1.5436696e-05 -9.2620052e-06
2332 0.00015194768 1.5403886e-05 -9.2368097e-06
2333 0.00015174703 1.5371194e-05 -9.21057e-06
2334 0.00015154559 1.5338623e-05 -9.183298e-06
2335 0.00015134317 1.5306185e-05 -9.1549498e-06
2336 0.00015113979 1.5273766e-05 -9.1256548e-06
2337 0.00015093672 1.5241604e-05 -9.0953155e-06
2338 0.00015073194 1.5209579e-05 -9.0639794e-06
2339 0.00015052648 1.5177713e-05 -9.0316706e-06
2340 0.0001503203 1.5146017e-05 -8.9984663e-06
2341 0.00015011274 1.5114479e-05 -8.964262e-06
2342 0.00014990465 1.5083122e-05 -8.9291222e-06
2343 0.00014969527 1.5051946e-05 -8.8930886e-06
2344 0.00014948445 1.5020956e-05 -8.8561887e-06
2345 0.00014927256 1.4990268e-05 -8.8184025e-06
2346 0.00014906035 1.4959661e-05 -8.7797502e-06
2347 0.00014884591 1.4929266e-05 -8.7401882e-06
2348 0.0001486305 1.4899067e-05 -8.6998531e-06
2349 0.00014841321 1.4869086e-05 -8.6586454e-06
2350 0.00014819475 1.4839327e-05 -8.6167047e-06
2351 0.00014797541 1.4809891e-05 -8.5739434e-06
2352 0.00014775418 1.4780576e-05 -8.5304618e-06
2353 0.00014753137 1.4751503e-05 -8.4861353e-06
2354 0.0001472969 1.4722667e-05 -8.4412768e-06
2355 0.00014705226 1.4694181e-05 -8.3954963e-06
2356 0.00014680503 1.4665846e-05 -8.3491055e-06
2357 0.00014655709 1.4637764e-05 -8.3021846e-06
2358 0.0001463067 1.4610052e-05 -8.2545643e-06
2359 0.00014605551 1.4582491e-05 -8.2062543e-06
2360 0.00014580209 1.4555304e-05 -8.157336e-06
2361 0.00014554713 1.4528278e-05 -8.107861e-06
2362 0.00014528981 1.450163e-05 -8.0577911e-06
2363 0.00014503117 1.4475158e-05 -8.0072708e-06
2364 0.00014477017 1.444906e-05 -7.9561043e-06
2365 0.00014450783 1.4423148e-05 -7.9045253e-06
2366 0.00014424409 1.4397625e-05 -7.8524139e-06
2367 0.00014397732 1.4372285e-05 -7.7998616e-06
2368 0.00014370925 1.4347344e-05 -7.7468398e-06
2369 0.00014343975 1.4322696e-05 -7.6934981e-06
2370 0.00014316745 1.4298253e-05 -7.6395547e-06
2371 0.0001428937 1.4274214e-05 -7.5853237e-06
2372 0.000142618 1.4250471e-05 -7.5307404e-06
2373 0.00014234106 1.4226938e-05 -7.4758879e-06
2374 0.00014206103 1.4203821e-05 -7.4206526e-06
2375 0.00014177993 1.4181007e-05 -7.3651266e-06
2376 0.00014149673 1.4158511e-05 -7.3093636e-06
2377 0.00014121075 1.4136235e-05 -7.2532943e-06
2378 0.00014092352 1.4114371e-05 -7.1969367e-06
2379 0.00014063415 1.4092823e-05 -7.1404542e-06
2380 0.00014034371 1.4071603e-05 -7.0837324e-06
2381 0.00014005052 1.4050695e-05 -7.0268268e-06
2382 0.00013975519 1.4030115e-05 -6.9698213e-06
2383 0.00013945787 1.4009864e-05 -6.9126486e-06
2384 0.00013915852 1.3989934e-05 -6.8553199e-06
2385 0.00013885814 1.3970331e-05 -6.7978459e-06
2386 0.0001385548 1.3951051e-05 -6.7403736e-06
2387 0.00013824954 1.39321e-05 -6.6828228e-06
2388 0.00013794305 1.3913482e-05 -6.6252209e-06
2389 0.00013763463 1.3895194e-05 -6.5675967e-06
2390 0.00013732338 1.3877233e-05 -6.5099906e-06
2391 0.00013701088 1.3859604e-05 -6.4523876e-06
2392 0.00013669726 1.3842313e-05 -6.3948637e-06
2393 0.00013638072 1.3825348e-05 -6.3373702e-06
2394 0.00013606639 1.3808716e-05 -6.2799699e-06
2395 0.0001357533 1.3792518e-05 -6.2226456e-06
2396 0.00013543906 1.3776545e-05 -6.1654322e-06
2397 0.00013512281 1.3760909e-05 -6.1083862e-06
2398 0.00013480434 1.37456e-05 -6.0513902e-06
2399 0.00013448464 1.373072e-05 -5.994669e-06
2400 0.0001341629 1.3716062e-05 -5.9380271e-06
2401 0.00013383914 1.3701736e-05 -5.8816449e-06
2402 0.00013351479 1.3687829e-05 -5.8254839e-06
2403 0.0001331877 1.3674149e-05 -5.7695442e-06
2404 0.00013285988 1.3660789e-05 -5.7138493e-06
2405 0.0001325301 1.3647861e-05 -5.6583744e-06
2406 0.00013219879 1.3635148e-05 -5.6032076e-06
2407 0.00013186626 1.3622858e-05 -5.5483572e-06
2408 0.00013153149 1.361078e-05 -5.4937886e-06
2409 0.00013119605 1.3599114e-05 -5.4395359e-06
2410 0.00013085842 1.3587669e-05 -5.3855956e-06
2411 0.00013052021 1.3576633e-05 -5.3320555e-06
2412 0.0001301797 1.3565801e-05 -5.278833e-06
2413 0.00012983853 1.3555384e-05 -5.225998e-06
2414 0.00012949578 1.3545162e-05 -5.1735868e-06
2415 0.00012915153 1.3535348e-05 -5.121592e-06
2416 0.00012880642 1.3525834e-05 -5.0699575e-06
2417 0.00012845988 1.3516517e-05 -5.0187959e-06
2418 0.00012811255 1.3507595e-05 -4.968047e-06
2419 0.00012776353 1.3498976e-05 -4.9178355e-06
2420 0.00012741443 1.3490629e-05 -4.8680285e-06
2421 0.00012706362 1.3482484e-05 -4.8187272e-06
2422 0.00012671201 1.3474713e-05 -4.7699474e-06
2423 0.00012636014 1.3467229e-05 -4.7216512e-06
2424 0.0001260065 1.3460016e-05 -4.673892e-06
2425 0.00012565261 1.3453089e-05 -4.6265871e-06
2426 0.00012529782 1.3446322e-05 -4.5799299e-06
2427 0.00012494171 1.3439927e-05 -4.5337955e-06
2428 0.00012458546 1.3433798e-05 -4.4881323e-06
2429 0.00012422878 1.3427934e-05 -4.4430859e-06
2430 0.0001238709 1.3422322e-05 -4.3986686e-06
2431 0.00012351269 1.3416964e-05 -4.3548072e-06
2432 0.00012315392 1.3411862e-05 -4.3115027e-06
2433 0.00012279474 1.3407004e-05 -4.2688492e-06
2434 0.00012242457 1.3402389e-05 -4.2267519e-06
2435 0.00012205322 1.3398019e-05 -4.1853522e-06
2436 0.0001216819 1.3393883e-05 -4.1445392e-06
2437 0.00012131004 1.3389974e-05 -4.1043688e-06
2438 0.00012093826 1.3386303e-05 -4.064842e-06
2439 0.0001205658 1.3382949e-05 -4.025971e-06
2440 0.00012019338 1.3379717e-05 -3.9877293e-06
2441 0.00011982087 1.3376703e-05 -3.9501737e-06
2442 0.00011944827 1.3373901e-05 -3.9132986e-06
2443 0.00011907483 1.3371301e-05 -3.8770704e-06
2444 0.00011870205 1.3369011e-05 -3.8415494e-06
2445 0.00011832979 1.3366826e-05 -3.8066929e-06
2446 0.00011795668 1.3364828e-05 -3.7725326e-06
2447 0.00011758471 1.3363129e-05 -3.7390267e-06
2448 0.00011721249 1.3361514e-05 -3.7062784e-06
2449 0.00011683985 1.336008e-05 -3.6741899e-06
2450 0.00011646842 1.3358927e-05 -3.6428509e-06
2451 0.00011609657 1.3357849e-05 -3.6121912e-06
2452 0.00011572574 1.3356934e-05 -3.5822318e-06
2453 0.00011535444 1.3356291e-05 -3.5530175e-06
2454 0.00011498402 1.3355711e-05 -3.5244954e-06
2455 0.00011461385 1.3355383e-05 -3.4966797e-06
2456 0.0001142446 1.3355105e-05 -3.4695998e-06
2457 0.00011387621 1.3355073e-05 -3.4432266e-06
2458 0.00011350791 1.3355086e-05 -3.4176412e-06
2459 0.00011313942 1.3355337e-05 -3.3926985e-06
2460 0.0001127726 1.335572e-05 -3.3684643e-06
2461 0.00011240634 1.3356136e-05 -3.3450444e-06
2462 0.00011204006 1.3356776e-05 -3.3222711e-06
2463 0.00011167586 1.3357427e-05 -3.3001878e-06
2464 0.00011131154 1.3358305e-05 -3.2789043e-06
2465 0.00011094847 1.3359289e-05 -3.2582863e-06
2466 0.00011058593 1.3360379e-05 -3.238362e-06
2467 0.00011022457 1.3361471e-05 -3.2191985e-06
2468 0.00010986425 1.3362766e-05 -3.2006482e-06
2469 0.00010950519 1.3364146e-05 -3.1829348e-06
2470 0.00010914651 1.3365621e-05 -3.1658593e-06
2471 0.00010878953 1.3367075e-05 -3.1494569e-06
2472 0.00010843364 1.3368706e-05 -3.1337526e-06
2473 0.00010808671 1.3370415e-05 -3.1187905e-06
2474 0.00010774862 1.3372189e-05 -3.1044669e-06
2475 0.00010741221 1.3374031e-05 -3.0908763e-06
2476 0.0001070766 1.337594e-05 -3.077956e-06
2477 0.00010674265 1.3377898e-05 -3.0656785e-06
2478 0.00010641027 1.3379903e-05 -3.0540801e-06
2479 0.00010607934 1.3381966e-05 -3.0431295e-06
2480 0.00010574905 1.3384071e-05 -3.0328876e-06
2481 0.00010542098 1.3386216e-05 -3.0232378e-06
2482 0.00010509431 1.3388396e-05 -3.0142502e-06
2483 0.00010476898 1.3390613e-05 -3.0059561e-06
2484 0.00010444501 1.3392856e-05 -2.9982332e-06
2485 0.00010412312 1.3395117e-05 -2.9911701e-06
2486 0.00010380318 1.3397408e-05 -2.9846907e-06
2487 0.00010348451 1.33997e-05 -2.9788487e-06
2488 0.00010316774 1.3402114e-05 -2.9736196e-06
2489 0.00010285208 1.3404433e-05 -2.9690191e-06
2490 0.00010253832 1.3406747e-05 -2.964936e-06
2491 0.00010222715 1.3409063e-05 -2.9615379e-06
2492 0.00010191715 1.3411474e-05 -2.9586556e-06
2493 0.00010160882 1.3413778e-05 -2.956373e-06
2494 0.00010130263 1.3416074e-05 -2.9546327e-06
2495 0.00010099816 1.3418343e-05 -2.9534875e-06
2496 0.00010069576 1.3420701e-05 -2.9529024e-06
2497 0.00010039513 1.3422931e-05 -2.9527864e-06
2498 0.00010009664 1.3425238e-05 -2.9532827e-06
2499 9.9799903e-05 1.3427404e-05 -2.9542277e-06
2500 9.9505208e-05 1.3429541e-05 -2.9557705e-06
2501 9.9212495e-05 1.3431736e-05 -2.9577448e-06
2502 9.8921693e-05 1.3433785e-05 -2.9603056e-06
2503 9.8633017e-05 1.3435882e-05 -2.9632559e-06
2504 9.8346437e-05 1.3437834e-05 -2.9667993e-06
2505 9.806175e-05 1.3439836e-05 -2.9707304e-06
2506 9.7779074e-05 1.3441675e-05 -2.9751532e-06
2507 9.7498612e-05 1.3443552e-05 -2.9800135e-06
2508 9.7220192e-05 1.3445374e-05 -2.9853614e-06
2509 9.6943924e-05 1.3447032e-05 -2.991089e-06
2510 9.6669707e-05 1.3448717e-05 -2.9972806e-06
2511 9.6397703e-05 1.3450236e-05 -3.0038613e-06
2512 9.6127847e-05 1.3451779e-05 -3.0108302e-06
2513 9.5859256e-05 1.3453244e-05 -3.0181874e-06
2514 9.5592332e-05 1.3454637e-05 -3.0259568e-06
2515 9.5327496e-05 1.3455845e-05 -3.0340935e-06
2516 9.5064762e-05 1.3457063e-05 -3.0425563e-06
2517 9.4804154e-05 1.3458195e-05 -3.0514359e-06
2518 9.4545793e-05 1.3459244e-05 -3.0605771e-06
2519 9.4289544e-05 1.34601e-05 -3.0700697e-06
2520 9.4035403e-05 1.3460958e-05 -3.0799081e-06
2521 9.3783591e-05 1.346172e-05 -3.0900268e-06
2522 9.3533825e-05 1.346239e-05 -3.1004421e-06
2523 9.3286169e-05 1.346296e-05 -3.1111785e-06
2524 9.3040691e-05 1.3463428e-05 -3.1221519e-06
2525 9.2797574e-05 1.3463793e-05 -3.1333924e-06
2526 9.25565e-05 1.3464048e-05 -3.1448833e-06
2527 9.2317583e-05 1.3464206e-05 -3.1565996e-06
2528 9.2081012e-05 1.346425e-05 -3.1685791e-06
2529 9.1846426e-05 1.3464188e-05 -3.1807809e-06
2530 9.161401e-05 1.3464014e-05 -3.1931791e-06
2531 9.1383881e-05 1.3463732e-05 -3.2057225e-06
2532 9.1155816e-05 1.3463336e-05 -3.2185081e-06
2533 9.0929988e-05 1.3462821e-05 -3.2314375e-06
2534 9.070625e-05 1.3462193e-05 -3.2445507e-06
2535 9.04846e-05 1.346144e-05 -3.2578108e-06
2536 9.0265196e-05 1.3460671e-05 -3.2711915e-06
2537 9.0047783e-05 1.3459678e-05 -3.2847415e-06
2538 8.9832687e-05 1.3458559e-05 -3.2983755e-06
2539 8.9619476e-05 1.3457322e-05 -3.3121574e-06
2540 8.9408483e-05 1.3456051e-05 -3.3260034e-06
2541 8.9199655e-05 1.3454568e-05 -3.3399643e-06
2542 8.8992764e-05 1.3452946e-05 -3.3539699e-06
2543 8.8788136e-05 1.3451213e-05 -3.3680933e-06
2544 8.858553e-05 1.3449446e-05 -3.3822227e-06
2545 8.8385026e-05 1.3447464e-05 -3.3964027e-06
2546 8.8186465e-05 1.3445452e-05 -3.4106185e-06
2547 8.7990041e-05 1.3443216e-05 -3.4249171e-06
2548 8.779568e-05 1.3440853e-05 -3.4391783e-06
2549 8.7603313e-05 1.3438463e-05 -3.453401e-06
2550 8.741301e-05 1.3435845e-05 -3.4676771e-06
2551 8.7224542e-05 1.3433195e-05 -3.4819054e-06
2552 8.7038254e-05 1.3430316e-05 -3.4961096e-06
2553 8.684717e-05 1.3427404e-05 -3.5103594e-06
2554 8.665159e-05 1.3424265e-05 -3.5244599e-06
2555 8.6457887e-05 1.3421088e-05 -3.5385489e-06
2556 8.6266029e-05 1.3417686e-05 -3.5525254e-06
2557 8.6076305e-05 1.3414252e-05 -3.5664808e-06
2558 8.5888225e-05 1.341069e-05 -3.5803462e-06
2559 8.570209e-05 1.34069e-05 -3.5941066e-06
2560 8.5517977e-05 1.3403075e-05 -3.6077597e-06
2561 8.5335554e-05 1.3399123e-05 -3.6213211e-06
2562 8.5155071e-05 1.3394936e-05 -3.6347596e-06
2563 8.4976309e-05 1.3390726e-05 -3.6480618e-06
2564 8.4799254e-05 1.3386379e-05 -3.661232e-06
2565 8.4623922e-05 1.3381899e-05 -3.6742714e-06
2566 8.4450435e-05 1.3377194e-05 -3.6871521e-06
2567 8.4278521e-05 1.3372453e-05 -3.6998395e-06
2568 8.4108374e-05 1.3367592e-05 -3.7124071e-06
2569 8.3939938e-05 1.3362598e-05 -3.7247776e-06
2570 8.3773021e-05 1.3357483e-05 -3.7369796e-06
2571 8.3607839e-05 1.3352248e-05 -3.7489571e-06
2572 8.3444118e-05 1.3346882e-05 -3.7608082e-06
2573 8.3282166e-05 1.3341406e-05 -3.772389e-06
2574 8.3121641e-05 1.3335712e-05 -3.7837618e-06
2575 8.2962657e-05 1.3329996e-05 -3.7949642e-06
2576 8.280523e-05 1.3324169e-05 -3.8059341e-06
2577 8.2649187e-05 1.3318223e-05 -3.8166612e-06
2578 8.2494644e-05 1.3312265e-05 -3.8271523e-06
2579 8.2341472e-05 1.3306094e-05 -3.837409e-06
2580 8.2189649e-05 1.3299809e-05 -3.8473609e-06
2581 8.2039249e-05 1.3293412e-05 -3.8570965e-06
2582 8.1890125e-05 1.328691e-05 -3.8665883e-06
2583 8.1742274e-05 1.32803e-05 -3.8757915e-06
2584 8.1595765e-05 1.3273584e-05 -3.8847191e-06
2585 8.1450454e-05 1.3266763e-05 -3.8933573e-06
2586 8.1306378e-05 1.3259943e-05 -3.9017583e-06
2587 8.116351e-05 1.3252928e-05 -3.9098329e-06
2588 8.1021772e-05 1.3245801e-05 -3.9176058e-06
2589 8.0881239e-05 1.3238581e-05 -3.9250907e-06
2590 8.0741612e-05 1.323137e-05 -3.9322862e-06
2591 8.0603238e-05 1.3223968e-05 -3.9391207e-06
2592 8.0465805e-05 1.3216468e-05 -3.9456709e-06
2593 8.0336609e-05 1.3208865e-05 -3.951891e-06
2594 8.0215633e-05 1.3201287e-05 -3.9578096e-06
2595 8.009562e-05 1.3193514e-05 -3.9633704e-06
2596 7.9976452e-05 1.3185756e-05 -3.9686163e-06
2597 7.9858162e-05 1.3177815e-05 -3.9735121e-06
2598 7.9740678e-05 1.3169793e-05 -3.9780688e-06
2599 7.9624182e-05 1.3161793e-05 -3.9823006e-06
2600 7.9508397e-05 1.3153613e-05 -3.9861383e-06
2601 7.9393459e-05 1.314546e-05 -3.9896904e-06
2602 7.9279195e-05 1.3137142e-05 -3.9928478e-06
2603 7.9165817e-05 1.3128855e-05 -3.9956731e-06
2604 7.9052984e-05 1.3120494e-05 -3.998125e-06
2605 7.8940924e-05 1.3111968e-05 -4.0002123e-06
2606 7.882947e-05 1.3103472e-05 -4.0019551e-06
2607 7.8718647e-05 1.3094821e-05 -4.0033263e-06
2608 7.8608439e-05 1.3086211e-05 -4.0043269e-06
2609 7.849872e-05 1.3077536e-05 -4.0049802e-06
2610 7.8389705e-05 1.3068701e-05 -4.0052481e-06
2611 7.8281106e-05 1.305992e-05 -4.0051343e-06
2612 7.8172938e-05 1.3051078e-05 -4.0046869e-06
2613 7.8065285e-05 1.3042187e-05 -4.0038673e-06
2614 7.7958178e-05 1.3033151e-05 -4.0026563e-06
2615 7.785143e-05 1.3024168e-05 -4.0010726e-06
2616 7.7745076e-05 1.3015139e-05 -3.999131e-06
2617 7.7639148e-05 1.3006066e-05 -3.9968018e-06
2618 7.7533498e-05 1.2996962e-05 -3.9941003e-06
2619 7.742817e-05 1.298771e-05 -3.9910499e-06
2620 7.7323292e-05 1.2978532e-05 -3.9876402e-06
2621 7.7218649e-05 1.2969324e-05 -3.9838447e-06
2622 7.711425e-05 1.2960076e-05 -3.9796962e-06
2623 7.7010015e-05 1.2950809e-05 -3.9751826e-06
2624 7.6906285e-05 1.2941515e-05 -3.9702674e-06
2625 7.6802485e-05 1.2932192e-05 -3.9650152e-06
2626 7.669893e-05 1.2922857e-05 -3.9593623e-06
2627 7.6595471e-05 1.2913495e-05 -3.9534108e-06
2628 7.6492243e-05 1.2904118e-05 -3.9470662e-06
2629 7.6389013e-05 1.2894729e-05 -3.940345e-06
2630 7.6285787e-05 1.2885323e-05 -3.9332748e-06
2631 7.6182754e-05 1.2875904e-05 -3.9258819e-06
2632 7.6079673e-05 1.2866586e-05 -3.918119e-06
2633 7.5972884e-05 1.2857156e-05 -3.9099569e-06
2634 7.5862074e-05 1.2847728e-05 -3.9015012e-06
2635 7.5751335e-05 1.2838307e-05 -3.8926821e-06
2636 7.5640541e-05 1.2828886e-05 -3.8835239e-06
2637 7.5529686e-05 1.2819476e-05 -3.8740506e-06
2638 7.541877e-05 1.2810168e-05 -3.8642324e-06
2639 7.5307938e-05 1.2800778e-05 -3.8540908e-06
2640 7.5196802e-05 1.2791394e-05 -3.8436263e-06
2641 7.5085588e-05 1.2782128e-05 -3.8328189e-06
2642 7.4974216e-05 1.2772777e-05 -3.8217142e-06
2643 7.4862666e-05 1.276344e-05 -3.8102468e-06
2644 7.4750967e-05 1.2754225e-05 -3.7984674e-06
2645 7.4638878e-05 1.2744934e-05 -3.786383e-06
2646 7.4526691e-05 1.2735661e-05 -3.7740205e-06
2647 7.4414277e-05 1.272652e-05 -3.7613079e-06
2648 7.4301429e-05 1.2717306e-05 -3.7482913e-06
2649 7.4188416e-05 1.2708225e-05 -3.735003e-06
2650 7.4075034e-05 1.2699074e-05 -3.7213844e-06
2651 7.3961425e-05 1.2690056e-05 -3.7075078e-06
2652 7.3847416e-05 1.2680977e-05 -3.693349e-06
2653 7.3733001e-05 1.2672035e-05 -3.6788545e-06
2654 7.3618051e-05 1.2663028e-05 -3.6641033e-06
2655 7.3502889e-05 1.2654165e-05 -3.6490935e-06
2656 7.3387316e-05 1.2645344e-05 -3.6337878e-06
2657 7.3271166e-05 1.2636464e-05 -3.6182042e-06
2658 7.3154571e-05 1.2627735e-05 -3.6023513e-06
2659 7.3037487e-05 1.261905e-05 -3.5862763e-06
2660 7.2919888e-05 1.2610319e-05 -3.5699311e-06
2661 7.2802007e-05 1.2601738e-05 -3.5533147e-06
2662 7.2683444e-05 1.2593208e-05 -3.5364842e-06
2663 7.2564365e-05 1.2584637e-05 -3.5194076e-06
2664 7.2445056e-05 1.2576218e-05 -3.5021138e-06
2665 7.2324986e-05 1.2567862e-05 -3.4845861e-06
2666 7.2204502e-05 1.2559568e-05 -3.4668289e-06
2667 7.2083427e-05 1.255133e-05 -3.4488951e-06
2668 7.196189e-05 1.2543157e-05 -3.430705e-06
2669 7.1839723e-05 1.2534952e-05 -3.4123456e-06
2670 7.1717077e-05 1.2526907e-05 -3.3937835e-06
2671 7.1593845e-05 1.251893e-05 -3.3750365e-06
2672 7.1470085e-05 1.2511024e-05 -3.3560874e-06
2673 7.1342307e-05 1.2503183e-05 -3.3369608e-06
2674 7.1210569e-05 1.2495415e-05 -3.3176761e-06
2675 7.1078233e-05 1.2487715e-05 -3.2982015e-06
2676 7.0945443e-05 1.2480084e-05 -3.2785865e-06
2677 7.0812023e-05 1.2472539e-05 -3.2588015e-06
2678 7.0677905e-05 1.2465058e-05 -3.2388555e-06
2679 7.0543371e-05 1.2457659e-05 -3.2187798e-06
2680 7.0408231e-05 1.2450341e-05 -3.198573e-06
2681 7.027255e-05 1.2443096e-05 -3.1782058e-06
2682 7.01363e-05 1.2435934e-05 -3.1577127e-06
2683 6.9999315e-05 1.2428948e-05 -3.1371359e-06
2684 6.986189e-05 1.2421943e-05 -3.1164045e-06
2685 6.9723712e-05 1.2415024e-05 -3.0955714e-06
2686 6.9584998e-05 1.2408189e-05 -3.0746502e-06
2687 6.944576e-05 1.2401437e-05 -3.0536401e-06
2688 6.9305875e-05 1.2394867e-05 -3.0325153e-06
2689 6.9165504e-05 1.2388284e-05 -3.0113137e-06
2690 6.9024459e-05 1.2381793e-05 -2.9900133e-06
2691 6.8883003e-05 1.2375485e-05 -2.9686835e-06
2692 6.8740807e-05 1.2369167e-05 -2.9472733e-06
2693 6.8598175e-05 1.2362937e-05 -2.9257876e-06
2694 6.845494e-05 1.2356901e-05 -2.9042604e-06
2695 6.8311157e-05 1.2350851e-05 -2.8827079e-06
2696 6.8166809e-05 1.2344891e-05 -2.8610927e-06
2697 6.8021879e-05 1.2339129e-05 -2.8394422e-06
2698 6.7876519e-05 1.2333356e-05 -2.8177733e-06
2699 6.7730513e-05 1.2327771e-05 -2.7960559e-06
2700 6.7583939e-05 1.2322178e-05 -2.7743339e-06
2701 6.7436909e-05 1.2316779e-05 -2.7525929e-06
2702 6.728925e-05 1.2311373e-05 -2.7308507e-06
2703 6.7141092e-05 1.2306162e-05 -2.7091043e-06
2704 6.6992332e-05 1.2300943e-05 -2.687366e-06
2705 6.6843047e-05 1.2295919e-05 -2.6656245e-06
2706 6.6693214e-05 1.2290984e-05 -2.643891e-06
2707 6.6542929e-05 1.228605e-05 -2.6221893e-06
2708 6.639196e-05 1.228131e-05 -2.6005124e-06
2709 6.6240618e-05 1.2276657e-05 -2.5788639e-06
2710 6.6088695e-05 1.2272002e-05 -2.5572447e-06
2711 6.5936243e-05 1.2267548e-05 -2.5356758e-06
2712 6.5783514e-05 1.2263176e-05 -2.5141641e-06
2713 6.5637951e-05 1.2258803e-05 -2.4926724e-06
2714 6.5499781e-05 1.2254629e-05 -2.4712601e-06
2715 6.5361107e-05 1.225055e-05 -2.4499019e-06
2716 6.5222014e-05 1.2246556e-05 -2.4286389e-06
2717 6.5082468e-05 1.2242664e-05 -2.4074171e-06
2718 6.494228e-05 1.2238762e-05 -2.3862698e-06
2719 6.4801674e-05 1.223505e-05 -2.3652087e-06
2720 6.4660603e-05 1.2231433e-05 -2.3442089e-06
2721 6.4519101e-05 1.2227905e-05 -2.3233346e-06
2722 6.4377002e-05 1.2224473e-05 -2.3025465e-06
2723 6.4234652e-05 1.222113e-05 -2.2818623e-06
2724 6.4091895e-05 1.2217883e-05 -2.261249e-06
2725 6.394869e-05 1.2214724e-05 -2.2407848e-06
2726 6.3805035e-05 1.2211655e-05 -2.2204041e-06
2727 6.3661146e-05 1.2208676e-05 -2.2001775e-06
2728 6.3516913e-05 1.2205785e-05 -2.1800299e-06
2729 6.3372344e-05 1.2202985e-05 -2.1600363e-06
2730 6.3227376e-05 1.2200274e-05 -2.1401774e-06
2731 6.3082185e-05 1.2197655e-05 -2.1204564e-06
2732 6.2936731e-05 1.2195118e-05 -2.1008659e-06
2733 6.2790942e-05 1.2192667e-05 -2.0814201e-06
2734 6.2644704e-05 1.2190406e-05 -2.0621314e-06
2735 6.2498409e-05 1.2188125e-05 -2.0429643e-06
2736 6.2351802e-05 1.2185934e-05 -2.0239881e-06
2737 6.2204955e-05 1.2183826e-05 -2.0051524e-06
2738 6.205781e-05 1.2181795e-05 -1.9864824e-06
2739 6.1910529e-05 1.2179947e-05 -1.9679787e-06
2740 6.1763097e-05 1.2178085e-05 -1.9496354e-06
2741 6.1615486e-05 1.2176301e-05 -1.9314838e-06
2742 6.146754e-05 1.2174697e-05 -1.9134862e-06
2743 6.1319553e-05 1.2173077e-05 -1.8956929e-06
2744 6.1171459e-05 1.217153e-05 -1.8780698e-06
2745 6.1023213e-05 1.2170159e-05 -1.8606235e-06
2746 6.0874789e-05 1.2168769e-05 -1.8433637e-06
2747 6.0726303e-05 1.2167545e-05 -1.8263199e-06
2748 6.0577722e-05 1.2166304e-05 -1.8094514e-06
2749 6.042903e-05 1.2165136e-05 -1.7927934e-06
2750 6.0280196e-05 1.2164139e-05 -1.7763235e-06
2751 6.0131331e-05 1.2163106e-05 -1.7600585e-06
2752 5.9982575e-05 1.2162251e-05 -1.7440048e-06
2753 5.983193e-05 1.2161363e-05 -1.7281329e-06
2754 5.9679371e-05 1.2160643e-05 -1.7125048e-06
2755 5.9527001e-05 1.2159997e-05 -1.6970672e-06
2756 5.9374556e-05 1.2159308e-05 -1.6818444e-06
2757 5.9222289e-05 1.215879e-05 -1.6668416e-06
2758 5.9070063e-05 1.2158229e-05 -1.6520728e-06
2759 5.8917747e-05 1.2157837e-05 -1.6374956e-06
2760 5.8765675e-05 1.2157506e-05 -1.6231476e-06
2761 5.8613607e-05 1.2157131e-05 -1.6090197e-06
2762 5.8461662e-05 1.2156919e-05 -1.5951235e-06
2763 5.8309935e-05 1.2156768e-05 -1.5814586e-06
2764 5.8158146e-05 1.2156669e-05 -1.5680031e-06
2765 5.8006672e-05 1.2156525e-05 -1.5547762e-06
2766 5.7855232e-05 1.2156538e-05 -1.5417658e-06
2767 5.7704062e-05 1.2156608e-05 -1.5289944e-06
2768 5.7553078e-05 1.2156725e-05 -1.5164461e-06
2769 5.7402209e-05 1.2156896e-05 -1.504144e-06
2770 5.7251669e-05 1.2157115e-05 -1.4920567e-06
2771 5.710136e-05 1.2157285e-05 -1.4802074e-06
2772 5.695121e-05 1.2157601e-05 -1.4685769e-06
2773 5.6801411e-05 1.2157964e-05 -1.4571794e-06
2774 5.6651841e-05 1.2158368e-05 -1.4460133e-06
2775 5.6502593e-05 1.2158817e-05 -1.4350686e-06
2776 5.6353469e-05 1.2159309e-05 -1.4243761e-06
2777 5.6204755e-05 1.2159844e-05 -1.4139155e-06
2778 5.6056403e-05 1.2160418e-05 -1.4036724e-06
2779 5.5908208e-05 1.216103e-05 -1.3936574e-06
2780 5.5760483e-05 1.216168e-05 -1.3838753e-06
2781 5.5613172e-05 1.2162464e-05 -1.3743404e-06
2782 5.5466235e-05 1.2163183e-05 -1.3650191e-06
2783 5.5319549e-05 1.2163939e-05 -1.3559183e-06
2784 5.5173455e-05 1.2164721e-05 -1.3470576e-06
2785 5.5027761e-05 1.2165542e-05 -1.3384219e-06
2786 5.488242e-05 1.2166386e-05 -1.3300176e-06
2787 5.4737522e-05 1.2167266e-05 -1.3218392e-06
2788 5.4593156e-05 1.2168265e-05 -1.3138835e-06
2789 5.4449172e-05 1.2169198e-05 -1.3061571e-06
2790 5.4305714e-05 1.2170147e-05 -1.2986397e-06
2791 5.4162799e-05 1.2171126e-05 -1.291364e-06
2792 5.4020201e-05 1.2172225e-05 -1.284309e-06
2793 5.387846e-05 1.2173245e-05 -1.2774788e-06
2794 5.3737414e-05 1.2174287e-05 -1.2708467e-06
2795 5.3596789e-05 1.2175441e-05 -1.2644594e-06
2796 5.3456867e-05 1.2176522e-05 -1.2582822e-06
2797 5.331731e-05 1.217771e-05 -1.2523174e-06
2798 5.3178429e-05 1.2178821e-05 -1.246584e-06
2799 5.3040075e-05 1.2179937e-05 -1.2410347e-06
2800 5.2902309e-05 1.2181173e-05 -1.2357219e-06
2801 5.2765114e-05 1.2182317e-05 -1.2306029e-06
2802 5.2628636e-05 1.2183567e-05 -1.2257108e-06
2803 5.2492682e-05 1.2184731e-05 -1.2210128e-06
2804 5.235724e-05 1.2186001e-05 -1.2165454e-06
2805 5.2222623e-05 1.2187277e-05 -1.2122754e-06
2806 5.2088393e-05 1.2188464e-05 -1.2081969e-06
2807 5.1955048e-05 1.2189748e-05 -1.2042971e-06
2808 5.1822233e-05 1.2190935e-05 -1.2006424e-06
2809 5.169003e-05 1.2192225e-05 -1.1971579e-06
2810 5.1558561e-05 1.2193513e-05 -1.1938696e-06
2811 5.1427597e-05 1.2194699e-05 -1.1907712e-06
2812 5.1297495e-05 1.2195986e-05 -1.1878676e-06
2813 5.1168031e-05 1.2197269e-05 -1.1851682e-06
2814 5.1039126e-05 1.2198544e-05 -1.1826421e-06
2815 5.0911053e-05 1.2199717e-05 -1.1802879e-06
2816 5.0783656e-05 1.2200986e-05 -1.1781221e-06
2817 5.0656899e-05 1.2202245e-05 -1.1761236e-06
2818 5.0530924e-05 1.2203499e-05 -1.1743043e-06
2819 5.0405689e-05 1.220474e-05 -1.1726654e-06
2820 5.02812e-05 1.2205876e-05 -1.1711883e-06
2821 5.0157429e-05 1.22071e-05 -1.1698729e-06
2822 5.0034327e-05 1.2208316e-05 -1.1687266e-06
2823 4.991203e-05 1.2209517e-05 -1.1677201e-06
2824 4.9790541e-05 1.2210705e-05 -1.1669032e-06
2825 4.9669638e-05 1.221188e-05 -1.1662422e-06
2826 4.9549625e-05 1.2213035e-05 -1.1656991e-06
2827 4.943037e-05 1.221418e-05 -1.1653159e-06
2828 4.9311833e-05 1.2215303e-05 -1.165083e-06
2829 4.9193967e-05 1.2216411e-05 -1.1649979e-06
2830 4.9076986e-05 1.2217505e-05 -1.1650578e-06
2831 4.896079e-05 1.2218578e-05 -1.1652297e-06
2832 4.8845261e-05 1.221963e-05 -1.1655473e-06
2833 4.8725322e-05 1.2220661e-05 -1.1660067e-06
2834 4.8606136e-05 1.2221673e-05 -1.1665719e-06
2835 4.8487845e-05 1.2222763e-05 -1.1672706e-06
2836 4.8370266e-05 1.2223729e-05 -1.1681096e-06
2837 4.8253468e-05 1.2224675e-05 -1.1690447e-06
2838 4.8137417e-05 1.2225593e-05 -1.1701011e-06
2839 4.8022183e-05 1.2226487e-05 -1.1712511e-06
2840 4.7907801e-05 1.222745e-05 -1.172549e-06
2841 4.7794126e-05 1.2228295e-05 -1.1739251e-06
2842 4.7681229e-05 1.2229113e-05 -1.1754025e-06
2843 4.7569285e-05 1.2229902e-05 -1.1770067e-06
2844 4.7457969e-05 1.2230767e-05 -1.1786669e-06
2845 4.7347489e-05 1.2231498e-05 -1.1804601e-06
2846 4.7237871e-05 1.2232305e-05 -1.1822956e-06
2847 4.7129006e-05 1.2232989e-05 -1.1842435e-06
2848 4.7021037e-05 1.2233637e-05 -1.186271e-06
2849 4.6913829e-05 1.2234363e-05 -1.1883707e-06
2850 4.6807268e-05 1.2234957e-05 -1.1905494e-06
2851 4.6701647e-05 1.2235617e-05 -1.1928106e-06
2852 4.6596831e-05 1.2236146e-05 -1.1951302e-06
2853 4.6492689e-05 1.223675e-05 -1.197534e-06
2854 4.6389418e-05 1.2237217e-05 -1.1999852e-06
2855 4.6286943e-05 1.2237749e-05 -1.2025124e-06
2856 4.6185238e-05 1.2238151e-05 -1.2050822e-06
2857 4.6084325e-05 1.2238625e-05 -1.2077109e-06
2858 4.5984178e-05 1.223896e-05 -1.2104099e-06
2859 4.5884792e-05 1.2239361e-05 -1.2131281e-06
2860 4.5786205e-05 1.223973e-05 -1.2159057e-06
2861 4.5688381e-05 1.2239966e-05 -1.218736e-06
2862 4.5591325e-05 1.2240265e-05 -1.2215991e-06
2863 4.5495024e-05 1.2240532e-05 -1.2244925e-06
2864 4.5399451e-05 1.2240762e-05 -1.227419e-06
2865 4.5304656e-05 1.2240857e-05 -1.2303878e-06
2866 4.521055e-05 1.2241015e-05 -1.2333726e-06
2867 4.5117398e-05 1.2241133e-05 -1.2363946e-06
2868 4.5024813e-05 1.224122e-05 -1.2394344e-06
2869 4.4932946e-05 1.2241167e-05 -1.2424906e-06
2870 4.4841938e-05 1.2241179e-05 -1.2455674e-06
2871 4.4751522e-05 1.2241156e-05 -1.2486546e-06
2872 4.466635e-05 1.2241101e-05 -1.2517546e-06
2873 4.4586304e-05 1.2241009e-05 -1.2548715e-06
2874 4.4506896e-05 1.2240879e-05 -1.2579724e-06
2875 4.4428222e-05 1.2240714e-05 -1.2610896e-06
2876 4.4350306e-05 1.2240517e-05 -1.2642065e-06
2877 4.4273048e-05 1.224028e-05 -1.2673002e-06
2878 4.4196491e-05 1.2240015e-05 -1.270414e-06
2879 4.4120506e-05 1.2239711e-05 -1.2735182e-06
2880 4.4045316e-05 1.2239369e-05 -1.2765986e-06
2881 4.3970793e-05 1.2238999e-05 -1.2796672e-06
2882 4.3896883e-05 1.2238589e-05 -1.2827296e-06
2883 4.3823673e-05 1.2238146e-05 -1.2857733e-06
2884 4.3751021e-05 1.2237664e-05 -1.2887719e-06
2885 4.3679069e-05 1.2237154e-05 -1.2917672e-06
2886 4.3607773e-05 1.223661e-05 -1.2947371e-06
2887 4.3537098e-05 1.2236028e-05 -1.2976548e-06
2888 4.3467042e-05 1.2235516e-05 -1.3005736e-06
2889 4.3397439e-05 1.223487e-05 -1.3034281e-06
2890 4.332865e-05 1.223419e-05 -1.3062711e-06
2891 4.3260374e-05 1.2233476e-05 -1.3090681e-06
2892 4.3192762e-05 1.2232833e-05 -1.3118113e-06
2893 4.3125676e-05 1.2232059e-05 -1.3145293e-06
2894 4.3059197e-05 1.2231251e-05 -1.3171889e-06
2895 4.2993234e-05 1.2230512e-05 -1.3198146e-06
2896 4.2927872e-05 1.2229644e-05 -1.322366e-06
2897 4.2863085e-05 1.2228745e-05 -1.3248912e-06
2898 4.2798879e-05 1.2227914e-05 -1.3273559e-06
2899 4.2735159e-05 1.2226953e-05 -1.3297594e-06
2900 4.2671929e-05 1.2226064e-05 -1.3321062e-06
2901 4.2609278e-05 1.2225039e-05 -1.3344113e-06
2902 4.2547134e-05 1.2223992e-05 -1.3366275e-06
2903 4.2485514e-05 1.2223012e-05 -1.3387838e-06
2904 4.2424424e-05 1.2221903e-05 -1.3408842e-06
2905 4.2363751e-05 1.2220866e-05 -1.3429113e-06
2906 4.2303599e-05 1.22197e-05 -1.344878e-06
2907 4.2243949e-05 1.2218609e-05 -1.346768e-06
2908 4.2184786e-05 1.221749e-05 -1.3485878e-06
2909 4.2126089e-05 1.221625e-05 -1.3503397e-06
2910 4.2067871e-05 1.2215079e-05 -1.3520137e-06
2911 4.2009995e-05 1.2213785e-05 -1.3536219e-06
2912 4.1946282e-05 1.2212567e-05 -1.3551429e-06
2913 4.1876604e-05 1.2211325e-05 -1.3565933e-06
2914 4.1807268e-05 1.2210061e-05 -1.3579663e-06
2915 4.1738437e-05 1.2208674e-05 -1.3592519e-06
2916 4.1669965e-05 1.2207357e-05 -1.3604593e-06
2917 4.1601867e-05 1.220602e-05 -1.3615829e-06
2918 4.1534272e-05 1.2204664e-05 -1.3626354e-06
2919 4.1467057e-05 1.2203186e-05 -1.3635887e-06
2920 4.1400225e-05 1.2201788e-05 -1.3644611e-06
2921 4.1333871e-05 1.2200368e-05 -1.3652625e-06
2922 4.1267771e-05 1.2198924e-05 -1.365965e-06
2923 4.1202048e-05 1.2197468e-05 -1.3665879e-06
2924 4.1136774e-05 1.2195992e-05 -1.3671153e-06
2925 4.1071717e-05 1.2194496e-05 -1.3675613e-06
2926 4.1007183e-05 1.2192881e-05 -1.3679189e-06
2927 4.0942789e-05 1.2191355e-05 -1.368178e-06
2928 4.0878865e-05 1.2189806e-05 -1.3683695e-06
2929 4.0815238e-05 1.2188241e-05 -1.3684433e-06
2930 4.0751921e-05 1.2186669e-05 -1.3684454e-06
2931 4.0688907e-05 1.218507e-05 -1.368349e-06
2932 4.0626137e-05 1.2183564e-05 -1.3681556e-06
2933 4.0563703e-05 1.2181947e-05 -1.3678816e-06
2934 4.0501546e-05 1.2180314e-05 -1.3675073e-06
2935 4.0439751e-05 1.217867e-05 -1.3670456e-06
2936 4.0378052e-05 1.2177018e-05 -1.3664931e-06
2937 4.0316662e-05 1.2175358e-05 -1.3658473e-06
2938 4.0255628e-05 1.2173684e-05 -1.3651097e-06
2939 4.019481e-05 1.2172e-05 -1.3642815e-06
2940 4.0134164e-05 1.2170416e-05 -1.3633527e-06
2941 4.0073755e-05 1.2168716e-05 -1.3623357e-06
2942 4.0013588e-05 1.2167014e-05 -1.361219e-06
2943 3.9953688e-05 1.2165309e-05 -1.3600203e-06
2944 3.9893905e-05 1.2163695e-05 -1.358732e-06
2945 3.9834327e-05 1.2161971e-05 -1.3573364e-06
2946 3.9774978e-05 1.2160248e-05 -1.3558576e-06
2947 3.9715726e-05 1.2158618e-05 -1.3542764e-06
2948 3.9656833e-05 1.2156892e-05 -1.3526142e-06
2949 3.959794e-05 1.2155157e-05 -1.3508493e-06
2950 3.9539316e-05 1.215352e-05 -1.3490029e-06
2951 3.9480743e-05 1.2151788e-05 -1.3470517e-06
2952 3.942604e-05 1.215015e-05 -1.3450151e-06
2953 3.9375224e-05 1.2148413e-05 -1.3428927e-06
2954 3.9324574e-05 1.2146778e-05 -1.3406691e-06
2955 3.9274061e-05 1.214504e-05 -1.3383736e-06
2956 3.9223618e-05 1.214341e-05 -1.3359657e-06
2957 3.9173219e-05 1.2141679e-05 -1.3334738e-06
2958 3.9122916e-05 1.2140048e-05 -1.3309088e-06
2959 3.9072741e-05 1.2138322e-05 -1.3282407e-06
2960 3.9022597e-05 1.2136699e-05 -1.3254853e-06
2961 3.8972631e-05 1.2135083e-05 -1.3226457e-06
2962 3.8922695e-05 1.2133374e-05 -1.3197233e-06
2963 3.8872746e-05 1.2131765e-05 -1.3167134e-06
2964 3.8822906e-05 1.2130167e-05 -1.3136166e-06
2965 3.87732e-05 1.2128473e-05 -1.3104346e-06
2966 3.8723503e-05 1.2126886e-05 -1.3071827e-06
2967 3.8673782e-05 1.2125312e-05 -1.3038508e-06
2968 3.8624194e-05 1.2123746e-05 -1.3004413e-06
2969 3.8574587e-05 1.2122085e-05 -1.2969348e-06
2970 3.8524996e-05 1.212054e-05 -1.2933709e-06
2971 3.8475448e-05 1.2118997e-05 -1.2897228e-06
2972 3.842599e-05 1.2117469e-05 -1.2860089e-06
2973 3.8376432e-05 1.2115954e-05 -1.2821911e-06
2974 3.8326921e-05 1.211435e-05 -1.2783208e-06
2975 3.8277536e-05 1.2112858e-05 -1.2743861e-06
2976 3.8228057e-05 1.2111381e-05 -1.2703606e-06
2977 3.8178678e-05 1.2109913e-05 -1.2662885e-06
2978 3.8129152e-05 1.210846e-05 -1.2621246e-06
2979 3.8079656e-05 1.2107019e-05 -1.257916e-06
2980 3.8030275e-05 1.2105595e-05 -1.2536281e-06
2981 3.7980786e-05 1.2104189e-05 -1.249276e-06
2982 3.7931378e-05 1.2102799e-05 -1.2448689e-06
2983 3.7881847e-05 1.2101423e-05 -1.2403999e-06
2984 3.7832426e-05 1.2100062e-05 -1.2358617e-06
2985 3.7782875e-05 1.209872e-05 -1.231277e-06
2986 3.7733431e-05 1.2097495e-05 -1.2266261e-06
2987 3.7683813e-05 1.2096188e-05 -1.2219213e-06
2988 3.7634354e-05 1.2094903e-05 -1.2171751e-06
2989 3.7584703e-05 1.2093633e-05 -1.2123526e-06
2990 3.7535101e-05 1.2092384e-05 -1.2074987e-06
2991 3.7485399e-05 1.209115e-05 -1.2025722e-06
2992 3.7437178e-05 1.2090039e-05 -1.1976104e-06
2993 3.7390301e-05 1.2088847e-05 -1.1925926e-06
2994 3.734345e-05 1.2087677e-05 -1.1875363e-06
2995 3.7296484e-05 1.208653e-05 -1.1824337e-06
2996 3.7249494e-05 1.20855e-05 -1.177276e-06
2997 3.7202556e-05 1.2084395e-05 -1.1720849e-06
2998 3.715544e-05 1.2083311e-05 -1.1668485e-06
2999 3.7108319e-05 1.2082351e-05 -1.1615815e-06
3000 3.7061224e-05 1.2081311e-05 -1.1562772e-06
3001 3.7014003e-05 1.2080399e-05 -1.1509322e-06
3002 3.6966685e-05 1.2079406e-05 -1.1455485e-06
3003 3.6919489e-05 1.207844e-05 -1.1401399e-06
3004 3.6872101e-05 1.2077596e-05 -1.1347146e-06
3005 3.6824642e-05 1.2076679e-05 -1.129235e-06
3006 3.6777283e-05 1.2075882e-05 -1.1237367e-06
3007 3.6729677e-05 1.2075017e-05 -1.1182122e-06
3008 3.668206e-05 1.2074271e-05 -1.112664e-06
3009 3.6634452e-05 1.2073551e-05 -1.107076e-06
3010 3.6586686e-05 1.2072759e-05 -1.1014829e-06
3011 3.6538881e-05 1.2072091e-05 -1.0958571e-06
3012 3.6491032e-05 1.2071347e-05 -1.0902217e-06
3013 3.6443073e-05 1.2070731e-05 -1.0845593e-06
3014 3.6395126e-05 1.2070142e-05 -1.0788808e-06
3015 3.6346995e-05 1.2069481e-05 -1.073199e-06
3016 3.62988e-05 1.2068941e-05 -1.067488e-06
3017 3.6250606e-05 1.206843e-05 -1.0617717e-06
3018 3.6202281e-05 1.2067947e-05 -1.0560328e-06
3019 3.6153818e-05 1.2067389e-05 -1.0502997e-06
3020 3.61054e-05 1.2066958e-05 -1.0445475e-06
3021 3.6056802e-05 1.2066555e-05 -1.0387887e-06
3022 3.6008065e-05 1.2066178e-05 -1.0330247e-06
3023 3.595944e-05 1.2065828e-05 -1.0272593e-06
3024 3.5910553e-05 1.2065406e-05 -1.0214885e-06
3025 3.5861623e-05 1.2065111e-05 -1.0157206e-06
3026 3.5812745e-05 1.2064844e-05 -1.0099496e-06
3027 3.5763676e-05 1.2064604e-05 -1.0041812e-06
3028 3.5714584e-05 1.2064392e-05 -9.9842301e-07
3029 3.5665379e-05 1.2064207e-05 -9.9266508e-07
3030 3.5616086e-05 1.2064051e-05 -9.869203e-07
3031 3.5566873e-05 1.2063921e-05 -9.8117271e-07
3032 3.5517446e-05 1.206382e-05 -9.7543662e-07
3033 3.5468048e-05 1.2063745e-05 -9.6971396e-07
3034 3.5418547e-05 1.2063699e-05 -9.6401246e-07
3035 3.5368905e-05 1.206368e-05 -9.5830878e-07
3036 3.5319342e-05 1.2063688e-05 -9.5262419e-07
3037 3.5269601e-05 1.2063724e-05 -9.4696071e-07
3038 3.5219927e-05 1.2063888e-05 -9.4131736e-07
3039 3.5170077e-05 1.2063979e-05 -9.3567879e-07
3040 3.5120291e-05 1.2064097e-05 -9.3007726e-07
3041 3.5070366e-05 1.2064241e-05 -9.2448953e-07
3042 3.5020497e-05 1.2064415e-05 -9.1892298e-07
3043 3.4970497e-05 1.2064714e-05 -9.133794e-07
3044 3.4920528e-05 1.206494e-05 -9.0785587e-07
3045 3.4870475e-05 1.2065194e-05 -9.0236678e-07
3046 3.4820451e-05 1.2065474e-05 -8.9690302e-07
3047 3.4770297e-05 1.206588e-05 -8.9146389e-07
3048 3.4720207e-05 1.2066213e-05 -8.8606323e-07
3049 3.4670015e-05 1.2066573e-05 -8.8068853e-07
3050 3.4619795e-05 1.2067059e-05 -8.753383e-07
3051 3.4569668e-05 1.2067471e-05 -8.7002483e-07
3052 3.4519414e-05 1.2068009e-05 -8.647555e-07
3053 3.4469234e-05 1.2068472e-05 -8.5950157e-07
3054 3.4418971e-05 1.2068962e-05 -8.5430138e-07
3055 3.4368808e-05 1.2069576e-05 -8.491331e-07
3056 3.4318544e-05 1.2070117e-05 -8.4399781e-07
3057 3.4268404e-05 1.2070782e-05 -8.3891411e-07
3058 3.4218207e-05 1.2071373e-05 -8.3385657e-07
3059 3.4168053e-05 1.2072089e-05 -8.2883895e-07
3060 3.4117889e-05 1.2072828e-05 -8.238734e-07
3061 3.4067749e-05 1.2073492e-05 -8.1894307e-07
3062 3.4017606e-05 1.2074281e-05 -8.1405764e-07
3063 3.3967574e-05 1.2074993e-05 -8.0921234e-07
3064 3.3917458e-05 1.207583e-05 -8.0440969e-07
3065 3.3867471e-05 1.2076689e-05 -7.9965145e-07
3066 3.3817413e-05 1.2077472e-05 -7.9494404e-07
3067 3.3767473e-05 1.2078378e-05 -7.9028531e-07
3068 3.3717469e-05 1.2079307e-05 -7.8566635e-07
3069 3.3667601e-05 1.2080258e-05 -7.8109543e-07
3070 3.3617705e-05 1.2081132e-05 -7.7657197e-07
3071 3.3567957e-05 1.2082127e-05 -7.7209578e-07
3072 3.351272e-05 1.2083145e-05 -7.6767606e-07
3073 3.3452221e-05 1.2084184e-05 -7.6329465e-07
3074 3.3391798e-05 1.2085244e-05 -7.5896399e-07
3075 3.333146e-05 1.2086225e-05 -7.5469728e-07
3076 3.3271123e-05 1.2087327e-05 -7.5046943e-07
3077 3.3210846e-05 1.2088449e-05 -7.4630226e-07
3078 3.3150772e-05 1.208959e-05 -7.4217966e-07
3079 3.3090649e-05 1.2090753e-05 -7.3811165e-07
3080 3.303059e-05 1.2091934e-05 -7.340878e-07
3081 3.2970688e-05 1.2093134e-05 -7.3013092e-07
3082 3.2910729e-05 1.2094354e-05 -7.2622495e-07
3083 3.2850954e-05 1.2095592e-05 -7.2236451e-07
3084 3.2791216e-05 1.2096847e-05 -7.1856226e-07
3085 3.2731484e-05 1.2098122e-05 -7.148113e-07
3086 3.2671891e-05 1.2099413e-05 -7.111224e-07
3087 3.261244e-05 1.2100721e-05 -7.0748696e-07
3088 3.2553006e-05 1.2102147e-05 -7.0389879e-07
3089 3.2493803e-05 1.210349e-05 -7.0037316e-07
3090 3.2434553e-05 1.2104848e-05 -6.969018e-07
3091 3.2375435e-05 1.2106222e-05 -6.934856e-07
3092 3.2316474e-05 1.2107613e-05 -6.9013127e-07
3093 3.2257532e-05 1.2109019e-05 -6.8682511e-07
3094 3.2198769e-05 1.2110539e-05 -6.8357942e-07
3095 3.2140043e-05 1.2111975e-05 -6.8038711e-07
3096 3.2081475e-05 1.2113424e-05 -6.7725226e-07
3097 3.2023042e-05 1.2114989e-05 -6.7417781e-07
3098 3.1964704e-05 1.2116466e-05 -6.7115636e-07
3099 3.1906434e-05 1.2117958e-05 -6.6819359e-07
3100 3.1848342e-05 1.211956e-05 -6.6528788e-07
3101 3.1790329e-05 1.2121077e-05 -6.6243833e-07
3102 3.1732563e-05 1.2122606e-05 -6.5964275e-07
3103 3.1674813e-05 1.2124246e-05 -6.5690511e-07
3104 3.1617146e-05 1.21258e-05 -6.5422388e-07
3105 3.1559744e-05 1.2127464e-05 -6.5159944e-07
3106 3.1502373e-05 1.2129039e-05 -6.4903026e-07
3107 3.1445242e-05 1.2130723e-05 -6.4652095e-07
3108 3.1388245e-05 1.2132319e-05 -6.4405538e-07
3109 3.1331368e-05 1.2134025e-05 -6.4165829e-07
3110 3.127466e-05 1.2135639e-05 -6.3930951e-07
3111 3.1218065e-05 1.2137363e-05 -6.3701367e-07
3112 3.1169749e-05 1.2139095e-05 -6.3477101e-07
3113 3.1129581e-05 1.2140736e-05 -6.3258578e-07
3114 3.1089659e-05 1.2142486e-05 -6.3045963e-07
3115 3.1049886e-05 1.2144143e-05 -6.283748e-07
3116 3.1010268e-05 1.2145907e-05 -6.2635514e-07
3117 3.0970732e-05 1.2147681e-05 -6.2437666e-07
3118 3.0931493e-05 1.2149459e-05 -6.2246207e-07
3119 3.0892426e-05 1.2151145e-05 -6.2058883e-07
3120 3.0853492e-05 1.2152936e-05 -6.1877028e-07
3121 3.0814769e-05 1.2154733e-05 -6.1700402e-07
3122 3.0776123e-05 1.2156537e-05 -6.1528328e-07
3123 3.0737788e-05 1.2158247e-05 -6.1361612e-07
3124 3.0699621e-05 1.2160059e-05 -6.11991e-07
3125 3.0661611e-05 1.2161878e-05 -6.1042636e-07
3126 3.0623839e-05 1.21637e-05 -6.089032e-07
3127 3.0586234e-05 1.2165527e-05 -6.0742565e-07
3128 3.0548812e-05 1.2167358e-05 -6.0600195e-07
3129 3.0511588e-05 1.2169192e-05 -6.0462261e-07
3130 3.0474601e-05 1.2171028e-05 -6.0328823e-07
3131 3.0437634e-05 1.2172869e-05 -6.0200019e-07
3132 3.040106e-05 1.2174711e-05 -6.0075329e-07
3133 3.0364603e-05 1.2176557e-05 -5.9955589e-07
3134 3.0328425e-05 1.2178405e-05 -5.9838897e-07
3135 3.0292398e-05 1.2180253e-05 -5.9728351e-07
3136 3.0256589e-05 1.2182104e-05 -5.9620277e-07
3137 3.0220994e-05 1.2183956e-05 -5.9517755e-07
3138 3.0185596e-05 1.2185809e-05 -5.9418554e-07
3139 3.0150403e-05 1.2187662e-05 -5.9322833e-07
3140 3.0115394e-05 1.2189516e-05 -5.9231813e-07
3141 3.0080582e-05 1.2191469e-05 -5.9145027e-07
3142 3.0046009e-05 1.2193322e-05 -5.9061053e-07
3143 3.0011613e-05 1.2195175e-05 -5.8981907e-07
3144 2.9977552e-05 1.2197029e-05 -5.8906019e-07
3145 2.9943555e-05 1.219888e-05 -5.8833442e-07
3146 2.9909788e-05 1.2200832e-05 -5.8764671e-07
3147 2.9876234e-05 1.2202682e-05 -5.869895e-07
3148 2.98429e-05 1.220453e-05 -5.8636892e-07
3149 2.9809729e-05 1.2206477e-05 -5.857845e-07
3150 2.9776766e-05 1.2208322e-05 -5.8523251e-07
3151 2.9743995e-05 1.2210161e-05 -5.8470645e-07
3152 2.9707373e-05 1.2212102e-05 -5.8421775e-07
3153 2.9666802e-05 1.2213945e-05 -5.8375613e-07
3154 2.9626441e-05 1.2215876e-05 -5.8331843e-07
3155 2.9586263e-05 1.2217711e-05 -5.8291435e-07
3156 2.9546324e-05 1.221964e-05 -5.825398e-07
3157 2.9506524e-05 1.2221467e-05 -5.8219273e-07
3158 2.9466955e-05 1.2223388e-05 -5.8186578e-07
3159 2.9427572e-05 1.22252e-05 -5.8156491e-07
3160 2.9388367e-05 1.222712e-05 -5.8129625e-07
3161 2.9349404e-05 1.2228925e-05 -5.8104591e-07
3162 2.9310612e-05 1.2230834e-05 -5.8081293e-07
3163 2.9271998e-05 1.2232736e-05 -5.8060879e-07
3164 2.9233563e-05 1.2234531e-05 -5.8042503e-07
3165 2.919535e-05 1.223642e-05 -5.8026385e-07
3166 2.9157322e-05 1.2238207e-05 -5.8012308e-07
3167 2.9119471e-05 1.2240087e-05 -5.7999505e-07
3168 2.9081834e-05 1.2241959e-05 -5.798897e-07
3169 2.9044336e-05 1.2243832e-05 -5.7980168e-07
3170 2.9007103e-05 1.2245597e-05 -5.7972888e-07
3171 2.897001e-05 1.2247454e-05 -5.7967145e-07
3172 2.8933145e-05 1.2249302e-05 -5.7962588e-07
3173 2.8896441e-05 1.225115e-05 -5.7960542e-07
3174 2.8860034e-05 1.2252988e-05 -5.7959119e-07
3175 2.8823704e-05 1.2254723e-05 -5.7958919e-07
3176 2.8787609e-05 1.2256544e-05 -5.7959866e-07
3177 2.8751652e-05 1.2258368e-05 -5.7962176e-07
3178 2.8715917e-05 1.2260181e-05 -5.7965147e-07
3179 2.8680335e-05 1.2261985e-05 -5.7970284e-07
3180 2.8644983e-05 1.2263784e-05 -5.7974949e-07
3181 2.8609817e-05 1.2265577e-05 -5.7980915e-07
3182 2.8574952e-05 1.2267366e-05 -5.7987656e-07
3183 2.8540144e-05 1.2269142e-05 -5.7995e-07
3184 2.8505576e-05 1.227092e-05 -5.8003054e-07
3185 2.8471156e-05 1.2272684e-05 -5.801141e-07
3186 2.8436931e-05 1.2274441e-05 -5.8019918e-07
3187 2.8403031e-05 1.2276198e-05 -5.802893e-07
3188 2.8369177e-05 1.227794e-05 -5.8038153e-07
3189 2.8335542e-05 1.227978e-05 -5.8048219e-07
3190 2.8302111e-05 1.2281513e-05 -5.8057567e-07
3191 2.8268958e-05 1.2283234e-05 -5.8067589e-07
3192 2.8235663e-05 1.2284951e-05 -5.8077459e-07
3193 2.8202341e-05 1.2286666e-05 -5.8087485e-07
3194 2.8169353e-05 1.228847e-05 -5.8096468e-07
3195 2.8136434e-05 1.2290161e-05 -5.8105939e-07
3196 2.8103741e-05 1.2291851e-05 -5.8114681e-07
3197 2.8071188e-05 1.2293536e-05 -5.8123143e-07
3198 2.8038813e-05 1.2295306e-05 -5.8131292e-07
3199 2.8006729e-05 1.2296977e-05 -5.8138957e-07
3200 2.7974681e-05 1.2298633e-05 -5.8145662e-07
3201 2.7942883e-05 1.2300391e-05 -5.8151874e-07
3202 2.7911228e-05 1.2302037e-05 -5.8157416e-07
3203 2.7879764e-05 1.2303772e-05 -5.8162122e-07
3204 2.7848395e-05 1.2305407e-05 -5.8165337e-07
3205 2.7817286e-05 1.230703e-05 -5.8168663e-07
3206 2.778624e-05 1.2308743e-05 -5.817079e-07
3207 2.7755449e-05 1.2310357e-05 -5.8171238e-07
3208 2.7724753e-05 1.2312055e-05 -5.8170601e-07
3209 2.7694238e-05 1.2313751e-05 -5.8169662e-07
3210 2.7663916e-05 1.2315345e-05 -5.8166843e-07
3211 2.7633627e-05 1.2317026e-05 -5.8162677e-07
3212 2.7603604e-05 1.2318599e-05 -5.8157398e-07
3213 2.7573594e-05 1.2320271e-05 -5.8151492e-07
3214 2.7543875e-05 1.2321936e-05 -5.8143568e-07
3215 2.7514228e-05 1.2323491e-05 -5.8134005e-07
3216 2.7484661e-05 1.232514e-05 -5.8123606e-07
3217 2.745532e-05 1.2326779e-05 -5.8111317e-07
3218 2.7425969e-05 1.2328319e-05 -5.8097368e-07
3219 2.7396863e-05 1.2329947e-05 -5.8081271e-07
3220 2.7367884e-05 1.233157e-05 -5.8064188e-07
3221 2.733892e-05 1.2333187e-05 -5.8045719e-07
3222 2.7310143e-05 1.2334698e-05 -5.8024484e-07
3223 2.7281511e-05 1.2336301e-05 -5.8001888e-07
3224 2.7252995e-05 1.2337897e-05 -5.797806e-07
3225 2.7224431e-05 1.2339492e-05 -5.7952429e-07
3226 2.7196126e-05 1.2341077e-05 -5.7923761e-07
3227 2.7167897e-05 1.2342658e-05 -5.789411e-07
3228 2.7139778e-05 1.2344232e-05 -5.7862136e-07
3229 2.7111683e-05 1.2345801e-05 -5.7828365e-07
3230 2.7083764e-05 1.2347264e-05 -5.7792256e-07
3231 2.7055884e-05 1.2348821e-05 -5.7754829e-07
3232 2.7030379e-05 1.2350373e-05 -5.7714294e-07
3233 2.7004916e-05 1.2351918e-05 -5.7671993e-07
3234 2.6979408e-05 1.2353564e-05 -5.7627868e-07
3235 2.6954142e-05 1.23551e-05 -5.7581671e-07
3236 2.6928923e-05 1.2356634e-05 -5.753325e-07
3237 2.6903829e-05 1.2358161e-05 -5.7482358e-07
3238 2.6878782e-05 1.2359685e-05 -5.7429263e-07
3239 2.6853808e-05 1.2361206e-05 -5.737446e-07
3240 2.6828852e-05 1.2362722e-05 -5.7316357e-07
3241 2.6804041e-05 1.2364235e-05 -5.7256826e-07
3242 2.6779303e-05 1.2365843e-05 -5.7194835e-07
3243 2.6754653e-05 1.2367348e-05 -5.7130601e-07
3244 2.6730102e-05 1.236885e-05 -5.7064385e-07
3245 2.6705595e-05 1.2370348e-05 -5.6995124e-07
3246 2.6681156e-05 1.2371943e-05 -5.6923681e-07
3247 2.6656702e-05 1.2373435e-05 -5.6849784e-07
3248 2.6632427e-05 1.2374923e-05 -5.677341e-07
3249 2.6608178e-05 1.2376509e-05 -5.6694613e-07
3250 2.658405e-05 1.2377993e-05 -5.66137e-07
3251 2.655995e-05 1.2379474e-05 -5.6530312e-07
3252 2.6535906e-05 1.2381052e-05 -5.6443562e-07
3253 2.6511935e-05 1.2382529e-05 -5.6355014e-07
3254 2.6488061e-05 1.2384102e-05 -5.6264135e-07
3255 2.6464098e-05 1.2385575e-05 -5.6170766e-07
3256 2.6440335e-05 1.2387146e-05 -5.6075397e-07
3257 2.6416584e-05 1.2388615e-05 -5.5976902e-07
3258 2.639295e-05 1.2390182e-05 -5.5875781e-07
3259 2.6369339e-05 1.2391648e-05 -5.5772236e-07
3260 2.6345751e-05 1.2393213e-05 -5.5666777e-07
3261 2.6322253e-05 1.2394678e-05 -5.5558821e-07
3262 2.6298826e-05 1.2396241e-05 -5.5448334e-07
3263 2.6275409e-05 1.2397803e-05 -5.5335086e-07
3264 2.6251963e-05 1.2399265e-05 -5.5219212e-07
3265 2.6228628e-05 1.2400826e-05 -5.5101521e-07
3266 2.620534e-05 1.2402386e-05 -5.4980522e-07
3267 2.6182109e-05 1.2403846e-05 -5.4857823e-07
3268 2.6158939e-05 1.2405405e-05 -5.4732822e-07
3269 2.6135768e-05 1.2406965e-05 -5.4604553e-07
3270 2.611263e-05 1.2408525e-05 -5.44746e-07
3271 2.6091658e-05 1.2409985e-05 -5.4342092e-07
3272 2.6072801e-05 1.2411546e-05 -5.420704e-07
3273 2.6053964e-05 1.2413108e-05 -5.4069577e-07
3274 2.6035309e-05 1.2414671e-05 -5.3930412e-07
3275 2.6016537e-05 1.2416235e-05 -5.3788647e-07
3276 2.5997796e-05 1.24178e-05 -5.3645373e-07
3277 2.5979091e-05 1.2419366e-05 -5.3498764e-07
3278 2.5960478e-05 1.2420834e-05 -5.335063e-07
3279 2.5941839e-05 1.2422403e-05 -5.3199825e-07
3280 2.5923159e-05 1.2423974e-05 -5.3047346e-07
3281 2.5904522e-05 1.2425547e-05 -5.2892702e-07
3282 2.5885881e-05 1.2427121e-05 -5.273515e-07
3283 2.5867385e-05 1.2428697e-05 -5.2576644e-07
3284 2.5848754e-05 1.2430377e-05 -5.2414889e-07
3285 2.583016e-05 1.2431957e-05 -5.225196e-07
3286 2.5811582e-05 1.2433542e-05 -5.2086935e-07
3287 2.5793099e-05 1.2435128e-05 -5.1919622e-07
3288 2.5774486e-05 1.2436718e-05 -5.1750982e-07
3289 2.5755893e-05 1.2438311e-05 -5.1580604e-07
3290 2.5737403e-05 1.2439907e-05 -5.1407521e-07
3291 2.5718823e-05 1.2441505e-05 -5.1232915e-07
3292 2.5700217e-05 1.2443208e-05 -5.1056625e-07
3293 2.5681588e-05 1.2444813e-05 -5.0878458e-07
3294 2.5663076e-05 1.2446422e-05 -5.0698307e-07
3295 2.5644428e-05 1.2448035e-05 -5.0516517e-07
3296 2.5625766e-05 1.2449751e-05 -5.0332779e-07
3297 2.5607133e-05 1.2451372e-05 -5.014737e-07
3298 2.5588573e-05 1.2452997e-05 -4.9960801e-07
3299 2.5569896e-05 1.2454726e-05 -4.9772493e-07
3300 2.5551205e-05 1.2456359e-05 -4.9582482e-07
3301 2.5532597e-05 1.2458097e-05 -4.9391043e-07
3302 2.5513885e-05 1.2459741e-05 -4.9198688e-07
3303 2.5495154e-05 1.2461389e-05 -4.9004208e-07
3304 2.5476504e-05 1.2463141e-05 -4.8808848e-07
3305 2.5457764e-05 1.2464799e-05 -4.8611619e-07
3306 2.543897e-05 1.2466561e-05 -4.8413639e-07
3307 2.5420311e-05 1.246823e-05 -4.8213998e-07
3308 2.5401514e-05 1.2470003e-05 -4.8013408e-07
3309 2.5382662e-05 1.2471782e-05 -4.7810616e-07
3310 2.5363919e-05 1.2473465e-05 -4.7607509e-07
3311 2.5339272e-05 1.2475255e-05 -4.7403586e-07
3312 2.5308733e-05 1.247695e-05 -4.7197765e-07
3313 2.5278218e-05 1.2478751e-05 -4.699054e-07
3314 2.5247737e-05 1.2480558e-05 -4.6783174e-07
3315 2.5217244e-05 1.2482271e-05 -4.6575216e-07
3316 2.5186694e-05 1.248409e-05 -4.6365672e-07
3317 2.5156175e-05 1.2485915e-05 -4.6155285e-07
3318 2.5125716e-05 1.2487747e-05 -4.5943758e-07
3319 2.5095163e-05 1.2489484e-05 -4.5731471e-07
3320 2.5064549e-05 1.2491327e-05 -4.5519094e-07
3321 2.5033995e-05 1.2493177e-05 -4.5305071e-07
3322 2.5003461e-05 1.2495034e-05 -4.5090678e-07
3323 2.4972851e-05 1.2496896e-05 -4.4875525e-07
3324 2.4942317e-05 1.2498766e-05 -4.4659508e-07
3325 2.4911653e-05 1.2500542e-05 -4.4443501e-07
3326 2.4881106e-05 1.2502426e-05 -4.4226706e-07
3327 2.485044e-05 1.2504314e-05 -4.4008875e-07
3328 2.4819891e-05 1.250621e-05 -4.3790925e-07
3329 2.4789314e-05 1.2508114e-05 -4.3572392e-07
3330 2.4758714e-05 1.2510024e-05 -4.33542e-07
3331 2.4728138e-05 1.2511942e-05 -4.3134904e-07
3332 2.4697473e-05 1.2513866e-05 -4.2915843e-07
3333 2.4666849e-05 1.2515798e-05 -4.2696599e-07
3334 2.4636274e-05 1.2517736e-05 -4.2477162e-07
3335 2.4605677e-05 1.2519781e-05 -4.2257034e-07
3336 2.4575152e-05 1.2521733e-05 -4.2037191e-07
3337 2.4544537e-05 1.2523695e-05 -4.1816958e-07
3338 2.4513938e-05 1.2525662e-05 -4.1596845e-07
3339 2.4483306e-05 1.2527636e-05 -4.1376685e-07
3340 2.4452738e-05 1.2529617e-05 -4.115687e-07
3341 2.4422133e-05 1.2531707e-05 -4.0936612e-07
3342 2.4391487e-05 1.2533703e-05 -4.0717072e-07
3343 2.4360939e-05 1.2535707e-05 -4.0497669e-07
3344 2.4330307e-05 1.2537719e-05 -4.0278061e-07
3345 2.4299721e-05 1.2539837e-05 -4.0059365e-07
3346 2.4269151e-05 1.2541863e-05 -3.9840535e-07
3347 2.4238508e-05 1.2543897e-05 -3.962216e-07
3348 2.4207924e-05 1.2546038e-05 -3.9404178e-07
3349 2.4177378e-05 1.2548086e-05 -3.9186846e-07
3350 2.4146777e-05 1.2550242e-05 -3.896989e-07
3351 2.4123072e-05 1.2552306e-05 -3.8753411e-07
3352 2.4106292e-05 1.2554377e-05 -3.853733e-07
3353 2.4089609e-05 1.2556555e-05 -3.8321951e-07
3354 2.4072801e-05 1.255864e-05 -3.8106898e-07
3355 2.4056072e-05 1.2560832e-05 -3.789286e-07
3356 2.4039233e-05 1.2562931e-05 -3.7679203e-07
3357 2.4022403e-05 1.2565141e-05 -3.7466798e-07
3358 2.4005653e-05 1.2567356e-05 -3.7254773e-07
3359 2.3988819e-05 1.2569479e-05 -3.7043529e-07
3360 2.3972052e-05 1.2571707e-05 -3.6833186e-07
3361 2.3955299e-05 1.2573847e-05 -3.6623696e-07
3362 2.3938415e-05 1.2576091e-05 -3.6414838e-07
3363 2.392167e-05 1.2578341e-05 -3.6207082e-07
3364 2.3904801e-05 1.2580503e-05 -3.6000434e-07
3365 2.3888029e-05 1.2582767e-05 -3.5794511e-07
3366 2.3871152e-05 1.2585042e-05 -3.559013e-07
3367 2.3854383e-05 1.2587324e-05 -3.5386063e-07
3368 2.3837601e-05 1.2589514e-05 -3.5183552e-07
3369 2.3820722e-05 1.2591809e-05 -3.4982066e-07
3370 2.3803975e-05 1.2594111e-05 -3.4781595e-07
3371 2.3787188e-05 1.2596422e-05 -3.4582252e-07
3372 2.3770314e-05 1.2598738e-05 -3.4383971e-07
3373 2.3753581e-05 1.2601061e-05 -3.418717e-07
3374 2.3736834e-05 1.2603392e-05 -3.3991469e-07
3375 2.3719971e-05 1.260563e-05 -3.3796694e-07
3376 2.3703226e-05 1.2607976e-05 -3.3603668e-07
3377 2.3686505e-05 1.2610328e-05 -3.3411718e-07
3378 2.3669809e-05 1.2612686e-05 -3.3221099e-07
3379 2.3652992e-05 1.2615052e-05 -3.3032057e-07
3380 2.3636325e-05 1.2617423e-05 -3.2844102e-07
3381 2.3619639e-05 1.2619902e-05 -3.265751e-07
3382 2.3603006e-05 1.2622287e-05 -3.2472255e-07
3383 2.3586339e-05 1.2624679e-05 -3.2288228e-07
3384 2.3569635e-05 1.2627077e-05 -3.2106311e-07
3385 2.3553066e-05 1.2629481e-05 -3.1925517e-07
3386 2.3536469e-05 1.2631892e-05 -3.1746087e-07
3387 2.3519912e-05 1.2634309e-05 -3.1568065e-07
3388 2.3503402e-05 1.2636732e-05 -3.1391625e-07
3389 2.3486932e-05 1.2639262e-05 -3.1216742e-07
3390 2.3470461e-05 1.2641697e-05 -3.1043438e-07
3391 2.344953e-05 1.2644138e-05 -3.087206e-07
3392 2.3424268e-05 1.2646586e-05 -3.0701841e-07
3393 2.3399001e-05 1.2649138e-05 -3.0533192e-07
3394 2.3373901e-05 1.2651598e-05 -3.0366468e-07
3395 2.334873e-05 1.2654062e-05 -3.0201448e-07
3396 2.3323627e-05 1.2656632e-05 -3.0037909e-07
3397 2.3298508e-05 1.2659108e-05 -2.987612e-07
3398 2.3273492e-05 1.266169e-05 -2.9715772e-07
3399 2.3248485e-05 1.2664176e-05 -2.9557486e-07
3400 2.3223606e-05 1.2666669e-05 -2.9401075e-07
3401 2.3198667e-05 1.2669266e-05 -2.9245983e-07
3402 2.317379e-05 1.2671769e-05 -2.9092919e-07
3403 2.3148994e-05 1.2674376e-05 -2.894129e-07
3404 2.3124205e-05 1.2676889e-05 -2.8791492e-07
3405 2.3099556e-05 1.2679507e-05 -2.8643571e-07
3406 2.3074854e-05 1.2682129e-05 -2.8497281e-07
3407 2.305022e-05 1.2684657e-05 -2.8353249e-07
3408 2.3025623e-05 1.2687288e-05 -2.8210351e-07
3409 2.3001203e-05 1.2689825e-05 -2.8069582e-07
3410 2.2976701e-05 1.2692466e-05 -2.7930429e-07
3411 2.2952271e-05 1.2695111e-05 -2.7793095e-07
3412 2.2927964e-05 1.2697661e-05 -2.7657572e-07
3413 2.2903621e-05 1.2700315e-05 -2.752398e-07
3414 2.2879325e-05 1.2702974e-05 -2.7392296e-07
3415 2.285518e-05 1.2705636e-05 -2.7262315e-07
3416 2.283096e-05 1.2708202e-05 -2.7133845e-07
3417 2.2806819e-05 1.2710872e-05 -2.7007653e-07
3418 2.2782829e-05 1.2713546e-05 -2.6882995e-07
3419 2.2758816e-05 1.2716224e-05 -2.6759982e-07
3420 2.2734806e-05 1.2718905e-05 -2.6638921e-07
3421 2.2710976e-05 1.272159e-05 -2.6519684e-07
3422 2.2687117e-05 1.2724279e-05 -2.6402366e-07
3423 2.2663394e-05 1.2726971e-05 -2.6286356e-07
3424 2.2639636e-05 1.2729566e-05 -2.6172551e-07
3425 2.2616003e-05 1.2732264e-05 -2.6060317e-07
3426 2.2592387e-05 1.2734966e-05 -2.5949965e-07
3427 2.2568782e-05 1.273767e-05 -2.5841606e-07
3428 2.2545343e-05 1.2740378e-05 -2.5734593e-07
3429 2.2521866e-05 1.2743188e-05 -2.562981e-07
3430 2.2498538e-05 1.2745902e-05 -2.5526213e-07
3431 2.2478066e-05 1.2748618e-05 -2.54246e-07
3432 2.2460639e-05 1.2751337e-05 -2.5324686e-07
3433 2.2443211e-05 1.2754058e-05 -2.5226619e-07
3434 2.2425829e-05 1.2756781e-05 -2.5130367e-07
3435 2.2408494e-05 1.2759508e-05 -2.5035565e-07
3436 2.2391238e-05 1.2762336e-05 -2.4942355e-07
3437 2.2374128e-05 1.2765067e-05 -2.4851019e-07
3438 2.2357005e-05 1.2767799e-05 -2.4761155e-07
3439 2.2339946e-05 1.2770534e-05 -2.4672912e-07
3440 2.2322936e-05 1.2773371e-05 -2.4586533e-07
3441 2.2305999e-05 1.277611e-05 -2.4501887e-07
3442 2.2289237e-05 1.277885e-05 -2.441862e-07
3443 2.2272447e-05 1.2781692e-05 -2.4336669e-07
3444 2.2255729e-05 1.2784436e-05 -2.4256933e-07
3445 2.2239043e-05 1.2787181e-05 -2.4178617e-07
3446 2.2222464e-05 1.2790028e-05 -2.4101743e-07
3447 2.2206051e-05 1.2792777e-05 -2.4026514e-07
3448 2.2189646e-05 1.2795626e-05 -2.3952586e-07
3449 2.2173269e-05 1.2798377e-05 -2.3880283e-07
3450 2.2156992e-05 1.280123e-05 -2.3809735e-07
3451 2.2140876e-05 1.2803983e-05 -2.3740489e-07
3452 2.2124728e-05 1.2806837e-05 -2.3672558e-07
3453 2.2108676e-05 1.2809592e-05 -2.3605925e-07
3454 2.2092722e-05 1.2812449e-05 -2.3541123e-07
3455 2.2076932e-05 1.2815206e-05 -2.3477877e-07
3456 2.2061091e-05 1.2818064e-05 -2.3415807e-07
3457 2.204535e-05 1.2820923e-05 -2.3355009e-07
3458 2.2029701e-05 1.2823682e-05 -2.3295642e-07
3459 2.2014211e-05 1.2826542e-05 -2.3237947e-07
3460 2.1998712e-05 1.2829402e-05 -2.3181329e-07
3461 2.1983303e-05 1.2832162e-05 -2.3125981e-07
3462 2.1967983e-05 1.2835023e-05 -2.307199e-07
3463 2.1952817e-05 1.2837884e-05 -2.30194e-07
3464 2.1937675e-05 1.2840745e-05 -2.2967588e-07
3465 2.1922584e-05 1.2843606e-05 -2.2917559e-07
3466 2.1907572e-05 1.2846367e-05 -2.2868476e-07
3467 2.1892754e-05 1.2849229e-05 -2.2820773e-07
3468 2.1877913e-05 1.285209e-05 -2.2774148e-07
3469 2.1863163e-05 1.2854951e-05 -2.2728615e-07
3470 2.1848494e-05 1.2857812e-05 -2.2684277e-07
3471 2.1831101e-05 1.2860672e-05 -2.2641213e-07
3472 2.18109e-05 1.2863532e-05 -2.2599232e-07
3473 2.1790675e-05 1.2866392e-05 -2.255818e-07
3474 2.1770632e-05 1.2869251e-05 -2.2518199e-07
3475 2.1750668e-05 1.287211e-05 -2.2479499e-07
3476 2.1730782e-05 1.2874968e-05 -2.2441515e-07
3477 2.1710986e-05 1.2877825e-05 -2.2404775e-07
3478 2.1691267e-05 1.2880681e-05 -2.236905e-07
3479 2.1671529e-05 1.2883537e-05 -2.2334185e-07
3480 2.1651972e-05 1.2886392e-05 -2.2300277e-07
3481 2.1632496e-05 1.2889246e-05 -2.226718e-07
3482 2.1613092e-05 1.28922e-05 -2.2235009e-07
3483 2.159378e-05 1.2895052e-05 -2.2203834e-07
3484 2.1574543e-05 1.2897905e-05 -2.2173336e-07
3485 2.1555381e-05 1.2900755e-05 -2.2143955e-07
3486 2.1536306e-05 1.2903706e-05 -2.2114997e-07
3487 2.1517308e-05 1.2906555e-05 -2.2086823e-07
3488 2.1498388e-05 1.2909403e-05 -2.2059554e-07
3489 2.1479443e-05 1.291225e-05 -2.2032891e-07
3490 2.1460676e-05 1.2915196e-05 -2.2007057e-07
3491 2.1441987e-05 1.2918041e-05 -2.1981493e-07
3492 2.1423376e-05 1.2920985e-05 -2.1957476e-07
3493 2.1404844e-05 1.2923827e-05 -2.1933178e-07
3494 2.1386382e-05 1.2926668e-05 -2.1910114e-07
3495 2.1368003e-05 1.2929608e-05 -2.188718e-07
3496 2.13497e-05 1.2932447e-05 -2.1865063e-07
3497 2.1331472e-05 1.2935384e-05 -2.1843623e-07
3498 2.1313424e-05 1.2938221e-05 -2.1822272e-07
3499 2.1295351e-05 1.2941156e-05 -2.1801654e-07
3500 2.1277348e-05 1.294399e-05 -2.1781435e-07
3501 2.1259427e-05 1.2946922e-05 -2.1761717e-07
3502 2.124158e-05 1.2949853e-05 -2.1742374e-07
3503 2.1223806e-05 1.2952682e-05 -2.1723541e-07
3504 2.1206104e-05 1.295561e-05 -2.1705315e-07
3505 2.118848e-05 1.2958537e-05 -2.1686797e-07
3506 2.117093e-05 1.2961361e-05 -2.1668887e-07
3507 2.1153451e-05 1.2964285e-05 -2.1651537e-07
3508 2.1136149e-05 1.2967207e-05 -2.1634357e-07
3509 2.1118817e-05 1.2970027e-05 -2.161735e-07
3510 2.1101564e-05 1.2972946e-05 -2.1600963e-07
3511 2.1086184e-05 1.2975864e-05 -2.1584478e-07
3512 2.1072778e-05 1.297878e-05 -2.1568493e-07
3513 2.1059343e-05 1.2981695e-05 -2.1552359e-07
3514 2.1046083e-05 1.2984608e-05 -2.153665e-07
3515 2.103289e-05 1.2987419e-05 -2.1520774e-07
3516 2.1019672e-05 1.2990329e-05 -2.1505487e-07
3517 2.1006629e-05 1.2993237e-05 -2.1490146e-07
3518 2.0993552e-05 1.2996144e-05 -2.1475181e-07
3519 2.0980643e-05 1.2999049e-05 -2.1460101e-07
3520 2.0967811e-05 1.3001952e-05 -2.1444793e-07
3521 2.0954942e-05 1.3004854e-05 -2.1430085e-07
3522 2.0942248e-05 1.3007754e-05 -2.1414951e-07
3523 2.092952e-05 1.3010653e-05 -2.1400178e-07
3524 2.0916963e-05 1.301355e-05 -2.1385446e-07
3525 2.0904366e-05 1.3016445e-05 -2.1370511e-07
3526 2.0891943e-05 1.3019339e-05 -2.1355594e-07
3527 2.087958e-05 1.3022331e-05 -2.1340628e-07
3528 2.0867184e-05 1.3025221e-05 -2.1325527e-07
3529 2.0854958e-05 1.302811e-05 -2.1310592e-07
3530 2.0842696e-05 1.3030997e-05 -2.1295258e-07
3531 2.0830594e-05 1.3033883e-05 -2.1280265e-07
3532 2.0818451e-05 1.3036867e-05 -2.1264816e-07
3533 2.0806474e-05 1.3039749e-05 -2.1249345e-07
3534 2.0794554e-05 1.304263e-05 -2.1233543e-07
3535 2.0782598e-05 1.3045509e-05 -2.1217721e-07
3536 2.0770805e-05 1.3048487e-05 -2.1201692e-07
3537 2.075897e-05 1.3051364e-05 -2.11856e-07
3538 2.0747286e-05 1.3054339e-05 -2.1169262e-07
3539 2.0735669e-05 1.3057213e-05 -2.1152615e-07
3540 2.0724007e-05 1.3060085e-05 -2.113586e-07
3541 2.0712502e-05 1.3063057e-05 -2.111876e-07
3542 2.0700953e-05 1.3065927e-05 -2.1101335e-07
3543 2.0689553e-05 1.3068895e-05 -2.1083725e-07
3544 2.0678116e-05 1.3071763e-05 -2.1065643e-07
3545 2.0666831e-05 1.3074729e-05 -2.1047543e-07
3546 2.0655597e-05 1.3077594e-05 -2.1028982e-07
3547 2.0644316e-05 1.3080558e-05 -2.1010126e-07
3548 2.0633188e-05 1.3083421e-05 -2.0990812e-07
3549 2.0622011e-05 1.3086382e-05 -2.0971428e-07
3550 2.0610988e-05 1.3089342e-05 -2.095137e-07
3551 2.0599308e-05 1.3092202e-05 -2.0931029e-07
3552 2.058699e-05 1.309516e-05 -2.0910288e-07
3553 2.0574715e-05 1.3098118e-05 -2.0889025e-07
3554 2.0562491e-05 1.3100974e-05 -2.0867714e-07
3555 2.0550311e-05 1.310393e-05 -2.0845706e-07
3556 2.0538184e-05 1.3106885e-05 -2.0823454e-07
3557 2.0526201e-05 1.3109838e-05 -2.0800549e-07
3558 2.0514166e-05 1.3112791e-05 -2.0777211e-07
3559 2.050218e-05 1.3115644e-05 -2.0753503e-07
3560 2.0490231e-05 1.3118595e-05 -2.072963e-07
3561 2.047834e-05 1.3121546e-05 -2.0704908e-07
3562 2.0466487e-05 1.3124496e-05 -2.0679782e-07
3563 2.0454678e-05 1.3127445e-05 -2.0654309e-07
3564 2.0443018e-05 1.3130394e-05 -2.0628545e-07
3565 2.0431295e-05 1.3133341e-05 -2.0601943e-07
3566 2.0419623e-05 1.3136289e-05 -2.0574888e-07
3567 2.0407989e-05 1.3139235e-05 -2.0547403e-07
3568 2.0396394e-05 1.3142181e-05 -2.0519434e-07
3569 2.0384845e-05 1.3145126e-05 -2.049084e-07
3570 2.037343e-05 1.3148071e-05 -2.0461941e-07
3571 2.0361957e-05 1.3151015e-05 -2.0432623e-07
3572 2.0350528e-05 1.3153959e-05 -2.0402519e-07
3573 2.0339138e-05 1.3156902e-05 -2.0371909e-07
3574 2.0327785e-05 1.3159846e-05 -2.0340887e-07
3575 2.0316471e-05 1.3162889e-05 -2.0309697e-07
3576 2.0305296e-05 1.3165831e-05 -2.0277334e-07
3577 2.0294054e-05 1.3168774e-05 -2.0245006e-07
3578 2.028285e-05 1.3171716e-05 -2.0211715e-07
3579 2.0271685e-05 1.3174759e-05 -2.0178216e-07
3580 2.0260558e-05 1.3177701e-05 -2.0144189e-07
3581 2.0249553e-05 1.3180643e-05 -2.0109405e-07
3582 2.0238493e-05 1.3183585e-05 -2.0074377e-07
3583 2.0227456e-05 1.3186626e-05 -2.0038684e-07
3584 2.0216461e-05 1.3189568e-05 -2.0002422e-07
3585 2.0205489e-05 1.319261e-05 -1.9965535e-07
3586 2.0194649e-05 1.3195552e-05 -1.9928454e-07
3587 2.0183745e-05 1.3198495e-05 -1.9890622e-07
3588 2.0172868e-05 1.3201537e-05 -1.9852434e-07
3589 2.0162017e-05 1.320448e-05 -1.9813496e-07
3590 2.0151192e-05 1.3207523e-05 -1.9774162e-07
3591 2.0140098e-05 1.3210466e-05 -1.9734357e-07
3592 2.0128524e-05 1.3213509e-05 -1.9694046e-07
3593 2.0117086e-05 1.3216454e-05 -1.9653124e-07
3594 2.0105561e-05 1.3219498e-05 -1.9611787e-07
3595 2.0094164e-05 1.3222542e-05 -1.9569795e-07
3596 2.0082686e-05 1.3225487e-05 -1.9527533e-07
3597 2.0071337e-05 1.3228533e-05 -1.9484532e-07
3598 2.0059906e-05 1.3231579e-05 -1.9441164e-07
3599 2.0048495e-05 1.3234526e-05 -1.939723e-07
3600 2.0037208e-05 1.3237573e-05 -1.9352632e-07
3601 2.002584e-05 1.3240622e-05 -1.9307913e-07
3602 2.0014589e-05 1.324367e-05 -1.9262615e-07
3603 2.0003262e-05 1.3246621e-05 -1.9216583e-07
3604 1.9992056e-05 1.3249671e-05 -1.9170344e-07
3605 1.9980763e-05 1.3252723e-05 -1.9123535e-07
3606 1.9969592e-05 1.3255775e-05 -1.9076385e-07
3607 1.9958436e-05 1.3258829e-05 -1.9028696e-07
3608 1.9947201e-05 1.3261883e-05 -1.8980498e-07
3609 1.9936078e-05 1.3264938e-05 -1.8932077e-07
3610 1.9924879e-05 1.3267995e-05 -1.8882813e-07
3611 1.9913789e-05 1.3270952e-05 -1.8833513e-07
3612 1.9902613e-05 1.3274011e-05 -1.8783461e-07
3613 1.989156e-05 1.3277071e-05 -1.8733122e-07
3614 1.9880424e-05 1.3280231e-05 -1.8682411e-07
3615 1.9869394e-05 1.3283293e-05 -1.863116e-07
3616 1.9858291e-05 1.3286357e-05 -1.8579694e-07
3617 1.9847298e-05 1.3289421e-05 -1.8527886e-07
3618 1.9836218e-05 1.3292487e-05 -1.8475496e-07
3619 1.9825261e-05 1.3295555e-05 -1.842273e-07
3620 1.9814312e-05 1.3298623e-05 -1.8369572e-07
3621 1.9803279e-05 1.3301693e-05 -1.831608e-07
3622 1.9792365e-05 1.3304864e-05 -1.8262305e-07
3623 1.9781362e-05 1.3307937e-05 -1.8208055e-07
3624 1.9770477e-05 1.3311011e-05 -1.8153557e-07
3625 1.9759605e-05 1.3314086e-05 -1.8098568e-07
3626 1.974865e-05 1.3317263e-05 -1.8043351e-07
3627 1.9737807e-05 1.3320342e-05 -1.7987531e-07
3628 1.9726881e-05 1.3323422e-05 -1.7931825e-07
3629 1.9716075e-05 1.3326603e-05 -1.7875716e-07
3630 1.9705283e-05 1.3329687e-05 -1.7819338e-07
3631 1.9698103e-05 1.3332772e-05 -1.7762481e-07
3632 1.9690944e-05 1.3335959e-05 -1.7705351e-07
3633 1.9683799e-05 1.3339047e-05 -1.7648036e-07
3634 1.967667e-05 1.3342237e-05 -1.7590551e-07
3635 1.9669655e-05 1.3345329e-05 -1.7532878e-07
3636 1.9662559e-05 1.3348523e-05 -1.747468e-07
3637 1.9655475e-05 1.3351619e-05 -1.741635e-07
3638 1.9648405e-05 1.3354816e-05 -1.7357738e-07
3639 1.964145e-05 1.3357915e-05 -1.7299202e-07
3640 1.963441e-05 1.3361115e-05 -1.7240315e-07
3641 1.9627388e-05 1.3364318e-05 -1.7181088e-07
3642 1.9620372e-05 1.3367423e-05 -1.7121852e-07
3643 1.9613376e-05 1.3370629e-05 -1.7062336e-07
3644 1.9606496e-05 1.3373838e-05 -1.7002884e-07
3645 1.9599522e-05 1.3376948e-05 -1.6943106e-07
3646 1.9592566e-05 1.3380161e-05 -1.6883297e-07
3647 1.9585615e-05 1.3383375e-05 -1.6823005e-07
3648 1.9578784e-05 1.3386591e-05 -1.6763006e-07
3649 1.9571857e-05 1.338971e-05 -1.6702772e-07
3650 1.9564944e-05 1.3392929e-05 -1.6642243e-07
3651 1.9558039e-05 1.3396152e-05 -1.6581864e-07
3652 1.9551145e-05 1.3399376e-05 -1.6521356e-07
3653 1.954436e-05 1.3402603e-05 -1.6460664e-07
3654 1.9537484e-05 1.3405831e-05 -1.6400055e-07
3655 1.9530618e-05 1.3409062e-05 -1.6339324e-07
3656 1.9523755e-05 1.3412294e-05 -1.6278578e-07
3657 1.9517007e-05 1.3415529e-05 -1.6217784e-07
3658 1.9510159e-05 1.3418765e-05 -1.6156711e-07
3659 1.9503321e-05 1.3422005e-05 -1.6096032e-07
3660 1.949649e-05 1.3425246e-05 -1.6035072e-07
3661 1.9489769e-05 1.3428489e-05 -1.5974282e-07
3662 1.9482944e-05 1.3431735e-05 -1.5913465e-07
3663 1.9476132e-05 1.3434982e-05 -1.5852628e-07
3664 1.9469323e-05 1.3438232e-05 -1.5791883e-07
3665 1.9462619e-05 1.3441484e-05 -1.5731156e-07
3666 1.945582e-05 1.3444738e-05 -1.5670441e-07
3667 1.9449025e-05 1.3448095e-05 -1.5609768e-07
3668 1.9442239e-05 1.3451354e-05 -1.5549179e-07
3669 1.943545e-05 1.3454614e-05 -1.5488638e-07
3670 1.9428866e-05 1.3457877e-05 -1.5428243e-07
3671 1.942229e-05 1.3461243e-05 -1.5367806e-07
3672 1.9415716e-05 1.346451e-05 -1.5307645e-07
3673 1.9409148e-05 1.346778e-05 -1.5247487e-07
3674 1.9402586e-05 1.3471152e-05 -1.5187379e-07
3675 1.9396027e-05 1.3474426e-05 -1.5127477e-07
3676 1.9389476e-05 1.3477803e-05 -1.506759e-07
3677 1.9382925e-05 1.3481081e-05 -1.500802e-07
3678 1.9376385e-05 1.3484362e-05 -1.4948409e-07
3679 1.936985e-05 1.3487745e-05 -1.488911e-07
3680 1.9363321e-05 1.349103e-05 -1.4829931e-07
3681 1.9356803e-05 1.3494418e-05 -1.4770819e-07
3682 1.9350291e-05 1.3497707e-05 -1.4711959e-07
3683 1.9343787e-05 1.3501099e-05 -1.4653271e-07
3684 1.9337293e-05 1.3504493e-05 -1.4594897e-07
3685 1.9330805e-05 1.350779e-05 -1.4536485e-07
3686 1.9324326e-05 1.3511188e-05 -1.4478397e-07
3687 1.931786e-05 1.3514488e-05 -1.4420658e-07
3688 1.9311403e-05 1.3517891e-05 -1.436285e-07
3689 1.9304961e-05 1.3521296e-05 -1.4305396e-07
3690 1.9298528e-05 1.3524703e-05 -1.4248166e-07
3691 1.9292109e-05 1.3528012e-05 -1.4191273e-07
3692 1.9285705e-05 1.3531424e-05 -1.4134587e-07
3693 1.9279319e-05 1.3534837e-05 -1.4078078e-07
3694 1.9272944e-05 1.3538253e-05 -1.4021915e-07
3695 1.9266585e-05 1.354167e-05 -1.3966008e-07
3696 1.9260244e-05 1.354499e-05 -1.3910546e-07
3697 1.9253918e-05 1.3548412e-05 -1.3855118e-07
3698 1.9247613e-05 1.3551836e-05 -1.3800099e-07
3699 1.9241322e-05 1.3555262e-05 -1.3745277e-07
3700 1.923505e-05 1.355869e-05 -1.3690905e-07
3701 1.9228791e-05 1.356212e-05 -1.3636785e-07
3702 1.9222554e-05 1.3565552e-05 -1.3582967e-07
3703 1.9216333e-05 1.3568987e-05 -1.3529615e-07
3704 1.9210126e-05 1.3572422e-05 -1.3476565e-07
3705 1.9203948e-05 1.3575861e-05 -1.3423576e-07
3706 1.9197782e-05 1.3579301e-05 -1.3371124e-07
3707 1.9191635e-05 1.3582743e-05 -1.3318992e-07
3708 1.9185507e-05 1.3586187e-05 -1.3267272e-07
3709 1.9179394e-05 1.3589733e-05 -1.3215737e-07
3710 1.9170601e-05 1.359318e-05 -1.3164611e-07
3711 1.9159128e-05 1.359663e-05 -1.3113975e-07
3712 1.9147666e-05 1.3600081e-05 -1.3063593e-07
3713 1.9136229e-05 1.3603535e-05 -1.3013477e-07
3714 1.9124802e-05 1.360709e-05 -1.2963827e-07
3715 1.9113396e-05 1.3610547e-05 -1.2914516e-07
3716 1.9102004e-05 1.3614006e-05 -1.2865585e-07
3717 1.9090627e-05 1.3617567e-05 -1.2816899e-07
3718 1.9079363e-05 1.3621029e-05 -1.2768658e-07
3719 1.9068015e-05 1.3624493e-05 -1.2720904e-07
3720 1.9056688e-05 1.3628059e-05 -1.2673469e-07
3721 1.904537e-05 1.3631527e-05 -1.2626221e-07
3722 1.9034072e-05 1.3634996e-05 -1.2579601e-07
3723 1.9022781e-05 1.3638567e-05 -1.2533354e-07
3724 1.9011507e-05 1.364204e-05 -1.2487516e-07
3725 1.9000244e-05 1.3645614e-05 -1.2441889e-07
3726 1.8988993e-05 1.364909e-05 -1.2396777e-07
3727 1.8977854e-05 1.3652668e-05 -1.2352089e-07
3728 1.8966632e-05 1.3656247e-05 -1.2307785e-07
3729 1.8955418e-05 1.3659727e-05 -1.2263847e-07
3730 1.8944215e-05 1.366331e-05 -1.222032e-07
3731 1.8933022e-05 1.3666793e-05 -1.2177133e-07
3732 1.8921842e-05 1.3670379e-05 -1.2134473e-07
3733 1.891077e-05 1.3673965e-05 -1.2092186e-07
3734 1.8899614e-05 1.3677554e-05 -1.2050169e-07
3735 1.8888466e-05 1.3681043e-05 -1.2008658e-07
3736 1.8877331e-05 1.3684634e-05 -1.1967561e-07
3737 1.8866306e-05 1.3688227e-05 -1.1926883e-07
3738 1.8855192e-05 1.3691821e-05 -1.1886547e-07
3739 1.8844093e-05 1.3695316e-05 -1.1846689e-07
3740 1.8833104e-05 1.3698912e-05 -1.1807253e-07
3741 1.8822024e-05 1.370251e-05 -1.1768189e-07
3742 1.8810961e-05 1.3706109e-05 -1.172954e-07
3743 1.8799909e-05 1.370971e-05 -1.1691131e-07
3744 1.8788974e-05 1.3713311e-05 -1.1653273e-07
3745 1.8777952e-05 1.3716914e-05 -1.1615983e-07
3746 1.8766943e-05 1.3720519e-05 -1.1578896e-07
3747 1.875605e-05 1.3724124e-05 -1.1542246e-07
3748 1.8745075e-05 1.372773e-05 -1.1506032e-07
3749 1.8734221e-05 1.3731338e-05 -1.1470141e-07
3750 1.8726477e-05 1.3734946e-05 -1.1434792e-07
3751 1.8722157e-05 1.3738556e-05 -1.1399715e-07
3752 1.8717758e-05 1.3742167e-05 -1.1365063e-07
3753 1.8713373e-05 1.3745779e-05 -1.1330857e-07
3754 1.8709012e-05 1.3749492e-05 -1.1297089e-07
3755 1.8704774e-05 1.3753106e-05 -1.126356e-07
3756 1.8700459e-05 1.3756721e-05 -1.123054e-07
3757 1.8696162e-05 1.3760337e-05 -1.1197913e-07
3758 1.8691991e-05 1.3764054e-05 -1.1165683e-07
3759 1.8687746e-05 1.3767672e-05 -1.1133722e-07
3760 1.868352e-05 1.377129e-05 -1.1102158e-07
3761 1.8679322e-05 1.377491e-05 -1.1071071e-07
3762 1.8675249e-05 1.377863e-05 -1.1040307e-07
3763 1.8671106e-05 1.3782251e-05 -1.1009849e-07
3764 1.8666986e-05 1.3785973e-05 -1.0979708e-07
3765 1.8662992e-05 1.3789597e-05 -1.0949972e-07
3766 1.8658925e-05 1.379322e-05 -1.092064e-07
3767 1.8654891e-05 1.3796944e-05 -1.0891706e-07
3768 1.865098e-05 1.3800569e-05 -1.0863009e-07
3769 1.8646993e-05 1.3804295e-05 -1.0834685e-07
3770 1.864304e-05 1.3808022e-05 -1.0806638e-07
3771 1.8639209e-05 1.3811649e-05 -1.0779095e-07
3772 1.863531e-05 1.3815377e-05 -1.0751723e-07
3773 1.8631438e-05 1.3819005e-05 -1.0724802e-07
3774 1.8627696e-05 1.3822734e-05 -1.0698114e-07
3775 1.8623878e-05 1.3826464e-05 -1.0671838e-07
3776 1.8620083e-05 1.3830094e-05 -1.0645849e-07
3777 1.8616418e-05 1.3833825e-05 -1.0620071e-07
3778 1.8612677e-05 1.3837556e-05 -1.0594787e-07
3779 1.8608962e-05 1.3841187e-05 -1.0569709e-07
3780 1.8605372e-05 1.384492e-05 -1.0544974e-07
3781 1.8601703e-05 1.3848652e-05 -1.0520538e-07
3782 1.8598063e-05 1.3852385e-05 -1.0496294e-07
3783 1.8594544e-05 1.3856119e-05 -1.0472435e-07
3784 1.8590946e-05 1.3859753e-05 -1.0448816e-07
3785 1.8587474e-05 1.3863487e-05 -1.042554e-07
3786 1.8583926e-05 1.3867222e-05 -1.0402701e-07
3787 1.8580393e-05 1.3870957e-05 -1.0379863e-07
3788 1.8576984e-05 1.3874693e-05 -1.0357471e-07
3789 1.8573495e-05 1.3878429e-05 -1.0335307e-07
3790 1.8567221e-05 1.3882165e-05 -1.0313315e-07
3791 1.8558166e-05 1.3885902e-05 -1.029158e-07
3792 1.8549132e-05 1.3889638e-05 -1.0270167e-07
3793 1.854021e-05 1.3893375e-05 -1.0249105e-07
3794 1.8531207e-05 1.3897113e-05 -1.022813e-07
3795 1.8522223e-05 1.3900851e-05 -1.0207412e-07
3796 1.851325e-05 1.3904688e-05 -1.0186959e-07
3797 1.8504294e-05 1.3908427e-05 -1.0166799e-07
3798 1.8495351e-05 1.3912165e-05 -1.0146746e-07
3799 1.8486429e-05 1.3915904e-05 -1.012698e-07
3800 1.8477517e-05 1.3919642e-05 -1.0107414e-07
3801 1.8468621e-05 1.3923481e-05 -1.0088045e-07
3802 1.8459838e-05 1.3927221e-05 -1.0068843e-07
3803 1.8450969e-05 1.393096e-05 -1.0049956e-07
3804 1.8442115e-05 1.3934799e-05 -1.0031116e-07
3805 1.843327e-05 1.3938539e-05 -1.0012505e-07
3806 1.8424445e-05 1.3942279e-05 -9.9941592e-08
3807 1.8415631e-05 1.3946119e-05 -9.9759363e-08
3808 1.8406831e-05 1.3949858e-05 -9.95795e-08
3809 1.8398149e-05 1.3953698e-05 -9.9400384e-08
3810 1.8389382e-05 1.3957438e-05 -9.9222417e-08
3811 1.8380627e-05 1.3961178e-05 -9.9048053e-08
3812 1.8371892e-05 1.3965019e-05 -9.8874276e-08
3813 1.8363171e-05 1.3968859e-05 -9.8701159e-08
3814 1.8354571e-05 1.3972599e-05 -9.8530045e-08
3815 1.8345884e-05 1.397644e-05 -9.8360465e-08
3816 1.8337221e-05 1.398018e-05 -9.8191946e-08
3817 1.8328571e-05 1.398402e-05 -9.80258e-08
3818 1.8319946e-05 1.3987861e-05 -9.7858678e-08
3819 1.8311439e-05 1.3991601e-05 -9.7693543e-08
3820 1.8302849e-05 1.3995441e-05 -9.7530432e-08
3821 1.8294282e-05 1.3999282e-05 -9.7367266e-08
3822 1.8285737e-05 1.4003022e-05 -9.7206019e-08
3823 1.8277313e-05 1.4006862e-05 -9.7044893e-08
3824 1.8268813e-05 1.4010703e-05 -9.6884833e-08
3825 1.8260337e-05 1.4014543e-05 -9.6726308e-08
3826 1.8251979e-05 1.4018383e-05 -9.6567818e-08
3827 1.8243554e-05 1.4022123e-05 -9.6409894e-08
3828 1.8235147e-05 1.4025963e-05 -9.6253044e-08
3829 1.822677e-05 1.4029802e-05 -9.60966e-08
3830 1.8221612e-05 1.4033642e-05 -9.5940616e-08
3831 1.8219581e-05 1.4037481e-05 -9.5787065e-08
3832 1.8217577e-05 1.4041321e-05 -9.5631239e-08
3833 1.8215598e-05 1.404516e-05 -9.5476902e-08
3834 1.8213644e-05 1.4049e-05 -9.5322881e-08
3835 1.8211713e-05 1.4052838e-05 -9.517017e-08
3836 1.8209808e-05 1.4056678e-05 -9.5016693e-08
3837 1.8207931e-05 1.4060516e-05 -9.4864236e-08
3838 1.8206079e-05 1.4064355e-05 -9.4711436e-08
3839 1.8204246e-05 1.4068294e-05 -9.4559038e-08
3840 1.8202443e-05 1.4072132e-05 -9.4406193e-08
3841 1.8200664e-05 1.4075971e-05 -9.4254862e-08
3842 1.8198904e-05 1.4079809e-05 -9.4103062e-08
3843 1.8197169e-05 1.4083647e-05 -9.3950844e-08
3844 1.8195459e-05 1.4087586e-05 -9.379943e-08
3845 1.8193768e-05 1.4091424e-05 -9.3647914e-08
3846 1.8192099e-05 1.4095262e-05 -9.3495146e-08
3847 1.8190448e-05 1.40992e-05 -9.3343024e-08
3848 1.818882e-05 1.4103037e-05 -9.3190112e-08
3849 1.8187212e-05 1.4106875e-05 -9.3037378e-08
3850 1.8185616e-05 1.4110812e-05 -9.2885659e-08
3851 1.818404e-05 1.411465e-05 -9.2732237e-08
3852 1.8182479e-05 1.4118587e-05 -9.2578063e-08
3853 1.8180937e-05 1.4122425e-05 -9.2424253e-08
3854 1.8179407e-05 1.4126362e-05 -9.2270455e-08
3855 1.8177892e-05 1.4130199e-05 -9.2115812e-08
3856 1.8176389e-05 1.4134136e-05 -9.196035e-08
3857 1.8174899e-05 1.4137973e-05 -9.1805299e-08
3858 1.817352e-05 1.414191e-05 -9.1650461e-08
3859 1.8172054e-05 1.4145746e-05 -9.1493795e-08
3860 1.8170592e-05 1.4149683e-05 -9.1336483e-08
3861 1.8169144e-05 1.415362e-05 -9.1178887e-08
3862 1.8167702e-05 1.4157456e-05 -9.1020657e-08
3863 1.816627e-05 1.4161392e-05 -9.0862884e-08
3864 1.8164845e-05 1.4165329e-05 -9.0703282e-08
3865 1.8163429e-05 1.4169265e-05 -9.0542978e-08
3866 1.8162115e-05 1.4173101e-05 -9.0382464e-08
3867 1.8160709e-05 1.4177037e-05 -9.022023e-08
3868 1.8159311e-05 1.4180973e-05 -9.0058396e-08
3869 1.815792e-05 1.4184909e-05 -8.9895869e-08
3870 1.8155337e-05 1.4188845e-05 -8.9732367e-08
3871 1.8151354e-05 1.4192781e-05 -8.9567764e-08
3872 1.8147481e-05 1.4196717e-05 -8.9402287e-08
3873 1.8143613e-05 1.4200553e-05 -8.9236546e-08
3874 1.8139753e-05 1.4204489e-05 -8.9069289e-08
3875 1.8135901e-05 1.4208425e-05 -8.8900834e-08
3876 1.813205e-05 1.421236e-05 -8.873227e-08
3877 1.8128211e-05 1.4216296e-05 -8.8562088e-08
3878 1.8124376e-05 1.4220332e-05 -8.8391237e-08
3879 1.8120552e-05 1.4224267e-05 -8.8220276e-08
3880 1.8116631e-05 1.4228203e-05 -8.8046918e-08
3881 1.8112824e-05 1.4232139e-05 -8.7872926e-08
3882 1.8109023e-05 1.4236074e-05 -8.7698843e-08
3883 1.8105234e-05 1.424001e-05 -8.7522573e-08
3884 1.8101456e-05 1.4243945e-05 -8.734594e-08
3885 1.8097686e-05 1.4247981e-05 -8.7167947e-08
3886 1.8093927e-05 1.4251917e-05 -8.6988531e-08
3887 1.8090182e-05 1.4255853e-05 -8.6809432e-08
3888 1.8086447e-05 1.4259888e-05 -8.662724e-08
3889 1.8082626e-05 1.4263824e-05 -8.6445152e-08
3890 1.8078922e-05 1.426776e-05 -8.6261924e-08
3891 1.8075227e-05 1.4271796e-05 -8.607761e-08
3892 1.8071549e-05 1.4275732e-05 -8.5891922e-08
3893 1.8067886e-05 1.4279668e-05 -8.5704549e-08
3894 1.8064234e-05 1.4283705e-05 -8.5517085e-08
3895 1.8060601e-05 1.4287641e-05 -8.532701e-08
3896 1.8056979e-05 1.4291677e-05 -8.5137088e-08
3897 1.8053377e-05 1.4295613e-05 -8.4945523e-08
3898 1.8049687e-05 1.429965e-05 -8.4753049e-08
3899 1.8046115e-05 1.4303587e-05 -8.4558536e-08
3900 1.8042558e-05 1.4307624e-05 -8.4362759e-08
3901 1.8039018e-05 1.4311661e-05 -8.4166511e-08
3902 1.8035494e-05 1.4315598e-05 -8.3968833e-08
3903 1.8031985e-05 1.4319635e-05 -8.3771177e-08
3904 1.8028493e-05 1.4323673e-05 -8.3570977e-08
3905 1.8025016e-05 1.4327611e-05 -8.3369482e-08
3906 1.8021557e-05 1.4331649e-05 -8.3167756e-08
3907 1.8018011e-05 1.4335687e-05 -8.2964153e-08
3908 1.8014578e-05 1.4339725e-05 -8.2760223e-08
3909 1.8011159e-05 1.4343664e-05 -8.2554364e-08
3910 1.8007954e-05 1.4347702e-05 -8.234872e-08
3911 1.800496e-05 1.4351742e-05 -8.2140893e-08
3912 1.8001981e-05 1.4355781e-05 -8.1931799e-08
3913 1.799891e-05 1.435982e-05 -8.1722576e-08
3914 1.7995951e-05 1.436386e-05 -8.1511874e-08
3915 1.7993e-05 1.43679e-05 -8.1299133e-08
3916 1.7990059e-05 1.4371941e-05 -8.1086481e-08
3917 1.7987127e-05 1.4375981e-05 -8.0872616e-08
3918 1.7984104e-05 1.4380022e-05 -8.0656739e-08
3919 1.7981183e-05 1.4384063e-05 -8.0441072e-08
3920 1.797827e-05 1.4388105e-05 -8.0223671e-08
3921 1.7975362e-05 1.4392147e-05 -8.0005523e-08
3922 1.7972358e-05 1.4396189e-05 -7.9786442e-08
3923 1.7969459e-05 1.4400231e-05 -7.9566169e-08
3924 1.7966563e-05 1.4404274e-05 -7.9344406e-08
3925 1.7963666e-05 1.4408417e-05 -7.9122281e-08
3926 1.7960773e-05 1.441246e-05 -7.8898461e-08
3927 1.7957778e-05 1.4416504e-05 -7.8674081e-08
3928 1.7954887e-05 1.4420548e-05 -7.8449641e-08
3929 1.7951995e-05 1.4424692e-05 -7.8224123e-08
3930 1.7949107e-05 1.4428737e-05 -7.7996435e-08
3931 1.7946113e-05 1.4432783e-05 -7.7769007e-08
3932 1.7943223e-05 1.4436928e-05 -7.7540215e-08
3933 1.7940332e-05 1.4440974e-05 -7.7310924e-08
3934 1.7937438e-05 1.4445021e-05 -7.7080629e-08
3935 1.7934549e-05 1.4449167e-05 -7.684957e-08
3936 1.7931553e-05 1.4453214e-05 -7.6618752e-08
3937 1.7928656e-05 1.4457362e-05 -7.6386429e-08
3938 1.792576e-05 1.446141e-05 -7.6152918e-08
3939 1.7922861e-05 1.4465559e-05 -7.5919155e-08
3940 1.7919964e-05 1.4469607e-05 -7.5684239e-08
3941 1.7916967e-05 1.4473757e-05 -7.5448669e-08
3942 1.7914065e-05 1.4477806e-05 -7.5213247e-08
3943 1.7911167e-05 1.4481956e-05 -7.4976173e-08
3944 1.7908273e-05 1.4486107e-05 -7.4739035e-08
3945 1.7905377e-05 1.4490158e-05 -7.4501517e-08
3946 1.7902382e-05 1.449431e-05 -7.4263597e-08
3947 1.7899491e-05 1.4498462e-05 -7.4024681e-08
3948 1.7896602e-05 1.4502614e-05 -7.3785707e-08
3949 1.7893717e-05 1.4506668e-05 -7.3546221e-08
3950 1.7891335e-05 1.4510821e-05 -7.3305583e-08
3951 1.7889457e-05 1.4514975e-05 -7.3065499e-08
3952 1.7887583e-05 1.451913e-05 -7.2823636e-08
3953 1.7885714e-05 1.4523284e-05 -7.2582509e-08
3954 1.7883853e-05 1.452744e-05 -7.2340486e-08
3955 1.7881996e-05 1.4531596e-05 -7.2098298e-08
3956 1.7880146e-05 1.4535652e-05 -7.1855534e-08
3957 1.7878308e-05 1.4539809e-05 -7.1612296e-08
3958 1.7876475e-05 1.4543967e-05 -7.1369637e-08
3959 1.7874652e-05 1.4548125e-05 -7.112615e-08
3960 1.7872839e-05 1.4552284e-05 -7.0882472e-08
3961 1.7871135e-05 1.4556543e-05 -7.0638945e-08
3962 1.786934e-05 1.4560703e-05 -7.0394577e-08
3963 1.786756e-05 1.4564863e-05 -7.0150227e-08
3964 1.7865784e-05 1.4569024e-05 -6.9906508e-08
3965 1.7864025e-05 1.4573186e-05 -6.9661818e-08
3966 1.7862272e-05 1.4577348e-05 -6.9417203e-08
3967 1.7860529e-05 1.458151e-05 -6.9172466e-08
3968 1.78588e-05 1.4585774e-05 -6.8927984e-08
3969 1.7857079e-05 1.4589938e-05 -6.8682689e-08
3970 1.7855468e-05 1.4594102e-05 -6.8438674e-08
3971 1.7853769e-05 1.4598367e-05 -6.8193688e-08
3972 1.785208e-05 1.4602533e-05 -6.7949332e-08
3973 1.78504e-05 1.4606699e-05 -6.7704874e-08
3974 1.7848733e-05 1.4610966e-05 -6.7460047e-08
3975 1.7847074e-05 1.4615133e-05 -6.7215382e-08
3976 1.7845423e-05 1.4619301e-05 -6.6970904e-08
3977 1.7843781e-05 1.462357e-05 -6.6727171e-08
3978 1.7842247e-05 1.4627739e-05 -6.648342e-08
3979 1.7840622e-05 1.4632009e-05 -6.6239935e-08
3980 1.7839003e-05 1.4636179e-05 -6.599578e-08
3981 1.7837392e-05 1.464045e-05 -6.5753351e-08
3982 1.7835786e-05 1.4644722e-05 -6.5510257e-08
3983 1.7834186e-05 1.4648894e-05 -6.5267774e-08
3984 1.7832591e-05 1.4653167e-05 -6.5026283e-08
3985 1.7831101e-05 1.4657341e-05 -6.4783493e-08
3986 1.7829514e-05 1.4661615e-05 -6.4541758e-08
3987 1.782793e-05 1.466589e-05 -6.4300737e-08
3988 1.7826351e-05 1.4670165e-05 -6.4060256e-08
3989 1.7824772e-05 1.4674341e-05 -6.3819824e-08
3990 1.7821796e-05 1.4678617e-05 -6.3580039e-08
3991 1.7817222e-05 1.4682895e-05 -6.3341084e-08
3992 1.781275e-05 1.4687172e-05 -6.3101404e-08
3993 1.7808178e-05 1.4691451e-05 -6.2863768e-08
3994 1.7803708e-05 1.469563e-05 -6.2626124e-08
3995 1.7799237e-05 1.4699909e-05 -6.2389103e-08
3996 1.7794667e-05 1.470419e-05 -6.2152984e-08
3997 1.7790198e-05 1.4708471e-05 -6.1917566e-08
3998 1.778563e-05 1.4712752e-05 -6.1682383e-08
3999 1.7781161e-05 1.4717034e-05 -6.1448535e-08
4000 1.7776691e-05 1.4721317e-05 -6.121492e-08
4001 1.777212e-05 1.47256e-05 -6.0982974e-08
4002 1.7767649e-05 1.4729884e-05 -6.0751087e-08
4003 1.7763082e-05 1.4734169e-05 -6.05203e-08
4004 1.7758611e-05 1.4738554e-05 -6.0289677e-08
4005 1.7754043e-05 1.474284e-05 -6.0060417e-08
4006 1.7749574e-05 1.4747126e-05 -5.9831794e-08
4007 1.7745104e-05 1.4751413e-05 -5.9604868e-08
4008 1.7740539e-05 1.4755701e-05 -5.9377965e-08
4009 1.7736073e-05 1.4759989e-05 -5.91519e-08
4010 1.7731511e-05 1.4764378e-05 -5.8926739e-08
4011 1.7727048e-05 1.4768667e-05 -5.8703209e-08
4012 1.7722591e-05 1.4772957e-05 -5.8480361e-08
4013 1.7718035e-05 1.4777348e-05 -5.8258989e-08
4014 1.7713584e-05 1.4781639e-05 -5.8037866e-08
4015 1.7709039e-05 1.478593e-05 -5.7817495e-08
4016 1.7704594e-05 1.4790323e-05 -5.7598991e-08
4017 1.770016e-05 1.4794616e-05 -5.7380366e-08
4018 1.7695629e-05 1.4799009e-05 -5.7164089e-08
4019 1.7691204e-05 1.4803303e-05 -5.694861e-08
4020 1.7686687e-05 1.4807698e-05 -5.6733256e-08
4021 1.7682277e-05 1.4811993e-05 -5.6519917e-08
4022 1.7677875e-05 1.4816389e-05 -5.6307414e-08
4023 1.7673384e-05 1.4820785e-05 -5.6096213e-08
4024 1.7668999e-05 1.4825082e-05 -5.5885177e-08
4025 1.7664526e-05 1.4829479e-05 -5.5676936e-08
4026 1.7660164e-05 1.4833777e-05 -5.5468353e-08
4027 1.765581e-05 1.4838176e-05 -5.5261668e-08
4028 1.765137e-05 1.4842575e-05 -5.5056175e-08
4029 1.764704e-05 1.4846975e-05 -5.4851208e-08
4030 1.7645618e-05 1.4851275e-05 -5.4647723e-08
4031 1.764431e-05 1.4855676e-05 -5.4446136e-08
4032 1.7642914e-05 1.4860077e-05 -5.4245145e-08
4033 1.7641628e-05 1.4864479e-05 -5.4045544e-08
4034 1.7640257e-05 1.4868881e-05 -5.3847026e-08
4035 1.7638996e-05 1.4873284e-05 -5.364951e-08
4036 1.7637748e-05 1.4877688e-05 -5.3453853e-08
4037 1.7636406e-05 1.4881991e-05 -5.3258515e-08
4038 1.7635181e-05 1.4886396e-05 -5.306536e-08
4039 1.7633869e-05 1.4890801e-05 -5.2872984e-08
4040 1.7632665e-05 1.4895206e-05 -5.2681885e-08
4041 1.7631372e-05 1.4899612e-05 -5.249215e-08
4042 1.7630194e-05 1.4904119e-05 -5.2303663e-08
4043 1.7628923e-05 1.4908525e-05 -5.2116578e-08
4044 1.7627764e-05 1.4912933e-05 -5.1931034e-08
4045 1.7626513e-05 1.4917341e-05 -5.1745914e-08
4046 1.7625372e-05 1.4921749e-05 -5.1563198e-08
4047 1.7624242e-05 1.4926158e-05 -5.1381669e-08
4048 1.762302e-05 1.4930667e-05 -5.1200925e-08
4049 1.7621909e-05 1.4935077e-05 -5.1021753e-08
4050 1.7620704e-05 1.4939487e-05 -5.084373e-08
4051 1.7619608e-05 1.4943897e-05 -5.0667187e-08
4052 1.7618421e-05 1.4948408e-05 -5.0491791e-08
4053 1.7617336e-05 1.495282e-05 -5.0318771e-08
4054 1.7616263e-05 1.4957232e-05 -5.0145824e-08
4055 1.7615094e-05 1.4961744e-05 -4.9974677e-08
4056 1.7614033e-05 1.4966157e-05 -4.9805352e-08
4057 1.7612875e-05 1.497067e-05 -4.9636459e-08
4058 1.7611824e-05 1.4975084e-05 -4.9469673e-08
4059 1.761078e-05 1.4979598e-05 -4.9303972e-08
4060 1.760964e-05 1.4984012e-05 -4.9139872e-08
4061 1.7608604e-05 1.4988527e-05 -4.8977112e-08
4062 1.7607474e-05 1.4992942e-05 -4.8815364e-08
4063 1.7606447e-05 1.4997457e-05 -4.8655073e-08
4064 1.7605426e-05 1.5001873e-05 -4.8496669e-08
4065 1.7604311e-05 1.500639e-05 -4.8338767e-08
4066 1.7603299e-05 1.5010906e-05 -4.8182863e-08
4067 1.760219e-05 1.5015323e-05 -4.802796e-08
4068 1.7601186e-05 1.5019841e-05 -4.7874706e-08
4069 1.7598885e-05 1.5024358e-05 -4.7722657e-08
4070 1.7595189e-05 1.5028876e-05 -4.7572285e-08
4071 1.7591599e-05 1.5033295e-05 -4.742318e-08
4072 1.7588017e-05 1.5037813e-05 -4.7275206e-08
4073 1.7584333e-05 1.5042332e-05 -4.7128823e-08
4074 1.7580761e-05 1.5046852e-05 -4.6983045e-08
4075 1.7577192e-05 1.5051371e-05 -4.6839784e-08
4076 1.7573627e-05 1.5055891e-05 -4.669719e-08
4077 1.7569974e-05 1.5060411e-05 -4.6555687e-08
4078 1.7566423e-05 1.5064932e-05 -4.6416246e-08
4079 1.7562883e-05 1.5069453e-05 -4.6277349e-08
4080 1.7559247e-05 1.5073974e-05 -4.6139893e-08
4081 1.7555722e-05 1.5078495e-05 -4.6004161e-08
4082 1.7552205e-05 1.5083017e-05 -4.5869506e-08
4083 1.7548599e-05 1.5087539e-05 -4.573574e-08
4084 1.7545097e-05 1.5092061e-05 -4.5603519e-08
4085 1.7541607e-05 1.5096583e-05 -4.5472612e-08
4086 1.7538028e-05 1.5101206e-05 -4.5343514e-08
4087 1.7534562e-05 1.5105729e-05 -4.5215112e-08
4088 1.7531102e-05 1.5110252e-05 -4.5087687e-08
4089 1.7527553e-05 1.5114776e-05 -4.4962026e-08
4090 1.7524117e-05 1.51194e-05 -4.4837453e-08
4091 1.7520693e-05 1.5123924e-05 -4.4713365e-08
4092 1.7517182e-05 1.5128448e-05 -4.459101e-08
4093 1.751378e-05 1.5132972e-05 -4.4469863e-08
4094 1.7510394e-05 1.5137597e-05 -4.4349603e-08
4095 1.7507019e-05 1.5142122e-05 -4.4230609e-08
4096 1.7503557e-05 1.5146747e-05 -4.4112886e-08
4097 1.7500207e-05 1.5151272e-05 -4.3996073e-08
4098 1.7496871e-05 1.5155897e-05 -4.3880697e-08
4099 1.7493448e-05 1.5160423e-05 -4.3765945e-08
4100 1.7490137e-05 1.5165049e-05 -4.3652899e-08
4101 1.748684e-05 1.5169575e-05 -4.3540513e-08
4102 1.7483454e-05 1.5174201e-05 -4.3429174e-08
4103 1.7480181e-05 1.5178728e-05 -4.3318813e-08
4104 1.7476924e-05 1.5183354e-05 -4.3210107e-08
4105 1.7473577e-05 1.5187981e-05 -4.3101788e-08
4106 1.7470343e-05 1.5192508e-05 -4.2994559e-08
4107 1.7467119e-05 1.5197135e-05 -4.2888393e-08
4108 1.7463911e-05 1.5201762e-05 -4.2783746e-08
4109 1.7461412e-05 1.520639e-05 -4.2679753e-08
4110 1.7459725e-05 1.5210917e-05 -4.2576299e-08
4111 1.7458049e-05 1.5215545e-05 -4.2474498e-08
4112 1.7456485e-05 1.5220173e-05 -4.237328e-08
4113 1.7454831e-05 1.5224801e-05 -4.2273027e-08
4114 1.7453187e-05 1.5229429e-05 -4.2173658e-08
4115 1.7451553e-05 1.5234057e-05 -4.2075116e-08
4116 1.7450028e-05 1.5238686e-05 -4.1977692e-08
4117 1.7448415e-05 1.5243314e-05 -4.1880982e-08
4118 1.7446808e-05 1.5247943e-05 -4.1785686e-08
4119 1.7445211e-05 1.5252571e-05 -4.1690335e-08
4120 1.7443721e-05 1.52572e-05 -4.1596519e-08
4121 1.744214e-05 1.5261829e-05 -4.1502754e-08
4122 1.744057e-05 1.5266458e-05 -4.141061e-08
4123 1.7439004e-05 1.5271088e-05 -4.131921e-08
4124 1.7437548e-05 1.5275717e-05 -4.1228649e-08
4125 1.7435995e-05 1.5280346e-05 -4.1138917e-08
4126 1.7434453e-05 1.5285076e-05 -4.1049793e-08
4127 1.7432914e-05 1.5289705e-05 -4.0961284e-08
4128 1.7431484e-05 1.5294335e-05 -4.0873847e-08
4129 1.7429961e-05 1.5298965e-05 -4.0786837e-08
4130 1.7428445e-05 1.5303694e-05 -4.0701192e-08
4131 1.7427035e-05 1.5308324e-05 -4.0616117e-08
4132 1.7425531e-05 1.5312954e-05 -4.0530862e-08
4133 1.7424031e-05 1.5317684e-05 -4.0447015e-08
4134 1.742254e-05 1.5322314e-05 -4.0363743e-08
4135 1.7421157e-05 1.5327044e-05 -4.0281537e-08
4136 1.741968e-05 1.5331674e-05 -4.0199514e-08
4137 1.7418208e-05 1.5336404e-05 -4.0118496e-08
4138 1.7416745e-05 1.5341035e-05 -4.0038206e-08
4139 1.7415386e-05 1.5345765e-05 -3.9958187e-08
4140 1.7413936e-05 1.5350395e-05 -3.9878568e-08
4141 1.7412495e-05 1.5355126e-05 -3.9799388e-08
4142 1.7411058e-05 1.5359756e-05 -3.9721191e-08
4143 1.7409732e-05 1.5364487e-05 -3.9643812e-08
4144 1.7408313e-05 1.5369218e-05 -3.9566537e-08
4145 1.7406902e-05 1.5373848e-05 -3.948982e-08
4146 1.7405601e-05 1.5378579e-05 -3.9413163e-08
4147 1.7404208e-05 1.538331e-05 -3.9337707e-08
4148 1.7402824e-05 1.5388041e-05 -3.926219e-08
4149 1.7402446e-05 1.5392771e-05 -3.9187687e-08
4150 1.7402982e-05 1.5397402e-05 -3.9112869e-08
4151 1.7403624e-05 1.5402133e-05 -3.9039126e-08
4152 1.7404179e-05 1.5406864e-05 -3.8965672e-08
4153 1.7404842e-05 1.5411595e-05 -3.8892344e-08
4154 1.7405414e-05 1.5416326e-05 -3.8819673e-08
4155 1.7406097e-05 1.5421058e-05 -3.8747135e-08
4156 1.7406691e-05 1.5425789e-05 -3.8674897e-08
4157 1.7407293e-05 1.543052e-05 -3.8603608e-08
4158 1.7408008e-05 1.5435251e-05 -3.8532057e-08
4159 1.7408634e-05 1.5439983e-05 -3.8460603e-08
4160 1.740937e-05 1.5444714e-05 -3.8389786e-08
4161 1.7410014e-05 1.5449445e-05 -3.8319353e-08
4162 1.7410772e-05 1.5454177e-05 -3.8248893e-08
4163 1.7411438e-05 1.5458908e-05 -3.8179025e-08
4164 1.7412216e-05 1.5463739e-05 -3.8109058e-08
4165 1.7412905e-05 1.5468471e-05 -3.8039607e-08
4166 1.7413702e-05 1.5473202e-05 -3.7970743e-08
4167 1.7414411e-05 1.5477934e-05 -3.7901881e-08
4168 1.7415231e-05 1.5482766e-05 -3.7832651e-08
4169 1.7415959e-05 1.5487497e-05 -3.776401e-08
4170 1.7416798e-05 1.5492229e-05 -3.7695128e-08
4171 1.7417643e-05 1.5497061e-05 -3.762724e-08
4172 1.7418401e-05 1.5501792e-05 -3.7559209e-08
4173 1.7419267e-05 1.5506624e-05 -3.7491154e-08
4174 1.7420042e-05 1.5511356e-05 -3.742323e-08
4175 1.7420925e-05 1.5516088e-05 -3.7355902e-08
4176 1.7421717e-05 1.552092e-05 -3.7288239e-08
4177 1.7422617e-05 1.5525752e-05 -3.7220772e-08
4178 1.7423522e-05 1.5530484e-05 -3.7153706e-08
4179 1.7424339e-05 1.5535316e-05 -3.7086349e-08
4180 1.7425261e-05 1.5540048e-05 -3.7019294e-08
4181 1.742609e-05 1.554488e-05 -3.6952565e-08
4182 1.7427025e-05 1.5549712e-05 -3.6885713e-08
4183 1.742787e-05 1.5554444e-05 -3.6818841e-08
4184 1.7428818e-05 1.5559276e-05 -3.6752185e-08
4185 1.7429772e-05 1.5564108e-05 -3.6685178e-08
4186 1.7430634e-05 1.556884e-05 -3.6618545e-08
4187 1.7431604e-05 1.5573673e-05 -3.6551929e-08
4188 1.7432575e-05 1.5578505e-05 -3.6485337e-08
4189 1.7431054e-05 1.5583337e-05 -3.6419114e-08
4190 1.7427137e-05 1.5588169e-05 -3.63528e-08
4191 1.7423327e-05 1.5593002e-05 -3.6286211e-08
4192 1.7419419e-05 1.5597834e-05 -3.6219804e-08
4193 1.7415519e-05 1.5602667e-05 -3.6153123e-08
4194 1.7411726e-05 1.5607499e-05 -3.6086192e-08
4195 1.7407836e-05 1.5612332e-05 -3.6019894e-08
4196 1.740395e-05 1.5617164e-05 -3.5953498e-08
4197 1.7400071e-05 1.5621997e-05 -3.5886868e-08
4198 1.7396296e-05 1.562683e-05 -3.5820109e-08
4199 1.7392427e-05 1.5631662e-05 -3.5753604e-08
4200 1.7388562e-05 1.5636495e-05 -3.5686894e-08
4201 1.7384803e-05 1.5641328e-05 -3.562011e-08
4202 1.738095e-05 1.5646161e-05 -3.5553077e-08
4203 1.7377104e-05 1.5651094e-05 -3.5486108e-08
4204 1.7373362e-05 1.5655927e-05 -3.5419091e-08
4205 1.7369526e-05 1.566076e-05 -3.5351849e-08
4206 1.7365698e-05 1.5665593e-05 -3.5284708e-08
4207 1.7361975e-05 1.5670526e-05 -3.521739e-08
4208 1.7358155e-05 1.567536e-05 -3.5149836e-08
4209 1.7354346e-05 1.5680193e-05 -3.5082804e-08
4210 1.735064e-05 1.5685126e-05 -3.501507e-08
4211 1.7346842e-05 1.568996e-05 -3.4947152e-08
4212 1.7343052e-05 1.5694894e-05 -3.4879066e-08
4213 1.7339368e-05 1.5699727e-05 -3.4811216e-08
4214 1.7335591e-05 1.5704661e-05 -3.474308e-08
4215 1.733182e-05 1.5709495e-05 -3.4674594e-08
4216 1.7328155e-05 1.5714429e-05 -3.4606041e-08
4217 1.73244e-05 1.5719263e-05 -3.4537662e-08
4218 1.7320751e-05 1.5724197e-05 -3.4468819e-08
4219 1.7317007e-05 1.5729131e-05 -3.4399974e-08
4220 1.7313272e-05 1.5733965e-05 -3.4331254e-08
4221 1.7309646e-05 1.57389e-05 -3.426188e-08
4222 1.7305923e-05 1.5743834e-05 -3.4192576e-08
4223 1.7302209e-05 1.5748669e-05 -3.4123139e-08
4224 1.7298603e-05 1.5753603e-05 -3.4053151e-08
4225 1.7294901e-05 1.5758538e-05 -3.3983252e-08
4226 1.7291207e-05 1.5763473e-05 -3.3913823e-08
4227 1.7287621e-05 1.5768408e-05 -3.3843208e-08
4228 1.7283939e-05 1.5773342e-05 -3.3772985e-08
4229 1.7282065e-05 1.5778178e-05 -3.3702289e-08
4230 1.7281895e-05 1.5783113e-05 -3.3631917e-08
4231 1.7281733e-05 1.5788048e-05 -3.35608e-08
4232 1.7281575e-05 1.5792983e-05 -3.3489967e-08
4233 1.7281424e-05 1.5797919e-05 -3.3418705e-08
4234 1.7281379e-05 1.5802855e-05 -3.3347321e-08
4235 1.7281237e-05 1.580789e-05 -3.3275816e-08
4236 1.7281104e-05 1.5812826e-05 -3.3204333e-08
4237 1.7280972e-05 1.5817762e-05 -3.3132526e-08
4238 1.7280843e-05 1.5822698e-05 -3.3060407e-08
4239 1.7280723e-05 1.5827634e-05 -3.2988317e-08
4240 1.7280604e-05 1.5832571e-05 -3.2915804e-08
4241 1.7280589e-05 1.5837507e-05 -3.2843782e-08
4242 1.7280477e-05 1.5842544e-05 -3.2770871e-08
4243 1.728037e-05 1.584748e-05 -3.2698097e-08
4244 1.7280266e-05 1.5852417e-05 -3.2625387e-08
4245 1.7280166e-05 1.5857454e-05 -3.2552437e-08
4246 1.7280067e-05 1.5862391e-05 -3.2479032e-08
4247 1.7279972e-05 1.5867328e-05 -3.2405829e-08
4248 1.727998e-05 1.5872366e-05 -3.2332337e-08
4249 1.727989e-05 1.5877303e-05 -3.2258556e-08
4250 1.7279804e-05 1.5882341e-05 -3.2184864e-08
4251 1.7279722e-05 1.5887279e-05 -3.2111186e-08
4252 1.7279639e-05 1.5892317e-05 -3.2037028e-08
4253 1.727956e-05 1.5897255e-05 -3.1962909e-08
4254 1.7279586e-05 1.5902293e-05 -3.1889324e-08
4255 1.7279511e-05 1.5907331e-05 -3.1814223e-08
4256 1.727944e-05 1.5912269e-05 -3.1739891e-08
4257 1.7279372e-05 1.5917308e-05 -3.1665135e-08
4258 1.7279307e-05 1.5922247e-05 -3.1590529e-08
4259 1.7279244e-05 1.5927286e-05 -3.151545e-08
4260 1.7279286e-05 1.5932325e-05 -3.1440443e-08
4261 1.727923e-05 1.5937364e-05 -3.1365375e-08
4262 1.7279179e-05 1.5942303e-05 -3.1290027e-08
4263 1.7279129e-05 1.5947343e-05 -3.1215051e-08
4264 1.7279084e-05 1.5952383e-05 -3.1139742e-08
4265 1.7279042e-05 1.5957423e-05 -3.1064363e-08
4266 1.7279107e-05 1.5962463e-05 -3.098891e-08
4267 1.7279071e-05 1.5967503e-05 -3.0913067e-08
4268 1.7279044e-05 1.5972543e-05 -3.08375e-08
4269 1.7280921e-05 1.5977584e-05 -3.076169e-08
4270 1.7284801e-05 1.5982624e-05 -3.068591e-08
4271 1.7288687e-05 1.5987665e-05 -3.0609935e-08
4272 1.7292574e-05 1.5992706e-05 -3.053362e-08
4273 1.729647e-05 1.5997748e-05 -3.0457622e-08
4274 1.730037e-05 1.6002789e-05 -3.0381557e-08
4275 1.7304178e-05 1.6007831e-05 -3.030499e-08
4276 1.7308088e-05 1.6012873e-05 -3.0228709e-08
4277 1.7312005e-05 1.6018015e-05 -3.0152343e-08
4278 1.7315927e-05 1.6023057e-05 -3.0075807e-08
4279 1.7319852e-05 1.6028099e-05 -2.9999319e-08
4280 1.7323786e-05 1.6033142e-05 -2.9922463e-08
4281 1.7327723e-05 1.6038284e-05 -2.9846086e-08
4282 1.7331666e-05 1.6043327e-05 -2.9769204e-08
4283 1.7335617e-05 1.604837e-05 -2.9692294e-08
4284 1.7339571e-05 1.6053513e-05 -2.9615613e-08
4285 1.7343529e-05 1.6058557e-05 -2.9538669e-08
4286 1.7347494e-05 1.6063701e-05 -2.946193e-08
4287 1.7351562e-05 1.6068744e-05 -2.9385088e-08
4288 1.7355538e-05 1.6073888e-05 -2.9308268e-08
4289 1.7359516e-05 1.6078933e-05 -2.9231164e-08
4290 1.7363498e-05 1.6084077e-05 -2.9154366e-08
4291 1.7367486e-05 1.6089122e-05 -2.9077173e-08
4292 1.737148e-05 1.6094266e-05 -2.9000789e-08
4293 1.7375574e-05 1.6099411e-05 -2.8923907e-08
4294 1.7379572e-05 1.6104456e-05 -2.8847114e-08
4295 1.7383576e-05 1.6109602e-05 -2.8770234e-08
4296 1.738758e-05 1.6114747e-05 -2.8693404e-08
4297 1.7391687e-05 1.6119793e-05 -2.8616772e-08
4298 1.7395699e-05 1.6124939e-05 -2.8539895e-08
4299 1.7399712e-05 1.6130085e-05 -2.8463744e-08
4300 1.7403827e-05 1.6135232e-05 -2.8387424e-08
4301 1.7407845e-05 1.6140378e-05 -2.8310881e-08
4302 1.7411863e-05 1.6145525e-05 -2.8234082e-08
4303 1.7415982e-05 1.6150572e-05 -2.8158139e-08
4304 1.7420003e-05 1.6155719e-05 -2.8081942e-08
4305 1.7424128e-05 1.6160866e-05 -2.8005592e-08
4306 1.742815e-05 1.6166014e-05 -2.7929928e-08
4307 1.7432174e-05 1.6171161e-05 -2.7854053e-08
4308 1.7436299e-05 1.6176309e-05 -2.7778237e-08
4309 1.7438224e-05 1.6181457e-05 -2.7702756e-08
4310 1.7438149e-05 1.6186706e-05 -2.7626969e-08
4311 1.7437975e-05 1.6191854e-05 -2.75514e-08
4312 1.7437903e-05 1.6197003e-05 -2.7476271e-08
4313 1.743773e-05 1.6202152e-05 -2.7400857e-08
4314 1.7437556e-05 1.6207301e-05 -2.732578e-08
4315 1.7437483e-05 1.621245e-05 -2.7251072e-08
4316 1.7437312e-05 1.62177e-05 -2.7176146e-08
4317 1.7437142e-05 1.622285e-05 -2.7101641e-08
4318 1.7437072e-05 1.6228e-05 -2.70273e-08
4319 1.7436904e-05 1.623325e-05 -2.6953077e-08
4320 1.7436836e-05 1.62384e-05 -2.6878842e-08
4321 1.743667e-05 1.6243651e-05 -2.6804824e-08
4322 1.7436508e-05 1.6248801e-05 -2.6731262e-08
4323 1.7436443e-05 1.6253952e-05 -2.6657672e-08
4324 1.7436285e-05 1.6259203e-05 -2.6584061e-08
4325 1.7436127e-05 1.6264355e-05 -2.6510917e-08
4326 1.7436069e-05 1.6269606e-05 -2.6437649e-08
4327 1.7435917e-05 1.6274858e-05 -2.6364744e-08
4328 1.7435866e-05 1.628001e-05 -2.6291974e-08
4329 1.7435722e-05 1.6285262e-05 -2.6219351e-08
4330 1.7435579e-05 1.6290415e-05 -2.6146982e-08
4331 1.743554e-05 1.6295667e-05 -2.6074981e-08
4332 1.7435404e-05 1.630092e-05 -2.6003154e-08
4333 1.7435377e-05 1.6306173e-05 -2.5931441e-08
4334 1.7435251e-05 1.6311326e-05 -2.585971e-08
4335 1.743513e-05 1.631658e-05 -2.5788292e-08
4336 1.7435116e-05 1.6321833e-05 -2.5717182e-08
4337 1.7435005e-05 1.6327087e-05 -2.5646187e-08
4338 1.7435002e-05 1.6332341e-05 -2.5575682e-08
4339 1.7434903e-05 1.6337595e-05 -2.5504926e-08
4340 1.743481e-05 1.6342749e-05 -2.5434576e-08
4341 1.7434821e-05 1.6348004e-05 -2.5364627e-08
4342 1.7434741e-05 1.6353259e-05 -2.5294805e-08
4343 1.7434764e-05 1.6358514e-05 -2.5225126e-08
4344 1.7434693e-05 1.6363769e-05 -2.5155737e-08
4345 1.7434631e-05 1.6369124e-05 -2.5086555e-08
4346 1.7434674e-05 1.637438e-05 -2.5017526e-08
4347 1.7434619e-05 1.6379635e-05 -2.4949017e-08
4348 1.7434673e-05 1.6384891e-05 -2.4880442e-08
4349 1.7432732e-05 1.6390147e-05 -2.4812155e-08
4350 1.7428896e-05 1.6395404e-05 -2.4744348e-08
4351 1.7425167e-05 1.640076e-05 -2.467635e-08
4352 1.7421341e-05 1.6406017e-05 -2.4609171e-08
4353 1.7417521e-05 1.6411274e-05 -2.4542123e-08
4354 1.7413803e-05 1.6416531e-05 -2.447508e-08
4355 1.7409993e-05 1.6421888e-05 -2.4408542e-08
4356 1.7406186e-05 1.6427145e-05 -2.434198e-08
4357 1.7402481e-05 1.6432503e-05 -2.4275809e-08
4358 1.7398678e-05 1.643776e-05 -2.4210196e-08
4359 1.7394882e-05 1.6443018e-05 -2.4144716e-08
4360 1.7391185e-05 1.6448376e-05 -2.4079363e-08
4361 1.7387395e-05 1.6453635e-05 -2.4014401e-08
4362 1.7383603e-05 1.6458993e-05 -2.3949603e-08
4363 1.7379912e-05 1.6464352e-05 -2.3885199e-08
4364 1.7376126e-05 1.6469611e-05 -2.3821241e-08
4365 1.7372438e-05 1.647497e-05 -2.3757387e-08
4366 1.7368654e-05 1.6480229e-05 -2.369399e-08
4367 1.7364868e-05 1.6485588e-05 -2.3630735e-08
4368 1.7361183e-05 1.6490947e-05 -2.3567878e-08
4369 1.7357399e-05 1.6496307e-05 -2.350529e-08
4370 1.7353615e-05 1.6501567e-05 -2.3443042e-08
4371 1.734993e-05 1.6506927e-05 -2.3380976e-08
4372 1.7346144e-05 1.6512287e-05 -2.3319175e-08
4373 1.7342457e-05 1.6517647e-05 -2.3257908e-08
4374 1.7338671e-05 1.6523008e-05 -2.3196779e-08
4375 1.7334982e-05 1.6528368e-05 -2.3135937e-08
4376 1.7331194e-05 1.6533729e-05 -2.307553e-08
4377 1.7327405e-05 1.653899e-05 -2.3015373e-08
4378 1.7323716e-05 1.6544351e-05 -2.2955477e-08
4379 1.7319927e-05 1.6549712e-05 -2.2896059e-08
4380 1.7316236e-05 1.6555174e-05 -2.2836896e-08
4381 1.7312446e-05 1.6560535e-05 -2.2777955e-08
4382 1.7308655e-05 1.6565897e-05 -2.2719596e-08
4383 1.7304965e-05 1.6571259e-05 -2.2661249e-08
4384 1.7301176e-05 1.6576621e-05 -2.2603203e-08
4385 1.7297487e-05 1.6581983e-05 -2.2545865e-08
4386 1.7293697e-05 1.6587345e-05 -2.2488451e-08
4387 1.729001e-05 1.6592807e-05 -2.2431455e-08
4388 1.7286223e-05 1.659817e-05 -2.2374905e-08
4389 1.728524e-05 1.6603533e-05 -2.2318499e-08
4390 1.7287059e-05 1.6608996e-05 -2.2262313e-08
4391 1.7288779e-05 1.6614358e-05 -2.2206536e-08
4392 1.7290601e-05 1.6619722e-05 -2.2151053e-08
4393 1.729243e-05 1.6625185e-05 -2.2096012e-08
4394 1.7294159e-05 1.6630548e-05 -2.2041113e-08
4395 1.7295993e-05 1.6636012e-05 -2.1986534e-08
4396 1.7297833e-05 1.6641375e-05 -2.193229e-08
4397 1.7299575e-05 1.6646839e-05 -2.187848e-08
4398 1.7301425e-05 1.6652203e-05 -2.1824628e-08
4399 1.7303278e-05 1.6657667e-05 -2.1771241e-08
4400 1.7305038e-05 1.6663031e-05 -2.1718112e-08
4401 1.7306904e-05 1.6668496e-05 -2.1665233e-08
4402 1.7308774e-05 1.667396e-05 -2.1612846e-08
4403 1.7310552e-05 1.6679325e-05 -2.156057e-08
4404 1.7312436e-05 1.6684789e-05 -2.1508563e-08
4405 1.7314327e-05 1.6690254e-05 -2.1456746e-08
4406 1.7316125e-05 1.6695719e-05 -2.1405368e-08
4407 1.731803e-05 1.6701184e-05 -2.1354019e-08
4408 1.7319942e-05 1.6706549e-05 -2.1303127e-08
4409 1.732186e-05 1.6712015e-05 -2.1252535e-08
4410 1.7323686e-05 1.671748e-05 -2.120205e-08
4411 1.7325618e-05 1.6722946e-05 -2.1152041e-08
4412 1.7327556e-05 1.6728411e-05 -2.1102057e-08
4413 1.7329502e-05 1.6733877e-05 -2.1052473e-08
4414 1.7331355e-05 1.6739343e-05 -2.1003088e-08
4415 1.7333313e-05 1.6744809e-05 -2.0954153e-08
4416 1.7335275e-05 1.6750275e-05 -2.0905398e-08
4417 1.7337248e-05 1.6755741e-05 -2.085669e-08
4418 1.7339121e-05 1.6761207e-05 -2.0808125e-08
4419 1.7341103e-05 1.6766774e-05 -2.076027e-08
4420 1.7343087e-05 1.677224e-05 -2.0712286e-08
4421 1.7345076e-05 1.6777707e-05 -2.0664772e-08
4422 1.734707e-05 1.6783173e-05 -2.0617257e-08
4423 1.7348967e-05 1.678864e-05 -2.0570198e-08
4424 1.7350966e-05 1.6794207e-05 -2.0523337e-08
4425 1.735297e-05 1.6799674e-05 -2.0476692e-08
4426 1.7354975e-05 1.6805141e-05 -2.0430339e-08
4427 1.7356981e-05 1.6810708e-05 -2.0384311e-08
4428 1.735889e-05 1.6816175e-05 -2.0338283e-08
4429 1.73602e-05 1.6821743e-05 -2.0292549e-08
4430 1.736141e-05 1.682721e-05 -2.0247114e-08
4431 1.7362621e-05 1.6832778e-05 -2.0201949e-08
4432 1.7363832e-05 1.6838245e-05 -2.0156885e-08
4433 1.7365143e-05 1.6843813e-05 -2.0112214e-08
4434 1.7366353e-05 1.684928e-05 -2.0067638e-08
4435 1.7367563e-05 1.6854848e-05 -2.0023497e-08
4436 1.7368772e-05 1.6860416e-05 -1.9979423e-08
4437 1.7370079e-05 1.6865884e-05 -1.9935667e-08
4438 1.7371286e-05 1.6871452e-05 -1.989209e-08
4439 1.737249e-05 1.687702e-05 -1.9848698e-08
4440 1.7373693e-05 1.6882489e-05 -1.9805694e-08
4441 1.7374895e-05 1.6888057e-05 -1.9762783e-08
4442 1.7376195e-05 1.6893625e-05 -1.9720224e-08
4443 1.7377394e-05 1.6899194e-05 -1.9677648e-08
4444 1.7378591e-05 1.6904762e-05 -1.9635485e-08
4445 1.7379886e-05 1.6910331e-05 -1.9593359e-08
4446 1.7381081e-05 1.6915899e-05 -1.9551703e-08
4447 1.7382274e-05 1.6921368e-05 -1.9510099e-08
4448 1.7383467e-05 1.6926937e-05 -1.9468591e-08
4449 1.7384758e-05 1.6932506e-05 -1.9427739e-08
4450 1.738595e-05 1.6938175e-05 -1.9386551e-08
4451 1.7387141e-05 1.6943744e-05 -1.9345783e-08
4452 1.7388434e-05 1.6949313e-05 -1.9305081e-08
4453 1.7389627e-05 1.6954882e-05 -1.9264751e-08
4454 1.739082e-05 1.6960451e-05 -1.922442e-08
4455 1.7392016e-05 1.6966021e-05 -1.918427e-08
4456 1.7393313e-05 1.697159e-05 -1.914454e-08
4457 1.7394514e-05 1.6977259e-05 -1.9104697e-08
4458 1.7395716e-05 1.6982829e-05 -1.9065191e-08
4459 1.7397021e-05 1.6988399e-05 -1.9025651e-08
4460 1.7398231e-05 1.6994068e-05 -1.8986524e-08
4461 1.7399444e-05 1.6999638e-05 -1.8947382e-08
4462 1.7400762e-05 1.7005208e-05 -1.8908406e-08
4463 1.7401984e-05 1.7010877e-05 -1.8869552e-08
4464 1.7403212e-05 1.7016447e-05 -1.8830915e-08
4465 1.7404544e-05 1.7022117e-05 -1.8792276e-08
4466 1.7405783e-05 1.7027687e-05 -1.8753847e-08
4467 1.7407027e-05 1.7033357e-05 -1.8715534e-08
4468 1.7407879e-05 1.7038927e-05 -1.8677025e-08
4469 1.7408236e-05 1.7044597e-05 -1.8639062e-08
4470 1.7408601e-05 1.7050168e-05 -1.8601123e-08
4471 1.7408973e-05 1.7055838e-05 -1.8563239e-08
4472 1.740945e-05 1.7061508e-05 -1.8525364e-08
4473 1.7409837e-05 1.7067179e-05 -1.8487731e-08
4474 1.741023e-05 1.7072749e-05 -1.8450126e-08
4475 1.7410629e-05 1.707842e-05 -1.841262e-08
4476 1.7411037e-05 1.708409e-05 -1.837515e-08
4477 1.7411451e-05 1.7089761e-05 -1.8337765e-08
4478 1.7411871e-05 1.7095431e-05 -1.8300436e-08
4479 1.7412299e-05 1.7101002e-05 -1.8263243e-08
4480 1.7412832e-05 1.7106673e-05 -1.8226132e-08
4481 1.7413273e-05 1.7112344e-05 -1.8189003e-08
4482 1.7413719e-05 1.7118015e-05 -1.8152202e-08
4483 1.741417e-05 1.7123686e-05 -1.8115088e-08
4484 1.7414626e-05 1.7129357e-05 -1.8078369e-08
4485 1.7415088e-05 1.7135028e-05 -1.8041482e-08
4486 1.7415654e-05 1.7140699e-05 -1.8004923e-08
4487 1.7416123e-05 1.714647e-05 -1.7968141e-08
4488 1.7416597e-05 1.7152141e-05 -1.7931597e-08
4489 1.7417074e-05 1.7157812e-05 -1.7895023e-08
4490 1.7417553e-05 1.7163483e-05 -1.7858679e-08
4491 1.7418034e-05 1.7169155e-05 -1.7822308e-08
4492 1.7418517e-05 1.7174926e-05 -1.7786097e-08
4493 1.7419101e-05 1.7180597e-05 -1.7749776e-08
4494 1.7419586e-05 1.7186269e-05 -1.7713588e-08
4495 1.7420071e-05 1.719204e-05 -1.767732e-08
4496 1.7420556e-05 1.7197712e-05 -1.7641293e-08
4497 1.7421041e-05 1.7203383e-05 -1.7605379e-08
4498 1.7421526e-05 1.7209155e-05 -1.756951e-08
4499 1.7422109e-05 1.7214827e-05 -1.7533473e-08
4500 1.742259e-05 1.7220598e-05 -1.7497816e-08
4501 1.7423071e-05 1.722627e-05 -1.7462137e-08
4502 1.7423548e-05 1.7232042e-05 -1.7426543e-08
4503 1.7424024e-05 1.7237714e-05 -1.7390922e-08
4504 1.7424597e-05 1.7243486e-05 -1.7355389e-08
4505 1.7425068e-05 1.7249258e-05 -1.731994e-08
4506 1.7425536e-05 1.725493e-05 -1.7284457e-08
4507 1.7426001e-05 1.7260702e-05 -1.7249294e-08
4508 1.7427464e-05 1.7266474e-05 -1.7214083e-08
4509 1.7429925e-05 1.7272246e-05 -1.7178628e-08
4510 1.7432382e-05 1.7277918e-05 -1.7143753e-08
4511 1.7434738e-05 1.728369e-05 -1.7108612e-08
4512 1.743719e-05 1.7289463e-05 -1.7073474e-08
4513 1.7439641e-05 1.7295235e-05 -1.7038648e-08
4514 1.744209e-05 1.7301007e-05 -1.7003667e-08
4515 1.7444537e-05 1.730678e-05 -1.6968855e-08
4516 1.7446883e-05 1.7312552e-05 -1.6933966e-08
4517 1.7449329e-05 1.7318325e-05 -1.6899259e-08
4518 1.7451773e-05 1.7324097e-05 -1.6864461e-08
4519 1.7454218e-05 1.732987e-05 -1.6829578e-08
4520 1.7456663e-05 1.7335643e-05 -1.679489e-08
4521 1.7459108e-05 1.7341415e-05 -1.6760302e-08
4522 1.7461454e-05 1.7347188e-05 -1.6725489e-08
4523 1.7463902e-05 1.7352961e-05 -1.6690921e-08
4524 1.7466351e-05 1.7358834e-05 -1.6656276e-08
4525 1.7468804e-05 1.7364607e-05 -1.6621682e-08
4526 1.747126e-05 1.737038e-05 -1.6587092e-08
4527 1.7473718e-05 1.7376153e-05 -1.6552445e-08
4528 1.7476181e-05 1.7382026e-05 -1.6517816e-08
4529 1.7478648e-05 1.7387799e-05 -1.6483253e-08
4530 1.7481119e-05 1.7393672e-05 -1.6448617e-08
4531 1.7483596e-05 1.7399445e-05 -1.6414018e-08
4532 1.7485978e-05 1.7405218e-05 -1.637922e-08
4533 1.7488465e-05 1.7411092e-05 -1.6344618e-08
4534 1.7490958e-05 1.7416865e-05 -1.6309973e-08
4535 1.7493457e-05 1.7422738e-05 -1.6275324e-08
4536 1.7495963e-05 1.7428512e-05 -1.6240766e-08
4537 1.7498475e-05 1.7434385e-05 -1.6205975e-08
4538 1.7500993e-05 1.7440259e-05 -1.6171203e-08
4539 1.7503519e-05 1.7446032e-05 -1.6136431e-08
4540 1.7506051e-05 1.7451906e-05 -1.6101648e-08
4541 1.750859e-05 1.745778e-05 -1.6066884e-08
4542 1.7511135e-05 1.7463553e-05 -1.6031968e-08
4543 1.7513686e-05 1.7469427e-05 -1.5997323e-08
4544 1.7516245e-05 1.7475301e-05 -1.5962327e-08
4545 1.7518809e-05 1.7481175e-05 -1.5927591e-08
4546 1.7521379e-05 1.7487049e-05 -1.5892578e-08
4547 1.7523955e-05 1.7492923e-05 -1.5857584e-08
4548 1.7525736e-05 1.7498797e-05 -1.5822734e-08
4549 1.7526522e-05 1.7504671e-05 -1.5787785e-08
4550 1.7527413e-05 1.7510545e-05 -1.5752858e-08
4551 1.7528308e-05 1.7516419e-05 -1.5717876e-08
4552 1.7529207e-05 1.7522294e-05 -1.5682879e-08
4553 1.7530109e-05 1.7528168e-05 -1.564791e-08
4554 1.7531014e-05 1.7534042e-05 -1.5612888e-08
4555 1.7531822e-05 1.7539917e-05 -1.5577884e-08
4556 1.7532732e-05 1.7545791e-05 -1.5542966e-08
4557 1.7533643e-05 1.7551666e-05 -1.5508018e-08
4558 1.7534555e-05 1.755754e-05 -1.5473027e-08
4559 1.7535468e-05 1.7563515e-05 -1.5438071e-08
4560 1.7536282e-05 1.756939e-05 -1.5402991e-08
4561 1.7537195e-05 1.7575264e-05 -1.5368155e-08
4562 1.7538108e-05 1.7581239e-05 -1.533309e-08
4563 1.7539018e-05 1.7587114e-05 -1.5298207e-08
4564 1.7539928e-05 1.7592989e-05 -1.526344e-08
4565 1.7540836e-05 1.7598964e-05 -1.5228535e-08
4566 1.7541641e-05 1.7604839e-05 -1.5193622e-08
4567 1.7542544e-05 1.7610814e-05 -1.5159006e-08
4568 1.7543444e-05 1.7616689e-05 -1.5124083e-08
4569 1.7544342e-05 1.7622664e-05 -1.5089238e-08
4570 1.7545236e-05 1.7628539e-05 -1.505454e-08
4571 1.7546127e-05 1.7634515e-05 -1.5019959e-08
4572 1.7546915e-05 1.764049e-05 -1.4985298e-08
4573 1.7547799e-05 1.7646366e-05 -1.4950661e-08
4574 1.7548679e-05 1.7652341e-05 -1.4916205e-08
4575 1.7549558e-05 1.7658317e-05 -1.4881585e-08
4576 1.7550432e-05 1.7664292e-05 -1.4846956e-08
4577 1.7551303e-05 1.7670168e-05 -1.4812601e-08
4578 1.7552071e-05 1.7676144e-05 -1.4778006e-08
4579 1.7552936e-05 1.7682119e-05 -1.4743553e-08
4580 1.75538e-05 1.7688095e-05 -1.470907e-08
4581 1.755466e-05 1.7694071e-05 -1.4674758e-08
4582 1.7555518e-05 1.7700047e-05 -1.4640425e-08
4583 1.7556376e-05 1.7706023e-05 -1.4606117e-08
4584 1.7557232e-05 1.7711999e-05 -1.4571865e-08
4585 1.7557987e-05 1.7717975e-05 -1.4537547e-08
4586 1.7558842e-05 1.7723951e-05 -1.4503355e-08
4587 1.7559696e-05 1.7729928e-05 -1.4469103e-08
4588 1.7560952e-05 1.7735904e-05 -1.4434709e-08
4589 1.7562409e-05 1.774188e-05 -1.4400551e-08
4590 1.7563968e-05 1.7747957e-05 -1.4366414e-08
4591 1.7565528e-05 1.7753933e-05 -1.4332179e-08
4592 1.7567091e-05 1.775991e-05 -1.4298032e-08
4593 1.7568656e-05 1.7765886e-05 -1.4263998e-08
4594 1.7570225e-05 1.7771963e-05 -1.4229837e-08
4595 1.7571798e-05 1.777794e-05 -1.4195806e-08
4596 1.7573375e-05 1.7783917e-05 -1.4161651e-08
4597 1.7574856e-05 1.7789994e-05 -1.4127644e-08
4598 1.7576442e-05 1.779597e-05 -1.4093647e-08
4599 1.7578034e-05 1.7802048e-05 -1.4059462e-08
4600 1.757963e-05 1.7808025e-05 -1.4025658e-08
4601 1.7581232e-05 1.7814102e-05 -1.3991688e-08
4602 1.7582839e-05 1.7820079e-05 -1.3957751e-08
4603 1.7584453e-05 1.7826156e-05 -1.3923817e-08
4604 1.7586073e-05 1.7832133e-05 -1.3889798e-08
4605 1.7587698e-05 1.7838211e-05 -1.3855955e-08
4606 1.7589331e-05 1.7844288e-05 -1.3822008e-08
4607 1.7590969e-05 1.7850266e-05 -1.3787945e-08
4608 1.7592513e-05 1.7856343e-05 -1.3754176e-08
4609 1.7594163e-05 1.7862421e-05 -1.3720301e-08
4610 1.7595819e-05 1.7868499e-05 -1.3686537e-08
4611 1.7597481e-05 1.7874476e-05 -1.3652775e-08
4612 1.7599148e-05 1.7880554e-05 -1.3619122e-08
4613 1.760082e-05 1.7886632e-05 -1.3585334e-08
4614 1.7602498e-05 1.789271e-05 -1.3551647e-08
4615 1.7604179e-05 1.7898788e-05 -1.3518069e-08
4616 1.7605865e-05 1.7904866e-05 -1.3484332e-08
4617 1.7607555e-05 1.7910944e-05 -1.3450905e-08
4618 1.7609249e-05 1.7917023e-05 -1.3417577e-08
4619 1.7610945e-05 1.7923101e-05 -1.3384213e-08
4620 1.7612644e-05 1.7929179e-05 -1.3350678e-08
4621 1.7614345e-05 1.7935258e-05 -1.3317379e-08
4622 1.7616048e-05 1.7941436e-05 -1.3284069e-08
4623 1.7617753e-05 1.7947515e-05 -1.3250971e-08
4624 1.7619458e-05 1.7953593e-05 -1.3217836e-08
4625 1.7621163e-05 1.7959672e-05 -1.3184807e-08
4626 1.7622868e-05 1.7965851e-05 -1.3151806e-08
4627 1.7624573e-05 1.797193e-05 -1.3119005e-08
4628 1.7627877e-05 1.7978008e-05 -1.3086266e-08
4629 1.763288e-05 1.7984187e-05 -1.3053522e-08
4630 1.763798e-05 1.7990266e-05 -1.3020917e-08
4631 1.764298e-05 1.7996445e-05 -1.2988221e-08
4632 1.7647976e-05 1.8002525e-05 -1.2955909e-08
4633 1.7652971e-05 1.8008604e-05 -1.2923539e-08
4634 1.7657962e-05 1.8014783e-05 -1.2891269e-08
4635 1.766305e-05 1.8020962e-05 -1.2859005e-08
4636 1.7668036e-05 1.8027042e-05 -1.2826946e-08
4637 1.7673018e-05 1.8033221e-05 -1.2795045e-08
4638 1.7678097e-05 1.8039301e-05 -1.2763161e-08
4639 1.7683073e-05 1.804548e-05 -1.2731287e-08
4640 1.7688045e-05 1.805166e-05 -1.2699611e-08
4641 1.7693114e-05 1.805784e-05 -1.2668032e-08
4642 1.769808e-05 1.806392e-05 -1.263649e-08
4643 1.7703144e-05 1.8070099e-05 -1.2605029e-08
4644 1.7708104e-05 1.8076279e-05 -1.2573779e-08
4645 1.7713062e-05 1.8082459e-05 -1.2542645e-08
4646 1.7718117e-05 1.8088639e-05 -1.2511528e-08
4647 1.7723071e-05 1.8094819e-05 -1.2480509e-08
4648 1.7728124e-05 1.8101e-05 -1.2449673e-08
4649 1.7733174e-05 1.810718e-05 -1.2418793e-08
4650 1.7738124e-05 1.811336e-05 -1.2388163e-08
4651 1.7743173e-05 1.811954e-05 -1.2357536e-08
4652 1.7748122e-05 1.8125721e-05 -1.2326974e-08
4653 1.7753171e-05 1.8131901e-05 -1.2296551e-08
4654 1.7758121e-05 1.8138082e-05 -1.2266263e-08
4655 1.7763172e-05 1.8144262e-05 -1.2236067e-08
4656 1.7768225e-05 1.8150543e-05 -1.2205874e-08
4657 1.7773178e-05 1.8156724e-05 -1.2175908e-08
4658 1.7778235e-05 1.8162905e-05 -1.214597e-08
4659 1.7783294e-05 1.8169085e-05 -1.2116091e-08
4660 1.7788357e-05 1.8175366e-05 -1.2086277e-08
4661 1.7793323e-05 1.8181547e-05 -1.2056686e-08
4662 1.7798393e-05 1.8187828e-05 -1.2027191e-08
4663 1.7803466e-05 1.8194009e-05 -1.199756e-08
4664 1.7808545e-05 1.8200191e-05 -1.196826e-08
4665 1.7813628e-05 1.8206472e-05 -1.1938822e-08
4666 1.7818716e-05 1.8212653e-05 -1.1909578e-08
4667 1.782371e-05 1.8218934e-05 -1.1880462e-08
4668 1.7827308e-05 1.8225216e-05 -1.1851479e-08
4669 1.7829412e-05 1.8231397e-05 -1.1822433e-08
4670 1.7831522e-05 1.8237679e-05 -1.1793558e-08
4671 1.7833538e-05 1.824396e-05 -1.1764813e-08
4672 1.7835659e-05 1.8250142e-05 -1.1736274e-08
4673 1.7837786e-05 1.8256424e-05 -1.1707665e-08
4674 1.7839819e-05 1.8262705e-05 -1.1679118e-08
4675 1.7841957e-05 1.8268987e-05 -1.1650626e-08
4676 1.78441e-05 1.8275169e-05 -1.1622471e-08
4677 1.7846149e-05 1.8281451e-05 -1.1594217e-08
4678 1.7848303e-05 1.8287733e-05 -1.1566102e-08
4679 1.7850461e-05 1.8294015e-05 -1.15381e-08
4680 1.7852624e-05 1.8300297e-05 -1.1510185e-08
4681 1.7854691e-05 1.8306579e-05 -1.1482547e-08
4682 1.7856862e-05 1.8312861e-05 -1.1454794e-08
4683 1.7859037e-05 1.8319144e-05 -1.1427253e-08
4684 1.7861214e-05 1.8325426e-05 -1.1399781e-08
4685 1.7863294e-05 1.8331708e-05 -1.1372345e-08
4686 1.7865477e-05 1.8338091e-05 -1.1345244e-08
4687 1.7867662e-05 1.8344373e-05 -1.1318039e-08
4688 1.7869848e-05 1.8350656e-05 -1.1291102e-08
4689 1.7871935e-05 1.8356938e-05 -1.126417e-08
4690 1.7874124e-05 1.8363321e-05 -1.1237471e-08
4691 1.7876312e-05 1.8369604e-05 -1.1210918e-08
4692 1.7878501e-05 1.8375887e-05 -1.1184412e-08
4693 1.7880589e-05 1.8382269e-05 -1.1158064e-08
4694 1.7882777e-05 1.8388552e-05 -1.1131755e-08
4695 1.7884964e-05 1.8394835e-05 -1.110566e-08
4696 1.788715e-05 1.8401218e-05 -1.107957e-08
4697 1.7889334e-05 1.8407501e-05 -1.1053647e-08
4698 1.7891416e-05 1.8413884e-05 -1.1028023e-08
4699 1.7893597e-05 1.8420167e-05 -1.100236e-08
4700 1.7895775e-05 1.8426551e-05 -1.097699e-08
4701 1.789795e-05 1.8432934e-05 -1.0951535e-08
4702 1.7900123e-05 1.8439217e-05 -1.0926377e-08
4703 1.7902194e-05 1.84456e-05 -1.0901247e-08
4704 1.7904363e-05 1.8451984e-05 -1.0876351e-08
4705 1.7906528e-05 1.8458367e-05 -1.0851475e-08
4706 1.7908691e-05 1.8464651e-05 -1.0826737e-08
4707 1.7910852e-05 1.8471034e-05 -1.0802227e-08
4708 1.7912611e-05 1.8477418e-05 -1.0777814e-08
4709 1.7913967e-05 1.8483801e-05 -1.0753456e-08
4710 1.7915321e-05 1.8490185e-05 -1.0729296e-08
4711 1.7916674e-05 1.8496569e-05 -1.0705194e-08
4712 1.7918025e-05 1.8502953e-05 -1.0681323e-08
4713 1.7919375e-05 1.8509336e-05 -1.06575e-08
4714 1.7920723e-05 1.851572e-05 -1.0633815e-08
4715 1.7922072e-05 1.8522104e-05 -1.0610283e-08
4716 1.7923419e-05 1.8528488e-05 -1.0586764e-08
4717 1.7924766e-05 1.8534872e-05 -1.0563452e-08
4718 1.7926114e-05 1.8541256e-05 -1.0540279e-08
4719 1.7927562e-05 1.854764e-05 -1.0517205e-08
4720 1.7928911e-05 1.8554124e-05 -1.0494174e-08
4721 1.7930262e-05 1.8560508e-05 -1.0471277e-08
4722 1.7931614e-05 1.8566893e-05 -1.0448479e-08
4723 1.7932969e-05 1.8573277e-05 -1.0425788e-08
4724 1.7934325e-05 1.8579761e-05 -1.0403228e-08
4725 1.7935685e-05 1.8586145e-05 -1.0380736e-08
4726 1.7937048e-05 1.859263e-05 -1.0358515e-08
4727 1.7938414e-05 1.8599014e-05 -1.0336301e-08
4728 1.7939784e-05 1.8605499e-05 -1.0314162e-08
4729 1.7941257e-05 1.8611883e-05 -1.0292063e-08
4730 1.7942635e-05 1.8618368e-05 -1.0270146e-08
4731 1.7944017e-05 1.8624752e-05 -1.0248297e-08
4732 1.7945404e-05 1.8631237e-05 -1.0226542e-08
4733 1.7946795e-05 1.8637622e-05 -1.0204962e-08
4734 1.7948192e-05 1.8644106e-05 -1.018342e-08
4735 1.7949592e-05 1.8650591e-05 -1.0161902e-08
4736 1.7950999e-05 1.8657076e-05 -1.0140603e-08
4737 1.7952509e-05 1.8663461e-05 -1.0119356e-08
4738 1.7953926e-05 1.8669945e-05 -1.0098184e-08
4739 1.7955346e-05 1.867643e-05 -1.0077088e-08
4740 1.7956772e-05 1.8682915e-05 -1.0056059e-08
4741 1.7958203e-05 1.86894e-05 -1.0035228e-08
4742 1.7959637e-05 1.8695885e-05 -1.0014448e-08
4743 1.7961077e-05 1.870237e-05 -9.9937173e-09
4744 1.7962621e-05 1.8708855e-05 -9.9730846e-09
4745 1.7964069e-05 1.871534e-05 -9.952653e-09
4746 1.796552e-05 1.8721826e-05 -9.9322049e-09
4747 1.7966976e-05 1.8728311e-05 -9.9118088e-09
4748 1.7968934e-05 1.8734796e-05 -9.8915887e-09
4749 1.7971395e-05 1.8741281e-05 -9.8714872e-09
4750 1.7973759e-05 1.8747767e-05 -9.8514688e-09
4751 1.7976226e-05 1.8754352e-05 -9.8314885e-09
4752 1.7978694e-05 1.8760837e-05 -9.8115645e-09
4753 1.7981064e-05 1.8767323e-05 -9.7918464e-09
4754 1.7983535e-05 1.8773808e-05 -9.7721411e-09
4755 1.7986007e-05 1.8780393e-05 -9.7524956e-09
4756 1.798838e-05 1.8786879e-05 -9.7330582e-09
4757 1.7990853e-05 1.8793465e-05 -9.7136836e-09
4758 1.7993327e-05 1.879995e-05 -9.694449e-09
4759 1.79957e-05 1.8806436e-05 -9.6752502e-09
4760 1.7998173e-05 1.8813021e-05 -9.6561083e-09
4761 1.8000645e-05 1.8819607e-05 -9.6371414e-09
4762 1.8003115e-05 1.8826093e-05 -9.6181907e-09
4763 1.8005485e-05 1.8832678e-05 -9.5993662e-09
4764 1.8007955e-05 1.8839164e-05 -9.5807386e-09
4765 1.8010422e-05 1.884575e-05 -9.5621191e-09
4766 1.8012888e-05 1.8852336e-05 -9.5434961e-09
4767 1.8015252e-05 1.8858822e-05 -9.525054e-09
4768 1.8017714e-05 1.8865407e-05 -9.5068228e-09
4769 1.8020175e-05 1.8871993e-05 -9.4884583e-09
4770 1.8022634e-05 1.8878579e-05 -9.4703688e-09
4771 1.8024991e-05 1.8885165e-05 -9.4522272e-09
4772 1.8027446e-05 1.8891751e-05 -9.43424e-09
4773 1.80299e-05 1.8898337e-05 -9.4164438e-09
4774 1.8032353e-05 1.8904923e-05 -9.3986728e-09
4775 1.8034704e-05 1.8911509e-05 -9.3808467e-09
4776 1.8037153e-05 1.8918095e-05 -9.3632385e-09
4777 1.8039602e-05 1.8924682e-05 -9.3456522e-09
4778 1.8042051e-05 1.8931268e-05 -9.3282536e-09
4779 1.8044498e-05 1.8937854e-05 -9.3108898e-09
4780 1.8046945e-05 1.894444e-05 -9.2936178e-09
4781 1.8049293e-05 1.8951026e-05 -9.2762546e-09
4782 1.805174e-05 1.8957613e-05 -9.2591986e-09
4783 1.8054188e-05 1.8964299e-05 -9.2420759e-09
4784 1.8056636e-05 1.8970885e-05 -9.2250316e-09
4785 1.8059086e-05 1.8977472e-05 -9.2080896e-09
4786 1.8061537e-05 1.8984158e-05 -9.1911466e-09
4787 1.806389e-05 1.8990744e-05 -9.1743535e-09
4788 1.8066144e-05 1.8997331e-05 -9.1576632e-09
4789 1.80681e-05 1.9004017e-05 -9.1409153e-09
4790 1.8070059e-05 1.9010604e-05 -9.1242781e-09
4791 1.8072021e-05 1.901729e-05 -9.1078072e-09
4792 1.8074085e-05 1.9023877e-05 -9.0912353e-09
4793 1.8076053e-05 1.9030563e-05 -9.0747318e-09
4794 1.8078023e-05 1.903725e-05 -9.0583973e-09
4795 1.8079997e-05 1.9043836e-05 -9.0420142e-09
4796 1.8081975e-05 1.9050523e-05 -9.0257186e-09
4797 1.8083957e-05 1.905721e-05 -9.0095063e-09
4798 1.8086042e-05 1.9063796e-05 -8.9933059e-09
4799 1.8088032e-05 1.9070483e-05 -8.9771364e-09
4800 1.8090024e-05 1.907717e-05 -8.9609727e-09
4801 1.8092022e-05 1.9083856e-05 -8.9449629e-09
4802 1.8094023e-05 1.9090543e-05 -8.9289083e-09
4803 1.8096128e-05 1.909723e-05 -8.9129383e-09
4804 1.8098137e-05 1.9103917e-05 -8.8969283e-09
4805 1.810015e-05 1.9110604e-05 -8.8810205e-09
4806 1.8102167e-05 1.9117291e-05 -8.8653381e-09
4807 1.8104287e-05 1.9123977e-05 -8.8494224e-09
4808 1.810631e-05 1.9130664e-05 -8.8336279e-09
4809 1.8108337e-05 1.9137351e-05 -8.8178569e-09
4810 1.8110366e-05 1.9144038e-05 -8.8022694e-09
4811 1.8112399e-05 1.9150725e-05 -8.7865583e-09
4812 1.8114534e-05 1.9157412e-05 -8.7709533e-09
4813 1.8116572e-05 1.9164199e-05 -8.7553855e-09
4814 1.8118612e-05 1.9170886e-05 -8.7398014e-09
4815 1.8120654e-05 1.9177573e-05 -8.7243683e-09
4816 1.8122797e-05 1.918436e-05 -8.7088748e-09
4817 1.8124843e-05 1.9191048e-05 -8.6934247e-09
4818 1.8126889e-05 1.9197735e-05 -8.6781737e-09
4819 1.8129036e-05 1.9204522e-05 -8.6628089e-09
4820 1.8131084e-05 1.9211209e-05 -8.6475557e-09
4821 1.8133132e-05 1.9217996e-05 -8.6322435e-09
4822 1.8135181e-05 1.9224684e-05 -8.6170917e-09
4823 1.813733e-05 1.9231471e-05 -8.6019804e-09
4824 1.8139378e-05 1.9238158e-05 -8.5868295e-09
4825 1.8141426e-05 1.9244945e-05 -8.5717803e-09
4826 1.8143574e-05 1.9251733e-05 -8.5567232e-09
4827 1.8145621e-05 1.925842e-05 -8.5417181e-09
4828 1.8149667e-05 1.9265208e-05 -8.5267752e-09
4829 1.8153712e-05 1.9271995e-05 -8.5118927e-09
4830 1.8157756e-05 1.9278782e-05 -8.4970064e-09
4831 1.8161799e-05 1.928557e-05 -8.4822332e-09
4832 1.8165841e-05 1.9292257e-05 -8.4674189e-09
4833 1.8169882e-05 1.9299045e-05 -8.4526974e-09
4834 1.8173921e-05 1.9305832e-05 -8.4380473e-09
4835 1.817796e-05 1.931262e-05 -8.4234268e-09
4836 1.8181997e-05 1.9319407e-05 -8.4088402e-09
4837 1.8186034e-05 1.9326195e-05 -8.3941607e-09
4838 1.8190069e-05 1.9332983e-05 -8.3796369e-09
4839 1.8194104e-05 1.933977e-05 -8.3650973e-09
4840 1.8198138e-05 1.9346658e-05 -8.3506202e-09
4841 1.8202271e-05 1.9353446e-05 -8.3361414e-09
4842 1.8206304e-05 1.9360233e-05 -8.3218201e-09
4843 1.8210337e-05 1.9367021e-05 -8.3073972e-09
4844 1.8214369e-05 1.9373809e-05 -8.2930803e-09
4845 1.8218402e-05 1.9380696e-05 -8.2787211e-09
4846 1.8222435e-05 1.9387484e-05 -8.264459e-09
4847 1.8226569e-05 1.9394272e-05 -8.2501658e-09
4848 1.8230603e-05 1.940116e-05 -8.2358931e-09
4849 1.8234638e-05 1.9407948e-05 -8.2216687e-09
4850 1.8238675e-05 1.9414836e-05 -8.2075724e-09
4851 1.8242813e-05 1.9421624e-05 -8.1933684e-09
4852 1.8246853e-05 1.9428511e-05 -8.1792839e-09
4853 1.8250894e-05 1.9435299e-05 -8.165141e-09
4854 1.8254937e-05 1.9442187e-05 -8.1510837e-09
4855 1.8259083e-05 1.9449075e-05 -8.1369919e-09
4856 1.8263131e-05 1.9455863e-05 -8.1229113e-09
4857 1.8267181e-05 1.9462751e-05 -8.1089008e-09
4858 1.8271334e-05 1.9469639e-05 -8.0947061e-09
4859 1.8275389e-05 1.9476427e-05 -8.0807483e-09
4860 1.8279448e-05 1.9483316e-05 -8.0667811e-09
4861 1.8283609e-05 1.9490204e-05 -8.0527407e-09
4862 1.8287673e-05 1.9497092e-05 -8.0386891e-09
4863 1.829174e-05 1.950398e-05 -8.0246942e-09
4864 1.829591e-05 1.9510868e-05 -8.0106961e-09
4865 1.8299983e-05 1.9517756e-05 -7.9967552e-09
4866 1.8304159e-05 1.9524645e-05 -7.9828006e-09
4867 1.8307838e-05 1.9531533e-05 -7.9688509e-09
4868 1.831122e-05 1.9538421e-05 -7.9549161e-09
4869 1.8314504e-05 1.9545309e-05 -7.940963e-09
4870 1.8317892e-05 1.9552198e-05 -7.9269836e-09
4871 1.8321281e-05 1.9559086e-05 -7.9131549e-09
4872 1.8324573e-05 1.9565974e-05 -7.8993052e-09
4873 1.8327967e-05 1.9572963e-05 -7.8853394e-09
4874 1.8331364e-05 1.9579851e-05 -7.8714226e-09
4875 1.8334761e-05 1.958674e-05 -7.8575926e-09
4876 1.8338061e-05 1.9593728e-05 -7.8437664e-09
4877 1.8341462e-05 1.9600617e-05 -7.8299016e-09
4878 1.8344865e-05 1.9607505e-05 -7.8160454e-09
4879 1.8348168e-05 1.9614494e-05 -7.8022182e-09
4880 1.8351573e-05 1.9621382e-05 -7.788521e-09
4881 1.8354978e-05 1.9628371e-05 -7.7746737e-09
4882 1.8358384e-05 1.9635259e-05 -7.7608825e-09
4883 1.836169e-05 1.9642248e-05 -7.747195e-09
4884 1.8365097e-05 1.9649237e-05 -7.7334744e-09
4885 1.8368503e-05 1.9656125e-05 -7.7197366e-09
4886 1.8371909e-05 1.9663114e-05 -7.7060192e-09
4887 1.8375315e-05 1.9670103e-05 -7.6923467e-09
4888 1.8378621e-05 1.9676992e-05 -7.6786439e-09
4889 1.8382026e-05 1.968398e-05 -7.6649876e-09
4890 1.8385431e-05 1.9690969e-05 -7.6514518e-09
4891 1.8388835e-05 1.9697958e-05 -7.6378914e-09
4892 1.8392238e-05 1.9704947e-05 -7.6242546e-09
4893 1.839564e-05 1.9711936e-05 -7.6106748e-09
4894 1.8398941e-05 1.9718825e-05 -7.5971576e-09
4895 1.8402342e-05 1.9725814e-05 -7.583611e-09
4896 1.8405741e-05 1.9732802e-05 -7.5701603e-09
4897 1.840914e-05 1.9739891e-05 -7.5566897e-09
4898 1.8412538e-05 1.974688e-05 -7.5432909e-09
4899 1.8415935e-05 1.9753869e-05 -7.5298212e-09
4900 1.8419331e-05 1.9760859e-05 -7.516384e-09
4901 1.8422727e-05 1.9767848e-05 -7.5030009e-09
4902 1.8426022e-05 1.9774837e-05 -7.4896657e-09
4903 1.8429417e-05 1.9781926e-05 -7.4763602e-09
4904 1.8432812e-05 1.9788915e-05 -7.4629998e-09
4905 1.8436207e-05 1.9795904e-05 -7.4497346e-09
4906 1.8439601e-05 1.9802893e-05 -7.4363612e-09
4907 1.8442296e-05 1.9809982e-05 -7.4231709e-09
4908 1.8444392e-05 1.9816972e-05 -7.4098269e-09
4909 1.8446488e-05 1.9824061e-05 -7.3966119e-09
4910 1.8448484e-05 1.983105e-05 -7.3833828e-09
4911 1.8450582e-05 1.983814e-05 -7.37014e-09
4912 1.8452581e-05 1.9845129e-05 -7.3569706e-09
4913 1.8454681e-05 1.9852218e-05 -7.3437737e-09
4914 1.8456782e-05 1.9859308e-05 -7.330606e-09
4915 1.8458786e-05 1.9866297e-05 -7.3174548e-09
4916 1.846089e-05 1.9873387e-05 -7.3043129e-09
4917 1.8462897e-05 1.9880476e-05 -7.2911481e-09
4918 1.8465005e-05 1.9887465e-05 -7.2779197e-09
4919 1.8467116e-05 1.9894555e-05 -7.264821e-09
4920 1.8469129e-05 1.9901645e-05 -7.2517674e-09
4921 1.8471245e-05 1.9908734e-05 -7.2386344e-09
4922 1.8473262e-05 1.9915824e-05 -7.2255251e-09
4923 1.8475382e-05 1.9922913e-05 -7.212448e-09
4924 1.8477505e-05 1.9930003e-05 -7.1993321e-09
4925 1.847953e-05 1.9937093e-05 -7.1862625e-09
4926 1.8481657e-05 1.9944182e-05 -7.1732887e-09
4927 1.8483787e-05 1.9951272e-05 -7.1601836e-09
4928 1.848582e-05 1.9958362e-05 -7.1471589e-09
4929 1.8487954e-05 1.9965451e-05 -7.1341714e-09
4930 1.848999e-05 1.9972541e-05 -7.1210743e-09
4931 1.8492129e-05 1.9979631e-05 -7.1080115e-09
4932 1.849427e-05 1.9986821e-05 -7.0950646e-09
4933 1.8496313e-05 1.9993911e-05 -7.0820126e-09
4934 1.8498458e-05 2.0001001e-05 -7.0690486e-09
4935 1.8500604e-05 2.0008191e-05 -7.0561167e-09
4936 1.8502651e-05 2.0015281e-05 -7.0432379e-09
4937 1.85048e-05 2.002237e-05 -7.030234e-09
4938 1.850695e-05 2.002956e-05 -7.0173095e-09
4939 1.8509001e-05 2.0036651e-05 -7.0044504e-09
4940 1.8511153e-05 2.0043841e-05 -6.9915225e-09
4941 1.8513305e-05 2.0050931e-05 -6.9786379e-09
4942 1.8515357e-05 2.0058121e-05 -6.9657308e-09
4943 1.851751e-05 2.0065311e-05 -6.9529885e-09
4944 1.8519663e-05 2.0072401e-05 -6.940217e-09
4945 1.8521816e-05 2.0079591e-05 -6.9274596e-09
4946 1.8523868e-05 2.0086781e-05 -6.9147365e-09
4947 1.852722e-05 2.0093972e-05 -6.9020016e-09
4948 1.8531672e-05 2.0101062e-05 -6.8892813e-09
4949 1.8536123e-05 2.0108252e-05 -6.8765392e-09
4950 1.8540673e-05 2.0115442e-05 -6.8639269e-09
4951 1.8545122e-05 2.0122633e-05 -6.8513064e-09
4952 1.854967e-05 2.0129823e-05 -6.83874e-09
4953 1.8554117e-05 2.0137013e-05 -6.8261003e-09
4954 1.8558663e-05 2.0144204e-05 -6.8135398e-09
4955 1.8563108e-05 2.0151394e-05 -6.8010122e-09
4956 1.8567552e-05 2.0158585e-05 -6.7885616e-09
4957 1.8572094e-05 2.0165775e-05 -6.7761203e-09
4958 1.8576536e-05 2.0172966e-05 -6.7636886e-09
4959 1.8581077e-05 2.0180156e-05 -6.7512692e-09
4960 1.8585517e-05 2.0187447e-05 -6.7388687e-09
4961 1.8590055e-05 2.0194637e-05 -6.7265961e-09
4962 1.8594494e-05 2.0201828e-05 -6.7143409e-09
4963 1.8599031e-05 2.0209019e-05 -6.7020251e-09
4964 1.8603568e-05 2.0216309e-05 -6.6897365e-09
4965 1.8608005e-05 2.02235e-05 -6.6775166e-09
4966 1.8612542e-05 2.0230791e-05 -6.6653421e-09
4967 1.8616978e-05 2.0237981e-05 -6.6531956e-09
4968 1.8621515e-05 2.0245272e-05 -6.6410009e-09
4969 1.8626052e-05 2.0252463e-05 -6.6289321e-09
4970 1.8630489e-05 2.0259754e-05 -6.6168692e-09
4971 1.8635028e-05 2.0266944e-05 -6.6047378e-09
4972 1.8639567e-05 2.0274235e-05 -6.5926886e-09
4973 1.8644007e-05 2.0281526e-05 -6.5806303e-09
4974 1.8648548e-05 2.0288717e-05 -6.5686072e-09
4975 1.8653091e-05 2.0296008e-05 -6.5566736e-09
4976 1.8657536e-05 2.0303299e-05 -6.5446993e-09
4977 1.8662083e-05 2.031059e-05 -6.5327929e-09
4978 1.8666631e-05 2.0317781e-05 -6.5208752e-09
4979 1.8671182e-05 2.0325072e-05 -6.509036e-09
4980 1.8675634e-05 2.0332363e-05 -6.4971544e-09
4981 1.8680189e-05 2.0339654e-05 -6.4852014e-09
4982 1.8684747e-05 2.0346945e-05 -6.4733871e-09
4983 1.8689307e-05 2.0354236e-05 -6.4615378e-09
4984 1.8693869e-05 2.0361527e-05 -6.449698e-09
4985 1.8698334e-05 2.0368819e-05 -6.4379693e-09
4986 1.8702902e-05 2.037611e-05 -6.4261952e-09
4987 1.8707273e-05 2.0383501e-05 -6.4144473e-09
4988 1.8711346e-05 2.0390792e-05 -6.4026808e-09
4989 1.8715521e-05 2.0398083e-05 -6.3910317e-09
4990 1.87196e-05 2.0405375e-05 -6.3793069e-09
4991 1.872378e-05 2.0412666e-05 -6.3675917e-09
4992 1.8727863e-05 2.0420057e-05 -6.3559849e-09
4993 1.8732047e-05 2.0427349e-05 -6.3443243e-09
4994 1.8736134e-05 2.043474e-05 -6.3326633e-09
4995 1.8740323e-05 2.0442032e-05 -6.3210972e-09
4996 1.8744414e-05 2.0449423e-05 -6.3096189e-09
4997 1.8748606e-05 2.0456714e-05 -6.2981325e-09
4998 1.8752799e-05 2.0464106e-05 -6.2866092e-09
4999 1.8756893e-05 2.0471397e-05 -6.2751636e-09
5000 1.8761089e-05 2.0478789e-05 -6.2637513e-09
