3.000000000000000000e+01 0.000000000000000000e+00 0.000000000000000000e+00 2.541046532420283598e-11
3.100000000000000000e+01 0.000000000000000000e+00 0.000000000000000000e+00 2.383067082900724290e-11
3.200000000000000000e+01 0.000000000000000000e+00 0.000000000000000000e+00 2.239469347757077935e-11
3.300000000000000000e+01 0.000000000000000000e+00 0.000000000000000000e+00 2.108558333718650361e-11
3.400000000000000000e+01 0.000000000000000000e+00 0.000000000000000000e+00 1.988881239236513720e-11
3.500000000000000000e+01 0.000000000000000000e+00 0.000000000000000000e+00 1.879187953726343950e-11
3.600000000000000000e+01 0.000000000000000000e+00 0.000000000000000000e+00 1.778397213371483265e-11
3.700000000000000000e+01 0.000000000000000000e+00 0.000000000000000000e+00 1.685570699387326441e-11
3.800000000000000000e+01 0.000000000000000000e+00 0.000000000000000000e+00 1.599890246021153276e-11
3.900000000000000000e+01 0.000000000000000000e+00 0.000000000000000000e+00 1.520640463738837359e-11
4.000000000000000000e+01 0.000000000000000000e+00 0.000000000000000000e+00 1.447193043011110534e-11
4.100000000000000000e+01 0.000000000000000000e+00 0.000000000000000000e+00 1.378994871361858799e-11
4.200000000000000000e+01 0.000000000000000000e+00 0.000000000000000000e+00 1.315556977287018170e-11
4.300000000000000000e+01 0.000000000000000000e+00 0.000000000000000000e+00 1.256446278736630487e-11
4.400000000000000000e+01 0.000000000000000000e+00 0.000000000000000000e+00 1.201277646403060605e-11
4.500000000000000000e+01 0.000000000000000000e+00 0.000000000000000000e+00 1.149708078449872799e-11
4.600000000000000000e+01 0.000000000000000000e+00 0.000000000000000000e+00 1.101430902081755307e-11
4.700000000000000000e+01 0.000000000000000000e+00 0.000000000000000000e+00 1.056171617406237277e-11
4.800000000000000000e+01 0.000000000000000000e+00 0.000000000000000000e+00 1.013683579000802560e-11
4.900000000000000000e+01 0.000000000000000000e+00 0.000000000000000000e+00 9.737450058732396994e-12
5.000000000000000000e+01 0.000000000000000000e+00 0.000000000000000000e+00 9.361557157904043077e-12
5.100000000000000000e+01 0.000000000000000000e+00 0.000000000000000000e+00 9.007349456201182080e-12
5.200000000000000000e+01 0.000000000000000000e+00 0.000000000000000000e+00 8.673188552762099543e-12
5.300000000000000000e+01 0.000000000000000000e+00 0.000000000000000000e+00 8.357589231324045484e-12
5.400000000000000000e+01 0.000000000000000000e+00 0.000000000000000000e+00 8.059200131878244590e-12
5.500000000000000000e+01 0.000000000000000000e+00 0.000000000000000000e+00 7.776791835972206573e-12
5.600000000000000000e+01 0.000000000000000000e+00 0.000000000000000000e+00 7.509241715806389339e-12
5.700000000000000000e+01 0.000000000000000000e+00 0.000000000000000000e+00 7.255525053150567227e-12
5.800000000000000000e+01 0.000000000000000000e+00 0.000000000000000000e+00 7.014702999880610639e-12
5.900000000000000000e+01 0.000000000000000000e+00 0.000000000000000000e+00 6.785915979132058295e-12
6.000000000000000000e+01 0.000000000000000000e+00 0.000000000000000000e+00 6.568373990550344923e-12
6.100000000000000000e+01 0.000000000000000000e+00 0.000000000000000000e+00 6.361351633604921896e-12
6.200000000000000000e+01 0.000000000000000000e+00 0.000000000000000000e+00 6.164180295104660988e-12
6.300000000000000000e+01 0.000000000000000000e+00 0.000000000000000000e+00 5.976244410061466416e-12
6.400000000000000000e+01 0.000000000000000000e+00 0.000000000000000000e+00 5.796975034905752548e-12
6.500000000000000000e+01 0.000000000000000000e+00 0.000000000000000000e+00 5.625847070748644084e-12
6.600000000000000000e+01 0.000000000000000000e+00 0.000000000000000000e+00 5.462373930702195525e-12
6.700000000000000000e+01 0.000000000000000000e+00 0.000000000000000000e+00 5.306105476345441284e-12
6.800000000000000000e+01 0.000000000000000000e+00 0.000000000000000000e+00 5.156623579994215976e-12
6.900000000000000000e+01 0.000000000000000000e+00 0.000000000000000000e+00 5.013540591506008643e-12
7.000000000000000000e+01 0.000000000000000000e+00 0.000000000000000000e+00 4.876495593013009693e-12
7.100000000000000000e+01 0.000000000000000000e+00 0.000000000000000000e+00 4.745153298901774068e-12
7.200000000000000000e+01 0.000000000000000000e+00 0.000000000000000000e+00 4.619200856711657090e-12
7.300000000000000000e+01 0.000000000000000000e+00 0.000000000000000000e+00 4.498347083727131531e-12
7.400000000000000000e+01 0.000000000000000000e+00 0.000000000000000000e+00 4.382319712688049987e-12
7.500000000000000000e+01 0.000000000000000000e+00 0.000000000000000000e+00 4.270864873739809952e-12
7.600000000000000000e+01 0.000000000000000000e+00 0.000000000000000000e+00 4.163744727522100434e-12
7.700000000000000000e+01 0.000000000000000000e+00 0.000000000000000000e+00 4.060737129595486589e-12
7.800000000000000000e+01 0.000000000000000000e+00 0.000000000000000000e+00 3.961633571193822516e-12
7.900000000000000000e+01 0.000000000000000000e+00 0.000000000000000000e+00 3.866238987783683483e-12
8.000000000000000000e+01 0.000000000000000000e+00 0.000000000000000000e+00 3.774369968870819648e-12
8.100000000000000000e+01 0.000000000000000000e+00 0.000000000000000000e+00 3.685854667535859369e-12
8.200000000000000000e+01 0.000000000000000000e+00 0.000000000000000000e+00 3.600531227602307084e-12
8.300000000000000000e+01 0.000000000000000000e+00 0.000000000000000000e+00 3.518247781582572660e-12
8.400000000000000000e+01 0.000000000000000000e+00 0.000000000000000000e+00 3.438861055954619533e-12
8.500000000000000000e+01 0.000000000000000000e+00 0.000000000000000000e+00 3.362236438455383089e-12
8.600000000000000000e+01 0.000000000000000000e+00 0.000000000000000000e+00 3.288246738054463429e-12
8.700000000000000000e+01 0.000000000000000000e+00 0.000000000000000000e+00 3.216772300289814874e-12
8.800000000000000000e+01 0.000000000000000000e+00 0.000000000000000000e+00 3.147699891739909658e-12
8.900000000000000000e+01 0.000000000000000000e+00 0.000000000000000000e+00 3.080922866444583416e-12
9.000000000000000000e+01 0.000000000000000000e+00 0.000000000000000000e+00 3.016340150338012065e-12
9.100000000000000000e+01 0.000000000000000000e+00 0.000000000000000000e+00 2.953856441976819878e-12
9.200000000000000000e+01 0.000000000000000000e+00 0.000000000000000000e+00 2.893381295392576805e-12
9.300000000000000000e+01 0.000000000000000000e+00 0.000000000000000000e+00 2.834829335867198350e-12
9.400000000000000000e+01 0.000000000000000000e+00 0.000000000000000000e+00 2.778119432018070475e-12
9.500000000000000000e+01 0.000000000000000000e+00 0.000000000000000000e+00 2.723174917368636054e-12
9.600000000000000000e+01 0.000000000000000000e+00 0.000000000000000000e+00 2.669922844694035043e-12
9.700000000000000000e+01 0.000000000000000000e+00 0.000000000000000000e+00 2.618294217049130824e-12
9.800000000000000000e+01 0.000000000000000000e+00 0.000000000000000000e+00 2.568223299251702876e-12
9.900000000000000000e+01 0.000000000000000000e+00 0.000000000000000000e+00 2.519647858468099602e-12
1.000000000000000000e+02 0.000000000000000000e+00 0.000000000000000000e+00 2.472508532972667536e-12
1.010000000000000000e+02 0.000000000000000000e+00 0.000000000000000000e+00 2.426749073340955799e-12
1.020000000000000000e+02 0.000000000000000000e+00 0.000000000000000000e+00 2.382315760737967837e-12
1.030000000000000000e+02 0.000000000000000000e+00 0.000000000000000000e+00 2.339157654049185775e-12
1.040000000000000000e+02 0.000000000000000000e+00 0.000000000000000000e+00 2.297226047513308114e-12
1.050000000000000000e+02 0.000000000000000000e+00 0.000000000000000000e+00 2.256474713884614185e-12
1.060000000000000000e+02 0.000000000000000000e+00 0.000000000000000000e+00 2.216859409587466742e-12
1.070000000000000000e+02 0.000000000000000000e+00 0.000000000000000000e+00 2.178338109226146672e-12
1.080000000000000000e+02 0.000000000000000000e+00 0.000000000000000000e+00 2.140870546884740332e-12
1.090000000000000000e+02 0.000000000000000000e+00 0.000000000000000000e+00 2.104418449889383927e-12
1.100000000000000000e+02 0.000000000000000000e+00 0.000000000000000000e+00 2.068945108297243124e-12
1.110000000000000000e+02 0.000000000000000000e+00 0.000000000000000000e+00 2.034415608492047824e-12
1.120000000000000000e+02 0.000000000000000000e+00 0.000000000000000000e+00 2.000796424295819764e-12
1.130000000000000000e+02 0.000000000000000000e+00 0.000000000000000000e+00 1.968055652410448643e-12
1.140000000000000000e+02 0.000000000000000000e+00 0.000000000000000000e+00 1.936162627208361808e-12
1.150000000000000000e+02 0.000000000000000000e+00 0.000000000000000000e+00 1.905088147548035984e-12
1.160000000000000000e+02 0.000000000000000000e+00 0.000000000000000000e+00 1.874804120199866873e-12
1.170000000000000000e+02 0.000000000000000000e+00 0.000000000000000000e+00 1.845283777601641907e-12
1.180000000000000000e+02 0.000000000000000000e+00 0.000000000000000000e+00 1.816501342135631577e-12
1.190000000000000000e+02 0.000000000000000000e+00 0.000000000000000000e+00 1.788432239761772271e-12
1.200000000000000000e+02 0.000000000000000000e+00 0.000000000000000000e+00 1.761052785120941566e-12
1.210000000000000000e+02 0.000000000000000000e+00 0.000000000000000000e+00 1.734340385097907568e-12
1.220000000000000000e+02 0.000000000000000000e+00 0.000000000000000000e+00 1.708273245274311514e-12
1.230000000000000000e+02 0.000000000000000000e+00 0.000000000000000000e+00 1.682830564987688067e-12
1.240000000000000000e+02 0.000000000000000000e+00 0.000000000000000000e+00 1.657992262221682380e-12
1.250000000000000000e+02 0.000000000000000000e+00 0.000000000000000000e+00 1.633739161086574096e-12
1.260000000000000000e+02 0.000000000000000000e+00 0.000000000000000000e+00 1.610052732549595206e-12
1.270000000000000000e+02 0.000000000000000000e+00 0.000000000000000000e+00 1.586915276043342098e-12
1.280000000000000000e+02 0.000000000000000000e+00 0.000000000000000000e+00 1.564309673293768573e-12
1.290000000000000000e+02 0.000000000000000000e+00 0.000000000000000000e+00 1.542219565452332022e-12
1.300000000000000000e+02 0.000000000000000000e+00 0.000000000000000000e+00 1.520629117838054630e-12
1.310000000000000000e+02 0.000000000000000000e+00 0.000000000000000000e+00 1.499523193442450454e-12
1.320000000000000000e+02 0.000000000000000000e+00 0.000000000000000000e+00 1.478887126258729107e-12
1.330000000000000000e+02 0.000000000000000000e+00 0.000000000000000000e+00 1.458706893603561542e-12
1.340000000000000000e+02 0.000000000000000000e+00 0.000000000000000000e+00 1.438968897088576122e-12
1.350000000000000000e+02 0.000000000000000000e+00 0.000000000000000000e+00 1.419660130935197098e-12
1.360000000000000000e+02 0.000000000000000000e+00 0.000000000000000000e+00 1.400767972749690828e-12
1.370000000000000000e+02 0.000000000000000000e+00 0.000000000000000000e+00 1.382280345515412080e-12
1.380000000000000000e+02 0.000000000000000000e+00 0.000000000000000000e+00 1.364185520383110301e-12
1.390000000000000000e+02 0.000000000000000000e+00 0.000000000000000000e+00 1.346472270779219763e-12
1.400000000000000000e+02 0.000000000000000000e+00 0.000000000000000000e+00 1.329129686639502985e-12
1.410000000000000000e+02 0.000000000000000000e+00 0.000000000000000000e+00 1.312147321098316569e-12
1.420000000000000000e+02 0.000000000000000000e+00 0.000000000000000000e+00 1.295515015134414009e-12
1.430000000000000000e+02 0.000000000000000000e+00 0.000000000000000000e+00 1.279223037761734418e-12
1.440000000000000000e+02 0.000000000000000000e+00 0.000000000000000000e+00 1.263261918732946577e-12
1.450000000000000000e+02 0.000000000000000000e+00 0.000000000000000000e+00 1.247622585886933756e-12
1.460000000000000000e+02 0.000000000000000000e+00 0.000000000000000000e+00 1.232296203240993945e-12
1.470000000000000000e+02 0.000000000000000000e+00 0.000000000000000000e+00 1.217274303513009385e-12
1.480000000000000000e+02 0.000000000000000000e+00 0.000000000000000000e+00 1.202548634170028521e-12
1.490000000000000000e+02 0.000000000000000000e+00 0.000000000000000000e+00 1.188111286361482024e-12
1.500000000000000000e+02 0.000000000000000000e+00 0.000000000000000000e+00 1.173954545248322426e-12
1.510000000000000000e+02 0.000000000000000000e+00 0.000000000000000000e+00 1.160071016320831161e-12
1.520000000000000000e+02 0.000000000000000000e+00 0.000000000000000000e+00 1.146453481245656713e-12
1.530000000000000000e+02 0.000000000000000000e+00 0.000000000000000000e+00 1.133095019680493816e-12
1.540000000000000000e+02 0.000000000000000000e+00 0.000000000000000000e+00 1.119988871510455700e-12
1.550000000000000000e+02 0.000000000000000000e+00 0.000000000000000000e+00 1.107128555362638892e-12
1.560000000000000000e+02 0.000000000000000000e+00 0.000000000000000000e+00 1.094507735044550758e-12
1.570000000000000000e+02 0.000000000000000000e+00 0.000000000000000000e+00 1.082120334842312344e-12
1.580000000000000000e+02 0.000000000000000000e+00 0.000000000000000000e+00 1.069960410479611205e-12
1.590000000000000000e+02 0.000000000000000000e+00 0.000000000000000000e+00 1.058022262238048967e-12
1.600000000000000000e+02 0.000000000000000000e+00 0.000000000000000000e+00 1.046300309107863446e-12
1.610000000000000000e+02 0.000000000000000000e+00 0.000000000000000000e+00 1.034789199510983402e-12
1.620000000000000000e+02 0.000000000000000000e+00 0.000000000000000000e+00 1.023483689474181345e-12
1.630000000000000000e+02 0.000000000000000000e+00 0.000000000000000000e+00 1.012378750109149127e-12
1.640000000000000000e+02 0.000000000000000000e+00 0.000000000000000000e+00 1.001469450259537670e-12
1.650000000000000000e+02 0.000000000000000000e+00 0.000000000000000000e+00 9.907510607806305794e-13
1.660000000000000000e+02 0.000000000000000000e+00 0.000000000000000000e+00 9.802189412308422792e-13
1.670000000000000000e+02 0.000000000000000000e+00 0.000000000000000000e+00 9.698686409361252356e-13
1.680000000000000000e+02 0.000000000000000000e+00 0.000000000000000000e+00 9.596957896345931192e-13
1.690000000000000000e+02 0.000000000000000000e+00 0.000000000000000000e+00 9.496961959456331055e-13
1.700000000000000000e+02 0.000000000000000000e+00 0.000000000000000000e+00 9.398657407068609698e-13
1.710000000000000000e+02 0.000000000000000000e+00 0.000000000000000000e+00 9.302004740533768962e-13
1.720000000000000000e+02 0.000000000000000000e+00 0.000000000000000000e+00 9.206965112481955409e-13
1.730000000000000000e+02 0.000000000000000000e+00 0.000000000000000000e+00 9.113501265706548493e-13
1.740000000000000000e+02 0.000000000000000000e+00 0.000000000000000000e+00 9.021576542469738921e-13
1.750000000000000000e+02 0.000000000000000000e+00 0.000000000000000000e+00 8.931155778560116157e-13
1.760000000000000000e+02 0.000000000000000000e+00 0.000000000000000000e+00 8.842204356997431715e-13
1.770000000000000000e+02 0.000000000000000000e+00 0.000000000000000000e+00 8.754689070208403225e-13
1.780000000000000000e+02 0.000000000000000000e+00 0.000000000000000000e+00 8.668577202990707860e-13
1.790000000000000000e+02 0.000000000000000000e+00 0.000000000000000000e+00 8.583837377082932673e-13
1.800000000000000000e+02 0.000000000000000000e+00 0.000000000000000000e+00 8.500438655498899313e-13
1.810000000000000000e+02 0.000000000000000000e+00 0.000000000000000000e+00 8.418351368586903604e-13
1.820000000000000000e+02 0.000000000000000000e+00 0.000000000000000000e+00 8.337546242931874959e-13
1.830000000000000000e+02 0.000000000000000000e+00 0.000000000000000000e+00 8.257995208904867489e-13
1.840000000000000000e+02 0.000000000000000000e+00 0.000000000000000000e+00 8.179670548844990036e-13
1.850000000000000000e+02 0.000000000000000000e+00 0.000000000000000000e+00 8.102545693584921307e-13
1.860000000000000000e+02 0.000000000000000000e+00 0.000000000000000000e+00 8.026594383881992315e-13
1.870000000000000000e+02 0.000000000000000000e+00 0.000000000000000000e+00 7.951791454936431754e-13
1.880000000000000000e+02 0.000000000000000000e+00 0.000000000000000000e+00 7.878112016089858838e-13
1.890000000000000000e+02 0.000000000000000000e+00 0.000000000000000000e+00 7.805532219140106567e-13
1.900000000000000000e+02 0.000000000000000000e+00 0.000000000000000000e+00 7.734028459738209972e-13
1.910000000000000000e+02 0.000000000000000000e+00 0.000000000000000000e+00 7.663578125146775358e-13
1.920000000000000000e+02 0.000000000000000000e+00 0.000000000000000000e+00 7.594158816711207141e-13
1.930000000000000000e+02 0.000000000000000000e+00 0.000000000000000000e+00 7.525749082241668983e-13
1.940000000000000000e+02 0.000000000000000000e+00 0.000000000000000000e+00 7.458327658825389727e-13
1.950000000000000000e+02 0.000000000000000000e+00 0.000000000000000000e+00 7.391874184501481669e-13
1.960000000000000000e+02 0.000000000000000000e+00 0.000000000000000000e+00 7.326368463280038924e-13
1.970000000000000000e+02 0.000000000000000000e+00 0.000000000000000000e+00 7.261791161171790641e-13
1.980000000000000000e+02 0.000000000000000000e+00 0.000000000000000000e+00 7.198123085958390393e-13
1.990000000000000000e+02 0.000000000000000000e+00 0.000000000000000000e+00 7.135345869531484056e-13
2.000000000000000000e+02 0.000000000000000000e+00 0.000000000000000000e+00 7.073441268141298188e-13
2.010000000000000000e+02 0.000000000000000000e+00 0.000000000000000000e+00 7.012391824135490656e-13
2.020000000000000000e+02 0.000000000000000000e+00 0.000000000000000000e+00 6.952180186830665356e-13
2.030000000000000000e+02 0.000000000000000000e+00 0.000000000000000000e+00 6.892789755417444144e-13
2.040000000000000000e+02 0.000000000000000000e+00 0.000000000000000000e+00 6.834204023937063625e-13
2.050000000000000000e+02 0.000000000000000000e+00 0.000000000000000000e+00 6.776407202652258911e-13
2.060000000000000000e+02 0.000000000000000000e+00 0.000000000000000000e+00 6.719383580180911102e-13
2.070000000000000000e+02 0.000000000000000000e+00 0.000000000000000000e+00 6.663118131093238892e-13
2.080000000000000000e+02 0.000000000000000000e+00 0.000000000000000000e+00 6.607595896873061286e-13
2.090000000000000000e+02 0.000000000000000000e+00 0.000000000000000000e+00 6.552802575288441050e-13
2.100000000000000000e+02 0.000000000000000000e+00 0.000000000000000000e+00 6.498723917332675336e-13
2.110000000000000000e+02 0.000000000000000000e+00 0.000000000000000000e+00 6.445346306043550668e-13
2.120000000000000000e+02 0.000000000000000000e+00 0.000000000000000000e+00 6.392656164259282857e-13
2.130000000000000000e+02 0.000000000000000000e+00 0.000000000000000000e+00 6.340640521196451111e-13
2.140000000000000000e+02 0.000000000000000000e+00 0.000000000000000000e+00 6.289286435533848145e-13
2.150000000000000000e+02 0.000000000000000000e+00 0.000000000000000000e+00 6.238581551808275329e-13
2.160000000000000000e+02 0.000000000000000000e+00 0.000000000000000000e+00 6.188513529853862177e-13
2.170000000000000000e+02 0.000000000000000000e+00 0.000000000000000000e+00 6.139070594520296549e-13
2.180000000000000000e+02 0.000000000000000000e+00 0.000000000000000000e+00 6.090240979618735278e-13
2.190000000000000000e+02 0.000000000000000000e+00 0.000000000000000000e+00 6.042013459644517191e-13
2.200000000000000000e+02 0.000000000000000000e+00 0.000000000000000000e+00 5.994376809663177352e-13
2.210000000000000000e+02 0.000000000000000000e+00 0.000000000000000000e+00 5.947320327912282139e-13
2.220000000000000000e+02 0.000000000000000000e+00 0.000000000000000000e+00 5.900833302537941880e-13
2.230000000000000000e+02 0.000000000000000000e+00 0.000000000000000000e+00 5.854905527406904723e-13
2.240000000000000000e+02 0.000000000000000000e+00 0.000000000000000000e+00 5.809526780509725803e-13
2.250000000000000000e+02 0.000000000000000000e+00 0.000000000000000000e+00 5.764687325473738633e-13
2.260000000000000000e+02 0.000000000000000000e+00 0.000000000000000000e+00 5.720377405180246677e-13
2.270000000000000000e+02 0.000000000000000000e+00 0.000000000000000000e+00 5.676587730404116797e-13
2.280000000000000000e+02 0.000000000000000000e+00 0.000000000000000000e+00 5.633308985282890776e-13
2.290000000000000000e+02 0.000000000000000000e+00 0.000000000000000000e+00 5.590532306430295412e-13
2.300000000000000000e+02 0.000000000000000000e+00 0.000000000000000000e+00 5.548248798189598125e-13
2.310000000000000000e+02 0.000000000000000000e+00 0.000000000000000000e+00 5.506450003346789953e-13
2.320000000000000000e+02 0.000000000000000000e+00 0.000000000000000000e+00 5.465127424517474294e-13
2.330000000000000000e+02 0.000000000000000000e+00 0.000000000000000000e+00 5.424272991038598666e-13
2.340000000000000000e+02 0.000000000000000000e+00 0.000000000000000000e+00 5.383878586939949520e-13
2.350000000000000000e+02 0.000000000000000000e+00 0.000000000000000000e+00 5.343936507652872621e-13
2.360000000000000000e+02 0.000000000000000000e+00 0.000000000000000000e+00 5.304439000426720377e-13
2.370000000000000000e+02 0.000000000000000000e+00 0.000000000000000000e+00 5.265378709993555897e-13
2.380000000000000000e+02 0.000000000000000000e+00 0.000000000000000000e+00 5.226748230691592005e-13
2.390000000000000000e+02 0.000000000000000000e+00 0.000000000000000000e+00 5.188540540349528693e-13
2.400000000000000000e+02 0.000000000000000000e+00 0.000000000000000000e+00 5.150748563642772652e-13
2.410000000000000000e+02 0.000000000000000000e+00 0.000000000000000000e+00 5.113365596381235610e-13
2.420000000000000000e+02 0.000000000000000000e+00 0.000000000000000000e+00 5.076384878925377732e-13
2.430000000000000000e+02 0.000000000000000000e+00 0.000000000000000000e+00 5.039800008668344306e-13
2.440000000000000000e+02 0.000000000000000000e+00 0.000000000000000000e+00 5.003604527541179007e-13
2.450000000000000000e+02 0.000000000000000000e+00 0.000000000000000000e+00 4.967792323095332335e-13
2.460000000000000000e+02 0.000000000000000000e+00 0.000000000000000000e+00 4.932357223138138429e-13
2.470000000000000000e+02 0.000000000000000000e+00 0.000000000000000000e+00 4.897293392231518101e-13
2.480000000000000000e+02 0.000000000000000000e+00 0.000000000000000000e+00 4.862594932082634433e-13
2.490000000000000000e+02 0.000000000000000000e+00 0.000000000000000000e+00 4.828256271562487929e-13
2.500000000000000000e+02 0.000000000000000000e+00 0.000000000000000000e+00 4.794271773973987203e-13
2.510000000000000000e+02 0.000000000000000000e+00 0.000000000000000000e+00 4.760636119700406269e-13
2.520000000000000000e+02 0.000000000000000000e+00 0.000000000000000000e+00 4.727343922998144130e-13
2.530000000000000000e+02 0.000000000000000000e+00 0.000000000000000000e+00 4.694390104008129114e-13
2.540000000000000000e+02 0.000000000000000000e+00 0.000000000000000000e+00 4.661769515026660701e-13
2.550000000000000000e+02 0.000000000000000000e+00 0.000000000000000000e+00 4.629477307924972926e-13
2.560000000000000000e+02 0.000000000000000000e+00 0.000000000000000000e+00 4.597508561817614611e-13
2.570000000000000000e+02 0.000000000000000000e+00 0.000000000000000000e+00 4.565858647237103989e-13
2.580000000000000000e+02 0.000000000000000000e+00 0.000000000000000000e+00 4.534522861213094966e-13
2.590000000000000000e+02 0.000000000000000000e+00 0.000000000000000000e+00 4.503496783272144694e-13
2.600000000000000000e+02 0.000000000000000000e+00 0.000000000000000000e+00 4.472775917887303954e-13
2.610000000000000000e+02 0.000000000000000000e+00 0.000000000000000000e+00 4.442356044783998792e-13
2.620000000000000000e+02 0.000000000000000000e+00 0.000000000000000000e+00 4.412232866319328065e-13
2.630000000000000000e+02 0.000000000000000000e+00 0.000000000000000000e+00 4.382402351687224519e-13
2.640000000000000000e+02 0.000000000000000000e+00 0.000000000000000000e+00 4.352860392181823602e-13
2.650000000000000000e+02 0.000000000000000000e+00 0.000000000000000000e+00 4.323603138084669643e-13
2.660000000000000000e+02 0.000000000000000000e+00 0.000000000000000000e+00 4.294626660608016442e-13
2.670000000000000000e+02 0.000000000000000000e+00 0.000000000000000000e+00 4.265927282547973937e-13
2.680000000000000000e+02 0.000000000000000000e+00 0.000000000000000000e+00 4.237501245818238580e-13
2.690000000000000000e+02 0.000000000000000000e+00 0.000000000000000000e+00 4.209345037602828178e-13
2.700000000000000000e+02 0.000000000000000000e+00 0.000000000000000000e+00 4.181455062789095902e-13
2.710000000000000000e+02 0.000000000000000000e+00 0.000000000000000000e+00 4.153827963268487965e-13
2.720000000000000000e+02 0.000000000000000000e+00 0.000000000000000000e+00 4.126460298484571029e-13
2.730000000000000000e+02 0.000000000000000000e+00 0.000000000000000000e+00 4.099348857615022234e-13
2.740000000000000000e+02 0.000000000000000000e+00 0.000000000000000000e+00 4.072490347119215630e-13
2.750000000000000000e+02 0.000000000000000000e+00 0.000000000000000000e+00 4.045881695681631107e-13
2.760000000000000000e+02 0.000000000000000000e+00 0.000000000000000000e+00 4.019519748546618803e-13
2.770000000000000000e+02 0.000000000000000000e+00 0.000000000000000000e+00 3.993401566817790731e-13
2.780000000000000000e+02 0.000000000000000000e+00 0.000000000000000000e+00 3.967524126584010786e-13
2.790000000000000000e+02 0.000000000000000000e+00 0.000000000000000000e+00 3.941884613572932821e-13
2.800000000000000000e+02 0.000000000000000000e+00 0.000000000000000000e+00 3.916480127168371541e-13
2.810000000000000000e+02 0.000000000000000000e+00 0.000000000000000000e+00 3.891307971364309622e-13
2.820000000000000000e+02 0.000000000000000000e+00 0.000000000000000000e+00 3.866365361773743765e-13
2.830000000000000000e+02 0.000000000000000000e+00 0.000000000000000000e+00 3.841649712850951094e-13
2.840000000000000000e+02 0.000000000000000000e+00 0.000000000000000000e+00 3.817158350055358720e-13
2.850000000000000000e+02 0.000000000000000000e+00 0.000000000000000000e+00 3.792888791240355648e-13
2.860000000000000000e+02 0.000000000000000000e+00 0.000000000000000000e+00 3.768838464986794258e-13
2.870000000000000000e+02 0.000000000000000000e+00 0.000000000000000000e+00 3.745004985475221953e-13
2.880000000000000000e+02 0.000000000000000000e+00 0.000000000000000000e+00 3.721385878188391098e-13
2.890000000000000000e+02 0.000000000000000000e+00 0.000000000000000000e+00 3.697978847637283287e-13
2.900000000000000000e+02 0.000000000000000000e+00 0.000000000000000000e+00 3.674781509528591124e-13
2.910000000000000000e+02 0.000000000000000000e+00 0.000000000000000000e+00 3.651791652607988871e-13
2.920000000000000000e+02 0.000000000000000000e+00 0.000000000000000000e+00 3.629006976701777469e-13
2.930000000000000000e+02 0.000000000000000000e+00 0.000000000000000000e+00 3.606425349417319268e-13
2.940000000000000000e+02 0.000000000000000000e+00 0.000000000000000000e+00 3.584044548551482292e-13
2.950000000000000000e+02 0.000000000000000000e+00 0.000000000000000000e+00 3.561862514675849899e-13
2.960000000000000000e+02 0.000000000000000000e+00 0.000000000000000000e+00 3.539877098576365923e-13
2.970000000000000000e+02 0.000000000000000000e+00 0.000000000000000000e+00 3.518086307944780989e-13
2.980000000000000000e+02 0.000000000000000000e+00 0.000000000000000000e+00 3.496488061447992737e-13
2.990000000000000000e+02 0.000000000000000000e+00 0.000000000000000000e+00 3.475080429303018098e-13
3.000000000000000000e+02 0.000000000000000000e+00 0.000000000000000000e+00 3.453861392061933976e-13
3.010000000000000000e+02 0.000000000000000000e+00 0.000000000000000000e+00 3.432829078468691826e-13
3.020000000000000000e+02 0.000000000000000000e+00 0.000000000000000000e+00 3.411981526116245138e-13
3.030000000000000000e+02 0.000000000000000000e+00 0.000000000000000000e+00 3.391316916821146655e-13
3.040000000000000000e+02 0.000000000000000000e+00 0.000000000000000000e+00 3.370833341529606410e-13
3.050000000000000000e+02 0.000000000000000000e+00 0.000000000000000000e+00 3.350529031721006060e-13
3.060000000000000000e+02 0.000000000000000000e+00 0.000000000000000000e+00 3.330402127057519222e-13
3.070000000000000000e+02 0.000000000000000000e+00 0.000000000000000000e+00 3.310450904389248340e-13
3.080000000000000000e+02 0.000000000000000000e+00 0.000000000000000000e+00 3.290673548916158716e-13
3.090000000000000000e+02 0.000000000000000000e+00 0.000000000000000000e+00 3.271068378873347421e-13
3.100000000000000000e+02 0.000000000000000000e+00 0.000000000000000000e+00 3.251633621736752513e-13
3.110000000000000000e+02 0.000000000000000000e+00 0.000000000000000000e+00 3.232367634240524723e-13
3.120000000000000000e+02 0.000000000000000000e+00 0.000000000000000000e+00 3.213268682583139433e-13
3.130000000000000000e+02 0.000000000000000000e+00 0.000000000000000000e+00 3.194335158789895259e-13
3.140000000000000000e+02 0.000000000000000000e+00 0.000000000000000000e+00 3.175565364833639094e-13
3.150000000000000000e+02 0.000000000000000000e+00 0.000000000000000000e+00 3.156957725878305069e-13
3.160000000000000000e+02 0.000000000000000000e+00 0.000000000000000000e+00 3.138510577850808866e-13
3.170000000000000000e+02 0.000000000000000000e+00 0.000000000000000000e+00 3.120222375800168465e-13
3.180000000000000000e+02 0.000000000000000000e+00 0.000000000000000000e+00 3.102091486945500216e-13
3.190000000000000000e+02 0.000000000000000000e+00 0.000000000000000000e+00 3.084116394962386797e-13
3.200000000000000000e+02 0.000000000000000000e+00 0.000000000000000000e+00 3.066295496674614988e-13
3.210000000000000000e+02 0.000000000000000000e+00 0.000000000000000000e+00 3.048627302683207262e-13
3.220000000000000000e+02 0.000000000000000000e+00 0.000000000000000000e+00 3.031110237522193958e-13
3.230000000000000000e+02 0.000000000000000000e+00 0.000000000000000000e+00 3.013742837384074315e-13
3.240000000000000000e+02 0.000000000000000000e+00 0.000000000000000000e+00 2.996523553490562607e-13
3.250000000000000000e+02 0.000000000000000000e+00 0.000000000000000000e+00 2.979450946337900817e-13
3.260000000000000000e+02 0.000000000000000000e+00 0.000000000000000000e+00 2.962523492247132259e-13
3.270000000000000000e+02 0.000000000000000000e+00 0.000000000000000000e+00 2.945739774966297538e-13
3.280000000000000000e+02 0.000000000000000000e+00 0.000000000000000000e+00 2.929098295389897918e-13
3.290000000000000000e+02 0.000000000000000000e+00 0.000000000000000000e+00 2.912597660069849578e-13
3.300000000000000000e+02 0.000000000000000000e+00 0.000000000000000000e+00 2.896236393726157998e-13
3.310000000000000000e+02 0.000000000000000000e+00 0.000000000000000000e+00 2.880013125047826277e-13
3.320000000000000000e+02 0.000000000000000000e+00 0.000000000000000000e+00 2.863926402049553869e-13
3.330000000000000000e+02 0.000000000000000000e+00 0.000000000000000000e+00 2.847974875264129531e-13
3.340000000000000000e+02 0.000000000000000000e+00 0.000000000000000000e+00 2.832157115410285513e-13
3.350000000000000000e+02 0.000000000000000000e+00 0.000000000000000000e+00 2.816471794878850251e-13
3.360000000000000000e+02 0.000000000000000000e+00 0.000000000000000000e+00 2.800917507483360441e-13
3.370000000000000000e+02 0.000000000000000000e+00 0.000000000000000000e+00 2.785492946799333737e-13
3.380000000000000000e+02 0.000000000000000000e+00 0.000000000000000000e+00 2.770196729790460793e-13
3.390000000000000000e+02 0.000000000000000000e+00 0.000000000000000000e+00 2.755027571247914738e-13
3.400000000000000000e+02 0.000000000000000000e+00 0.000000000000000000e+00 2.739984111479706495e-13
3.410000000000000000e+02 0.000000000000000000e+00 0.000000000000000000e+00 2.725065086682670340e-13
3.420000000000000000e+02 0.000000000000000000e+00 0.000000000000000000e+00 2.710269160552456909e-13
3.430000000000000000e+02 0.000000000000000000e+00 0.000000000000000000e+00 2.695595091124942366e-13
3.440000000000000000e+02 0.000000000000000000e+00 0.000000000000000000e+00 2.681041565533407871e-13
3.450000000000000000e+02 0.000000000000000000e+00 0.000000000000000000e+00 2.666607363937206701e-13
3.460000000000000000e+02 0.000000000000000000e+00 0.000000000000000000e+00 2.652291196817288587e-13
3.470000000000000000e+02 0.000000000000000000e+00 0.000000000000000000e+00 2.638091867101240509e-13
3.480000000000000000e+02 0.000000000000000000e+00 0.000000000000000000e+00 2.624008109019383385e-13
3.490000000000000000e+02 0.000000000000000000e+00 0.000000000000000000e+00 2.610038748305233586e-13
3.500000000000000000e+02 0.000000000000000000e+00 0.000000000000000000e+00 2.596182543225548311e-13
3.510000000000000000e+02 0.000000000000000000e+00 0.000000000000000000e+00 2.582438342732620962e-13
3.520000000000000000e+02 0.000000000000000000e+00 0.000000000000000000e+00 2.568804929531856545e-13
3.530000000000000000e+02 0.000000000000000000e+00 0.000000000000000000e+00 2.555281175948722106e-13
3.540000000000000000e+02 0.000000000000000000e+00 0.000000000000000000e+00 2.541865889342960426e-13
3.550000000000000000e+02 0.000000000000000000e+00 0.000000000000000000e+00 2.528557965776225538e-13
3.560000000000000000e+02 0.000000000000000000e+00 0.000000000000000000e+00 2.515356237715713645e-13
3.570000000000000000e+02 0.000000000000000000e+00 0.000000000000000000e+00 2.502259625364243983e-13
3.580000000000000000e+02 0.000000000000000000e+00 0.000000000000000000e+00 2.489266986082073724e-13
3.590000000000000000e+02 0.000000000000000000e+00 0.000000000000000000e+00 2.476377264274858308e-13
3.600000000000000000e+02 0.000000000000000000e+00 0.000000000000000000e+00 2.463589343045077562e-13
3.610000000000000000e+02 0.000000000000000000e+00 0.000000000000000000e+00 2.450902190849174165e-13
3.620000000000000000e+02 0.000000000000000000e+00 0.000000000000000000e+00 2.438314716239747902e-13
3.630000000000000000e+02 0.000000000000000000e+00 0.000000000000000000e+00 2.425825912499866954e-13
3.640000000000000000e+02 0.000000000000000000e+00 0.000000000000000000e+00 2.413434713658048961e-13
3.650000000000000000e+02 0.000000000000000000e+00 0.000000000000000000e+00 2.401140137369962688e-13
3.660000000000000000e+02 0.000000000000000000e+00 0.000000000000000000e+00 2.388941143123820612e-13
3.670000000000000000e+02 0.000000000000000000e+00 0.000000000000000000e+00 2.376836773414991139e-13
3.680000000000000000e+02 0.000000000000000000e+00 0.000000000000000000e+00 2.364826013331216705e-13
3.690000000000000000e+02 0.000000000000000000e+00 0.000000000000000000e+00 2.352907929675941771e-13
3.700000000000000000e+02 0.000000000000000000e+00 0.000000000000000000e+00 2.341081533214995144e-13
3.710000000000000000e+02 0.000000000000000000e+00 0.000000000000000000e+00 2.329345915207678627e-13
3.720000000000000000e+02 0.000000000000000000e+00 0.000000000000000000e+00 2.317700111501931440e-13
3.730000000000000000e+02 0.000000000000000000e+00 0.000000000000000000e+00 2.306143237589044859e-13
3.740000000000000000e+02 0.000000000000000000e+00 0.000000000000000000e+00 2.294674354527619271e-13
3.750000000000000000e+02 0.000000000000000000e+00 0.000000000000000000e+00 2.283292601932354843e-13
3.760000000000000000e+02 0.000000000000000000e+00 0.000000000000000000e+00 2.271997065612907618e-13
3.770000000000000000e+02 0.000000000000000000e+00 0.000000000000000000e+00 2.260786908861425535e-13
3.780000000000000000e+02 0.000000000000000000e+00 0.000000000000000000e+00 2.249661241953354561e-13
3.790000000000000000e+02 0.000000000000000000e+00 0.000000000000000000e+00 2.238619251368783913e-13
3.800000000000000000e+02 0.000000000000000000e+00 0.000000000000000000e+00 2.227660071694605118e-13
3.810000000000000000e+02 0.000000000000000000e+00 0.000000000000000000e+00 2.216782912499673840e-13
3.820000000000000000e+02 0.000000000000000000e+00 0.000000000000000000e+00 2.205986932036259678e-13
3.830000000000000000e+02 0.000000000000000000e+00 0.000000000000000000e+00 2.195271362376719114e-13
3.840000000000000000e+02 0.000000000000000000e+00 0.000000000000000000e+00 2.184635385300373252e-13
3.850000000000000000e+02 0.000000000000000000e+00 0.000000000000000000e+00 2.174078254921527100e-13
3.860000000000000000e+02 0.000000000000000000e+00 0.000000000000000000e+00 2.163599175613607484e-13
3.870000000000000000e+02 0.000000000000000000e+00 0.000000000000000000e+00 2.153197423419708176e-13
3.880000000000000000e+02 0.000000000000000000e+00 0.000000000000000000e+00 2.142872224944228476e-13
3.890000000000000000e+02 0.000000000000000000e+00 0.000000000000000000e+00 2.132622877255085492e-13
3.900000000000000000e+02 0.000000000000000000e+00 0.000000000000000000e+00 2.122448628760286044e-13
3.910000000000000000e+02 0.000000000000000000e+00 0.000000000000000000e+00 2.112348797038019450e-13
3.920000000000000000e+02 0.000000000000000000e+00 0.000000000000000000e+00 2.102322651502606033e-13
3.930000000000000000e+02 0.000000000000000000e+00 0.000000000000000000e+00 2.092369529838119806e-13
3.940000000000000000e+02 0.000000000000000000e+00 0.000000000000000000e+00 2.082488722052631952e-13
3.950000000000000000e+02 0.000000000000000000e+00 0.000000000000000000e+00 2.072679585036248678e-13
3.960000000000000000e+02 0.000000000000000000e+00 0.000000000000000000e+00 2.062941428670313375e-13
3.970000000000000000e+02 0.000000000000000000e+00 0.000000000000000000e+00 2.053273628807011040e-13
3.980000000000000000e+02 0.000000000000000000e+00 0.000000000000000000e+00 2.043675514447431272e-13
3.990000000000000000e+02 0.000000000000000000e+00 0.000000000000000000e+00 2.034146479446261648e-13
4.000000000000000000e+02 0.000000000000000000e+00 0.000000000000000000e+00 2.024685871681366802e-13
4.010000000000000000e+02 0.000000000000000000e+00 0.000000000000000000e+00 2.015293102507242912e-13
4.020000000000000000e+02 0.000000000000000000e+00 0.000000000000000000e+00 2.005967537714044067e-13
4.030000000000000000e+02 0.000000000000000000e+00 0.000000000000000000e+00 1.996708605378744135e-13
4.040000000000000000e+02 0.000000000000000000e+00 0.000000000000000000e+00 1.987515688542763885e-13
4.050000000000000000e+02 0.000000000000000000e+00 0.000000000000000000e+00 1.978388231676920721e-13
4.060000000000000000e+02 0.000000000000000000e+00 0.000000000000000000e+00 1.969325634460977867e-13
4.070000000000000000e+02 0.000000000000000000e+00 0.000000000000000000e+00 1.960327356822477219e-13
4.080000000000000000e+02 0.000000000000000000e+00 0.000000000000000000e+00 1.951392814368158470e-13
4.090000000000000000e+02 0.000000000000000000e+00 0.000000000000000000e+00 1.942521481852106034e-13
4.100000000000000000e+02 0.000000000000000000e+00 0.000000000000000000e+00 1.933712790301734285e-13
4.110000000000000000e+02 0.000000000000000000e+00 0.000000000000000000e+00 1.924966228964303847e-13
4.120000000000000000e+02 0.000000000000000000e+00 0.000000000000000000e+00 1.916281243522950282e-13
4.130000000000000000e+02 0.000000000000000000e+00 0.000000000000000000e+00 1.907657336873805596e-13
4.140000000000000000e+02 0.000000000000000000e+00 0.000000000000000000e+00 1.899093968857743766e-13
4.150000000000000000e+02 0.000000000000000000e+00 0.000000000000000000e+00 1.890590655394419082e-13
4.160000000000000000e+02 0.000000000000000000e+00 0.000000000000000000e+00 1.882146869912942657e-13
4.170000000000000000e+02 0.000000000000000000e+00 0.000000000000000000e+00 1.873762141023351693e-13
4.180000000000000000e+02 0.000000000000000000e+00 0.000000000000000000e+00 1.865435954836326436e-13
4.190000000000000000e+02 0.000000000000000000e+00 0.000000000000000000e+00 1.857167852130037609e-13
4.200000000000000000e+02 0.000000000000000000e+00 0.000000000000000000e+00 1.848957331252149997e-13
4.210000000000000000e+02 0.000000000000000000e+00 0.000000000000000000e+00 1.840803944372264990e-13
4.220000000000000000e+02 0.000000000000000000e+00 0.000000000000000000e+00 1.832707201682091842e-13
4.230000000000000000e+02 0.000000000000000000e+00 0.000000000000000000e+00 1.824666666124040409e-13
4.240000000000000000e+02 0.000000000000000000e+00 0.000000000000000000e+00 1.816681859209056081e-13
4.250000000000000000e+02 0.000000000000000000e+00 0.000000000000000000e+00 1.808752354344012785e-13
4.260000000000000000e+02 0.000000000000000000e+00 0.000000000000000000e+00 1.800877683803389896e-13
4.270000000000000000e+02 0.000000000000000000e+00 0.000000000000000000e+00 1.793057430964047203e-13
4.280000000000000000e+02 0.000000000000000000e+00 0.000000000000000000e+00 1.785291138302227374e-13
4.290000000000000000e+02 0.000000000000000000e+00 0.000000000000000000e+00 1.777578398597255889e-13
4.300000000000000000e+02 0.000000000000000000e+00 0.000000000000000000e+00 1.769918764086333332e-13
4.310000000000000000e+02 0.000000000000000000e+00 0.000000000000000000e+00 1.762311836754479684e-13
4.320000000000000000e+02 0.000000000000000000e+00 0.000000000000000000e+00 1.754757178094359202e-13
4.330000000000000000e+02 0.000000000000000000e+00 0.000000000000000000e+00 1.747254398635315989e-13
4.340000000000000000e+02 0.000000000000000000e+00 0.000000000000000000e+00 1.739803068782507252e-13
4.350000000000000000e+02 0.000000000000000000e+00 0.000000000000000000e+00 1.732402807243087602e-13
4.360000000000000000e+02 0.000000000000000000e+00 0.000000000000000000e+00 1.725053192847911611e-13
4.370000000000000000e+02 0.000000000000000000e+00 0.000000000000000000e+00 1.717753852208393943e-13
4.380000000000000000e+02 0.000000000000000000e+00 0.000000000000000000e+00 1.710504372229078116e-13
4.390000000000000000e+02 0.000000000000000000e+00 0.000000000000000000e+00 1.703304386987755916e-13
4.400000000000000000e+02 0.000000000000000000e+00 0.000000000000000000e+00 1.696153491283165049e-13
4.410000000000000000e+02 0.000000000000000000e+00 0.000000000000000000e+00 1.689051326129645903e-13
4.420000000000000000e+02 0.000000000000000000e+00 0.000000000000000000e+00 1.681997494009116770e-13
4.430000000000000000e+02 0.000000000000000000e+00 0.000000000000000000e+00 1.674991642619141315e-13
4.440000000000000000e+02 0.000000000000000000e+00 0.000000000000000000e+00 1.668033381614335795e-13
4.450000000000000000e+02 0.000000000000000000e+00 0.000000000000000000e+00 1.661122365187928595e-13
4.460000000000000000e+02 0.000000000000000000e+00 0.000000000000000000e+00 1.654258209736227348e-13
4.470000000000000000e+02 0.000000000000000000e+00 0.000000000000000000e+00 1.647440575780369404e-13
4.480000000000000000e+02 0.000000000000000000e+00 0.000000000000000000e+00 1.640669086199587959e-13
4.490000000000000000e+02 0.000000000000000000e+00 0.000000000000000000e+00 1.633943407467386608e-13
4.500000000000000000e+02 0.000000000000000000e+00 0.000000000000000000e+00 1.627263168688995265e-13
4.510000000000000000e+02 0.000000000000000000e+00 0.000000000000000000e+00 1.620628042054157630e-13
4.520000000000000000e+02 0.000000000000000000e+00 0.000000000000000000e+00 1.614037662684544803e-13
4.530000000000000000e+02 0.000000000000000000e+00 0.000000000000000000e+00 1.607491708205772355e-13
4.540000000000000000e+02 0.000000000000000000e+00 0.000000000000000000e+00 1.600989819571483066e-13
4.550000000000000000e+02 0.000000000000000000e+00 0.000000000000000000e+00 1.594531679556670292e-13
4.560000000000000000e+02 0.000000000000000000e+00 0.000000000000000000e+00 1.588116934654493393e-13
4.570000000000000000e+02 0.000000000000000000e+00 0.000000000000000000e+00 1.581745272578370494e-13
4.580000000000000000e+02 0.000000000000000000e+00 0.000000000000000000e+00 1.575416345186021819e-13
4.590000000000000000e+02 0.000000000000000000e+00 0.000000000000000000e+00 1.569129845021658077e-13
4.600000000000000000e+02 0.000000000000000000e+00 0.000000000000000000e+00 1.562885429103094428e-13
4.610000000000000000e+02 0.000000000000000000e+00 0.000000000000000000e+00 1.556682794463507987e-13
4.620000000000000000e+02 0.000000000000000000e+00 0.000000000000000000e+00 1.550521603157208605e-13
4.630000000000000000e+02 0.000000000000000000e+00 0.000000000000000000e+00 1.544401556555154675e-13
4.640000000000000000e+02 0.000000000000000000e+00 0.000000000000000000e+00 1.538322321581659187e-13
4.650000000000000000e+02 0.000000000000000000e+00 0.000000000000000000e+00 1.532283603825510776e-13
4.660000000000000000e+02 0.000000000000000000e+00 0.000000000000000000e+00 1.526285074745448936e-13
4.670000000000000000e+02 0.000000000000000000e+00 0.000000000000000000e+00 1.520326444059912034e-13
4.680000000000000000e+02 0.000000000000000000e+00 0.000000000000000000e+00 1.514407387572679623e-13
4.690000000000000000e+02 0.000000000000000000e+00 0.000000000000000000e+00 1.508527619054612970e-13
4.700000000000000000e+02 0.000000000000000000e+00 0.000000000000000000e+00 1.502686818482888177e-13
4.710000000000000000e+02 0.000000000000000000e+00 0.000000000000000000e+00 1.496884703407685004e-13
4.720000000000000000e+02 0.000000000000000000e+00 0.000000000000000000e+00 1.491120957947921956e-13
4.730000000000000000e+02 0.000000000000000000e+00 0.000000000000000000e+00 1.485395303264576910e-13
4.740000000000000000e+02 0.000000000000000000e+00 0.000000000000000000e+00 1.479707427517859874e-13
4.750000000000000000e+02 0.000000000000000000e+00 0.000000000000000000e+00 1.474057055409299093e-13
4.760000000000000000e+02 0.000000000000000000e+00 0.000000000000000000e+00 1.468443878931488797e-13
4.770000000000000000e+02 0.000000000000000000e+00 0.000000000000000000e+00 1.462867626306749223e-13
4.780000000000000000e+02 0.000000000000000000e+00 0.000000000000000000e+00 1.457327993290538343e-13
4.790000000000000000e+02 0.000000000000000000e+00 0.000000000000000000e+00 1.451824711286936160e-13
4.800000000000000000e+02 0.000000000000000000e+00 0.000000000000000000e+00 1.446357479841560993e-13
4.810000000000000000e+02 0.000000000000000000e+00 0.000000000000000000e+00 1.440926033553143235e-13
4.820000000000000000e+02 0.000000000000000000e+00 0.000000000000000000e+00 1.435530075478716478e-13
4.830000000000000000e+02 0.000000000000000000e+00 0.000000000000000000e+00 1.430169343432502826e-13
4.840000000000000000e+02 0.000000000000000000e+00 0.000000000000000000e+00 1.424843543873406766e-13
4.850000000000000000e+02 0.000000000000000000e+00 0.000000000000000000e+00 1.419552417693212121e-13
4.860000000000000000e+02 0.000000000000000000e+00 0.000000000000000000e+00 1.414295674691188364e-13
4.870000000000000000e+02 0.000000000000000000e+00 0.000000000000000000e+00 1.409073058853859525e-13
4.880000000000000000e+02 0.000000000000000000e+00 0.000000000000000000e+00 1.403884283217061366e-13
4.890000000000000000e+02 0.000000000000000000e+00 0.000000000000000000e+00 1.398729094668896253e-13
4.900000000000000000e+02 0.000000000000000000e+00 0.000000000000000000e+00 1.393607209549168533e-13
4.910000000000000000e+02 0.000000000000000000e+00 0.000000000000000000e+00 1.388518377647980730e-13
4.920000000000000000e+02 0.000000000000000000e+00 0.000000000000000000e+00 1.383462318575973871e-13
4.930000000000000000e+02 0.000000000000000000e+00 0.000000000000000000e+00 1.378438784881969512e-13
4.940000000000000000e+02 0.000000000000000000e+00 0.000000000000000000e+00 1.373447499315052286e-13
4.950000000000000000e+02 0.000000000000000000e+00 0.000000000000000000e+00 1.368488217254715987e-13
4.960000000000000000e+02 0.000000000000000000e+00 0.000000000000000000e+00 1.363560664521337730e-13
4.970000000000000000e+02 0.000000000000000000e+00 0.000000000000000000e+00 1.358664599255700642e-13
4.980000000000000000e+02 0.000000000000000000e+00 0.000000000000000000e+00 1.353799750338725871e-13
4.990000000000000000e+02 0.000000000000000000e+00 0.000000000000000000e+00 1.348965878657120886e-13
5.000000000000000000e+02 0.000000000000000000e+00 0.000000000000000000e+00 1.344162716123433877e-13
5.010000000000000000e+02 0.000000000000000000e+00 0.000000000000000000e+00 1.339390026355465564e-13
5.020000000000000000e+02 0.000000000000000000e+00 0.000000000000000000e+00 1.334647544352393846e-13
5.030000000000000000e+02 0.000000000000000000e+00 0.000000000000000000e+00 1.329935036382402756e-13
5.040000000000000000e+02 0.000000000000000000e+00 0.000000000000000000e+00 1.325252240495878150e-13
5.050000000000000000e+02 0.000000000000000000e+00 0.000000000000000000e+00 1.320598925710822223e-13
5.060000000000000000e+02 0.000000000000000000e+00 0.000000000000000000e+00 1.315974833142949525e-13
5.070000000000000000e+02 0.000000000000000000e+00 0.000000000000000000e+00 1.311379734483644963e-13
5.080000000000000000e+02 0.000000000000000000e+00 0.000000000000000000e+00 1.306813373919657330e-13
5.090000000000000000e+02 0.000000000000000000e+00 0.000000000000000000e+00 1.302275525852204414e-13
5.100000000000000000e+02 0.000000000000000000e+00 0.000000000000000000e+00 1.297765937436538536e-13
5.110000000000000000e+02 0.000000000000000000e+00 0.000000000000000000e+00 1.293284385886854500e-13
5.120000000000000000e+02 0.000000000000000000e+00 0.000000000000000000e+00 1.288830621319131880e-13
5.130000000000000000e+02 0.000000000000000000e+00 0.000000000000000000e+00 1.284404423740998937e-13
5.140000000000000000e+02 0.000000000000000000e+00 0.000000000000000000e+00 1.280005546247231580e-13
5.150000000000000000e+02 0.000000000000000000e+00 0.000000000000000000e+00 1.275633771649211847e-13
5.160000000000000000e+02 0.000000000000000000e+00 0.000000000000000000e+00 1.271288856130692752e-13
5.170000000000000000e+02 0.000000000000000000e+00 0.000000000000000000e+00 1.266970585230807591e-13
5.180000000000000000e+02 0.000000000000000000e+00 0.000000000000000000e+00 1.262678718278860557e-13
5.190000000000000000e+02 0.000000000000000000e+00 0.000000000000000000e+00 1.258413043580019308e-13
5.200000000000000000e+02 0.000000000000000000e+00 0.000000000000000000e+00 1.254173323627616484e-13
5.210000000000000000e+02 0.000000000000000000e+00 0.000000000000000000e+00 1.249959349544443844e-13
5.220000000000000000e+02 0.000000000000000000e+00 0.000000000000000000e+00 1.245770886840338668e-13
5.230000000000000000e+02 0.000000000000000000e+00 0.000000000000000000e+00 1.241607729513254434e-13
5.240000000000000000e+02 0.000000000000000000e+00 0.000000000000000000e+00 1.237469646235095194e-13
5.250000000000000000e+02 0.000000000000000000e+00 0.000000000000000000e+00 1.233356433822307156e-13
5.260000000000000000e+02 0.000000000000000000e+00 0.000000000000000000e+00 1.229267864084529894e-13
5.270000000000000000e+02 0.000000000000000000e+00 0.000000000000000000e+00 1.225203736711424050e-13
5.280000000000000000e+02 0.000000000000000000e+00 0.000000000000000000e+00 1.221163826612207584e-13
5.290000000000000000e+02 0.000000000000000000e+00 0.000000000000000000e+00 1.217147936429662002e-13
5.300000000000000000e+02 0.000000000000000000e+00 0.000000000000000000e+00 1.213155844206849496e-13
5.310000000000000000e+02 0.000000000000000000e+00 0.000000000000000000e+00 1.209187355583574759e-13
5.320000000000000000e+02 0.000000000000000000e+00 0.000000000000000000e+00 1.205242251756831766e-13
5.330000000000000000e+02 0.000000000000000000e+00 0.000000000000000000e+00 1.201320341317183787e-13
5.340000000000000000e+02 0.000000000000000000e+00 0.000000000000000000e+00 1.197421408696315237e-13
5.350000000000000000e+02 0.000000000000000000e+00 0.000000000000000000e+00 1.193545265450404550e-13
5.360000000000000000e+02 0.000000000000000000e+00 0.000000000000000000e+00 1.189691699285229996e-13
5.370000000000000000e+02 0.000000000000000000e+00 0.000000000000000000e+00 1.185860524768196980e-13
5.380000000000000000e+02 0.000000000000000000e+00 0.000000000000000000e+00 1.182051532375749064e-13
5.390000000000000000e+02 0.000000000000000000e+00 0.000000000000000000e+00 1.178264540218902803e-13
5.400000000000000000e+02 0.000000000000000000e+00 0.000000000000000000e+00 1.174499341825239793e-13
5.410000000000000000e+02 0.000000000000000000e+00 0.000000000000000000e+00 1.170755758107269806e-13
5.420000000000000000e+02 0.000000000000000000e+00 0.000000000000000000e+00 1.167033586221596379e-13
5.430000000000000000e+02 0.000000000000000000e+00 0.000000000000000000e+00 1.163332650093025322e-13
5.440000000000000000e+02 0.000000000000000000e+00 0.000000000000000000e+00 1.159652749837373569e-13
5.450000000000000000e+02 0.000000000000000000e+00 0.000000000000000000e+00 1.155993712448060315e-13
5.460000000000000000e+02 0.000000000000000000e+00 0.000000000000000000e+00 1.152355341687468700e-13
5.470000000000000000e+02 0.000000000000000000e+00 0.000000000000000000e+00 1.148737467190006848e-13
5.480000000000000000e+02 0.000000000000000000e+00 0.000000000000000000e+00 1.145139895670339672e-13
5.490000000000000000e+02 0.000000000000000000e+00 0.000000000000000000e+00 1.141562460168740474e-13
5.500000000000000000e+02 0.000000000000000000e+00 0.000000000000000000e+00 1.138004971075730463e-13
5.510000000000000000e+02 0.000000000000000000e+00 0.000000000000000000e+00 1.134467264147421896e-13
5.520000000000000000e+02 0.000000000000000000e+00 0.000000000000000000e+00 1.130949152789498930e-13
5.530000000000000000e+02 0.000000000000000000e+00 0.000000000000000000e+00 1.127450476204846550e-13
5.540000000000000000e+02 0.000000000000000000e+00 0.000000000000000000e+00 1.123971050591403877e-13
5.550000000000000000e+02 0.000000000000000000e+00 0.000000000000000000e+00 1.120510718407200304e-13
5.560000000000000000e+02 0.000000000000000000e+00 0.000000000000000000e+00 1.117069299341840301e-13
5.570000000000000000e+02 0.000000000000000000e+00 0.000000000000000000e+00 1.113646639100947196e-13
5.580000000000000000e+02 0.000000000000000000e+00 0.000000000000000000e+00 1.110242560304785376e-13
5.590000000000000000e+02 0.000000000000000000e+00 0.000000000000000000e+00 1.106856911450113832e-13
5.600000000000000000e+02 0.000000000000000000e+00 0.000000000000000000e+00 1.103489518743019857e-13
5.610000000000000000e+02 0.000000000000000000e+00 0.000000000000000000e+00 1.100140233690543288e-13
5.620000000000000000e+02 0.000000000000000000e+00 0.000000000000000000e+00 1.096808885907391677e-13
5.630000000000000000e+02 0.000000000000000000e+00 0.000000000000000000e+00 1.093495329565867484e-13
5.640000000000000000e+02 0.000000000000000000e+00 0.000000000000000000e+00 1.090199397694404281e-13
5.650000000000000000e+02 0.000000000000000000e+00 0.000000000000000000e+00 1.086920947794686046e-13
5.660000000000000000e+02 0.000000000000000000e+00 0.000000000000000000e+00 1.083659815856437041e-13
5.670000000000000000e+02 0.000000000000000000e+00 0.000000000000000000e+00 1.080415862562210797e-13
5.680000000000000000e+02 0.000000000000000000e+00 0.000000000000000000e+00 1.077188927101397732e-13
5.690000000000000000e+02 0.000000000000000000e+00 0.000000000000000000e+00 1.073978872928704143e-13
5.700000000000000000e+02 0.000000000000000000e+00 0.000000000000000000e+00 1.070785542881251140e-13
5.710000000000000000e+02 0.000000000000000000e+00 0.000000000000000000e+00 1.067608803375979439e-13
5.720000000000000000e+02 0.000000000000000000e+00 0.000000000000000000e+00 1.064448500292823871e-13
5.730000000000000000e+02 0.000000000000000000e+00 0.000000000000000000e+00 1.061304503085595280e-13
5.740000000000000000e+02 0.000000000000000000e+00 0.000000000000000000e+00 1.058176660863477061e-13
5.750000000000000000e+02 0.000000000000000000e+00 0.000000000000000000e+00 1.055064846119340946e-13
5.760000000000000000e+02 0.000000000000000000e+00 0.000000000000000000e+00 1.051968910806345664e-13
5.770000000000000000e+02 0.000000000000000000e+00 0.000000000000000000e+00 1.048888730860754432e-13
5.780000000000000000e+02 0.000000000000000000e+00 0.000000000000000000e+00 1.045824161304779990e-13
5.790000000000000000e+02 0.000000000000000000e+00 0.000000000000000000e+00 1.042775080911797673e-13
5.800000000000000000e+02 0.000000000000000000e+00 0.000000000000000000e+00 1.039741347808400181e-13
5.810000000000000000e+02 0.000000000000000000e+00 0.000000000000000000e+00 1.036722843792391315e-13
5.820000000000000000e+02 0.000000000000000000e+00 0.000000000000000000e+00 1.033719430481230169e-13
5.830000000000000000e+02 0.000000000000000000e+00 0.000000000000000000e+00 1.030730991891570313e-13
5.840000000000000000e+02 0.000000000000000000e+00 0.000000000000000000e+00 1.027757392955262361e-13
5.850000000000000000e+02 0.000000000000000000e+00 0.000000000000000000e+00 1.024798520698659368e-13
5.860000000000000000e+02 0.000000000000000000e+00 0.000000000000000000e+00 1.021854243279438623e-13
5.870000000000000000e+02 0.000000000000000000e+00 0.000000000000000000e+00 1.018924450233233639e-13
5.880000000000000000e+02 0.000000000000000000e+00 0.000000000000000000e+00 1.016009012545120738e-13
5.890000000000000000e+02 0.000000000000000000e+00 0.000000000000000000e+00 1.013107822768536100e-13
5.900000000000000000e+02 0.000000000000000000e+00 0.000000000000000000e+00 1.010220754867248374e-13
5.910000000000000000e+02 0.000000000000000000e+00 0.000000000000000000e+00 1.007347703911359957e-13
5.920000000000000000e+02 0.000000000000000000e+00 0.000000000000000000e+00 1.004488546830012324e-13
5.930000000000000000e+02 0.000000000000000000e+00 0.000000000000000000e+00 1.001643181331965556e-13
5.940000000000000000e+02 0.000000000000000000e+00 0.000000000000000000e+00 9.988114872782031989e-14
5.950000000000000000e+02 0.000000000000000000e+00 0.000000000000000000e+00 9.959933650381595610e-14
5.960000000000000000e+02 0.000000000000000000e+00 0.000000000000000000e+00 9.931886973566097930e-14
5.970000000000000000e+02 0.000000000000000000e+00 0.000000000000000000e+00 9.903973872415194195e-14
5.980000000000000000e+02 0.000000000000000000e+00 0.000000000000000000e+00 9.876193199051077905e-14
5.990000000000000000e+02 0.000000000000000000e+00 0.000000000000000000e+00 9.848544006228082640e-14
6.000000000000000000e+02 0.000000000000000000e+00 0.000000000000000000e+00 9.821025175595569080e-14
6.010000000000000000e+02 0.000000000000000000e+00 0.000000000000000000e+00 9.793635787140355210e-14
6.020000000000000000e+02 0.000000000000000000e+00 0.000000000000000000e+00 9.766374746874287707e-14
6.030000000000000000e+02 0.000000000000000000e+00 0.000000000000000000e+00 9.739241156524904591e-14
6.040000000000000000e+02 0.000000000000000000e+00 0.000000000000000000e+00 9.712233944262825939e-14
6.050000000000000000e+02 0.000000000000000000e+00 0.000000000000000000e+00 9.685352241307491713e-14
6.060000000000000000e+02 0.000000000000000000e+00 0.000000000000000000e+00 9.658594995906076205e-14
6.070000000000000000e+02 0.000000000000000000e+00 0.000000000000000000e+00 9.631961361772569842e-14
6.080000000000000000e+02 0.000000000000000000e+00 0.000000000000000000e+00 9.605450312445161328e-14
6.090000000000000000e+02 0.000000000000000000e+00 0.000000000000000000e+00 9.579061024267867373e-14
6.100000000000000000e+02 0.000000000000000000e+00 0.000000000000000000e+00 9.552792491054991247e-14
6.110000000000000000e+02 0.000000000000000000e+00 0.000000000000000000e+00 9.526643911604909872e-14
6.120000000000000000e+02 0.000000000000000000e+00 0.000000000000000000e+00 9.500614303919511326e-14
6.130000000000000000e+02 0.000000000000000000e+00 0.000000000000000000e+00 9.474702882166293324e-14
6.140000000000000000e+02 0.000000000000000000e+00 0.000000000000000000e+00 9.448908686839695122e-14
6.150000000000000000e+02 0.000000000000000000e+00 0.000000000000000000e+00 9.423230953453791794e-14
6.160000000000000000e+02 0.000000000000000000e+00 0.000000000000000000e+00 9.397668744002791690e-14
6.170000000000000000e+02 0.000000000000000000e+00 0.000000000000000000e+00 9.372221307340684208e-14
6.180000000000000000e+02 0.000000000000000000e+00 0.000000000000000000e+00 9.346887726625819929e-14
6.190000000000000000e+02 0.000000000000000000e+00 0.000000000000000000e+00 9.321667272877251080e-14
6.200000000000000000e+02 0.000000000000000000e+00 0.000000000000000000e+00 9.296559043310785396e-14
6.210000000000000000e+02 0.000000000000000000e+00 0.000000000000000000e+00 9.271562328249372247e-14
6.220000000000000000e+02 0.000000000000000000e+00 0.000000000000000000e+00 9.246676241808067787e-14
6.230000000000000000e+02 0.000000000000000000e+00 0.000000000000000000e+00 9.221900092419374283e-14
6.240000000000000000e+02 0.000000000000000000e+00 0.000000000000000000e+00 9.197233011086245543e-14
6.250000000000000000e+02 0.000000000000000000e+00 0.000000000000000000e+00 9.172674320793324935e-14
6.260000000000000000e+02 0.000000000000000000e+00 0.000000000000000000e+00 9.148223172279624134e-14
6.270000000000000000e+02 0.000000000000000000e+00 0.000000000000000000e+00 9.123878904042406779e-14
6.280000000000000000e+02 0.000000000000000000e+00 0.000000000000000000e+00 9.099640681665962572e-14
6.290000000000000000e+02 0.000000000000000000e+00 0.000000000000000000e+00 9.075507856099821728e-14
6.300000000000000000e+02 0.000000000000000000e+00 0.000000000000000000e+00 9.051479611384107755e-14
6.310000000000000000e+02 0.000000000000000000e+00 0.000000000000000000e+00 9.027555315032359905e-14
6.320000000000000000e+02 0.000000000000000000e+00 0.000000000000000000e+00 9.003734162096660973e-14
6.330000000000000000e+02 0.000000000000000000e+00 0.000000000000000000e+00 8.980015535179620338e-14
6.340000000000000000e+02 0.000000000000000000e+00 0.000000000000000000e+00 8.956398645593532553e-14
6.350000000000000000e+02 0.000000000000000000e+00 0.000000000000000000e+00 8.932882887395715416e-14
6.360000000000000000e+02 0.000000000000000000e+00 0.000000000000000000e+00 8.909467486999945859e-14
6.370000000000000000e+02 0.000000000000000000e+00 0.000000000000000000e+00 8.886151850904829834e-14
6.380000000000000000e+02 0.000000000000000000e+00 0.000000000000000000e+00 8.862935220311336893e-14
6.390000000000000000e+02 0.000000000000000000e+00 0.000000000000000000e+00 8.839817011403553198e-14
6.400000000000000000e+02 0.000000000000000000e+00 0.000000000000000000e+00 8.816796482581059967e-14
6.410000000000000000e+02 0.000000000000000000e+00 0.000000000000000000e+00 8.793873061008301510e-14
6.420000000000000000e+02 0.000000000000000000e+00 0.000000000000000000e+00 8.771046017347733371e-14
6.430000000000000000e+02 0.000000000000000000e+00 0.000000000000000000e+00 8.748314790340870072e-14
6.440000000000000000e+02 0.000000000000000000e+00 0.000000000000000000e+00 8.725678663834857634e-14
6.450000000000000000e+02 0.000000000000000000e+00 0.000000000000000000e+00 8.703137087749422618e-14
6.460000000000000000e+02 0.000000000000000000e+00 0.000000000000000000e+00 8.680689359230878495e-14
6.470000000000000000e+02 0.000000000000000000e+00 0.000000000000000000e+00 8.658334939361968510e-14
6.480000000000000000e+02 0.000000000000000000e+00 0.000000000000000000e+00 8.636073135534626810e-14
6.490000000000000000e+02 0.000000000000000000e+00 0.000000000000000000e+00 8.613903420106822162e-14
6.500000000000000000e+02 0.000000000000000000e+00 0.000000000000000000e+00 8.591825111827529839e-14
6.510000000000000000e+02 0.000000000000000000e+00 0.000000000000000000e+00 8.569837696700467362e-14
6.520000000000000000e+02 0.000000000000000000e+00 0.000000000000000000e+00 8.547940505248728833e-14
6.530000000000000000e+02 0.000000000000000000e+00 0.000000000000000000e+00 8.526133030382993675e-14
6.540000000000000000e+02 0.000000000000000000e+00 0.000000000000000000e+00 8.504414616889964586e-14
6.550000000000000000e+02 0.000000000000000000e+00 0.000000000000000000e+00 8.482784766738823387e-14
6.560000000000000000e+02 0.000000000000000000e+00 0.000000000000000000e+00 8.461242837627310563e-14
6.570000000000000000e+02 0.000000000000000000e+00 0.000000000000000000e+00 8.439788343715179686e-14
6.580000000000000000e+02 0.000000000000000000e+00 0.000000000000000000e+00 8.418420649930332612e-14
6.590000000000000000e+02 0.000000000000000000e+00 0.000000000000000000e+00 8.397139281460143298e-14
6.600000000000000000e+02 0.000000000000000000e+00 0.000000000000000000e+00 8.375943615584464837e-14
6.610000000000000000e+02 0.000000000000000000e+00 0.000000000000000000e+00 8.354833185309447747e-14
6.620000000000000000e+02 0.000000000000000000e+00 0.000000000000000000e+00 8.333807381921284090e-14
6.630000000000000000e+02 0.000000000000000000e+00 0.000000000000000000e+00 8.312865747723054622e-14
6.640000000000000000e+02 0.000000000000000000e+00 0.000000000000000000e+00 8.292007681648321745e-14
6.650000000000000000e+02 0.000000000000000000e+00 0.000000000000000000e+00 8.271232737639878293e-14
6.660000000000000000e+02 0.000000000000000000e+00 0.000000000000000000e+00 8.250540326946604466e-14
6.670000000000000000e+02 0.000000000000000000e+00 0.000000000000000000e+00 8.229930011357434927e-14
6.680000000000000000e+02 0.000000000000000000e+00 0.000000000000000000e+00 8.209401211304138597e-14
6.690000000000000000e+02 0.000000000000000000e+00 0.000000000000000000e+00 8.188953502553971294e-14
6.700000000000000000e+02 0.000000000000000000e+00 0.000000000000000000e+00 8.168586313064798482e-14
6.710000000000000000e+02 0.000000000000000000e+00 0.000000000000000000e+00 8.148299227512834328e-14
6.720000000000000000e+02 0.000000000000000000e+00 0.000000000000000000e+00 8.128091687667650454e-14
6.730000000000000000e+02 0.000000000000000000e+00 0.000000000000000000e+00 8.107963285659892396e-14
6.740000000000000000e+02 0.000000000000000000e+00 0.000000000000000000e+00 8.087913472358305316e-14
6.750000000000000000e+02 0.000000000000000000e+00 0.000000000000000000e+00 8.067941851323018551e-14
6.760000000000000000e+02 0.000000000000000000e+00 0.000000000000000000e+00 8.048047883334173351e-14
6.770000000000000000e+02 0.000000000000000000e+00 0.000000000000000000e+00 8.028231181818278319e-14
6.780000000000000000e+02 0.000000000000000000e+00 0.000000000000000000e+00 8.008491217412642602e-14
6.790000000000000000e+02 0.000000000000000000e+00 0.000000000000000000e+00 7.988827611368956916e-14
6.800000000000000000e+02 0.000000000000000000e+00 0.000000000000000000e+00 7.969239846751689747e-14
6.810000000000000000e+02 0.000000000000000000e+00 0.000000000000000000e+00 7.949727550737552476e-14
6.820000000000000000e+02 0.000000000000000000e+00 0.000000000000000000e+00 7.930290220004512450e-14
6.830000000000000000e+02 0.000000000000000000e+00 0.000000000000000000e+00 7.910927489514779036e-14
6.840000000000000000e+02 0.000000000000000000e+00 0.000000000000000000e+00 7.891638865355783041e-14
6.850000000000000000e+02 0.000000000000000000e+00 0.000000000000000000e+00 7.872423992700026162e-14
6.860000000000000000e+02 0.000000000000000000e+00 0.000000000000000000e+00 7.853282387972884374e-14
6.870000000000000000e+02 0.000000000000000000e+00 0.000000000000000000e+00 7.834213705739434900e-14
6.880000000000000000e+02 0.000000000000000000e+00 0.000000000000000000e+00 7.815217470362933125e-14
6.890000000000000000e+02 0.000000000000000000e+00 0.000000000000000000e+00 7.796293349705271023e-14
6.900000000000000000e+02 0.000000000000000000e+00 0.000000000000000000e+00 7.777440875001215101e-14
6.910000000000000000e+02 0.000000000000000000e+00 0.000000000000000000e+00 7.758659723211592323e-14
6.920000000000000000e+02 0.000000000000000000e+00 0.000000000000000000e+00 7.739949438093039811e-14
6.930000000000000000e+02 0.000000000000000000e+00 0.000000000000000000e+00 7.721309705358736948e-14
6.940000000000000000e+02 0.000000000000000000e+00 0.000000000000000000e+00 7.702740077558475689e-14
6.950000000000000000e+02 0.000000000000000000e+00 0.000000000000000000e+00 7.684240247847371229e-14
6.960000000000000000e+02 0.000000000000000000e+00 0.000000000000000000e+00 7.665809781794124045e-14
6.970000000000000000e+02 0.000000000000000000e+00 0.000000000000000000e+00 7.647448380660698960e-14
6.980000000000000000e+02 0.000000000000000000e+00 0.000000000000000000e+00 7.629155619080369921e-14
6.990000000000000000e+02 0.000000000000000000e+00 0.000000000000000000e+00 7.610931208773119127e-14
7.000000000000000000e+02 0.000000000000000000e+00 0.000000000000000000e+00 7.592774734031905611e-14
7.010000000000000000e+02 0.000000000000000000e+00 0.000000000000000000e+00 7.574685915458120374e-14
7.020000000000000000e+02 0.000000000000000000e+00 0.000000000000000000e+00 7.556664347280328364e-14
7.030000000000000000e+02 0.000000000000000000e+00 0.000000000000000000e+00 7.538709758833960070e-14
7.040000000000000000e+02 0.000000000000000000e+00 0.000000000000000000e+00 7.520821753812872532e-14
7.050000000000000000e+02 0.000000000000000000e+00 0.000000000000000000e+00 7.503000070254826042e-14
7.060000000000000000e+02 0.000000000000000000e+00 0.000000000000000000e+00 7.485244322831258998e-14
7.070000000000000000e+02 0.000000000000000000e+00 0.000000000000000000e+00 7.467554258305108175e-14
7.080000000000000000e+02 0.000000000000000000e+00 0.000000000000000000e+00 7.449929499315188467e-14
7.090000000000000000e+02 0.000000000000000000e+00 0.000000000000000000e+00 7.432369802918402506e-14
7.100000000000000000e+02 0.000000000000000000e+00 0.000000000000000000e+00 7.414874800637898457e-14
7.110000000000000000e+02 0.000000000000000000e+00 0.000000000000000000e+00 7.397444256438670502e-14
7.120000000000000000e+02 0.000000000000000000e+00 0.000000000000000000e+00 7.380077812437483687e-14
7.130000000000000000e+02 0.000000000000000000e+00 0.000000000000000000e+00 7.362775242297477091e-14
7.140000000000000000e+02 0.000000000000000000e+00 0.000000000000000000e+00 7.345536197483507104e-14
7.150000000000000000e+02 0.000000000000000000e+00 0.000000000000000000e+00 7.328360458318498708e-14
7.160000000000000000e+02 0.000000000000000000e+00 0.000000000000000000e+00 7.311247685167098187e-14
7.170000000000000000e+02 0.000000000000000000e+00 0.000000000000000000e+00 7.294197667526830526e-14
7.180000000000000000e+02 0.000000000000000000e+00 0.000000000000000000e+00 7.277210076068465159e-14
7.190000000000000000e+02 0.000000000000000000e+00 0.000000000000000000e+00 7.260284706737631936e-14
7.200000000000000000e+02 0.000000000000000000e+00 0.000000000000000000e+00 7.243421239271695770e-14
7.210000000000000000e+02 0.000000000000000000e+00 0.000000000000000000e+00 7.226619477895246657e-14
7.220000000000000000e+02 0.000000000000000000e+00 0.000000000000000000e+00 7.209879111204188919e-14
7.230000000000000000e+02 0.000000000000000000e+00 0.000000000000000000e+00 7.193199949020422726e-14
7.240000000000000000e+02 0.000000000000000000e+00 0.000000000000000000e+00 7.176581690015225533e-14
7.250000000000000000e+02 0.000000000000000000e+00 0.000000000000000000e+00 7.160024151549599529e-14
7.260000000000000000e+02 0.000000000000000000e+00 0.000000000000000000e+00 7.143527039476917298e-14
7.270000000000000000e+02 0.000000000000000000e+00 0.000000000000000000e+00 7.127090179602904202e-14
7.280000000000000000e+02 0.000000000000000000e+00 0.000000000000000000e+00 7.110713283390929143e-14
7.290000000000000000e+02 0.000000000000000000e+00 0.000000000000000000e+00 7.094396185482915091e-14
7.300000000000000000e+02 0.000000000000000000e+00 0.000000000000000000e+00 7.078138605075015357e-14
7.310000000000000000e+02 0.000000000000000000e+00 0.000000000000000000e+00 7.061940382505844413e-14
7.320000000000000000e+02 0.000000000000000000e+00 0.000000000000000000e+00 7.045801245275629262e-14
7.330000000000000000e+02 0.000000000000000000e+00 0.000000000000000000e+00 7.029721039609464449e-14
7.340000000000000000e+02 0.000000000000000000e+00 0.000000000000000000e+00 7.013699498486767538e-14
7.350000000000000000e+02 0.000000000000000000e+00 0.000000000000000000e+00 6.997736475028314894e-14
7.360000000000000000e+02 0.000000000000000000e+00 0.000000000000000000e+00 6.981831709438101578e-14
7.370000000000000000e+02 0.000000000000000000e+00 0.000000000000000000e+00 6.965985060752421684e-14
7.380000000000000000e+02 0.000000000000000000e+00 0.000000000000000000e+00 6.950196273382305869e-14
7.390000000000000000e+02 0.000000000000000000e+00 0.000000000000000000e+00 6.934465213251305016e-14
7.400000000000000000e+02 0.000000000000000000e+00 0.000000000000000000e+00 6.918791629678048137e-14
7.410000000000000000e+02 0.000000000000000000e+00 0.000000000000000000e+00 6.903175393747599229e-14
7.420000000000000000e+02 0.000000000000000000e+00 0.000000000000000000e+00 6.887616262403191749e-14
7.430000000000000000e+02 0.000000000000000000e+00 0.000000000000000000e+00 6.872114109982119607e-14
7.440000000000000000e+02 0.000000000000000000e+00 0.000000000000000000e+00 6.856668697200376986e-14
7.450000000000000000e+02 0.000000000000000000e+00 0.000000000000000000e+00 6.841279904969485741e-14
7.460000000000000000e+02 0.000000000000000000e+00 0.000000000000000000e+00 6.825947498208588146e-14
7.470000000000000000e+02 0.000000000000000000e+00 0.000000000000000000e+00 6.810671361948021759e-14
7.480000000000000000e+02 0.000000000000000000e+00 0.000000000000000000e+00 6.795451265090479526e-14
7.490000000000000000e+02 0.000000000000000000e+00 0.000000000000000000e+00 6.780287096229534490e-14
7.500000000000000000e+02 0.000000000000000000e+00 0.000000000000000000e+00 6.765178630078480088e-14
7.510000000000000000e+02 0.000000000000000000e+00 0.000000000000000000e+00 6.750125757192844494e-14
7.520000000000000000e+02 0.000000000000000000e+00 0.000000000000000000e+00 6.735128254891559006e-14
7.530000000000000000e+02 0.000000000000000000e+00 0.000000000000000000e+00 6.720186018412291184e-14
7.540000000000000000e+02 0.000000000000000000e+00 0.000000000000000000e+00 6.705298827790396551e-14
7.550000000000000000e+02 0.000000000000000000e+00 0.000000000000000000e+00 6.690466579870000469e-14
7.560000000000000000e+02 0.000000000000000000e+00 0.000000000000000000e+00 6.675689059501628825e-14
7.570000000000000000e+02 0.000000000000000000e+00 0.000000000000000000e+00 6.660966165095542004e-14
7.580000000000000000e+02 0.000000000000000000e+00 0.000000000000000000e+00 6.646297683523928327e-14
7.590000000000000000e+02 0.000000000000000000e+00 0.000000000000000000e+00 6.631683515559507360e-14
7.600000000000000000e+02 0.000000000000000000e+00 0.000000000000000000e+00 6.617123451221489798e-14
7.610000000000000000e+02 0.000000000000000000e+00 0.000000000000000000e+00 6.602617392846199563e-14
7.620000000000000000e+02 0.000000000000000000e+00 0.000000000000000000e+00 6.588165130778641855e-14
7.630000000000000000e+02 0.000000000000000000e+00 0.000000000000000000e+00 6.573766569848732443e-14
7.640000000000000000e+02 0.000000000000000000e+00 0.000000000000000000e+00 6.559421502538628196e-14
7.650000000000000000e+02 0.000000000000000000e+00 0.000000000000000000e+00 6.545129833084647880e-14
7.660000000000000000e+02 0.000000000000000000e+00 0.000000000000000000e+00 6.530891356631640433e-14
7.670000000000000000e+02 0.000000000000000000e+00 0.000000000000000000e+00 6.516705977338333524e-14
7.680000000000000000e+02 0.000000000000000000e+00 0.000000000000000000e+00 6.502573492972767057e-14
7.690000000000000000e+02 0.000000000000000000e+00 0.000000000000000000e+00 6.488493806866243223e-14
7.700000000000000000e+02 0.000000000000000000e+00 0.000000000000000000e+00 6.474466715548183022e-14
7.710000000000000000e+02 0.000000000000000000e+00 0.000000000000000000e+00 6.460492125613666217e-14
7.720000000000000000e+02 0.000000000000000000e+00 0.000000000000000000e+00 6.446569832864075973e-14
7.730000000000000000e+02 0.000000000000000000e+00 0.000000000000000000e+00 6.432699742067018142e-14
7.740000000000000000e+02 0.000000000000000000e+00 0.000000000000000000e+00 6.418881650831375840e-14
7.750000000000000000e+02 0.000000000000000000e+00 0.000000000000000000e+00 6.405115464024459367e-14
7.760000000000000000e+02 0.000000000000000000e+00 0.000000000000000000e+00 6.391400978302169999e-14
7.770000000000000000e+02 0.000000000000000000e+00 0.000000000000000000e+00 6.377738099033943778e-14
7.780000000000000000e+02 0.000000000000000000e+00 0.000000000000000000e+00 6.364126622030233875e-14
7.790000000000000000e+02 0.000000000000000000e+00 0.000000000000000000e+00 6.350566450499863306e-14
7.800000000000000000e+02 0.000000000000000000e+00 0.000000000000000000e+00 6.337057381807357632e-14
7.810000000000000000e+02 0.000000000000000000e+00 0.000000000000000000e+00 6.323599317403589217e-14
7.820000000000000000e+02 0.000000000000000000e+00 0.000000000000000000e+00 6.310192053242181280e-14
7.830000000000000000e+02 0.000000000000000000e+00 0.000000000000000000e+00 6.296835490075281158e-14
7.840000000000000000e+02 0.000000000000000000e+00 0.000000000000000000e+00 6.283529423673130309e-14
7.850000000000000000e+02 0.000000000000000000e+00 0.000000000000000000e+00 6.270273751914170651e-14
7.860000000000000000e+02 0.000000000000000000e+00 0.000000000000000000e+00 6.257068269729950709e-14
7.870000000000000000e+02 0.000000000000000000e+00 0.000000000000000000e+00 6.243912874798584643e-14
7.880000000000000000e+02 0.000000000000000000e+00 0.000000000000000000e+00 6.230807359338652595e-14
7.890000000000000000e+02 0.000000000000000000e+00 0.000000000000000000e+00 6.217751619739868280e-14
7.900000000000000000e+02 0.000000000000000000e+00 0.000000000000000000e+00 6.204745447043522135e-14
7.910000000000000000e+02 0.000000000000000000e+00 0.000000000000000000e+00 6.191788735659808281e-14
7.920000000000000000e+02 0.000000000000000000e+00 0.000000000000000000e+00 6.178881274811519850e-14
7.930000000000000000e+02 0.000000000000000000e+00 0.000000000000000000e+00 6.166022957964810391e-14
7.940000000000000000e+02 0.000000000000000000e+00 0.000000000000000000e+00 6.153213571038613755e-14
7.950000000000000000e+02 0.000000000000000000e+00 0.000000000000000000e+00 6.140453005291682807e-14
7.960000000000000000e+02 0.000000000000000000e+00 0.000000000000000000e+00 6.127741046166849232e-14
7.970000000000000000e+02 0.000000000000000000e+00 0.000000000000000000e+00 6.115077581478705491e-14
7.980000000000000000e+02 0.000000000000000000e+00 0.000000000000000000e+00 6.102462394715205168e-14
7.990000000000000000e+02 0.000000000000000000e+00 0.000000000000000000e+00 6.089895371597059019e-14
8.000000000000000000e+02 0.000000000000000000e+00 0.000000000000000000e+00 6.077376292293356581e-14
8.010000000000000000e+02 0.000000000000000000e+00 0.000000000000000000e+00 6.064905040782651586e-14
8.020000000000000000e+02 0.000000000000000000e+00 0.000000000000000000e+00 6.052481395549067064e-14
8.030000000000000000e+02 0.000000000000000000e+00 0.000000000000000000e+00 6.040105235761755800e-14
8.040000000000000000e+02 0.000000000000000000e+00 0.000000000000000000e+00 6.027776338558713429e-14
8.050000000000000000e+02 0.000000000000000000e+00 0.000000000000000000e+00 6.015494580496124147e-14
8.060000000000000000e+02 0.000000000000000000e+00 0.000000000000000000e+00 6.003259737574480242e-14
8.070000000000000000e+02 0.000000000000000000e+00 0.000000000000000000e+00 5.991071682002295976e-14
8.080000000000000000e+02 0.000000000000000000e+00 0.000000000000000000e+00 5.978930186867370821e-14
8.090000000000000000e+02 0.000000000000000000e+00 0.000000000000000000e+00 5.966835122665913771e-14
8.100000000000000000e+02 0.000000000000000000e+00 0.000000000000000000e+00 5.954786259619709324e-14
8.110000000000000000e+02 0.000000000000000000e+00 0.000000000000000000e+00 5.942783464363149031e-14
8.120000000000000000e+02 0.000000000000000000e+00 0.000000000000000000e+00 5.930826504295964059e-14
8.130000000000000000e+02 0.000000000000000000e+00 0.000000000000000000e+00 5.918915243508892369e-14
8.140000000000000000e+02 0.000000000000000000e+00 0.000000000000000000e+00 5.907049447453390737e-14
8.150000000000000000e+02 0.000000000000000000e+00 0.000000000000000000e+00 5.895228976068279555e-14
8.160000000000000000e+02 0.000000000000000000e+00 0.000000000000000000e+00 5.883453592517674908e-14
8.170000000000000000e+02 0.000000000000000000e+00 0.000000000000000000e+00 5.871723153907651950e-14
8.180000000000000000e+02 0.000000000000000000e+00 0.000000000000000000e+00 5.860037419723358445e-14
8.190000000000000000e+02 0.000000000000000000e+00 0.000000000000000000e+00 5.848396245175221646e-14
8.200000000000000000e+02 0.000000000000000000e+00 0.000000000000000000e+00 5.836799386384245919e-14
8.210000000000000000e+02 0.000000000000000000e+00 0.000000000000000000e+00 5.825246694851599197e-14
8.220000000000000000e+02 0.000000000000000000e+00 0.000000000000000000e+00 5.813737924680550045e-14
8.230000000000000000e+02 0.000000000000000000e+00 0.000000000000000000e+00 5.802272924893926704e-14
8.240000000000000000e+02 0.000000000000000000e+00 0.000000000000000000e+00 5.790851446111937028e-14
8.250000000000000000e+02 0.000000000000000000e+00 0.000000000000000000e+00 5.779473334415012354e-14
8.260000000000000000e+02 0.000000000000000000e+00 0.000000000000000000e+00 5.768138337359114286e-14
8.270000000000000000e+02 0.000000000000000000e+00 0.000000000000000000e+00 5.756846298148792747e-14
8.280000000000000000e+02 0.000000000000000000e+00 0.000000000000000000e+00 5.745596962261036475e-14
8.290000000000000000e+02 0.000000000000000000e+00 0.000000000000000000e+00 5.734390169071470296e-14
8.300000000000000000e+02 0.000000000000000000e+00 0.000000000000000000e+00 5.723225661731287496e-14
8.310000000000000000e+02 0.000000000000000000e+00 0.000000000000000000e+00 5.712103277299845626e-14
8.320000000000000000e+02 0.000000000000000000e+00 0.000000000000000000e+00 5.701022755647743147e-14
8.330000000000000000e+02 0.000000000000000000e+00 0.000000000000000000e+00 5.689983932266046790e-14
8.340000000000000000e+02 0.000000000000000000e+00 0.000000000000000000e+00 5.678986544335158836e-14
8.350000000000000000e+02 0.000000000000000000e+00 0.000000000000000000e+00 5.668030424336375346e-14
8.360000000000000000e+02 0.000000000000000000e+00 0.000000000000000000e+00 5.657115307991296623e-14
8.370000000000000000e+02 0.000000000000000000e+00 0.000000000000000000e+00 5.646241024122548745e-14
8.380000000000000000e+02 0.000000000000000000e+00 0.000000000000000000e+00 5.635407307815900030e-14
8.390000000000000000e+02 0.000000000000000000e+00 0.000000000000000000e+00 5.624613984930860378e-14
8.400000000000000000e+02 0.000000000000000000e+00 0.000000000000000000e+00 5.613860788430671916e-14
8.410000000000000000e+02 0.000000000000000000e+00 0.000000000000000000e+00 5.603147541657622211e-14
8.420000000000000000e+02 0.000000000000000000e+00 0.000000000000000000e+00 5.592473976738175181e-14
8.430000000000000000e+02 0.000000000000000000e+00 0.000000000000000000e+00 5.581839914850317916e-14
8.440000000000000000e+02 0.000000000000000000e+00 0.000000000000000000e+00 5.571245086099400946e-14
8.450000000000000000e+02 0.000000000000000000e+00 0.000000000000000000e+00 5.560689310541216331e-14
8.460000000000000000e+02 0.000000000000000000e+00 0.000000000000000000e+00 5.550172315960990745e-14
8.470000000000000000e+02 0.000000000000000000e+00 0.000000000000000000e+00 5.539693921092990586e-14
8.480000000000000000e+02 0.000000000000000000e+00 0.000000000000000000e+00 5.529253853115749799e-14
8.490000000000000000e+02 0.000000000000000000e+00 0.000000000000000000e+00 5.518851928495417055e-14
8.500000000000000000e+02 0.000000000000000000e+00 0.000000000000000000e+00 5.508487872760188896e-14
8.510000000000000000e+02 0.000000000000000000e+00 0.000000000000000000e+00 5.498161501769017654e-14
8.520000000000000000e+02 0.000000000000000000e+00 0.000000000000000000e+00 5.487872540885671599e-14
8.530000000000000000e+02 0.000000000000000000e+00 0.000000000000000000e+00 5.477620804364748679e-14
8.540000000000000000e+02 0.000000000000000000e+00 0.000000000000000000e+00 5.467406016324583128e-14
8.550000000000000000e+02 0.000000000000000000e+00 0.000000000000000000e+00 5.457227989941316734e-14
8.560000000000000000e+02 0.000000000000000000e+00 0.000000000000000000e+00 5.447086449716032099e-14
8.570000000000000000e+02 0.000000000000000000e+00 0.000000000000000000e+00 5.436981208005039427e-14
8.580000000000000000e+02 0.000000000000000000e+00 0.000000000000000000e+00 5.426911988556104596e-14
8.590000000000000000e+02 0.000000000000000000e+00 0.000000000000000000e+00 5.416878603292059372e-14
8.600000000000000000e+02 0.000000000000000000e+00 0.000000000000000000e+00 5.406880775838436582e-14
8.610000000000000000e+02 0.000000000000000000e+00 0.000000000000000000e+00 5.396918317833652082e-14
8.620000000000000000e+02 0.000000000000000000e+00 0.000000000000000000e+00 5.386990953098543620e-14
8.630000000000000000e+02 0.000000000000000000e+00 0.000000000000000000e+00 5.377098492312105583e-14
8.640000000000000000e+02 0.000000000000000000e+00 0.000000000000000000e+00 5.367240659751568355e-14
8.650000000000000000e+02 0.000000000000000000e+00 0.000000000000000000e+00 5.357417265995579432e-14
8.660000000000000000e+02 0.000000000000000000e+00 0.000000000000000000e+00 5.347628035953851995e-14
8.670000000000000000e+02 0.000000000000000000e+00 0.000000000000000000e+00 5.337872780385264907e-14
8.680000000000000000e+02 0.000000000000000000e+00 0.000000000000000000e+00 5.328151224304506648e-14
8.690000000000000000e+02 0.000000000000000000e+00 0.000000000000000000e+00 5.318463179767448169e-14
8.700000000000000000e+02 0.000000000000000000e+00 0.000000000000000000e+00 5.308808371747432173e-14
8.710000000000000000e+02 0.000000000000000000e+00 0.000000000000000000e+00 5.299186613337327660e-14
8.720000000000000000e+02 0.000000000000000000e+00 0.000000000000000000e+00 5.289597630259481831e-14
8.730000000000000000e+02 0.000000000000000000e+00 0.000000000000000000e+00 5.280041236025829948e-14
8.740000000000000000e+02 0.000000000000000000e+00 0.000000000000000000e+00 5.270517158211022046e-14
8.750000000000000000e+02 0.000000000000000000e+00 0.000000000000000000e+00 5.261025210538656129e-14
8.760000000000000000e+02 0.000000000000000000e+00 0.000000000000000000e+00 5.251565121501385978e-14
8.770000000000000000e+02 0.000000000000000000e+00 0.000000000000000000e+00 5.242136706540595237e-14
8.780000000000000000e+02 0.000000000000000000e+00 0.000000000000000000e+00 5.232739695754862855e-14
8.790000000000000000e+02 0.000000000000000000e+00 0.000000000000000000e+00 5.223373904590753714e-14
8.800000000000000000e+02 0.000000000000000000e+00 0.000000000000000000e+00 5.214039065742050834e-14
8.810000000000000000e+02 0.000000000000000000e+00 0.000000000000000000e+00 5.204734995720630312e-14
8.820000000000000000e+02 0.000000000000000000e+00 0.000000000000000000e+00 5.195461429756808183e-14
8.830000000000000000e+02 0.000000000000000000e+00 0.000000000000000000e+00 5.186218184983948517e-14
8.840000000000000000e+02 0.000000000000000000e+00 0.000000000000000000e+00 5.177004998424964140e-14
8.850000000000000000e+02 0.000000000000000000e+00 0.000000000000000000e+00 5.167821689383395037e-14
8.860000000000000000e+02 0.000000000000000000e+00 0.000000000000000000e+00 5.158667997223324700e-14
8.870000000000000000e+02 0.000000000000000000e+00 0.000000000000000000e+00 5.149543742605265137e-14
8.880000000000000000e+02 0.000000000000000000e+00 0.000000000000000000e+00 5.140448666748956911e-14
8.890000000000000000e+02 0.000000000000000000e+00 0.000000000000000000e+00 5.131382592150224062e-14
8.900000000000000000e+02 0.000000000000000000e+00 0.000000000000000000e+00 5.122345262589543685e-14
8.910000000000000000e+02 0.000000000000000000e+00 0.000000000000000000e+00 5.113336502699457303e-14
8.920000000000000000e+02 0.000000000000000000e+00 0.000000000000000000e+00 5.104356058270660915e-14
8.930000000000000000e+02 0.000000000000000000e+00 0.000000000000000000e+00 5.095403756430682595e-14
8.940000000000000000e+02 0.000000000000000000e+00 0.000000000000000000e+00 5.086479345590064536e-14
8.950000000000000000e+02 0.000000000000000000e+00 0.000000000000000000e+00 5.077582654808638240e-14
8.960000000000000000e+02 0.000000000000000000e+00 0.000000000000000000e+00 5.068713435472919246e-14
8.970000000000000000e+02 0.000000000000000000e+00 0.000000000000000000e+00 5.059871519114044636e-14
8.980000000000000000e+02 0.000000000000000000e+00 0.000000000000000000e+00 5.051056660272809212e-14
8.990000000000000000e+02 0.000000000000000000e+00 0.000000000000000000e+00 5.042268692629828783e-14
9.000000000000000000e+02 0.000000000000000000e+00 0.000000000000000000e+00 5.033507373266455619e-14
9.010000000000000000e+02 0.000000000000000000e+00 0.000000000000000000e+00 5.024772539275399050e-14
9.020000000000000000e+02 0.000000000000000000e+00 0.000000000000000000e+00 5.016063950286933897e-14
9.030000000000000000e+02 0.000000000000000000e+00 0.000000000000000000e+00 5.007381446607571147e-14
9.040000000000000000e+02 0.000000000000000000e+00 0.000000000000000000e+00 4.998724790960062996e-14
9.050000000000000000e+02 0.000000000000000000e+00 0.000000000000000000e+00 4.990093825596658474e-14
9.060000000000000000e+02 0.000000000000000000e+00 0.000000000000000000e+00 4.981488317396913868e-14
9.070000000000000000e+02 0.000000000000000000e+00 0.000000000000000000e+00 4.972908110686780851e-14
9.080000000000000000e+02 0.000000000000000000e+00 0.000000000000000000e+00 4.964352976365558689e-14
9.090000000000000000e+02 0.000000000000000000e+00 0.000000000000000000e+00 4.955822761502609266e-14
9.100000000000000000e+02 0.000000000000000000e+00 0.000000000000000000e+00 4.947317240338147394e-14
9.110000000000000000e+02 0.000000000000000000e+00 0.000000000000000000e+00 4.938836263102016562e-14
9.120000000000000000e+02 0.000000000000000000e+00 0.000000000000000000e+00 4.930379607823189776e-14
9.130000000000000000e+02 0.000000000000000000e+00 0.000000000000000000e+00 4.921947127289819255e-14
9.140000000000000000e+02 0.000000000000000000e+00 0.000000000000000000e+00 4.913538603569383886e-14
9.150000000000000000e+02 0.000000000000000000e+00 0.000000000000000000e+00 4.905153891909469426e-14
9.160000000000000000e+02 0.000000000000000000e+00 0.000000000000000000e+00 4.896792778456562017e-14
9.170000000000000000e+02 0.000000000000000000e+00 0.000000000000000000e+00 4.888455121499693065e-14
9.180000000000000000e+02 0.000000000000000000e+00 0.000000000000000000e+00 4.880140710755239028e-14
9.190000000000000000e+02 0.000000000000000000e+00 0.000000000000000000e+00 4.871849407791610027e-14
9.200000000000000000e+02 0.000000000000000000e+00 0.000000000000000000e+00 4.863581005595386472e-14
9.210000000000000000e+02 0.000000000000000000e+00 0.000000000000000000e+00 4.855335369346029667e-14
9.220000000000000000e+02 0.000000000000000000e+00 0.000000000000000000e+00 4.847112295027783888e-14
9.230000000000000000e+02 0.000000000000000000e+00 0.000000000000000000e+00 4.838911651411997983e-14
9.240000000000000000e+02 0.000000000000000000e+00 0.000000000000000000e+00 4.830733238313445554e-14
9.250000000000000000e+02 0.000000000000000000e+00 0.000000000000000000e+00 4.822576928261835993e-14
9.260000000000000000e+02 0.000000000000000000e+00 0.000000000000000000e+00 4.814442524871682673e-14
9.270000000000000000e+02 0.000000000000000000e+00 0.000000000000000000e+00 4.806329903136246378e-14
9.280000000000000000e+02 0.000000000000000000e+00 0.000000000000000000e+00 4.798238870761548974e-14
9.290000000000000000e+02 0.000000000000000000e+00 0.000000000000000000e+00 4.790169306606973977e-14
9.300000000000000000e+02 0.000000000000000000e+00 0.000000000000000000e+00 4.782121021861573040e-14
9.310000000000000000e+02 0.000000000000000000e+00 0.000000000000000000e+00 4.774093898511899893e-14
9.320000000000000000e+02 0.000000000000000000e+00 0.000000000000000000e+00 4.766087750896135138e-14
9.330000000000000000e+02 0.000000000000000000e+00 0.000000000000000000e+00 4.758102465153201302e-14
9.340000000000000000e+02 0.000000000000000000e+00 0.000000000000000000e+00 4.750137859374354794e-14
9.350000000000000000e+02 0.000000000000000000e+00 0.000000000000000000e+00 4.742193822977675348e-14
9.360000000000000000e+02 0.000000000000000000e+00 0.000000000000000000e+00 4.734270177225425642e-14
9.370000000000000000e+02 0.000000000000000000e+00 0.000000000000000000e+00 4.726366815193168315e-14
9.380000000000000000e+02 0.000000000000000000e+00 0.000000000000000000e+00 4.718483561688950663e-14
9.390000000000000000e+02 0.000000000000000000e+00 0.000000000000000000e+00 4.710620312865229855e-14
9.400000000000000000e+02 0.000000000000000000e+00 0.000000000000000000e+00 4.702776897383573710e-14
9.410000000000000000e+02 0.000000000000000000e+00 0.000000000000000000e+00 4.694953215359772510e-14
9.420000000000000000e+02 0.000000000000000000e+00 0.000000000000000000e+00 4.687149098113460260e-14
9.430000000000000000e+02 0.000000000000000000e+00 0.000000000000000000e+00 4.679364449518787789e-14
9.440000000000000000e+02 0.000000000000000000e+00 0.000000000000000000e+00 4.671599104174504025e-14
9.450000000000000000e+02 0.000000000000000000e+00 0.000000000000000000e+00 4.663852969219883482e-14
9.460000000000000000e+02 0.000000000000000000e+00 0.000000000000000000e+00 4.656125883180897935e-14
9.470000000000000000e+02 0.000000000000000000e+00 0.000000000000000000e+00 4.648417756170969507e-14
9.480000000000000000e+02 0.000000000000000000e+00 0.000000000000000000e+00 4.640728430596294379e-14
9.490000000000000000e+02 0.000000000000000000e+00 0.000000000000000000e+00 4.633057819771124935e-14
9.500000000000000000e+02 0.000000000000000000e+00 0.000000000000000000e+00 4.625405769355687766e-14
9.510000000000000000e+02 0.000000000000000000e+00 0.000000000000000000e+00 4.617772195317898966e-14
9.520000000000000000e+02 0.000000000000000000e+00 0.000000000000000000e+00 4.610156946812050765e-14
9.530000000000000000e+02 0.000000000000000000e+00 0.000000000000000000e+00 4.602559942965099452e-14
9.540000000000000000e+02 0.000000000000000000e+00 0.000000000000000000e+00 4.594981036589120557e-14
9.550000000000000000e+02 0.000000000000000000e+00 0.000000000000000000e+00 4.587420149912222062e-14
9.560000000000000000e+02 0.000000000000000000e+00 0.000000000000000000e+00 4.579877138726311952e-14
9.570000000000000000e+02 0.000000000000000000e+00 0.000000000000000000e+00 4.572351927942844547e-14
9.580000000000000000e+02 0.000000000000000000e+00 0.000000000000000000e+00 4.564844377242589953e-14
9.590000000000000000e+02 0.000000000000000000e+00 0.000000000000000000e+00 4.557354414531473049e-14
9.600000000000000000e+02 0.000000000000000000e+00 0.000000000000000000e+00 4.549881902517657765e-14
9.610000000000000000e+02 0.000000000000000000e+00 0.000000000000000000e+00 4.542426772218473968e-14
9.620000000000000000e+02 0.000000000000000000e+00 0.000000000000000000e+00 4.534988889609419346e-14
9.630000000000000000e+02 0.000000000000000000e+00 0.000000000000000000e+00 4.527568188732005982e-14
9.640000000000000000e+02 0.000000000000000000e+00 0.000000000000000000e+00 4.520164538477173405e-14
9.650000000000000000e+02 0.000000000000000000e+00 0.000000000000000000e+00 4.512777875926351478e-14
9.660000000000000000e+02 0.000000000000000000e+00 0.000000000000000000e+00 4.505408073096035621e-14
9.670000000000000000e+02 0.000000000000000000e+00 0.000000000000000000e+00 4.498055070101455072e-14
9.680000000000000000e+02 0.000000000000000000e+00 0.000000000000000000e+00 4.490718741582922888e-14
9.690000000000000000e+02 0.000000000000000000e+00 0.000000000000000000e+00 4.483399030729779738e-14
9.700000000000000000e+02 0.000000000000000000e+00 0.000000000000000000e+00 4.476095815678349958e-14
9.710000000000000000e+02 0.000000000000000000e+00 0.000000000000000000e+00 4.468809041493050520e-14
9.720000000000000000e+02 0.000000000000000000e+00 0.000000000000000000e+00 4.461538590188591176e-14
9.730000000000000000e+02 0.000000000000000000e+00 0.000000000000000000e+00 4.454284409326392411e-14
9.740000000000000000e+02 0.000000000000000000e+00 0.000000000000000000e+00 4.447046384449170193e-14
9.750000000000000000e+02 0.000000000000000000e+00 0.000000000000000000e+00 4.439824465751368965e-14
9.760000000000000000e+02 0.000000000000000000e+00 0.000000000000000000e+00 4.432618541037736205e-14
9.770000000000000000e+02 0.000000000000000000e+00 0.000000000000000000e+00 4.425428563721641821e-14
9.780000000000000000e+02 0.000000000000000000e+00 0.000000000000000000e+00 4.418254424919771771e-14
9.790000000000000000e+02 0.000000000000000000e+00 0.000000000000000000e+00 4.411096079929582317e-14
9.800000000000000000e+02 0.000000000000000000e+00 0.000000000000000000e+00 4.403953423566297800e-14
9.810000000000000000e+02 0.000000000000000000e+00 0.000000000000000000e+00 4.396826413462101102e-14
9.820000000000000000e+02 0.000000000000000000e+00 0.000000000000000000e+00 4.389714946692380680e-14
9.830000000000000000e+02 0.000000000000000000e+00 0.000000000000000000e+00 4.382618984511670244e-14
9.840000000000000000e+02 0.000000000000000000e+00 0.000000000000000000e+00 4.375538426119180698e-14
9.850000000000000000e+02 0.000000000000000000e+00 0.000000000000000000e+00 4.368473235694441014e-14
9.860000000000000000e+02 0.000000000000000000e+00 0.000000000000000000e+00 4.361423315805103210e-14
9.870000000000000000e+02 0.000000000000000000e+00 0.000000000000000000e+00 4.354388632602110147e-14
9.880000000000000000e+02 0.000000000000000000e+00 0.000000000000000000e+00 4.347369091544746600e-14
9.890000000000000000e+02 0.000000000000000000e+00 0.000000000000000000e+00 4.340364661511243217e-14
9.900000000000000000e+02 0.000000000000000000e+00 0.000000000000000000e+00 4.333375251493376140e-14
9.910000000000000000e+02 0.000000000000000000e+00 0.000000000000000000e+00 4.326400832186441380e-14
9.920000000000000000e+02 0.000000000000000000e+00 0.000000000000000000e+00 4.319441315364113498e-14
9.930000000000000000e+02 0.000000000000000000e+00 0.000000000000000000e+00 4.312496674846625296e-14
9.940000000000000000e+02 0.000000000000000000e+00 0.000000000000000000e+00 4.305566824943914877e-14
9.950000000000000000e+02 0.000000000000000000e+00 0.000000000000000000e+00 4.298651741961438653e-14
9.960000000000000000e+02 0.000000000000000000e+00 0.000000000000000000e+00 4.291751342789139026e-14
9.970000000000000000e+02 0.000000000000000000e+00 0.000000000000000000e+00 4.284865606358995521e-14
9.980000000000000000e+02 0.000000000000000000e+00 0.000000000000000000e+00 4.277994452854885949e-14
9.990000000000000000e+02 0.000000000000000000e+00 0.000000000000000000e+00 4.271137862834447254e-14
1.000000000000000000e+03 0.000000000000000000e+00 0.000000000000000000e+00 4.264295760078853850e-14
1.001000000000000000e+03 0.000000000000000000e+00 0.000000000000000000e+00 4.257468127247531297e-14
1.002000000000000000e+03 0.000000000000000000e+00 0.000000000000000000e+00 4.250654890903869235e-14
1.003000000000000000e+03 0.000000000000000000e+00 0.000000000000000000e+00 4.243856035978207936e-14
1.004000000000000000e+03 0.000000000000000000e+00 0.000000000000000000e+00 4.237071491994315555e-14
1.005000000000000000e+03 0.000000000000000000e+00 0.000000000000000000e+00 4.230301246222927421e-14
1.006000000000000000e+03 0.000000000000000000e+00 0.000000000000000000e+00 4.223545230582646354e-14
1.007000000000000000e+03 0.000000000000000000e+00 0.000000000000000000e+00 4.216803434732166636e-14
1.008000000000000000e+03 0.000000000000000000e+00 0.000000000000000000e+00 4.210075793342956901e-14
1.009000000000000000e+03 0.000000000000000000e+00 0.000000000000000000e+00 4.203362298396348283e-14
1.010000000000000000e+03 0.000000000000000000e+00 0.000000000000000000e+00 4.196662886354184143e-14
1.011000000000000000e+03 0.000000000000000000e+00 0.000000000000000000e+00 4.189977552480949507e-14
1.012000000000000000e+03 0.000000000000000000e+00 0.000000000000000000e+00 4.183306235672676463e-14
1.013000000000000000e+03 0.000000000000000000e+00 0.000000000000000000e+00 4.176648932973416108e-14
1.014000000000000000e+03 0.000000000000000000e+00 0.000000000000000000e+00 4.170005585209734387e-14
1.015000000000000000e+03 0.000000000000000000e+00 0.000000000000000000e+00 4.163376192582202023e-14
1.016000000000000000e+03 0.000000000000000000e+00 0.000000000000000000e+00 4.156760698020531047e-14
1.017000000000000000e+03 0.000000000000000000e+00 0.000000000000000000e+00 4.150159104101050930e-14
1.018000000000000000e+03 0.000000000000000000e+00 0.000000000000000000e+00 4.143571356348573644e-14
1.019000000000000000e+03 0.000000000000000000e+00 0.000000000000000000e+00 4.136997459232610268e-14
1.020000000000000000e+03 0.000000000000000000e+00 0.000000000000000000e+00 4.130437360471842914e-14
1.021000000000000000e+03 0.000000000000000000e+00 0.000000000000000000e+00 4.123891066544748222e-14
1.022000000000000000e+03 0.000000000000000000e+00 0.000000000000000000e+00 4.117358527811970371e-14
1.023000000000000000e+03 0.000000000000000000e+00 0.000000000000000000e+00 4.110839752919178126e-14
1.024000000000000000e+03 0.000000000000000000e+00 0.000000000000000000e+00 4.104334694638754046e-14
1.025000000000000000e+03 0.000000000000000000e+00 0.000000000000000000e+00 4.097843363359509680e-14
1.026000000000000000e+03 0.000000000000000000e+00 0.000000000000000000e+00 4.091365713318011487e-14
1.027000000000000000e+03 0.000000000000000000e+00 0.000000000000000000e+00 4.084901757165026165e-14
1.028000000000000000e+03 0.000000000000000000e+00 0.000000000000000000e+00 4.078451451494610791e-14
1.029000000000000000e+03 0.000000000000000000e+00 0.000000000000000000e+00 4.072014811064450801e-14
1.030000000000000000e+03 0.000000000000000000e+00 0.000000000000000000e+00 4.065591794660484851e-14
1.031000000000000000e+03 0.000000000000000000e+00 0.000000000000000000e+00 4.059182418503033585e-14
1.032000000000000000e+03 0.000000000000000000e+00 0.000000000000000000e+00 4.052786643082437172e-14
1.033000000000000000e+03 0.000000000000000000e+00 0.000000000000000000e+00 4.046404486717681612e-14
1.034000000000000000e+03 0.000000000000000000e+00 0.000000000000000000e+00 4.040035912231321960e-14
1.035000000000000000e+03 0.000000000000000000e+00 0.000000000000000000e+00 4.033680939029977041e-14
1.036000000000000000e+03 0.000000000000000000e+00 0.000000000000000000e+00 4.027339531860757459e-14
1.037000000000000000e+03 0.000000000000000000e+00 0.000000000000000000e+00 4.021011712398568268e-14
1.038000000000000000e+03 0.000000000000000000e+00 0.000000000000000000e+00 4.014697446446664723e-14
1.039000000000000000e+03 0.000000000000000000e+00 0.000000000000000000e+00 4.008396757946237557e-14
1.040000000000000000e+03 0.000000000000000000e+00 0.000000000000000000e+00 4.002109613781485307e-14
1.041000000000000000e+03 0.000000000000000000e+00 0.000000000000000000e+00 3.995836039352258053e-14
1.042000000000000000e+03 0.000000000000000000e+00 0.000000000000000000e+00 3.989576004002383509e-14
1.043000000000000000e+03 0.000000000000000000e+00 0.000000000000000000e+00 3.983329533831096900e-14
1.044000000000000000e+03 0.000000000000000000e+00 0.000000000000000000e+00 3.977096600108913941e-14
1.045000000000000000e+03 0.000000000000000000e+00 0.000000000000000000e+00 3.970877229982222756e-14
1.046000000000000000e+03 0.000000000000000000e+00 0.000000000000000000e+00 3.964671395635685591e-14
1.047000000000000000e+03 0.000000000000000000e+00 0.000000000000000000e+00 3.958479126500835071e-14
1.048000000000000000e+03 0.000000000000000000e+00 0.000000000000000000e+00 3.952300395469986482e-14
1.049000000000000000e+03 0.000000000000000000e+00 0.000000000000000000e+00 3.946135233228966339e-14
1.050000000000000000e+03 0.000000000000000000e+00 0.000000000000000000e+00 3.939983614824279102e-14
1.051000000000000000e+03 0.000000000000000000e+00 0.000000000000000000e+00 3.933845570960038973e-14
1.052000000000000000e+03 0.000000000000000000e+00 0.000000000000000000e+00 3.927721078578522638e-14
1.053000000000000000e+03 0.000000000000000000e+00 0.000000000000000000e+00 3.921610169220828246e-14
1.054000000000000000e+03 0.000000000000000000e+00 0.000000000000000000e+00 3.915512820271433826e-14
1.055000000000000000e+03 0.000000000000000000e+00 0.000000000000000000e+00 3.909429065182350203e-14
1.056000000000000000e+03 0.000000000000000000e+00 0.000000000000000000e+00 3.903358881979528695e-14
1.057000000000000000e+03 0.000000000000000000e+00 0.000000000000000000e+00 3.897302304992390985e-14
1.058000000000000000e+03 0.000000000000000000e+00 0.000000000000000000e+00 3.891259313478666295e-14
1.059000000000000000e+03 0.000000000000000000e+00 0.000000000000000000e+00 3.885229941383818771e-14
1.060000000000000000e+03 0.000000000000000000e+00 0.000000000000000000e+00 3.879214169548296409e-14
1.061000000000000000e+03 0.000000000000000000e+00 0.000000000000000000e+00 3.873212033139285491e-14
1.062000000000000000e+03 0.000000000000000000e+00 0.000000000000000000e+00 3.867223512610954700e-14
1.063000000000000000e+03 0.000000000000000000e+00 0.000000000000000000e+00 3.861248644228663587e-14
1.064000000000000000e+03 0.000000000000000000e+00 0.000000000000000000e+00 3.855287409267270699e-14
1.065000000000000000e+03 0.000000000000000000e+00 0.000000000000000000e+00 3.849339843582783041e-14
1.066000000000000000e+03 0.000000000000000000e+00 0.000000000000000000e+00 3.843405929776204393e-14
1.067000000000000000e+03 0.000000000000000000e+00 0.000000000000000000e+00 3.837485703919837954e-14
1.068000000000000000e+03 0.000000000000000000e+00 0.000000000000000000e+00 3.831579148581314902e-14
1.069000000000000000e+03 0.000000000000000000e+00 0.000000000000000000e+00 3.825686300038809673e-14
1.070000000000000000e+03 0.000000000000000000e+00 0.000000000000000000e+00 3.819807141773341410e-14
1.071000000000000000e+03 0.000000000000000000e+00 0.000000000000000000e+00 3.813941709963128930e-14
1.072000000000000000e+03 0.000000000000000000e+00 0.000000000000000000e+00 3.808089987532723845e-14
1.073000000000000000e+03 0.000000000000000000e+00 0.000000000000000000e+00 3.802252011215950436e-14
1.074000000000000000e+03 0.000000000000000000e+00 0.000000000000000000e+00 3.796427764016283638e-14
1.075000000000000000e+03 0.000000000000000000e+00 0.000000000000000000e+00 3.790617282096497005e-14
1.076000000000000000e+03 0.000000000000000000e+00 0.000000000000000000e+00 3.784820548627673171e-14
1.077000000000000000e+03 0.000000000000000000e+00 0.000000000000000000e+00 3.779037599706351033e-14
1.078000000000000000e+03 0.000000000000000000e+00 0.000000000000000000e+00 3.773268418474384351e-14
1.079000000000000000e+03 0.000000000000000000e+00 0.000000000000000000e+00 3.767513040270821908e-14
1.080000000000000000e+03 0.000000000000000000e+00 0.000000000000000000e+00 3.761771448680814377e-14
1.081000000000000000e+03 0.000000000000000000e+00 0.000000000000000000e+00 3.756043678406195839e-14
1.082000000000000000e+03 0.000000000000000000e+00 0.000000000000000000e+00 3.750329712321036486e-14
1.083000000000000000e+03 0.000000000000000000e+00 0.000000000000000000e+00 3.744629584724922649e-14
1.084000000000000000e+03 0.000000000000000000e+00 0.000000000000000000e+00 3.738943278249660919e-14
1.085000000000000000e+03 0.000000000000000000e+00 0.000000000000000000e+00 3.733270826442428405e-14
1.086000000000000000e+03 0.000000000000000000e+00 0.000000000000000000e+00 3.727612212182988353e-14
1.087000000000000000e+03 0.000000000000000000e+00 0.000000000000000000e+00 3.721967467533053660e-14
1.088000000000000000e+03 0.000000000000000000e+00 0.000000000000000000e+00 3.716336574352960925e-14
1.089000000000000000e+03 0.000000000000000000e+00 0.000000000000000000e+00 3.710719564434204105e-14
1.090000000000000000e+03 0.000000000000000000e+00 0.000000000000000000e+00 3.705116419070385087e-14
1.091000000000000000e+03 0.000000000000000000e+00 0.000000000000000000e+00 3.699527168894927300e-14
1.092000000000000000e+03 0.000000000000000000e+00 0.000000000000000000e+00 3.693951794780700291e-14
1.093000000000000000e+03 0.000000000000000000e+00 0.000000000000000000e+00 3.688390326166646932e-14
1.094000000000000000e+03 0.000000000000000000e+00 0.000000000000000000e+00 3.682842743119796421e-14
1.095000000000000000e+03 0.000000000000000000e+00 0.000000000000000000e+00 3.677309074085129413e-14
1.096000000000000000e+03 0.000000000000000000e+00 0.000000000000000000e+00 3.671789298250190491e-14
1.097000000000000000e+03 0.000000000000000000e+00 0.000000000000000000e+00 3.666283442402212664e-14
1.098000000000000000e+03 0.000000000000000000e+00 0.000000000000000000e+00 3.660791484722461339e-14
1.099000000000000000e+03 0.000000000000000000e+00 0.000000000000000000e+00 3.655313451062249171e-14
1.100000000000000000e+03 0.000000000000000000e+00 0.000000000000000000e+00 3.649849318103494665e-14
1.101000000000000000e+03 0.000000000000000000e+00 0.000000000000000000e+00 3.644399110677556869e-14
1.102000000000000000e+03 0.000000000000000000e+00 0.000000000000000000e+00 3.638962803653300758e-14
1.103000000000000000e+03 0.000000000000000000e+00 0.000000000000000000e+00 3.633540420904134976e-14
1.104000000000000000e+03 0.000000000000000000e+00 0.000000000000000000e+00 3.628131935863085317e-14
1.105000000000000000e+03 0.000000000000000000e+00 0.000000000000000000e+00 3.622737370748793412e-14
1.106000000000000000e+03 0.000000000000000000e+00 0.000000000000000000e+00 3.617356698046219397e-14
1.107000000000000000e+03 0.000000000000000000e+00 0.000000000000000000e+00 3.611989937961541846e-14
1.108000000000000000e+03 0.000000000000000000e+00 0.000000000000000000e+00 3.606637061916287802e-14
1.109000000000000000e+03 0.000000000000000000e+00 0.000000000000000000e+00 3.601298088543893319e-14
1.110000000000000000e+03 0.000000000000000000e+00 0.000000000000000000e+00 3.595972987511793894e-14
1.111000000000000000e+03 0.000000000000000000e+00 0.000000000000000000e+00 3.590661776211720652e-14
1.112000000000000000e+03 0.000000000000000000e+00 0.000000000000000000e+00 3.585364422333087070e-14
1.113000000000000000e+03 0.000000000000000000e+00 0.000000000000000000e+00 3.580080941624842263e-14
1.114000000000000000e+03 0.000000000000000000e+00 0.000000000000000000e+00 3.574811300166150954e-14
1.115000000000000000e+03 0.000000000000000000e+00 0.000000000000000000e+00 3.569555511828961136e-14
1.116000000000000000e+03 0.000000000000000000e+00 0.000000000000000000e+00 3.564313540914087568e-14
1.117000000000000000e+03 0.000000000000000000e+00 0.000000000000000000e+00 3.559085399398919599e-14
1.118000000000000000e+03 0.000000000000000000e+00 0.000000000000000000e+00 3.553871050178957307e-14
1.119000000000000000e+03 0.000000000000000000e+00 0.000000000000000000e+00 3.548670502957703530e-14
1.120000000000000000e+03 0.000000000000000000e+00 0.000000000000000000e+00 3.543483719261793456e-14
1.121000000000000000e+03 0.000000000000000000e+00 0.000000000000000000e+00 3.538310706213858507e-14
1.122000000000000000e+03 0.000000000000000000e+00 0.000000000000000000e+00 3.533151423922906016e-14
1.123000000000000000e+03 0.000000000000000000e+00 0.000000000000000000e+00 3.528005877715468071e-14
1.124000000000000000e+03 0.000000000000000000e+00 0.000000000000000000e+00 3.522874025488271113e-14
1.125000000000000000e+03 0.000000000000000000e+00 0.000000000000000000e+00 3.517755870937629567e-14
1.126000000000000000e+03 0.000000000000000000e+00 0.000000000000000000e+00 3.512651369885219224e-14
1.127000000000000000e+03 0.000000000000000000e+00 0.000000000000000000e+00 3.507560524099031358e-14
1.128000000000000000e+03 0.000000000000000000e+00 0.000000000000000000e+00 3.502483287573923552e-14
1.129000000000000000e+03 0.000000000000000000e+00 0.000000000000000000e+00 3.497419659737811984e-14
1.130000000000000000e+03 0.000000000000000000e+00 0.000000000000000000e+00 3.492369592861097354e-14
1.131000000000000000e+03 0.000000000000000000e+00 0.000000000000000000e+00 3.487333084687689224e-14
1.132000000000000000e+03 0.000000000000000000e+00 0.000000000000000000e+00 3.482310085231591145e-14
1.133000000000000000e+03 0.000000000000000000e+00 0.000000000000000000e+00 3.477300590229986218e-14
1.134000000000000000e+03 0.000000000000000000e+00 0.000000000000000000e+00 3.472304547592094865e-14
1.135000000000000000e+03 0.000000000000000000e+00 0.000000000000000000e+00 3.467321950884906603e-14
1.136000000000000000e+03 0.000000000000000000e+00 0.000000000000000000e+00 3.462352746506427958e-14
1.137000000000000000e+03 0.000000000000000000e+00 0.000000000000000000e+00 3.457396925559552426e-14
1.138000000000000000e+03 0.000000000000000000e+00 0.000000000000000000e+00 3.452454432564410723e-14
1.139000000000000000e+03 0.000000000000000000e+00 0.000000000000000000e+00 3.447525256569295494e-14
1.140000000000000000e+03 0.000000000000000000e+00 0.000000000000000000e+00 3.442609340415259639e-14
1.141000000000000000e+03 0.000000000000000000e+00 0.000000000000000000e+00 3.437706670980111289e-14
1.142000000000000000e+03 0.000000000000000000e+00 0.000000000000000000e+00 3.432817189247166836e-14
1.143000000000000000e+03 0.000000000000000000e+00 0.000000000000000000e+00 3.427940880458298449e-14
1.144000000000000000e+03 0.000000000000000000e+00 0.000000000000000000e+00 3.423077683685313468e-14
1.145000000000000000e+03 0.000000000000000000e+00 0.000000000000000000e+00 3.418227581689363272e-14
1.146000000000000000e+03 0.000000000000000000e+00 0.000000000000000000e+00 3.413390512200581395e-14
1.147000000000000000e+03 0.000000000000000000e+00 0.000000000000000000e+00 3.408566456208378017e-14
1.148000000000000000e+03 0.000000000000000000e+00 0.000000000000000000e+00 3.403755349549240582e-14
1.149000000000000000e+03 0.000000000000000000e+00 0.000000000000000000e+00 3.398957171013112635e-14
1.150000000000000000e+03 0.000000000000000000e+00 0.000000000000000000e+00 3.394171854826556615e-14
1.151000000000000000e+03 0.000000000000000000e+00 0.000000000000000000e+00 3.389399378205727200e-14
1.152000000000000000e+03 0.000000000000000000e+00 0.000000000000000000e+00 3.384639673712551481e-14
1.153000000000000000e+03 0.000000000000000000e+00 0.000000000000000000e+00 3.379892716482475146e-14
1.154000000000000000e+03 0.000000000000000000e+00 0.000000000000000000e+00 3.375158437600425866e-14
1.155000000000000000e+03 0.000000000000000000e+00 0.000000000000000000e+00 3.370436810247542362e-14
1.156000000000000000e+03 0.000000000000000000e+00 0.000000000000000000e+00 3.365727764482723841e-14
1.157000000000000000e+03 0.000000000000000000e+00 0.000000000000000000e+00 3.361031271794154828e-14
1.158000000000000000e+03 0.000000000000000000e+00 0.000000000000000000e+00 3.356347260404547178e-14
1.159000000000000000e+03 0.000000000000000000e+00 0.000000000000000000e+00 3.351675700034419785e-14
1.160000000000000000e+03 0.000000000000000000e+00 0.000000000000000000e+00 3.347016517562202411e-14
1.161000000000000000e+03 0.000000000000000000e+00 0.000000000000000000e+00 3.342369681220531405e-14
1.162000000000000000e+03 0.000000000000000000e+00 0.000000000000000000e+00 3.337735116675775101e-14
1.163000000000000000e+03 0.000000000000000000e+00 0.000000000000000000e+00 3.333112790313510728e-14
1.164000000000000000e+03 0.000000000000000000e+00 0.000000000000000000e+00 3.328502626267826354e-14
1.165000000000000000e+03 0.000000000000000000e+00 0.000000000000000000e+00 3.323904589461089077e-14
1.166000000000000000e+03 0.000000000000000000e+00 0.000000000000000000e+00 3.319318602616685940e-14
1.167000000000000000e+03 0.000000000000000000e+00 0.000000000000000000e+00 3.314744629669472816e-14
1.168000000000000000e+03 0.000000000000000000e+00 0.000000000000000000e+00 3.310182591986639069e-14
1.169000000000000000e+03 0.000000000000000000e+00 0.000000000000000000e+00 3.305632452265830887e-14
1.170000000000000000e+03 0.000000000000000000e+00 0.000000000000000000e+00 3.301094130559771330e-14
1.171000000000000000e+03 0.000000000000000000e+00 0.000000000000000000e+00 3.296567588330175486e-14
1.172000000000000000e+03 0.000000000000000000e+00 0.000000000000000000e+00 3.292052744677900971e-14
1.173000000000000000e+03 0.000000000000000000e+00 0.000000000000000000e+00 3.287549560050707136e-14
1.174000000000000000e+03 0.000000000000000000e+00 0.000000000000000000e+00 3.283057952489492017e-14
1.175000000000000000e+03 0.000000000000000000e+00 0.000000000000000000e+00 3.278577880888007573e-14
1.176000000000000000e+03 0.000000000000000000e+00 0.000000000000000000e+00 3.274109262746128312e-14
1.177000000000000000e+03 0.000000000000000000e+00 0.000000000000000000e+00 3.269652055954821359e-14
1.178000000000000000e+03 0.000000000000000000e+00 0.000000000000000000e+00 3.265206176772973206e-14
1.179000000000000000e+03 0.000000000000000000e+00 0.000000000000000000e+00 3.260771582522627018e-14
1.180000000000000000e+03 0.000000000000000000e+00 0.000000000000000000e+00 3.256348188505493865e-14
1.181000000000000000e+03 0.000000000000000000e+00 0.000000000000000000e+00 3.251935951266676641e-14
1.182000000000000000e+03 0.000000000000000000e+00 0.000000000000000000e+00 3.247534785488531524e-14
1.183000000000000000e+03 0.000000000000000000e+00 0.000000000000000000e+00 3.243144646671495630e-14
1.184000000000000000e+03 0.000000000000000000e+00 0.000000000000000000e+00 3.238765449118309493e-14
1.185000000000000000e+03 0.000000000000000000e+00 0.000000000000000000e+00 3.234397147708022601e-14
1.186000000000000000e+03 0.000000000000000000e+00 0.000000000000000000e+00 3.230039656250667481e-14
1.187000000000000000e+03 0.000000000000000000e+00 0.000000000000000000e+00 3.225692928734953017e-14
1.188000000000000000e+03 0.000000000000000000e+00 0.000000000000000000e+00 3.221356878712302939e-14
1.189000000000000000e+03 0.000000000000000000e+00 0.000000000000000000e+00 3.217031459475286041e-14
1.190000000000000000e+03 0.000000000000000000e+00 0.000000000000000000e+00 3.212716583780857925e-14
1.191000000000000000e+03 0.000000000000000000e+00 0.000000000000000000e+00 3.208412205014208491e-14
1.192000000000000000e+03 0.000000000000000000e+00 0.000000000000000000e+00 3.204118235403392396e-14
1.193000000000000000e+03 0.000000000000000000e+00 0.000000000000000000e+00 3.199834627670457820e-14
1.194000000000000000e+03 0.000000000000000000e+00 0.000000000000000000e+00 3.195561293888186349e-14
1.195000000000000000e+03 0.000000000000000000e+00 0.000000000000000000e+00 3.191298186338795820e-14
1.196000000000000000e+03 0.000000000000000000e+00 0.000000000000000000e+00 3.187045217192422090e-14
1.197000000000000000e+03 0.000000000000000000e+00 0.000000000000000000e+00 3.182802338343022066e-14
1.198000000000000000e+03 0.000000000000000000e+00 0.000000000000000000e+00 3.178569462171698253e-14
1.199000000000000000e+03 0.000000000000000000e+00 0.000000000000000000e+00 3.174346540360507532e-14
1.200000000000000000e+03 0.000000000000000000e+00 0.000000000000000000e+00 3.170133485137182700e-14
1.201000000000000000e+03 0.000000000000000000e+00 0.000000000000000000e+00 3.165930248263607680e-14
1.202000000000000000e+03 0.000000000000000000e+00 0.000000000000000000e+00 3.161736742061638369e-14
1.203000000000000000e+03 0.000000000000000000e+00 0.000000000000000000e+00 3.157552918235546599e-14
1.204000000000000000e+03 0.000000000000000000e+00 0.000000000000000000e+00 3.153378689289264304e-14
1.205000000000000000e+03 0.000000000000000000e+00 0.000000000000000000e+00 3.149214007193300719e-14
1.206000000000000000e+03 0.000000000000000000e+00 0.000000000000000000e+00 3.145058784189969946e-14
1.207000000000000000e+03 0.000000000000000000e+00 0.000000000000000000e+00 3.140912972706341094e-14
1.208000000000000000e+03 0.000000000000000000e+00 0.000000000000000000e+00 3.136776485279344466e-14
1.209000000000000000e+03 0.000000000000000000e+00 0.000000000000000000e+00 3.132649274503315449e-14
1.210000000000000000e+03 0.000000000000000000e+00 0.000000000000000000e+00 3.128531253418523041e-14
1.211000000000000000e+03 0.000000000000000000e+00 0.000000000000000000e+00 3.124422374472414837e-14
1.212000000000000000e+03 0.000000000000000000e+00 0.000000000000000000e+00 3.120322551612045978e-14
1.213000000000000000e+03 0.000000000000000000e+00 0.000000000000000000e+00 3.116231737468555054e-14
1.214000000000000000e+03 0.000000000000000000e+00 0.000000000000000000e+00 3.112149846484245346e-14
1.215000000000000000e+03 0.000000000000000000e+00 0.000000000000000000e+00 3.108076831345179093e-14
1.216000000000000000e+03 0.000000000000000000e+00 0.000000000000000000e+00 3.104012607581089821e-14
1.217000000000000000e+03 0.000000000000000000e+00 0.000000000000000000e+00 3.099957128142084136e-14
1.218000000000000000e+03 0.000000000000000000e+00 0.000000000000000000e+00 3.095910309007925562e-14
1.219000000000000000e+03 0.000000000000000000e+00 0.000000000000000000e+00 3.091872103964756756e-14
1.220000000000000000e+03 0.000000000000000000e+00 0.000000000000000000e+00 3.087842429460545966e-14
1.221000000000000000e+03 0.000000000000000000e+00 0.000000000000000000e+00 3.083821239943252915e-14
1.222000000000000000e+03 0.000000000000000000e+00 0.000000000000000000e+00 3.079808452574792739e-14
1.223000000000000000e+03 0.000000000000000000e+00 0.000000000000000000e+00 3.075804022477634049e-14
1.224000000000000000e+03 0.000000000000000000e+00 0.000000000000000000e+00 3.071807867152690125e-14
1.225000000000000000e+03 0.000000000000000000e+00 0.000000000000000000e+00 3.067819942676679276e-14
1.226000000000000000e+03 0.000000000000000000e+00 0.000000000000000000e+00 3.063840167406630812e-14
1.227000000000000000e+03 0.000000000000000000e+00 0.000000000000000000e+00 3.059868497849233254e-14
1.228000000000000000e+03 0.000000000000000000e+00 0.000000000000000000e+00 3.055904853217483007e-14
1.229000000000000000e+03 0.000000000000000000e+00 0.000000000000000000e+00 3.051949190764650340e-14
1.230000000000000000e+03 0.000000000000000000e+00 0.000000000000000000e+00 3.048001430611028353e-14
1.231000000000000000e+03 0.000000000000000000e+00 0.000000000000000000e+00 3.044061530827176241e-14
1.232000000000000000e+03 0.000000000000000000e+00 0.000000000000000000e+00 3.040129412491044049e-14
1.233000000000000000e+03 0.000000000000000000e+00 0.000000000000000000e+00 3.036205034552048918e-14
1.234000000000000000e+03 0.000000000000000000e+00 0.000000000000000000e+00 3.032288319126146157e-14
1.235000000000000000e+03 0.000000000000000000e+00 0.000000000000000000e+00 3.028379225871678223e-14
1.236000000000000000e+03 0.000000000000000000e+00 0.000000000000000000e+00 3.024477677985522249e-14
1.237000000000000000e+03 0.000000000000000000e+00 0.000000000000000000e+00 3.020583636217643887e-14
1.238000000000000000e+03 0.000000000000000000e+00 0.000000000000000000e+00 3.016697024683400492e-14
1.239000000000000000e+03 0.000000000000000000e+00 0.000000000000000000e+00 3.012817804777480479e-14
1.240000000000000000e+03 0.000000000000000000e+00 0.000000000000000000e+00 3.008945901897119346e-14
1.241000000000000000e+03 0.000000000000000000e+00 0.000000000000000000e+00 3.005081278497823374e-14
1.242000000000000000e+03 0.000000000000000000e+00 0.000000000000000000e+00 3.001223860824780325e-14
1.243000000000000000e+03 0.000000000000000000e+00 0.000000000000000000e+00 2.997373612431476003e-14
1.244000000000000000e+03 0.000000000000000000e+00 0.000000000000000000e+00 2.993530460809649232e-14
1.245000000000000000e+03 0.000000000000000000e+00 0.000000000000000000e+00 2.989694370217774396e-14
1.246000000000000000e+03 0.000000000000000000e+00 0.000000000000000000e+00 2.985865269606633371e-14
1.247000000000000000e+03 0.000000000000000000e+00 0.000000000000000000e+00 2.982043124216579302e-14
1.248000000000000000e+03 0.000000000000000000e+00 0.000000000000000000e+00 2.978227864381123345e-14
1.249000000000000000e+03 0.000000000000000000e+00 0.000000000000000000e+00 2.974419456344754641e-14
1.250000000000000000e+03 0.000000000000000000e+00 0.000000000000000000e+00 2.970617831254538491e-14
1.251000000000000000e+03 0.000000000000000000e+00 0.000000000000000000e+00 2.966822957041971480e-14
1.252000000000000000e+03 0.000000000000000000e+00 0.000000000000000000e+00 2.963034765604951040e-14
1.253000000000000000e+03 0.000000000000000000e+00 0.000000000000000000e+00 2.959253225733327628e-14
1.254000000000000000e+03 0.000000000000000000e+00 0.000000000000000000e+00 2.955478270732621878e-14
1.255000000000000000e+03 0.000000000000000000e+00 0.000000000000000000e+00 2.951709870475153503e-14
1.256000000000000000e+03 0.000000000000000000e+00 0.000000000000000000e+00 2.947947959271026576e-14
1.257000000000000000e+03 0.000000000000000000e+00 0.000000000000000000e+00 2.944192508167926956e-14
1.258000000000000000e+03 0.000000000000000000e+00 0.000000000000000000e+00 2.940443452842722080e-14
1.259000000000000000e+03 0.000000000000000000e+00 0.000000000000000000e+00 2.936700765243275191e-14
1.260000000000000000e+03 0.000000000000000000e+00 0.000000000000000000e+00 2.932964382575870113e-14
1.261000000000000000e+03 0.000000000000000000e+00 0.000000000000000000e+00 2.929234277857300595e-14
1.262000000000000000e+03 0.000000000000000000e+00 0.000000000000000000e+00 2.925510389438294523e-14
1.263000000000000000e+03 0.000000000000000000e+00 0.000000000000000000e+00 2.921792691693213416e-14
1.264000000000000000e+03 0.000000000000000000e+00 0.000000000000000000e+00 2.918081124279293436e-14
1.265000000000000000e+03 0.000000000000000000e+00 0.000000000000000000e+00 2.914375662563305841e-14
1.266000000000000000e+03 0.000000000000000000e+00 0.000000000000000000e+00 2.910676247388033029e-14
1.267000000000000000e+03 0.000000000000000000e+00 0.000000000000000000e+00 2.906982855460724148e-14
1.268000000000000000e+03 0.000000000000000000e+00 0.000000000000000000e+00 2.903295428802429488e-14
1.269000000000000000e+03 0.000000000000000000e+00 0.000000000000000000e+00 2.899613945277519566e-14
1.270000000000000000e+03 0.000000000000000000e+00 0.000000000000000000e+00 2.895938348207124048e-14
1.271000000000000000e+03 0.000000000000000000e+00 0.000000000000000000e+00 2.892268616581191745e-14
1.272000000000000000e+03 0.000000000000000000e+00 0.000000000000000000e+00 2.888604695118819870e-14
1.273000000000000000e+03 0.000000000000000000e+00 0.000000000000000000e+00 2.884946564063516534e-14
1.274000000000000000e+03 0.000000000000000000e+00 0.000000000000000000e+00 2.881294169551687473e-14
1.275000000000000000e+03 0.000000000000000000e+00 0.000000000000000000e+00 2.877647493008519094e-14
1.276000000000000000e+03 0.000000000000000000e+00 0.000000000000000000e+00 2.874006481861986908e-14
1.277000000000000000e+03 0.000000000000000000e+00 0.000000000000000000e+00 2.870371118829319781e-14
1.278000000000000000e+03 0.000000000000000000e+00 0.000000000000000000e+00 2.866741352430543035e-14
1.279000000000000000e+03 0.000000000000000000e+00 0.000000000000000000e+00 2.863117166727144911e-14
1.280000000000000000e+03 0.000000000000000000e+00 0.000000000000000000e+00 2.859498511571803118e-14
1.281000000000000000e+03 0.000000000000000000e+00 0.000000000000000000e+00 2.855885372259791295e-14
1.282000000000000000e+03 0.000000000000000000e+00 0.000000000000000000e+00 2.852277699874768621e-14
1.283000000000000000e+03 0.000000000000000000e+00 0.000000000000000000e+00 2.848675480715150137e-14
1.284000000000000000e+03 0.000000000000000000e+00 0.000000000000000000e+00 2.845078667255149170e-14
1.285000000000000000e+03 0.000000000000000000e+00 0.000000000000000000e+00 2.841487246868816270e-14
1.286000000000000000e+03 0.000000000000000000e+00 0.000000000000000000e+00 2.837901173684473240e-14
1.287000000000000000e+03 0.000000000000000000e+00 0.000000000000000000e+00 2.834320436156221236e-14
1.288000000000000000e+03 0.000000000000000000e+00 0.000000000000000000e+00 2.830744989636554083e-14
1.289000000000000000e+03 0.000000000000000000e+00 0.000000000000000000e+00 2.827174824370638394e-14
1.290000000000000000e+03 0.000000000000000000e+00 0.000000000000000000e+00 2.823609896997418061e-14
1.291000000000000000e+03 0.000000000000000000e+00 0.000000000000000000e+00 2.820050198801202185e-14
1.292000000000000000e+03 0.000000000000000000e+00 0.000000000000000000e+00 2.816495688057591323e-14
1.293000000000000000e+03 0.000000000000000000e+00 0.000000000000000000e+00 2.812946357329829321e-14
1.294000000000000000e+03 0.000000000000000000e+00 0.000000000000000000e+00 2.809402166172751565e-14
1.295000000000000000e+03 0.000000000000000000e+00 0.000000000000000000e+00 2.805863108366135229e-14
1.296000000000000000e+03 0.000000000000000000e+00 0.000000000000000000e+00 2.802329145221696023e-14
1.297000000000000000e+03 0.000000000000000000e+00 0.000000000000000000e+00 2.798800271571117695e-14
1.298000000000000000e+03 0.000000000000000000e+00 0.000000000000000000e+00 2.795276450031213119e-14
1.299000000000000000e+03 0.000000000000000000e+00 0.000000000000000000e+00 2.791757676677859354e-14
1.300000000000000000e+03 0.000000000000000000e+00 0.000000000000000000e+00 2.788243915831730257e-14
1.301000000000000000e+03 0.000000000000000000e+00 0.000000000000000000e+00 2.784735164695982915e-14
1.302000000000000000e+03 0.000000000000000000e+00 0.000000000000000000e+00 2.781231389083404547e-14
1.303000000000000000e+03 0.000000000000000000e+00 0.000000000000000000e+00 2.777732587479273669e-14
1.304000000000000000e+03 0.000000000000000000e+00 0.000000000000000000e+00 2.774238726934207230e-14
1.305000000000000000e+03 0.000000000000000000e+00 0.000000000000000000e+00 2.770749807270181097e-14
1.306000000000000000e+03 0.000000000000000000e+00 0.000000000000000000e+00 2.767265797141000354e-14
1.307000000000000000e+03 0.000000000000000000e+00 0.000000000000000000e+00 2.763786697767014204e-14
1.308000000000000000e+03 0.000000000000000000e+00 0.000000000000000000e+00 2.760312478856590243e-14
1.309000000000000000e+03 0.000000000000000000e+00 0.000000000000000000e+00 2.756843143196294420e-14
1.310000000000000000e+03 0.000000000000000000e+00 0.000000000000000000e+00 2.753378661826077656e-14
1.311000000000000000e+03 0.000000000000000000e+00 0.000000000000000000e+00 2.749919038695062207e-14
1.312000000000000000e+03 0.000000000000000000e+00 0.000000000000000000e+00 2.746464246266428706e-14
1.313000000000000000e+03 0.000000000000000000e+00 0.000000000000000000e+00 2.743014289788119447e-14
1.314000000000000000e+03 0.000000000000000000e+00 0.000000000000000000e+00 2.739569143197721970e-14
1.315000000000000000e+03 0.000000000000000000e+00 0.000000000000000000e+00 2.736128812622157366e-14
1.316000000000000000e+03 0.000000000000000000e+00 0.000000000000000000e+00 2.732693273299185635e-14
1.317000000000000000e+03 0.000000000000000000e+00 0.000000000000000000e+00 2.729262532643861049e-14
1.318000000000000000e+03 0.000000000000000000e+00 0.000000000000000000e+00 2.725836567143145557e-14
1.319000000000000000e+03 0.000000000000000000e+00 0.000000000000000000e+00 2.722415385530159151e-14
1.320000000000000000e+03 0.000000000000000000e+00 0.000000000000000000e+00 2.718998965281741904e-14
1.321000000000000000e+03 0.000000000000000000e+00 0.000000000000000000e+00 2.715587316247317938e-14
1.322000000000000000e+03 0.000000000000000000e+00 0.000000000000000000e+00 2.712180417316716678e-14
1.323000000000000000e+03 0.000000000000000000e+00 0.000000000000000000e+00 2.708778279399141652e-14
1.324000000000000000e+03 0.000000000000000000e+00 0.000000000000000000e+00 2.705380882855855817e-14
1.325000000000000000e+03 0.000000000000000000e+00 0.000000000000000000e+00 2.701988239631454946e-14
1.326000000000000000e+03 0.000000000000000000e+00 0.000000000000000000e+00 2.698600331331308218e-14
1.327000000000000000e+03 0.000000000000000000e+00 0.000000000000000000e+00 2.695217171003190468e-14
1.328000000000000000e+03 0.000000000000000000e+00 0.000000000000000000e+00 2.691838741296087783e-14
1.329000000000000000e+03 0.000000000000000000e+00 0.000000000000000000e+00 2.688465056375234019e-14
1.330000000000000000e+03 0.000000000000000000e+00 0.000000000000000000e+00 2.685096099881195752e-14
1.331000000000000000e+03 0.000000000000000000e+00 0.000000000000000000e+00 2.681731887156928208e-14
1.332000000000000000e+03 0.000000000000000000e+00 0.000000000000000000e+00 2.678372403110266086e-14
1.333000000000000000e+03 0.000000000000000000e+00 0.000000000000000000e+00 2.675017663942485666e-14
1.334000000000000000e+03 0.000000000000000000e+00 0.000000000000000000e+00 2.671667655616473254e-14
1.335000000000000000e+03 0.000000000000000000e+00 0.000000000000000000e+00 2.668322395457346667e-14
1.336000000000000000e+03 0.000000000000000000e+00 0.000000000000000000e+00 2.664981870568729256e-14
1.337000000000000000e+03 0.000000000000000000e+00 0.000000000000000000e+00 2.661646099215392715e-14
1.338000000000000000e+03 0.000000000000000000e+00 0.000000000000000000e+00 2.658315069466538132e-14
1.339000000000000000e+03 0.000000000000000000e+00 0.000000000000000000e+00 2.654988800575882578e-14
1.340000000000000000e+03 0.000000000000000000e+00 0.000000000000000000e+00 2.651667281823505912e-14
1.341000000000000000e+03 0.000000000000000000e+00 0.000000000000000000e+00 2.648350533156999368e-14
1.342000000000000000e+03 0.000000000000000000e+00 0.000000000000000000e+00 2.645038544847886978e-14
1.343000000000000000e+03 0.000000000000000000e+00 0.000000000000000000e+00 2.641731337830500643e-14
1.344000000000000000e+03 0.000000000000000000e+00 0.000000000000000000e+00 2.638428903109882605e-14
1.345000000000000000e+03 0.000000000000000000e+00 0.000000000000000000e+00 2.635131262556537242e-14
1.346000000000000000e+03 0.000000000000000000e+00 0.000000000000000000e+00 2.631838407902766815e-14
1.347000000000000000e+03 0.000000000000000000e+00 0.000000000000000000e+00 2.628550361791921153e-14
1.348000000000000000e+03 0.000000000000000000e+00 0.000000000000000000e+00 2.625267117071181647e-14
1.349000000000000000e+03 0.000000000000000000e+00 0.000000000000000000e+00 2.621988697022712007e-14
1.350000000000000000e+03 0.000000000000000000e+00 0.000000000000000000e+00 2.618715095362110207e-14
1.351000000000000000e+03 0.000000000000000000e+00 0.000000000000000000e+00 2.615446336046390266e-14
1.352000000000000000e+03 0.000000000000000000e+00 0.000000000000000000e+00 2.612182413818698284e-14
1.353000000000000000e+03 0.000000000000000000e+00 0.000000000000000000e+00 2.608923353338025624e-14
1.354000000000000000e+03 0.000000000000000000e+00 0.000000000000000000e+00 2.605669150268030709e-14
1.355000000000000000e+03 0.000000000000000000e+00 0.000000000000000000e+00 2.602419829793500575e-14
1.356000000000000000e+03 0.000000000000000000e+00 0.000000000000000000e+00 2.599175388447020462e-14
1.357000000000000000e+03 0.000000000000000000e+00 0.000000000000000000e+00 2.595935852159634141e-14
1.358000000000000000e+03 0.000000000000000000e+00 0.000000000000000000e+00 2.592701217993497698e-14
1.359000000000000000e+03 0.000000000000000000e+00 0.000000000000000000e+00 2.589471512517211656e-14
1.360000000000000000e+03 0.000000000000000000e+00 0.000000000000000000e+00 2.586246733422536191e-14
1.361000000000000000e+03 0.000000000000000000e+00 0.000000000000000000e+00 2.583026907737972999e-14
1.362000000000000000e+03 0.000000000000000000e+00 0.000000000000000000e+00 2.579812034071877096e-14
1.363000000000000000e+03 0.000000000000000000e+00 0.000000000000000000e+00 2.576602139784018748e-14
1.364000000000000000e+03 0.000000000000000000e+00 0.000000000000000000e+00 2.573397224185725540e-14
1.365000000000000000e+03 0.000000000000000000e+00 0.000000000000000000e+00 2.570197315174564194e-14
1.366000000000000000e+03 0.000000000000000000e+00 0.000000000000000000e+00 2.567002412556053360e-14
1.367000000000000000e+03 0.000000000000000000e+00 0.000000000000000000e+00 2.563812544635697405e-14
1.368000000000000000e+03 0.000000000000000000e+00 0.000000000000000000e+00 2.560627711887471729e-14
1.369000000000000000e+03 0.000000000000000000e+00 0.000000000000000000e+00 2.557447942993658021e-14
1.370000000000000000e+03 0.000000000000000000e+00 0.000000000000000000e+00 2.554273238551895410e-14
1.371000000000000000e+03 0.000000000000000000e+00 0.000000000000000000e+00 2.551103627690374261e-14
1.372000000000000000e+03 0.000000000000000000e+00 0.000000000000000000e+00 2.547939111419516530e-14
1.373000000000000000e+03 0.000000000000000000e+00 0.000000000000000000e+00 2.544779718817619972e-14
1.374000000000000000e+03 0.000000000000000000e+00 0.000000000000000000e+00 2.541625451224722605e-14
1.375000000000000000e+03 0.000000000000000000e+00 0.000000000000000000e+00 2.538476338031600399e-14
1.376000000000000000e+03 0.000000000000000000e+00 0.000000000000000000e+00 2.535332380573742172e-14
1.377000000000000000e+03 0.000000000000000000e+00 0.000000000000000000e+00 2.532193608724298768e-14
1.378000000000000000e+03 0.000000000000000000e+00 0.000000000000000000e+00 2.529060023854848130e-14
1.379000000000000000e+03 0.000000000000000000e+00 0.000000000000000000e+00 2.525931655944062607e-14
1.380000000000000000e+03 0.000000000000000000e+00 0.000000000000000000e+00 2.522808506680594577e-14
1.381000000000000000e+03 0.000000000000000000e+00 0.000000000000000000e+00 2.519690605961804082e-14
1.382000000000000000e+03 0.000000000000000000e+00 0.000000000000000000e+00 2.516577955477739781e-14
1.383000000000000000e+03 0.000000000000000000e+00 0.000000000000000000e+00 2.513470585451159580e-14
1.384000000000000000e+03 0.000000000000000000e+00 0.000000000000000000e+00 2.510368497439410276e-14
1.385000000000000000e+03 0.000000000000000000e+00 0.000000000000000000e+00 2.507271721595098583e-14
1.386000000000000000e+03 0.000000000000000000e+00 0.000000000000000000e+00 2.504180259475991285e-14
1.387000000000000000e+03 0.000000000000000000e+00 0.000000000000000000e+00 2.501094140988662634e-14
1.388000000000000000e+03 0.000000000000000000e+00 0.000000000000000000e+00 2.498013367723073459e-14
1.389000000000000000e+03 0.000000000000000000e+00 0.000000000000000000e+00 2.494937969489956776e-14
1.390000000000000000e+03 0.000000000000000000e+00 0.000000000000000000e+00 2.491867947742456849e-14
1.391000000000000000e+03 0.000000000000000000e+00 0.000000000000000000e+00 2.488803331796270917e-14
1.392000000000000000e+03 0.000000000000000000e+00 0.000000000000000000e+00 2.485744123170134504e-14
1.393000000000000000e+03 0.000000000000000000e+00 0.000000000000000000e+00 2.482690350862989429e-14
1.394000000000000000e+03 0.000000000000000000e+00 0.000000000000000000e+00 2.479642016000317112e-14
1.395000000000000000e+03 0.000000000000000000e+00 0.000000000000000000e+00 2.476599147427791269e-14
1.396000000000000000e+03 0.000000000000000000e+00 0.000000000000000000e+00 2.473561746160132834e-14
1.397000000000000000e+03 0.000000000000000000e+00 0.000000000000000000e+00 2.470529840404517186e-14
1.398000000000000000e+03 0.000000000000000000e+00 0.000000000000000000e+00 2.467503431005805834e-14
1.399000000000000000e+03 0.000000000000000000e+00 0.000000000000000000e+00 2.464482545603146974e-14
1.400000000000000000e+03 0.000000000000000000e+00 0.000000000000000000e+00 2.461467184812708500e-14
1.401000000000000000e+03 0.000000000000000000e+00 0.000000000000000000e+00 2.458457375902655625e-14
1.402000000000000000e+03 0.000000000000000000e+00 0.000000000000000000e+00 2.455453118992418419e-14
1.403000000000000000e+03 0.000000000000000000e+00 0.000000000000000000e+00 2.452454440941709483e-14
1.404000000000000000e+03 0.000000000000000000e+00 0.000000000000000000e+00 2.449461341344338341e-14
1.405000000000000000e+03 0.000000000000000000e+00 0.000000000000000000e+00 2.446473846475738297e-14
1.406000000000000000e+03 0.000000000000000000e+00 0.000000000000000000e+00 2.443491955331923555e-14
1.407000000000000000e+03 0.000000000000000000e+00 0.000000000000000000e+00 2.440515693656250519e-14
1.408000000000000000e+03 0.000000000000000000e+00 0.000000000000000000e+00 2.437545059679623194e-14
1.409000000000000000e+03 0.000000000000000000e+00 0.000000000000000000e+00 2.434580078712064386e-14
1.410000000000000000e+03 0.000000000000000000e+00 0.000000000000000000e+00 2.431620748355846202e-14
1.411000000000000000e+03 0.000000000000000000e+00 0.000000000000000000e+00 2.428667092902733263e-14
1.412000000000000000e+03 0.000000000000000000e+00 0.000000000000000000e+00 2.425719109701714320e-14
1.413000000000000000e+03 0.000000000000000000e+00 0.000000000000000000e+00 2.422776822231931019e-14
1.414000000000000000e+03 0.000000000000000000e+00 0.000000000000000000e+00 2.419840227131180243e-14
1.415000000000000000e+03 0.000000000000000000e+00 0.000000000000000000e+00 2.416909347239160559e-14
1.416000000000000000e+03 0.000000000000000000e+00 0.000000000000000000e+00 2.413984178449068092e-14
1.417000000000000000e+03 0.000000000000000000e+00 0.000000000000000000e+00 2.411064742873042254e-14
1.418000000000000000e+03 0.000000000000000000e+00 0.000000000000000000e+00 2.408151035579148332e-14
1.419000000000000000e+03 0.000000000000000000e+00 0.000000000000000000e+00 2.405243077806920939e-14
1.420000000000000000e+03 0.000000000000000000e+00 0.000000000000000000e+00 2.402340863985581818e-14
1.421000000000000000e+03 0.000000000000000000e+00 0.000000000000000000e+00 2.399444414538484530e-14
1.422000000000000000e+03 0.000000000000000000e+00 0.000000000000000000e+00 2.396553722945372469e-14
1.423000000000000000e+03 0.000000000000000000e+00 0.000000000000000000e+00 2.393668808680203520e-14
1.424000000000000000e+03 0.000000000000000000e+00 0.000000000000000000e+00 2.390789664478888982e-14
1.425000000000000000e+03 0.000000000000000000e+00 0.000000000000000000e+00 2.387916309039275089e-14
1.426000000000000000e+03 0.000000000000000000e+00 0.000000000000000000e+00 2.385048733959001759e-14
1.427000000000000000e+03 0.000000000000000000e+00 0.000000000000000000e+00 2.382186957198938332e-14
1.428000000000000000e+03 0.000000000000000000e+00 0.000000000000000000e+00 2.379330969374089293e-14
1.429000000000000000e+03 0.000000000000000000e+00 0.000000000000000000e+00 2.376480787502618476e-14
1.430000000000000000e+03 0.000000000000000000e+00 0.000000000000000000e+00 2.373636401597083916e-14
1.431000000000000000e+03 0.000000000000000000e+00 0.000000000000000000e+00 2.370797827297122907e-14
1.432000000000000000e+03 0.000000000000000000e+00 0.000000000000000000e+00 2.367965053843624697e-14
1.433000000000000000e+03 0.000000000000000000e+00 0.000000000000000000e+00 2.365138095830224470e-14
1.434000000000000000e+03 0.000000000000000000e+00 0.000000000000000000e+00 2.362316941333503900e-14
1.435000000000000000e+03 0.000000000000000000e+00 0.000000000000000000e+00 2.359501604004618277e-14
1.436000000000000000e+03 0.000000000000000000e+00 0.000000000000000000e+00 2.356692070905804154e-14
1.437000000000000000e+03 0.000000000000000000e+00 0.000000000000000000e+00 2.353888354587628696e-14
1.438000000000000000e+03 0.000000000000000000e+00 0.000000000000000000e+00 2.351090440994544424e-14
1.439000000000000000e+03 0.000000000000000000e+00 0.000000000000000000e+00 2.348298341493477521e-14
1.440000000000000000e+03 0.000000000000000000e+00 0.000000000000000000e+00 2.345512041090676240e-14
1.441000000000000000e+03 0.000000000000000000e+00 0.000000000000000000e+00 2.342731550137906597e-14
1.442000000000000000e+03 0.000000000000000000e+00 0.000000000000000000e+00 2.339956852531087547e-14
1.443000000000000000e+03 0.000000000000000000e+00 0.000000000000000000e+00 2.337187957584318416e-14
1.444000000000000000e+03 0.000000000000000000e+00 0.000000000000000000e+00 2.334424848355520373e-14
1.445000000000000000e+03 0.000000000000000000e+00 0.000000000000000000e+00 2.331667532853204278e-14
1.446000000000000000e+03 0.000000000000000000e+00 0.000000000000000000e+00 2.328915993224635319e-14
1.447000000000000000e+03 0.000000000000000000e+00 0.000000000000000000e+00 2.326170236377229466e-14
1.448000000000000000e+03 0.000000000000000000e+00 0.000000000000000000e+00 2.323430243283071302e-14
1.449000000000000000e+03 0.000000000000000000e+00 0.000000000000000000e+00 2.320696019761138390e-14
1.450000000000000000e+03 0.000000000000000000e+00 0.000000000000000000e+00 2.317967545684458205e-14
1.451000000000000000e+03 0.000000000000000000e+00 0.000000000000000000e+00 2.315244825778991355e-14
1.452000000000000000e+03 0.000000000000000000e+00 0.000000000000000000e+00 2.312527838862578660e-14
1.453000000000000000e+03 0.000000000000000000e+00 0.000000000000000000e+00 2.309816588542865000e-14
1.454000000000000000e+03 0.000000000000000000e+00 0.000000000000000000e+00 2.307111052712459589e-14
1.455000000000000000e+03 0.000000000000000000e+00 0.000000000000000000e+00 2.304411233764134694e-14
1.456000000000000000e+03 0.000000000000000000e+00 0.000000000000000000e+00 2.301717108596174121e-14
1.457000000000000000e+03 0.000000000000000000e+00 0.000000000000000000e+00 2.299028678578187760e-14
1.458000000000000000e+03 0.000000000000000000e+00 0.000000000000000000e+00 2.296345919618001636e-14
1.459000000000000000e+03 0.000000000000000000e+00 0.000000000000000000e+00 2.293668831804345563e-14
1.460000000000000000e+03 0.000000000000000000e+00 0.000000000000000000e+00 2.290997390278814554e-14
1.461000000000000000e+03 0.000000000000000000e+00 0.000000000000000000e+00 2.288331593860121275e-14
1.462000000000000000e+03 0.000000000000000000e+00 0.000000000000000000e+00 2.285671416610087181e-14
1.463000000000000000e+03 0.000000000000000000e+00 0.000000000000000000e+00 2.283016856285213630e-14
1.464000000000000000e+03 0.000000000000000000e+00 0.000000000000000000e+00 2.280367885862507699e-14
1.465000000000000000e+03 0.000000000000000000e+00 0.000000000000000000e+00 2.277724501908581040e-14
1.466000000000000000e+03 0.000000000000000000e+00 0.000000000000000000e+00 2.275086676410313323e-14
1.467000000000000000e+03 0.000000000000000000e+00 0.000000000000000000e+00 2.272454405033089000e-14
1.468000000000000000e+03 0.000000000000000000e+00 0.000000000000000000e+00 2.269827658490813945e-14
1.469000000000000000e+03 0.000000000000000000e+00 0.000000000000000000e+00 2.267206431588997499e-14
1.470000000000000000e+03 0.000000000000000000e+00 0.000000000000000000e+00 2.264590694170687902e-14
1.471000000000000000e+03 0.000000000000000000e+00 0.000000000000000000e+00 2.261980439931263992e-14
1.472000000000000000e+03 0.000000000000000000e+00 0.000000000000000000e+00 2.259375637815326124e-14
1.473000000000000000e+03 0.000000000000000000e+00 0.000000000000000000e+00 2.256776280606678607e-14
1.474000000000000000e+03 0.000000000000000000e+00 0.000000000000000000e+00 2.254182336273936457e-14
1.475000000000000000e+03 0.000000000000000000e+00 0.000000000000000000e+00 2.251593796714425012e-14
1.476000000000000000e+03 0.000000000000000000e+00 0.000000000000000000e+00 2.249010629091041057e-14
1.477000000000000000e+03 0.000000000000000000e+00 0.000000000000000000e+00 2.246432824228385315e-14
1.478000000000000000e+03 0.000000000000000000e+00 0.000000000000000000e+00 2.243860348511674980e-14
1.479000000000000000e+03 0.000000000000000000e+00 0.000000000000000000e+00 2.241293191831447401e-14
1.480000000000000000e+03 0.000000000000000000e+00 0.000000000000000000e+00 2.238731319707600573e-14
1.481000000000000000e+03 0.000000000000000000e+00 0.000000000000000000e+00 2.236174721252674500e-14
1.482000000000000000e+03 0.000000000000000000e+00 0.000000000000000000e+00 2.233623361216168775e-14
1.483000000000000000e+03 0.000000000000000000e+00 0.000000000000000000e+00 2.231077227751395045e-14
1.484000000000000000e+03 0.000000000000000000e+00 0.000000000000000000e+00 2.228536284901134506e-14
1.485000000000000000e+03 0.000000000000000000e+00 0.000000000000000000e+00 2.226000520078556689e-14
1.486000000000000000e+03 0.000000000000000000e+00 0.000000000000000000e+00 2.223469896564026709e-14
1.487000000000000000e+03 0.000000000000000000e+00 0.000000000000000000e+00 2.220944400871046634e-14
1.488000000000000000e+03 0.000000000000000000e+00 0.000000000000000000e+00 2.218423995723468611e-14
1.489000000000000000e+03 0.000000000000000000e+00 0.000000000000000000e+00 2.215908667165922606e-14
1.490000000000000000e+03 0.000000000000000000e+00 0.000000000000000000e+00 2.213398377068119096e-14
1.491000000000000000e+03 0.000000000000000000e+00 0.000000000000000000e+00 2.210893110756073944e-14
1.492000000000000000e+03 0.000000000000000000e+00 0.000000000000000000e+00 2.208392829732144036e-14
1.493000000000000000e+03 0.000000000000000000e+00 0.000000000000000000e+00 2.205897518712870037e-14
1.494000000000000000e+03 0.000000000000000000e+00 0.000000000000000000e+00 2.203407138497039253e-14
1.495000000000000000e+03 0.000000000000000000e+00 0.000000000000000000e+00 2.200921673233157594e-14
1.496000000000000000e+03 0.000000000000000000e+00 0.000000000000000000e+00 2.198441083398405450e-14
1.497000000000000000e+03 0.000000000000000000e+00 0.000000000000000000e+00 2.195965352362262395e-14
1.498000000000000000e+03 0.000000000000000000e+00 0.000000000000000000e+00 2.193494440149007681e-14
1.499000000000000000e+03 0.000000000000000000e+00 0.000000000000000000e+00 2.191028329744021038e-14
1.500000000000000000e+03 0.000000000000000000e+00 0.000000000000000000e+00 2.188566980613621346e-14
1.501000000000000000e+03 0.000000000000000000e+00 0.000000000000000000e+00 2.186110375267220271e-14
1.502000000000000000e+03 0.000000000000000000e+00 0.000000000000000000e+00 2.183658472781503147e-14
1.503000000000000000e+03 0.000000000000000000e+00 0.000000000000000000e+00 2.181211255367396868e-14
1.504000000000000000e+03 0.000000000000000000e+00 0.000000000000000000e+00 2.178768681606947946e-14
1.505000000000000000e+03 0.000000000000000000e+00 0.000000000000000000e+00 2.176330733432939123e-14
1.506000000000000000e+03 0.000000000000000000e+00 0.000000000000000000e+00 2.173897369184125582e-14
1.507000000000000000e+03 0.000000000000000000e+00 0.000000000000000000e+00 2.171468570561758759e-14
1.508000000000000000e+03 0.000000000000000000e+00 0.000000000000000000e+00 2.169044295517593191e-14
1.509000000000000000e+03 0.000000000000000000e+00 0.000000000000000000e+00 2.166624525777314176e-14
1.510000000000000000e+03 0.000000000000000000e+00 0.000000000000000000e+00 2.164209219139351668e-14
1.511000000000000000e+03 0.000000000000000000e+00 0.000000000000000000e+00 2.161798355863478829e-14
1.512000000000000000e+03 0.000000000000000000e+00 0.000000000000000000e+00 2.159391894786640483e-14
1.513000000000000000e+03 0.000000000000000000e+00 0.000000000000000000e+00 2.156989816436072767e-14
1.514000000000000000e+03 0.000000000000000000e+00 0.000000000000000000e+00 2.154592078259131609e-14
1.515000000000000000e+03 0.000000000000000000e+00 0.000000000000000000e+00 2.152198661039789188e-14
1.516000000000000000e+03 0.000000000000000000e+00 0.000000000000000000e+00 2.149809521729363485e-14
1.517000000000000000e+03 0.000000000000000000e+00 0.000000000000000000e+00 2.147424641355012934e-14
1.518000000000000000e+03 0.000000000000000000e+00 0.000000000000000000e+00 2.145043977715362180e-14
1.519000000000000000e+03 0.000000000000000000e+00 0.000000000000000000e+00 2.142667511100448559e-14
1.520000000000000000e+03 0.000000000000000000e+00 0.000000000000000000e+00 2.140295198951539571e-14
1.521000000000000000e+03 0.000000000000000000e+00 0.000000000000000000e+00 2.137927021403137265e-14
1.522000000000000000e+03 0.000000000000000000e+00 0.000000000000000000e+00 2.135562936926197920e-14
1.523000000000000000e+03 0.000000000000000000e+00 0.000000000000000000e+00 2.133202924765148672e-14
1.524000000000000000e+03 0.000000000000000000e+00 0.000000000000000000e+00 2.130846943153635298e-14
1.525000000000000000e+03 0.000000000000000000e+00 0.000000000000000000e+00 2.128494971995750932e-14
1.526000000000000000e+03 0.000000000000000000e+00 0.000000000000000000e+00 2.126146969669195242e-14
1.527000000000000000e+03 0.000000000000000000e+00 0.000000000000000000e+00 2.123802915647070361e-14
1.528000000000000000e+03 0.000000000000000000e+00 0.000000000000000000e+00 2.121462768719422388e-14
1.529000000000000000e+03 0.000000000000000000e+00 0.000000000000000000e+00 2.119126508313911598e-14
1.530000000000000000e+03 0.000000000000000000e+00 0.000000000000000000e+00 2.116794092803001514e-14
1.531000000000000000e+03 0.000000000000000000e+00 0.000000000000000000e+00 2.114465501863632458e-14
1.532000000000000000e+03 0.000000000000000000e+00 0.000000000000000000e+00 2.112140694838680779e-14
1.533000000000000000e+03 0.000000000000000000e+00 0.000000000000000000e+00 2.109819650910498148e-14
1.534000000000000000e+03 0.000000000000000000e+00 0.000000000000000000e+00 2.107502329253118174e-14
1.535000000000000000e+03 0.000000000000000000e+00 0.000000000000000000e+00 2.105188709986868022e-14
1.536000000000000000e+03 0.000000000000000000e+00 0.000000000000000000e+00 2.102878752682481467e-14
1.537000000000000000e+03 0.000000000000000000e+00 0.000000000000000000e+00 2.100572437151765329e-14
1.538000000000000000e+03 0.000000000000000000e+00 0.000000000000000000e+00 2.098269723492903452e-14
1.539000000000000000e+03 0.000000000000000000e+00 0.000000000000000000e+00 2.095970590910312263e-14
1.540000000000000000e+03 0.000000000000000000e+00 0.000000000000000000e+00 2.093675001035620547e-14
1.541000000000000000e+03 0.000000000000000000e+00 0.000000000000000000e+00 2.091382932978186675e-14
1.542000000000000000e+03 0.000000000000000000e+00 0.000000000000000000e+00 2.089094347832832838e-14
1.543000000000000000e+03 0.000000000000000000e+00 0.000000000000000000e+00 2.086809226666882167e-14
1.544000000000000000e+03 0.000000000000000000e+00 0.000000000000000000e+00 2.084527529983875627e-14
1.545000000000000000e+03 0.000000000000000000e+00 0.000000000000000000e+00 2.082249238299335402e-14
1.546000000000000000e+03 0.000000000000000000e+00 0.000000000000000000e+00 2.079974313102797496e-14
1.547000000000000000e+03 0.000000000000000000e+00 0.000000000000000000e+00 2.077702736035972016e-14
1.548000000000000000e+03 0.000000000000000000e+00 0.000000000000000000e+00 2.075434468429521221e-14
1.549000000000000000e+03 0.000000000000000000e+00 0.000000000000000000e+00 2.073169492894082776e-14
1.550000000000000000e+03 0.000000000000000000e+00 0.000000000000000000e+00 2.070907770333965179e-14
1.551000000000000000e+03 0.000000000000000000e+00 0.000000000000000000e+00 2.068649284252736055e-14
1.552000000000000000e+03 0.000000000000000000e+00 0.000000000000000000e+00 2.066393995662891758e-14
1.553000000000000000e+03 0.000000000000000000e+00 0.000000000000000000e+00 2.064141889106111204e-14
1.554000000000000000e+03 0.000000000000000000e+00 0.000000000000000000e+00 2.061892925972307363e-14
1.555000000000000000e+03 0.000000000000000000e+00 0.000000000000000000e+00 2.059647090072670164e-14
1.556000000000000000e+03 0.000000000000000000e+00 0.000000000000000000e+00 2.057404345131179710e-14
1.557000000000000000e+03 0.000000000000000000e+00 0.000000000000000000e+00 2.055164674255576573e-14
1.558000000000000000e+03 0.000000000000000000e+00 0.000000000000000000e+00 2.052928041879613406e-14
1.559000000000000000e+03 0.000000000000000000e+00 0.000000000000000000e+00 2.050694432929116932e-14
1.560000000000000000e+03 0.000000000000000000e+00 0.000000000000000000e+00 2.048463811011681555e-14
1.561000000000000000e+03 0.000000000000000000e+00 0.000000000000000000e+00 2.046236161420423850e-14
1.562000000000000000e+03 0.000000000000000000e+00 0.000000000000000000e+00 2.044011448804211263e-14
1.563000000000000000e+03 0.000000000000000000e+00 0.000000000000000000e+00 2.041789659200521317e-14
1.564000000000000000e+03 0.000000000000000000e+00 0.000000000000000000e+00 2.039570757262516333e-14
1.565000000000000000e+03 0.000000000000000000e+00 0.000000000000000000e+00 2.037354729914269239e-14
1.566000000000000000e+03 0.000000000000000000e+00 0.000000000000000000e+00 2.035141542348393212e-14
1.567000000000000000e+03 0.000000000000000000e+00 0.000000000000000000e+00 2.032931182311072257e-14
1.568000000000000000e+03 0.000000000000000000e+00 0.000000000000000000e+00 2.030723614977089085e-14
1.569000000000000000e+03 0.000000000000000000e+00 0.000000000000000000e+00 2.028518829077942109e-14
1.570000000000000000e+03 0.000000000000000000e+00 0.000000000000000000e+00 2.026316790959286204e-14
1.571000000000000000e+03 0.000000000000000000e+00 0.000000000000000000e+00 2.024117489601063950e-14
1.572000000000000000e+03 0.000000000000000000e+00 0.000000000000000000e+00 2.021920892370586820e-14
1.573000000000000000e+03 0.000000000000000000e+00 0.000000000000000000e+00 2.019726988031397073e-14
1.574000000000000000e+03 0.000000000000000000e+00 0.000000000000000000e+00 2.017535745033640835e-14
1.575000000000000000e+03 0.000000000000000000e+00 0.000000000000000000e+00 2.015347153389090121e-14
1.576000000000000000e+03 0.000000000000000000e+00 0.000000000000000000e+00 2.013161181808125227e-14
1.577000000000000000e+03 0.000000000000000000e+00 0.000000000000000000e+00 2.010977820426723370e-14
1.578000000000000000e+03 0.000000000000000000e+00 0.000000000000000000e+00 2.008797039533501624e-14
1.579000000000000000e+03 0.000000000000000000e+00 0.000000000000000000e+00 2.006618829107317257e-14
1.580000000000000000e+03 0.000000000000000000e+00 0.000000000000000000e+00 2.004443160644127283e-14
1.581000000000000000e+03 0.000000000000000000e+00 0.000000000000000000e+00 2.002270025286461988e-14
1.582000000000000000e+03 0.000000000000000000e+00 0.000000000000000000e+00 2.000099394213337423e-14
1.583000000000000000e+03 0.000000000000000000e+00 0.000000000000000000e+00 1.997931260253027565e-14
1.584000000000000000e+03 0.000000000000000000e+00 0.000000000000000000e+00 1.995765595062104347e-14
1.585000000000000000e+03 0.000000000000000000e+00 0.000000000000000000e+00 1.993602392074690391e-14
1.586000000000000000e+03 0.000000000000000000e+00 0.000000000000000000e+00 1.991441623576095550e-14
1.587000000000000000e+03 0.000000000000000000e+00 0.000000000000000000e+00 1.989283283932910746e-14
1.588000000000000000e+03 0.000000000000000000e+00 0.000000000000000000e+00 1.987127346226550372e-14
1.589000000000000000e+03 0.000000000000000000e+00 0.000000000000000000e+00 1.984973804985127145e-14
1.590000000000000000e+03 0.000000000000000000e+00 0.000000000000000000e+00 1.982822634971455365e-14
1.591000000000000000e+03 0.000000000000000000e+00 0.000000000000000000e+00 1.980673830585065946e-14
1.592000000000000000e+03 0.000000000000000000e+00 0.000000000000000000e+00 1.978527367814200761e-14
1.593000000000000000e+03 0.000000000000000000e+00 0.000000000000000000e+00 1.976383241547695268e-14
1.594000000000000000e+03 0.000000000000000000e+00 0.000000000000000000e+00 1.974241429025774184e-14
1.595000000000000000e+03 0.000000000000000000e+00 0.000000000000000000e+00 1.972101925665325728e-14
1.596000000000000000e+03 0.000000000000000000e+00 0.000000000000000000e+00 1.969964709196574934e-14
1.597000000000000000e+03 0.000000000000000000e+00 0.000000000000000000e+00 1.967829776442215692e-14
1.598000000000000000e+03 0.000000000000000000e+00 0.000000000000000000e+00 1.965697105278730374e-14
1.599000000000000000e+03 0.000000000000000000e+00 0.000000000000000000e+00 1.963566694450915693e-14
1.600000000000000000e+03 0.000000000000000000e+00 0.000000000000000000e+00 1.961438521586764097e-14
1.601000000000000000e+03 0.000000000000000000e+00 0.000000000000000000e+00 1.959312586882313834e-14
1.602000000000000000e+03 0.000000000000000000e+00 0.000000000000000000e+00 1.957188869053176605e-14
1.603000000000000000e+03 0.000000000000000000e+00 0.000000000000000000e+00 1.955067368104942911e-14
1.604000000000000000e+03 0.000000000000000000e+00 0.000000000000000000e+00 1.952948064405087831e-14
1.605000000000000000e+03 0.000000000000000000e+00 0.000000000000000000e+00 1.950830958492394843e-14
1.606000000000000000e+03 0.000000000000000000e+00 0.000000000000000000e+00 1.948716031323139757e-14
1.607000000000000000e+03 0.000000000000000000e+00 0.000000000000000000e+00 1.946603284821494422e-14
1.608000000000000000e+03 0.000000000000000000e+00 0.000000000000000000e+00 1.944492700728624745e-14
1.609000000000000000e+03 0.000000000000000000e+00 0.000000000000000000e+00 1.942384282163466493e-14
1.610000000000000000e+03 0.000000000000000000e+00 0.000000000000000000e+00 1.940278010949085427e-14
1.611000000000000000e+03 0.000000000000000000e+00 0.000000000000000000e+00 1.938173891318023226e-14
1.612000000000000000e+03 0.000000000000000000e+00 0.000000000000000000e+00 1.936071907101346591e-14
1.613000000000000000e+03 0.000000000000000000e+00 0.000000000000000000e+00 1.933972062029581269e-14
1.614000000000000000e+03 0.000000000000000000e+00 0.000000000000000000e+00 1.931874340607020164e-14
1.615000000000000000e+03 0.000000000000000000e+00 0.000000000000000000e+00 1.929778748343336682e-14
1.616000000000000000e+03 0.000000000000000000e+00 0.000000000000000000e+00 1.927685270594497841e-14
1.617000000000000000e+03 0.000000000000000000e+00 0.000000000000000000e+00 1.925593912590417307e-14
1.618000000000000000e+03 0.000000000000000000e+00 0.000000000000000000e+00 1.923504661234544978e-14
1.619000000000000000e+03 0.000000000000000000e+00 0.000000000000000000e+00 1.921417522895290886e-14
1.620000000000000000e+03 0.000000000000000000e+00 0.000000000000000000e+00 1.919332485012991352e-14
1.621000000000000000e+03 0.000000000000000000e+00 0.000000000000000000e+00 1.917249554817118914e-14
1.622000000000000000e+03 0.000000000000000000e+00 0.000000000000000000e+00 1.915168719748055016e-14
1.623000000000000000e+03 0.000000000000000000e+00 0.000000000000000000e+00 1.913089988564947326e-14
1.624000000000000000e+03 0.000000000000000000e+00 0.000000000000000000e+00 1.911013349911412945e-14
1.625000000000000000e+03 0.000000000000000000e+00 0.000000000000000000e+00 1.908938813637361618e-14
1.626000000000000000e+03 0.000000000000000000e+00 0.000000000000000000e+00 1.906866368615977171e-14
1.627000000000000000e+03 0.000000000000000000e+00 0.000000000000000000e+00 1.904796025044700127e-14
1.628000000000000000e+03 0.000000000000000000e+00 0.000000000000000000e+00 1.902727773628817577e-14
1.629000000000000000e+03 0.000000000000000000e+00 0.000000000000000000e+00 1.900661624500423961e-14
1.630000000000000000e+03 0.000000000000000000e+00 0.000000000000000000e+00 1.898597569592375543e-14
1.631000000000000000e+03 0.000000000000000000e+00 0.000000000000000000e+00 1.896535619959880436e-14
1.632000000000000000e+03 0.000000000000000000e+00 0.000000000000000000e+00 1.894475768629730092e-14
1.633000000000000000e+03 0.000000000000000000e+00 0.000000000000000000e+00 1.892418026771238200e-14
1.634000000000000000e+03 0.000000000000000000e+00 0.000000000000000000e+00 1.890362388292349740e-14
1.635000000000000000e+03 0.000000000000000000e+00 0.000000000000000000e+00 1.888308866080459708e-14
1.636000000000000000e+03 0.000000000000000000e+00 0.000000000000000000e+00 1.886257453505917001e-14
1.637000000000000000e+03 0.000000000000000000e+00 0.000000000000000000e+00 1.884208164508109331e-14
1.638000000000000000e+03 0.000000000000000000e+00 0.000000000000000000e+00 1.882160994002607282e-14
1.639000000000000000e+03 0.000000000000000000e+00 0.000000000000000000e+00 1.880115956047188603e-14
1.640000000000000000e+03 0.000000000000000000e+00 0.000000000000000000e+00 1.878073046439127400e-14
1.641000000000000000e+03 0.000000000000000000e+00 0.000000000000000000e+00 1.876032279767709711e-14
1.642000000000000000e+03 0.000000000000000000e+00 0.000000000000000000e+00 1.873993652525472516e-14
1.643000000000000000e+03 0.000000000000000000e+00 0.000000000000000000e+00 1.871957179732022320e-14
1.644000000000000000e+03 0.000000000000000000e+00 0.000000000000000000e+00 1.869922859303303785e-14
1.645000000000000000e+03 0.000000000000000000e+00 0.000000000000000000e+00 1.867890706676176560e-14
1.646000000000000000e+03 0.000000000000000000e+00 0.000000000000000000e+00 1.865860720676583693e-14
1.647000000000000000e+03 0.000000000000000000e+00 0.000000000000000000e+00 1.863832917067438716e-14
1.648000000000000000e+03 0.000000000000000000e+00 0.000000000000000000e+00 1.861807295635951133e-14
1.649000000000000000e+03 0.000000000000000000e+00 0.000000000000000000e+00 1.859783872955551821e-14
1.650000000000000000e+03 0.000000000000000000e+00 0.000000000000000000e+00 1.857762648925259013e-14
1.651000000000000000e+03 0.000000000000000000e+00 0.000000000000000000e+00 1.855743640610458386e-14
1.652000000000000000e+03 0.000000000000000000e+00 0.000000000000000000e+00 1.853726848829007797e-14
1.653000000000000000e+03 0.000000000000000000e+00 0.000000000000000000e+00 1.851712291805834835e-14
1.654000000000000000e+03 0.000000000000000000e+00 0.000000000000000000e+00 1.849699970275521412e-14
1.655000000000000000e+03 0.000000000000000000e+00 0.000000000000000000e+00 1.847689903078751226e-14
1.656000000000000000e+03 0.000000000000000000e+00 0.000000000000000000e+00 1.845682091158324448e-14
1.657000000000000000e+03 0.000000000000000000e+00 0.000000000000000000e+00 1.843676554415155409e-14
1.658000000000000000e+03 0.000000000000000000e+00 0.000000000000000000e+00 1.841673294685811695e-14
1.659000000000000000e+03 0.000000000000000000e+00 0.000000000000000000e+00 1.839672331929771725e-14
1.660000000000000000e+03 0.000000000000000000e+00 0.000000000000000000e+00 1.837673668329870738e-14
1.661000000000000000e+03 0.000000000000000000e+00 0.000000000000000000e+00 1.835677324758019649e-14
1.662000000000000000e+03 0.000000000000000000e+00 0.000000000000000000e+00 1.833683303694521785e-14
1.663000000000000000e+03 0.000000000000000000e+00 0.000000000000000000e+00 1.831691626509962695e-14
1.664000000000000000e+03 0.000000000000000000e+00 0.000000000000000000e+00 1.829702296464029868e-14
1.665000000000000000e+03 0.000000000000000000e+00 0.000000000000000000e+00 1.827715334595162124e-14
1.666000000000000000e+03 0.000000000000000000e+00 0.000000000000000000e+00 1.825730745291322518e-14
1.667000000000000000e+03 0.000000000000000000e+00 0.000000000000000000e+00 1.823748550008061022e-14
1.668000000000000000e+03 0.000000000000000000e+00 0.000000000000000000e+00 1.821768753069731681e-14
1.669000000000000000e+03 0.000000000000000000e+00 0.000000000000000000e+00 1.819791376218244446e-14
1.670000000000000000e+03 0.000000000000000000e+00 0.000000000000000000e+00 1.817816424393453248e-14
1.671000000000000000e+03 0.000000000000000000e+00 0.000000000000000000e+00 1.815843920101494078e-14
1.672000000000000000e+03 0.000000000000000000e+00 0.000000000000000000e+00 1.813873868532117488e-14
1.673000000000000000e+03 0.000000000000000000e+00 0.000000000000000000e+00 1.811906291902724703e-14
1.674000000000000000e+03 0.000000000000000000e+00 0.000000000000000000e+00 1.809941196199806322e-14
1.675000000000000000e+03 0.000000000000000000e+00 0.000000000000000000e+00 1.807978604016775068e-14
1.676000000000000000e+03 0.000000000000000000e+00 0.000000000000000000e+00 1.806018521732572582e-14
1.677000000000000000e+03 0.000000000000000000e+00 0.000000000000000000e+00 1.804060972049713576e-14
1.678000000000000000e+03 0.000000000000000000e+00 0.000000000000000000e+00 1.802105961453604672e-14
1.679000000000000000e+03 0.000000000000000000e+00 0.000000000000000000e+00 1.800153512522374573e-14
1.680000000000000000e+03 0.000000000000000000e+00 0.000000000000000000e+00 1.798203632371087949e-14
1.681000000000000000e+03 0.000000000000000000e+00 0.000000000000000000e+00 1.796256343983313927e-14
1.682000000000000000e+03 0.000000000000000000e+00 0.000000000000000000e+00 1.794311654126823058e-14
1.683000000000000000e+03 0.000000000000000000e+00 0.000000000000000000e+00 1.792369586348803497e-14
1.684000000000000000e+03 0.000000000000000000e+00 0.000000000000000000e+00 1.790430147115697653e-14
1.685000000000000000e+03 0.000000000000000000e+00 0.000000000000000000e+00 1.788493360103387188e-14
1.686000000000000000e+03 0.000000000000000000e+00 0.000000000000000000e+00 1.786559232181965485e-14
1.687000000000000000e+03 0.000000000000000000e+00 0.000000000000000000e+00 1.784627786958004570e-14
1.688000000000000000e+03 0.000000000000000000e+00 0.000000000000000000e+00 1.782699031227940623e-14
1.689000000000000000e+03 0.000000000000000000e+00 0.000000000000000000e+00 1.780772989059078303e-14
1.690000000000000000e+03 0.000000000000000000e+00 0.000000000000000000e+00 1.778849667522672103e-14
1.691000000000000000e+03 0.000000000000000000e+00 0.000000000000000000e+00 1.776929090167853301e-14
1.692000000000000000e+03 0.000000000000000000e+00 0.000000000000000000e+00 1.775011264051042647e-14
1.693000000000000000e+03 0.000000000000000000e+00 0.000000000000000000e+00 1.773096213377007286e-14
1.694000000000000000e+03 0.000000000000000000e+00 0.000000000000000000e+00 1.771183945003765035e-14
1.695000000000000000e+03 0.000000000000000000e+00 0.000000000000000000e+00 1.769274482596440331e-14
1.696000000000000000e+03 0.000000000000000000e+00 0.000000000000000000e+00 1.767367833343745585e-14
1.697000000000000000e+03 0.000000000000000000e+00 0.000000000000000000e+00 1.765464021000707926e-14
1.698000000000000000e+03 0.000000000000000000e+00 0.000000000000000000e+00 1.763563052016212875e-14
1.699000000000000000e+03 0.000000000000000000e+00 0.000000000000000000e+00 1.761664951181910743e-14
1.700000000000000000e+03 0.000000000000000000e+00 0.000000000000000000e+00 1.759769724206329732e-14
1.701000000000000000e+03 0.000000000000000000e+00 0.000000000000000000e+00 1.757877395590274082e-14
1.702000000000000000e+03 0.000000000000000000e+00 0.000000000000000000e+00 1.755987971516152413e-14
1.703000000000000000e+03 0.000000000000000000e+00 0.000000000000000000e+00 1.754101475506847447e-14
1.704000000000000000e+03 0.000000000000000000e+00 0.000000000000000000e+00 1.752217914327288572e-14
1.705000000000000000e+03 0.000000000000000000e+00 0.000000000000000000e+00 1.750337311240388450e-14
1.706000000000000000e+03 0.000000000000000000e+00 0.000000000000000000e+00 1.748459672965869693e-14
1.707000000000000000e+03 0.000000000000000000e+00 0.000000000000000000e+00 1.746585022309725366e-14
1.708000000000000000e+03 0.000000000000000000e+00 0.000000000000000000e+00 1.744713365800477444e-14
1.709000000000000000e+03 0.000000000000000000e+00 0.000000000000000000e+00 1.742844726127998670e-14
1.710000000000000000e+03 0.000000000000000000e+00 0.000000000000000000e+00 1.740979109512930282e-14
1.711000000000000000e+03 0.000000000000000000e+00 0.000000000000000000e+00 1.739116538816372329e-14
1.712000000000000000e+03 0.000000000000000000e+00 0.000000000000000000e+00 1.737257019657582989e-14
1.713000000000000000e+03 0.000000000000000000e+00 0.000000000000000000e+00 1.735400574567588392e-14
1.714000000000000000e+03 0.000000000000000000e+00 0.000000000000000000e+00 1.733547209149220107e-14
1.715000000000000000e+03 0.000000000000000000e+00 0.000000000000000000e+00 1.731696945397491582e-14
1.716000000000000000e+03 0.000000000000000000e+00 0.000000000000000000e+00 1.729849788421063831e-14
1.717000000000000000e+03 0.000000000000000000e+00 0.000000000000000000e+00 1.728005760199662493e-14
1.718000000000000000e+03 0.000000000000000000e+00 0.000000000000000000e+00 1.726164865199070805e-14
1.719000000000000000e+03 0.000000000000000000e+00 0.000000000000000000e+00 1.724327125536853650e-14
1.720000000000000000e+03 0.000000000000000000e+00 0.000000000000000000e+00 1.722492544971414803e-14
1.721000000000000000e+03 0.000000000000000000e+00 0.000000000000000000e+00 1.720661144775265784e-14
1.722000000000000000e+03 0.000000000000000000e+00 0.000000000000000000e+00 1.718832928520918769e-14
1.723000000000000000e+03 0.000000000000000000e+00 0.000000000000000000e+00 1.717007917277337076e-14
1.724000000000000000e+03 0.000000000000000000e+00 0.000000000000000000e+00 1.715186114567494939e-14
1.725000000000000000e+03 0.000000000000000000e+00 0.000000000000000000e+00 1.713367540971927400e-14
1.726000000000000000e+03 0.000000000000000000e+00 0.000000000000000000e+00 1.711552199019157381e-14
1.727000000000000000e+03 0.000000000000000000e+00 0.000000000000000000e+00 1.709740109094060018e-14
1.728000000000000000e+03 0.000000000000000000e+00 0.000000000000000000e+00 1.707931273489121583e-14
1.729000000000000000e+03 0.000000000000000000e+00 0.000000000000000000e+00 1.706125711466926573e-14
1.730000000000000000e+03 0.000000000000000000e+00 0.000000000000000000e+00 1.704323425214589008e-14
1.731000000000000000e+03 0.000000000000000000e+00 0.000000000000000000e+00 1.702524433620038098e-14
1.732000000000000000e+03 0.000000000000000000e+00 0.000000000000000000e+00 1.700728738324330457e-14
1.733000000000000000e+03 0.000000000000000000e+00 0.000000000000000000e+00 1.698936357529499984e-14
1.734000000000000000e+03 0.000000000000000000e+00 0.000000000000000000e+00 1.697147292830569472e-14
1.735000000000000000e+03 0.000000000000000000e+00 0.000000000000000000e+00 1.695361561611433502e-14
1.736000000000000000e+03 0.000000000000000000e+00 0.000000000000000000e+00 1.693579164537902038e-14
1.737000000000000000e+03 0.000000000000000000e+00 0.000000000000000000e+00 1.691800118620694276e-14
1.738000000000000000e+03 0.000000000000000000e+00 0.000000000000000000e+00 1.690024424178483201e-14
1.739000000000000000e+03 0.000000000000000000e+00 0.000000000000000000e+00 1.688252098061322603e-14
1.740000000000000000e+03 0.000000000000000000e+00 0.000000000000000000e+00 1.686483139409580655e-14
1.741000000000000000e+03 0.000000000000000000e+00 0.000000000000000000e+00 1.684717564077053029e-14
1.742000000000000000e+03 0.000000000000000000e+00 0.000000000000000000e+00 1.682955371129098273e-14
1.743000000000000000e+03 0.000000000000000000e+00 0.000000000000000000e+00 1.681196575965279006e-14
1.744000000000000000e+03 0.000000000000000000e+00 0.000000000000000000e+00 1.679441176601299873e-14
1.745000000000000000e+03 0.000000000000000000e+00 0.000000000000000000e+00 1.677689187691940666e-14
1.746000000000000000e+03 0.000000000000000000e+00 0.000000000000000000e+00 1.675940606851538017e-14
1.747000000000000000e+03 0.000000000000000000e+00 0.000000000000000000e+00 1.674195448479494093e-14
1.748000000000000000e+03 0.000000000000000000e+00 0.000000000000000000e+00 1.672453708950353742e-14
1.749000000000000000e+03 0.000000000000000000e+00 0.000000000000000000e+00 1.670715402113157698e-14
1.750000000000000000e+03 0.000000000000000000e+00 0.000000000000000000e+00 1.668980523893364602e-14
1.751000000000000000e+03 0.000000000000000000e+00 0.000000000000000000e+00 1.667249086898317832e-14
1.752000000000000000e+03 0.000000000000000000e+00 0.000000000000000000e+00 1.665521086860614998e-14
1.753000000000000000e+03 0.000000000000000000e+00 0.000000000000000000e+00 1.663796535894544058e-14
1.754000000000000000e+03 0.000000000000000000e+00 0.000000000000000000e+00 1.662075429165232060e-14
1.755000000000000000e+03 0.000000000000000000e+00 0.000000000000000000e+00 1.660357778022807813e-14
1.756000000000000000e+03 0.000000000000000000e+00 0.000000000000000000e+00 1.658643576990220151e-14
1.757000000000000000e+03 0.000000000000000000e+00 0.000000000000000000e+00 1.656932836652988458e-14
1.758000000000000000e+03 0.000000000000000000e+00 0.000000000000000000e+00 1.655225550748236512e-14
1.759000000000000000e+03 0.000000000000000000e+00 0.000000000000000000e+00 1.653521728962012187e-14
1.760000000000000000e+03 0.000000000000000000e+00 0.000000000000000000e+00 1.651821364833787953e-14
1.761000000000000000e+03 0.000000000000000000e+00 0.000000000000000000e+00 1.650124467702367419e-14
1.762000000000000000e+03 0.000000000000000000e+00 0.000000000000000000e+00 1.648431029516752939e-14
1.763000000000000000e+03 0.000000000000000000e+00 0.000000000000000000e+00 1.646741059563413510e-14
1.764000000000000000e+03 0.000000000000000000e+00 0.000000000000000000e+00 1.645054549145578273e-14
1.765000000000000000e+03 0.000000000000000000e+00 0.000000000000000000e+00 1.643371506635618604e-14
1.766000000000000000e+03 0.000000000000000000e+00 0.000000000000000000e+00 1.641691922568580676e-14
1.767000000000000000e+03 0.000000000000000000e+00 0.000000000000000000e+00 1.640015805018989124e-14
1.768000000000000000e+03 0.000000000000000000e+00 0.000000000000000000e+00 1.638343143706354988e-14
1.769000000000000000e+03 0.000000000000000000e+00 0.000000000000000000e+00 1.636673946152656327e-14
1.770000000000000000e+03 0.000000000000000000e+00 0.000000000000000000e+00 1.635008201241252011e-14
1.771000000000000000e+03 0.000000000000000000e+00 0.000000000000000000e+00 1.633345915343634310e-14
1.772000000000000000e+03 0.000000000000000000e+00 0.000000000000000000e+00 1.631687077024262234e-14
1.773000000000000000e+03 0.000000000000000000e+00 0.000000000000000000e+00 1.630031692210151317e-14
1.774000000000000000e+03 0.000000000000000000e+00 0.000000000000000000e+00 1.628379748438084015e-14
1.775000000000000000e+03 0.000000000000000000e+00 0.000000000000000000e+00 1.626731250593029420e-14
1.776000000000000000e+03 0.000000000000000000e+00 0.000000000000000000e+00 1.625086186290137008e-14
1.777000000000000000e+03 0.000000000000000000e+00 0.000000000000000000e+00 1.623444559137277906e-14
1.778000000000000000e+03 0.000000000000000000e+00 0.000000000000000000e+00 1.621806356448947136e-14
1.779000000000000000e+03 0.000000000000000000e+00 0.000000000000000000e+00 1.620171580786264299e-14
1.780000000000000000e+03 0.000000000000000000e+00 0.000000000000000000e+00 1.618540219133655863e-14
1.781000000000000000e+03 0.000000000000000000e+00 0.000000000000000000e+00 1.616912273622033295e-14
1.782000000000000000e+03 0.000000000000000000e+00 0.000000000000000000e+00 1.615287730310394874e-14
1.783000000000000000e+03 0.000000000000000000e+00 0.000000000000000000e+00 1.613666591200901447e-14
1.784000000000000000e+03 0.000000000000000000e+00 0.000000000000000000e+00 1.612048841229505558e-14
1.785000000000000000e+03 0.000000000000000000e+00 0.000000000000000000e+00 1.610434481527658412e-14
1.786000000000000000e+03 0.000000000000000000e+00 0.000000000000000000e+00 1.608823496682281045e-14
1.787000000000000000e+03 0.000000000000000000e+00 0.000000000000000000e+00 1.607215887588538419e-14
1.788000000000000000e+03 0.000000000000000000e+00 0.000000000000000000e+00 1.605611637850143105e-14
1.789000000000000000e+03 0.000000000000000000e+00 0.000000000000000000e+00 1.604010747585075246e-14
1.790000000000000000e+03 0.000000000000000000e+00 0.000000000000000000e+00 1.602413200098411813e-14
1.791000000000000000e+03 0.000000000000000000e+00 0.000000000000000000e+00 1.600818994870926767e-14
1.792000000000000000e+03 0.000000000000000000e+00 0.000000000000000000e+00 1.599228114400910728e-14
1.793000000000000000e+03 0.000000000000000000e+00 0.000000000000000000e+00 1.597640557610120527e-14
1.794000000000000000e+03 0.000000000000000000e+00 0.000000000000000000e+00 1.596056306841568035e-14
1.795000000000000000e+03 0.000000000000000000e+00 0.000000000000000000e+00 1.594475360050825869e-14
1.796000000000000000e+03 0.000000000000000000e+00 0.000000000000000000e+00 1.592897699265973693e-14
1.797000000000000000e+03 0.000000000000000000e+00 0.000000000000000000e+00 1.591323321823147507e-14
1.798000000000000000e+03 0.000000000000000000e+00 0.000000000000000000e+00 1.589752209057477672e-14
1.799000000000000000e+03 0.000000000000000000e+00 0.000000000000000000e+00 1.588184358194200543e-14
1.800000000000000000e+03 0.000000000000000000e+00 0.000000000000000000e+00 1.586619750114326080e-14
1.801000000000000000e+03 0.000000000000000000e+00 0.000000000000000000e+00 1.585058381349691369e-14
1.802000000000000000e+03 0.000000000000000000e+00 0.000000000000000000e+00 1.583500232417744361e-14
1.803000000000000000e+03 0.000000000000000000e+00 0.000000000000000000e+00 1.581945299391328787e-14
1.804000000000000000e+03 0.000000000000000000e+00 0.000000000000000000e+00 1.580393562488753386e-14
1.805000000000000000e+03 0.000000000000000000e+00 0.000000000000000000e+00 1.578845016970166343e-14
1.806000000000000000e+03 0.000000000000000000e+00 0.000000000000000000e+00 1.577299642371350470e-14
1.807000000000000000e+03 0.000000000000000000e+00 0.000000000000000000e+00 1.575757433869462630e-14
1.808000000000000000e+03 0.000000000000000000e+00 0.000000000000000000e+00 1.574218371030537818e-14
1.809000000000000000e+03 0.000000000000000000e+00 0.000000000000000000e+00 1.572682448000225004e-14
1.810000000000000000e+03 0.000000000000000000e+00 0.000000000000000000e+00 1.571149643824083274e-14
1.811000000000000000e+03 0.000000000000000000e+00 0.000000000000000000e+00 1.569619952582004677e-14
1.812000000000000000e+03 0.000000000000000000e+00 0.000000000000000000e+00 1.568093352605871833e-14
1.813000000000000000e+03 0.000000000000000000e+00 0.000000000000000000e+00 1.566569837835383901e-14
1.814000000000000000e+03 0.000000000000000000e+00 0.000000000000000000e+00 1.565049386708276015e-14
1.815000000000000000e+03 0.000000000000000000e+00 0.000000000000000000e+00 1.563531992172208990e-14
1.816000000000000000e+03 0.000000000000000000e+00 0.000000000000000000e+00 1.562017632674962999e-14
1.817000000000000000e+03 0.000000000000000000e+00 0.000000000000000000e+00 1.560506301117967191e-14
1.818000000000000000e+03 0.000000000000000000e+00 0.000000000000000000e+00 1.558997975141134651e-14
1.819000000000000000e+03 0.000000000000000000e+00 0.000000000000000000e+00 1.557492647519575808e-14
1.820000000000000000e+03 0.000000000000000000e+00 0.000000000000000000e+00 1.555990295610232399e-14
1.821000000000000000e+03 0.000000000000000000e+00 0.000000000000000000e+00 1.554490912139236687e-14
1.822000000000000000e+03 0.000000000000000000e+00 0.000000000000000000e+00 1.552994473864556843e-14
1.823000000000000000e+03 0.000000000000000000e+00 0.000000000000000000e+00 1.551500973111038847e-14
1.824000000000000000e+03 0.000000000000000000e+00 0.000000000000000000e+00 1.550010386837387887e-14
1.825000000000000000e+03 0.000000000000000000e+00 0.000000000000000000e+00 1.548522706825699124e-14
1.826000000000000000e+03 0.000000000000000000e+00 0.000000000000000000e+00 1.547037909763526372e-14
1.827000000000000000e+03 0.000000000000000000e+00 0.000000000000000000e+00 1.545555987256890725e-14
1.828000000000000000e+03 0.000000000000000000e+00 0.000000000000000000e+00 1.544076915925831179e-14
1.829000000000000000e+03 0.000000000000000000e+00 0.000000000000000000e+00 1.542600687356064809e-14
1.830000000000000000e+03 0.000000000000000000e+00 0.000000000000000000e+00 1.541127277806919544e-14
1.831000000000000000e+03 0.000000000000000000e+00 0.000000000000000000e+00 1.539656678955860138e-14
1.832000000000000000e+03 0.000000000000000000e+00 0.000000000000000000e+00 1.538188866584808839e-14
1.833000000000000000e+03 0.000000000000000000e+00 0.000000000000000000e+00 1.536723832107189504e-14
1.834000000000000000e+03 0.000000000000000000e+00 0.000000000000000000e+00 1.535261551165735870e-14
1.835000000000000000e+03 0.000000000000000000e+00 0.000000000000000000e+00 1.533802014772705416e-14
1.836000000000000000e+03 0.000000000000000000e+00 0.000000000000000000e+00 1.532345198613517773e-14
1.837000000000000000e+03 0.000000000000000000e+00 0.000000000000000000e+00 1.530891093623412667e-14
1.838000000000000000e+03 0.000000000000000000e+00 0.000000000000000000e+00 1.529439675246547983e-14
1.839000000000000000e+03 0.000000000000000000e+00 0.000000000000000000e+00 1.527990934074671636e-14
1.840000000000000000e+03 0.000000000000000000e+00 0.000000000000000000e+00 1.526544845618615716e-14
1.841000000000000000e+03 0.000000000000000000e+00 0.000000000000000000e+00 1.525101400502040405e-14
1.842000000000000000e+03 0.000000000000000000e+00 0.000000000000000000e+00 1.523660574035240514e-14
1.843000000000000000e+03 0.000000000000000000e+00 0.000000000000000000e+00 1.522222356936516500e-14
1.844000000000000000e+03 0.000000000000000000e+00 0.000000000000000000e+00 1.520786724222077405e-14
1.845000000000000000e+03 0.000000000000000000e+00 0.000000000000000000e+00 1.519353666480504661e-14
1.846000000000000000e+03 0.000000000000000000e+00 0.000000000000000000e+00 1.517923159177746696e-14
1.847000000000000000e+03 0.000000000000000000e+00 0.000000000000000000e+00 1.516495192187974202e-14
1.848000000000000000e+03 0.000000000000000000e+00 0.000000000000000000e+00 1.515069741378026200e-14
1.849000000000000000e+03 0.000000000000000000e+00 0.000000000000000000e+00 1.513646796511984373e-14
1.850000000000000000e+03 0.000000000000000000e+00 0.000000000000000000e+00 1.512226333451456647e-14
1.851000000000000000e+03 0.000000000000000000e+00 0.000000000000000000e+00 1.510808342042566868e-14
1.852000000000000000e+03 0.000000000000000000e+00 0.000000000000000000e+00 1.509392798050576859e-14
1.853000000000000000e+03 0.000000000000000000e+00 0.000000000000000000e+00 1.507979691145573944e-14
1.854000000000000000e+03 0.000000000000000000e+00 0.000000000000000000e+00 1.506568997322133606e-14
1.855000000000000000e+03 0.000000000000000000e+00 0.000000000000000000e+00 1.505160706346159796e-14
1.856000000000000000e+03 0.000000000000000000e+00 0.000000000000000000e+00 1.503754794223929956e-14
1.857000000000000000e+03 0.000000000000000000e+00 0.000000000000000000e+00 1.502351250550580478e-14
1.858000000000000000e+03 0.000000000000000000e+00 0.000000000000000000e+00 1.500950051172284751e-14
1.859000000000000000e+03 0.000000000000000000e+00 0.000000000000000000e+00 1.499551186295380076e-14
1.860000000000000000e+03 0.000000000000000000e+00 0.000000000000000000e+00 1.498154631545708782e-14
1.861000000000000000e+03 0.000000000000000000e+00 0.000000000000000000e+00 1.496760377232492672e-14
1.862000000000000000e+03 0.000000000000000000e+00 0.000000000000000000e+00 1.495368399131458594e-14
1.863000000000000000e+03 0.000000000000000000e+00 0.000000000000000000e+00 1.493978687526983964e-14
1.864000000000000000e+03 0.000000000000000000e+00 0.000000000000000000e+00 1.492591218473490092e-14
1.865000000000000000e+03 0.000000000000000000e+00 0.000000000000000000e+00 1.491205982505530271e-14
1.866000000000000000e+03 0.000000000000000000e+00 0.000000000000000000e+00 1.489822955359686177e-14
1.867000000000000000e+03 0.000000000000000000e+00 0.000000000000000000e+00 1.488442127526437446e-14
1.868000000000000000e+03 0.000000000000000000e+00 0.000000000000000000e+00 1.487063475207670941e-14
1.869000000000000000e+03 0.000000000000000000e+00 0.000000000000000000e+00 1.485686988829022562e-14
1.870000000000000000e+03 0.000000000000000000e+00 0.000000000000000000e+00 1.484312644666853637e-14
1.871000000000000000e+03 0.000000000000000000e+00 0.000000000000000000e+00 1.482940432988918076e-14
1.872000000000000000e+03 0.000000000000000000e+00 0.000000000000000000e+00 1.481570330433397728e-14
1.873000000000000000e+03 0.000000000000000000e+00 0.000000000000000000e+00 1.480202327026011039e-14
1.874000000000000000e+03 0.000000000000000000e+00 0.000000000000000000e+00 1.478836399493909484e-14
1.875000000000000000e+03 0.000000000000000000e+00 0.000000000000000000e+00 1.477472538349736849e-14
1.876000000000000000e+03 0.000000000000000000e+00 0.000000000000000000e+00 1.476110720302536151e-14
1.877000000000000000e+03 0.000000000000000000e+00 0.000000000000000000e+00 1.474750936347860267e-14
1.878000000000000000e+03 0.000000000000000000e+00 0.000000000000000000e+00 1.473393162744335671e-14
1.879000000000000000e+03 0.000000000000000000e+00 0.000000000000000000e+00 1.472037390951988338e-14
1.880000000000000000e+03 0.000000000000000000e+00 0.000000000000000000e+00 1.470683597693861986e-14
1.881000000000000000e+03 0.000000000000000000e+00 0.000000000000000000e+00 1.469331773883269482e-14
1.882000000000000000e+03 0.000000000000000000e+00 0.000000000000000000e+00 1.467981897033323039e-14
1.883000000000000000e+03 0.000000000000000000e+00 0.000000000000000000e+00 1.466633957774478085e-14
1.884000000000000000e+03 0.000000000000000000e+00 0.000000000000000000e+00 1.465287933919003400e-14
1.885000000000000000e+03 0.000000000000000000e+00 0.000000000000000000e+00 1.463943816169803398e-14
1.886000000000000000e+03 0.000000000000000000e+00 0.000000000000000000e+00 1.462601582509280804e-14
1.887000000000000000e+03 0.000000000000000000e+00 0.000000000000000000e+00 1.461261223911019034e-14
1.888000000000000000e+03 0.000000000000000000e+00 0.000000000000000000e+00 1.459922718749288733e-14
1.889000000000000000e+03 0.000000000000000000e+00 0.000000000000000000e+00 1.458586057998769517e-14
1.890000000000000000e+03 0.000000000000000000e+00 0.000000000000000000e+00 1.457251220220580676e-14
1.891000000000000000e+03 0.000000000000000000e+00 0.000000000000000000e+00 1.455918196663111950e-14
1.892000000000000000e+03 0.000000000000000000e+00 0.000000000000000000e+00 1.454586966319869913e-14
1.893000000000000000e+03 0.000000000000000000e+00 0.000000000000000000e+00 1.453257520481335398e-14
1.894000000000000000e+03 0.000000000000000000e+00 0.000000000000000000e+00 1.451929838656487933e-14
1.895000000000000000e+03 0.000000000000000000e+00 0.000000000000000000e+00 1.450603912060777897e-14
1.896000000000000000e+03 0.000000000000000000e+00 0.000000000000000000e+00 1.449279720495409505e-14
1.897000000000000000e+03 0.000000000000000000e+00 0.000000000000000000e+00 1.447957255394680508e-14
1.898000000000000000e+03 0.000000000000000000e+00 0.000000000000000000e+00 1.446636496676685372e-14
1.899000000000000000e+03 0.000000000000000000e+00 0.000000000000000000e+00 1.445317436178716175e-14
1.900000000000000000e+03 0.000000000000000000e+00 0.000000000000000000e+00 1.444000053902173305e-14
1.901000000000000000e+03 0.000000000000000000e+00 0.000000000000000000e+00 1.442684342090927434e-14
1.902000000000000000e+03 0.000000000000000000e+00 0.000000000000000000e+00 1.441370281111531934e-14
1.903000000000000000e+03 0.000000000000000000e+00 0.000000000000000000e+00 1.440057863426098055e-14
1.904000000000000000e+03 0.000000000000000000e+00 0.000000000000000000e+00 1.438747069828394368e-14
1.905000000000000000e+03 0.000000000000000000e+00 0.000000000000000000e+00 1.437437893207475948e-14
1.906000000000000000e+03 0.000000000000000000e+00 0.000000000000000000e+00 1.436130314598544455e-14
1.907000000000000000e+03 0.000000000000000000e+00 0.000000000000000000e+00 1.434824327709334814e-14
1.908000000000000000e+03 0.000000000000000000e+00 0.000000000000000000e+00 1.433519913674800145e-14
1.909000000000000000e+03 0.000000000000000000e+00 0.000000000000000000e+00 1.432217066637014613e-14
1.910000000000000000e+03 0.000000000000000000e+00 0.000000000000000000e+00 1.430915768421999682e-14
1.911000000000000000e+03 0.000000000000000000e+00 0.000000000000000000e+00 1.429616013370899515e-14
1.912000000000000000e+03 0.000000000000000000e+00 0.000000000000000000e+00 1.428317783670087552e-14
1.913000000000000000e+03 0.000000000000000000e+00 0.000000000000000000e+00 1.427021074127507560e-14
1.914000000000000000e+03 0.000000000000000000e+00 0.000000000000000000e+00 1.425725867108431802e-14
1.915000000000000000e+03 0.000000000000000000e+00 0.000000000000000000e+00 1.424432158299730463e-14
1.916000000000000000e+03 0.000000000000000000e+00 0.000000000000000000e+00 1.423139930822814445e-14
1.917000000000000000e+03 0.000000000000000000e+00 0.000000000000000000e+00 1.421849180163434792e-14
1.918000000000000000e+03 0.000000000000000000e+00 0.000000000000000000e+00 1.420559890401568276e-14
1.919000000000000000e+03 0.000000000000000000e+00 0.000000000000000000e+00 1.419272057677060688e-14
1.920000000000000000e+03 0.000000000000000000e+00 0.000000000000000000e+00 1.417985666257659153e-14
1.921000000000000000e+03 0.000000000000000000e+00 0.000000000000000000e+00 1.416700712830126254e-14
1.922000000000000000e+03 0.000000000000000000e+00 0.000000000000000000e+00 1.415417182227551175e-14
1.923000000000000000e+03 0.000000000000000000e+00 0.000000000000000000e+00 1.414135071684902921e-14
1.924000000000000000e+03 0.000000000000000000e+00 0.000000000000000000e+00 1.412854366662342363e-14
1.925000000000000000e+03 0.000000000000000000e+00 0.000000000000000000e+00 1.411575064680697716e-14
1.926000000000000000e+03 0.000000000000000000e+00 0.000000000000000000e+00 1.410297151816311944e-14
1.927000000000000000e+03 0.000000000000000000e+00 0.000000000000000000e+00 1.409020625753640527e-14
1.928000000000000000e+03 0.000000000000000000e+00 0.000000000000000000e+00 1.407745473222520853e-14
1.929000000000000000e+03 0.000000000000000000e+00 0.000000000000000000e+00 1.406471692677937128e-14
1.930000000000000000e+03 0.000000000000000000e+00 0.000000000000000000e+00 1.405199271493909608e-14
1.931000000000000000e+03 0.000000000000000000e+00 0.000000000000000000e+00 1.403928208383229973e-14
1.932000000000000000e+03 0.000000000000000000e+00 0.000000000000000000e+00 1.402658491068364652e-14
1.933000000000000000e+03 0.000000000000000000e+00 0.000000000000000000e+00 1.401390119400382070e-14
1.934000000000000000e+03 0.000000000000000000e+00 0.000000000000000000e+00 1.400123081335350725e-14
1.935000000000000000e+03 0.000000000000000000e+00 0.000000000000000000e+00 1.398857377480137838e-14
1.936000000000000000e+03 0.000000000000000000e+00 0.000000000000000000e+00 1.397592996555968330e-14
1.937000000000000000e+03 0.000000000000000000e+00 0.000000000000000000e+00 1.396329939263526285e-14
1.938000000000000000e+03 0.000000000000000000e+00 0.000000000000000000e+00 1.395068195257408959e-14
1.939000000000000000e+03 0.000000000000000000e+00 0.000000000000000000e+00 1.393807766004683694e-14
1.940000000000000000e+03 0.000000000000000000e+00 0.000000000000000000e+00 1.392548641217148998e-14
1.941000000000000000e+03 0.000000000000000000e+00 0.000000000000000000e+00 1.391290823318960704e-14
1.942000000000000000e+03 0.000000000000000000e+00 0.000000000000000000e+00 1.390034302392108443e-14
1.943000000000000000e+03 0.000000000000000000e+00 0.000000000000000000e+00 1.388779081629132808e-14
1.944000000000000000e+03 0.000000000000000000e+00 0.000000000000000000e+00 1.387525151548241420e-14
1.945000000000000000e+03 0.000000000000000000e+00 0.000000000000000000e+00 1.386272515935093513e-14
1.946000000000000000e+03 0.000000000000000000e+00 0.000000000000000000e+00 1.385021165830423974e-14
1.947000000000000000e+03 0.000000000000000000e+00 0.000000000000000000e+00 1.383771105611222326e-14
1.948000000000000000e+03 0.000000000000000000e+00 0.000000000000000000e+00 1.382522327080562070e-14
1.949000000000000000e+03 0.000000000000000000e+00 0.000000000000000000e+00 1.381274834864641307e-14
1.950000000000000000e+03 0.000000000000000000e+00 0.000000000000000000e+00 1.380028621363406994e-14
1.951000000000000000e+03 0.000000000000000000e+00 0.000000000000000000e+00 1.378783691934087692e-14
1.952000000000000000e+03 0.000000000000000000e+00 0.000000000000000000e+00 1.377540039431252793e-14
1.953000000000000000e+03 0.000000000000000000e+00 0.000000000000000000e+00 1.376297669811254936e-14
1.954000000000000000e+03 0.000000000000000000e+00 0.000000000000000000e+00 1.375056576705649696e-14
1.955000000000000000e+03 0.000000000000000000e+00 0.000000000000000000e+00 1.373816766885965755e-14
1.956000000000000000e+03 0.000000000000000000e+00 0.000000000000000000e+00 1.372578234210389433e-14
1.957000000000000000e+03 0.000000000000000000e+00 0.000000000000000000e+00 1.371340985716682237e-14
1.958000000000000000e+03 0.000000000000000000e+00 0.000000000000000000e+00 1.370105016240393175e-14
1.959000000000000000e+03 0.000000000000000000e+00 0.000000000000000000e+00 1.368870333142950071e-14
1.960000000000000000e+03 0.000000000000000000e+00 0.000000000000000000e+00 1.367636931896002764e-14
1.961000000000000000e+03 0.000000000000000000e+00 0.000000000000000000e+00 1.366404820464201923e-14
1.962000000000000000e+03 0.000000000000000000e+00 0.000000000000000000e+00 1.365173994483576907e-14
1.963000000000000000e+03 0.000000000000000000e+00 0.000000000000000000e+00 1.363944462327101625e-14
1.964000000000000000e+03 0.000000000000000000e+00 0.000000000000000000e+00 1.362716220219108241e-14
1.965000000000000000e+03 0.000000000000000000e+00 0.000000000000000000e+00 1.361489277166811199e-14
1.966000000000000000e+03 0.000000000000000000e+00 0.000000000000000000e+00 1.360263629789968818e-14
1.967000000000000000e+03 0.000000000000000000e+00 0.000000000000000000e+00 1.359039287488688190e-14
1.968000000000000000e+03 0.000000000000000000e+00 0.000000000000000000e+00 1.357816247530769449e-14
1.969000000000000000e+03 0.000000000000000000e+00 0.000000000000000000e+00 1.356594519963564443e-14
1.970000000000000000e+03 0.000000000000000000e+00 0.000000000000000000e+00 1.355374102445008096e-14
1.971000000000000000e+03 0.000000000000000000e+00 0.000000000000000000e+00 1.354155005051631588e-14
1.972000000000000000e+03 0.000000000000000000e+00 0.000000000000000000e+00 1.352937226327823256e-14
1.973000000000000000e+03 0.000000000000000000e+00 0.000000000000000000e+00 1.351720776805609823e-14
1.974000000000000000e+03 0.000000000000000000e+00 0.000000000000000000e+00 1.350505655173394075e-14
1.975000000000000000e+03 0.000000000000000000e+00 0.000000000000000000e+00 1.349291872502149980e-14
1.976000000000000000e+03 0.000000000000000000e+00 0.000000000000000000e+00 1.348079427987223640e-14
1.977000000000000000e+03 0.000000000000000000e+00 0.000000000000000000e+00 1.346868332666859974e-14
1.978000000000000000e+03 0.000000000000000000e+00 0.000000000000000000e+00 1.345658586294357251e-14
1.979000000000000000e+03 0.000000000000000000e+00 0.000000000000000000e+00 1.344450200555073090e-14
1.980000000000000000e+03 0.000000000000000000e+00 0.000000000000000000e+00 1.343243175334066669e-14
1.981000000000000000e+03 0.000000000000000000e+00 0.000000000000000000e+00 1.342037522604718508e-14
1.982000000000000000e+03 0.000000000000000000e+00 0.000000000000000000e+00 1.340833243121488391e-14
1.983000000000000000e+03 0.000000000000000000e+00 0.000000000000000000e+00 1.339630348753808003e-14
1.984000000000000000e+03 0.000000000000000000e+00 0.000000000000000000e+00 1.338428840812919575e-14
1.985000000000000000e+03 0.000000000000000000e+00 0.000000000000000000e+00 1.337228731275042576e-14
1.986000000000000000e+03 0.000000000000000000e+00 0.000000000000000000e+00 1.336030021677634253e-14
1.987000000000000000e+03 0.000000000000000000e+00 0.000000000000000000e+00 1.334832724407965828e-14
1.988000000000000000e+03 0.000000000000000000e+00 0.000000000000000000e+00 1.333636841034768147e-14
1.989000000000000000e+03 0.000000000000000000e+00 0.000000000000000000e+00 1.332442384519815691e-14
1.990000000000000000e+03 0.000000000000000000e+00 0.000000000000000000e+00 1.331249356318379178e-14
1.991000000000000000e+03 0.000000000000000000e+00 0.000000000000000000e+00 1.330057769496361309e-14
1.992000000000000000e+03 0.000000000000000000e+00 0.000000000000000000e+00 1.328867625567496704e-14
1.993000000000000000e+03 0.000000000000000000e+00 0.000000000000000000e+00 1.327678938049028203e-14
1.994000000000000000e+03 0.000000000000000000e+00 0.000000000000000000e+00 1.326491708784846070e-14
1.995000000000000000e+03 0.000000000000000000e+00 0.000000000000000000e+00 1.325305951604733367e-14
1.996000000000000000e+03 0.000000000000000000e+00 0.000000000000000000e+00 1.324121668520627138e-14
1.997000000000000000e+03 0.000000000000000000e+00 0.000000000000000000e+00 1.322938873058549298e-14
1.998000000000000000e+03 0.000000000000000000e+00 0.000000000000000000e+00 1.321757567935806808e-14
1.999000000000000000e+03 0.000000000000000000e+00 0.000000000000000000e+00 1.320577766886946077e-14
2.000000000000000000e+03 0.000000000000000000e+00 0.000000000000000000e+00 1.319399472501902534e-14
2.001000000000000000e+03 0.000000000000000000e+00 0.000000000000000000e+00 1.318222698560231993e-14
2.002000000000000000e+03 0.000000000000000000e+00 0.000000000000000000e+00 1.317047448248225062e-14
2.003000000000000000e+03 0.000000000000000000e+00 0.000000000000000000e+00 1.315873735123803771e-14
2.004000000000000000e+03 0.000000000000000000e+00 0.000000000000000000e+00 1.314701562434463605e-14
2.005000000000000000e+03 0.000000000000000000e+00 0.000000000000000000e+00 1.313530943878294239e-14
2.006000000000000000e+03 0.000000000000000000e+00 0.000000000000000000e+00 1.312361882752328152e-14
2.007000000000000000e+03 0.000000000000000000e+00 0.000000000000000000e+00 1.311194393104742654e-14
2.008000000000000000e+03 0.000000000000000000e+00 0.000000000000000000e+00 1.310028477732318972e-14
2.009000000000000000e+03 0.000000000000000000e+00 0.000000000000000000e+00 1.308864151350733489e-14
2.010000000000000000e+03 0.000000000000000000e+00 0.000000000000000000e+00 1.307701416763716665e-14
2.011000000000000000e+03 0.000000000000000000e+00 0.000000000000000000e+00 1.306540288191548911e-14
2.012000000000000000e+03 0.000000000000000000e+00 0.000000000000000000e+00 1.305380768911063607e-14
2.013000000000000000e+03 0.000000000000000000e+00 0.000000000000000000e+00 1.304222873201035675e-14
2.014000000000000000e+03 0.000000000000000000e+00 0.000000000000000000e+00 1.303066604236305090e-14
2.015000000000000000e+03 0.000000000000000000e+00 0.000000000000000000e+00 1.301911976232861807e-14
2.016000000000000000e+03 0.000000000000000000e+00 0.000000000000000000e+00 1.300758992805843309e-14
2.017000000000000000e+03 0.000000000000000000e+00 0.000000000000000000e+00 1.299607667815356156e-14
2.018000000000000000e+03 0.000000000000000000e+00 0.000000000000000000e+00 1.298458004802965034e-14
2.019000000000000000e+03 0.000000000000000000e+00 0.000000000000000000e+00 1.297310017870011430e-14
2.020000000000000000e+03 0.000000000000000000e+00 0.000000000000000000e+00 1.296163710227968442e-14
2.021000000000000000e+03 0.000000000000000000e+00 0.000000000000000000e+00 1.295019095989075828e-14
2.022000000000000000e+03 0.000000000000000000e+00 0.000000000000000000e+00 1.293876178369169402e-14
2.023000000000000000e+03 0.000000000000000000e+00 0.000000000000000000e+00 1.292734971180813602e-14
2.024000000000000000e+03 0.000000000000000000e+00 0.000000000000000000e+00 1.291595477782362851e-14
2.025000000000000000e+03 0.000000000000000000e+00 0.000000000000000000e+00 1.290457711714154680e-14
2.026000000000000000e+03 0.000000000000000000e+00 0.000000000000000000e+00 1.289321675824880046e-14
2.027000000000000000e+03 0.000000000000000000e+00 0.000000000000000000e+00 1.288187383612317278e-14
2.028000000000000000e+03 0.000000000000000000e+00 0.000000000000000000e+00 1.287054838069015267e-14
2.029000000000000000e+03 0.000000000000000000e+00 0.000000000000000000e+00 1.285924052776796479e-14
2.030000000000000000e+03 0.000000000000000000e+00 0.000000000000000000e+00 1.284795030154404691e-14
2.031000000000000000e+03 0.000000000000000000e+00 0.000000000000000000e+00 1.283667783643470898e-14
2.032000000000000000e+03 0.000000000000000000e+00 0.000000000000000000e+00 1.282542315762353708e-14
2.033000000000000000e+03 0.000000000000000000e+00 0.000000000000000000e+00 1.281418639721923684e-14
2.034000000000000000e+03 0.000000000000000000e+00 0.000000000000000000e+00 1.280296757915433194e-14
2.035000000000000000e+03 0.000000000000000000e+00 0.000000000000000000e+00 1.279176683298971082e-14
2.036000000000000000e+03 0.000000000000000000e+00 0.000000000000000000e+00 1.278058417780024947e-14
2.037000000000000000e+03 0.000000000000000000e+00 0.000000000000000000e+00 1.276941974548512419e-14
2.038000000000000000e+03 0.000000000000000000e+00 0.000000000000000000e+00 1.275827355098333947e-14
2.039000000000000000e+03 0.000000000000000000e+00 0.000000000000000000e+00 1.274714572046105809e-14
2.040000000000000000e+03 0.000000000000000000e+00 0.000000000000000000e+00 1.273603626988160307e-14
2.041000000000000000e+03 0.000000000000000000e+00 0.000000000000000000e+00 1.272494532107668733e-14
2.042000000000000000e+03 0.000000000000000000e+00 0.000000000000000000e+00 1.271387289022585119e-14
2.043000000000000000e+03 0.000000000000000000e+00 0.000000000000000000e+00 1.270281909537403225e-14
2.044000000000000000e+03 0.000000000000000000e+00 0.000000000000000000e+00 1.269178394852668846e-14
2.045000000000000000e+03 0.000000000000000000e+00 0.000000000000000000e+00 1.268076756823022685e-14
2.046000000000000000e+03 0.000000000000000000e+00 0.000000000000000000e+00 1.266976996524374302e-14
2.047000000000000000e+03 0.000000000000000000e+00 0.000000000000000000e+00 1.265879125311585515e-14
2.048000000000000000e+03 0.000000000000000000e+00 0.000000000000000000e+00 1.264783143808664391e-14
2.049000000000000000e+03 0.000000000000000000e+00 0.000000000000000000e+00 1.263689063176068549e-14
2.050000000000000000e+03 0.000000000000000000e+00 0.000000000000000000e+00 1.262596883801566511e-14
2.051000000000000000e+03 0.000000000000000000e+00 0.000000000000000000e+00 1.261506616283329413e-14
2.052000000000000000e+03 0.000000000000000000e+00 0.000000000000000000e+00 1.260418260938371736e-14
2.053000000000000000e+03 0.000000000000000000e+00 0.000000000000000000e+00 1.259331827857250137e-14
2.054000000000000000e+03 0.000000000000000000e+00 0.000000000000000000e+00 1.258247316831994374e-14
2.055000000000000000e+03 0.000000000000000000e+00 0.000000000000000000e+00 1.257164737687068696e-14
2.056000000000000000e+03 0.000000000000000000e+00 0.000000000000000000e+00 1.256084089970127321e-14
2.057000000000000000e+03 0.000000000000000000e+00 0.000000000000000000e+00 1.255005383327983967e-14
2.058000000000000000e+03 0.000000000000000000e+00 0.000000000000000000e+00 1.253928616956528891e-14
2.059000000000000000e+03 0.000000000000000000e+00 0.000000000000000000e+00 1.252853799896657113e-14
2.060000000000000000e+03 0.000000000000000000e+00 0.000000000000000000e+00 1.251780931155537801e-14
2.061000000000000000e+03 0.000000000000000000e+00 0.000000000000000000e+00 1.250710019713429237e-14
2.062000000000000000e+03 0.000000000000000000e+00 0.000000000000000000e+00 1.249641064243618997e-14
2.063000000000000000e+03 0.000000000000000000e+00 0.000000000000000000e+00 1.248574073160082981e-14
2.064000000000000000e+03 0.000000000000000000e+00 0.000000000000000000e+00 1.247509044733990547e-14
2.065000000000000000e+03 0.000000000000000000e+00 0.000000000000000000e+00 1.246445987099263140e-14
2.066000000000000000e+03 0.000000000000000000e+00 0.000000000000000000e+00 1.245384898323049861e-14
2.067000000000000000e+03 0.000000000000000000e+00 0.000000000000000000e+00 1.244325786116881001e-14
2.068000000000000000e+03 0.000000000000000000e+00 0.000000000000000000e+00 1.243268648204709200e-14
2.069000000000000000e+03 0.000000000000000000e+00 0.000000000000000000e+00 1.242213491824219985e-14
2.070000000000000000e+03 0.000000000000000000e+00 0.000000000000000000e+00 1.241160314308564303e-14
2.071000000000000000e+03 0.000000000000000000e+00 0.000000000000000000e+00 1.240109122582318375e-14
2.072000000000000000e+03 0.000000000000000000e+00 0.000000000000000000e+00 1.239059913509389652e-14
2.073000000000000000e+03 0.000000000000000000e+00 0.000000000000000000e+00 1.238012693844643393e-14
2.074000000000000000e+03 0.000000000000000000e+00 0.000000000000000000e+00 1.236967459996767135e-14
2.075000000000000000e+03 0.000000000000000000e+00 0.000000000000000000e+00 1.235924218105294436e-14
2.076000000000000000e+03 0.000000000000000000e+00 0.000000000000000000e+00 1.234882964531285356e-14
2.077000000000000000e+03 0.000000000000000000e+00 0.000000000000000000e+00 1.233843705103889975e-14
2.078000000000000000e+03 0.000000000000000000e+00 0.000000000000000000e+00 1.232806435188601122e-14
2.079000000000000000e+03 0.000000000000000000e+00 0.000000000000000000e+00 1.231771160650517110e-14
2.080000000000000000e+03 0.000000000000000000e+00 0.000000000000000000e+00 1.230737876783991923e-14
2.081000000000000000e+03 0.000000000000000000e+00 0.000000000000000000e+00 1.229706588758790317e-14
2.082000000000000000e+03 0.000000000000000000e+00 0.000000000000000000e+00 1.228677291538270023e-14
2.083000000000000000e+03 0.000000000000000000e+00 0.000000000000000000e+00 1.227649989496331069e-14
2.084000000000000000e+03 0.000000000000000000e+00 0.000000000000000000e+00 1.226624677625300208e-14
2.085000000000000000e+03 0.000000000000000000e+00 0.000000000000000000e+00 1.225601359857083439e-14
2.086000000000000000e+03 0.000000000000000000e+00 0.000000000000000000e+00 1.224580030711717750e-14
2.087000000000000000e+03 0.000000000000000000e+00 0.000000000000000000e+00 1.223560693596600258e-14
2.088000000000000000e+03 0.000000000000000000e+00 0.000000000000000000e+00 1.222543342613268723e-14
2.089000000000000000e+03 0.000000000000000000e+00 0.000000000000000000e+00 1.221527980827018107e-14
2.090000000000000000e+03 0.000000000000000000e+00 0.000000000000000000e+00 1.220514601665189353e-14
2.091000000000000000e+03 0.000000000000000000e+00 0.000000000000000000e+00 1.219503208157622071e-14
2.092000000000000000e+03 0.000000000000000000e+00 0.000000000000000000e+00 1.218493793176801156e-14
2.093000000000000000e+03 0.000000000000000000e+00 0.000000000000000000e+00 1.217486359028905455e-14
2.094000000000000000e+03 0.000000000000000000e+00 0.000000000000000000e+00 1.216480898678682511e-14
2.095000000000000000e+03 0.000000000000000000e+00 0.000000000000000000e+00 1.215477414073426950e-14
2.096000000000000000e+03 0.000000000000000000e+00 0.000000000000000000e+00 1.214475897493615901e-14
2.097000000000000000e+03 0.000000000000000000e+00 0.000000000000000000e+00 1.213476350651352840e-14
2.098000000000000000e+03 0.000000000000000000e+00 0.000000000000000000e+00 1.212478765507366065e-14
2.099000000000000000e+03 0.000000000000000000e+00 0.000000000000000000e+00 1.211483143206993415e-14
2.100000000000000000e+03 0.000000000000000000e+00 0.000000000000000000e+00 1.210489475489795778e-14
2.101000000000000000e+03 0.000000000000000000e+00 0.000000000000000000e+00 1.209497763204441862e-14
2.102000000000000000e+03 0.000000000000000000e+00 0.000000000000000000e+00 1.208507997334842695e-14
2.103000000000000000e+03 0.000000000000000000e+00 0.000000000000000000e+00 1.207520178532902672e-14
2.104000000000000000e+03 0.000000000000000000e+00 0.000000000000000000e+00 1.206534297625986687e-14
2.105000000000000000e+03 0.000000000000000000e+00 0.000000000000000000e+00 1.205550354726848206e-14
2.106000000000000000e+03 0.000000000000000000e+00 0.000000000000000000e+00 1.204568340336698211e-14
2.107000000000000000e+03 0.000000000000000000e+00 0.000000000000000000e+00 1.203588254301950690e-14
2.108000000000000000e+03 0.000000000000000000e+00 0.000000000000000000e+00 1.202610086958134536e-14
2.109000000000000000e+03 0.000000000000000000e+00 0.000000000000000000e+00 1.201633837770682733e-14
2.110000000000000000e+03 0.000000000000000000e+00 0.000000000000000000e+00 1.200659496580278195e-14
2.111000000000000000e+03 0.000000000000000000e+00 0.000000000000000000e+00 1.199687062691545241e-14
2.112000000000000000e+03 0.000000000000000000e+00 0.000000000000000000e+00 1.198716525535513686e-14
2.113000000000000000e+03 0.000000000000000000e+00 0.000000000000000000e+00 1.197747884113237762e-14
2.114000000000000000e+03 0.000000000000000000e+00 0.000000000000000000e+00 1.196781127436634795e-14
2.115000000000000000e+03 0.000000000000000000e+00 0.000000000000000000e+00 1.195816254195473873e-14
2.116000000000000000e+03 0.000000000000000000e+00 0.000000000000000000e+00 1.194853252979629527e-14
2.117000000000000000e+03 0.000000000000000000e+00 0.000000000000000000e+00 1.193892122353169016e-14
2.118000000000000000e+03 0.000000000000000000e+00 0.000000000000000000e+00 1.192932850548022341e-14
2.119000000000000000e+03 0.000000000000000000e+00 0.000000000000000000e+00 1.191975435664869452e-14
2.120000000000000000e+03 0.000000000000000000e+00 0.000000000000000000e+00 1.191019865741883961e-14
2.121000000000000000e+03 0.000000000000000000e+00 0.000000000000000000e+00 1.190066138709942091e-14
2.122000000000000000e+03 0.000000000000000000e+00 0.000000000000000000e+00 1.189114242375673366e-14
2.123000000000000000e+03 0.000000000000000000e+00 0.000000000000000000e+00 1.188164174404430844e-14
2.124000000000000000e+03 0.000000000000000000e+00 0.000000000000000000e+00 1.187215922295324927e-14
2.125000000000000000e+03 0.000000000000000000e+00 0.000000000000000000e+00 1.186269483276861168e-14
2.126000000000000000e+03 0.000000000000000000e+00 0.000000000000000000e+00 1.185324844938835212e-14
2.127000000000000000e+03 0.000000000000000000e+00 0.000000000000000000e+00 1.184382004147017170e-14
2.128000000000000000e+03 0.000000000000000000e+00 0.000000000000000000e+00 1.183440948412409209e-14
2.129000000000000000e+03 0.000000000000000000e+00 0.000000000000000000e+00 1.182501674077874416e-14
2.130000000000000000e+03 0.000000000000000000e+00 0.000000000000000000e+00 1.181564168515752777e-14
2.131000000000000000e+03 0.000000000000000000e+00 0.000000000000000000e+00 1.180628427836635490e-14
2.132000000000000000e+03 0.000000000000000000e+00 0.000000000000000000e+00 1.179694439074557803e-14
2.133000000000000000e+03 0.000000000000000000e+00 0.000000000000000000e+00 1.178762198472055319e-14
2.134000000000000000e+03 0.000000000000000000e+00 0.000000000000000000e+00 1.177831692599899198e-14
2.135000000000000000e+03 0.000000000000000000e+00 0.000000000000000000e+00 1.176902917444879647e-14
2.136000000000000000e+03 0.000000000000000000e+00 0.000000000000000000e+00 1.175975859659101596e-14
2.137000000000000000e+03 0.000000000000000000e+00 0.000000000000000000e+00 1.175050514991650952e-14
2.138000000000000000e+03 0.000000000000000000e+00 0.000000000000000000e+00 1.174126869446695586e-14
2.139000000000000000e+03 0.000000000000000000e+00 0.000000000000000000e+00 1.173204918767698405e-14
2.140000000000000000e+03 0.000000000000000000e+00 0.000000000000000000e+00 1.172284649133579376e-14
2.141000000000000000e+03 0.000000000000000000e+00 0.000000000000000000e+00 1.171366056041733918e-14
2.142000000000000000e+03 0.000000000000000000e+00 0.000000000000000000e+00 1.170449125219130647e-14
2.143000000000000000e+03 0.000000000000000000e+00 0.000000000000000000e+00 1.169533852360368061e-14
2.144000000000000000e+03 0.000000000000000000e+00 0.000000000000000000e+00 1.168620222944038606e-14
2.145000000000000000e+03 0.000000000000000000e+00 0.000000000000000000e+00 1.167708232308658907e-14
2.146000000000000000e+03 0.000000000000000000e+00 0.000000000000000000e+00 1.166797865893913056e-14
2.147000000000000000e+03 0.000000000000000000e+00 0.000000000000000000e+00 1.165889118841254857e-14
2.148000000000000000e+03 0.000000000000000000e+00 0.000000000000000000e+00 1.164981976691617596e-14
2.149000000000000000e+03 0.000000000000000000e+00 0.000000000000000000e+00 1.164076434254449240e-14
2.150000000000000000e+03 0.000000000000000000e+00 0.000000000000000000e+00 1.163172476864925904e-14
2.151000000000000000e+03 0.000000000000000000e+00 0.000000000000000000e+00 1.162270099287865277e-14
2.152000000000000000e+03 0.000000000000000000e+00 0.000000000000000000e+00 1.161369286767357017e-14
2.153000000000000000e+03 0.000000000000000000e+00 0.000000000000000000e+00 1.160470033779651127e-14
2.154000000000000000e+03 0.000000000000000000e+00 0.000000000000000000e+00 1.159572325693002080e-14
2.155000000000000000e+03 0.000000000000000000e+00 0.000000000000000000e+00 1.158676156605018318e-14
2.156000000000000000e+03 0.000000000000000000e+00 0.000000000000000000e+00 1.157781511922453410e-14
2.157000000000000000e+03 0.000000000000000000e+00 0.000000000000000000e+00 1.156888386072683006e-14
2.158000000000000000e+03 0.000000000000000000e+00 0.000000000000000000e+00 1.155996764121198499e-14
2.159000000000000000e+03 0.000000000000000000e+00 0.000000000000000000e+00 1.155106640221729476e-14
2.160000000000000000e+03 0.000000000000000000e+00 0.000000000000000000e+00 1.154217999827708926e-14
2.161000000000000000e+03 0.000000000000000000e+00 0.000000000000000000e+00 1.153330836800997998e-14
2.162000000000000000e+03 0.000000000000000000e+00 0.000000000000000000e+00 1.152445136397125467e-14
2.163000000000000000e+03 0.000000000000000000e+00 0.000000000000000000e+00 1.151560892678507900e-14
2.164000000000000000e+03 0.000000000000000000e+00 0.000000000000000000e+00 1.150678090656663775e-14
2.165000000000000000e+03 0.000000000000000000e+00 0.000000000000000000e+00 1.149796724456775378e-14
2.166000000000000000e+03 0.000000000000000000e+00 0.000000000000000000e+00 1.148916778985555335e-14
2.167000000000000000e+03 0.000000000000000000e+00 0.000000000000000000e+00 1.148038248418871507e-14
2.168000000000000000e+03 0.000000000000000000e+00 0.000000000000000000e+00 1.147161117636166547e-14
2.169000000000000000e+03 0.000000000000000000e+00 0.000000000000000000e+00 1.146285380840087618e-14
2.170000000000000000e+03 0.000000000000000000e+00 0.000000000000000000e+00 1.145411022902633681e-14
2.171000000000000000e+03 0.000000000000000000e+00 0.000000000000000000e+00 1.144538037907905355e-14
2.172000000000000000e+03 0.000000000000000000e+00 0.000000000000000000e+00 1.143666410937153739e-14
2.173000000000000000e+03 0.000000000000000000e+00 0.000000000000000000e+00 1.142796135862386309e-14
2.174000000000000000e+03 0.000000000000000000e+00 0.000000000000000000e+00 1.141927197870746434e-14
2.175000000000000000e+03 0.000000000000000000e+00 0.000000000000000000e+00 1.141059590949509788e-14
2.176000000000000000e+03 0.000000000000000000e+00 0.000000000000000000e+00 1.140193299879521349e-14
2.177000000000000000e+03 0.000000000000000000e+00 0.000000000000000000e+00 1.139328318688412233e-14
2.178000000000000000e+03 0.000000000000000000e+00 0.000000000000000000e+00 1.138464632381032201e-14
2.179000000000000000e+03 0.000000000000000000e+00 0.000000000000000000e+00 1.137602234719417419e-14
2.180000000000000000e+03 0.000000000000000000e+00 0.000000000000000000e+00 1.136741110451474134e-14
2.181000000000000000e+03 0.000000000000000000e+00 0.000000000000000000e+00 1.135881253665606833e-14
2.182000000000000000e+03 0.000000000000000000e+00 0.000000000000000000e+00 1.135022649156974217e-14
2.183000000000000000e+03 0.000000000000000000e+00 0.000000000000000000e+00 1.134165290860152107e-14
2.184000000000000000e+03 0.000000000000000000e+00 0.000000000000000000e+00 1.133309163674079693e-14
2.185000000000000000e+03 0.000000000000000000e+00 0.000000000000000000e+00 1.132454261521617740e-14
2.186000000000000000e+03 0.000000000000000000e+00 0.000000000000000000e+00 1.131600569389351987e-14
2.187000000000000000e+03 0.000000000000000000e+00 0.000000000000000000e+00 1.130748081213437395e-14
2.188000000000000000e+03 0.000000000000000000e+00 0.000000000000000000e+00 1.129896782065059989e-14
2.189000000000000000e+03 0.000000000000000000e+00 0.000000000000000000e+00 1.129046665912158410e-14
2.190000000000000000e+03 0.000000000000000000e+00 0.000000000000000000e+00 1.128197717746767374e-14
2.191000000000000000e+03 0.000000000000000000e+00 0.000000000000000000e+00 1.127349931571066664e-14
2.192000000000000000e+03 0.000000000000000000e+00 0.000000000000000000e+00 1.126503292378191615e-14
2.193000000000000000e+03 0.000000000000000000e+00 0.000000000000000000e+00 1.125657794242913777e-14
2.194000000000000000e+03 0.000000000000000000e+00 0.000000000000000000e+00 1.124813422201061322e-14
2.195000000000000000e+03 0.000000000000000000e+00 0.000000000000000000e+00 1.123970170395876561e-14
2.196000000000000000e+03 0.000000000000000000e+00 0.000000000000000000e+00 1.123128023918130882e-14
2.197000000000000000e+03 0.000000000000000000e+00 0.000000000000000000e+00 1.122286977001423354e-14
2.198000000000000000e+03 0.000000000000000000e+00 0.000000000000000000e+00 1.121447014987501145e-14
2.199000000000000000e+03 0.000000000000000000e+00 0.000000000000000000e+00 1.120608132201108158e-14
2.200000000000000000e+03 0.000000000000000000e+00 0.000000000000000000e+00 1.119770313971543019e-14
2.201000000000000000e+03 0.000000000000000000e+00 0.000000000000000000e+00 1.118933554726312333e-14
2.202000000000000000e+03 0.000000000000000000e+00 0.000000000000000000e+00 1.118097840053354449e-14
2.203000000000000000e+03 0.000000000000000000e+00 0.000000000000000000e+00 1.117263164271125890e-14
2.204000000000000000e+03 0.000000000000000000e+00 0.000000000000000000e+00 1.116429513172041855e-14
2.205000000000000000e+03 0.000000000000000000e+00 0.000000000000000000e+00 1.115596881080041765e-14
2.206000000000000000e+03 0.000000000000000000e+00 0.000000000000000000e+00 1.114765253926496460e-14
2.207000000000000000e+03 0.000000000000000000e+00 0.000000000000000000e+00 1.113934626085913869e-14
2.208000000000000000e+03 0.000000000000000000e+00 0.000000000000000000e+00 1.113104983673152457e-14
2.209000000000000000e+03 0.000000000000000000e+00 0.000000000000000000e+00 1.112276321107298526e-14
2.210000000000000000e+03 0.000000000000000000e+00 0.000000000000000000e+00 1.111448624642050535e-14
2.211000000000000000e+03 0.000000000000000000e+00 0.000000000000000000e+00 1.110621889112650939e-14
2.212000000000000000e+03 0.000000000000000000e+00 0.000000000000000000e+00 1.109796100758850191e-14
2.213000000000000000e+03 0.000000000000000000e+00 0.000000000000000000e+00 1.108971254688024251e-14
2.214000000000000000e+03 0.000000000000000000e+00 0.000000000000000000e+00 1.108147337527410626e-14
2.215000000000000000e+03 0.000000000000000000e+00 0.000000000000000000e+00 1.107324344430966725e-14
2.216000000000000000e+03 0.000000000000000000e+00 0.000000000000000000e+00 1.106502262264882177e-14
2.217000000000000000e+03 0.000000000000000000e+00 0.000000000000000000e+00 1.105681086625544347e-14
2.218000000000000000e+03 0.000000000000000000e+00 0.000000000000000000e+00 1.104860804435471635e-14
2.219000000000000000e+03 0.000000000000000000e+00 0.000000000000000000e+00 1.104041411545769701e-14
2.220000000000000000e+03 0.000000000000000000e+00 0.000000000000000000e+00 1.103222895179654787e-14
2.221000000000000000e+03 0.000000000000000000e+00 0.000000000000000000e+00 1.102405251421730964e-14
2.222000000000000000e+03 0.000000000000000000e+00 0.000000000000000000e+00 1.101588467686700991e-14
2.223000000000000000e+03 0.000000000000000000e+00 0.000000000000000000e+00 1.100772540428802023e-14
2.224000000000000000e+03 0.000000000000000000e+00 0.000000000000000000e+00 1.099957457237979431e-14
2.225000000000000000e+03 0.000000000000000000e+00 0.000000000000000000e+00 1.099143214830447445e-14
2.226000000000000000e+03 0.000000000000000000e+00 0.000000000000000000e+00 1.098329801303142559e-14
2.227000000000000000e+03 0.000000000000000000e+00 0.000000000000000000e+00 1.097517213429924068e-14
2.228000000000000000e+03 0.000000000000000000e+00 0.000000000000000000e+00 1.096705439791407486e-14
2.229000000000000000e+03 0.000000000000000000e+00 0.000000000000000000e+00 1.095894477440374390e-14
2.230000000000000000e+03 0.000000000000000000e+00 0.000000000000000000e+00 1.095084315280915232e-14
2.231000000000000000e+03 0.000000000000000000e+00 0.000000000000000000e+00 1.094274950723849524e-14
2.232000000000000000e+03 0.000000000000000000e+00 0.000000000000000000e+00 1.093466372949536745e-14
2.233000000000000000e+03 0.000000000000000000e+00 0.000000000000000000e+00 1.092658579776953197e-14
2.234000000000000000e+03 0.000000000000000000e+00 0.000000000000000000e+00 1.091851560792864037e-14
2.235000000000000000e+03 0.000000000000000000e+00 0.000000000000000000e+00 1.091045314270291972e-14
2.236000000000000000e+03 0.000000000000000000e+00 0.000000000000000000e+00 1.090239830060815666e-14
2.237000000000000000e+03 0.000000000000000000e+00 0.000000000000000000e+00 1.089435106715682127e-14
2.238000000000000000e+03 0.000000000000000000e+00 0.000000000000000000e+00 1.088631134662634773e-14
2.239000000000000000e+03 0.000000000000000000e+00 0.000000000000000000e+00 1.087827912676181502e-14
2.240000000000000000e+03 0.000000000000000000e+00 0.000000000000000000e+00 1.087025431494094853e-14
2.241000000000000000e+03 0.000000000000000000e+00 0.000000000000000000e+00 1.086223690248653546e-14
2.242000000000000000e+03 0.000000000000000000e+00 0.000000000000000000e+00 1.085422679923048221e-14
2.243000000000000000e+03 0.000000000000000000e+00 0.000000000000000000e+00 1.084622400167312411e-14
2.244000000000000000e+03 0.000000000000000000e+00 0.000000000000000000e+00 1.083822842450561978e-14
2.245000000000000000e+03 0.000000000000000000e+00 0.000000000000000000e+00 1.083024006635350371e-14
2.246000000000000000e+03 0.000000000000000000e+00 0.000000000000000000e+00 1.082225884571623469e-14
2.247000000000000000e+03 0.000000000000000000e+00 0.000000000000000000e+00 1.081428476667222992e-14
2.248000000000000000e+03 0.000000000000000000e+00 0.000000000000000000e+00 1.080631775221099928e-14
2.249000000000000000e+03 0.000000000000000000e+00 0.000000000000000000e+00 1.079835780965523091e-14
2.250000000000000000e+03 0.000000000000000000e+00 0.000000000000000000e+00 1.079040486704716612e-14
2.251000000000000000e+03 0.000000000000000000e+00 0.000000000000000000e+00 1.078245893742916057e-14
2.252000000000000000e+03 0.000000000000000000e+00 0.000000000000000000e+00 1.077451995227477016e-14
2.253000000000000000e+03 0.000000000000000000e+00 0.000000000000000000e+00 1.076658793002279183e-14
2.254000000000000000e+03 0.000000000000000000e+00 0.000000000000000000e+00 1.075866280348930441e-14
2.255000000000000000e+03 0.000000000000000000e+00 0.000000000000000000e+00 1.075074459775032962e-14
2.256000000000000000e+03 0.000000000000000000e+00 0.000000000000000000e+00 1.074283325056057213e-14
2.257000000000000000e+03 0.000000000000000000e+00 0.000000000000000000e+00 1.073492878829543537e-14
2.258000000000000000e+03 0.000000000000000000e+00 0.000000000000000000e+00 1.072703115629006139e-14
2.259000000000000000e+03 0.000000000000000000e+00 0.000000000000000000e+00 1.071914038599377226e-14
2.260000000000000000e+03 0.000000000000000000e+00 0.000000000000000000e+00 1.071125642585668981e-14
2.261000000000000000e+03 0.000000000000000000e+00 0.000000000000000000e+00 1.070337931197609668e-14
2.262000000000000000e+03 0.000000000000000000e+00 0.000000000000000000e+00 1.069550899857333115e-14
2.263000000000000000e+03 0.000000000000000000e+00 0.000000000000000000e+00 1.068764552670272002e-14
2.264000000000000000e+03 0.000000000000000000e+00 0.000000000000000000e+00 1.067978885578942035e-14
2.265000000000000000e+03 0.000000000000000000e+00 0.000000000000000000e+00 1.067193903013569807e-14
2.266000000000000000e+03 0.000000000000000000e+00 0.000000000000000000e+00 1.066409601278718738e-14
2.267000000000000000e+03 0.000000000000000000e+00 0.000000000000000000e+00 1.065625985534847236e-14
2.268000000000000000e+03 0.000000000000000000e+00 0.000000000000000000e+00 1.064843052355937912e-14
2.269000000000000000e+03 0.000000000000000000e+00 0.000000000000000000e+00 1.064060807042171272e-14
2.270000000000000000e+03 0.000000000000000000e+00 0.000000000000000000e+00 1.063279246685019211e-14
2.271000000000000000e+03 0.000000000000000000e+00 0.000000000000000000e+00 1.062498377052172287e-14
2.272000000000000000e+03 0.000000000000000000e+00 0.000000000000000000e+00 1.061718195551647664e-14
2.273000000000000000e+03 0.000000000000000000e+00 0.000000000000000000e+00 1.060938708390776444e-14
2.274000000000000000e+03 0.000000000000000000e+00 0.000000000000000000e+00 1.060159913637254096e-14
2.275000000000000000e+03 0.000000000000000000e+00 0.000000000000000000e+00 1.059381817612087528e-14
2.276000000000000000e+03 0.000000000000000000e+00 0.000000000000000000e+00 1.058604419074142944e-14
2.277000000000000000e+03 0.000000000000000000e+00 0.000000000000000000e+00 1.057827724759059012e-14
2.278000000000000000e+03 0.000000000000000000e+00 0.000000000000000000e+00 1.057051733526244468e-14
2.279000000000000000e+03 0.000000000000000000e+00 0.000000000000000000e+00 1.056276452802611427e-14
2.280000000000000000e+03 0.000000000000000000e+00 0.000000000000000000e+00 1.055501881878484211e-14
2.281000000000000000e+03 0.000000000000000000e+00 0.000000000000000000e+00 1.054728028372153694e-14
2.282000000000000000e+03 0.000000000000000000e+00 0.000000000000000000e+00 1.053954892295795628e-14
2.283000000000000000e+03 0.000000000000000000e+00 0.000000000000000000e+00 1.053182481404287106e-14
2.284000000000000000e+03 0.000000000000000000e+00 0.000000000000000000e+00 1.052410796120714741e-14
2.285000000000000000e+03 0.000000000000000000e+00 0.000000000000000000e+00 1.051639844585239235e-14
2.286000000000000000e+03 0.000000000000000000e+00 0.000000000000000000e+00 1.050869627320600845e-14
2.287000000000000000e+03 0.000000000000000000e+00 0.000000000000000000e+00 1.050100153093862039e-14
2.288000000000000000e+03 0.000000000000000000e+00 0.000000000000000000e+00 1.049331422801664684e-14
2.289000000000000000e+03 0.000000000000000000e+00 0.000000000000000000e+00 1.048563445537832895e-14
2.290000000000000000e+03 0.000000000000000000e+00 0.000000000000000000e+00 1.047796222537537942e-14
2.291000000000000000e+03 0.000000000000000000e+00 0.000000000000000000e+00 1.047029763056232864e-14
2.292000000000000000e+03 0.000000000000000000e+00 0.000000000000000000e+00 1.046264068651522729e-14
2.293000000000000000e+03 0.000000000000000000e+00 0.000000000000000000e+00 1.045499148946389924e-14
2.294000000000000000e+03 0.000000000000000000e+00 0.000000000000000000e+00 1.044735005953399742e-14
2.295000000000000000e+03 0.000000000000000000e+00 0.000000000000000000e+00 1.043971649724929547e-14
2.296000000000000000e+03 0.000000000000000000e+00 0.000000000000000000e+00 1.043209082481876801e-14
2.297000000000000000e+03 0.000000000000000000e+00 0.000000000000000000e+00 1.042447314334318994e-14
2.298000000000000000e+03 0.000000000000000000e+00 0.000000000000000000e+00 1.041686348149171821e-14
2.299000000000000000e+03 0.000000000000000000e+00 0.000000000000000000e+00 1.040926194215558323e-14
2.300000000000000000e+03 0.000000000000000000e+00 0.000000000000000000e+00 1.040166855679546037e-14
2.301000000000000000e+03 0.000000000000000000e+00 0.000000000000000000e+00 1.039408343275311238e-14
2.302000000000000000e+03 0.000000000000000000e+00 0.000000000000000000e+00 1.038650660042353927e-14
2.303000000000000000e+03 0.000000000000000000e+00 0.000000000000000000e+00 1.037893817153534669e-14
2.304000000000000000e+03 0.000000000000000000e+00 0.000000000000000000e+00 1.037137817983308537e-14
2.305000000000000000e+03 0.000000000000000000e+00 0.000000000000000000e+00 1.036382673601751147e-14
2.306000000000000000e+03 0.000000000000000000e+00 0.000000000000000000e+00 1.035628387734911302e-14
2.307000000000000000e+03 0.000000000000000000e+00 0.000000000000000000e+00 1.034874971798799215e-14
2.308000000000000000e+03 0.000000000000000000e+00 0.000000000000000000e+00 1.034122429478755153e-14
2.309000000000000000e+03 0.000000000000000000e+00 0.000000000000000000e+00 1.033370772810980097e-14
2.310000000000000000e+03 0.000000000000000000e+00 0.000000000000000000e+00 1.032620005540320301e-14
2.311000000000000000e+03 0.000000000000000000e+00 0.000000000000000000e+00 1.031870139921195869e-14
2.312000000000000000e+03 0.000000000000000000e+00 0.000000000000000000e+00 1.031121180058353327e-14
2.313000000000000000e+03 0.000000000000000000e+00 0.000000000000000000e+00 1.030373138379333197e-14
2.314000000000000000e+03 0.000000000000000000e+00 0.000000000000000000e+00 1.029626019198936576e-14
2.315000000000000000e+03 0.000000000000000000e+00 0.000000000000000000e+00 1.028879835254749511e-14
2.316000000000000000e+03 0.000000000000000000e+00 0.000000000000000000e+00 1.028134590988170445e-14
2.317000000000000000e+03 0.000000000000000000e+00 0.000000000000000000e+00 1.027390299204996493e-14
2.318000000000000000e+03 0.000000000000000000e+00 0.000000000000000000e+00 1.026646964725078801e-14
2.319000000000000000e+03 0.000000000000000000e+00 0.000000000000000000e+00 1.025904600435403263e-14
2.320000000000000000e+03 0.000000000000000000e+00 0.000000000000000000e+00 1.025163211377866278e-14
2.321000000000000000e+03 0.000000000000000000e+00 0.000000000000000000e+00 1.024422810473042016e-14
2.322000000000000000e+03 0.000000000000000000e+00 0.000000000000000000e+00 1.023683403047155699e-14
2.323000000000000000e+03 0.000000000000000000e+00 0.000000000000000000e+00 1.022945002329667240e-14
2.324000000000000000e+03 0.000000000000000000e+00 0.000000000000000000e+00 1.022207613647375364e-14
2.325000000000000000e+03 0.000000000000000000e+00 0.000000000000000000e+00 1.021471250389381292e-14
2.326000000000000000e+03 0.000000000000000000e+00 0.000000000000000000e+00 1.020735918191495710e-14
2.327000000000000000e+03 0.000000000000000000e+00 0.000000000000000000e+00 1.020001630642183137e-14
2.328000000000000000e+03 0.000000000000000000e+00 0.000000000000000000e+00 1.019268393385023432e-14
2.329000000000000000e+03 0.000000000000000000e+00 0.000000000000000000e+00 1.018536220128469539e-14
2.330000000000000000e+03 0.000000000000000000e+00 0.000000000000000000e+00 1.017805116538604997e-14
2.331000000000000000e+03 0.000000000000000000e+00 0.000000000000000000e+00 1.017075096370246943e-14
2.332000000000000000e+03 0.000000000000000000e+00 0.000000000000000000e+00 1.016346165299530109e-14
2.333000000000000000e+03 0.000000000000000000e+00 0.000000000000000000e+00 1.015618337221125470e-14
2.334000000000000000e+03 0.000000000000000000e+00 0.000000000000000000e+00 1.014891617775812589e-14
2.335000000000000000e+03 0.000000000000000000e+00 0.000000000000000000e+00 1.014166020784461504e-14
2.336000000000000000e+03 0.000000000000000000e+00 0.000000000000000000e+00 1.013441552335039514e-14
2.337000000000000000e+03 0.000000000000000000e+00 0.000000000000000000e+00 1.012718226160486435e-14
2.338000000000000000e+03 0.000000000000000000e+00 0.000000000000000000e+00 1.011996048269591753e-14
2.339000000000000000e+03 0.000000000000000000e+00 0.000000000000000000e+00 1.011275032550880270e-14
2.340000000000000000e+03 0.000000000000000000e+00 0.000000000000000000e+00 1.010555185214114832e-14
2.341000000000000000e+03 0.000000000000000000e+00 0.000000000000000000e+00 1.009836520146121349e-14
2.342000000000000000e+03 0.000000000000000000e+00 0.000000000000000000e+00 1.009119043481014536e-14
2.343000000000000000e+03 0.000000000000000000e+00 0.000000000000000000e+00 1.008402769168463013e-14
2.344000000000000000e+03 0.000000000000000000e+00 0.000000000000000000e+00 1.007687703516349252e-14
2.345000000000000000e+03 0.000000000000000000e+00 0.000000000000000000e+00 1.006973860325904124e-14
2.346000000000000000e+03 0.000000000000000000e+00 0.000000000000000000e+00 1.006261246060401343e-14
2.347000000000000000e+03 0.000000000000000000e+00 0.000000000000000000e+00 1.005549874483918955e-14
2.348000000000000000e+03 0.000000000000000000e+00 0.000000000000000000e+00 1.004839751926463037e-14
2.349000000000000000e+03 0.000000000000000000e+00 0.000000000000000000e+00 1.004130892331086663e-14
2.350000000000000000e+03 0.000000000000000000e+00 0.000000000000000000e+00 1.003423301790101232e-14
2.351000000000000000e+03 0.000000000000000000e+00 0.000000000000000000e+00 1.002716994337453791e-14
2.352000000000000000e+03 0.000000000000000000e+00 0.000000000000000000e+00 1.002011976243054203e-14
2.353000000000000000e+03 0.000000000000000000e+00 0.000000000000000000e+00 1.001308261257258913e-14
2.354000000000000000e+03 0.000000000000000000e+00 0.000000000000000000e+00 1.000605855634150549e-14
2.355000000000000000e+03 0.000000000000000000e+00 0.000000000000000000e+00 9.999047730379548845e-15
2.356000000000000000e+03 0.000000000000000000e+00 0.000000000000000000e+00 9.992050198609039718e-15
2.357000000000000000e+03 0.000000000000000000e+00 0.000000000000000000e+00 9.985066097194796690e-15
2.358000000000000000e+03 0.000000000000000000e+00 0.000000000000000000e+00 9.978095487458040282e-15
2.359000000000000000e+03 0.000000000000000000e+00 0.000000000000000000e+00 9.971138507818721520e-15
2.360000000000000000e+03 0.000000000000000000e+00 0.000000000000000000e+00 9.964195219860986686e-15
2.361000000000000000e+03 0.000000000000000000e+00 0.000000000000000000e+00 9.957265760692636595e-15
2.362000000000000000e+03 0.000000000000000000e+00 0.000000000000000000e+00 9.950350190876449340e-15
2.363000000000000000e+03 0.000000000000000000e+00 0.000000000000000000e+00 9.943448647035729456e-15
2.364000000000000000e+03 0.000000000000000000e+00 0.000000000000000000e+00 9.936561189361830923e-15
2.365000000000000000e+03 0.000000000000000000e+00 0.000000000000000000e+00 9.929687950906594658e-15
2.366000000000000000e+03 0.000000000000000000e+00 0.000000000000000000e+00 9.922828992850151830e-15
2.367000000000000000e+03 0.000000000000000000e+00 0.000000000000000000e+00 9.915984447575668567e-15
2.368000000000000000e+03 0.000000000000000000e+00 0.000000000000000000e+00 9.909154371988394616e-15
2.369000000000000000e+03 0.000000000000000000e+00 0.000000000000000000e+00 9.902338899132970173e-15
2.370000000000000000e+03 0.000000000000000000e+00 0.000000000000000000e+00 9.895538085071830728e-15
2.371000000000000000e+03 0.000000000000000000e+00 0.000000000000000000e+00 9.888752060470948411e-15
2.372000000000000000e+03 0.000000000000000000e+00 0.000000000000000000e+00 9.881980881795459583e-15
2.373000000000000000e+03 0.000000000000000000e+00 0.000000000000000000e+00 9.875224677367660602e-15
2.374000000000000000e+03 0.000000000000000000e+00 0.000000000000000000e+00 9.868483502403678045e-15
2.375000000000000000e+03 0.000000000000000000e+00 0.000000000000000000e+00 9.861757486113947322e-15
2.376000000000000000e+03 0.000000000000000000e+00 0.000000000000000000e+00 9.855046679577175757e-15
2.377000000000000000e+03 0.000000000000000000e+00 0.000000000000000000e+00 9.848351211901464565e-15
2.378000000000000000e+03 0.000000000000000000e+00 0.000000000000000000e+00 9.841671134258246939e-15
2.379000000000000000e+03 0.000000000000000000e+00 0.000000000000000000e+00 9.835006572116689202e-15
2.380000000000000000e+03 0.000000000000000000e+00 0.000000000000000000e+00 9.828357574994049490e-15
2.381000000000000000e+03 0.000000000000000000e+00 0.000000000000000000e+00 9.821724267571840181e-15
2.382000000000000000e+03 0.000000000000000000e+00 0.000000000000000000e+00 9.815106696038299570e-15
2.383000000000000000e+03 0.000000000000000000e+00 0.000000000000000000e+00 9.808504984196685410e-15
2.384000000000000000e+03 0.000000000000000000e+00 0.000000000000000000e+00 9.801919176159918082e-15
2.385000000000000000e+03 0.000000000000000000e+00 0.000000000000000000e+00 9.795349393831130810e-15
2.386000000000000000e+03 0.000000000000000000e+00 0.000000000000000000e+00 9.788795679812933485e-15
2.387000000000000000e+03 0.000000000000000000e+00 0.000000000000000000e+00 9.782258153680953629e-15
2.388000000000000000e+03 0.000000000000000000e+00 0.000000000000000000e+00 9.775736857834505366e-15
2.389000000000000000e+03 0.000000000000000000e+00 0.000000000000000000e+00 9.769231910251438407e-15
2.390000000000000000e+03 0.000000000000000000e+00 0.000000000000000000e+00 9.762743350480899806e-15
2.391000000000000000e+03 0.000000000000000000e+00 0.000000000000000000e+00 9.756271293043482204e-15
2.392000000000000000e+03 0.000000000000000000e+00 0.000000000000000000e+00 9.749815776969099672e-15
2.393000000000000000e+03 0.000000000000000000e+00 0.000000000000000000e+00 9.743376914510634806e-15
2.394000000000000000e+03 0.000000000000000000e+00 0.000000000000000000e+00 9.736954740593504746e-15
2.395000000000000000e+03 0.000000000000000000e+00 0.000000000000000000e+00 9.730549363456686363e-15
2.396000000000000000e+03 0.000000000000000000e+00 0.000000000000000000e+00 9.724160815775724476e-15
2.397000000000000000e+03 0.000000000000000000e+00 0.000000000000000000e+00 9.717789203209097827e-15
2.398000000000000000e+03 0.000000000000000000e+00 0.000000000000000000e+00 9.711434555500791073e-15
2.399000000000000000e+03 0.000000000000000000e+00 0.000000000000000000e+00 9.705096977421853881e-15
2.400000000000000000e+03 0.000000000000000000e+00 0.000000000000000000e+00 9.698776495615957619e-15
2.401000000000000000e+03 0.000000000000000000e+00 0.000000000000000000e+00 9.692473211540772071e-15
2.402000000000000000e+03 0.000000000000000000e+00 0.000000000000000000e+00 9.686187149481328139e-15
2.403000000000000000e+03 0.000000000000000000e+00 0.000000000000000000e+00 9.679918410177608889e-15
2.404000000000000000e+03 0.000000000000000000e+00 0.000000000000000000e+00 9.673667015005526576e-15
2.405000000000000000e+03 0.000000000000000000e+00 0.000000000000000000e+00 9.667433061254105460e-15
2.406000000000000000e+03 0.000000000000000000e+00 0.000000000000000000e+00 9.661216569643878467e-15
2.407000000000000000e+03 0.000000000000000000e+00 0.000000000000000000e+00 9.655017634151980920e-15
2.408000000000000000e+03 0.000000000000000000e+00 0.000000000000000000e+00 9.648836272291817534e-15
2.409000000000000000e+03 0.000000000000000000e+00 0.000000000000000000e+00 9.642672575996910039e-15
2.410000000000000000e+03 0.000000000000000000e+00 0.000000000000000000e+00 9.636526559645390702e-15
2.411000000000000000e+03 0.000000000000000000e+00 0.000000000000000000e+00 9.630398312501646713e-15
2.412000000000000000e+03 0.000000000000000000e+00 0.000000000000000000e+00 9.624287846908314124e-15
2.413000000000000000e+03 0.000000000000000000e+00 0.000000000000000000e+00 9.618195249125666848e-15
2.414000000000000000e+03 0.000000000000000000e+00 0.000000000000000000e+00 9.612120529960911535e-15
2.415000000000000000e+03 0.000000000000000000e+00 0.000000000000000000e+00 9.606063771484730741e-15
2.416000000000000000e+03 0.000000000000000000e+00 0.000000000000000000e+00 9.600024981120095746e-15
2.417000000000000000e+03 0.000000000000000000e+00 0.000000000000000000e+00 9.594004240602221270e-15
2.418000000000000000e+03 0.000000000000000000e+00 0.000000000000000000e+00 9.588001553208250084e-15
2.419000000000000000e+03 0.000000000000000000e+00 0.000000000000000000e+00 9.582016997514832554e-15
2.420000000000000000e+03 0.000000000000000000e+00 0.000000000000000000e+00 9.576050574377431533e-15
2.421000000000000000e+03 0.000000000000000000e+00 0.000000000000000000e+00 9.570102360615003271e-15
2.422000000000000000e+03 0.000000000000000000e+00 0.000000000000000000e+00 9.564172356400690117e-15
2.423000000000000000e+03 0.000000000000000000e+00 0.000000000000000000e+00 9.558260633968112267e-15
2.424000000000000000e+03 0.000000000000000000e+00 0.000000000000000000e+00 9.552367190593629627e-15
2.425000000000000000e+03 0.000000000000000000e+00 0.000000000000000000e+00 9.546492097082830097e-15
2.426000000000000000e+03 0.000000000000000000e+00 0.000000000000000000e+00 9.540635348031652022e-15
2.427000000000000000e+03 0.000000000000000000e+00 0.000000000000000000e+00 9.534797009722689348e-15
2.428000000000000000e+03 0.000000000000000000e+00 0.000000000000000000e+00 9.528977073924517738e-15
2.429000000000000000e+03 0.000000000000000000e+00 0.000000000000000000e+00 9.523175603522069355e-15
2.430000000000000000e+03 0.000000000000000000e+00 0.000000000000000000e+00 9.517392586554198125e-15
2.431000000000000000e+03 0.000000000000000000e+00 0.000000000000000000e+00 9.511628082350481131e-15
2.432000000000000000e+03 0.000000000000000000e+00 0.000000000000000000e+00 9.505882075973830820e-15
2.433000000000000000e+03 0.000000000000000000e+00 0.000000000000000000e+00 9.500154623551195729e-15
2.434000000000000000e+03 0.000000000000000000e+00 0.000000000000000000e+00 9.494445707208305142e-15
2.435000000000000000e+03 0.000000000000000000e+00 0.000000000000000000e+00 9.488755380156378294e-15
2.436000000000000000e+03 0.000000000000000000e+00 0.000000000000000000e+00 9.483083621447384240e-15
2.437000000000000000e+03 0.000000000000000000e+00 0.000000000000000000e+00 9.477430481509368365e-15
2.438000000000000000e+03 0.000000000000000000e+00 0.000000000000000000e+00 9.471795935669136024e-15
2.439000000000000000e+03 0.000000000000000000e+00 0.000000000000000000e+00 9.466180032711391764e-15
2.440000000000000000e+03 0.000000000000000000e+00 0.000000000000000000e+00 9.460582744746750297e-15
2.441000000000000000e+03 0.000000000000000000e+00 0.000000000000000000e+00 9.455004117383889590e-15
2.442000000000000000e+03 0.000000000000000000e+00 0.000000000000000000e+00 9.449444119955308682e-15
2.443000000000000000e+03 0.000000000000000000e+00 0.000000000000000000e+00 9.443902793202229161e-15
2.444000000000000000e+03 0.000000000000000000e+00 0.000000000000000000e+00 9.438380104872984841e-15
2.445000000000000000e+03 0.000000000000000000e+00 0.000000000000000000e+00 9.432876092306258787e-15
2.446000000000000000e+03 0.000000000000000000e+00 0.000000000000000000e+00 9.427390720261666944e-15
2.447000000000000000e+03 0.000000000000000000e+00 0.000000000000000000e+00 9.421924023977387712e-15
2.448000000000000000e+03 0.000000000000000000e+00 0.000000000000000000e+00 9.416475963778729980e-15
2.449000000000000000e+03 0.000000000000000000e+00 0.000000000000000000e+00 9.411046570454542027e-15
2.450000000000000000e+03 0.000000000000000000e+00 0.000000000000000000e+00 9.405635803238047905e-15
2.451000000000000000e+03 0.000000000000000000e+00 0.000000000000000000e+00 9.400243689823374050e-15
2.452000000000000000e+03 0.000000000000000000e+00 0.000000000000000000e+00 9.394870185590242611e-15
2.453000000000000000e+03 0.000000000000000000e+00 0.000000000000000000e+00 9.389515315491288009e-15
2.454000000000000000e+03 0.000000000000000000e+00 0.000000000000000000e+00 9.384179032336647366e-15
2.455000000000000000e+03 0.000000000000000000e+00 0.000000000000000000e+00 9.378861357534405842e-15
2.456000000000000000e+03 0.000000000000000000e+00 0.000000000000000000e+00 9.373562242607104434e-15
2.457000000000000000e+03 0.000000000000000000e+00 0.000000000000000000e+00 9.368281707487603187e-15
2.458000000000000000e+03 0.000000000000000000e+00 0.000000000000000000e+00 9.363019698059378206e-15
2.459000000000000000e+03 0.000000000000000000e+00 0.000000000000000000e+00 9.357776233494414258e-15
2.460000000000000000e+03 0.000000000000000000e+00 0.000000000000000000e+00 9.352551256240366884e-15
2.461000000000000000e+03 0.000000000000000000e+00 0.000000000000000000e+00 9.347344783395999729e-15
2.462000000000000000e+03 0.000000000000000000e+00 0.000000000000000000e+00 9.342156754651710144e-15
2.463000000000000000e+03 0.000000000000000000e+00 0.000000000000000000e+00 9.336987183357943430e-15
2.464000000000000000e+03 0.000000000000000000e+00 0.000000000000000000e+00 9.331836005994977365e-15
2.465000000000000000e+03 0.000000000000000000e+00 0.000000000000000000e+00 9.326703234598557444e-15
2.466000000000000000e+03 0.000000000000000000e+00 0.000000000000000000e+00 9.321588801052847975e-15
2.467000000000000000e+03 0.000000000000000000e+00 0.000000000000000000e+00 9.316492713036578411e-15
2.468000000000000000e+03 0.000000000000000000e+00 0.000000000000000000e+00 9.311414901439509712e-15
2.469000000000000000e+03 0.000000000000000000e+00 0.000000000000000000e+00 9.306355371211617841e-15
2.470000000000000000e+03 0.000000000000000000e+00 0.000000000000000000e+00 9.301314051037286348e-15
2.471000000000000000e+03 0.000000000000000000e+00 0.000000000000000000e+00 9.296290942700167603e-15
2.472000000000000000e+03 0.000000000000000000e+00 0.000000000000000000e+00 9.291285973096904907e-15
2.473000000000000000e+03 0.000000000000000000e+00 0.000000000000000000e+00 9.286299140838699169e-15
2.474000000000000000e+03 0.000000000000000000e+00 0.000000000000000000e+00 9.281330371479557162e-15
2.475000000000000000e+03 0.000000000000000000e+00 0.000000000000000000e+00 9.276379660509149305e-15
2.476000000000000000e+03 0.000000000000000000e+00 0.000000000000000000e+00 9.271446930211832201e-15
2.477000000000000000e+03 0.000000000000000000e+00 0.000000000000000000e+00 9.266532174842861990e-15
2.478000000000000000e+03 0.000000000000000000e+00 0.000000000000000000e+00 9.261635313812225952e-15
2.479000000000000000e+03 0.000000000000000000e+00 0.000000000000000000e+00 9.256756338130431241e-15
2.480000000000000000e+03 0.000000000000000000e+00 0.000000000000000000e+00 9.251895163289581139e-15
2.481000000000000000e+03 0.000000000000000000e+00 0.000000000000000000e+00 9.247051778186119193e-15
2.482000000000000000e+03 0.000000000000000000e+00 0.000000000000000000e+00 9.242226096881315932e-15
2.483000000000000000e+03 0.000000000000000000e+00 0.000000000000000000e+00 9.237418104817609517e-15
2.484000000000000000e+03 0.000000000000000000e+00 0.000000000000000000e+00 9.232627713674222931e-15
2.485000000000000000e+03 0.000000000000000000e+00 0.000000000000000000e+00 9.227854906813082562e-15
2.486000000000000000e+03 0.000000000000000000e+00 0.000000000000000000e+00 9.223099593406611806e-15
2.487000000000000000e+03 0.000000000000000000e+00 0.000000000000000000e+00 9.218361753085521211e-15
2.488000000000000000e+03 0.000000000000000000e+00 0.000000000000000000e+00 9.213641294337998311e-15
2.489000000000000000e+03 0.000000000000000000e+00 0.000000000000000000e+00 9.208938193605885997e-15
2.490000000000000000e+03 0.000000000000000000e+00 0.000000000000000000e+00 9.204252353620676702e-15
2.491000000000000000e+03 0.000000000000000000e+00 0.000000000000000000e+00 9.199583749603742945e-15
2.492000000000000000e+03 0.000000000000000000e+00 0.000000000000000000e+00 9.194932280191054309e-15
2.493000000000000000e+03 0.000000000000000000e+00 0.000000000000000000e+00 9.190297915289015607e-15
2.494000000000000000e+03 0.000000000000000000e+00 0.000000000000000000e+00 9.185680549929869970e-15
2.495000000000000000e+03 0.000000000000000000e+00 0.000000000000000000e+00 9.181080151078102730e-15
2.496000000000000000e+03 0.000000000000000000e+00 0.000000000000000000e+00 9.176496611099252168e-15
2.497000000000000000e+03 0.000000000000000000e+00 0.000000000000000000e+00 9.171929891941446586e-15
2.498000000000000000e+03 0.000000000000000000e+00 0.000000000000000000e+00 9.167379885006879952e-15
2.499000000000000000e+03 0.000000000000000000e+00 0.000000000000000000e+00 9.162846549155569379e-15
2.500000000000000000e+03 0.000000000000000000e+00 0.000000000000000000e+00 9.158329771726223202e-15
2.501000000000000000e+03 0.000000000000000000e+00 0.000000000000000000e+00 9.153829510252177508e-15
2.502000000000000000e+03 0.000000000000000000e+00 0.000000000000000000e+00 9.149345648837372316e-15
2.503000000000000000e+03 0.000000000000000000e+00 0.000000000000000000e+00 9.144878141565410796e-15
2.504000000000000000e+03 0.000000000000000000e+00 0.000000000000000000e+00 9.140426869476235681e-15
2.505000000000000000e+03 0.000000000000000000e+00 0.000000000000000000e+00 9.135991783454505574e-15
2.506000000000000000e+03 0.000000000000000000e+00 0.000000000000000000e+00 9.131572761553501110e-15
2.507000000000000000e+03 0.000000000000000000e+00 0.000000000000000000e+00 9.127169751588921672e-15
2.508000000000000000e+03 0.000000000000000000e+00 0.000000000000000000e+00 9.122782629409546117e-15
2.509000000000000000e+03 0.000000000000000000e+00 0.000000000000000000e+00 9.118411337927558617e-15
2.510000000000000000e+03 0.000000000000000000e+00 0.000000000000000000e+00 9.114055750469752873e-15
2.511000000000000000e+03 0.000000000000000000e+00 0.000000000000000000e+00 9.109715808869163958e-15
2.512000000000000000e+03 0.000000000000000000e+00 0.000000000000000000e+00 9.105391386083094169e-15
2.513000000000000000e+03 0.000000000000000000e+00 0.000000000000000000e+00 9.101082410476034491e-15
2.514000000000000000e+03 0.000000000000000000e+00 0.000000000000000000e+00 9.096788756456846505e-15
2.515000000000000000e+03 0.000000000000000000e+00 0.000000000000000000e+00 9.092510361785163674e-15
2.516000000000000000e+03 0.000000000000000000e+00 0.000000000000000000e+00 9.088247083100432254e-15
2.517000000000000000e+03 0.000000000000000000e+00 0.000000000000000000e+00 9.083998861356793723e-15
2.518000000000000000e+03 0.000000000000000000e+00 0.000000000000000000e+00 9.079765545834890579e-15
2.519000000000000000e+03 0.000000000000000000e+00 0.000000000000000000e+00 9.075547081505469505e-15
2.520000000000000000e+03 0.000000000000000000e+00 0.000000000000000000e+00 9.071343323421429172e-15
2.521000000000000000e+03 0.000000000000000000e+00 0.000000000000000000e+00 9.067154199229114729e-15
2.522000000000000000e+03 0.000000000000000000e+00 0.000000000000000000e+00 9.062979567240707808e-15
2.523000000000000000e+03 0.000000000000000000e+00 0.000000000000000000e+00 9.058819348693804966e-15
2.524000000000000000e+03 0.000000000000000000e+00 0.000000000000000000e+00 9.054673404706674937e-15
2.525000000000000000e+03 0.000000000000000000e+00 0.000000000000000000e+00 9.050541653151619457e-15
2.526000000000000000e+03 0.000000000000000000e+00 0.000000000000000000e+00 9.046423946362710732e-15
2.527000000000000000e+03 0.000000000000000000e+00 0.000000000000000000e+00 9.042320212361416206e-15
2.528000000000000000e+03 0.000000000000000000e+00 0.000000000000000000e+00 9.038230290188520488e-15
2.529000000000000000e+03 0.000000000000000000e+00 0.000000000000000000e+00 9.034154113210372333e-15
2.530000000000000000e+03 0.000000000000000000e+00 0.000000000000000000e+00 9.030091514666362812e-15
2.531000000000000000e+03 0.000000000000000000e+00 0.000000000000000000e+00 9.026042411992457340e-15
2.532000000000000000e+03 0.000000000000000000e+00 0.000000000000000000e+00 9.022006655123177334e-15
2.533000000000000000e+03 0.000000000000000000e+00 0.000000000000000000e+00 9.017984156165279986e-15
2.534000000000000000e+03 0.000000000000000000e+00 0.000000000000000000e+00 9.013974752600214868e-15
2.535000000000000000e+03 0.000000000000000000e+00 0.000000000000000000e+00 9.009978363960247430e-15
2.536000000000000000e+03 0.000000000000000000e+00 0.000000000000000000e+00 9.005994824480650418e-15
2.537000000000000000e+03 0.000000000000000000e+00 0.000000000000000000e+00 9.002024056048263960e-15
2.538000000000000000e+03 0.000000000000000000e+00 0.000000000000000000e+00 8.998065892833079404e-15
2.539000000000000000e+03 0.000000000000000000e+00 0.000000000000000000e+00 8.994120249298694229e-15
2.540000000000000000e+03 0.000000000000000000e+00 0.000000000000000000e+00 8.990186959583067299e-15
2.541000000000000000e+03 0.000000000000000000e+00 0.000000000000000000e+00 8.986265936603085979e-15
2.542000000000000000e+03 0.000000000000000000e+00 0.000000000000000000e+00 8.982357014166919524e-15
2.543000000000000000e+03 0.000000000000000000e+00 0.000000000000000000e+00 8.978460105543034827e-15
2.544000000000000000e+03 0.000000000000000000e+00 0.000000000000000000e+00 8.974575046791156892e-15
2.545000000000000000e+03 0.000000000000000000e+00 0.000000000000000000e+00 8.970701740433438134e-15
2.546000000000000000e+03 0.000000000000000000e+00 0.000000000000000000e+00 8.966840024392561695e-15
2.547000000000000000e+03 0.000000000000000000e+00 0.000000000000000000e+00 8.962989808218476132e-15
2.548000000000000000e+03 0.000000000000000000e+00 0.000000000000000000e+00 8.959150931127531786e-15
2.549000000000000000e+03 0.000000000000000000e+00 0.000000000000000000e+00 8.955323305697688244e-15
2.550000000000000000e+03 0.000000000000000000e+00 0.000000000000000000e+00 8.951506764252713617e-15
2.551000000000000000e+03 0.000000000000000000e+00 0.000000000000000000e+00 8.947701211584216903e-15
2.552000000000000000e+03 0.000000000000000000e+00 0.000000000000000000e+00 8.943906487720046498e-15
2.553000000000000000e+03 0.000000000000000000e+00 0.000000000000000000e+00 8.940122504800568226e-15
2.554000000000000000e+03 0.000000000000000000e+00 0.000000000000000000e+00 8.936349097374193168e-15
2.555000000000000000e+03 0.000000000000000000e+00 0.000000000000000000e+00 8.932586171936181156e-15
2.556000000000000000e+03 0.000000000000000000e+00 0.000000000000000000e+00 8.928833570865785618e-15
2.557000000000000000e+03 0.000000000000000000e+00 0.000000000000000000e+00 8.925091199424593636e-15
2.558000000000000000e+03 0.000000000000000000e+00 0.000000000000000000e+00 8.921358895093557798e-15
2.559000000000000000e+03 0.000000000000000000e+00 0.000000000000000000e+00 8.917636572621029124e-15
2.560000000000000000e+03 0.000000000000000000e+00 0.000000000000000000e+00 8.913924068051401897e-15
2.561000000000000000e+03 0.000000000000000000e+00 0.000000000000000000e+00 8.910221291156436582e-15
2.562000000000000000e+03 0.000000000000000000e+00 0.000000000000000000e+00 8.906528078078582874e-15
2.563000000000000000e+03 0.000000000000000000e+00 0.000000000000000000e+00 8.902844346825053499e-15
2.564000000000000000e+03 0.000000000000000000e+00 0.000000000000000000e+00 8.899169943854221163e-15
2.565000000000000000e+03 0.000000000000000000e+00 0.000000000000000000e+00 8.895504783396212069e-15
2.566000000000000000e+03 0.000000000000000000e+00 0.000000000000000000e+00 8.891848706735391196e-15
2.567000000000000000e+03 0.000000000000000000e+00 0.000000000000000000e+00 8.888201635923984937e-15
2.568000000000000000e+03 0.000000000000000000e+00 0.000000000000000000e+00 8.884563412699372690e-15
2.569000000000000000e+03 0.000000000000000000e+00 0.000000000000000000e+00 8.880933963095701416e-15
2.570000000000000000e+03 0.000000000000000000e+00 0.000000000000000000e+00 8.877313128273183587e-15
2.571000000000000000e+03 0.000000000000000000e+00 0.000000000000000000e+00 8.873700838151876052e-15
2.572000000000000000e+03 0.000000000000000000e+00 0.000000000000000000e+00 8.870096934531164254e-15
2.573000000000000000e+03 0.000000000000000000e+00 0.000000000000000000e+00 8.866501350286545601e-15
2.574000000000000000e+03 0.000000000000000000e+00 0.000000000000000000e+00 8.862913936046191637e-15
2.575000000000000000e+03 0.000000000000000000e+00 0.000000000000000000e+00 8.859334627101260679e-15
2.576000000000000000e+03 0.000000000000000000e+00 0.000000000000000000e+00 8.855763269234380869e-15
2.577000000000000000e+03 0.000000000000000000e+00 0.000000000000000000e+00 8.852199799721541360e-15
2.578000000000000000e+03 0.000000000000000000e+00 0.000000000000000000e+00 8.848644072236232334e-15
2.579000000000000000e+03 0.000000000000000000e+00 0.000000000000000000e+00 8.845096017348926455e-15
2.580000000000000000e+03 0.000000000000000000e+00 0.000000000000000000e+00 8.841555500922761429e-15
2.581000000000000000e+03 0.000000000000000000e+00 0.000000000000000000e+00 8.838022459263178216e-15
2.582000000000000000e+03 0.000000000000000000e+00 0.000000000000000000e+00 8.834496756556271967e-15
2.583000000000000000e+03 0.000000000000000000e+00 0.000000000000000000e+00 8.830978330420048790e-15
2.584000000000000000e+03 0.000000000000000000e+00 0.000000000000000000e+00 8.827467046059944656e-15
2.585000000000000000e+03 0.000000000000000000e+00 0.000000000000000000e+00 8.823962851355982666e-15
2.586000000000000000e+03 0.000000000000000000e+00 0.000000000000000000e+00 8.820465611659828357e-15
2.587000000000000000e+03 0.000000000000000000e+00 0.000000000000000000e+00 8.816975280145373661e-15
2.588000000000000000e+03 0.000000000000000000e+00 0.000000000000000000e+00 8.813491721801135154e-15
2.589000000000000000e+03 0.000000000000000000e+00 0.000000000000000000e+00 8.810014892713482385e-15
2.590000000000000000e+03 0.000000000000000000e+00 0.000000000000000000e+00 8.806544657824950805e-15
2.591000000000000000e+03 0.000000000000000000e+00 0.000000000000000000e+00 8.803080975770090037e-15
2.592000000000000000e+03 0.000000000000000000e+00 0.000000000000000000e+00 8.799623710444858502e-15
2.593000000000000000e+03 0.000000000000000000e+00 0.000000000000000000e+00 8.796172830836816343e-15
2.594000000000000000e+03 0.000000000000000000e+00 0.000000000000000000e+00 8.792728199126002785e-15
2.595000000000000000e+03 0.000000000000000000e+00 0.000000000000000000e+00 8.789289789960301089e-15
2.596000000000000000e+03 0.000000000000000000e+00 0.000000000000000000e+00 8.785857472395853406e-15
2.597000000000000000e+03 0.000000000000000000e+00 0.000000000000000000e+00 8.782431215205234771e-15
2.598000000000000000e+03 0.000000000000000000e+00 0.000000000000000000e+00 8.779010890950949417e-15
2.599000000000000000e+03 0.000000000000000000e+00 0.000000000000000000e+00 8.775596474882781477e-15
2.600000000000000000e+03 0.000000000000000000e+00 0.000000000000000000e+00 8.772187848782040428e-15
2.601000000000000000e+03 0.000000000000000000e+00 0.000000000000000000e+00 8.768784980948522765e-15
2.602000000000000000e+03 0.000000000000000000e+00 0.000000000000000000e+00 8.765387766911465033e-15
2.603000000000000000e+03 0.000000000000000000e+00 0.000000000000000000e+00 8.761996171075593589e-15
2.604000000000000000e+03 0.000000000000000000e+00 0.000000000000000000e+00 8.758610095743421460e-15
2.605000000000000000e+03 0.000000000000000000e+00 0.000000000000000000e+00 8.755229501766006509e-15
2.606000000000000000e+03 0.000000000000000000e+00 0.000000000000000000e+00 8.751854296489402941e-15
2.607000000000000000e+03 0.000000000000000000e+00 0.000000000000000000e+00 8.748484454138877565e-15
2.608000000000000000e+03 0.000000000000000000e+00 0.000000000000000000e+00 8.745119876026777824e-15
2.609000000000000000e+03 0.000000000000000000e+00 0.000000000000000000e+00 8.741760532485608594e-15
2.610000000000000000e+03 0.000000000000000000e+00 0.000000000000000000e+00 8.738406339167116516e-15
2.611000000000000000e+03 0.000000000000000000e+00 0.000000000000000000e+00 8.735057273860400576e-15
2.612000000000000000e+03 0.000000000000000000e+00 0.000000000000000000e+00 8.731713248975546031e-15
2.613000000000000000e+03 0.000000000000000000e+00 0.000000000000000000e+00 8.728374253282767640e-15
2.614000000000000000e+03 0.000000000000000000e+00 0.000000000000000000e+00 8.725040198061873909e-15
2.615000000000000000e+03 0.000000000000000000e+00 0.000000000000000000e+00 8.721711075950858305e-15
2.616000000000000000e+03 0.000000000000000000e+00 0.000000000000000000e+00 8.718386796766089804e-15
2.617000000000000000e+03 0.000000000000000000e+00 0.000000000000000000e+00 8.715067355163045238e-15
2.618000000000000000e+03 0.000000000000000000e+00 0.000000000000000000e+00 8.711752676609493105e-15
2.619000000000000000e+03 0.000000000000000000e+00 0.000000000000000000e+00 8.708442755685865902e-15
2.620000000000000000e+03 0.000000000000000000e+00 0.000000000000000000e+00 8.705137514350059610e-15
2.621000000000000000e+03 0.000000000000000000e+00 0.000000000000000000e+00 8.701836947159082291e-15
2.622000000000000000e+03 0.000000000000000000e+00 0.000000000000000000e+00 8.698540991305515254e-15
2.623000000000000000e+03 0.000000000000000000e+00 0.000000000000000000e+00 8.695249640053781680e-15
2.624000000000000000e+03 0.000000000000000000e+00 0.000000000000000000e+00 8.691962828835971462e-15
2.625000000000000000e+03 0.000000000000000000e+00 0.000000000000000000e+00 8.688680557468275278e-15
2.626000000000000000e+03 0.000000000000000000e+00 0.000000000000000000e+00 8.685402768872140103e-15
2.627000000000000000e+03 0.000000000000000000e+00 0.000000000000000000e+00 8.682129473055310972e-15
2.628000000000000000e+03 0.000000000000000000e+00 0.000000000000000000e+00 8.678860607734267501e-15
2.629000000000000000e+03 0.000000000000000000e+00 0.000000000000000000e+00 8.675596186045847235e-15
2.630000000000000000e+03 0.000000000000000000e+00 0.000000000000000000e+00 8.672336150706396471e-15
2.631000000000000000e+03 0.000000000000000000e+00 0.000000000000000000e+00 8.669080525637795572e-15
2.632000000000000000e+03 0.000000000000000000e+00 0.000000000000000000e+00 8.665829244827648074e-15
2.633000000000000000e+03 0.000000000000000000e+00 0.000000000000000000e+00 8.662582344665897698e-15
2.634000000000000000e+03 0.000000000000000000e+00 0.000000000000000000e+00 8.659339763929499239e-15
2.635000000000000000e+03 0.000000000000000000e+00 0.000000000000000000e+00 8.656101534985231047e-15
2.636000000000000000e+03 0.000000000000000000e+00 0.000000000000000000e+00 8.652867612940912270e-15
2.637000000000000000e+03 0.000000000000000000e+00 0.000000000000000000e+00 8.649638020820688517e-15
2.638000000000000000e+03 0.000000000000000000e+00 0.000000000000000000e+00 8.646412720078367335e-15
2.639000000000000000e+03 0.000000000000000000e+00 0.000000000000000000e+00 8.643191744462615741e-15
2.640000000000000000e+03 0.000000000000000000e+00 0.000000000000000000e+00 8.639975050079597379e-15
2.641000000000000000e+03 0.000000000000000000e+00 0.000000000000000000e+00 8.636762682003360249e-15
2.642000000000000000e+03 0.000000000000000000e+00 0.000000000000000000e+00 8.633554601207898297e-15
2.643000000000000000e+03 0.000000000000000000e+00 0.000000000000000000e+00 8.630350849654901903e-15
2.644000000000000000e+03 0.000000000000000000e+00 0.000000000000000000e+00 8.627151389611345904e-15
2.645000000000000000e+03 0.000000000000000000e+00 0.000000000000000000e+00 8.623956268407043410e-15
2.646000000000000000e+03 0.000000000000000000e+00 0.000000000000000000e+00 8.620765456273682874e-15
2.647000000000000000e+03 0.000000000000000000e+00 0.000000000000000000e+00 8.617579003133156015e-15
2.648000000000000000e+03 0.000000000000000000e+00 0.000000000000000000e+00 8.614396888733762563e-15
2.649000000000000000e+03 0.000000000000000000e+00 0.000000000000000000e+00 8.611219160539022823e-15
2.650000000000000000e+03 0.000000000000000000e+00 0.000000000000000000e+00 8.608045800446409175e-15
2.651000000000000000e+03 0.000000000000000000e+00 0.000000000000000000e+00 8.604876861390014018e-15
2.652000000000000000e+03 0.000000000000000000e+00 0.000000000000000000e+00 8.601712326888363674e-15
2.653000000000000000e+03 0.000000000000000000e+00 0.000000000000000000e+00 8.598552253106579657e-15
2.654000000000000000e+03 0.000000000000000000e+00 0.000000000000000000e+00 8.595396627638961219e-15
2.655000000000000000e+03 0.000000000000000000e+00 0.000000000000000000e+00 8.592245508797579514e-15
2.656000000000000000e+03 0.000000000000000000e+00 0.000000000000000000e+00 8.589098886634095469e-15
2.657000000000000000e+03 0.000000000000000000e+00 0.000000000000000000e+00 8.585956823177219506e-15
2.658000000000000000e+03 0.000000000000000000e+00 0.000000000000000000e+00 8.582819311893943241e-15
2.659000000000000000e+03 0.000000000000000000e+00 0.000000000000000000e+00 8.579686418374261254e-15
2.660000000000000000e+03 0.000000000000000000e+00 0.000000000000000000e+00 8.576558138885695529e-15
2.661000000000000000e+03 0.000000000000000000e+00 0.000000000000000000e+00 8.573434543467887891e-15
2.662000000000000000e+03 0.000000000000000000e+00 0.000000000000000000e+00 8.570315631856825526e-15
2.663000000000000000e+03 0.000000000000000000e+00 0.000000000000000000e+00 8.567201477314732257e-15
2.664000000000000000e+03 0.000000000000000000e+00 0.000000000000000000e+00 8.564092082361938210e-15
2.665000000000000000e+03 0.000000000000000000e+00 0.000000000000000000e+00 8.560987524776914823e-15
2.666000000000000000e+03 0.000000000000000000e+00 0.000000000000000000e+00 8.557887810312532796e-15
2.667000000000000000e+03 0.000000000000000000e+00 0.000000000000000000e+00 8.554793020115630213e-15
2.668000000000000000e+03 0.000000000000000000e+00 0.000000000000000000e+00 8.551703162652658316e-15
2.669000000000000000e+03 0.000000000000000000e+00 0.000000000000000000e+00 8.548618321983254658e-15
2.670000000000000000e+03 0.000000000000000000e+00 0.000000000000000000e+00 8.545538511345825782e-15
2.671000000000000000e+03 0.000000000000000000e+00 0.000000000000000000e+00 8.542463815852400177e-15
2.672000000000000000e+03 0.000000000000000000e+00 0.000000000000000000e+00 8.539394252034140291e-15
2.673000000000000000e+03 0.000000000000000000e+00 0.000000000000000000e+00 8.536329908976652189e-15
2.674000000000000000e+03 0.000000000000000000e+00 0.000000000000000000e+00 8.533270806000185470e-15
2.675000000000000000e+03 0.000000000000000000e+00 0.000000000000000000e+00 8.530217034246314932e-15
2.676000000000000000e+03 0.000000000000000000e+00 0.000000000000000000e+00 8.527168616355982800e-15
2.677000000000000000e+03 0.000000000000000000e+00 0.000000000000000000e+00 8.524125646920645094e-15
2.678000000000000000e+03 0.000000000000000000e+00 0.000000000000000000e+00 8.521088150537402934e-15
2.679000000000000000e+03 0.000000000000000000e+00 0.000000000000000000e+00 8.518056225130633887e-15
2.680000000000000000e+03 0.000000000000000000e+00 0.000000000000000000e+00 8.515029897943906485e-15
2.681000000000000000e+03 0.000000000000000000e+00 0.000000000000000000e+00 8.512009270250259195e-15
2.682000000000000000e+03 0.000000000000000000e+00 0.000000000000000000e+00 8.508994373097906716e-15
2.683000000000000000e+03 0.000000000000000000e+00 0.000000000000000000e+00 8.505985308824355910e-15
2.684000000000000000e+03 0.000000000000000000e+00 0.000000000000000000e+00 8.502982111899458322e-15
2.685000000000000000e+03 0.000000000000000000e+00 0.000000000000000000e+00 8.499984886309465350e-15
2.686000000000000000e+03 0.000000000000000000e+00 0.000000000000000000e+00 8.496993669155699702e-15
2.687000000000000000e+03 0.000000000000000000e+00 0.000000000000000000e+00 8.494008565919629201e-15
2.688000000000000000e+03 0.000000000000000000e+00 0.000000000000000000e+00 8.491029615402690136e-15
2.689000000000000000e+03 0.000000000000000000e+00 0.000000000000000000e+00 8.488056925159317440e-15
2.690000000000000000e+03 0.000000000000000000e+00 0.000000000000000000e+00 8.485090535047918461e-15
2.691000000000000000e+03 0.000000000000000000e+00 0.000000000000000000e+00 8.482130554317058991e-15
2.692000000000000000e+03 0.000000000000000000e+00 0.000000000000000000e+00 8.479177025547129865e-15
2.693000000000000000e+03 0.000000000000000000e+00 0.000000000000000000e+00 8.476230059389151148e-15
2.694000000000000000e+03 0.000000000000000000e+00 0.000000000000000000e+00 8.473289699648770855e-15
2.695000000000000000e+03 0.000000000000000000e+00 0.000000000000000000e+00 8.470356059692755800e-15
2.696000000000000000e+03 0.000000000000000000e+00 0.000000000000000000e+00 8.467429185400874425e-15
2.697000000000000000e+03 0.000000000000000000e+00 0.000000000000000000e+00 8.464509190490337111e-15
2.698000000000000000e+03 0.000000000000000000e+00 0.000000000000000000e+00 8.461596124655488650e-15
2.699000000000000000e+03 0.000000000000000000e+00 0.000000000000000000e+00 8.458690102504862318e-15
2.700000000000000000e+03 0.000000000000000000e+00 0.000000000000000000e+00 8.455791173202424896e-15
2.701000000000000000e+03 0.000000000000000000e+00 0.000000000000000000e+00 8.452899454357609121e-15
2.702000000000000000e+03 0.000000000000000000e+00 0.000000000000000000e+00 8.450014995827254083e-15
2.703000000000000000e+03 0.000000000000000000e+00 0.000000000000000000e+00 8.447137916352415065e-15
2.704000000000000000e+03 0.000000000000000000e+00 0.000000000000000000e+00 8.444268265801286023e-15
2.705000000000000000e+03 0.000000000000000000e+00 0.000000000000000000e+00 8.441406164858998941e-15
2.706000000000000000e+03 0.000000000000000000e+00 0.000000000000000000e+00 8.438551664514681257e-15
2.707000000000000000e+03 0.000000000000000000e+00 0.000000000000000000e+00 8.435704886903112042e-15
2.708000000000000000e+03 0.000000000000000000e+00 0.000000000000000000e+00 8.432865883781018260e-15
2.709000000000000000e+03 0.000000000000000000e+00 0.000000000000000000e+00 8.430034777842839508e-15
2.710000000000000000e+03 0.000000000000000000e+00 0.000000000000000000e+00 8.427211623088815274e-15
2.711000000000000000e+03 0.000000000000000000e+00 0.000000000000000000e+00 8.424396542852838960e-15
2.712000000000000000e+03 0.000000000000000000e+00 0.000000000000000000e+00 8.421589591104378169e-15
2.713000000000000000e+03 0.000000000000000000e+00 0.000000000000000000e+00 8.418790892710051487e-15
2.714000000000000000e+03 0.000000000000000000e+00 0.000000000000000000e+00 8.416000502062657677e-15
2.715000000000000000e+03 0.000000000000000000e+00 0.000000000000000000e+00 8.413218542210020780e-15
2.716000000000000000e+03 0.000000000000000000e+00 0.000000000000000000e+00 8.410445068755503414e-15
2.717000000000000000e+03 0.000000000000000000e+00 0.000000000000000000e+00 8.407680204211685916e-15
2.718000000000000000e+03 0.000000000000000000e+00 0.000000000000000000e+00 8.404924004356352787e-15
2.719000000000000000e+03 0.000000000000000000e+00 0.000000000000000000e+00 8.402176590850881359e-15
2.720000000000000000e+03 0.000000000000000000e+00 0.000000000000000000e+00 8.399438019123587594e-15
2.721000000000000000e+03 0.000000000000000000e+00 0.000000000000000000e+00 8.396708411794641414e-15
2.722000000000000000e+03 0.000000000000000000e+00 0.000000000000000000e+00 8.393987823061483332e-15
2.723000000000000000e+03 0.000000000000000000e+00 0.000000000000000000e+00 8.391276376668479481e-15
2.724000000000000000e+03 0.000000000000000000e+00 0.000000000000000000e+00 8.388574126294883423e-15
2.725000000000000000e+03 0.000000000000000000e+00 0.000000000000000000e+00 8.385881194360802065e-15
2.726000000000000000e+03 0.000000000000000000e+00 0.000000000000000000e+00 8.383197635703549402e-15
2.727000000000000000e+03 0.000000000000000000e+00 0.000000000000000000e+00 8.380523572369848696e-15
2.728000000000000000e+03 0.000000000000000000e+00 0.000000000000000000e+00 8.377859062182511680e-15
2.729000000000000000e+03 0.000000000000000000e+00 0.000000000000000000e+00 8.375204222379556443e-15
2.730000000000000000e+03 0.000000000000000000e+00 0.000000000000000000e+00 8.372559105017988274e-15
2.731000000000000000e+03 0.000000000000000000e+00 0.000000000000000000e+00 8.369923833523533451e-15
2.732000000000000000e+03 0.000000000000000000e+00 0.000000000000000000e+00 8.367298457733850701e-15
2.733000000000000000e+03 0.000000000000000000e+00 0.000000000000000000e+00 8.364683096787316145e-15
2.734000000000000000e+03 0.000000000000000000e+00 0.000000000000000000e+00 8.362077799841970641e-15
2.735000000000000000e+03 0.000000000000000000e+00 0.000000000000000000e+00 8.359482684654661363e-15
2.736000000000000000e+03 0.000000000000000000e+00 0.000000000000000000e+00 8.356897808133725661e-15
2.737000000000000000e+03 0.000000000000000000e+00 0.000000000000000000e+00 8.354323279706273793e-15
2.738000000000000000e+03 0.000000000000000000e+00 0.000000000000000000e+00 8.351759151850794696e-15
2.739000000000000000e+03 0.000000000000000000e+00 0.000000000000000000e+00 8.349205531199541750e-15
2.740000000000000000e+03 0.000000000000000000e+00 0.000000000000000000e+00 8.346662470488148879e-15
2.741000000000000000e+03 0.000000000000000000e+00 0.000000000000000000e+00 8.344130081100483197e-15
2.742000000000000000e+03 0.000000000000000000e+00 0.000000000000000000e+00 8.341608400988303644e-15
2.743000000000000000e+03 0.000000000000000000e+00 0.000000000000000000e+00 8.339097552888813965e-15
2.744000000000000000e+03 0.000000000000000000e+00 0.000000000000000000e+00 8.336597567875402991e-15
2.745000000000000000e+03 0.000000000000000000e+00 0.000000000000000000e+00 8.334108560358628309e-15
2.746000000000000000e+03 0.000000000000000000e+00 0.000000000000000000e+00 8.331630565527594861e-15
2.747000000000000000e+03 0.000000000000000000e+00 0.000000000000000000e+00 8.329163694836209564e-15
2.748000000000000000e+03 0.000000000000000000e+00 0.000000000000000000e+00 8.326707984956897760e-15
2.749000000000000000e+03 0.000000000000000000e+00 0.000000000000000000e+00 8.324263539784008554e-15
2.750000000000000000e+03 0.000000000000000000e+00 0.000000000000000000e+00 8.321830397477837844e-15
2.751000000000000000e+03 0.000000000000000000e+00 0.000000000000000000e+00 8.319408657612853527e-15
2.752000000000000000e+03 0.000000000000000000e+00 0.000000000000000000e+00 8.316998345811096879e-15
2.753000000000000000e+03 0.000000000000000000e+00 0.000000000000000000e+00 8.314599567725707633e-15
2.754000000000000000e+03 0.000000000000000000e+00 0.000000000000000000e+00 8.312212342796693941e-15
2.755000000000000000e+03 0.000000000000000000e+00 0.000000000000000000e+00 8.309836773091119057e-15
2.756000000000000000e+03 0.000000000000000000e+00 0.000000000000000000e+00 8.307472875424214241e-15
2.757000000000000000e+03 0.000000000000000000e+00 0.000000000000000000e+00 8.305120752228285350e-15
2.758000000000000000e+03 0.000000000000000000e+00 0.000000000000000000e+00 8.302780418877414166e-15
2.759000000000000000e+03 0.000000000000000000e+00 0.000000000000000000e+00 8.300451971462219017e-15
2.760000000000000000e+03 0.000000000000000000e+00 0.000000000000000000e+00 8.298135418073533448e-15
2.761000000000000000e+03 0.000000000000000000e+00 0.000000000000000000e+00 8.295830852953523226e-15
2.762000000000000000e+03 0.000000000000000000e+00 0.000000000000000000e+00 8.293538289831447814e-15
2.763000000000000000e+03 0.000000000000000000e+00 0.000000000000000000e+00 8.291257815189516095e-15
2.764000000000000000e+03 0.000000000000000000e+00 0.000000000000000000e+00 8.288989437525413471e-15
2.765000000000000000e+03 0.000000000000000000e+00 0.000000000000000000e+00 8.286733241565500645e-15
2.766000000000000000e+03 0.000000000000000000e+00 0.000000000000000000e+00 8.284489234590132313e-15
2.767000000000000000e+03 0.000000000000000000e+00 0.000000000000000000e+00 8.282257493283296935e-15
2.768000000000000000e+03 0.000000000000000000e+00 0.000000000000000000e+00 8.280038026270704149e-15
2.769000000000000000e+03 0.000000000000000000e+00 0.000000000000000000e+00 8.277830900232912451e-15
2.770000000000000000e+03 0.000000000000000000e+00 0.000000000000000000e+00 8.275636124775587627e-15
2.771000000000000000e+03 0.000000000000000000e+00 0.000000000000000000e+00 8.273453769665949433e-15
2.772000000000000000e+03 0.000000000000000000e+00 0.000000000000000000e+00 8.271283833025481817e-15
2.773000000000000000e+03 0.000000000000000000e+00 0.000000000000000000e+00 8.269126378351579083e-15
2.774000000000000000e+03 0.000000000000000000e+00 0.000000000000000000e+00 8.266981407586645548e-15
2.775000000000000000e+03 0.000000000000000000e+00 0.000000000000000000e+00 8.264848982670837266e-15
2.776000000000000000e+03 0.000000000000000000e+00 0.000000000000000000e+00 8.262729100301771074e-15
2.777000000000000000e+03 0.000000000000000000e+00 0.000000000000000000e+00 8.260621814657000302e-15
2.778000000000000000e+03 0.000000000000000000e+00 0.000000000000000000e+00 8.258527121924078526e-15
2.779000000000000000e+03 0.000000000000000000e+00 0.000000000000000000e+00 8.256445066487736040e-15
2.780000000000000000e+03 0.000000000000000000e+00 0.000000000000000000e+00 8.254375645072694942e-15
2.781000000000000000e+03 0.000000000000000000e+00 0.000000000000000000e+00 8.252318890788439810e-15
2.782000000000000000e+03 0.000000000000000000e+00 0.000000000000000000e+00 8.250274802381663149e-15
2.783000000000000000e+03 0.000000000000000000e+00 0.000000000000000000e+00 8.248243407082645915e-15
2.784000000000000000e+03 0.000000000000000000e+00 0.000000000000000000e+00 8.246224692367391357e-15
2.785000000000000000e+03 0.000000000000000000e+00 0.000000000000000000e+00 8.244218689561745881e-15
2.786000000000000000e+03 0.000000000000000000e+00 0.000000000000000000e+00 8.242225383091411651e-15
2.787000000000000000e+03 0.000000000000000000e+00 0.000000000000000000e+00 8.240244792130719508e-15
2.788000000000000000e+03 0.000000000000000000e+00 0.000000000000000000e+00 8.238276900039450140e-15
2.789000000000000000e+03 0.000000000000000000e+00 0.000000000000000000e+00 8.236321728752833960e-15
2.790000000000000000e+03 0.000000000000000000e+00 0.000000000000000000e+00 8.234379248732237852e-15
2.791000000000000000e+03 0.000000000000000000e+00 0.000000000000000000e+00 8.232449482972663746e-15
2.792000000000000000e+03 0.000000000000000000e+00 0.000000000000000000e+00 8.230532396716398444e-15
2.793000000000000000e+03 0.000000000000000000e+00 0.000000000000000000e+00 8.228628000673569796e-15
2.794000000000000000e+03 0.000000000000000000e+00 0.000000000000000000e+00 8.226736257314401072e-15
2.795000000000000000e+03 0.000000000000000000e+00 0.000000000000000000e+00 8.224857180918686717e-15
2.796000000000000000e+03 0.000000000000000000e+00 0.000000000000000000e+00 8.222990725613060687e-15
2.797000000000000000e+03 0.000000000000000000e+00 0.000000000000000000e+00 8.221136900271573922e-15
2.798000000000000000e+03 0.000000000000000000e+00 0.000000000000000000e+00 8.219295648922757638e-15
2.799000000000000000e+03 0.000000000000000000e+00 0.000000000000000000e+00 8.217466979583412361e-15
2.800000000000000000e+03 0.000000000000000000e+00 0.000000000000000000e+00 8.215650831936182516e-15
2.801000000000000000e+03 0.000000000000000000e+00 0.000000000000000000e+00 8.213847206590529416e-15
2.802000000000000000e+03 0.000000000000000000e+00 0.000000000000000000e+00 8.212056041865594009e-15
2.803000000000000000e+03 0.000000000000000000e+00 0.000000000000000000e+00 8.210277328698558829e-15
2.804000000000000000e+03 0.000000000000000000e+00 0.000000000000000000e+00 8.208510998341869950e-15
2.805000000000000000e+03 0.000000000000000000e+00 0.000000000000000000e+00 8.206757044437990051e-15
2.806000000000000000e+03 0.000000000000000000e+00 0.000000000000000000e+00 8.205015395367976197e-15
2.807000000000000000e+03 0.000000000000000000e+00 0.000000000000000000e+00 8.203286033107551038e-15
2.808000000000000000e+03 0.000000000000000000e+00 0.000000000000000000e+00 8.201568877746521671e-15
2.809000000000000000e+03 0.000000000000000000e+00 0.000000000000000000e+00 8.199863912981125846e-15
2.810000000000000000e+03 0.000000000000000000e+00 0.000000000000000000e+00 8.198171055908694657e-15
2.811000000000000000e+03 0.000000000000000000e+00 0.000000000000000000e+00 8.196490278139435211e-15
2.812000000000000000e+03 0.000000000000000000e+00 0.000000000000000000e+00 8.194821501697539364e-15
2.813000000000000000e+03 0.000000000000000000e+00 0.000000000000000000e+00 8.193164686170664793e-15
2.814000000000000000e+03 0.000000000000000000e+00 0.000000000000000000e+00 8.191519743033698995e-15
2.815000000000000000e+03 0.000000000000000000e+00 0.000000000000000000e+00 8.189886632660227570e-15
2.816000000000000000e+03 0.000000000000000000e+00 0.000000000000000000e+00 8.188265262845067182e-15
2.817000000000000000e+03 0.000000000000000000e+00 0.000000000000000000e+00 8.186655587191259559e-15
2.818000000000000000e+03 0.000000000000000000e+00 0.000000000000000000e+00 8.185057504371117108e-15
2.819000000000000000e+03 0.000000000000000000e+00 0.000000000000000000e+00 8.183470965112761608e-15
2.820000000000000000e+03 0.000000000000000000e+00 0.000000000000000000e+00 8.181895864692296760e-15
2.821000000000000000e+03 0.000000000000000000e+00 0.000000000000000000e+00 8.180332152512674777e-15
2.822000000000000000e+03 0.000000000000000000e+00 0.000000000000000000e+00 8.178779715159265495e-15
2.823000000000000000e+03 0.000000000000000000e+00 0.000000000000000000e+00 8.177238494269625836e-15
2.824000000000000000e+03 0.000000000000000000e+00 0.000000000000000000e+00 8.175708379400897195e-15
2.825000000000000000e+03 0.000000000000000000e+00 0.000000000000000000e+00 8.174189302809781866e-15
2.826000000000000000e+03 0.000000000000000000e+00 0.000000000000000000e+00 8.172681148485312808e-15
2.827000000000000000e+03 0.000000000000000000e+00 0.000000000000000000e+00 8.171183849940955024e-15
2.828000000000000000e+03 0.000000000000000000e+00 0.000000000000000000e+00 8.169697282563079195e-15
2.829000000000000000e+03 0.000000000000000000e+00 0.000000000000000000e+00 8.168221373890563949e-15
2.830000000000000000e+03 0.000000000000000000e+00 0.000000000000000000e+00 8.166755995010535369e-15
2.831000000000000000e+03 0.000000000000000000e+00 0.000000000000000000e+00 8.165301070737381597e-15
2.832000000000000000e+03 0.000000000000000000e+00 0.000000000000000000e+00 8.163856470643751459e-15
2.833000000000000000e+03 0.000000000000000000e+00 0.000000000000000000e+00 8.162422110519259240e-15
2.834000000000000000e+03 0.000000000000000000e+00 0.000000000000000000e+00 8.160997858925099979e-15
2.835000000000000000e+03 0.000000000000000000e+00 0.000000000000000000e+00 8.159583628381348230e-15
2.836000000000000000e+03 0.000000000000000000e+00 0.000000000000000000e+00 8.158179279651981095e-15
2.837000000000000000e+03 0.000000000000000000e+00 0.000000000000000000e+00 8.156784716770942960e-15
2.838000000000000000e+03 0.000000000000000000e+00 0.000000000000000000e+00 8.155399797056356054e-15
2.839000000000000000e+03 0.000000000000000000e+00 0.000000000000000000e+00 8.154024426939905906e-15
2.840000000000000000e+03 0.000000000000000000e+00 0.000000000000000000e+00 8.152658455538696262e-15
2.841000000000000000e+03 0.000000000000000000e+00 0.000000000000000000e+00 8.151301789251069081e-15
2.842000000000000000e+03 0.000000000000000000e+00 0.000000000000000000e+00 8.149954273091983559e-15
2.843000000000000000e+03 0.000000000000000000e+00 0.000000000000000000e+00 8.148615807628921006e-15
2.844000000000000000e+03 0.000000000000000000e+00 0.000000000000000000e+00 8.147286234757763487e-15
2.845000000000000000e+03 0.000000000000000000e+00 0.000000000000000000e+00 8.145965452773238288e-15
2.846000000000000000e+03 0.000000000000000000e+00 0.000000000000000000e+00 8.144653301852389492e-15
2.847000000000000000e+03 0.000000000000000000e+00 0.000000000000000000e+00 8.143349672521483584e-15
2.848000000000000000e+03 0.000000000000000000e+00 0.000000000000000000e+00 8.142054403494183489e-15
2.849000000000000000e+03 0.000000000000000000e+00 0.000000000000000000e+00 8.140767374465693886e-15
2.850000000000000000e+03 0.000000000000000000e+00 0.000000000000000000e+00 8.139488424287625808e-15
2.851000000000000000e+03 0.000000000000000000e+00 0.000000000000000000e+00 8.138217433167389741e-15
2.852000000000000000e+03 0.000000000000000000e+00 0.000000000000000000e+00 8.136954233725267676e-15
2.853000000000000000e+03 0.000000000000000000e+00 0.000000000000000000e+00 8.135698704939891445e-15
2.854000000000000000e+03 0.000000000000000000e+00 0.000000000000000000e+00 8.134450675861485169e-15
2.855000000000000000e+03 0.000000000000000000e+00 0.000000000000000000e+00 8.133210018201029799e-15
2.856000000000000000e+03 0.000000000000000000e+00 0.000000000000000000e+00 8.131976559371921456e-15
2.857000000000000000e+03 0.000000000000000000e+00 0.000000000000000000e+00 8.130750173882967242e-15
2.858000000000000000e+03 0.000000000000000000e+00 0.000000000000000000e+00 8.129530687892373558e-15
2.859000000000000000e+03 0.000000000000000000e+00 0.000000000000000000e+00 8.128317969746747925e-15
2.860000000000000000e+03 0.000000000000000000e+00 0.000000000000000000e+00 8.127111844801102234e-15
2.861000000000000000e+03 0.000000000000000000e+00 0.000000000000000000e+00 8.125912178457909401e-15
2.862000000000000000e+03 0.000000000000000000e+00 0.000000000000000000e+00 8.124718801707980330e-15
2.863000000000000000e+03 0.000000000000000000e+00 0.000000000000000000e+00 8.123531571261804516e-15
2.864000000000000000e+03 0.000000000000000000e+00 0.000000000000000000e+00 8.122350314357616246e-15
2.865000000000000000e+03 0.000000000000000000e+00 0.000000000000000000e+00 8.121174895705240162e-15
2.866000000000000000e+03 0.000000000000000000e+00 0.000000000000000000e+00 8.120005134894607464e-15
2.867000000000000000e+03 0.000000000000000000e+00 0.000000000000000000e+00 8.118840899467646527e-15
2.868000000000000000e+03 0.000000000000000000e+00 0.000000000000000000e+00 8.117682011515095952e-15
2.869000000000000000e+03 0.000000000000000000e+00 0.000000000000000000e+00 8.116528333254434303e-15
2.870000000000000000e+03 0.000000000000000000e+00 0.000000000000000000e+00 8.115379687405436286e-15
2.871000000000000000e+03 0.000000000000000000e+00 0.000000000000000000e+00 8.114235940894136592e-15
2.872000000000000000e+03 0.000000000000000000e+00 0.000000000000000000e+00 8.113096909770790743e-15
2.873000000000000000e+03 0.000000000000000000e+00 0.000000000000000000e+00 8.111962468586708089e-15
2.874000000000000000e+03 0.000000000000000000e+00 0.000000000000000000e+00 8.110832429953912828e-15
2.875000000000000000e+03 0.000000000000000000e+00 0.000000000000000000e+00 8.109706666294247406e-15
2.876000000000000000e+03 0.000000000000000000e+00 0.000000000000000000e+00 8.108585000692030200e-15
2.877000000000000000e+03 0.000000000000000000e+00 0.000000000000000000e+00 8.107467298243916416e-15
2.878000000000000000e+03 0.000000000000000000e+00 0.000000000000000000e+00 8.106353372470817922e-15
2.879000000000000000e+03 0.000000000000000000e+00 0.000000000000000000e+00 8.105243098671254696e-15
2.880000000000000000e+03 0.000000000000000000e+00 0.000000000000000000e+00 8.104136292788228731e-15
2.881000000000000000e+03 0.000000000000000000e+00 0.000000000000000000e+00 8.103032826500934617e-15
2.882000000000000000e+03 0.000000000000000000e+00 0.000000000000000000e+00 8.101932522954095387e-15
2.883000000000000000e+03 0.000000000000000000e+00 0.000000000000000000e+00 8.100835252188354755e-15
2.884000000000000000e+03 0.000000000000000000e+00 0.000000000000000000e+00 8.099740833372311737e-15
2.885000000000000000e+03 0.000000000000000000e+00 0.000000000000000000e+00 8.098649142544010276e-15
2.886000000000000000e+03 0.000000000000000000e+00 0.000000000000000000e+00 8.097560002875788271e-15
2.887000000000000000e+03 0.000000000000000000e+00 0.000000000000000000e+00 8.096473292855511405e-15
2.888000000000000000e+03 0.000000000000000000e+00 0.000000000000000000e+00 8.095388836602240594e-15
2.889000000000000000e+03 0.000000000000000000e+00 0.000000000000000000e+00 8.094306513688862900e-15
2.890000000000000000e+03 0.000000000000000000e+00 0.000000000000000000e+00 8.093226155848441075e-15
2.891000000000000000e+03 0.000000000000000000e+00 0.000000000000000000e+00 8.092147641807092575e-15
2.892000000000000000e+03 0.000000000000000000e+00 0.000000000000000000e+00 8.091070806530165136e-15
2.893000000000000000e+03 0.000000000000000000e+00 0.000000000000000000e+00 8.089995528400702183e-15
2.894000000000000000e+03 0.000000000000000000e+00 0.000000000000000000e+00 8.088921650678060858e-15
2.895000000000000000e+03 0.000000000000000000e+00 0.000000000000000000e+00 8.087849050807688689e-15
2.896000000000000000e+03 0.000000000000000000e+00 0.000000000000000000e+00 8.086777575593408463e-15
2.897000000000000000e+03 0.000000000000000000e+00 0.000000000000000000e+00 8.085707107659026790e-15
2.898000000000000000e+03 0.000000000000000000e+00 0.000000000000000000e+00 8.084637489076964918e-15
2.899000000000000000e+03 0.000000000000000000e+00 0.000000000000000000e+00 8.083568616767259032e-15
2.900000000000000000e+03 0.000000000000000000e+00 0.000000000000000000e+00 8.082500331643507909e-15
2.901000000000000000e+03 0.000000000000000000e+00 0.000000000000000000e+00 8.081432537231997120e-15
2.902000000000000000e+03 0.000000000000000000e+00 0.000000000000000000e+00 8.080365071894666492e-15
2.903000000000000000e+03 0.000000000000000000e+00 0.000000000000000000e+00 8.079297849319999286e-15
2.904000000000000000e+03 0.000000000000000000e+00 0.000000000000000000e+00 8.078230712820566045e-15
2.905000000000000000e+03 0.000000000000000000e+00 0.000000000000000000e+00 8.077163574915412647e-15
2.906000000000000000e+03 0.000000000000000000e+00 0.000000000000000000e+00 8.076096292384727603e-15
2.907000000000000000e+03 0.000000000000000000e+00 0.000000000000000000e+00 8.075028778735327396e-15
2.908000000000000000e+03 0.000000000000000000e+00 0.000000000000000000e+00 8.073960895958568344e-15
2.909000000000000000e+03 0.000000000000000000e+00 0.000000000000000000e+00 8.072892563959968592e-15
2.910000000000000000e+03 0.000000000000000000e+00 0.000000000000000000e+00 8.071823647576936831e-15
2.911000000000000000e+03 0.000000000000000000e+00 0.000000000000000000e+00 8.070754069122877100e-15
2.912000000000000000e+03 0.000000000000000000e+00 0.000000000000000000e+00 8.069683701185300523e-15
2.913000000000000000e+03 0.000000000000000000e+00 0.000000000000000000e+00 8.068612472478628894e-15
2.914000000000000000e+03 0.000000000000000000e+00 0.000000000000000000e+00 8.067540259368064130e-15
2.915000000000000000e+03 0.000000000000000000e+00 0.000000000000000000e+00 8.066466994289444635e-15
2.916000000000000000e+03 0.000000000000000000e+00 0.000000000000000000e+00 8.065392560620609719e-15
2.917000000000000000e+03 0.000000000000000000e+00 0.000000000000000000e+00 8.064316898611718230e-15
2.918000000000000000e+03 0.000000000000000000e+00 0.000000000000000000e+00 8.063239895419316320e-15
2.919000000000000000e+03 0.000000000000000000e+00 0.000000000000000000e+00 8.062161501001390845e-15
2.920000000000000000e+03 0.000000000000000000e+00 0.000000000000000000e+00 8.061081610774385441e-15
2.921000000000000000e+03 0.000000000000000000e+00 0.000000000000000000e+00 8.060000178680086597e-15
2.922000000000000000e+03 0.000000000000000000e+00 0.000000000000000000e+00 8.058917104899738282e-15
2.923000000000000000e+03 0.000000000000000000e+00 0.000000000000000000e+00 8.057832358182093507e-15
2.924000000000000000e+03 0.000000000000000000e+00 0.000000000000000000e+00 8.056745840377338771e-15
2.925000000000000000e+03 0.000000000000000000e+00 0.000000000000000000e+00 8.055657528175757660e-15
2.926000000000000000e+03 0.000000000000000000e+00 0.000000000000000000e+00 8.054567329315149552e-15
2.927000000000000000e+03 0.000000000000000000e+00 0.000000000000000000e+00 8.053475231726368581e-15
2.928000000000000000e+03 0.000000000000000000e+00 0.000000000000000000e+00 8.052381152437908260e-15
2.929000000000000000e+03 0.000000000000000000e+00 0.000000000000000000e+00 8.051285085160399895e-15
2.930000000000000000e+03 0.000000000000000000e+00 0.000000000000000000e+00 8.050186950791311620e-15
2.931000000000000000e+03 0.000000000000000000e+00 0.000000000000000000e+00 8.049086753078923915e-15
2.932000000000000000e+03 0.000000000000000000e+00 0.000000000000000000e+00 8.047984420570904421e-15
2.933000000000000000e+03 0.000000000000000000e+00 0.000000000000000000e+00 8.046879968467361117e-15
2.934000000000000000e+03 0.000000000000000000e+00 0.000000000000000000e+00 8.045773328704123967e-15
2.935000000000000000e+03 0.000000000000000000e+00 0.000000000000000000e+00 8.044664529131507554e-15
2.936000000000000000e+03 0.000000000000000000e+00 0.000000000000000000e+00 8.043553509865259873e-15
2.937000000000000000e+03 0.000000000000000000e+00 0.000000000000000000e+00 8.042440305173604353e-15
2.938000000000000000e+03 0.000000000000000000e+00 0.000000000000000000e+00 8.041324864983836428e-15
2.939000000000000000e+03 0.000000000000000000e+00 0.000000000000000000e+00 8.040207229332049633e-15
2.940000000000000000e+03 0.000000000000000000e+00 0.000000000000000000e+00 8.039087357946588676e-15
2.941000000000000000e+03 0.000000000000000000e+00 0.000000000000000000e+00 8.037965301073526088e-15
2.942000000000000000e+03 0.000000000000000000e+00 0.000000000000000000e+00 8.036841030383893308e-15
2.943000000000000000e+03 0.000000000000000000e+00 0.000000000000000000e+00 8.035714607512639259e-15
2.944000000000000000e+03 0.000000000000000000e+00 0.000000000000000000e+00 8.034586011270164857e-15
2.945000000000000000e+03 0.000000000000000000e+00 0.000000000000000000e+00 8.033455309078010378e-15
2.946000000000000000e+03 0.000000000000000000e+00 0.000000000000000000e+00 8.032322490954687234e-15
2.947000000000000000e+03 0.000000000000000000e+00 0.000000000000000000e+00 8.031187634864186435e-15
2.948000000000000000e+03 0.000000000000000000e+00 0.000000000000000000e+00 8.030050736272282225e-15
2.949000000000000000e+03 0.000000000000000000e+00 0.000000000000000000e+00 8.028911885699092672e-15
2.950000000000000000e+03 0.000000000000000000e+00 0.000000000000000000e+00 8.027771094947668236e-15
2.951000000000000000e+03 0.000000000000000000e+00 0.000000000000000000e+00 8.026628459604401552e-15
2.952000000000000000e+03 0.000000000000000000e+00 0.000000000000000000e+00 8.025483998048401184e-15
2.953000000000000000e+03 0.000000000000000000e+00 0.000000000000000000e+00 8.024337814708605181e-15
2.954000000000000000e+03 0.000000000000000000e+00 0.000000000000000000e+00 8.023189938185878792e-15
2.955000000000000000e+03 0.000000000000000000e+00 0.000000000000000000e+00 8.022040482868880827e-15
2.956000000000000000e+03 0.000000000000000000e+00 0.000000000000000000e+00 8.020889486978240844e-15
2.957000000000000000e+03 0.000000000000000000e+00 0.000000000000000000e+00 8.019737071381499136e-15
2.958000000000000000e+03 0.000000000000000000e+00 0.000000000000000000e+00 8.018583281187410424e-15
2.959000000000000000e+03 0.000000000000000000e+00 0.000000000000000000e+00 8.017428254260345199e-15
2.960000000000000000e+03 0.000000000000000000e+00 0.000000000000000000e+00 8.016272042231192909e-15
2.961000000000000000e+03 0.000000000000000000e+00 0.000000000000000000e+00 8.015114786618517081e-15
2.962000000000000000e+03 0.000000000000000000e+00 0.000000000000000000e+00 8.013956556647798290e-15
2.963000000000000000e+03 0.000000000000000000e+00 0.000000000000000000e+00 8.012797498458868731e-15
2.964000000000000000e+03 0.000000000000000000e+00 0.000000000000000000e+00 8.011637690206481758e-15
2.965000000000000000e+03 0.000000000000000000e+00 0.000000000000000000e+00 8.010477299278172992e-15
2.966000000000000000e+03 0.000000000000000000e+00 0.000000000000000000e+00 8.009316409001547043e-15
2.967000000000000000e+03 0.000000000000000000e+00 0.000000000000000000e+00 8.008155190501180320e-15
2.968000000000000000e+03 0.000000000000000000e+00 0.000000000000000000e+00 8.006993748669007540e-15
2.969000000000000000e+03 0.000000000000000000e+00 0.000000000000000000e+00 8.005832263676994034e-15
2.970000000000000000e+03 0.000000000000000000e+00 0.000000000000000000e+00 8.004670856810553919e-15
2.971000000000000000e+03 0.000000000000000000e+00 0.000000000000000000e+00 8.003509713956448069e-15
2.972000000000000000e+03 0.000000000000000000e+00 0.000000000000000000e+00 8.002348968019372755e-15
2.973000000000000000e+03 0.000000000000000000e+00 0.000000000000000000e+00 8.001188809334863618e-15
2.974000000000000000e+03 0.000000000000000000e+00 0.000000000000000000e+00 8.000029385859419055e-15
2.975000000000000000e+03 0.000000000000000000e+00 0.000000000000000000e+00 7.998870897947545232e-15
2.976000000000000000e+03 0.000000000000000000e+00 0.000000000000000000e+00 7.997713491721269754e-15
2.977000000000000000e+03 0.000000000000000000e+00 0.000000000000000000e+00 7.996557385384686044e-15
2.978000000000000000e+03 0.000000000000000000e+00 0.000000000000000000e+00 7.995402726963036992e-15
2.979000000000000000e+03 0.000000000000000000e+00 0.000000000000000000e+00 7.994249749186120501e-15
2.980000000000000000e+03 0.000000000000000000e+00 0.000000000000000000e+00 7.993098605970419522e-15
2.981000000000000000e+03 0.000000000000000000e+00 0.000000000000000000e+00 7.991949537577381449e-15
2.982000000000000000e+03 0.000000000000000000e+00 0.000000000000000000e+00 7.990802712314350563e-15
2.983000000000000000e+03 0.000000000000000000e+00 0.000000000000000000e+00 7.989658380731734004e-15
2.984000000000000000e+03 0.000000000000000000e+00 0.000000000000000000e+00 7.988516723419632831e-15
2.985000000000000000e+03 0.000000000000000000e+00 0.000000000000000000e+00 7.987377992578711753e-15
2.986000000000000000e+03 0.000000000000000000e+00 0.000000000000000000e+00 7.986242382834769045e-15
2.987000000000000000e+03 0.000000000000000000e+00 0.000000000000000000e+00 7.985110163340758949e-15
2.988000000000000000e+03 0.000000000000000000e+00 0.000000000000000000e+00 7.983981527563092444e-15
2.989000000000000000e+03 0.000000000000000000e+00 0.000000000000000000e+00 7.982856761202875129e-15
2.990000000000000000e+03 0.000000000000000000e+00 0.000000000000000000e+00 7.981736067244127960e-15
2.991000000000000000e+03 0.000000000000000000e+00 0.000000000000000000e+00 7.980619731172832589e-15
2.992000000000000000e+03 0.000000000000000000e+00 0.000000000000000000e+00 7.979507973153297660e-15
2.993000000000000000e+03 0.000000000000000000e+00 0.000000000000000000e+00 7.978401080754275899e-15
2.994000000000000000e+03 0.000000000000000000e+00 0.000000000000000000e+00 7.977299283283137924e-15
2.995000000000000000e+03 0.000000000000000000e+00 0.000000000000000000e+00 7.976202880576456944e-15
2.996000000000000000e+03 0.000000000000000000e+00 0.000000000000000000e+00 7.975112101821543679e-15
2.997000000000000000e+03 0.000000000000000000e+00 0.000000000000000000e+00 7.974027258354024785e-15
2.998000000000000000e+03 0.000000000000000000e+00 0.000000000000000000e+00 7.972948580122161988e-15
2.999000000000000000e+03 0.000000000000000000e+00 0.000000000000000000e+00 7.971876385367623716e-15
3.000000000000000000e+03 0.000000000000000000e+00 0.000000000000000000e+00 7.970810911632486583e-15
