3.000000000000000000e+01 0.000000000000000000e+00 0.000000000000000000e+00 6.615240261237193020e-11
3.100000000000000000e+01 0.000000000000000000e+00 0.000000000000000000e+00 6.206274746796206990e-11
3.200000000000000000e+01 0.000000000000000000e+00 0.000000000000000000e+00 5.834526489937113688e-11
3.300000000000000000e+01 0.000000000000000000e+00 0.000000000000000000e+00 5.495611411835531805e-11
3.400000000000000000e+01 0.000000000000000000e+00 0.000000000000000000e+00 5.185771879292532839e-11
3.500000000000000000e+01 0.000000000000000000e+00 0.000000000000000000e+00 4.901773772118888913e-11
3.600000000000000000e+01 0.000000000000000000e+00 0.000000000000000000e+00 4.640819903517292682e-11
3.700000000000000000e+01 0.000000000000000000e+00 0.000000000000000000e+00 4.400482329780550820e-11
3.800000000000000000e+01 0.000000000000000000e+00 0.000000000000000000e+00 4.178644158149851539e-11
3.900000000000000000e+01 0.000000000000000000e+00 0.000000000000000000e+00 3.973453997887146621e-11
4.000000000000000000e+01 0.000000000000000000e+00 0.000000000000000000e+00 3.783285973792624385e-11
4.100000000000000000e+01 0.000000000000000000e+00 0.000000000000000000e+00 3.606708467619809610e-11
4.200000000000000000e+01 0.000000000000000000e+00 0.000000000000000000e+00 3.442456036290929718e-11
4.300000000000000000e+01 0.000000000000000000e+00 0.000000000000000000e+00 3.289407609264865172e-11
4.400000000000000000e+01 0.000000000000000000e+00 0.000000000000000000e+00 3.146566394067511712e-11
4.500000000000000000e+01 0.000000000000000000e+00 0.000000000000000000e+00 3.013044413158294299e-11
4.600000000000000000e+01 0.000000000000000000e+00 0.000000000000000000e+00 2.888047877826431384e-11
4.700000000000000000e+01 0.000000000000000000e+00 0.000000000000000000e+00 2.770866088358810627e-11
4.800000000000000000e+01 0.000000000000000000e+00 0.000000000000000000e+00 2.660860594634157779e-11
4.900000000000000000e+01 0.000000000000000000e+00 0.000000000000000000e+00 2.557457143954150898e-11
5.000000000000000000e+01 0.000000000000000000e+00 0.000000000000000000e+00 2.460137532265141054e-11
5.100000000000000000e+01 0.000000000000000000e+00 0.000000000000000000e+00 2.368433683198549929e-11
5.200000000000000000e+01 0.000000000000000000e+00 0.000000000000000000e+00 2.281921451350975028e-11
5.300000000000000000e+01 0.000000000000000000e+00 0.000000000000000000e+00 2.200216225759444306e-11
5.400000000000000000e+01 0.000000000000000000e+00 0.000000000000000000e+00 2.122968155654788030e-11
5.500000000000000000e+01 0.000000000000000000e+00 0.000000000000000000e+00 2.049858854183954152e-11
5.600000000000000000e+01 0.000000000000000000e+00 0.000000000000000000e+00 1.980597677353329462e-11
5.700000000000000000e+01 0.000000000000000000e+00 0.000000000000000000e+00 1.914919237248858239e-11
5.800000000000000000e+01 0.000000000000000000e+00 0.000000000000000000e+00 1.852580464711418287e-11
5.900000000000000000e+01 0.000000000000000000e+00 0.000000000000000000e+00 1.793358730007023541e-11
6.000000000000000000e+01 0.000000000000000000e+00 0.000000000000000000e+00 1.737049495672668793e-11
6.100000000000000000e+01 0.000000000000000000e+00 0.000000000000000000e+00 1.683464877175069002e-11
6.200000000000000000e+01 0.000000000000000000e+00 0.000000000000000000e+00 1.632431761396154483e-11
6.300000000000000000e+01 0.000000000000000000e+00 0.000000000000000000e+00 1.583790705658426299e-11
6.400000000000000000e+01 0.000000000000000000e+00 0.000000000000000000e+00 1.537394400650250527e-11
6.500000000000000000e+01 0.000000000000000000e+00 0.000000000000000000e+00 1.493106830368619786e-11
6.600000000000000000e+01 0.000000000000000000e+00 0.000000000000000000e+00 1.450802007412875127e-11
6.700000000000000000e+01 0.000000000000000000e+00 0.000000000000000000e+00 1.410363328993936616e-11
6.800000000000000000e+01 0.000000000000000000e+00 0.000000000000000000e+00 1.371682531938500991e-11
6.900000000000000000e+01 0.000000000000000000e+00 0.000000000000000000e+00 1.334659196392887323e-11
7.000000000000000000e+01 0.000000000000000000e+00 0.000000000000000000e+00 1.299199870982184933e-11
7.100000000000000000e+01 0.000000000000000000e+00 0.000000000000000000e+00 1.265217697680322484e-11
7.200000000000000000e+01 0.000000000000000000e+00 0.000000000000000000e+00 1.232631670040078924e-11
7.300000000000000000e+01 0.000000000000000000e+00 0.000000000000000000e+00 1.201366351641270196e-11
7.400000000000000000e+01 0.000000000000000000e+00 0.000000000000000000e+00 1.171351244675816855e-11
7.500000000000000000e+01 0.000000000000000000e+00 0.000000000000000000e+00 1.142520577165074926e-11
7.600000000000000000e+01 0.000000000000000000e+00 0.000000000000000000e+00 1.114812764923166223e-11
7.700000000000000000e+01 0.000000000000000000e+00 0.000000000000000000e+00 1.088170253294778580e-11
7.800000000000000000e+01 0.000000000000000000e+00 0.000000000000000000e+00 1.062539052209298897e-11
7.900000000000000000e+01 0.000000000000000000e+00 0.000000000000000000e+00 1.037868621331015991e-11
8.000000000000000000e+01 0.000000000000000000e+00 0.000000000000000000e+00 1.014111468680672498e-11
8.100000000000000000e+01 0.000000000000000000e+00 0.000000000000000000e+00 9.912230679537667724e-12
8.200000000000000000e+01 0.000000000000000000e+00 0.000000000000000000e+00 9.691615080895280926e-12
8.300000000000000000e+01 0.000000000000000000e+00 0.000000000000000000e+00 9.478874377629965505e-12
8.400000000000000000e+01 0.000000000000000000e+00 0.000000000000000000e+00 9.273637575418528619e-12
8.500000000000000000e+01 0.000000000000000000e+00 0.000000000000000000e+00 9.075555856695454516e-12
8.600000000000000000e+01 0.000000000000000000e+00 0.000000000000000000e+00 8.884299866899354777e-12
8.700000000000000000e+01 0.000000000000000000e+00 0.000000000000000000e+00 8.699559532925432190e-12
8.800000000000000000e+01 0.000000000000000000e+00 0.000000000000000000e+00 8.521041642019155012e-12
8.900000000000000000e+01 0.000000000000000000e+00 0.000000000000000000e+00 8.348469816376564737e-12
9.000000000000000000e+01 0.000000000000000000e+00 0.000000000000000000e+00 8.181582326696142822e-12
9.100000000000000000e+01 0.000000000000000000e+00 0.000000000000000000e+00 8.020132185630175318e-12
9.200000000000000000e+01 0.000000000000000000e+00 0.000000000000000000e+00 7.863885178715818469e-12
9.300000000000000000e+01 0.000000000000000000e+00 0.000000000000000000e+00 7.712620034636574489e-12
9.400000000000000000e+01 0.000000000000000000e+00 0.000000000000000000e+00 7.566126653672943117e-12
9.500000000000000000e+01 0.000000000000000000e+00 0.000000000000000000e+00 7.424206326325034518e-12
9.600000000000000000e+01 0.000000000000000000e+00 0.000000000000000000e+00 7.286670142929108436e-12
9.700000000000000000e+01 0.000000000000000000e+00 0.000000000000000000e+00 7.153339260177036794e-12
9.800000000000000000e+01 0.000000000000000000e+00 0.000000000000000000e+00 7.024043440626592054e-12
9.900000000000000000e+01 0.000000000000000000e+00 0.000000000000000000e+00 6.898621365039097454e-12
1.000000000000000000e+02 0.000000000000000000e+00 0.000000000000000000e+00 6.776919297242058836e-12
1.010000000000000000e+02 0.000000000000000000e+00 0.000000000000000000e+00 6.658791418793005268e-12
1.020000000000000000e+02 0.000000000000000000e+00 0.000000000000000000e+00 6.544098603216676750e-12
1.030000000000000000e+02 0.000000000000000000e+00 0.000000000000000000e+00 6.432708781734474459e-12
1.040000000000000000e+02 0.000000000000000000e+00 0.000000000000000000e+00 6.324495807849029147e-12
1.050000000000000000e+02 0.000000000000000000e+00 0.000000000000000000e+00 6.219339824602313466e-12
1.060000000000000000e+02 0.000000000000000000e+00 0.000000000000000000e+00 6.117126237176902421e-12
1.070000000000000000e+02 0.000000000000000000e+00 0.000000000000000000e+00 6.017746074221923580e-12
1.080000000000000000e+02 0.000000000000000000e+00 0.000000000000000000e+00 5.921095038143557671e-12
1.090000000000000000e+02 0.000000000000000000e+00 0.000000000000000000e+00 5.827073878734486150e-12
1.100000000000000000e+02 0.000000000000000000e+00 0.000000000000000000e+00 5.735587503223379030e-12
1.110000000000000000e+02 0.000000000000000000e+00 0.000000000000000000e+00 5.646545363046365069e-12
1.120000000000000000e+02 0.000000000000000000e+00 0.000000000000000000e+00 5.559860606646284790e-12
1.130000000000000000e+02 0.000000000000000000e+00 0.000000000000000000e+00 5.475450483279102855e-12
1.140000000000000000e+02 0.000000000000000000e+00 0.000000000000000000e+00 5.393235544623922579e-12
1.150000000000000000e+02 0.000000000000000000e+00 0.000000000000000000e+00 5.313140040502251365e-12
1.160000000000000000e+02 0.000000000000000000e+00 0.000000000000000000e+00 5.235091179595461198e-12
1.170000000000000000e+02 0.000000000000000000e+00 0.000000000000000000e+00 5.159019515364898536e-12
1.180000000000000000e+02 0.000000000000000000e+00 0.000000000000000000e+00 5.084858248966447522e-12
1.190000000000000000e+02 0.000000000000000000e+00 0.000000000000000000e+00 5.012543616136496838e-12
1.200000000000000000e+02 0.000000000000000000e+00 0.000000000000000000e+00 4.942014231538005550e-12
1.210000000000000000e+02 0.000000000000000000e+00 0.000000000000000000e+00 4.873211462509985569e-12
1.220000000000000000e+02 0.000000000000000000e+00 0.000000000000000000e+00 4.806078815330272153e-12
1.230000000000000000e+02 0.000000000000000000e+00 0.000000000000000000e+00 4.740562299927281072e-12
1.240000000000000000e+02 0.000000000000000000e+00 0.000000000000000000e+00 4.676609853603084563e-12
1.250000000000000000e+02 0.000000000000000000e+00 0.000000000000000000e+00 4.614171693378795719e-12
1.260000000000000000e+02 0.000000000000000000e+00 0.000000000000000000e+00 4.553199774181463079e-12
1.270000000000000000e+02 0.000000000000000000e+00 0.000000000000000000e+00 4.493648133611911926e-12
1.280000000000000000e+02 0.000000000000000000e+00 0.000000000000000000e+00 4.435472375802593032e-12
1.290000000000000000e+02 0.000000000000000000e+00 0.000000000000000000e+00 4.378630012337431444e-12
1.300000000000000000e+02 0.000000000000000000e+00 0.000000000000000000e+00 4.323079967181615046e-12
1.310000000000000000e+02 0.000000000000000000e+00 0.000000000000000000e+00 4.268782915203480674e-12
1.320000000000000000e+02 0.000000000000000000e+00 0.000000000000000000e+00 4.215700803221588139e-12
1.330000000000000000e+02 0.000000000000000000e+00 0.000000000000000000e+00 4.163797190702440325e-12
1.340000000000000000e+02 0.000000000000000000e+00 0.000000000000000000e+00 4.113036785161007650e-12
1.350000000000000000e+02 0.000000000000000000e+00 0.000000000000000000e+00 4.063385778297917101e-12
1.360000000000000000e+02 0.000000000000000000e+00 0.000000000000000000e+00 4.014811400978213306e-12
1.370000000000000000e+02 0.000000000000000000e+00 0.000000000000000000e+00 3.967282249277704234e-12
1.380000000000000000e+02 0.000000000000000000e+00 0.000000000000000000e+00 3.920767863387131458e-12
1.390000000000000000e+02 0.000000000000000000e+00 0.000000000000000000e+00 3.875239040973283535e-12
1.400000000000000000e+02 0.000000000000000000e+00 0.000000000000000000e+00 3.830667438260528767e-12
1.410000000000000000e+02 0.000000000000000000e+00 0.000000000000000000e+00 3.787025870857865125e-12
1.420000000000000000e+02 0.000000000000000000e+00 0.000000000000000000e+00 3.744287936197670782e-12
1.430000000000000000e+02 0.000000000000000000e+00 0.000000000000000000e+00 3.702428301840470638e-12
1.440000000000000000e+02 0.000000000000000000e+00 0.000000000000000000e+00 3.661422345447147529e-12
1.450000000000000000e+02 0.000000000000000000e+00 0.000000000000000000e+00 3.621246438906854192e-12
1.460000000000000000e+02 0.000000000000000000e+00 0.000000000000000000e+00 3.581877598313902493e-12
1.470000000000000000e+02 0.000000000000000000e+00 0.000000000000000000e+00 3.543293760560490969e-12
1.480000000000000000e+02 0.000000000000000000e+00 0.000000000000000000e+00 3.505473449175699554e-12
1.490000000000000000e+02 0.000000000000000000e+00 0.000000000000000000e+00 3.468396045143487506e-12
1.500000000000000000e+02 0.000000000000000000e+00 0.000000000000000000e+00 3.432041460804057622e-12
1.510000000000000000e+02 0.000000000000000000e+00 0.000000000000000000e+00 3.396390407173320429e-12
1.520000000000000000e+02 0.000000000000000000e+00 0.000000000000000000e+00 3.361424078798021955e-12
1.530000000000000000e+02 0.000000000000000000e+00 0.000000000000000000e+00 3.327124412642946126e-12
1.540000000000000000e+02 0.000000000000000000e+00 0.000000000000000000e+00 3.293473786668830368e-12
1.550000000000000000e+02 0.000000000000000000e+00 0.000000000000000000e+00 3.260455273068549145e-12
1.560000000000000000e+02 0.000000000000000000e+00 0.000000000000000000e+00 3.228052343553572981e-12
1.570000000000000000e+02 0.000000000000000000e+00 0.000000000000000000e+00 3.196249119048935251e-12
1.580000000000000000e+02 0.000000000000000000e+00 0.000000000000000000e+00 3.165030083170509557e-12
1.590000000000000000e+02 0.000000000000000000e+00 0.000000000000000000e+00 3.134380328409963223e-12
1.600000000000000000e+02 0.000000000000000000e+00 0.000000000000000000e+00 3.104285275550394178e-12
1.610000000000000000e+02 0.000000000000000000e+00 0.000000000000000000e+00 3.074730916650674262e-12
1.620000000000000000e+02 0.000000000000000000e+00 0.000000000000000000e+00 3.045703542282133736e-12
1.630000000000000000e+02 0.000000000000000000e+00 0.000000000000000000e+00 3.017189978474406945e-12
1.640000000000000000e+02 0.000000000000000000e+00 0.000000000000000000e+00 2.989177322436946604e-12
1.650000000000000000e+02 0.000000000000000000e+00 0.000000000000000000e+00 2.961653174311823113e-12
1.660000000000000000e+02 0.000000000000000000e+00 0.000000000000000000e+00 2.934605381269658174e-12
1.670000000000000000e+02 0.000000000000000000e+00 0.000000000000000000e+00 2.908022262605976514e-12
1.680000000000000000e+02 0.000000000000000000e+00 0.000000000000000000e+00 2.881892362167128973e-12
1.690000000000000000e+02 0.000000000000000000e+00 0.000000000000000000e+00 2.856204668867843709e-12
1.700000000000000000e+02 0.000000000000000000e+00 0.000000000000000000e+00 2.830948373765866357e-12
1.710000000000000000e+02 0.000000000000000000e+00 0.000000000000000000e+00 2.806113089443727230e-12
1.720000000000000000e+02 0.000000000000000000e+00 0.000000000000000000e+00 2.781688610942586565e-12
1.730000000000000000e+02 0.000000000000000000e+00 0.000000000000000000e+00 2.757665129589410402e-12
1.740000000000000000e+02 0.000000000000000000e+00 0.000000000000000000e+00 2.734033004737989099e-12
1.750000000000000000e+02 0.000000000000000000e+00 0.000000000000000000e+00 2.710782968003682940e-12
1.760000000000000000e+02 0.000000000000000000e+00 0.000000000000000000e+00 2.687905904312992072e-12
1.770000000000000000e+02 0.000000000000000000e+00 0.000000000000000000e+00 2.665393050409636923e-12
1.780000000000000000e+02 0.000000000000000000e+00 0.000000000000000000e+00 2.643235780952277323e-12
1.790000000000000000e+02 0.000000000000000000e+00 0.000000000000000000e+00 2.621425804965395649e-12
1.800000000000000000e+02 0.000000000000000000e+00 0.000000000000000000e+00 2.599954955051939426e-12
1.810000000000000000e+02 0.000000000000000000e+00 0.000000000000000000e+00 2.578815381289668794e-12
1.820000000000000000e+02 0.000000000000000000e+00 0.000000000000000000e+00 2.557999344714639643e-12
1.830000000000000000e+02 0.000000000000000000e+00 0.000000000000000000e+00 2.537499408028105408e-12
1.840000000000000000e+02 0.000000000000000000e+00 0.000000000000000000e+00 2.517308233371002862e-12
1.850000000000000000e+02 0.000000000000000000e+00 0.000000000000000000e+00 2.497418770544924547e-12
1.860000000000000000e+02 0.000000000000000000e+00 0.000000000000000000e+00 2.477824057555352961e-12
1.870000000000000000e+02 0.000000000000000000e+00 0.000000000000000000e+00 2.458517406695922876e-12
1.880000000000000000e+02 0.000000000000000000e+00 0.000000000000000000e+00 2.439492208535933010e-12
1.890000000000000000e+02 0.000000000000000000e+00 0.000000000000000000e+00 2.420742115359836059e-12
1.900000000000000000e+02 0.000000000000000000e+00 0.000000000000000000e+00 2.402260849415536707e-12
1.910000000000000000e+02 0.000000000000000000e+00 0.000000000000000000e+00 2.384042382192490286e-12
1.920000000000000000e+02 0.000000000000000000e+00 0.000000000000000000e+00 2.366080746659932716e-12
1.930000000000000000e+02 0.000000000000000000e+00 0.000000000000000000e+00 2.348370214360408907e-12
1.940000000000000000e+02 0.000000000000000000e+00 0.000000000000000000e+00 2.330905111395428546e-12
1.950000000000000000e+02 0.000000000000000000e+00 0.000000000000000000e+00 2.313679991572918475e-12
1.960000000000000000e+02 0.000000000000000000e+00 0.000000000000000000e+00 2.296689456131057921e-12
1.970000000000000000e+02 0.000000000000000000e+00 0.000000000000000000e+00 2.279928325329242322e-12
1.980000000000000000e+02 0.000000000000000000e+00 0.000000000000000000e+00 2.263391459905416891e-12
1.990000000000000000e+02 0.000000000000000000e+00 0.000000000000000000e+00 2.247073930441117208e-12
2.000000000000000000e+02 0.000000000000000000e+00 0.000000000000000000e+00 2.230970843129953831e-12
2.010000000000000000e+02 0.000000000000000000e+00 0.000000000000000000e+00 2.215077504974963147e-12
2.020000000000000000e+02 0.000000000000000000e+00 0.000000000000000000e+00 2.199389253685770148e-12
2.030000000000000000e+02 0.000000000000000000e+00 0.000000000000000000e+00 2.183901619055068834e-12
2.040000000000000000e+02 0.000000000000000000e+00 0.000000000000000000e+00 2.168610158169070608e-12
2.050000000000000000e+02 0.000000000000000000e+00 0.000000000000000000e+00 2.153510612324115198e-12
2.060000000000000000e+02 0.000000000000000000e+00 0.000000000000000000e+00 2.138598745324255242e-12
2.070000000000000000e+02 0.000000000000000000e+00 0.000000000000000000e+00 2.123870497967675600e-12
2.080000000000000000e+02 0.000000000000000000e+00 0.000000000000000000e+00 2.109321830601927608e-12
2.090000000000000000e+02 0.000000000000000000e+00 0.000000000000000000e+00 2.094948873303629704e-12
2.100000000000000000e+02 0.000000000000000000e+00 0.000000000000000000e+00 2.080747772046347173e-12
2.110000000000000000e+02 0.000000000000000000e+00 0.000000000000000000e+00 2.066714837041971103e-12
2.120000000000000000e+02 0.000000000000000000e+00 0.000000000000000000e+00 2.052846390673524077e-12
2.130000000000000000e+02 0.000000000000000000e+00 0.000000000000000000e+00 2.039138913492940571e-12
2.140000000000000000e+02 0.000000000000000000e+00 0.000000000000000000e+00 2.025588895125453959e-12
2.150000000000000000e+02 0.000000000000000000e+00 0.000000000000000000e+00 2.012192979279894924e-12
2.160000000000000000e+02 0.000000000000000000e+00 0.000000000000000000e+00 1.998947814458583986e-12
2.170000000000000000e+02 0.000000000000000000e+00 0.000000000000000000e+00 1.985850198763471794e-12
2.180000000000000000e+02 0.000000000000000000e+00 0.000000000000000000e+00 1.972896933330400691e-12
2.190000000000000000e+02 0.000000000000000000e+00 0.000000000000000000e+00 1.960084963065827790e-12
2.200000000000000000e+02 0.000000000000000000e+00 0.000000000000000000e+00 1.947411233823855863e-12
2.210000000000000000e+02 0.000000000000000000e+00 0.000000000000000000e+00 1.934872831310978350e-12
2.220000000000000000e+02 0.000000000000000000e+00 0.000000000000000000e+00 1.922466839288908309e-12
2.230000000000000000e+02 0.000000000000000000e+00 0.000000000000000000e+00 1.910190477386229703e-12
2.240000000000000000e+02 0.000000000000000000e+00 0.000000000000000000e+00 1.898040961962788206e-12
2.250000000000000000e+02 0.000000000000000000e+00 0.000000000000000000e+00 1.886015640505398774e-12
2.260000000000000000e+02 0.000000000000000000e+00 0.000000000000000000e+00 1.874111856165190197e-12
2.270000000000000000e+02 0.000000000000000000e+00 0.000000000000000000e+00 1.862327079166159506e-12
2.280000000000000000e+02 0.000000000000000000e+00 0.000000000000000000e+00 1.850658773787018202e-12
2.290000000000000000e+02 0.000000000000000000e+00 0.000000000000000000e+00 1.839104528061485411e-12
2.300000000000000000e+02 0.000000000000000000e+00 0.000000000000000000e+00 1.827661922751776621e-12
2.310000000000000000e+02 0.000000000000000000e+00 0.000000000000000000e+00 1.816328659471611636e-12
2.320000000000000000e+02 0.000000000000000000e+00 0.000000000000000000e+00 1.805102430187007727e-12
2.330000000000000000e+02 0.000000000000000000e+00 0.000000000000000000e+00 1.793981045576574324e-12
2.340000000000000000e+02 0.000000000000000000e+00 0.000000000000000000e+00 1.782962305466227009e-12
2.350000000000000000e+02 0.000000000000000000e+00 0.000000000000000000e+00 1.772044124740188697e-12
2.360000000000000000e+02 0.000000000000000000e+00 0.000000000000000000e+00 1.761224407088455756e-12
2.370000000000000000e+02 0.000000000000000000e+00 0.000000000000000000e+00 1.750501168241963208e-12
2.380000000000000000e+02 0.000000000000000000e+00 0.000000000000000000e+00 1.739872412153403161e-12
2.390000000000000000e+02 0.000000000000000000e+00 0.000000000000000000e+00 1.729336251645172004e-12
2.400000000000000000e+02 0.000000000000000000e+00 0.000000000000000000e+00 1.718890787531640274e-12
2.410000000000000000e+02 0.000000000000000000e+00 0.000000000000000000e+00 1.708534226717032078e-12
2.420000000000000000e+02 0.000000000000000000e+00 0.000000000000000000e+00 1.698264763728693595e-12
2.430000000000000000e+02 0.000000000000000000e+00 0.000000000000000000e+00 1.688080695859542004e-12
2.440000000000000000e+02 0.000000000000000000e+00 0.000000000000000000e+00 1.677980308406191932e-12
2.450000000000000000e+02 0.000000000000000000e+00 0.000000000000000000e+00 1.667961986997030395e-12
2.460000000000000000e+02 0.000000000000000000e+00 0.000000000000000000e+00 1.658024104214260433e-12
2.470000000000000000e+02 0.000000000000000000e+00 0.000000000000000000e+00 1.648165131294520987e-12
2.480000000000000000e+02 0.000000000000000000e+00 0.000000000000000000e+00 1.638383525862804660e-12
2.490000000000000000e+02 0.000000000000000000e+00 0.000000000000000000e+00 1.628677842240953012e-12
2.500000000000000000e+02 0.000000000000000000e+00 0.000000000000000000e+00 1.619046620395658582e-12
2.510000000000000000e+02 0.000000000000000000e+00 0.000000000000000000e+00 1.609488495019870248e-12
2.520000000000000000e+02 0.000000000000000000e+00 0.000000000000000000e+00 1.600002086612910429e-12
2.530000000000000000e+02 0.000000000000000000e+00 0.000000000000000000e+00 1.590586107813821465e-12
2.540000000000000000e+02 0.000000000000000000e+00 0.000000000000000000e+00 1.581239256655943743e-12
2.550000000000000000e+02 0.000000000000000000e+00 0.000000000000000000e+00 1.571960322406156968e-12
2.560000000000000000e+02 0.000000000000000000e+00 0.000000000000000000e+00 1.562748078452911663e-12
2.570000000000000000e+02 0.000000000000000000e+00 0.000000000000000000e+00 1.553601387652564899e-12
2.580000000000000000e+02 0.000000000000000000e+00 0.000000000000000000e+00 1.544519096922540822e-12
2.590000000000000000e+02 0.000000000000000000e+00 0.000000000000000000e+00 1.535500140896926186e-12
2.600000000000000000e+02 0.000000000000000000e+00 0.000000000000000000e+00 1.526543437719002571e-12
2.610000000000000000e+02 0.000000000000000000e+00 0.000000000000000000e+00 1.517647991826208272e-12
2.620000000000000000e+02 0.000000000000000000e+00 0.000000000000000000e+00 1.508812790723903019e-12
2.630000000000000000e+02 0.000000000000000000e+00 0.000000000000000000e+00 1.500036906040975709e-12
2.640000000000000000e+02 0.000000000000000000e+00 0.000000000000000000e+00 1.491319392660411488e-12
2.650000000000000000e+02 0.000000000000000000e+00 0.000000000000000000e+00 1.482659387671015871e-12
2.660000000000000000e+02 0.000000000000000000e+00 0.000000000000000000e+00 1.474056011024541828e-12
2.670000000000000000e+02 0.000000000000000000e+00 0.000000000000000000e+00 1.465508463270374149e-12
2.680000000000000000e+02 0.000000000000000000e+00 0.000000000000000000e+00 1.457015927206511812e-12
2.690000000000000000e+02 0.000000000000000000e+00 0.000000000000000000e+00 1.448577664765517781e-12
2.700000000000000000e+02 0.000000000000000000e+00 0.000000000000000000e+00 1.440192919631210102e-12
2.710000000000000000e+02 0.000000000000000000e+00 0.000000000000000000e+00 1.431861012416916512e-12
2.720000000000000000e+02 0.000000000000000000e+00 0.000000000000000000e+00 1.423581245528223635e-12
2.730000000000000000e+02 0.000000000000000000e+00 0.000000000000000000e+00 1.415352996064044361e-12
2.740000000000000000e+02 0.000000000000000000e+00 0.000000000000000000e+00 1.407175622898825905e-12
2.750000000000000000e+02 0.000000000000000000e+00 0.000000000000000000e+00 1.399048557496245291e-12
2.760000000000000000e+02 0.000000000000000000e+00 0.000000000000000000e+00 1.390971212584469330e-12
2.770000000000000000e+02 0.000000000000000000e+00 0.000000000000000000e+00 1.382943071655624288e-12
2.780000000000000000e+02 0.000000000000000000e+00 0.000000000000000000e+00 1.374963598705524630e-12
2.790000000000000000e+02 0.000000000000000000e+00 0.000000000000000000e+00 1.367032326546978814e-12
2.800000000000000000e+02 0.000000000000000000e+00 0.000000000000000000e+00 1.359148767814426229e-12
2.810000000000000000e+02 0.000000000000000000e+00 0.000000000000000000e+00 1.351312502433317020e-12
2.820000000000000000e+02 0.000000000000000000e+00 0.000000000000000000e+00 1.343523088959420321e-12
2.830000000000000000e+02 0.000000000000000000e+00 0.000000000000000000e+00 1.335780151403706794e-12
2.840000000000000000e+02 0.000000000000000000e+00 0.000000000000000000e+00 1.328083291685741716e-12
2.850000000000000000e+02 0.000000000000000000e+00 0.000000000000000000e+00 1.320432174988516106e-12
2.860000000000000000e+02 0.000000000000000000e+00 0.000000000000000000e+00 1.312826443811364783e-12
2.870000000000000000e+02 0.000000000000000000e+00 0.000000000000000000e+00 1.305265801334141909e-12
2.880000000000000000e+02 0.000000000000000000e+00 0.000000000000000000e+00 1.297749927751165514e-12
2.890000000000000000e+02 0.000000000000000000e+00 0.000000000000000000e+00 1.290278561570324933e-12
2.900000000000000000e+02 0.000000000000000000e+00 0.000000000000000000e+00 1.282851417478551649e-12
2.910000000000000000e+02 0.000000000000000000e+00 0.000000000000000000e+00 1.275468266164753449e-12
2.920000000000000000e+02 0.000000000000000000e+00 0.000000000000000000e+00 1.268128853878808131e-12
2.930000000000000000e+02 0.000000000000000000e+00 0.000000000000000000e+00 1.260832980585826772e-12
2.940000000000000000e+02 0.000000000000000000e+00 0.000000000000000000e+00 1.253580420823503532e-12
2.950000000000000000e+02 0.000000000000000000e+00 0.000000000000000000e+00 1.246371000581878789e-12
2.960000000000000000e+02 0.000000000000000000e+00 0.000000000000000000e+00 1.239204519707720249e-12
2.970000000000000000e+02 0.000000000000000000e+00 0.000000000000000000e+00 1.232080827035804183e-12
2.980000000000000000e+02 0.000000000000000000e+00 0.000000000000000000e+00 1.224999744651055136e-12
2.990000000000000000e+02 0.000000000000000000e+00 0.000000000000000000e+00 1.217961141292205724e-12
3.000000000000000000e+02 0.000000000000000000e+00 0.000000000000000000e+00 1.210964857804461494e-12
3.010000000000000000e+02 0.000000000000000000e+00 0.000000000000000000e+00 1.204010780035047459e-12
3.020000000000000000e+02 0.000000000000000000e+00 0.000000000000000000e+00 1.197098764568905446e-12
3.030000000000000000e+02 0.000000000000000000e+00 0.000000000000000000e+00 1.190228710903753799e-12
3.040000000000000000e+02 0.000000000000000000e+00 0.000000000000000000e+00 1.183400488581748743e-12
3.050000000000000000e+02 0.000000000000000000e+00 0.000000000000000000e+00 1.176614008230448366e-12
3.060000000000000000e+02 0.000000000000000000e+00 0.000000000000000000e+00 1.169869149343010644e-12
3.070000000000000000e+02 0.000000000000000000e+00 0.000000000000000000e+00 1.163165830652270522e-12
3.080000000000000000e+02 0.000000000000000000e+00 0.000000000000000000e+00 1.156503939010889636e-12
3.090000000000000000e+02 0.000000000000000000e+00 0.000000000000000000e+00 1.149883398511822397e-12
3.100000000000000000e+02 0.000000000000000000e+00 0.000000000000000000e+00 1.143304100837014014e-12
3.110000000000000000e+02 0.000000000000000000e+00 0.000000000000000000e+00 1.136765973077667507e-12
3.120000000000000000e+02 0.000000000000000000e+00 0.000000000000000000e+00 1.130268909181431523e-12
3.130000000000000000e+02 0.000000000000000000e+00 0.000000000000000000e+00 1.123812836802890971e-12
3.140000000000000000e+02 0.000000000000000000e+00 0.000000000000000000e+00 1.117397649887043117e-12
3.150000000000000000e+02 0.000000000000000000e+00 0.000000000000000000e+00 1.111023274679140677e-12
3.160000000000000000e+02 0.000000000000000000e+00 0.000000000000000000e+00 1.104689603419710038e-12
3.170000000000000000e+02 0.000000000000000000e+00 0.000000000000000000e+00 1.098396558758939647e-12
3.180000000000000000e+02 0.000000000000000000e+00 0.000000000000000000e+00 1.092144029253218044e-12
3.190000000000000000e+02 0.000000000000000000e+00 0.000000000000000000e+00 1.085931932526324845e-12
3.200000000000000000e+02 0.000000000000000000e+00 0.000000000000000000e+00 1.079760152007281712e-12
3.210000000000000000e+02 0.000000000000000000e+00 0.000000000000000000e+00 1.073628598946418418e-12
3.220000000000000000e+02 0.000000000000000000e+00 0.000000000000000000e+00 1.067537150220838527e-12
3.230000000000000000e+02 0.000000000000000000e+00 0.000000000000000000e+00 1.061485709580843977e-12
3.240000000000000000e+02 0.000000000000000000e+00 0.000000000000000000e+00 1.055474146410386641e-12
3.250000000000000000e+02 0.000000000000000000e+00 0.000000000000000000e+00 1.049502356057462270e-12
3.260000000000000000e+02 0.000000000000000000e+00 0.000000000000000000e+00 1.043570199480497334e-12
3.270000000000000000e+02 0.000000000000000000e+00 0.000000000000000000e+00 1.037677562823212831e-12
3.280000000000000000e+02 0.000000000000000000e+00 0.000000000000000000e+00 1.031824298157674500e-12
3.290000000000000000e+02 0.000000000000000000e+00 0.000000000000000000e+00 1.026010282074803224e-12
3.300000000000000000e+02 0.000000000000000000e+00 0.000000000000000000e+00 1.020235357448563753e-12
3.310000000000000000e+02 0.000000000000000000e+00 0.000000000000000000e+00 1.014499391114528476e-12
3.320000000000000000e+02 0.000000000000000000e+00 0.000000000000000000e+00 1.008802216504521061e-12
3.330000000000000000e+02 0.000000000000000000e+00 0.000000000000000000e+00 1.003143690700605757e-12
3.340000000000000000e+02 0.000000000000000000e+00 0.000000000000000000e+00 9.975236377091143831e-13
3.350000000000000000e+02 0.000000000000000000e+00 0.000000000000000000e+00 9.919419050479365313e-13
3.360000000000000000e+02 0.000000000000000000e+00 0.000000000000000000e+00 9.863983077901452219e-13
3.370000000000000000e+02 0.000000000000000000e+00 0.000000000000000000e+00 9.808926840868922539e-13
3.380000000000000000e+02 0.000000000000000000e+00 0.000000000000000000e+00 9.754248404530195027e-13
3.390000000000000000e+02 0.000000000000000000e+00 0.000000000000000000e+00 9.699946061094417212e-13
3.400000000000000000e+02 0.000000000000000000e+00 0.000000000000000000e+00 9.646017796841702920e-13
3.410000000000000000e+02 0.000000000000000000e+00 0.000000000000000000e+00 9.592461820460847950e-13
3.420000000000000000e+02 0.000000000000000000e+00 0.000000000000000000e+00 9.539276045275243965e-13
3.430000000000000000e+02 0.000000000000000000e+00 0.000000000000000000e+00 9.486458605756111937e-13
3.440000000000000000e+02 0.000000000000000000e+00 0.000000000000000000e+00 9.434007348335665545e-13
3.450000000000000000e+02 0.000000000000000000e+00 0.000000000000000000e+00 9.381920340878363814e-13
3.460000000000000000e+02 0.000000000000000000e+00 0.000000000000000000e+00 9.330195370383828647e-13
3.470000000000000000e+02 0.000000000000000000e+00 0.000000000000000000e+00 9.278830447852207982e-13
3.480000000000000000e+02 0.000000000000000000e+00 0.000000000000000000e+00 9.227823310201752225e-13
3.490000000000000000e+02 0.000000000000000000e+00 0.000000000000000000e+00 9.177171918609919567e-13
3.500000000000000000e+02 0.000000000000000000e+00 0.000000000000000000e+00 9.126873968991912295e-13
3.510000000000000000e+02 0.000000000000000000e+00 0.000000000000000000e+00 9.076927383260930272e-13
3.520000000000000000e+02 0.000000000000000000e+00 0.000000000000000000e+00 9.027329824279766173e-13
3.530000000000000000e+02 0.000000000000000000e+00 0.000000000000000000e+00 8.978079183111671530e-13
3.540000000000000000e+02 0.000000000000000000e+00 0.000000000000000000e+00 8.929173098992857502e-13
3.550000000000000000e+02 0.000000000000000000e+00 0.000000000000000000e+00 8.880609440796636788e-13
3.560000000000000000e+02 0.000000000000000000e+00 0.000000000000000000e+00 8.832385833950988157e-13
3.570000000000000000e+02 0.000000000000000000e+00 0.000000000000000000e+00 8.784500133525910367e-13
3.580000000000000000e+02 0.000000000000000000e+00 0.000000000000000000e+00 8.736949957689021455e-13
3.590000000000000000e+02 0.000000000000000000e+00 0.000000000000000000e+00 8.689733155624215224e-13
3.600000000000000000e+02 0.000000000000000000e+00 0.000000000000000000e+00 8.642847348551465745e-13
3.610000000000000000e+02 0.000000000000000000e+00 0.000000000000000000e+00 8.596290386068715552e-13
3.620000000000000000e+02 0.000000000000000000e+00 0.000000000000000000e+00 8.550059897482108829e-13
3.630000000000000000e+02 0.000000000000000000e+00 0.000000000000000000e+00 8.504153742284437306e-13
3.640000000000000000e+02 0.000000000000000000e+00 0.000000000000000000e+00 8.458569564569494947e-13
3.650000000000000000e+02 0.000000000000000000e+00 0.000000000000000000e+00 8.413305237863372305e-13
3.660000000000000000e+02 0.000000000000000000e+00 0.000000000000000000e+00 8.368358426851522024e-13
3.670000000000000000e+02 0.000000000000000000e+00 0.000000000000000000e+00 8.323727025933033694e-13
3.680000000000000000e+02 0.000000000000000000e+00 0.000000000000000000e+00 8.279408726394018274e-13
3.690000000000000000e+02 0.000000000000000000e+00 0.000000000000000000e+00 8.235401446721860469e-13
3.700000000000000000e+02 0.000000000000000000e+00 0.000000000000000000e+00 8.191702909607364733e-13
3.710000000000000000e+02 0.000000000000000000e+00 0.000000000000000000e+00 8.148311062970747809e-13
3.720000000000000000e+02 0.000000000000000000e+00 0.000000000000000000e+00 8.105223662898284602e-13
3.730000000000000000e+02 0.000000000000000000e+00 0.000000000000000000e+00 8.062438689667079086e-13
3.740000000000000000e+02 0.000000000000000000e+00 0.000000000000000000e+00 8.019953936953320476e-13
3.750000000000000000e+02 0.000000000000000000e+00 0.000000000000000000e+00 7.977767420816103267e-13
3.760000000000000000e+02 0.000000000000000000e+00 0.000000000000000000e+00 7.935876974275193265e-13
3.770000000000000000e+02 0.000000000000000000e+00 0.000000000000000000e+00 7.894280650623613740e-13
3.780000000000000000e+02 0.000000000000000000e+00 0.000000000000000000e+00 7.852976323773701739e-13
3.790000000000000000e+02 0.000000000000000000e+00 0.000000000000000000e+00 7.811962085474432347e-13
3.800000000000000000e+02 0.000000000000000000e+00 0.000000000000000000e+00 7.771235852417732751e-13
3.810000000000000000e+02 0.000000000000000000e+00 0.000000000000000000e+00 7.730795756461481477e-13
3.820000000000000000e+02 0.000000000000000000e+00 0.000000000000000000e+00 7.690639757058579242e-13
3.830000000000000000e+02 0.000000000000000000e+00 0.000000000000000000e+00 7.650766025989344011e-13
3.840000000000000000e+02 0.000000000000000000e+00 0.000000000000000000e+00 7.611172567026566406e-13
3.850000000000000000e+02 0.000000000000000000e+00 0.000000000000000000e+00 7.571857591598428742e-13
3.860000000000000000e+02 0.000000000000000000e+00 0.000000000000000000e+00 7.532819145621548962e-13
3.870000000000000000e+02 0.000000000000000000e+00 0.000000000000000000e+00 7.494055481213419567e-13
3.880000000000000000e+02 0.000000000000000000e+00 0.000000000000000000e+00 7.455564686609390296e-13
3.890000000000000000e+02 0.000000000000000000e+00 0.000000000000000000e+00 7.417345052752428609e-13
3.900000000000000000e+02 0.000000000000000000e+00 0.000000000000000000e+00 7.379394709453763018e-13
3.910000000000000000e+02 0.000000000000000000e+00 0.000000000000000000e+00 7.341711985077531260e-13
3.920000000000000000e+02 0.000000000000000000e+00 0.000000000000000000e+00 7.304295049074258532e-13
3.930000000000000000e+02 0.000000000000000000e+00 0.000000000000000000e+00 7.267142267151666295e-13
3.940000000000000000e+02 0.000000000000000000e+00 0.000000000000000000e+00 7.230251847376787601e-13
3.950000000000000000e+02 0.000000000000000000e+00 0.000000000000000000e+00 7.193622189547625878e-13
3.960000000000000000e+02 0.000000000000000000e+00 0.000000000000000000e+00 7.157251538780452062e-13
3.970000000000000000e+02 0.000000000000000000e+00 0.000000000000000000e+00 7.121138328779082802e-13
3.980000000000000000e+02 0.000000000000000000e+00 0.000000000000000000e+00 7.085280839222142533e-13
3.990000000000000000e+02 0.000000000000000000e+00 0.000000000000000000e+00 7.049677534940467409e-13
4.000000000000000000e+02 0.000000000000000000e+00 0.000000000000000000e+00 7.014326729447574851e-13
4.010000000000000000e+02 0.000000000000000000e+00 0.000000000000000000e+00 6.979226917159140616e-13
4.020000000000000000e+02 0.000000000000000000e+00 0.000000000000000000e+00 6.944376442433700896e-13
4.030000000000000000e+02 0.000000000000000000e+00 0.000000000000000000e+00 6.909773826728783385e-13
4.040000000000000000e+02 0.000000000000000000e+00 0.000000000000000000e+00 6.875417443534073689e-13
4.050000000000000000e+02 0.000000000000000000e+00 0.000000000000000000e+00 6.841305840482072822e-13
4.060000000000000000e+02 0.000000000000000000e+00 0.000000000000000000e+00 6.807437418229726261e-13
4.070000000000000000e+02 0.000000000000000000e+00 0.000000000000000000e+00 6.773810747046571435e-13
4.080000000000000000e+02 0.000000000000000000e+00 0.000000000000000000e+00 6.740424252776430009e-13
4.090000000000000000e+02 0.000000000000000000e+00 0.000000000000000000e+00 6.707276527029719556e-13
4.100000000000000000e+02 0.000000000000000000e+00 0.000000000000000000e+00 6.674366018924361522e-13
4.110000000000000000e+02 0.000000000000000000e+00 0.000000000000000000e+00 6.641691340353475351e-13
4.120000000000000000e+02 0.000000000000000000e+00 0.000000000000000000e+00 6.609250961176942265e-13
4.130000000000000000e+02 0.000000000000000000e+00 0.000000000000000000e+00 6.577043511425409001e-13
4.140000000000000000e+02 0.000000000000000000e+00 0.000000000000000000e+00 6.545067480215052922e-13
4.150000000000000000e+02 0.000000000000000000e+00 0.000000000000000000e+00 6.513321513366829164e-13
4.160000000000000000e+02 0.000000000000000000e+00 0.000000000000000000e+00 6.481804118167349872e-13
4.170000000000000000e+02 0.000000000000000000e+00 0.000000000000000000e+00 6.450513955493710349e-13
4.180000000000000000e+02 0.000000000000000000e+00 0.000000000000000000e+00 6.419449547670241178e-13
4.190000000000000000e+02 0.000000000000000000e+00 0.000000000000000000e+00 6.388609569419861736e-13
4.200000000000000000e+02 0.000000000000000000e+00 0.000000000000000000e+00 6.357992557136055348e-13
4.210000000000000000e+02 0.000000000000000000e+00 0.000000000000000000e+00 6.327597196994470968e-13
4.220000000000000000e+02 0.000000000000000000e+00 0.000000000000000000e+00 6.297422038744868860e-13
4.230000000000000000e+02 0.000000000000000000e+00 0.000000000000000000e+00 6.267465778315173626e-13
4.240000000000000000e+02 0.000000000000000000e+00 0.000000000000000000e+00 6.237726977286368803e-13
4.250000000000000000e+02 0.000000000000000000e+00 0.000000000000000000e+00 6.208204341008633608e-13
4.260000000000000000e+02 0.000000000000000000e+00 0.000000000000000000e+00 6.178896441628221975e-13
4.270000000000000000e+02 0.000000000000000000e+00 0.000000000000000000e+00 6.149801992616534408e-13
4.280000000000000000e+02 0.000000000000000000e+00 0.000000000000000000e+00 6.120919575553206813e-13
4.290000000000000000e+02 0.000000000000000000e+00 0.000000000000000000e+00 6.092247910477111458e-13
4.300000000000000000e+02 0.000000000000000000e+00 0.000000000000000000e+00 6.063785587443626946e-13
4.310000000000000000e+02 0.000000000000000000e+00 0.000000000000000000e+00 6.035531333494840342e-13
4.320000000000000000e+02 0.000000000000000000e+00 0.000000000000000000e+00 6.007483745779380706e-13
4.330000000000000000e+02 0.000000000000000000e+00 0.000000000000000000e+00 5.979641556548739271e-13
4.340000000000000000e+02 0.000000000000000000e+00 0.000000000000000000e+00 5.952003370060950417e-13
4.350000000000000000e+02 0.000000000000000000e+00 0.000000000000000000e+00 5.924567923262581321e-13
4.360000000000000000e+02 0.000000000000000000e+00 0.000000000000000000e+00 5.897333826193512432e-13
4.370000000000000000e+02 0.000000000000000000e+00 0.000000000000000000e+00 5.870299820448174367e-13
4.380000000000000000e+02 0.000000000000000000e+00 0.000000000000000000e+00 5.843464521511249858e-13
4.390000000000000000e+02 0.000000000000000000e+00 0.000000000000000000e+00 5.816826674880415920e-13
4.400000000000000000e+02 0.000000000000000000e+00 0.000000000000000000e+00 5.790384901573238367e-13
4.410000000000000000e+02 0.000000000000000000e+00 0.000000000000000000e+00 5.764137949579266720e-13
4.420000000000000000e+02 0.000000000000000000e+00 0.000000000000000000e+00 5.738084445785089946e-13
4.430000000000000000e+02 0.000000000000000000e+00 0.000000000000000000e+00 5.712223140814692512e-13
4.440000000000000000e+02 0.000000000000000000e+00 0.000000000000000000e+00 5.686552666094083566e-13
4.450000000000000000e+02 0.000000000000000000e+00 0.000000000000000000e+00 5.661071775218418338e-13
4.460000000000000000e+02 0.000000000000000000e+00 0.000000000000000000e+00 5.635779103532168176e-13
4.470000000000000000e+02 0.000000000000000000e+00 0.000000000000000000e+00 5.610673407704475039e-13
4.480000000000000000e+02 0.000000000000000000e+00 0.000000000000000000e+00 5.585753327044444945e-13
4.490000000000000000e+02 0.000000000000000000e+00 0.000000000000000000e+00 5.561017620884078023e-13
4.500000000000000000e+02 0.000000000000000000e+00 0.000000000000000000e+00 5.536464932413728453e-13
4.510000000000000000e+02 0.000000000000000000e+00 0.000000000000000000e+00 5.512094023501975197e-13
4.520000000000000000e+02 0.000000000000000000e+00 0.000000000000000000e+00 5.487903541184359680e-13
4.530000000000000000e+02 0.000000000000000000e+00 0.000000000000000000e+00 5.463892249792667808e-13
4.540000000000000000e+02 0.000000000000000000e+00 0.000000000000000000e+00 5.440058800610337577e-13
4.550000000000000000e+02 0.000000000000000000e+00 0.000000000000000000e+00 5.416401960007705769e-13
4.560000000000000000e+02 0.000000000000000000e+00 0.000000000000000000e+00 5.392920383302231489e-13
4.570000000000000000e+02 0.000000000000000000e+00 0.000000000000000000e+00 5.369612839163168396e-13
4.580000000000000000e+02 0.000000000000000000e+00 0.000000000000000000e+00 5.346477986941800816e-13
4.590000000000000000e+02 0.000000000000000000e+00 0.000000000000000000e+00 5.323514598143485034e-13
4.600000000000000000e+02 0.000000000000000000e+00 0.000000000000000000e+00 5.300721336197328082e-13
4.610000000000000000e+02 0.000000000000000000e+00 0.000000000000000000e+00 5.278096974946540795e-13
4.620000000000000000e+02 0.000000000000000000e+00 0.000000000000000000e+00 5.255640182000142868e-13
4.630000000000000000e+02 0.000000000000000000e+00 0.000000000000000000e+00 5.233349733846396509e-13
4.640000000000000000e+02 0.000000000000000000e+00 0.000000000000000000e+00 5.211224302751206899e-13
4.650000000000000000e+02 0.000000000000000000e+00 0.000000000000000000e+00 5.189262668045614278e-13
4.660000000000000000e+02 0.000000000000000000e+00 0.000000000000000000e+00 5.167463506168833791e-13
4.670000000000000000e+02 0.000000000000000000e+00 0.000000000000000000e+00 5.145825599511566186e-13
4.680000000000000000e+02 0.000000000000000000e+00 0.000000000000000000e+00 5.124347628966448079e-13
4.690000000000000000e+02 0.000000000000000000e+00 0.000000000000000000e+00 5.103028380556905639e-13
4.700000000000000000e+02 0.000000000000000000e+00 0.000000000000000000e+00 5.081866539459719769e-13
4.710000000000000000e+02 0.000000000000000000e+00 0.000000000000000000e+00 5.060860895307379768e-13
4.720000000000000000e+02 0.000000000000000000e+00 0.000000000000000000e+00 5.040010137980743324e-13
4.730000000000000000e+02 0.000000000000000000e+00 0.000000000000000000e+00 5.019313060542537561e-13
4.740000000000000000e+02 0.000000000000000000e+00 0.000000000000000000e+00 4.998768358184331747e-13
4.750000000000000000e+02 0.000000000000000000e+00 0.000000000000000000e+00 4.978374827807176025e-13
4.760000000000000000e+02 0.000000000000000000e+00 0.000000000000000000e+00 4.958131169606879412e-13
4.770000000000000000e+02 0.000000000000000000e+00 0.000000000000000000e+00 4.938036184972215465e-13
4.780000000000000000e+02 0.000000000000000000e+00 0.000000000000000000e+00 4.918088579488338433e-13
4.790000000000000000e+02 0.000000000000000000e+00 0.000000000000000000e+00 4.898287158403562601e-13
4.800000000000000000e+02 0.000000000000000000e+00 0.000000000000000000e+00 4.878630633352622379e-13
4.810000000000000000e+02 0.000000000000000000e+00 0.000000000000000000e+00 4.859117814060092875e-13
4.820000000000000000e+02 0.000000000000000000e+00 0.000000000000000000e+00 4.839747417940482577e-13
4.830000000000000000e+02 0.000000000000000000e+00 0.000000000000000000e+00 4.820518259912751860e-13
4.840000000000000000e+02 0.000000000000000000e+00 0.000000000000000000e+00 4.801429063260256666e-13
4.850000000000000000e+02 0.000000000000000000e+00 0.000000000000000000e+00 4.782478647950193595e-13
4.860000000000000000e+02 0.000000000000000000e+00 0.000000000000000000e+00 4.763665743632525412e-13
4.870000000000000000e+02 0.000000000000000000e+00 0.000000000000000000e+00 4.744989176131649810e-13
4.880000000000000000e+02 0.000000000000000000e+00 0.000000000000000000e+00 4.726447681515406023e-13
4.890000000000000000e+02 0.000000000000000000e+00 0.000000000000000000e+00 4.708040091037850925e-13
4.900000000000000000e+02 0.000000000000000000e+00 0.000000000000000000e+00 4.689765148060724073e-13
4.910000000000000000e+02 0.000000000000000000e+00 0.000000000000000000e+00 4.671621689939968141e-13
4.920000000000000000e+02 0.000000000000000000e+00 0.000000000000000000e+00 4.653608467590476275e-13
4.930000000000000000e+02 0.000000000000000000e+00 0.000000000000000000e+00 4.635724324595674717e-13
4.940000000000000000e+02 0.000000000000000000e+00 0.000000000000000000e+00 4.617968019469503981e-13
4.950000000000000000e+02 0.000000000000000000e+00 0.000000000000000000e+00 4.600338402654523005e-13
4.960000000000000000e+02 0.000000000000000000e+00 0.000000000000000000e+00 4.582834240510030070e-13
4.970000000000000000e+02 0.000000000000000000e+00 0.000000000000000000e+00 4.565454390806842924e-13
4.980000000000000000e+02 0.000000000000000000e+00 0.000000000000000000e+00 4.548197628076090413e-13
4.990000000000000000e+02 0.000000000000000000e+00 0.000000000000000000e+00 4.531062817607800387e-13
5.000000000000000000e+02 0.000000000000000000e+00 0.000000000000000000e+00 4.514048742739895865e-13
5.010000000000000000e+02 0.000000000000000000e+00 0.000000000000000000e+00 4.497154276627583698e-13
5.020000000000000000e+02 0.000000000000000000e+00 0.000000000000000000e+00 4.480378211955582999e-13
5.030000000000000000e+02 0.000000000000000000e+00 0.000000000000000000e+00 4.463719430110376713e-13
5.040000000000000000e+02 0.000000000000000000e+00 0.000000000000000000e+00 4.447176733342355248e-13
5.050000000000000000e+02 0.000000000000000000e+00 0.000000000000000000e+00 4.430749012002594157e-13
5.060000000000000000e+02 0.000000000000000000e+00 0.000000000000000000e+00 4.414435078548939561e-13
5.070000000000000000e+02 0.000000000000000000e+00 0.000000000000000000e+00 4.398233832299466844e-13
5.080000000000000000e+02 0.000000000000000000e+00 0.000000000000000000e+00 4.382144096460104287e-13
5.090000000000000000e+02 0.000000000000000000e+00 0.000000000000000000e+00 4.366164779888755234e-13
5.100000000000000000e+02 0.000000000000000000e+00 0.000000000000000000e+00 4.350294716496700874e-13
5.110000000000000000e+02 0.000000000000000000e+00 0.000000000000000000e+00 4.334532825722847232e-13
5.120000000000000000e+02 0.000000000000000000e+00 0.000000000000000000e+00 4.318877952450978361e-13
5.130000000000000000e+02 0.000000000000000000e+00 0.000000000000000000e+00 4.303329026901249439e-13
5.140000000000000000e+02 0.000000000000000000e+00 0.000000000000000000e+00 4.287884905534415772e-13
5.150000000000000000e+02 0.000000000000000000e+00 0.000000000000000000e+00 4.272544529768804148e-13
5.160000000000000000e+02 0.000000000000000000e+00 0.000000000000000000e+00 4.257306768418630673e-13
5.170000000000000000e+02 0.000000000000000000e+00 0.000000000000000000e+00 4.242170574270233855e-13
5.180000000000000000e+02 0.000000000000000000e+00 0.000000000000000000e+00 4.227134829103356799e-13
5.190000000000000000e+02 0.000000000000000000e+00 0.000000000000000000e+00 4.212198497668981009e-13
5.200000000000000000e+02 0.000000000000000000e+00 0.000000000000000000e+00 4.197360475024182382e-13
5.210000000000000000e+02 0.000000000000000000e+00 0.000000000000000000e+00 4.182619738396416047e-13
5.220000000000000000e+02 0.000000000000000000e+00 0.000000000000000000e+00 4.167975196002062962e-13
5.230000000000000000e+02 0.000000000000000000e+00 0.000000000000000000e+00 4.153425838286880523e-13
5.240000000000000000e+02 0.000000000000000000e+00 0.000000000000000000e+00 4.138970587591275340e-13
5.250000000000000000e+02 0.000000000000000000e+00 0.000000000000000000e+00 4.124608447428718199e-13
5.260000000000000000e+02 0.000000000000000000e+00 0.000000000000000000e+00 4.110338354630503845e-13
5.270000000000000000e+02 0.000000000000000000e+00 0.000000000000000000e+00 4.096159326700676676e-13
5.280000000000000000e+02 0.000000000000000000e+00 0.000000000000000000e+00 4.082070314915330908e-13
5.290000000000000000e+02 0.000000000000000000e+00 0.000000000000000000e+00 4.068070351170781112e-13
5.300000000000000000e+02 0.000000000000000000e+00 0.000000000000000000e+00 4.054158401867026462e-13
5.310000000000000000e+02 0.000000000000000000e+00 0.000000000000000000e+00 4.040333513734618278e-13
5.320000000000000000e+02 0.000000000000000000e+00 0.000000000000000000e+00 4.026594668778554776e-13
5.330000000000000000e+02 0.000000000000000000e+00 0.000000000000000000e+00 4.012940928744241113e-13
5.340000000000000000e+02 0.000000000000000000e+00 0.000000000000000000e+00 3.999371291704385265e-13
5.350000000000000000e+02 0.000000000000000000e+00 0.000000000000000000e+00 3.985884834948506513e-13
5.360000000000000000e+02 0.000000000000000000e+00 0.000000000000000000e+00 3.972480573040523514e-13
5.370000000000000000e+02 0.000000000000000000e+00 0.000000000000000000e+00 3.959157599249283604e-13
5.380000000000000000e+02 0.000000000000000000e+00 0.000000000000000000e+00 3.945914942702452517e-13
5.390000000000000000e+02 0.000000000000000000e+00 0.000000000000000000e+00 3.932751715390554235e-13
5.400000000000000000e+02 0.000000000000000000e+00 0.000000000000000000e+00 3.919666962588632384e-13
5.410000000000000000e+02 0.000000000000000000e+00 0.000000000000000000e+00 3.906659811886459510e-13
5.420000000000000000e+02 0.000000000000000000e+00 0.000000000000000000e+00 3.893729327673601548e-13
5.430000000000000000e+02 0.000000000000000000e+00 0.000000000000000000e+00 3.880874654364422168e-13
5.440000000000000000e+02 0.000000000000000000e+00 0.000000000000000000e+00 3.868094872538807509e-13
5.450000000000000000e+02 0.000000000000000000e+00 0.000000000000000000e+00 3.855389143955539644e-13
5.460000000000000000e+02 0.000000000000000000e+00 0.000000000000000000e+00 3.842756568895082263e-13
5.470000000000000000e+02 0.000000000000000000e+00 0.000000000000000000e+00 3.830196324633153351e-13
5.480000000000000000e+02 0.000000000000000000e+00 0.000000000000000000e+00 3.817707528344037147e-13
5.490000000000000000e+02 0.000000000000000000e+00 0.000000000000000000e+00 3.805289376526131951e-13
5.500000000000000000e+02 0.000000000000000000e+00 0.000000000000000000e+00 3.792941006648811892e-13
5.510000000000000000e+02 0.000000000000000000e+00 0.000000000000000000e+00 3.780661631698608259e-13
5.520000000000000000e+02 0.000000000000000000e+00 0.000000000000000000e+00 3.768450406671897650e-13
5.530000000000000000e+02 0.000000000000000000e+00 0.000000000000000000e+00 3.756306564472285156e-13
5.540000000000000000e+02 0.000000000000000000e+00 0.000000000000000000e+00 3.744229276709020856e-13
5.550000000000000000e+02 0.000000000000000000e+00 0.000000000000000000e+00 3.732217795604283330e-13
5.560000000000000000e+02 0.000000000000000000e+00 0.000000000000000000e+00 3.720271312997833492e-13
5.570000000000000000e+02 0.000000000000000000e+00 0.000000000000000000e+00 3.708389100478595675e-13
5.580000000000000000e+02 0.000000000000000000e+00 0.000000000000000000e+00 3.696570367571146842e-13
5.590000000000000000e+02 0.000000000000000000e+00 0.000000000000000000e+00 3.684814403354765212e-13
5.600000000000000000e+02 0.000000000000000000e+00 0.000000000000000000e+00 3.673120438296800965e-13
5.610000000000000000e+02 0.000000000000000000e+00 0.000000000000000000e+00 3.661487780178651275e-13
5.620000000000000000e+02 0.000000000000000000e+00 0.000000000000000000e+00 3.649915679773349919e-13
5.630000000000000000e+02 0.000000000000000000e+00 0.000000000000000000e+00 3.638403461999457386e-13
5.640000000000000000e+02 0.000000000000000000e+00 0.000000000000000000e+00 3.626950397987527668e-13
5.650000000000000000e+02 0.000000000000000000e+00 0.000000000000000000e+00 3.615555833072979965e-13
5.660000000000000000e+02 0.000000000000000000e+00 0.000000000000000000e+00 3.604219056838284273e-13
5.670000000000000000e+02 0.000000000000000000e+00 0.000000000000000000e+00 3.592939434471107151e-13
5.680000000000000000e+02 0.000000000000000000e+00 0.000000000000000000e+00 3.581716275121437909e-13
5.690000000000000000e+02 0.000000000000000000e+00 0.000000000000000000e+00 3.570548961928739976e-13
5.700000000000000000e+02 0.000000000000000000e+00 0.000000000000000000e+00 3.559436825855070304e-13
5.710000000000000000e+02 0.000000000000000000e+00 0.000000000000000000e+00 3.548379269020489024e-13
5.720000000000000000e+02 0.000000000000000000e+00 0.000000000000000000e+00 3.537375641461394232e-13
5.730000000000000000e+02 0.000000000000000000e+00 0.000000000000000000e+00 3.526425364590324281e-13
5.740000000000000000e+02 0.000000000000000000e+00 0.000000000000000000e+00 3.515527808346973647e-13
5.750000000000000000e+02 0.000000000000000000e+00 0.000000000000000000e+00 3.504682413557944966e-13
5.760000000000000000e+02 0.000000000000000000e+00 0.000000000000000000e+00 3.493888568366730882e-13
5.770000000000000000e+02 0.000000000000000000e+00 0.000000000000000000e+00 3.483145734905913454e-13
5.780000000000000000e+02 0.000000000000000000e+00 0.000000000000000000e+00 3.472453320497399060e-13
5.790000000000000000e+02 0.000000000000000000e+00 0.000000000000000000e+00 3.461810805774944004e-13
5.800000000000000000e+02 0.000000000000000000e+00 0.000000000000000000e+00 3.451217617447081229e-13
5.810000000000000000e+02 0.000000000000000000e+00 0.000000000000000000e+00 3.440673255297518671e-13
5.820000000000000000e+02 0.000000000000000000e+00 0.000000000000000000e+00 3.430177167209030184e-13
5.830000000000000000e+02 0.000000000000000000e+00 0.000000000000000000e+00 3.419728868531651645e-13
5.840000000000000000e+02 0.000000000000000000e+00 0.000000000000000000e+00 3.409327827349685119e-13
5.850000000000000000e+02 0.000000000000000000e+00 0.000000000000000000e+00 3.398973578075278641e-13
5.860000000000000000e+02 0.000000000000000000e+00 0.000000000000000000e+00 3.388665608573167272e-13
5.870000000000000000e+02 0.000000000000000000e+00 0.000000000000000000e+00 3.378403469939294785e-13
5.880000000000000000e+02 0.000000000000000000e+00 0.000000000000000000e+00 3.368186667792893572e-13
5.890000000000000000e+02 0.000000000000000000e+00 0.000000000000000000e+00 3.358014772299083721e-13
5.900000000000000000e+02 0.000000000000000000e+00 0.000000000000000000e+00 3.347887307381138433e-13
5.910000000000000000e+02 0.000000000000000000e+00 0.000000000000000000e+00 3.337803859666108487e-13
5.920000000000000000e+02 0.000000000000000000e+00 0.000000000000000000e+00 3.327763971256612335e-13
5.930000000000000000e+02 0.000000000000000000e+00 0.000000000000000000e+00 3.317767245708070132e-13
5.940000000000000000e+02 0.000000000000000000e+00 0.000000000000000000e+00 3.307813243019738533e-13
5.950000000000000000e+02 0.000000000000000000e+00 0.000000000000000000e+00 3.297901583511123061e-13
5.960000000000000000e+02 0.000000000000000000e+00 0.000000000000000000e+00 3.288031844713360906e-13
5.970000000000000000e+02 0.000000000000000000e+00 0.000000000000000000e+00 3.278203663401569817e-13
5.980000000000000000e+02 0.000000000000000000e+00 0.000000000000000000e+00 3.268416632597437834e-13
5.990000000000000000e+02 0.000000000000000000e+00 0.000000000000000000e+00 3.258670403570832597e-13
6.000000000000000000e+02 0.000000000000000000e+00 0.000000000000000000e+00 3.248964586859956424e-13
6.010000000000000000e+02 0.000000000000000000e+00 0.000000000000000000e+00 3.239298850217047349e-13
6.020000000000000000e+02 0.000000000000000000e+00 0.000000000000000000e+00 3.229672818982417983e-13
6.030000000000000000e+02 0.000000000000000000e+00 0.000000000000000000e+00 3.220086174727573213e-13
6.040000000000000000e+02 0.000000000000000000e+00 0.000000000000000000e+00 3.210538556269403751e-13
6.050000000000000000e+02 0.000000000000000000e+00 0.000000000000000000e+00 3.201029662352861866e-13
6.060000000000000000e+02 0.000000000000000000e+00 0.000000000000000000e+00 3.191559144142715198e-13
6.070000000000000000e+02 0.000000000000000000e+00 0.000000000000000000e+00 3.182126714041249035e-13
6.080000000000000000e+02 0.000000000000000000e+00 0.000000000000000000e+00 3.172732037663254895e-13
6.090000000000000000e+02 0.000000000000000000e+00 0.000000000000000000e+00 3.163374840970287470e-13
6.100000000000000000e+02 0.000000000000000000e+00 0.000000000000000000e+00 3.154054801499792672e-13
6.110000000000000000e+02 0.000000000000000000e+00 0.000000000000000000e+00 3.144771658283601812e-13
6.120000000000000000e+02 0.000000000000000000e+00 0.000000000000000000e+00 3.135525102476856401e-13
6.130000000000000000e+02 0.000000000000000000e+00 0.000000000000000000e+00 3.126314882632452685e-13
6.140000000000000000e+02 0.000000000000000000e+00 0.000000000000000000e+00 3.117140702425528709e-13
6.150000000000000000e+02 0.000000000000000000e+00 0.000000000000000000e+00 3.108002322391458790e-13
6.160000000000000000e+02 0.000000000000000000e+00 0.000000000000000000e+00 3.098899458053087776e-13
6.170000000000000000e+02 0.000000000000000000e+00 0.000000000000000000e+00 3.089831878064408663e-13
6.180000000000000000e+02 0.000000000000000000e+00 0.000000000000000000e+00 3.080799309250824523e-13
6.190000000000000000e+02 0.000000000000000000e+00 0.000000000000000000e+00 3.071801532214772568e-13
6.200000000000000000e+02 0.000000000000000000e+00 0.000000000000000000e+00 3.062838281626029138e-13
6.210000000000000000e+02 0.000000000000000000e+00 0.000000000000000000e+00 3.053909348408806604e-13
6.220000000000000000e+02 0.000000000000000000e+00 0.000000000000000000e+00 3.045014476037460613e-13
6.230000000000000000e+02 0.000000000000000000e+00 0.000000000000000000e+00 3.036153465037108768e-13
6.240000000000000000e+02 0.000000000000000000e+00 0.000000000000000000e+00 3.027326067525608952e-13
6.250000000000000000e+02 0.000000000000000000e+00 0.000000000000000000e+00 3.018532091664905635e-13
6.260000000000000000e+02 0.000000000000000000e+00 0.000000000000000000e+00 3.009771299283082150e-13
6.270000000000000000e+02 0.000000000000000000e+00 0.000000000000000000e+00 3.001043506358419234e-13
6.280000000000000000e+02 0.000000000000000000e+00 0.000000000000000000e+00 2.992348481960886207e-13
6.290000000000000000e+02 0.000000000000000000e+00 0.000000000000000000e+00 2.983686048233311166e-13
6.300000000000000000e+02 0.000000000000000000e+00 0.000000000000000000e+00 2.975055982986956653e-13
6.310000000000000000e+02 0.000000000000000000e+00 0.000000000000000000e+00 2.966458116190335728e-13
6.320000000000000000e+02 0.000000000000000000e+00 0.000000000000000000e+00 2.957892230714560200e-13
6.330000000000000000e+02 0.000000000000000000e+00 0.000000000000000000e+00 2.949358163472363245e-13
6.340000000000000000e+02 0.000000000000000000e+00 0.000000000000000000e+00 2.940855704589712293e-13
6.350000000000000000e+02 0.000000000000000000e+00 0.000000000000000000e+00 2.932384696136929778e-13
6.360000000000000000e+02 0.000000000000000000e+00 0.000000000000000000e+00 2.923944934741282462e-13
6.370000000000000000e+02 0.000000000000000000e+00 0.000000000000000000e+00 2.915536267927992984e-13
6.380000000000000000e+02 0.000000000000000000e+00 0.000000000000000000e+00 2.907158498450375518e-13
6.390000000000000000e+02 0.000000000000000000e+00 0.000000000000000000e+00 2.898811477841098921e-13
6.400000000000000000e+02 0.000000000000000000e+00 0.000000000000000000e+00 2.890495015936073026e-13
6.410000000000000000e+02 0.000000000000000000e+00 0.000000000000000000e+00 2.882208968707739981e-13
6.420000000000000000e+02 0.000000000000000000e+00 0.000000000000000000e+00 2.873953150837127165e-13
6.430000000000000000e+02 0.000000000000000000e+00 0.000000000000000000e+00 2.865727422705930061e-13
6.440000000000000000e+02 0.000000000000000000e+00 0.000000000000000000e+00 2.857531604070515765e-13
6.450000000000000000e+02 0.000000000000000000e+00 0.000000000000000000e+00 2.849365559574976231e-13
6.460000000000000000e+02 0.000000000000000000e+00 0.000000000000000000e+00 2.841229113897644524e-13
6.470000000000000000e+02 0.000000000000000000e+00 0.000000000000000000e+00 2.833122135797280284e-13
6.480000000000000000e+02 0.000000000000000000e+00 0.000000000000000000e+00 2.825044453465890392e-13
6.490000000000000000e+02 0.000000000000000000e+00 0.000000000000000000e+00 2.816995939653114370e-13
6.500000000000000000e+02 0.000000000000000000e+00 0.000000000000000000e+00 2.808976426525927974e-13
6.510000000000000000e+02 0.000000000000000000e+00 0.000000000000000000e+00 2.800985791874191113e-13
6.520000000000000000e+02 0.000000000000000000e+00 0.000000000000000000e+00 2.793023871833682935e-13
6.530000000000000000e+02 0.000000000000000000e+00 0.000000000000000000e+00 2.785090546118108548e-13
6.540000000000000000e+02 0.000000000000000000e+00 0.000000000000000000e+00 2.777185655956456724e-13
6.550000000000000000e+02 0.000000000000000000e+00 0.000000000000000000e+00 2.769309083941677940e-13
6.560000000000000000e+02 0.000000000000000000e+00 0.000000000000000000e+00 2.761460675702882705e-13
6.570000000000000000e+02 0.000000000000000000e+00 0.000000000000000000e+00 2.753640318002150118e-13
6.580000000000000000e+02 0.000000000000000000e+00 0.000000000000000000e+00 2.745847858323317030e-13
6.590000000000000000e+02 0.000000000000000000e+00 0.000000000000000000e+00 2.738083187039651173e-13
6.600000000000000000e+02 0.000000000000000000e+00 0.000000000000000000e+00 2.730346155687711433e-13
6.610000000000000000e+02 0.000000000000000000e+00 0.000000000000000000e+00 2.722636656940152961e-13
6.620000000000000000e+02 0.000000000000000000e+00 0.000000000000000000e+00 2.714954547114427547e-13
6.630000000000000000e+02 0.000000000000000000e+00 0.000000000000000000e+00 2.707299721678292903e-13
6.640000000000000000e+02 0.000000000000000000e+00 0.000000000000000000e+00 2.699672038844092675e-13
6.650000000000000000e+02 0.000000000000000000e+00 0.000000000000000000e+00 2.692071398069424931e-13
6.660000000000000000e+02 0.000000000000000000e+00 0.000000000000000000e+00 2.684497661514483554e-13
6.670000000000000000e+02 0.000000000000000000e+00 0.000000000000000000e+00 2.676950730962322533e-13
6.680000000000000000e+02 0.000000000000000000e+00 0.000000000000000000e+00 2.669430471062838831e-13
6.690000000000000000e+02 0.000000000000000000e+00 0.000000000000000000e+00 2.661936788539742229e-13
6.700000000000000000e+02 0.000000000000000000e+00 0.000000000000000000e+00 2.654469549918986828e-13
6.710000000000000000e+02 0.000000000000000000e+00 0.000000000000000000e+00 2.647028664727179171e-13
6.720000000000000000e+02 0.000000000000000000e+00 0.000000000000000000e+00 2.639614004168541139e-13
6.730000000000000000e+02 0.000000000000000000e+00 0.000000000000000000e+00 2.632225479812098976e-13
6.740000000000000000e+02 0.000000000000000000e+00 0.000000000000000000e+00 2.624862965560250984e-13
6.750000000000000000e+02 0.000000000000000000e+00 0.000000000000000000e+00 2.617526376655898338e-13
6.760000000000000000e+02 0.000000000000000000e+00 0.000000000000000000e+00 2.610215590061494152e-13
6.770000000000000000e+02 0.000000000000000000e+00 0.000000000000000000e+00 2.602930524240440390e-13
6.780000000000000000e+02 0.000000000000000000e+00 0.000000000000000000e+00 2.595671059259684228e-13
6.790000000000000000e+02 0.000000000000000000e+00 0.000000000000000000e+00 2.588437115724637677e-13
6.800000000000000000e+02 0.000000000000000000e+00 0.000000000000000000e+00 2.581228577865746718e-13
6.810000000000000000e+02 0.000000000000000000e+00 0.000000000000000000e+00 2.574045367873887368e-13
6.820000000000000000e+02 0.000000000000000000e+00 0.000000000000000000e+00 2.566887374630563872e-13
6.830000000000000000e+02 0.000000000000000000e+00 0.000000000000000000e+00 2.559754522565882269e-13
6.840000000000000000e+02 0.000000000000000000e+00 0.000000000000000000e+00 2.552646703537761660e-13
6.850000000000000000e+02 0.000000000000000000e+00 0.000000000000000000e+00 2.545563845371186261e-13
6.860000000000000000e+02 0.000000000000000000e+00 0.000000000000000000e+00 2.538505843220999801e-13
6.870000000000000000e+02 0.000000000000000000e+00 0.000000000000000000e+00 2.531472627887410866e-13
6.880000000000000000e+02 0.000000000000000000e+00 0.000000000000000000e+00 2.524464096849998659e-13
6.890000000000000000e+02 0.000000000000000000e+00 0.000000000000000000e+00 2.517480185714250949e-13
6.900000000000000000e+02 0.000000000000000000e+00 0.000000000000000000e+00 2.510520793799659860e-13
6.910000000000000000e+02 0.000000000000000000e+00 0.000000000000000000e+00 2.503585859547904649e-13
6.920000000000000000e+02 0.000000000000000000e+00 0.000000000000000000e+00 2.496675286611664897e-13
6.930000000000000000e+02 0.000000000000000000e+00 0.000000000000000000e+00 2.489789016406847110e-13
6.940000000000000000e+02 0.000000000000000000e+00 0.000000000000000000e+00 2.482926955169518310e-13
6.950000000000000000e+02 0.000000000000000000e+00 0.000000000000000000e+00 2.476089046382528813e-13
6.960000000000000000e+02 0.000000000000000000e+00 0.000000000000000000e+00 2.469275200977678422e-13
6.970000000000000000e+02 0.000000000000000000e+00 0.000000000000000000e+00 2.462485364900278199e-13
6.980000000000000000e+02 0.000000000000000000e+00 0.000000000000000000e+00 2.455719451932609300e-13
6.990000000000000000e+02 0.000000000000000000e+00 0.000000000000000000e+00 2.448977411462414762e-13
7.000000000000000000e+02 0.000000000000000000e+00 0.000000000000000000e+00 2.442259160325746427e-13
7.010000000000000000e+02 0.000000000000000000e+00 0.000000000000000000e+00 2.435564650845183537e-13
7.020000000000000000e+02 0.000000000000000000e+00 0.000000000000000000e+00 2.428893802877996556e-13
7.030000000000000000e+02 0.000000000000000000e+00 0.000000000000000000e+00 2.422246571537621325e-13
7.040000000000000000e+02 0.000000000000000000e+00 0.000000000000000000e+00 2.415622879611207691e-13
7.050000000000000000e+02 0.000000000000000000e+00 0.000000000000000000e+00 2.409022684898441853e-13
7.060000000000000000e+02 0.000000000000000000e+00 0.000000000000000000e+00 2.402445913883207634e-13
7.070000000000000000e+02 0.000000000000000000e+00 0.000000000000000000e+00 2.395892526944919872e-13
7.080000000000000000e+02 0.000000000000000000e+00 0.000000000000000000e+00 2.389362452861335606e-13
7.090000000000000000e+02 0.000000000000000000e+00 0.000000000000000000e+00 2.382855655336822717e-13
7.100000000000000000e+02 0.000000000000000000e+00 0.000000000000000000e+00 2.376372065683196762e-13
7.110000000000000000e+02 0.000000000000000000e+00 0.000000000000000000e+00 2.369911649513841750e-13
7.120000000000000000e+02 0.000000000000000000e+00 0.000000000000000000e+00 2.363474341461149551e-13
7.130000000000000000e+02 0.000000000000000000e+00 0.000000000000000000e+00 2.357060110098933304e-13
7.140000000000000000e+02 0.000000000000000000e+00 0.000000000000000000e+00 2.350668892823419265e-13
7.150000000000000000e+02 0.000000000000000000e+00 0.000000000000000000e+00 2.344300659829711739e-13
7.160000000000000000e+02 0.000000000000000000e+00 0.000000000000000000e+00 2.337955351053705626e-13
7.170000000000000000e+02 0.000000000000000000e+00 0.000000000000000000e+00 2.331632939339288105e-13
7.180000000000000000e+02 0.000000000000000000e+00 0.000000000000000000e+00 2.325333367766336621e-13
7.190000000000000000e+02 0.000000000000000000e+00 0.000000000000000000e+00 2.319056610514236192e-13
7.200000000000000000e+02 0.000000000000000000e+00 0.000000000000000000e+00 2.312802613207404409e-13
7.210000000000000000e+02 0.000000000000000000e+00 0.000000000000000000e+00 2.306571352318994493e-13
7.220000000000000000e+02 0.000000000000000000e+00 0.000000000000000000e+00 2.300362775735713532e-13
7.230000000000000000e+02 0.000000000000000000e+00 0.000000000000000000e+00 2.294176860934293746e-13
7.240000000000000000e+02 0.000000000000000000e+00 0.000000000000000000e+00 2.288013558607056199e-13
7.250000000000000000e+02 0.000000000000000000e+00 0.000000000000000000e+00 2.281872848153735174e-13
7.260000000000000000e+02 0.000000000000000000e+00 0.000000000000000000e+00 2.275754681666674611e-13
7.270000000000000000e+02 0.000000000000000000e+00 0.000000000000000000e+00 2.269659040733134221e-13
7.280000000000000000e+02 0.000000000000000000e+00 0.000000000000000000e+00 2.263585878152219760e-13
7.290000000000000000e+02 0.000000000000000000e+00 0.000000000000000000e+00 2.257535177806127412e-13
7.300000000000000000e+02 0.000000000000000000e+00 0.000000000000000000e+00 2.251506894169241216e-13
7.310000000000000000e+02 0.000000000000000000e+00 0.000000000000000000e+00 2.245501011938049623e-13
7.320000000000000000e+02 0.000000000000000000e+00 0.000000000000000000e+00 2.239517487515464296e-13
7.330000000000000000e+02 0.000000000000000000e+00 0.000000000000000000e+00 2.233556306426036055e-13
7.340000000000000000e+02 0.000000000000000000e+00 0.000000000000000000e+00 2.227617425627048375e-13
7.350000000000000000e+02 0.000000000000000000e+00 0.000000000000000000e+00 2.221700831997381856e-13
7.360000000000000000e+02 0.000000000000000000e+00 0.000000000000000000e+00 2.215806483820191441e-13
7.370000000000000000e+02 0.000000000000000000e+00 0.000000000000000000e+00 2.209934368728952285e-13
7.380000000000000000e+02 0.000000000000000000e+00 0.000000000000000000e+00 2.204084445043289441e-13
7.390000000000000000e+02 0.000000000000000000e+00 0.000000000000000000e+00 2.198256701551749661e-13
7.400000000000000000e+02 0.000000000000000000e+00 0.000000000000000000e+00 2.192451096703271610e-13
7.410000000000000000e+02 0.000000000000000000e+00 0.000000000000000000e+00 2.186667619779680172e-13
7.420000000000000000e+02 0.000000000000000000e+00 0.000000000000000000e+00 2.180906230593530391e-13
7.430000000000000000e+02 0.000000000000000000e+00 0.000000000000000000e+00 2.175166917875957615e-13
7.440000000000000000e+02 0.000000000000000000e+00 0.000000000000000000e+00 2.169449641173741950e-13
7.450000000000000000e+02 0.000000000000000000e+00 0.000000000000000000e+00 2.163754390133920585e-13
7.460000000000000000e+02 0.000000000000000000e+00 0.000000000000000000e+00 2.158081124021506649e-13
7.470000000000000000e+02 0.000000000000000000e+00 0.000000000000000000e+00 2.152429832485625477e-13
7.480000000000000000e+02 0.000000000000000000e+00 0.000000000000000000e+00 2.146800474315556584e-13
7.490000000000000000e+02 0.000000000000000000e+00 0.000000000000000000e+00 2.141193038795988732e-13
7.500000000000000000e+02 0.000000000000000000e+00 0.000000000000000000e+00 2.135607485340324457e-13
7.510000000000000000e+02 0.000000000000000000e+00 0.000000000000000000e+00 2.130043801919549707e-13
7.520000000000000000e+02 0.000000000000000000e+00 0.000000000000000000e+00 2.124501947018688803e-13
7.530000000000000000e+02 0.000000000000000000e+00 0.000000000000000000e+00 2.118981908698848174e-13
7.540000000000000000e+02 0.000000000000000000e+00 0.000000000000000000e+00 2.113483644486149175e-13
7.550000000000000000e+02 0.000000000000000000e+00 0.000000000000000000e+00 2.108007141060018582e-13
7.560000000000000000e+02 0.000000000000000000e+00 0.000000000000000000e+00 2.102552356084544601e-13
7.570000000000000000e+02 0.000000000000000000e+00 0.000000000000000000e+00 2.097119274845419553e-13
7.580000000000000000e+02 0.000000000000000000e+00 0.000000000000000000e+00 2.091707853658396192e-13
7.590000000000000000e+02 0.000000000000000000e+00 0.000000000000000000e+00 2.086318076881777671e-13
7.600000000000000000e+02 0.000000000000000000e+00 0.000000000000000000e+00 2.080949900084662548e-13
7.610000000000000000e+02 0.000000000000000000e+00 0.000000000000000000e+00 2.075603306200577272e-13
7.620000000000000000e+02 0.000000000000000000e+00 0.000000000000000000e+00 2.070278248912943957e-13
7.630000000000000000e+02 0.000000000000000000e+00 0.000000000000000000e+00 2.064974710116989822e-13
7.640000000000000000e+02 0.000000000000000000e+00 0.000000000000000000e+00 2.059692642314497308e-13
7.650000000000000000e+02 0.000000000000000000e+00 0.000000000000000000e+00 2.054432025199866626e-13
7.660000000000000000e+02 0.000000000000000000e+00 0.000000000000000000e+00 2.049192810279337754e-13
7.670000000000000000e+02 0.000000000000000000e+00 0.000000000000000000e+00 2.043974975132538646e-13
7.680000000000000000e+02 0.000000000000000000e+00 0.000000000000000000e+00 2.038778470338072218e-13
7.690000000000000000e+02 0.000000000000000000e+00 0.000000000000000000e+00 2.033603271230165869e-13
7.700000000000000000e+02 0.000000000000000000e+00 0.000000000000000000e+00 2.028449325705904564e-13
7.710000000000000000e+02 0.000000000000000000e+00 0.000000000000000000e+00 2.023316608555309469e-13
7.720000000000000000e+02 0.000000000000000000e+00 0.000000000000000000e+00 2.018205065338564448e-13
7.730000000000000000e+02 0.000000000000000000e+00 0.000000000000000000e+00 2.013114668075174314e-13
7.740000000000000000e+02 0.000000000000000000e+00 0.000000000000000000e+00 2.008045361146477720e-13
7.750000000000000000e+02 0.000000000000000000e+00 0.000000000000000000e+00 2.002997114660297630e-13
7.760000000000000000e+02 0.000000000000000000e+00 0.000000000000000000e+00 1.997969870557042684e-13
7.770000000000000000e+02 0.000000000000000000e+00 0.000000000000000000e+00 1.992963597254382044e-13
7.780000000000000000e+02 0.000000000000000000e+00 0.000000000000000000e+00 1.987978234324012593e-13
7.790000000000000000e+02 0.000000000000000000e+00 0.000000000000000000e+00 1.983013747459288639e-13
7.800000000000000000e+02 0.000000000000000000e+00 0.000000000000000000e+00 1.978070074937550655e-13
7.810000000000000000e+02 0.000000000000000000e+00 0.000000000000000000e+00 1.973147179837756082e-13
7.820000000000000000e+02 0.000000000000000000e+00 0.000000000000000000e+00 1.968244997910363614e-13
7.830000000000000000e+02 0.000000000000000000e+00 0.000000000000000000e+00 1.963363490136599348e-13
7.840000000000000000e+02 0.000000000000000000e+00 0.000000000000000000e+00 1.958502590364501737e-13
7.850000000000000000e+02 0.000000000000000000e+00 0.000000000000000000e+00 1.953662256566779799e-13
7.860000000000000000e+02 0.000000000000000000e+00 0.000000000000000000e+00 1.948842420356922626e-13
7.870000000000000000e+02 0.000000000000000000e+00 0.000000000000000000e+00 1.944043037956847400e-13
7.880000000000000000e+02 0.000000000000000000e+00 0.000000000000000000e+00 1.939264038052715448e-13
7.890000000000000000e+02 0.000000000000000000e+00 0.000000000000000000e+00 1.934505374551821800e-13
7.900000000000000000e+02 0.000000000000000000e+00 0.000000000000000000e+00 1.929766973953934529e-13
7.910000000000000000e+02 0.000000000000000000e+00 0.000000000000000000e+00 1.925048787673297033e-13
7.920000000000000000e+02 0.000000000000000000e+00 0.000000000000000000e+00 1.920350739757519793e-13
7.930000000000000000e+02 0.000000000000000000e+00 0.000000000000000000e+00 1.915672779569081345e-13
7.940000000000000000e+02 0.000000000000000000e+00 0.000000000000000000e+00 1.911014828094560685e-13
7.950000000000000000e+02 0.000000000000000000e+00 0.000000000000000000e+00 1.906376832300150559e-13
7.960000000000000000e+02 0.000000000000000000e+00 0.000000000000000000e+00 1.901758711388282313e-13
7.970000000000000000e+02 0.000000000000000000e+00 0.000000000000000000e+00 1.897160409303160394e-13
7.980000000000000000e+02 0.000000000000000000e+00 0.000000000000000000e+00 1.892581842959475347e-13
7.990000000000000000e+02 0.000000000000000000e+00 0.000000000000000000e+00 1.888022953997833071e-13
8.000000000000000000e+02 0.000000000000000000e+00 0.000000000000000000e+00 1.883483656422518107e-13
8.010000000000000000e+02 0.000000000000000000e+00 0.000000000000000000e+00 1.878963889843765148e-13
8.020000000000000000e+02 0.000000000000000000e+00 0.000000000000000000e+00 1.874463566081526110e-13
8.030000000000000000e+02 0.000000000000000000e+00 0.000000000000000000e+00 1.869982621394734942e-13
8.040000000000000000e+02 0.000000000000000000e+00 0.000000000000000000e+00 1.865520965706049275e-13
8.050000000000000000e+02 0.000000000000000000e+00 0.000000000000000000e+00 1.861078532871284596e-13
8.060000000000000000e+02 0.000000000000000000e+00 0.000000000000000000e+00 1.856655231106956481e-13
8.070000000000000000e+02 0.000000000000000000e+00 0.000000000000000000e+00 1.852250991206488558e-13
8.080000000000000000e+02 0.000000000000000000e+00 0.000000000000000000e+00 1.847865718875967868e-13
8.090000000000000000e+02 0.000000000000000000e+00 0.000000000000000000e+00 1.843499343081984806e-13
8.100000000000000000e+02 0.000000000000000000e+00 0.000000000000000000e+00 1.839151767177898368e-13
8.110000000000000000e+02 0.000000000000000000e+00 0.000000000000000000e+00 1.834822917401948915e-13
8.120000000000000000e+02 0.000000000000000000e+00 0.000000000000000000e+00 1.830512694805415296e-13
8.130000000000000000e+02 0.000000000000000000e+00 0.000000000000000000e+00 1.826221023568084225e-13
8.140000000000000000e+02 0.000000000000000000e+00 0.000000000000000000e+00 1.821947802942823033e-13
8.150000000000000000e+02 0.000000000000000000e+00 0.000000000000000000e+00 1.817692954392249272e-13
8.160000000000000000e+02 0.000000000000000000e+00 0.000000000000000000e+00 1.813456375183256409e-13
8.170000000000000000e+02 0.000000000000000000e+00 0.000000000000000000e+00 1.809237984771022281e-13
8.180000000000000000e+02 0.000000000000000000e+00 0.000000000000000000e+00 1.805037677952948526e-13
8.190000000000000000e+02 0.000000000000000000e+00 0.000000000000000000e+00 1.800855372512833817e-13
8.200000000000000000e+02 0.000000000000000000e+00 0.000000000000000000e+00 1.796690961046987220e-13
8.210000000000000000e+02 0.000000000000000000e+00 0.000000000000000000e+00 1.792544358988155280e-13
8.220000000000000000e+02 0.000000000000000000e+00 0.000000000000000000e+00 1.788415457315443838e-13
8.230000000000000000e+02 0.000000000000000000e+00 0.000000000000000000e+00 1.784304169789467514e-13
8.240000000000000000e+02 0.000000000000000000e+00 0.000000000000000000e+00 1.780210385179090302e-13
8.250000000000000000e+02 0.000000000000000000e+00 0.000000000000000000e+00 1.776134015443984641e-13
8.260000000000000000e+02 0.000000000000000000e+00 0.000000000000000000e+00 1.772074947415833160e-13
8.270000000000000000e+02 0.000000000000000000e+00 0.000000000000000000e+00 1.768033091297920977e-13
8.280000000000000000e+02 0.000000000000000000e+00 0.000000000000000000e+00 1.764008332554940292e-13
8.290000000000000000e+02 0.000000000000000000e+00 0.000000000000000000e+00 1.760000579262713528e-13
8.300000000000000000e+02 0.000000000000000000e+00 0.000000000000000000e+00 1.756009715419375334e-13
8.310000000000000000e+02 0.000000000000000000e+00 0.000000000000000000e+00 1.752035647727929725e-13
8.320000000000000000e+02 0.000000000000000000e+00 0.000000000000000000e+00 1.748078258346166511e-13
8.330000000000000000e+02 0.000000000000000000e+00 0.000000000000000000e+00 1.744137452974978115e-13
8.340000000000000000e+02 0.000000000000000000e+00 0.000000000000000000e+00 1.740213112249847681e-13
8.350000000000000000e+02 0.000000000000000000e+00 0.000000000000000000e+00 1.736305140297250455e-13
8.360000000000000000e+02 0.000000000000000000e+00 0.000000000000000000e+00 1.732413416828432821e-13
8.370000000000000000e+02 0.000000000000000000e+00 0.000000000000000000e+00 1.728537844234429300e-13
8.380000000000000000e+02 0.000000000000000000e+00 0.000000000000000000e+00 1.724678301661372324e-13
8.390000000000000000e+02 0.000000000000000000e+00 0.000000000000000000e+00 1.720834690129664600e-13
8.400000000000000000e+02 0.000000000000000000e+00 0.000000000000000000e+00 1.717006887664174896e-13
8.410000000000000000e+02 0.000000000000000000e+00 0.000000000000000000e+00 1.713194794118526870e-13
8.420000000000000000e+02 0.000000000000000000e+00 0.000000000000000000e+00 1.709398287080931932e-13
8.430000000000000000e+02 0.000000000000000000e+00 0.000000000000000000e+00 1.705617265405918754e-13
8.440000000000000000e+02 0.000000000000000000e+00 0.000000000000000000e+00 1.701851605772236030e-13
8.450000000000000000e+02 0.000000000000000000e+00 0.000000000000000000e+00 1.698101206597528639e-13
8.460000000000000000e+02 0.000000000000000000e+00 0.000000000000000000e+00 1.694365943546349345e-13
8.470000000000000000e+02 0.000000000000000000e+00 0.000000000000000000e+00 1.690645714546025711e-13
8.480000000000000000e+02 0.000000000000000000e+00 0.000000000000000000e+00 1.686940395031983895e-13
8.490000000000000000e+02 0.000000000000000000e+00 0.000000000000000000e+00 1.683249882127837503e-13
8.500000000000000000e+02 0.000000000000000000e+00 0.000000000000000000e+00 1.679574050639892207e-13
8.510000000000000000e+02 0.000000000000000000e+00 0.000000000000000000e+00 1.675912797625696470e-13
8.520000000000000000e+02 0.000000000000000000e+00 0.000000000000000000e+00 1.672265997981406590e-13
8.530000000000000000e+02 0.000000000000000000e+00 0.000000000000000000e+00 1.668633548282232442e-13
8.540000000000000000e+02 0.000000000000000000e+00 0.000000000000000000e+00 1.665015323105986704e-13
8.550000000000000000e+02 0.000000000000000000e+00 0.000000000000000000e+00 1.661411218860553651e-13
8.560000000000000000e+02 0.000000000000000000e+00 0.000000000000000000e+00 1.657821110517126281e-13
8.570000000000000000e+02 0.000000000000000000e+00 0.000000000000000000e+00 1.654244894489834374e-13
8.580000000000000000e+02 0.000000000000000000e+00 0.000000000000000000e+00 1.650682445731002639e-13
8.590000000000000000e+02 0.000000000000000000e+00 0.000000000000000000e+00 1.647133660826697948e-13
8.600000000000000000e+02 0.000000000000000000e+00 0.000000000000000000e+00 1.643598415019076548e-13
8.610000000000000000e+02 0.000000000000000000e+00 0.000000000000000000e+00 1.640076605210017759e-13
8.620000000000000000e+02 0.000000000000000000e+00 0.000000000000000000e+00 1.636568107104889376e-13
8.630000000000000000e+02 0.000000000000000000e+00 0.000000000000000000e+00 1.633072817685609432e-13
8.640000000000000000e+02 0.000000000000000000e+00 0.000000000000000000e+00 1.629590613275203364e-13
8.650000000000000000e+02 0.000000000000000000e+00 0.000000000000000000e+00 1.626121391278088464e-13
8.660000000000000000e+02 0.000000000000000000e+00 0.000000000000000000e+00 1.622665028773348596e-13
8.670000000000000000e+02 0.000000000000000000e+00 0.000000000000000000e+00 1.619221423767748482e-13
8.680000000000000000e+02 0.000000000000000000e+00 0.000000000000000000e+00 1.615790453867370703e-13
8.690000000000000000e+02 0.000000000000000000e+00 0.000000000000000000e+00 1.612372018203155490e-13
8.700000000000000000e+02 0.000000000000000000e+00 0.000000000000000000e+00 1.608965994862678607e-13
8.710000000000000000e+02 0.000000000000000000e+00 0.000000000000000000e+00 1.605572284049155310e-13
8.720000000000000000e+02 0.000000000000000000e+00 0.000000000000000000e+00 1.602190764694601242e-13
8.730000000000000000e+02 0.000000000000000000e+00 0.000000000000000000e+00 1.598821337801393951e-13
8.740000000000000000e+02 0.000000000000000000e+00 0.000000000000000000e+00 1.595463883692906604e-13
8.750000000000000000e+02 0.000000000000000000e+00 0.000000000000000000e+00 1.592118304098276759e-13
8.760000000000000000e+02 0.000000000000000000e+00 0.000000000000000000e+00 1.588784480348769439e-13
8.770000000000000000e+02 0.000000000000000000e+00 0.000000000000000000e+00 1.585462315588993375e-13
8.780000000000000000e+02 0.000000000000000000e+00 0.000000000000000000e+00 1.582151692433126089e-13
8.790000000000000000e+02 0.000000000000000000e+00 0.000000000000000000e+00 1.578852514728535762e-13
8.800000000000000000e+02 0.000000000000000000e+00 0.000000000000000000e+00 1.575564666866345079e-13
8.810000000000000000e+02 0.000000000000000000e+00 0.000000000000000000e+00 1.572288053850952209e-13
8.820000000000000000e+02 0.000000000000000000e+00 0.000000000000000000e+00 1.569022561796203623e-13
8.830000000000000000e+02 0.000000000000000000e+00 0.000000000000000000e+00 1.565768096705636399e-13
8.840000000000000000e+02 0.000000000000000000e+00 0.000000000000000000e+00 1.562524546136907850e-13
8.850000000000000000e+02 0.000000000000000000e+00 0.000000000000000000e+00 1.559291817758027836e-13
8.860000000000000000e+02 0.000000000000000000e+00 0.000000000000000000e+00 1.556069800822893691e-13
8.870000000000000000e+02 0.000000000000000000e+00 0.000000000000000000e+00 1.552858404314307851e-13
8.880000000000000000e+02 0.000000000000000000e+00 0.000000000000000000e+00 1.549657518974302124e-13
8.890000000000000000e+02 0.000000000000000000e+00 0.000000000000000000e+00 1.546467055358086739e-13
8.900000000000000000e+02 0.000000000000000000e+00 0.000000000000000000e+00 1.543286905975473489e-13
8.910000000000000000e+02 0.000000000000000000e+00 0.000000000000000000e+00 1.540116983086667338e-13
8.920000000000000000e+02 0.000000000000000000e+00 0.000000000000000000e+00 1.536957180767932159e-13
8.930000000000000000e+02 0.000000000000000000e+00 0.000000000000000000e+00 1.533807413098175453e-13
8.940000000000000000e+02 0.000000000000000000e+00 0.000000000000000000e+00 1.530667575993281694e-13
8.950000000000000000e+02 0.000000000000000000e+00 0.000000000000000000e+00 1.527537585116110805e-13
8.960000000000000000e+02 0.000000000000000000e+00 0.000000000000000000e+00 1.524417338357659077e-13
8.970000000000000000e+02 0.000000000000000000e+00 0.000000000000000000e+00 1.521306753213671804e-13
8.980000000000000000e+02 0.000000000000000000e+00 0.000000000000000000e+00 1.518205729645715322e-13
8.990000000000000000e+02 0.000000000000000000e+00 0.000000000000000000e+00 1.515114186784882203e-13
9.000000000000000000e+02 0.000000000000000000e+00 0.000000000000000000e+00 1.512032026425233637e-13
9.010000000000000000e+02 0.000000000000000000e+00 0.000000000000000000e+00 1.508959169903258036e-13
9.020000000000000000e+02 0.000000000000000000e+00 0.000000000000000000e+00 1.505895520772146620e-13
9.030000000000000000e+02 0.000000000000000000e+00 0.000000000000000000e+00 1.502841002520729780e-13
9.040000000000000000e+02 0.000000000000000000e+00 0.000000000000000000e+00 1.499795520723805381e-13
9.050000000000000000e+02 0.000000000000000000e+00 0.000000000000000000e+00 1.496759000443584998e-13
9.060000000000000000e+02 0.000000000000000000e+00 0.000000000000000000e+00 1.493731349709867520e-13
9.070000000000000000e+02 0.000000000000000000e+00 0.000000000000000000e+00 1.490712495215498576e-13
9.080000000000000000e+02 0.000000000000000000e+00 0.000000000000000000e+00 1.487702347367640534e-13
9.090000000000000000e+02 0.000000000000000000e+00 0.000000000000000000e+00 1.484700834773443674e-13
9.100000000000000000e+02 0.000000000000000000e+00 0.000000000000000000e+00 1.481707869930535859e-13
9.110000000000000000e+02 0.000000000000000000e+00 0.000000000000000000e+00 1.478723383486389331e-13
9.120000000000000000e+02 0.000000000000000000e+00 0.000000000000000000e+00 1.475747290214307601e-13
9.130000000000000000e+02 0.000000000000000000e+00 0.000000000000000000e+00 1.472779522573075397e-13
9.140000000000000000e+02 0.000000000000000000e+00 0.000000000000000000e+00 1.469819997681979957e-13
9.150000000000000000e+02 0.000000000000000000e+00 0.000000000000000000e+00 1.466868649728892430e-13
9.160000000000000000e+02 0.000000000000000000e+00 0.000000000000000000e+00 1.463925398217949759e-13
9.170000000000000000e+02 0.000000000000000000e+00 0.000000000000000000e+00 1.460990179302958123e-13
9.180000000000000000e+02 0.000000000000000000e+00 0.000000000000000000e+00 1.458062914609929498e-13
9.190000000000000000e+02 0.000000000000000000e+00 0.000000000000000000e+00 1.455143542350865467e-13
9.200000000000000000e+02 0.000000000000000000e+00 0.000000000000000000e+00 1.452231986151289987e-13
9.210000000000000000e+02 0.000000000000000000e+00 0.000000000000000000e+00 1.449328186346605646e-13
9.220000000000000000e+02 0.000000000000000000e+00 0.000000000000000000e+00 1.446432068469739213e-13
9.230000000000000000e+02 0.000000000000000000e+00 0.000000000000000000e+00 1.443543575011067903e-13
9.240000000000000000e+02 0.000000000000000000e+00 0.000000000000000000e+00 1.440662633639414543e-13
9.250000000000000000e+02 0.000000000000000000e+00 0.000000000000000000e+00 1.437789189026523361e-13
9.260000000000000000e+02 0.000000000000000000e+00 0.000000000000000000e+00 1.434923171033854678e-13
9.270000000000000000e+02 0.000000000000000000e+00 0.000000000000000000e+00 1.432064525958991263e-13
9.280000000000000000e+02 0.000000000000000000e+00 0.000000000000000000e+00 1.429213185902593167e-13
9.290000000000000000e+02 0.000000000000000000e+00 0.000000000000000000e+00 1.426369099368281445e-13
9.300000000000000000e+02 0.000000000000000000e+00 0.000000000000000000e+00 1.423532200429362932e-13
9.310000000000000000e+02 0.000000000000000000e+00 0.000000000000000000e+00 1.420702439447715587e-13
9.320000000000000000e+02 0.000000000000000000e+00 0.000000000000000000e+00 1.417879752340278049e-13
9.330000000000000000e+02 0.000000000000000000e+00 0.000000000000000000e+00 1.415064091744284592e-13
9.340000000000000000e+02 0.000000000000000000e+00 0.000000000000000000e+00 1.412255395602736240e-13
9.350000000000000000e+02 0.000000000000000000e+00 0.000000000000000000e+00 1.409453618439653674e-13
9.360000000000000000e+02 0.000000000000000000e+00 0.000000000000000000e+00 1.406658699994126778e-13
9.370000000000000000e+02 0.000000000000000000e+00 0.000000000000000000e+00 1.403870596794765193e-13
9.380000000000000000e+02 0.000000000000000000e+00 0.000000000000000000e+00 1.401089250531369447e-13
9.390000000000000000e+02 0.000000000000000000e+00 0.000000000000000000e+00 1.398314619480357483e-13
9.400000000000000000e+02 0.000000000000000000e+00 0.000000000000000000e+00 1.395546647329501697e-13
9.410000000000000000e+02 0.000000000000000000e+00 0.000000000000000000e+00 1.392785294498056551e-13
9.420000000000000000e+02 0.000000000000000000e+00 0.000000000000000000e+00 1.390030506147465879e-13
9.430000000000000000e+02 0.000000000000000000e+00 0.000000000000000000e+00 1.387282244727213479e-13
9.440000000000000000e+02 0.000000000000000000e+00 0.000000000000000000e+00 1.384540457141557303e-13
9.450000000000000000e+02 0.000000000000000000e+00 0.000000000000000000e+00 1.381805107579945268e-13
9.460000000000000000e+02 0.000000000000000000e+00 0.000000000000000000e+00 1.379076145002044094e-13
9.470000000000000000e+02 0.000000000000000000e+00 0.000000000000000000e+00 1.376353535182931303e-13
9.480000000000000000e+02 0.000000000000000000e+00 0.000000000000000000e+00 1.373637229031179599e-13
9.490000000000000000e+02 0.000000000000000000e+00 0.000000000000000000e+00 1.370927194038745398e-13
9.500000000000000000e+02 0.000000000000000000e+00 0.000000000000000000e+00 1.368223382773807228e-13
9.510000000000000000e+02 0.000000000000000000e+00 0.000000000000000000e+00 1.365525764211469369e-13
9.520000000000000000e+02 0.000000000000000000e+00 0.000000000000000000e+00 1.362834292685130386e-13
9.530000000000000000e+02 0.000000000000000000e+00 0.000000000000000000e+00 1.360148938790697012e-13
9.540000000000000000e+02 0.000000000000000000e+00 0.000000000000000000e+00 1.357469658639845327e-13
9.550000000000000000e+02 0.000000000000000000e+00 0.000000000000000000e+00 1.354796424459839851e-13
9.560000000000000000e+02 0.000000000000000000e+00 0.000000000000000000e+00 1.352129193874647449e-13
9.570000000000000000e+02 0.000000000000000000e+00 0.000000000000000000e+00 1.349467940501698670e-13
9.580000000000000000e+02 0.000000000000000000e+00 0.000000000000000000e+00 1.346812623839071493e-13
9.590000000000000000e+02 0.000000000000000000e+00 0.000000000000000000e+00 1.344163219009492263e-13
9.600000000000000000e+02 0.000000000000000000e+00 0.000000000000000000e+00 1.341519687020415124e-13
9.610000000000000000e+02 0.000000000000000000e+00 0.000000000000000000e+00 1.338882004518020661e-13
9.620000000000000000e+02 0.000000000000000000e+00 0.000000000000000000e+00 1.336250134106080233e-13
9.630000000000000000e+02 0.000000000000000000e+00 0.000000000000000000e+00 1.333624053943847508e-13
9.640000000000000000e+02 0.000000000000000000e+00 0.000000000000000000e+00 1.331003728000617880e-13
9.650000000000000000e+02 0.000000000000000000e+00 0.000000000000000000e+00 1.328389135937832320e-13
9.660000000000000000e+02 0.000000000000000000e+00 0.000000000000000000e+00 1.325780243197312358e-13
9.670000000000000000e+02 0.000000000000000000e+00 0.000000000000000000e+00 1.323177030924944601e-13
9.680000000000000000e+02 0.000000000000000000e+00 0.000000000000000000e+00 1.320579465811316887e-13
9.690000000000000000e+02 0.000000000000000000e+00 0.000000000000000000e+00 1.317987530470593218e-13
9.700000000000000000e+02 0.000000000000000000e+00 0.000000000000000000e+00 1.315401193193965256e-13
9.710000000000000000e+02 0.000000000000000000e+00 0.000000000000000000e+00 1.312820437569638524e-13
9.720000000000000000e+02 0.000000000000000000e+00 0.000000000000000000e+00 1.310245233623402028e-13
9.730000000000000000e+02 0.000000000000000000e+00 0.000000000000000000e+00 1.307675566138198324e-13
9.740000000000000000e+02 0.000000000000000000e+00 0.000000000000000000e+00 1.305111406718617389e-13
9.750000000000000000e+02 0.000000000000000000e+00 0.000000000000000000e+00 1.302552741379920908e-13
9.760000000000000000e+02 0.000000000000000000e+00 0.000000000000000000e+00 1.299999542786970828e-13
9.770000000000000000e+02 0.000000000000000000e+00 0.000000000000000000e+00 1.297451798424446983e-13
9.780000000000000000e+02 0.000000000000000000e+00 0.000000000000000000e+00 1.294909482439750057e-13
9.790000000000000000e+02 0.000000000000000000e+00 0.000000000000000000e+00 1.292372583209691897e-13
9.800000000000000000e+02 0.000000000000000000e+00 0.000000000000000000e+00 1.289841076501028172e-13
9.810000000000000000e+02 0.000000000000000000e+00 0.000000000000000000e+00 1.287314951770688421e-13
9.820000000000000000e+02 0.000000000000000000e+00 0.000000000000000000e+00 1.284794185807261427e-13
9.830000000000000000e+02 0.000000000000000000e+00 0.000000000000000000e+00 1.282278769629443858e-13
9.840000000000000000e+02 0.000000000000000000e+00 0.000000000000000000e+00 1.279768680995173749e-13
9.850000000000000000e+02 0.000000000000000000e+00 0.000000000000000000e+00 1.277263912246605446e-13
9.860000000000000000e+02 0.000000000000000000e+00 0.000000000000000000e+00 1.274764442480055115e-13
9.870000000000000000e+02 0.000000000000000000e+00 0.000000000000000000e+00 1.272270265058535308e-13
9.880000000000000000e+02 0.000000000000000000e+00 0.000000000000000000e+00 1.269781360310638657e-13
9.890000000000000000e+02 0.000000000000000000e+00 0.000000000000000000e+00 1.267297722715248097e-13
9.900000000000000000e+02 0.000000000000000000e+00 0.000000000000000000e+00 1.264819334025628450e-13
9.910000000000000000e+02 0.000000000000000000e+00 0.000000000000000000e+00 1.262346189591996505e-13
9.920000000000000000e+02 0.000000000000000000e+00 0.000000000000000000e+00 1.259878272431616863e-13
9.930000000000000000e+02 0.000000000000000000e+00 0.000000000000000000e+00 1.257415579094907315e-13
9.940000000000000000e+02 0.000000000000000000e+00 0.000000000000000000e+00 1.254958093612856339e-13
9.950000000000000000e+02 0.000000000000000000e+00 0.000000000000000000e+00 1.252505813794395828e-13
9.960000000000000000e+02 0.000000000000000000e+00 0.000000000000000000e+00 1.250058724556509314e-13
9.970000000000000000e+02 0.000000000000000000e+00 0.000000000000000000e+00 1.247616824840691874e-13
9.980000000000000000e+02 0.000000000000000000e+00 0.000000000000000000e+00 1.245180100934591165e-13
9.990000000000000000e+02 0.000000000000000000e+00 0.000000000000000000e+00 1.242748552438356438e-13
1.000000000000000000e+03 0.000000000000000000e+00 0.000000000000000000e+00 1.240322167020947708e-13
1.001000000000000000e+03 0.000000000000000000e+00 0.000000000000000000e+00 1.237900945287180212e-13
1.002000000000000000e+03 0.000000000000000000e+00 0.000000000000000000e+00 1.235484875907797895e-13
1.003000000000000000e+03 0.000000000000000000e+00 0.000000000000000000e+00 1.233073960416070444e-13
1.004000000000000000e+03 0.000000000000000000e+00 0.000000000000000000e+00 1.230668188691791426e-13
1.005000000000000000e+03 0.000000000000000000e+00 0.000000000000000000e+00 1.228267563159717819e-13
1.006000000000000000e+03 0.000000000000000000e+00 0.000000000000000000e+00 1.225872074580490326e-13
1.007000000000000000e+03 0.000000000000000000e+00 0.000000000000000000e+00 1.223481726413476314e-13
1.008000000000000000e+03 0.000000000000000000e+00 0.000000000000000000e+00 1.221096510522614318e-13
1.009000000000000000e+03 0.000000000000000000e+00 0.000000000000000000e+00 1.218716431097480235e-13
1.010000000000000000e+03 0.000000000000000000e+00 0.000000000000000000e+00 1.216341480767331623e-13
1.011000000000000000e+03 0.000000000000000000e+00 0.000000000000000000e+00 1.213971664876975764e-13
1.012000000000000000e+03 0.000000000000000000e+00 0.000000000000000000e+00 1.211606977054310569e-13
1.013000000000000000e+03 0.000000000000000000e+00 0.000000000000000000e+00 1.209247423345049136e-13
1.014000000000000000e+03 0.000000000000000000e+00 0.000000000000000000e+00 1.206892998065641505e-13
1.015000000000000000e+03 0.000000000000000000e+00 0.000000000000000000e+00 1.204543708381587695e-13
1.016000000000000000e+03 0.000000000000000000e+00 0.000000000000000000e+00 1.202199549334161824e-13
1.017000000000000000e+03 0.000000000000000000e+00 0.000000000000000000e+00 1.199860528955005164e-13
1.018000000000000000e+03 0.000000000000000000e+00 0.000000000000000000e+00 1.197526643173490180e-13
1.019000000000000000e+03 0.000000000000000000e+00 0.000000000000000000e+00 1.195197900772987303e-13
1.020000000000000000e+03 0.000000000000000000e+00 0.000000000000000000e+00 1.192874298427022314e-13
1.021000000000000000e+03 0.000000000000000000e+00 0.000000000000000000e+00 1.190555845609862396e-13
1.022000000000000000e+03 0.000000000000000000e+00 0.000000000000000000e+00 1.188242539863064567e-13
1.023000000000000000e+03 0.000000000000000000e+00 0.000000000000000000e+00 1.185934391299938472e-13
1.024000000000000000e+03 0.000000000000000000e+00 0.000000000000000000e+00 1.183631398340561819e-13
1.025000000000000000e+03 0.000000000000000000e+00 0.000000000000000000e+00 1.181333571657504226e-13
1.026000000000000000e+03 0.000000000000000000e+00 0.000000000000000000e+00 1.179040910182870168e-13
1.027000000000000000e+03 0.000000000000000000e+00 0.000000000000000000e+00 1.176753425282565046e-13
1.028000000000000000e+03 0.000000000000000000e+00 0.000000000000000000e+00 1.174471116606127114e-13
1.029000000000000000e+03 0.000000000000000000e+00 0.000000000000000000e+00 1.172193996224927583e-13
1.030000000000000000e+03 0.000000000000000000e+00 0.000000000000000000e+00 1.169922064366231095e-13
1.031000000000000000e+03 0.000000000000000000e+00 0.000000000000000000e+00 1.167655333460577104e-13
1.032000000000000000e+03 0.000000000000000000e+00 0.000000000000000000e+00 1.165393804371393182e-13
1.033000000000000000e+03 0.000000000000000000e+00 0.000000000000000000e+00 1.163137490073280876e-13
1.034000000000000000e+03 0.000000000000000000e+00 0.000000000000000000e+00 1.160886392108085614e-13
1.035000000000000000e+03 0.000000000000000000e+00 0.000000000000000000e+00 1.158640523808720926e-13
1.036000000000000000e+03 0.000000000000000000e+00 0.000000000000000000e+00 1.156399887061035924e-13
1.037000000000000000e+03 0.000000000000000000e+00 0.000000000000000000e+00 1.154164495850430559e-13
1.038000000000000000e+03 0.000000000000000000e+00 0.000000000000000000e+00 1.151934352348374349e-13
1.039000000000000000e+03 0.000000000000000000e+00 0.000000000000000000e+00 1.149709471119965151e-13
1.040000000000000000e+03 0.000000000000000000e+00 0.000000000000000000e+00 1.147489854568420129e-13
1.041000000000000000e+03 0.000000000000000000e+00 0.000000000000000000e+00 1.145275517614950408e-13
1.042000000000000000e+03 0.000000000000000000e+00 0.000000000000000000e+00 1.143066463208685347e-13
1.043000000000000000e+03 0.000000000000000000e+00 0.000000000000000000e+00 1.140862706335925299e-13
1.044000000000000000e+03 0.000000000000000000e+00 0.000000000000000000e+00 1.138664250398919560e-13
1.045000000000000000e+03 0.000000000000000000e+00 0.000000000000000000e+00 1.136471110608199861e-13
1.046000000000000000e+03 0.000000000000000000e+00 0.000000000000000000e+00 1.134283290444739271e-13
1.047000000000000000e+03 0.000000000000000000e+00 0.000000000000000000e+00 1.132100805572262034e-13
1.048000000000000000e+03 0.000000000000000000e+00 0.000000000000000000e+00 1.129923659516880976e-13
1.049000000000000000e+03 0.000000000000000000e+00 0.000000000000000000e+00 1.127751868111008464e-13
1.050000000000000000e+03 0.000000000000000000e+00 0.000000000000000000e+00 1.125585435373605306e-13
1.051000000000000000e+03 0.000000000000000000e+00 0.000000000000000000e+00 1.123424376985136888e-13
1.052000000000000000e+03 0.000000000000000000e+00 0.000000000000000000e+00 1.121268697160254534e-13
1.053000000000000000e+03 0.000000000000000000e+00 0.000000000000000000e+00 1.119118411603564417e-13
1.054000000000000000e+03 0.000000000000000000e+00 0.000000000000000000e+00 1.116973524526785315e-13
1.055000000000000000e+03 0.000000000000000000e+00 0.000000000000000000e+00 1.114834051868137807e-13
1.056000000000000000e+03 0.000000000000000000e+00 0.000000000000000000e+00 1.112699997758235547e-13
1.057000000000000000e+03 0.000000000000000000e+00 0.000000000000000000e+00 1.110571378088692956e-13
1.058000000000000000e+03 0.000000000000000000e+00 0.000000000000000000e+00 1.108448197139773761e-13
1.059000000000000000e+03 0.000000000000000000e+00 0.000000000000000000e+00 1.106330470442595822e-13
1.060000000000000000e+03 0.000000000000000000e+00 0.000000000000000000e+00 1.104218202372732282e-13
1.061000000000000000e+03 0.000000000000000000e+00 0.000000000000000000e+00 1.102111408449633813e-13
1.062000000000000000e+03 0.000000000000000000e+00 0.000000000000000000e+00 1.100010092724809245e-13
1.063000000000000000e+03 0.000000000000000000e+00 0.000000000000000000e+00 1.097914270639298244e-13
1.064000000000000000e+03 0.000000000000000000e+00 0.000000000000000000e+00 1.095823946094000694e-13
1.065000000000000000e+03 0.000000000000000000e+00 0.000000000000000000e+00 1.093739134203711158e-13
1.066000000000000000e+03 0.000000000000000000e+00 0.000000000000000000e+00 1.091659838880521879e-13
1.067000000000000000e+03 0.000000000000000000e+00 0.000000000000000000e+00 1.089586074854829006e-13
1.068000000000000000e+03 0.000000000000000000e+00 0.000000000000000000e+00 1.087517845626501287e-13
1.069000000000000000e+03 0.000000000000000000e+00 0.000000000000000000e+00 1.085455165727872347e-13
1.070000000000000000e+03 0.000000000000000000e+00 0.000000000000000000e+00 1.083398038524075131e-13
1.071000000000000000e+03 0.000000000000000000e+00 0.000000000000000000e+00 1.081346477999924570e-13
1.072000000000000000e+03 0.000000000000000000e+00 0.000000000000000000e+00 1.079300487106409081e-13
1.073000000000000000e+03 0.000000000000000000e+00 0.000000000000000000e+00 1.077260079547303253e-13
1.074000000000000000e+03 0.000000000000000000e+00 0.000000000000000000e+00 1.075225257801086627e-13
1.075000000000000000e+03 0.000000000000000000e+00 0.000000000000000000e+00 1.073196035163560804e-13
1.076000000000000000e+03 0.000000000000000000e+00 0.000000000000000000e+00 1.071172413572845326e-13
1.077000000000000000e+03 0.000000000000000000e+00 0.000000000000000000e+00 1.069154405917233794e-13
1.078000000000000000e+03 0.000000000000000000e+00 0.000000000000000000e+00 1.067142013769698698e-13
1.079000000000000000e+03 0.000000000000000000e+00 0.000000000000000000e+00 1.065135249294582103e-13
1.080000000000000000e+03 0.000000000000000000e+00 0.000000000000000000e+00 1.063134113665988481e-13
1.081000000000000000e+03 0.000000000000000000e+00 0.000000000000000000e+00 1.061138618434362535e-13
1.082000000000000000e+03 0.000000000000000000e+00 0.000000000000000000e+00 1.059148764158669267e-13
1.083000000000000000e+03 0.000000000000000000e+00 0.000000000000000000e+00 1.057164561798021099e-13
1.084000000000000000e+03 0.000000000000000000e+00 0.000000000000000000e+00 1.055186011364147951e-13
1.085000000000000000e+03 0.000000000000000000e+00 0.000000000000000000e+00 1.053213123076333021e-13
1.086000000000000000e+03 0.000000000000000000e+00 0.000000000000000000e+00 1.051245896542634744e-13
1.087000000000000000e+03 0.000000000000000000e+00 0.000000000000000000e+00 1.049284341128030502e-13
1.088000000000000000e+03 0.000000000000000000e+00 0.000000000000000000e+00 1.047328455650020450e-13
1.089000000000000000e+03 0.000000000000000000e+00 0.000000000000000000e+00 1.045378248875212293e-13
1.090000000000000000e+03 0.000000000000000000e+00 0.000000000000000000e+00 1.043433718949952035e-13
1.091000000000000000e+03 0.000000000000000000e+00 0.000000000000000000e+00 1.041494873819824428e-13
1.092000000000000000e+03 0.000000000000000000e+00 0.000000000000000000e+00 1.039561710976956594e-13
1.093000000000000000e+03 0.000000000000000000e+00 0.000000000000000000e+00 1.037634237587972521e-13
1.094000000000000000e+03 0.000000000000000000e+00 0.000000000000000000e+00 1.035712450348572428e-13
1.095000000000000000e+03 0.000000000000000000e+00 0.000000000000000000e+00 1.033796355661591038e-13
1.096000000000000000e+03 0.000000000000000000e+00 0.000000000000000000e+00 1.031885949474230965e-13
1.097000000000000000e+03 0.000000000000000000e+00 0.000000000000000000e+00 1.029981237153544611e-13
1.098000000000000000e+03 0.000000000000000000e+00 0.000000000000000000e+00 1.028082213900130881e-13
1.099000000000000000e+03 0.000000000000000000e+00 0.000000000000000000e+00 1.026188884315934190e-13
1.100000000000000000e+03 0.000000000000000000e+00 0.000000000000000000e+00 1.024301242712049914e-13
1.101000000000000000e+03 0.000000000000000000e+00 0.000000000000000000e+00 1.022419292773845235e-13
1.102000000000000000e+03 0.000000000000000000e+00 0.000000000000000000e+00 1.020543027850530797e-13
1.103000000000000000e+03 0.000000000000000000e+00 0.000000000000000000e+00 1.018672450882241807e-13
1.104000000000000000e+03 0.000000000000000000e+00 0.000000000000000000e+00 1.016807554238548619e-13
1.105000000000000000e+03 0.000000000000000000e+00 0.000000000000000000e+00 1.014948339919691110e-13
1.106000000000000000e+03 0.000000000000000000e+00 0.000000000000000000e+00 1.013094799534726730e-13
1.107000000000000000e+03 0.000000000000000000e+00 0.000000000000000000e+00 1.011246933953018314e-13
1.108000000000000000e+03 0.000000000000000000e+00 0.000000000000000000e+00 1.009404733987690931e-13
1.109000000000000000e+03 0.000000000000000000e+00 0.000000000000000000e+00 1.007568199640050936e-13
1.110000000000000000e+03 0.000000000000000000e+00 0.000000000000000000e+00 1.005737320670957670e-13
1.111000000000000000e+03 0.000000000000000000e+00 0.000000000000000000e+00 1.003912096217263009e-13
1.112000000000000000e+03 0.000000000000000000e+00 0.000000000000000000e+00 1.002092514984680404e-13
1.113000000000000000e+03 0.000000000000000000e+00 0.000000000000000000e+00 1.000278575231859741e-13
1.114000000000000000e+03 0.000000000000000000e+00 0.000000000000000000e+00 9.984702647241701846e-14
1.115000000000000000e+03 0.000000000000000000e+00 0.000000000000000000e+00 9.966675806273748575e-14
1.116000000000000000e+03 0.000000000000000000e+00 0.000000000000000000e+00 9.948705097965033732e-14
1.117000000000000000e+03 0.000000000000000000e+00 0.000000000000000000e+00 9.930790484257705105e-14
1.118000000000000000e+03 0.000000000000000000e+00 0.000000000000000000e+00 9.912931824063688135e-14
1.119000000000000000e+03 0.000000000000000000e+00 0.000000000000000000e+00 9.895129068766048164e-14
1.120000000000000000e+03 0.000000000000000000e+00 0.000000000000000000e+00 9.877382069484911853e-14
1.121000000000000000e+03 0.000000000000000000e+00 0.000000000000000000e+00 9.859690765630718021e-14
1.122000000000000000e+03 0.000000000000000000e+00 0.000000000000000000e+00 9.842054999318939208e-14
1.123000000000000000e+03 0.000000000000000000e+00 0.000000000000000000e+00 9.824474700963854566e-14
1.124000000000000000e+03 0.000000000000000000e+00 0.000000000000000000e+00 9.806949702862889931e-14
1.125000000000000000e+03 0.000000000000000000e+00 0.000000000000000000e+00 9.789479925597582217e-14
1.126000000000000000e+03 0.000000000000000000e+00 0.000000000000000000e+00 9.772065191605328006e-14
1.127000000000000000e+03 0.000000000000000000e+00 0.000000000000000000e+00 9.754705412290778407e-14
1.128000000000000000e+03 0.000000000000000000e+00 0.000000000000000000e+00 9.737400400345059541e-14
1.129000000000000000e+03 0.000000000000000000e+00 0.000000000000000000e+00 9.720150057205407208e-14
1.130000000000000000e+03 0.000000000000000000e+00 0.000000000000000000e+00 9.702954186915901095e-14
1.131000000000000000e+03 0.000000000000000000e+00 0.000000000000000000e+00 9.685812682244783830e-14
1.132000000000000000e+03 0.000000000000000000e+00 0.000000000000000000e+00 9.668725336840755807e-14
1.133000000000000000e+03 0.000000000000000000e+00 0.000000000000000000e+00 9.651692034142615720e-14
1.134000000000000000e+03 0.000000000000000000e+00 0.000000000000000000e+00 9.634712558980228873e-14
1.135000000000000000e+03 0.000000000000000000e+00 0.000000000000000000e+00 9.617786784365400907e-14
1.136000000000000000e+03 0.000000000000000000e+00 0.000000000000000000e+00 9.600914488336744078e-14
1.137000000000000000e+03 0.000000000000000000e+00 0.000000000000000000e+00 9.584095533882024915e-14
1.138000000000000000e+03 0.000000000000000000e+00 0.000000000000000000e+00 9.567329690146923191e-14
1.139000000000000000e+03 0.000000000000000000e+00 0.000000000000000000e+00 9.550616811590143563e-14
1.140000000000000000e+03 0.000000000000000000e+00 0.000000000000000000e+00 9.533956658994224732e-14
1.141000000000000000e+03 0.000000000000000000e+00 0.000000000000000000e+00 9.517349077982674655e-14
1.142000000000000000e+03 0.000000000000000000e+00 0.000000000000000000e+00 9.500793821084734478e-14
1.143000000000000000e+03 0.000000000000000000e+00 0.000000000000000000e+00 9.484290726503891533e-14
1.144000000000000000e+03 0.000000000000000000e+00 0.000000000000000000e+00 9.467839538711586812e-14
1.145000000000000000e+03 0.000000000000000000e+00 0.000000000000000000e+00 9.451440086784256392e-14
1.146000000000000000e+03 0.000000000000000000e+00 0.000000000000000000e+00 9.435092108677957298e-14
1.147000000000000000e+03 0.000000000000000000e+00 0.000000000000000000e+00 9.418795425399516521e-14
1.148000000000000000e+03 0.000000000000000000e+00 0.000000000000000000e+00 9.402549767863542915e-14
1.149000000000000000e+03 0.000000000000000000e+00 0.000000000000000000e+00 9.386354949106536003e-14
1.150000000000000000e+03 0.000000000000000000e+00 0.000000000000000000e+00 9.370210692445690020e-14
1.151000000000000000e+03 0.000000000000000000e+00 0.000000000000000000e+00 9.354116804598721067e-14
1.152000000000000000e+03 0.000000000000000000e+00 0.000000000000000000e+00 9.338073002904103376e-14
1.153000000000000000e+03 0.000000000000000000e+00 0.000000000000000000e+00 9.322079086425493168e-14
1.154000000000000000e+03 0.000000000000000000e+00 0.000000000000000000e+00 9.306134765706864046e-14
1.155000000000000000e+03 0.000000000000000000e+00 0.000000000000000000e+00 9.290239832968560677e-14
1.156000000000000000e+03 0.000000000000000000e+00 0.000000000000000000e+00 9.274393994783245327e-14
1.157000000000000000e+03 0.000000000000000000e+00 0.000000000000000000e+00 9.258597036220829257e-14
1.158000000000000000e+03 0.000000000000000000e+00 0.000000000000000000e+00 9.242848658034114907e-14
1.159000000000000000e+03 0.000000000000000000e+00 0.000000000000000000e+00 9.227148638985818165e-14
1.160000000000000000e+03 0.000000000000000000e+00 0.000000000000000000e+00 9.211496674953275632e-14
1.161000000000000000e+03 0.000000000000000000e+00 0.000000000000000000e+00 9.195892539975852454e-14
1.162000000000000000e+03 0.000000000000000000e+00 0.000000000000000000e+00 9.180335924667675956e-14
1.163000000000000000e+03 0.000000000000000000e+00 0.000000000000000000e+00 9.164826597278505852e-14
1.164000000000000000e+03 0.000000000000000000e+00 0.000000000000000000e+00 9.149364243829540786e-14
1.165000000000000000e+03 0.000000000000000000e+00 0.000000000000000000e+00 9.133948627811314862e-14
1.166000000000000000e+03 0.000000000000000000e+00 0.000000000000000000e+00 9.118579430382065274e-14
1.167000000000000000e+03 0.000000000000000000e+00 0.000000000000000000e+00 9.103256411931327794e-14
1.168000000000000000e+03 0.000000000000000000e+00 0.000000000000000000e+00 9.087979249698621951e-14
1.169000000000000000e+03 0.000000000000000000e+00 0.000000000000000000e+00 9.072747699987032564e-14
1.170000000000000000e+03 0.000000000000000000e+00 0.000000000000000000e+00 9.057561435859345923e-14
1.171000000000000000e+03 0.000000000000000000e+00 0.000000000000000000e+00 9.042420210322509568e-14
1.172000000000000000e+03 0.000000000000000000e+00 0.000000000000000000e+00 9.027323694262886726e-14
1.173000000000000000e+03 0.000000000000000000e+00 0.000000000000000000e+00 9.012271637178956597e-14
1.174000000000000000e+03 0.000000000000000000e+00 0.000000000000000000e+00 8.997263707029774836e-14
1.175000000000000000e+03 0.000000000000000000e+00 0.000000000000000000e+00 8.982299649549064645e-14
1.176000000000000000e+03 0.000000000000000000e+00 0.000000000000000000e+00 8.967379130924645346e-14
1.177000000000000000e+03 0.000000000000000000e+00 0.000000000000000000e+00 8.952501895275893729e-14
1.178000000000000000e+03 0.000000000000000000e+00 0.000000000000000000e+00 8.937667605480095439e-14
1.179000000000000000e+03 0.000000000000000000e+00 0.000000000000000000e+00 8.922876004489520811e-14
1.180000000000000000e+03 0.000000000000000000e+00 0.000000000000000000e+00 8.908126753379131728e-14
1.181000000000000000e+03 0.000000000000000000e+00 0.000000000000000000e+00 8.893419593407576006e-14
1.182000000000000000e+03 0.000000000000000000e+00 0.000000000000000000e+00 8.878754184732485155e-14
1.183000000000000000e+03 0.000000000000000000e+00 0.000000000000000000e+00 8.864130265992977603e-14
1.184000000000000000e+03 0.000000000000000000e+00 0.000000000000000000e+00 8.849547497947015582e-14
1.185000000000000000e+03 0.000000000000000000e+00 0.000000000000000000e+00 8.835005618235578759e-14
1.186000000000000000e+03 0.000000000000000000e+00 0.000000000000000000e+00 8.820504287432639235e-14
1.187000000000000000e+03 0.000000000000000000e+00 0.000000000000000000e+00 8.806043241915548986e-14
1.188000000000000000e+03 0.000000000000000000e+00 0.000000000000000000e+00 8.791622142205521096e-14
1.189000000000000000e+03 0.000000000000000000e+00 0.000000000000000000e+00 8.777240724508755017e-14
1.190000000000000000e+03 0.000000000000000000e+00 0.000000000000000000e+00 8.762898648311561629e-14
1.191000000000000000e+03 0.000000000000000000e+00 0.000000000000000000e+00 8.748595651523200202e-14
1.192000000000000000e+03 0.000000000000000000e+00 0.000000000000000000e+00 8.734331393340492383e-14
1.193000000000000000e+03 0.000000000000000000e+00 0.000000000000000000e+00 8.720105611481987478e-14
1.194000000000000000e+03 0.000000000000000000e+00 0.000000000000000000e+00 8.705917966183891329e-14
1.195000000000000000e+03 0.000000000000000000e+00 0.000000000000000000e+00 8.691768195514617472e-14
1.196000000000000000e+03 0.000000000000000000e+00 0.000000000000000000e+00 8.677655962331680806e-14
1.197000000000000000e+03 0.000000000000000000e+00 0.000000000000000000e+00 8.663581004539810649e-14
1.198000000000000000e+03 0.000000000000000000e+00 0.000000000000000000e+00 8.649542987069341647e-14
1.199000000000000000e+03 0.000000000000000000e+00 0.000000000000000000e+00 8.635541649924612585e-14
1.200000000000000000e+03 0.000000000000000000e+00 0.000000000000000000e+00 8.621576658382177170e-14
1.201000000000000000e+03 0.000000000000000000e+00 0.000000000000000000e+00 8.607647755040151367e-14
1.202000000000000000e+03 0.000000000000000000e+00 0.000000000000000000e+00 8.593754608095754879e-14
1.203000000000000000e+03 0.000000000000000000e+00 0.000000000000000000e+00 8.579896960850845850e-14
1.204000000000000000e+03 0.000000000000000000e+00 0.000000000000000000e+00 8.566074484836033168e-14
1.205000000000000000e+03 0.000000000000000000e+00 0.000000000000000000e+00 8.552286925847218684e-14
1.206000000000000000e+03 0.000000000000000000e+00 0.000000000000000000e+00 8.538533956710401672e-14
1.207000000000000000e+03 0.000000000000000000e+00 0.000000000000000000e+00 8.524815326544144656e-14
1.208000000000000000e+03 0.000000000000000000e+00 0.000000000000000000e+00 8.511130711377379959e-14
1.209000000000000000e+03 0.000000000000000000e+00 0.000000000000000000e+00 8.497479863274226239e-14
1.210000000000000000e+03 0.000000000000000000e+00 0.000000000000000000e+00 8.483862461544497157e-14
1.211000000000000000e+03 0.000000000000000000e+00 0.000000000000000000e+00 8.470278260388756225e-14
1.212000000000000000e+03 0.000000000000000000e+00 0.000000000000000000e+00 8.456726943538175481e-14
1.213000000000000000e+03 0.000000000000000000e+00 0.000000000000000000e+00 8.443208268781622026e-14
1.214000000000000000e+03 0.000000000000000000e+00 0.000000000000000000e+00 8.429721923112042396e-14
1.215000000000000000e+03 0.000000000000000000e+00 0.000000000000000000e+00 8.416267667008400160e-14
1.216000000000000000e+03 0.000000000000000000e+00 0.000000000000000000e+00 8.402845192982065934e-14
1.217000000000000000e+03 0.000000000000000000e+00 0.000000000000000000e+00 8.389454264816604729e-14
1.218000000000000000e+03 0.000000000000000000e+00 0.000000000000000000e+00 8.376094578229286325e-14
1.219000000000000000e+03 0.000000000000000000e+00 0.000000000000000000e+00 8.362765902322557133e-14
1.220000000000000000e+03 0.000000000000000000e+00 0.000000000000000000e+00 8.349467936764959942e-14
1.221000000000000000e+03 0.000000000000000000e+00 0.000000000000000000e+00 8.336200454639391927e-14
1.222000000000000000e+03 0.000000000000000000e+00 0.000000000000000000e+00 8.322963160681331511e-14
1.223000000000000000e+03 0.000000000000000000e+00 0.000000000000000000e+00 8.309755832317175569e-14
1.224000000000000000e+03 0.000000000000000000e+00 0.000000000000000000e+00 8.296578177567797410e-14
1.225000000000000000e+03 0.000000000000000000e+00 0.000000000000000000e+00 8.283429979234421325e-14
1.226000000000000000e+03 0.000000000000000000e+00 0.000000000000000000e+00 8.270310950411189867e-14
1.227000000000000000e+03 0.000000000000000000e+00 0.000000000000000000e+00 8.257220877361534339e-14
1.228000000000000000e+03 0.000000000000000000e+00 0.000000000000000000e+00 8.244159478187757113e-14
1.229000000000000000e+03 0.000000000000000000e+00 0.000000000000000000e+00 8.231126544230629256e-14
1.230000000000000000e+03 0.000000000000000000e+00 0.000000000000000000e+00 8.218121798729795561e-14
1.231000000000000000e+03 0.000000000000000000e+00 0.000000000000000000e+00 8.205145038035619483e-14
1.232000000000000000e+03 0.000000000000000000e+00 0.000000000000000000e+00 8.192195990659563142e-14
1.233000000000000000e+03 0.000000000000000000e+00 0.000000000000000000e+00 8.179274458067444993e-14
1.234000000000000000e+03 0.000000000000000000e+00 0.000000000000000000e+00 8.166380174181975964e-14
1.235000000000000000e+03 0.000000000000000000e+00 0.000000000000000000e+00 8.153512945565104312e-14
1.236000000000000000e+03 0.000000000000000000e+00 0.000000000000000000e+00 8.140672511659388782e-14
1.237000000000000000e+03 0.000000000000000000e+00 0.000000000000000000e+00 8.127858684410375917e-14
1.238000000000000000e+03 0.000000000000000000e+00 0.000000000000000000e+00 8.115071208757794738e-14
1.239000000000000000e+03 0.000000000000000000e+00 0.000000000000000000e+00 8.102309901171377240e-14
1.240000000000000000e+03 0.000000000000000000e+00 0.000000000000000000e+00 8.089574513020601458e-14
1.241000000000000000e+03 0.000000000000000000e+00 0.000000000000000000e+00 8.076864865927291610e-14
1.242000000000000000e+03 0.000000000000000000e+00 0.000000000000000000e+00 8.064180716489841650e-14
1.243000000000000000e+03 0.000000000000000000e+00 0.000000000000000000e+00 8.051521892283048639e-14
1.244000000000000000e+03 0.000000000000000000e+00 0.000000000000000000e+00 8.038888155648213922e-14
1.245000000000000000e+03 0.000000000000000000e+00 0.000000000000000000e+00 8.026279338974261102e-14
1.246000000000000000e+03 0.000000000000000000e+00 0.000000000000000000e+00 8.013695211181808566e-14
1.247000000000000000e+03 0.000000000000000000e+00 0.000000000000000000e+00 8.001135610564259906e-14
1.248000000000000000e+03 0.000000000000000000e+00 0.000000000000000000e+00 7.988600312266266534e-14
1.249000000000000000e+03 0.000000000000000000e+00 0.000000000000000000e+00 7.976089159595632065e-14
1.250000000000000000e+03 0.000000000000000000e+00 0.000000000000000000e+00 7.963601932887275955e-14
1.251000000000000000e+03 0.000000000000000000e+00 0.000000000000000000e+00 7.951138482401499296e-14
1.252000000000000000e+03 0.000000000000000000e+00 0.000000000000000000e+00 7.938698593272156516e-14
1.253000000000000000e+03 0.000000000000000000e+00 0.000000000000000000e+00 7.926282121002873643e-14
1.254000000000000000e+03 0.000000000000000000e+00 0.000000000000000000e+00 7.913888856906316837e-14
1.255000000000000000e+03 0.000000000000000000e+00 0.000000000000000000e+00 7.901518661399043179e-14
1.256000000000000000e+03 0.000000000000000000e+00 0.000000000000000000e+00 7.889171331504635070e-14
1.257000000000000000e+03 0.000000000000000000e+00 0.000000000000000000e+00 7.876846733542283011e-14
1.258000000000000000e+03 0.000000000000000000e+00 0.000000000000000000e+00 7.864544670398931438e-14
1.259000000000000000e+03 0.000000000000000000e+00 0.000000000000000000e+00 7.852265013866408185e-14
1.260000000000000000e+03 0.000000000000000000e+00 0.000000000000000000e+00 7.840007573361997197e-14
1.261000000000000000e+03 0.000000000000000000e+00 0.000000000000000000e+00 7.827772225555447084e-14
1.262000000000000000e+03 0.000000000000000000e+00 0.000000000000000000e+00 7.815558785814822236e-14
1.263000000000000000e+03 0.000000000000000000e+00 0.000000000000000000e+00 7.803367136717529411e-14
1.264000000000000000e+03 0.000000000000000000e+00 0.000000000000000000e+00 7.791197099547938327e-14
1.265000000000000000e+03 0.000000000000000000e+00 0.000000000000000000e+00 7.779048562288295215e-14
1.266000000000000000e+03 0.000000000000000000e+00 0.000000000000000000e+00 7.766921351979901235e-14
1.267000000000000000e+03 0.000000000000000000e+00 0.000000000000000000e+00 7.754815362116063157e-14
1.268000000000000000e+03 0.000000000000000000e+00 0.000000000000000000e+00 7.742730425409046680e-14
1.269000000000000000e+03 0.000000000000000000e+00 0.000000000000000000e+00 7.730666440683257851e-14
1.270000000000000000e+03 0.000000000000000000e+00 0.000000000000000000e+00 7.718623246319588092e-14
1.271000000000000000e+03 0.000000000000000000e+00 0.000000000000000000e+00 7.706600746974692809e-14
1.272000000000000000e+03 0.000000000000000000e+00 0.000000000000000000e+00 7.694598786672758506e-14
1.273000000000000000e+03 0.000000000000000000e+00 0.000000000000000000e+00 7.682617275600900798e-14
1.274000000000000000e+03 0.000000000000000000e+00 0.000000000000000000e+00 7.670656063946460608e-14
1.275000000000000000e+03 0.000000000000000000e+00 0.000000000000000000e+00 7.658715067227283010e-14
1.276000000000000000e+03 0.000000000000000000e+00 0.000000000000000000e+00 7.646794141338729733e-14
1.277000000000000000e+03 0.000000000000000000e+00 0.000000000000000000e+00 7.634893207655551847e-14
1.278000000000000000e+03 0.000000000000000000e+00 0.000000000000000000e+00 7.623012126925924624e-14
1.279000000000000000e+03 0.000000000000000000e+00 0.000000000000000000e+00 7.611150826012973293e-14
1.280000000000000000e+03 0.000000000000000000e+00 0.000000000000000000e+00 7.599309171400136770e-14
1.281000000000000000e+03 0.000000000000000000e+00 0.000000000000000000e+00 7.587487095193817256e-14
1.282000000000000000e+03 0.000000000000000000e+00 0.000000000000000000e+00 7.575684469222385149e-14
1.283000000000000000e+03 0.000000000000000000e+00 0.000000000000000000e+00 7.563901230000786139e-14
1.284000000000000000e+03 0.000000000000000000e+00 0.000000000000000000e+00 7.552137255213933109e-14
1.285000000000000000e+03 0.000000000000000000e+00 0.000000000000000000e+00 7.540392486549397078e-14
1.286000000000000000e+03 0.000000000000000000e+00 0.000000000000000000e+00 7.528666807279286012e-14
1.287000000000000000e+03 0.000000000000000000e+00 0.000000000000000000e+00 7.516960164482569472e-14
1.288000000000000000e+03 0.000000000000000000e+00 0.000000000000000000e+00 7.505272446576488002e-14
1.289000000000000000e+03 0.000000000000000000e+00 0.000000000000000000e+00 7.493603607092740645e-14
1.290000000000000000e+03 0.000000000000000000e+00 0.000000000000000000e+00 7.481953539456345322e-14
1.291000000000000000e+03 0.000000000000000000e+00 0.000000000000000000e+00 7.470322202436803986e-14
1.292000000000000000e+03 0.000000000000000000e+00 0.000000000000000000e+00 7.458709495605811251e-14
1.293000000000000000e+03 0.000000000000000000e+00 0.000000000000000000e+00 7.447115382236611029e-14
1.294000000000000000e+03 0.000000000000000000e+00 0.000000000000000000e+00 7.435539767672745794e-14
1.295000000000000000e+03 0.000000000000000000e+00 0.000000000000000000e+00 7.423982620231491619e-14
1.296000000000000000e+03 0.000000000000000000e+00 0.000000000000000000e+00 7.412443851269237735e-14
1.297000000000000000e+03 0.000000000000000000e+00 0.000000000000000000e+00 7.400923433628153747e-14
1.298000000000000000e+03 0.000000000000000000e+00 0.000000000000000000e+00 7.389421283842085826e-14
1.299000000000000000e+03 0.000000000000000000e+00 0.000000000000000000e+00 7.377937379695380547e-14
1.300000000000000000e+03 0.000000000000000000e+00 0.000000000000000000e+00 7.366471643869238563e-14
1.301000000000000000e+03 0.000000000000000000e+00 0.000000000000000000e+00 7.355024058540828254e-14
1.302000000000000000e+03 0.000000000000000000e+00 0.000000000000000000e+00 7.343594552139023648e-14
1.303000000000000000e+03 0.000000000000000000e+00 0.000000000000000000e+00 7.332183111571274480e-14
1.304000000000000000e+03 0.000000000000000000e+00 0.000000000000000000e+00 7.320789670214248433e-14
1.305000000000000000e+03 0.000000000000000000e+00 0.000000000000000000e+00 7.309414220270373530e-14
1.306000000000000000e+03 0.000000000000000000e+00 0.000000000000000000e+00 7.298056700420692648e-14
1.307000000000000000e+03 0.000000000000000000e+00 0.000000000000000000e+00 7.286717107880708545e-14
1.308000000000000000e+03 0.000000000000000000e+00 0.000000000000000000e+00 7.275395385747840663e-14
1.309000000000000000e+03 0.000000000000000000e+00 0.000000000000000000e+00 7.264091536720217966e-14
1.310000000000000000e+03 0.000000000000000000e+00 0.000000000000000000e+00 7.252805508634492611e-14
1.311000000000000000e+03 0.000000000000000000e+00 0.000000000000000000e+00 7.241537308531965097e-14
1.312000000000000000e+03 0.000000000000000000e+00 0.000000000000000000e+00 7.230286889495805824e-14
1.313000000000000000e+03 0.000000000000000000e+00 0.000000000000000000e+00 7.219054263047414142e-14
1.314000000000000000e+03 0.000000000000000000e+00 0.000000000000000000e+00 7.207839387182746358e-14
1.315000000000000000e+03 0.000000000000000000e+00 0.000000000000000000e+00 7.196642277043237814e-14
1.316000000000000000e+03 0.000000000000000000e+00 0.000000000000000000e+00 7.185462895253188934e-14
1.317000000000000000e+03 0.000000000000000000e+00 0.000000000000000000e+00 7.174301261432464054e-14
1.318000000000000000e+03 0.000000000000000000e+00 0.000000000000000000e+00 7.163157342133449144e-14
1.319000000000000000e+03 0.000000000000000000e+00 0.000000000000000000e+00 7.152031161620301531e-14
1.320000000000000000e+03 0.000000000000000000e+00 0.000000000000000000e+00 7.140922690306334796e-14
1.321000000000000000e+03 0.000000000000000000e+00 0.000000000000000000e+00 7.129831956054281456e-14
1.322000000000000000e+03 0.000000000000000000e+00 0.000000000000000000e+00 7.118758934244705212e-14
1.323000000000000000e+03 0.000000000000000000e+00 0.000000000000000000e+00 7.107703656305073534e-14
1.324000000000000000e+03 0.000000000000000000e+00 0.000000000000000000e+00 7.096666101977844796e-14
1.325000000000000000e+03 0.000000000000000000e+00 0.000000000000000000e+00 7.085646307045812769e-14
1.326000000000000000e+03 0.000000000000000000e+00 0.000000000000000000e+00 7.074644254701556230e-14
1.327000000000000000e+03 0.000000000000000000e+00 0.000000000000000000e+00 7.063659984462563666e-14
1.328000000000000000e+03 0.000000000000000000e+00 0.000000000000000000e+00 7.052693483328623193e-14
1.329000000000000000e+03 0.000000000000000000e+00 0.000000000000000000e+00 7.041744794252742830e-14
1.330000000000000000e+03 0.000000000000000000e+00 0.000000000000000000e+00 7.030813907615784941e-14
1.331000000000000000e+03 0.000000000000000000e+00 0.000000000000000000e+00 7.019900870054162421e-14
1.332000000000000000e+03 0.000000000000000000e+00 0.000000000000000000e+00 7.009005675712889048e-14
1.333000000000000000e+03 0.000000000000000000e+00 0.000000000000000000e+00 6.998128374244519862e-14
1.334000000000000000e+03 0.000000000000000000e+00 0.000000000000000000e+00 6.987268962967467997e-14
1.335000000000000000e+03 0.000000000000000000e+00 0.000000000000000000e+00 6.976427494892051586e-14
1.336000000000000000e+03 0.000000000000000000e+00 0.000000000000000000e+00 6.965603971196047534e-14
1.337000000000000000e+03 0.000000000000000000e+00 0.000000000000000000e+00 6.954798447637721082e-14
1.338000000000000000e+03 0.000000000000000000e+00 0.000000000000000000e+00 6.944010927975430250e-14
1.339000000000000000e+03 0.000000000000000000e+00 0.000000000000000000e+00 6.933241471359699943e-14
1.340000000000000000e+03 0.000000000000000000e+00 0.000000000000000000e+00 6.922490085053087839e-14
1.341000000000000000e+03 0.000000000000000000e+00 0.000000000000000000e+00 6.911756830230996045e-14
1.342000000000000000e+03 0.000000000000000000e+00 0.000000000000000000e+00 6.901041717279417041e-14
1.343000000000000000e+03 0.000000000000000000e+00 0.000000000000000000e+00 6.890344809886359481e-14
1.344000000000000000e+03 0.000000000000000000e+00 0.000000000000000000e+00 6.879666120817734728e-14
1.345000000000000000e+03 0.000000000000000000e+00 0.000000000000000000e+00 6.869005716214555443e-14
1.346000000000000000e+03 0.000000000000000000e+00 0.000000000000000000e+00 6.858363610865114865e-14
1.347000000000000000e+03 0.000000000000000000e+00 0.000000000000000000e+00 6.847739873172546778e-14
1.348000000000000000e+03 0.000000000000000000e+00 0.000000000000000000e+00 6.837134520758978918e-14
1.349000000000000000e+03 0.000000000000000000e+00 0.000000000000000000e+00 6.826547624087337884e-14
1.350000000000000000e+03 0.000000000000000000e+00 0.000000000000000000e+00 6.815979203157494302e-14
1.351000000000000000e+03 0.000000000000000000e+00 0.000000000000000000e+00 6.805429329945250953e-14
1.352000000000000000e+03 0.000000000000000000e+00 0.000000000000000000e+00 6.794898027184937940e-14
1.353000000000000000e+03 0.000000000000000000e+00 0.000000000000000000e+00 6.784385368869128282e-14
1.354000000000000000e+03 0.000000000000000000e+00 0.000000000000000000e+00 6.773891379998859958e-14
1.355000000000000000e+03 0.000000000000000000e+00 0.000000000000000000e+00 6.763416135716173513e-14
1.356000000000000000e+03 0.000000000000000000e+00 0.000000000000000000e+00 6.752959663024405035e-14
1.357000000000000000e+03 0.000000000000000000e+00 0.000000000000000000e+00 6.742522039207466024e-14
1.358000000000000000e+03 0.000000000000000000e+00 0.000000000000000000e+00 6.732103292423145695e-14
1.359000000000000000e+03 0.000000000000000000e+00 0.000000000000000000e+00 6.721703501045051399e-14
1.360000000000000000e+03 0.000000000000000000e+00 0.000000000000000000e+00 6.711322694878986085e-14
1.361000000000000000e+03 0.000000000000000000e+00 0.000000000000000000e+00 6.700960953216444099e-14
1.362000000000000000e+03 0.000000000000000000e+00 0.000000000000000000e+00 6.690618307735934956e-14
1.363000000000000000e+03 0.000000000000000000e+00 0.000000000000000000e+00 6.680294838388258963e-14
1.364000000000000000e+03 0.000000000000000000e+00 0.000000000000000000e+00 6.669990578151425671e-14
1.365000000000000000e+03 0.000000000000000000e+00 0.000000000000000000e+00 6.659705607976546357e-14
1.366000000000000000e+03 0.000000000000000000e+00 0.000000000000000000e+00 6.649439961734347223e-14
1.367000000000000000e+03 0.000000000000000000e+00 0.000000000000000000e+00 6.639193720892498288e-14
1.368000000000000000e+03 0.000000000000000000e+00 0.000000000000000000e+00 6.628966920480819910e-14
1.369000000000000000e+03 0.000000000000000000e+00 0.000000000000000000e+00 6.618759642202370628e-14
1.370000000000000000e+03 0.000000000000000000e+00 0.000000000000000000e+00 6.608571921067455011e-14
1.371000000000000000e+03 0.000000000000000000e+00 0.000000000000000000e+00 6.598403839234544157e-14
1.372000000000000000e+03 0.000000000000000000e+00 0.000000000000000000e+00 6.588255432201187303e-14
1.373000000000000000e+03 0.000000000000000000e+00 0.000000000000000000e+00 6.578126781436507238e-14
1.374000000000000000e+03 0.000000000000000000e+00 0.000000000000000000e+00 6.568017922478195491e-14
1.375000000000000000e+03 0.000000000000000000e+00 0.000000000000000000e+00 6.557928936676563561e-14
1.376000000000000000e+03 0.000000000000000000e+00 0.000000000000000000e+00 6.547859859140718005e-14
1.377000000000000000e+03 0.000000000000000000e+00 0.000000000000000000e+00 6.537810771591536785e-14
1.378000000000000000e+03 0.000000000000000000e+00 0.000000000000000000e+00 6.527781708117036262e-14
1.379000000000000000e+03 0.000000000000000000e+00 0.000000000000000000e+00 6.517772750313123684e-14
1.380000000000000000e+03 0.000000000000000000e+00 0.000000000000000000e+00 6.507783931779667022e-14
1.381000000000000000e+03 0.000000000000000000e+00 0.000000000000000000e+00 6.497815333343825416e-14
1.382000000000000000e+03 0.000000000000000000e+00 0.000000000000000000e+00 6.487866987555489186e-14
1.383000000000000000e+03 0.000000000000000000e+00 0.000000000000000000e+00 6.477938974797720338e-14
1.384000000000000000e+03 0.000000000000000000e+00 0.000000000000000000e+00 6.468031326627232048e-14
1.385000000000000000e+03 0.000000000000000000e+00 0.000000000000000000e+00 6.458144122271341987e-14
1.386000000000000000e+03 0.000000000000000000e+00 0.000000000000000000e+00 6.448277391976979075e-14
1.387000000000000000e+03 0.000000000000000000e+00 0.000000000000000000e+00 6.438431213419925567e-14
1.388000000000000000e+03 0.000000000000000000e+00 0.000000000000000000e+00 6.428605616056771470e-14
1.389000000000000000e+03 0.000000000000000000e+00 0.000000000000000000e+00 6.418800675857408156e-14
1.390000000000000000e+03 0.000000000000000000e+00 0.000000000000000000e+00 6.409016420789134497e-14
1.391000000000000000e+03 0.000000000000000000e+00 0.000000000000000000e+00 6.399252924647151774e-14
1.392000000000000000e+03 0.000000000000000000e+00 0.000000000000000000e+00 6.389510214111336600e-14
1.393000000000000000e+03 0.000000000000000000e+00 0.000000000000000000e+00 6.379788361083434758e-14
1.394000000000000000e+03 0.000000000000000000e+00 0.000000000000000000e+00 6.370087390238568551e-14
1.395000000000000000e+03 0.000000000000000000e+00 0.000000000000000000e+00 6.360407371677967440e-14
1.396000000000000000e+03 0.000000000000000000e+00 0.000000000000000000e+00 6.350748328366807470e-14
1.397000000000000000e+03 0.000000000000000000e+00 0.000000000000000000e+00 6.341110327530289013e-14
1.398000000000000000e+03 0.000000000000000000e+00 0.000000000000000000e+00 6.331493390358887104e-14
1.399000000000000000e+03 0.000000000000000000e+00 0.000000000000000000e+00 6.321897581550671690e-14
1.400000000000000000e+03 0.000000000000000000e+00 0.000000000000000000e+00 6.312322920434071595e-14
1.401000000000000000e+03 0.000000000000000000e+00 0.000000000000000000e+00 6.302769468983921829e-14
1.402000000000000000e+03 0.000000000000000000e+00 0.000000000000000000e+00 6.293237244075837798e-14
1.403000000000000000e+03 0.000000000000000000e+00 0.000000000000000000e+00 6.283726305454487937e-14
1.404000000000000000e+03 0.000000000000000000e+00 0.000000000000000000e+00 6.274236667293039518e-14
1.405000000000000000e+03 0.000000000000000000e+00 0.000000000000000000e+00 6.264768386484721626e-14
1.406000000000000000e+03 0.000000000000000000e+00 0.000000000000000000e+00 6.255321474279641191e-14
1.407000000000000000e+03 0.000000000000000000e+00 0.000000000000000000e+00 6.245895984875772313e-14
1.408000000000000000e+03 0.000000000000000000e+00 0.000000000000000000e+00 6.236491926338208005e-14
1.409000000000000000e+03 0.000000000000000000e+00 0.000000000000000000e+00 6.227109350241976267e-14
1.410000000000000000e+03 0.000000000000000000e+00 0.000000000000000000e+00 6.217748261767717252e-14
1.411000000000000000e+03 0.000000000000000000e+00 0.000000000000000000e+00 6.208408708793079257e-14
1.412000000000000000e+03 0.000000000000000000e+00 0.000000000000000000e+00 6.199090694258037066e-14
1.413000000000000000e+03 0.000000000000000000e+00 0.000000000000000000e+00 6.189794262473665030e-14
1.414000000000000000e+03 0.000000000000000000e+00 0.000000000000000000e+00 6.180519413019112801e-14
1.415000000000000000e+03 0.000000000000000000e+00 0.000000000000000000e+00 6.171266187674390097e-14
1.416000000000000000e+03 0.000000000000000000e+00 0.000000000000000000e+00 6.162034582605906813e-14
1.417000000000000000e+03 0.000000000000000000e+00 0.000000000000000000e+00 6.152824636078046518e-14
1.418000000000000000e+03 0.000000000000000000e+00 0.000000000000000000e+00 6.143636341046692799e-14
1.419000000000000000e+03 0.000000000000000000e+00 0.000000000000000000e+00 6.134469732138258953e-14
1.420000000000000000e+03 0.000000000000000000e+00 0.000000000000000000e+00 6.125324799305403545e-14
1.421000000000000000e+03 0.000000000000000000e+00 0.000000000000000000e+00 6.116201573818413824e-14
1.422000000000000000e+03 0.000000000000000000e+00 0.000000000000000000e+00 6.107100041825520859e-14
1.423000000000000000e+03 0.000000000000000000e+00 0.000000000000000000e+00 6.098020230925893059e-14
1.424000000000000000e+03 0.000000000000000000e+00 0.000000000000000000e+00 6.088962123986184694e-14
1.425000000000000000e+03 0.000000000000000000e+00 0.000000000000000000e+00 6.079925745278377327e-14
1.426000000000000000e+03 0.000000000000000000e+00 0.000000000000000000e+00 6.070911073609636913e-14
1.427000000000000000e+03 0.000000000000000000e+00 0.000000000000000000e+00 6.061918130056418427e-14
1.428000000000000000e+03 0.000000000000000000e+00 0.000000000000000000e+00 6.052946889569998826e-14
1.429000000000000000e+03 0.000000000000000000e+00 0.000000000000000000e+00 6.043997369655445197e-14
1.430000000000000000e+03 0.000000000000000000e+00 0.000000000000000000e+00 6.035069542300469617e-14
1.431000000000000000e+03 0.000000000000000000e+00 0.000000000000000000e+00 6.026163420432018357e-14
1.432000000000000000e+03 0.000000000000000000e+00 0.000000000000000000e+00 6.017278972959548334e-14
1.433000000000000000e+03 0.000000000000000000e+00 0.000000000000000000e+00 6.008416208738331181e-14
1.434000000000000000e+03 0.000000000000000000e+00 0.000000000000000000e+00 5.999575092795103451e-14
1.435000000000000000e+03 0.000000000000000000e+00 0.000000000000000000e+00 5.990755630364036768e-14
1.436000000000000000e+03 0.000000000000000000e+00 0.000000000000000000e+00 5.981957782784803759e-14
1.437000000000000000e+03 0.000000000000000000e+00 0.000000000000000000e+00 5.973181551447102182e-14
1.438000000000000000e+03 0.000000000000000000e+00 0.000000000000000000e+00 5.964426893653608352e-14
1.439000000000000000e+03 0.000000000000000000e+00 0.000000000000000000e+00 5.955693806903667278e-14
1.440000000000000000e+03 0.000000000000000000e+00 0.000000000000000000e+00 5.946982244768943589e-14
1.441000000000000000e+03 0.000000000000000000e+00 0.000000000000000000e+00 5.938292201304596649e-14
1.442000000000000000e+03 0.000000000000000000e+00 0.000000000000000000e+00 5.929623626014423177e-14
1.443000000000000000e+03 0.000000000000000000e+00 0.000000000000000000e+00 5.920976509376235908e-14
1.444000000000000000e+03 0.000000000000000000e+00 0.000000000000000000e+00 5.912350797834822084e-14
1.445000000000000000e+03 0.000000000000000000e+00 0.000000000000000000e+00 5.903746477229373674e-14
1.446000000000000000e+03 0.000000000000000000e+00 0.000000000000000000e+00 5.895163490995181136e-14
1.447000000000000000e+03 0.000000000000000000e+00 0.000000000000000000e+00 5.886601820979915120e-14
1.448000000000000000e+03 0.000000000000000000e+00 0.000000000000000000e+00 5.878061406708260433e-14
1.449000000000000000e+03 0.000000000000000000e+00 0.000000000000000000e+00 5.869542226516454527e-14
1.450000000000000000e+03 0.000000000000000000e+00 0.000000000000000000e+00 5.861044216103912376e-14
1.451000000000000000e+03 0.000000000000000000e+00 0.000000000000000000e+00 5.852567350278383694e-14
1.452000000000000000e+03 0.000000000000000000e+00 0.000000000000000000e+00 5.844111561226715560e-14
1.453000000000000000e+03 0.000000000000000000e+00 0.000000000000000000e+00 5.835676820016004230e-14
1.454000000000000000e+03 0.000000000000000000e+00 0.000000000000000000e+00 5.827263055568968326e-14
1.455000000000000000e+03 0.000000000000000000e+00 0.000000000000000000e+00 5.818870235118193869e-14
1.456000000000000000e+03 0.000000000000000000e+00 0.000000000000000000e+00 5.810498284136463355e-14
1.457000000000000000e+03 0.000000000000000000e+00 0.000000000000000000e+00 5.802147166740543983e-14
1.458000000000000000e+03 0.000000000000000000e+00 0.000000000000000000e+00 5.793816804951626149e-14
1.459000000000000000e+03 0.000000000000000000e+00 0.000000000000000000e+00 5.785507159067441110e-14
1.460000000000000000e+03 0.000000000000000000e+00 0.000000000000000000e+00 5.777218148419120663e-14
1.461000000000000000e+03 0.000000000000000000e+00 0.000000000000000000e+00 5.768949729628955531e-14
1.462000000000000000e+03 0.000000000000000000e+00 0.000000000000000000e+00 5.760701818620680550e-14
1.463000000000000000e+03 0.000000000000000000e+00 0.000000000000000000e+00 5.752474368844841802e-14
1.464000000000000000e+03 0.000000000000000000e+00 0.000000000000000000e+00 5.744267292968078518e-14
1.465000000000000000e+03 0.000000000000000000e+00 0.000000000000000000e+00 5.736080540856140778e-14
1.466000000000000000e+03 0.000000000000000000e+00 0.000000000000000000e+00 5.727914022359707013e-14
1.467000000000000000e+03 0.000000000000000000e+00 0.000000000000000000e+00 5.719767684439791252e-14
1.468000000000000000e+03 0.000000000000000000e+00 0.000000000000000000e+00 5.711641433352730077e-14
1.469000000000000000e+03 0.000000000000000000e+00 0.000000000000000000e+00 5.703535213453547509e-14
1.470000000000000000e+03 0.000000000000000000e+00 0.000000000000000000e+00 5.695448928310270906e-14
1.471000000000000000e+03 0.000000000000000000e+00 0.000000000000000000e+00 5.687382519185650124e-14
1.472000000000000000e+03 0.000000000000000000e+00 0.000000000000000000e+00 5.679335886981555777e-14
1.473000000000000000e+03 0.000000000000000000e+00 0.000000000000000000e+00 5.671308970230033219e-14
1.474000000000000000e+03 0.000000000000000000e+00 0.000000000000000000e+00 5.663301666970575685e-14
1.475000000000000000e+03 0.000000000000000000e+00 0.000000000000000000e+00 5.655313913440489588e-14
1.476000000000000000e+03 0.000000000000000000e+00 0.000000000000000000e+00 5.647345605213174113e-14
1.477000000000000000e+03 0.000000000000000000e+00 0.000000000000000000e+00 5.639396675583942667e-14
1.478000000000000000e+03 0.000000000000000000e+00 0.000000000000000000e+00 5.631467018130664122e-14
1.479000000000000000e+03 0.000000000000000000e+00 0.000000000000000000e+00 5.623556563694624884e-14
1.480000000000000000e+03 0.000000000000000000e+00 0.000000000000000000e+00 5.615665203308767961e-14
1.481000000000000000e+03 0.000000000000000000e+00 0.000000000000000000e+00 5.607792865681178702e-14
1.482000000000000000e+03 0.000000000000000000e+00 0.000000000000000000e+00 5.599939439775960011e-14
1.483000000000000000e+03 0.000000000000000000e+00 0.000000000000000000e+00 5.592104851972347314e-14
1.484000000000000000e+03 0.000000000000000000e+00 0.000000000000000000e+00 5.584288989434845427e-14
1.485000000000000000e+03 0.000000000000000000e+00 0.000000000000000000e+00 5.576491776419045926e-14
1.486000000000000000e+03 0.000000000000000000e+00 0.000000000000000000e+00 5.568713098196222163e-14
1.487000000000000000e+03 0.000000000000000000e+00 0.000000000000000000e+00 5.560952876883830176e-14
1.488000000000000000e+03 0.000000000000000000e+00 0.000000000000000000e+00 5.553210996322922719e-14
1.489000000000000000e+03 0.000000000000000000e+00 0.000000000000000000e+00 5.545487377402977078e-14
1.490000000000000000e+03 0.000000000000000000e+00 0.000000000000000000e+00 5.537781901790590050e-14
1.491000000000000000e+03 0.000000000000000000e+00 0.000000000000000000e+00 5.530094488838068979e-14
1.492000000000000000e+03 0.000000000000000000e+00 0.000000000000000000e+00 5.522425019216199356e-14
1.493000000000000000e+03 0.000000000000000000e+00 0.000000000000000000e+00 5.514773410873014508e-14
1.494000000000000000e+03 0.000000000000000000e+00 0.000000000000000000e+00 5.507139542917570534e-14
1.495000000000000000e+03 0.000000000000000000e+00 0.000000000000000000e+00 5.499523331773952761e-14
1.496000000000000000e+03 0.000000000000000000e+00 0.000000000000000000e+00 5.491924655964087046e-14
1.497000000000000000e+03 0.000000000000000000e+00 0.000000000000000000e+00 5.484343430240620863e-14
1.498000000000000000e+03 0.000000000000000000e+00 0.000000000000000000e+00 5.476779532096357376e-14
1.499000000000000000e+03 0.000000000000000000e+00 0.000000000000000000e+00 5.469232875411022765e-14
1.500000000000000000e+03 0.000000000000000000e+00 0.000000000000000000e+00 5.461703336538273493e-14
1.501000000000000000e+03 0.000000000000000000e+00 0.000000000000000000e+00 5.454190828478397195e-14
1.502000000000000000e+03 0.000000000000000000e+00 0.000000000000000000e+00 5.446695226825982497e-14
1.503000000000000000e+03 0.000000000000000000e+00 0.000000000000000000e+00 5.439216443951625540e-14
1.504000000000000000e+03 0.000000000000000000e+00 0.000000000000000000e+00 5.431754354551620103e-14
1.505000000000000000e+03 0.000000000000000000e+00 0.000000000000000000e+00 5.424308870522856403e-14
1.506000000000000000e+03 0.000000000000000000e+00 0.000000000000000000e+00 5.416879866111752205e-14
1.507000000000000000e+03 0.000000000000000000e+00 0.000000000000000000e+00 5.409467252913132788e-14
1.508000000000000000e+03 0.000000000000000000e+00 0.000000000000000000e+00 5.402070904568882144e-14
1.509000000000000000e+03 0.000000000000000000e+00 0.000000000000000000e+00 5.394690733160572923e-14
1.510000000000000000e+03 0.000000000000000000e+00 0.000000000000000000e+00 5.387326612162179130e-14
1.511000000000000000e+03 0.000000000000000000e+00 0.000000000000000000e+00 5.379978449706663601e-14
1.512000000000000000e+03 0.000000000000000000e+00 0.000000000000000000e+00 5.372646122711484845e-14
1.513000000000000000e+03 0.000000000000000000e+00 0.000000000000000000e+00 5.365329540899335235e-14
1.514000000000000000e+03 0.000000000000000000e+00 0.000000000000000000e+00 5.358028577326861159e-14
1.515000000000000000e+03 0.000000000000000000e+00 0.000000000000000000e+00 5.350743142756754499e-14
1.516000000000000000e+03 0.000000000000000000e+00 0.000000000000000000e+00 5.343473109337649925e-14
1.517000000000000000e+03 0.000000000000000000e+00 0.000000000000000000e+00 5.336218388969536299e-14
1.518000000000000000e+03 0.000000000000000000e+00 0.000000000000000000e+00 5.328978856783320534e-14
1.519000000000000000e+03 0.000000000000000000e+00 0.000000000000000000e+00 5.321754422987869349e-14
1.520000000000000000e+03 0.000000000000000000e+00 0.000000000000000000e+00 5.314544961795808864e-14
1.521000000000000000e+03 0.000000000000000000e+00 0.000000000000000000e+00 5.307350383495351951e-14
1.522000000000000000e+03 0.000000000000000000e+00 0.000000000000000000e+00 5.300170565798759093e-14
1.523000000000000000e+03 0.000000000000000000e+00 0.000000000000000000e+00 5.293005416750367445e-14
1.524000000000000000e+03 0.000000000000000000e+00 0.000000000000000000e+00 5.285854813672343246e-14
1.525000000000000000e+03 0.000000000000000000e+00 0.000000000000000000e+00 5.278718667182749251e-14
1.526000000000000000e+03 0.000000000000000000e+00 0.000000000000000000e+00 5.271596855613879885e-14
1.527000000000000000e+03 0.000000000000000000e+00 0.000000000000000000e+00 5.264489288548980264e-14
1.528000000000000000e+03 0.000000000000000000e+00 0.000000000000000000e+00 5.257395845898936894e-14
1.529000000000000000e+03 0.000000000000000000e+00 0.000000000000000000e+00 5.250316437709385395e-14
1.530000000000000000e+03 0.000000000000000000e+00 0.000000000000000000e+00 5.243250942937813287e-14
1.531000000000000000e+03 0.000000000000000000e+00 0.000000000000000000e+00 5.236199272740598848e-14
1.532000000000000000e+03 0.000000000000000000e+00 0.000000000000000000e+00 5.229161309637662337e-14
1.533000000000000000e+03 0.000000000000000000e+00 0.000000000000000000e+00 5.222136963473159249e-14
1.534000000000000000e+03 0.000000000000000000e+00 0.000000000000000000e+00 5.215126116707955716e-14
1.535000000000000000e+03 0.000000000000000000e+00 0.000000000000000000e+00 5.208128682430414112e-14
1.536000000000000000e+03 0.000000000000000000e+00 0.000000000000000000e+00 5.201144544568913464e-14
1.537000000000000000e+03 0.000000000000000000e+00 0.000000000000000000e+00 5.194173615806041873e-14
1.538000000000000000e+03 0.000000000000000000e+00 0.000000000000000000e+00 5.187215782026547100e-14
1.539000000000000000e+03 0.000000000000000000e+00 0.000000000000000000e+00 5.180270954311036385e-14
1.540000000000000000e+03 0.000000000000000000e+00 0.000000000000000000e+00 5.173339023614041228e-14
1.541000000000000000e+03 0.000000000000000000e+00 0.000000000000000000e+00 5.166419901270068486e-14
1.542000000000000000e+03 0.000000000000000000e+00 0.000000000000000000e+00 5.159513476716104680e-14
1.543000000000000000e+03 0.000000000000000000e+00 0.000000000000000000e+00 5.152619667778215146e-14
1.544000000000000000e+03 0.000000000000000000e+00 0.000000000000000000e+00 5.145738362291261025e-14
1.545000000000000000e+03 0.000000000000000000e+00 0.000000000000000000e+00 5.138869476811800740e-14
1.546000000000000000e+03 0.000000000000000000e+00 0.000000000000000000e+00 5.132012902453773750e-14
1.547000000000000000e+03 0.000000000000000000e+00 0.000000000000000000e+00 5.125168559643233117e-14
1.548000000000000000e+03 0.000000000000000000e+00 0.000000000000000000e+00 5.118336339414351842e-14
1.549000000000000000e+03 0.000000000000000000e+00 0.000000000000000000e+00 5.111516165377206089e-14
1.550000000000000000e+03 0.000000000000000000e+00 0.000000000000000000e+00 5.104707927408968658e-14
1.551000000000000000e+03 0.000000000000000000e+00 0.000000000000000000e+00 5.097911552288556719e-14
1.552000000000000000e+03 0.000000000000000000e+00 0.000000000000000000e+00 5.091126930598013639e-14
1.553000000000000000e+03 0.000000000000000000e+00 0.000000000000000000e+00 5.084353992463790363e-14
1.554000000000000000e+03 0.000000000000000000e+00 0.000000000000000000e+00 5.077592629905892423e-14
1.555000000000000000e+03 0.000000000000000000e+00 0.000000000000000000e+00 5.070842771191968346e-14
1.556000000000000000e+03 0.000000000000000000e+00 0.000000000000000000e+00 5.064104315573077394e-14
1.557000000000000000e+03 0.000000000000000000e+00 0.000000000000000000e+00 5.057377189622390453e-14
1.558000000000000000e+03 0.000000000000000000e+00 0.000000000000000000e+00 5.050661294858717217e-14
1.559000000000000000e+03 0.000000000000000000e+00 0.000000000000000000e+00 5.043956563598678068e-14
1.560000000000000000e+03 0.000000000000000000e+00 0.000000000000000000e+00 5.037262895256270540e-14
1.561000000000000000e+03 0.000000000000000000e+00 0.000000000000000000e+00 5.030580223450625974e-14
1.562000000000000000e+03 0.000000000000000000e+00 0.000000000000000000e+00 5.023908451024619861e-14
1.563000000000000000e+03 0.000000000000000000e+00 0.000000000000000000e+00 5.017247514035500794e-14
1.564000000000000000e+03 0.000000000000000000e+00 0.000000000000000000e+00 5.010597315670025773e-14
1.565000000000000000e+03 0.000000000000000000e+00 0.000000000000000000e+00 5.003957794795246661e-14
1.566000000000000000e+03 0.000000000000000000e+00 0.000000000000000000e+00 4.997328856428061349e-14
1.567000000000000000e+03 0.000000000000000000e+00 0.000000000000000000e+00 4.990710442385028448e-14
1.568000000000000000e+03 0.000000000000000000e+00 0.000000000000000000e+00 4.984102457540248771e-14
1.569000000000000000e+03 0.000000000000000000e+00 0.000000000000000000e+00 4.977504846910064215e-14
1.570000000000000000e+03 0.000000000000000000e+00 0.000000000000000000e+00 4.970917519244145721e-14
1.571000000000000000e+03 0.000000000000000000e+00 0.000000000000000000e+00 4.964340420405074046e-14
1.572000000000000000e+03 0.000000000000000000e+00 0.000000000000000000e+00 4.957773462346721036e-14
1.573000000000000000e+03 0.000000000000000000e+00 0.000000000000000000e+00 4.951216590623046761e-14
1.574000000000000000e+03 0.000000000000000000e+00 0.000000000000000000e+00 4.944669720453119329e-14
1.575000000000000000e+03 0.000000000000000000e+00 0.000000000000000000e+00 4.938132801320564599e-14
1.576000000000000000e+03 0.000000000000000000e+00 0.000000000000000000e+00 4.931605749287920324e-14
1.577000000000000000e+03 0.000000000000000000e+00 0.000000000000000000e+00 4.925088514563235955e-14
1.578000000000000000e+03 0.000000000000000000e+00 0.000000000000000000e+00 4.918581017910098570e-14
1.579000000000000000e+03 0.000000000000000000e+00 0.000000000000000000e+00 4.912083209152712419e-14
1.580000000000000000e+03 0.000000000000000000e+00 0.000000000000000000e+00 4.905595012846702543e-14
1.581000000000000000e+03 0.000000000000000000e+00 0.000000000000000000e+00 4.899116382490811269e-14
1.582000000000000000e+03 0.000000000000000000e+00 0.000000000000000000e+00 4.892647241554559315e-14
1.583000000000000000e+03 0.000000000000000000e+00 0.000000000000000000e+00 4.886187548912692141e-14
1.584000000000000000e+03 0.000000000000000000e+00 0.000000000000000000e+00 4.879737229406074271e-14
1.585000000000000000e+03 0.000000000000000000e+00 0.000000000000000000e+00 4.873296243725790147e-14
1.586000000000000000e+03 0.000000000000000000e+00 0.000000000000000000e+00 4.866864518699630974e-14
1.587000000000000000e+03 0.000000000000000000e+00 0.000000000000000000e+00 4.860442017811820566e-14
1.588000000000000000e+03 0.000000000000000000e+00 0.000000000000000000e+00 4.854028670245690683e-14
1.589000000000000000e+03 0.000000000000000000e+00 0.000000000000000000e+00 4.847624440087774956e-14
1.590000000000000000e+03 0.000000000000000000e+00 0.000000000000000000e+00 4.841229261479517734e-14
1.591000000000000000e+03 0.000000000000000000e+00 0.000000000000000000e+00 4.834843098103441637e-14
1.592000000000000000e+03 0.000000000000000000e+00 0.000000000000000000e+00 4.828465887935233037e-14
1.593000000000000000e+03 0.000000000000000000e+00 0.000000000000000000e+00 4.822097595898982536e-14
1.594000000000000000e+03 0.000000000000000000e+00 0.000000000000000000e+00 4.815738163659954692e-14
1.595000000000000000e+03 0.000000000000000000e+00 0.000000000000000000e+00 4.809387557803689089e-14
1.596000000000000000e+03 0.000000000000000000e+00 0.000000000000000000e+00 4.803045721309980329e-14
1.597000000000000000e+03 0.000000000000000000e+00 0.000000000000000000e+00 4.796712625036888515e-14
1.598000000000000000e+03 0.000000000000000000e+00 0.000000000000000000e+00 4.790388212135266110e-14
1.599000000000000000e+03 0.000000000000000000e+00 0.000000000000000000e+00 4.784072459082950780e-14
1.600000000000000000e+03 0.000000000000000000e+00 0.000000000000000000e+00 4.777765308282463861e-14
1.601000000000000000e+03 0.000000000000000000e+00 0.000000000000000000e+00 4.771466740466615487e-14
1.602000000000000000e+03 0.000000000000000000e+00 0.000000000000000000e+00 4.765176701182883812e-14
1.603000000000000000e+03 0.000000000000000000e+00 0.000000000000000000e+00 4.758895170499366469e-14
1.604000000000000000e+03 0.000000000000000000e+00 0.000000000000000000e+00 4.752622098739696808e-14
1.605000000000000000e+03 0.000000000000000000e+00 0.000000000000000000e+00 4.746357467435965144e-14
1.606000000000000000e+03 0.000000000000000000e+00 0.000000000000000000e+00 4.740101228308749377e-14
1.607000000000000000e+03 0.000000000000000000e+00 0.000000000000000000e+00 4.733853367027073453e-14
1.608000000000000000e+03 0.000000000000000000e+00 0.000000000000000000e+00 4.727613837516213003e-14
1.609000000000000000e+03 0.000000000000000000e+00 0.000000000000000000e+00 4.721382628698208220e-14
1.610000000000000000e+03 0.000000000000000000e+00 0.000000000000000000e+00 4.715159694627808266e-14
1.611000000000000000e+03 0.000000000000000000e+00 0.000000000000000000e+00 4.708945027285453180e-14
1.612000000000000000e+03 0.000000000000000000e+00 0.000000000000000000e+00 4.702738586488842893e-14
1.613000000000000000e+03 0.000000000000000000e+00 0.000000000000000000e+00 4.696540362686097418e-14
1.614000000000000000e+03 0.000000000000000000e+00 0.000000000000000000e+00 4.690350317353631162e-14
1.615000000000000000e+03 0.000000000000000000e+00 0.000000000000000000e+00 4.684168446018893723e-14
1.616000000000000000e+03 0.000000000000000000e+00 0.000000000000000000e+00 4.677994712455905489e-14
1.617000000000000000e+03 0.000000000000000000e+00 0.000000000000000000e+00 4.671829111171631077e-14
1.618000000000000000e+03 0.000000000000000000e+00 0.000000000000000000e+00 4.665671610443735017e-14
1.619000000000000000e+03 0.000000000000000000e+00 0.000000000000000000e+00 4.659522207823491454e-14
1.620000000000000000e+03 0.000000000000000000e+00 0.000000000000000000e+00 4.653380872865937719e-14
1.621000000000000000e+03 0.000000000000000000e+00 0.000000000000000000e+00 4.647247605428371399e-14
1.622000000000000000e+03 0.000000000000000000e+00 0.000000000000000000e+00 4.641122374940997321e-14
1.623000000000000000e+03 0.000000000000000000e+00 0.000000000000000000e+00 4.635005185578080538e-14
1.624000000000000000e+03 0.000000000000000000e+00 0.000000000000000000e+00 4.628896010000021957e-14
1.625000000000000000e+03 0.000000000000000000e+00 0.000000000000000000e+00 4.622794855477153639e-14
1.626000000000000000e+03 0.000000000000000000e+00 0.000000000000000000e+00 4.616701694960690379e-14
1.627000000000000000e+03 0.000000000000000000e+00 0.000000000000000000e+00 4.610616536430298497e-14
1.628000000000000000e+03 0.000000000000000000e+00 0.000000000000000000e+00 4.604539358156201668e-14
1.629000000000000000e+03 0.000000000000000000e+00 0.000000000000000000e+00 4.598470167579287468e-14
1.630000000000000000e+03 0.000000000000000000e+00 0.000000000000000000e+00 4.592408946361298969e-14
1.631000000000000000e+03 0.000000000000000000e+00 0.000000000000000000e+00 4.586355704581640700e-14
1.632000000000000000e+03 0.000000000000000000e+00 0.000000000000000000e+00 4.580310426780780834e-14
1.633000000000000000e+03 0.000000000000000000e+00 0.000000000000000000e+00 4.574273122881311603e-14
1.634000000000000000e+03 0.000000000000000000e+00 0.000000000000000000e+00 4.568243779960958056e-14
1.635000000000000000e+03 0.000000000000000000e+00 0.000000000000000000e+00 4.562222412735513326e-14
1.636000000000000000e+03 0.000000000000000000e+00 0.000000000000000000e+00 4.556209006484223922e-14
1.637000000000000000e+03 0.000000000000000000e+00 0.000000000000000000e+00 4.550203578754698622e-14
1.638000000000000000e+03 0.000000000000000000e+00 0.000000000000000000e+00 4.544206119064253949e-14
1.639000000000000000e+03 0.000000000000000000e+00 0.000000000000000000e+00 4.538216645184152740e-14
1.640000000000000000e+03 0.000000000000000000e+00 0.000000000000000000e+00 4.532235149085015291e-14
1.641000000000000000e+03 0.000000000000000000e+00 0.000000000000000000e+00 4.526261649599916265e-14
1.642000000000000000e+03 0.000000000000000000e+00 0.000000000000000000e+00 4.520296140718525686e-14
1.643000000000000000e+03 0.000000000000000000e+00 0.000000000000000000e+00 4.514338642296152578e-14
1.644000000000000000e+03 0.000000000000000000e+00 0.000000000000000000e+00 4.508389152126956310e-14
1.645000000000000000e+03 0.000000000000000000e+00 0.000000000000000000e+00 4.502447691037962241e-14
1.646000000000000000e+03 0.000000000000000000e+00 0.000000000000000000e+00 4.496514259356996985e-14
1.647000000000000000e+03 0.000000000000000000e+00 0.000000000000000000e+00 4.490588878753108457e-14
1.648000000000000000e+03 0.000000000000000000e+00 0.000000000000000000e+00 4.484671551713887483e-14
1.649000000000000000e+03 0.000000000000000000e+00 0.000000000000000000e+00 4.478762302507421178e-14
1.650000000000000000e+03 0.000000000000000000e+00 0.000000000000000000e+00 4.472861133495652493e-14
1.651000000000000000e+03 0.000000000000000000e+00 0.000000000000000000e+00 4.466968070446726685e-14
1.652000000000000000e+03 0.000000000000000000e+00 0.000000000000000000e+00 4.461083118208788502e-14
1.653000000000000000e+03 0.000000000000000000e+00 0.000000000000000000e+00 4.455206305668224771e-14
1.654000000000000000e+03 0.000000000000000000e+00 0.000000000000000000e+00 4.449337637251487385e-14
1.655000000000000000e+03 0.000000000000000000e+00 0.000000000000000000e+00 4.443477143623989032e-14
1.656000000000000000e+03 0.000000000000000000e+00 0.000000000000000000e+00 4.437624829476085241e-14
1.657000000000000000e+03 0.000000000000000000e+00 0.000000000000000000e+00 4.431780728673693947e-14
1.658000000000000000e+03 0.000000000000000000e+00 0.000000000000000000e+00 4.425944848084825626e-14
1.659000000000000000e+03 0.000000000000000000e+00 0.000000000000000000e+00 4.420117221597639675e-14
1.660000000000000000e+03 0.000000000000000000e+00 0.000000000000000000e+00 4.414297857112691653e-14
1.661000000000000000e+03 0.000000000000000000e+00 0.000000000000000000e+00 4.408486790909649787e-14
1.662000000000000000e+03 0.000000000000000000e+00 0.000000000000000000e+00 4.402684031546508840e-14
1.663000000000000000e+03 0.000000000000000000e+00 0.000000000000000000e+00 4.396889616592004543e-14
1.664000000000000000e+03 0.000000000000000000e+00 0.000000000000000000e+00 4.391103556864541273e-14
1.665000000000000000e+03 0.000000000000000000e+00 0.000000000000000000e+00 4.385325888860202722e-14
1.666000000000000000e+03 0.000000000000000000e+00 0.000000000000000000e+00 4.379556626388800520e-14
1.667000000000000000e+03 0.000000000000000000e+00 0.000000000000000000e+00 4.373795807338870191e-14
1.668000000000000000e+03 0.000000000000000000e+00 0.000000000000000000e+00 4.368043445191368078e-14
1.669000000000000000e+03 0.000000000000000000e+00 0.000000000000000000e+00 4.362299578370551458e-14
1.670000000000000000e+03 0.000000000000000000e+00 0.000000000000000000e+00 4.356564222211812589e-14
1.671000000000000000e+03 0.000000000000000000e+00 0.000000000000000000e+00 4.350837417111656304e-14
1.672000000000000000e+03 0.000000000000000000e+00 0.000000000000000000e+00 4.345119179168807596e-14
1.673000000000000000e+03 0.000000000000000000e+00 0.000000000000000000e+00 4.339409547731503899e-14
1.674000000000000000e+03 0.000000000000000000e+00 0.000000000000000000e+00 4.333708541079132920e-14
1.675000000000000000e+03 0.000000000000000000e+00 0.000000000000000000e+00 4.328016199722336307e-14
1.676000000000000000e+03 0.000000000000000000e+00 0.000000000000000000e+00 4.322332542871406230e-14
1.677000000000000000e+03 0.000000000000000000e+00 0.000000000000000000e+00 4.316657611180722998e-14
1.678000000000000000e+03 0.000000000000000000e+00 0.000000000000000000e+00 4.310991424245049391e-14
1.679000000000000000e+03 0.000000000000000000e+00 0.000000000000000000e+00 4.305334022426195509e-14
1.680000000000000000e+03 0.000000000000000000e+00 0.000000000000000000e+00 4.299685427118534215e-14
1.681000000000000000e+03 0.000000000000000000e+00 0.000000000000000000e+00 4.294045679883549398e-14
1.682000000000000000e+03 0.000000000000000000e+00 0.000000000000000000e+00 4.288414800952478275e-14
1.683000000000000000e+03 0.000000000000000000e+00 0.000000000000000000e+00 4.282792833664539389e-14
1.684000000000000000e+03 0.000000000000000000e+00 0.000000000000000000e+00 4.277179797463081558e-14
1.685000000000000000e+03 0.000000000000000000e+00 0.000000000000000000e+00 4.271575736112258083e-14
1.686000000000000000e+03 0.000000000000000000e+00 0.000000000000000000e+00 4.265980669959973028e-14
1.687000000000000000e+03 0.000000000000000000e+00 0.000000000000000000e+00 4.260394642661196926e-14
1.688000000000000000e+03 0.000000000000000000e+00 0.000000000000000000e+00 4.254817674314823271e-14
1.689000000000000000e+03 0.000000000000000000e+00 0.000000000000000000e+00 4.249249809847535164e-14
1.690000000000000000e+03 0.000000000000000000e+00 0.000000000000000000e+00 4.243691070389739986e-14
1.691000000000000000e+03 0.000000000000000000e+00 0.000000000000000000e+00 4.238141499199372053e-14
1.692000000000000000e+03 0.000000000000000000e+00 0.000000000000000000e+00 4.232601117310691116e-14
1.693000000000000000e+03 0.000000000000000000e+00 0.000000000000000000e+00 4.227069970075248772e-14
1.694000000000000000e+03 0.000000000000000000e+00 0.000000000000000000e+00 4.221548077936482662e-14
1.695000000000000000e+03 0.000000000000000000e+00 0.000000000000000000e+00 4.216035484759698883e-14
1.696000000000000000e+03 0.000000000000000000e+00 0.000000000000000000e+00 4.210532211801786354e-14
1.697000000000000000e+03 0.000000000000000000e+00 0.000000000000000000e+00 4.205038303351158296e-14
1.698000000000000000e+03 0.000000000000000000e+00 0.000000000000000000e+00 4.199553778607893338e-14
1.699000000000000000e+03 0.000000000000000000e+00 0.000000000000000000e+00 4.194078684672678680e-14
1.700000000000000000e+03 0.000000000000000000e+00 0.000000000000000000e+00 4.188613038993407926e-14
1.701000000000000000e+03 0.000000000000000000e+00 0.000000000000000000e+00 4.183156887680668322e-14
1.702000000000000000e+03 0.000000000000000000e+00 0.000000000000000000e+00 4.177710249703768286e-14
1.703000000000000000e+03 0.000000000000000000e+00 0.000000000000000000e+00 4.172273168547393573e-14
1.704000000000000000e+03 0.000000000000000000e+00 0.000000000000000000e+00 4.166845664586975708e-14
1.705000000000000000e+03 0.000000000000000000e+00 0.000000000000000000e+00 4.161427780895110236e-14
1.706000000000000000e+03 0.000000000000000000e+00 0.000000000000000000e+00 4.156019537752650571e-14
1.707000000000000000e+03 0.000000000000000000e+00 0.000000000000000000e+00 4.150620976995193990e-14
1.708000000000000000e+03 0.000000000000000000e+00 0.000000000000000000e+00 4.145232118241239782e-14
1.709000000000000000e+03 0.000000000000000000e+00 0.000000000000000000e+00 4.139853003318701089e-14
1.710000000000000000e+03 0.000000000000000000e+00 0.000000000000000000e+00 4.134483650822432988e-14
1.711000000000000000e+03 0.000000000000000000e+00 0.000000000000000000e+00 4.129124103149712450e-14
1.712000000000000000e+03 0.000000000000000000e+00 0.000000000000000000e+00 4.123774377456750182e-14
1.713000000000000000e+03 0.000000000000000000e+00 0.000000000000000000e+00 4.118434515423200806e-14
1.714000000000000000e+03 0.000000000000000000e+00 0.000000000000000000e+00 4.113104534174080945e-14
1.715000000000000000e+03 0.000000000000000000e+00 0.000000000000000000e+00 4.107784474145837037e-14
1.716000000000000000e+03 0.000000000000000000e+00 0.000000000000000000e+00 4.102474351326939090e-14
1.717000000000000000e+03 0.000000000000000000e+00 0.000000000000000000e+00 4.097174206230322127e-14
1.718000000000000000e+03 0.000000000000000000e+00 0.000000000000000000e+00 4.091884053288371221e-14
1.719000000000000000e+03 0.000000000000000000e+00 0.000000000000000000e+00 4.086603933565487548e-14
1.720000000000000000e+03 0.000000000000000000e+00 0.000000000000000000e+00 4.081333859690157221e-14
1.721000000000000000e+03 0.000000000000000000e+00 0.000000000000000000e+00 4.076073870507087126e-14
1.722000000000000000e+03 0.000000000000000000e+00 0.000000000000000000e+00 4.070823978205011917e-14
1.723000000000000000e+03 0.000000000000000000e+00 0.000000000000000000e+00 4.065584221245912199e-14
1.724000000000000000e+03 0.000000000000000000e+00 0.000000000000000000e+00 4.060354611927247853e-14
1.725000000000000000e+03 0.000000000000000000e+00 0.000000000000000000e+00 4.055135187430189141e-14
1.726000000000000000e+03 0.000000000000000000e+00 0.000000000000000000e+00 4.049925957452397548e-14
1.727000000000000000e+03 0.000000000000000000e+00 0.000000000000000000e+00 4.044726959003524147e-14
1.728000000000000000e+03 0.000000000000000000e+00 0.000000000000000000e+00 4.039538201135218974e-14
1.729000000000000000e+03 0.000000000000000000e+00 0.000000000000000000e+00 4.034359718095089369e-14
1.730000000000000000e+03 0.000000000000000000e+00 0.000000000000000000e+00 4.029191518882150043e-14
1.731000000000000000e+03 0.000000000000000000e+00 0.000000000000000000e+00 4.024033636948604932e-14
1.732000000000000000e+03 0.000000000000000000e+00 0.000000000000000000e+00 4.018886080093557038e-14
1.733000000000000000e+03 0.000000000000000000e+00 0.000000000000000000e+00 4.013748880139184485e-14
1.734000000000000000e+03 0.000000000000000000e+00 0.000000000000000000e+00 4.008622044868186383e-14
1.735000000000000000e+03 0.000000000000000000e+00 0.000000000000000000e+00 4.003505604139411216e-14
1.736000000000000000e+03 0.000000000000000000e+00 0.000000000000000000e+00 3.998399563199292661e-14
1.737000000000000000e+03 0.000000000000000000e+00 0.000000000000000000e+00 3.993303951249064552e-14
1.738000000000000000e+03 0.000000000000000000e+00 0.000000000000000000e+00 3.988218772821208002e-14
1.739000000000000000e+03 0.000000000000000000e+00 0.000000000000000000e+00 3.983144057024944741e-14
1.740000000000000000e+03 0.000000000000000000e+00 0.000000000000000000e+00 3.978079805365273702e-14
1.741000000000000000e+03 0.000000000000000000e+00 0.000000000000000000e+00 3.973026044374628343e-14
1.742000000000000000e+03 0.000000000000000000e+00 0.000000000000000000e+00 3.967982775885129282e-14
1.743000000000000000e+03 0.000000000000000000e+00 0.000000000000000000e+00 3.962950025603818503e-14
1.744000000000000000e+03 0.000000000000000000e+00 0.000000000000000000e+00 3.957927792785571441e-14
1.745000000000000000e+03 0.000000000000000000e+00 0.000000000000000000e+00 3.952916101520483581e-14
1.746000000000000000e+03 0.000000000000000000e+00 0.000000000000000000e+00 3.947914950287516871e-14
1.747000000000000000e+03 0.000000000000000000e+00 0.000000000000000000e+00 3.942924362791647424e-14
1.748000000000000000e+03 0.000000000000000000e+00 0.000000000000000000e+00 3.937944334474838825e-14
1.749000000000000000e+03 0.000000000000000000e+00 0.000000000000000000e+00 3.932974887782357927e-14
1.750000000000000000e+03 0.000000000000000000e+00 0.000000000000000000e+00 3.928016017125919126e-14
1.751000000000000000e+03 0.000000000000000000e+00 0.000000000000000000e+00 3.923067741909929280e-14
1.752000000000000000e+03 0.000000000000000000e+00 0.000000000000000000e+00 3.918130056257599943e-14
1.753000000000000000e+03 0.000000000000000000e+00 0.000000000000000000e+00 3.913202978544589516e-14
1.754000000000000000e+03 0.000000000000000000e+00 0.000000000000000000e+00 3.908286501656762290e-14
1.755000000000000000e+03 0.000000000000000000e+00 0.000000000000000000e+00 3.903380642262232331e-14
1.756000000000000000e+03 0.000000000000000000e+00 0.000000000000000000e+00 3.898485391746239076e-14
1.757000000000000000e+03 0.000000000000000000e+00 0.000000000000000000e+00 3.893600764948175016e-14
1.758000000000000000e+03 0.000000000000000000e+00 0.000000000000000000e+00 3.888726751543720187e-14
1.759000000000000000e+03 0.000000000000000000e+00 0.000000000000000000e+00 3.883863364389280918e-14
1.760000000000000000e+03 0.000000000000000000e+00 0.000000000000000000e+00 3.879010592840149276e-14
1.761000000000000000e+03 0.000000000000000000e+00 0.000000000000000000e+00 3.874168449155371404e-14
1.762000000000000000e+03 0.000000000000000000e+00 0.000000000000000000e+00 3.869336918740962495e-14
1.763000000000000000e+03 0.000000000000000000e+00 0.000000000000000000e+00 3.864516013958487791e-14
1.764000000000000000e+03 0.000000000000000000e+00 0.000000000000000000e+00 3.859705718860132653e-14
1.765000000000000000e+03 0.000000000000000000e+00 0.000000000000000000e+00 3.854906043603892351e-14
1.766000000000000000e+03 0.000000000000000000e+00 0.000000000000000000e+00 3.850116970474070148e-14
1.767000000000000000e+03 0.000000000000000000e+00 0.000000000000000000e+00 3.845338509209991376e-14
1.768000000000000000e+03 0.000000000000000000e+00 0.000000000000000000e+00 3.840570640253463582e-14
1.769000000000000000e+03 0.000000000000000000e+00 0.000000000000000000e+00 3.835813372260517377e-14
1.770000000000000000e+03 0.000000000000000000e+00 0.000000000000000000e+00 3.831066683818827951e-14
1.771000000000000000e+03 0.000000000000000000e+00 0.000000000000000000e+00 3.826330580961090431e-14
1.772000000000000000e+03 0.000000000000000000e+00 0.000000000000000000e+00 3.821605041812624211e-14
1.773000000000000000e+03 0.000000000000000000e+00 0.000000000000000000e+00 3.816890071744541487e-14
1.774000000000000000e+03 0.000000000000000000e+00 0.000000000000000000e+00 3.812185646430897561e-14
1.775000000000000000e+03 0.000000000000000000e+00 0.000000000000000000e+00 3.807491768773040168e-14
1.776000000000000000e+03 0.000000000000000000e+00 0.000000000000000000e+00 3.802808415177697160e-14
1.777000000000000000e+03 0.000000000000000000e+00 0.000000000000000000e+00 3.798135585362716973e-14
1.778000000000000000e+03 0.000000000000000000e+00 0.000000000000000000e+00 3.793473255292759905e-14
1.779000000000000000e+03 0.000000000000000000e+00 0.000000000000000000e+00 3.788821422295097052e-14
1.780000000000000000e+03 0.000000000000000000e+00 0.000000000000000000e+00 3.784180061684766172e-14
1.781000000000000000e+03 0.000000000000000000e+00 0.000000000000000000e+00 3.779549170016715769e-14
1.782000000000000000e+03 0.000000000000000000e+00 0.000000000000000000e+00 3.774928720493046804e-14
1.783000000000000000e+03 0.000000000000000000e+00 0.000000000000000000e+00 3.770318709716006617e-14
1.784000000000000000e+03 0.000000000000000000e+00 0.000000000000000000e+00 3.765719108143264857e-14
1.785000000000000000e+03 0.000000000000000000e+00 0.000000000000000000e+00 3.761129910426471436e-14
1.786000000000000000e+03 0.000000000000000000e+00 0.000000000000000000e+00 3.756551086421590771e-14
1.787000000000000000e+03 0.000000000000000000e+00 0.000000000000000000e+00 3.751982630630837906e-14
1.788000000000000000e+03 0.000000000000000000e+00 0.000000000000000000e+00 3.747424510621213406e-14
1.789000000000000000e+03 0.000000000000000000e+00 0.000000000000000000e+00 3.742876719035245111e-14
1.790000000000000000e+03 0.000000000000000000e+00 0.000000000000000000e+00 3.738339223091980926e-14
1.791000000000000000e+03 0.000000000000000000e+00 0.000000000000000000e+00 3.733812014115156273e-14
1.792000000000000000e+03 0.000000000000000000e+00 0.000000000000000000e+00 3.729295057360097507e-14
1.793000000000000000e+03 0.000000000000000000e+00 0.000000000000000000e+00 3.724788343028685180e-14
1.794000000000000000e+03 0.000000000000000000e+00 0.000000000000000000e+00 3.720291836293814732e-14
1.795000000000000000e+03 0.000000000000000000e+00 0.000000000000000000e+00 3.715805525107088601e-14
1.796000000000000000e+03 0.000000000000000000e+00 0.000000000000000000e+00 3.711329374134881582e-14
1.797000000000000000e+03 0.000000000000000000e+00 0.000000000000000000e+00 3.706863369889422205e-14
1.798000000000000000e+03 0.000000000000000000e+00 0.000000000000000000e+00 3.702407475335731279e-14
1.799000000000000000e+03 0.000000000000000000e+00 0.000000000000000000e+00 3.697961677038692854e-14
1.800000000000000000e+03 0.000000000000000000e+00 0.000000000000000000e+00 3.693525936944440673e-14
1.801000000000000000e+03 0.000000000000000000e+00 0.000000000000000000e+00 3.689100240011141603e-14
1.802000000000000000e+03 0.000000000000000000e+00 0.000000000000000000e+00 3.684684547413361577e-14
1.803000000000000000e+03 0.000000000000000000e+00 0.000000000000000000e+00 3.680278843143253640e-14
1.804000000000000000e+03 0.000000000000000000e+00 0.000000000000000000e+00 3.675883087780885524e-14
1.805000000000000000e+03 0.000000000000000000e+00 0.000000000000000000e+00 3.671497263368459082e-14
1.806000000000000000e+03 0.000000000000000000e+00 0.000000000000000000e+00 3.667121328835486919e-14
1.807000000000000000e+03 0.000000000000000000e+00 0.000000000000000000e+00 3.662755266289877319e-14
1.808000000000000000e+03 0.000000000000000000e+00 0.000000000000000000e+00 3.658399034974552276e-14
1.809000000000000000e+03 0.000000000000000000e+00 0.000000000000000000e+00 3.654052614363817411e-14
1.810000000000000000e+03 0.000000000000000000e+00 0.000000000000000000e+00 3.649715962495397005e-14
1.811000000000000000e+03 0.000000000000000000e+00 0.000000000000000000e+00 3.645389058752897239e-14
1.812000000000000000e+03 0.000000000000000000e+00 0.000000000000000000e+00 3.641071859438797685e-14
1.813000000000000000e+03 0.000000000000000000e+00 0.000000000000000000e+00 3.636764343653463699e-14
1.814000000000000000e+03 0.000000000000000000e+00 0.000000000000000000e+00 3.632466468065832298e-14
1.815000000000000000e+03 0.000000000000000000e+00 0.000000000000000000e+00 3.628178209217063960e-14
1.816000000000000000e+03 0.000000000000000000e+00 0.000000000000000000e+00 3.623899523885334003e-14
1.817000000000000000e+03 0.000000000000000000e+00 0.000000000000000000e+00 3.619630388601322417e-14
1.818000000000000000e+03 0.000000000000000000e+00 0.000000000000000000e+00 3.615370757991929082e-14
1.819000000000000000e+03 0.000000000000000000e+00 0.000000000000000000e+00 3.611120608414882859e-14
1.820000000000000000e+03 0.000000000000000000e+00 0.000000000000000000e+00 3.606879893701242882e-14
1.821000000000000000e+03 0.000000000000000000e+00 0.000000000000000000e+00 3.602648590194609831e-14
1.822000000000000000e+03 0.000000000000000000e+00 0.000000000000000000e+00 3.598426650168040026e-14
1.823000000000000000e+03 0.000000000000000000e+00 0.000000000000000000e+00 3.594214048963223367e-14
1.824000000000000000e+03 0.000000000000000000e+00 0.000000000000000000e+00 3.590010739370914665e-14
1.825000000000000000e+03 0.000000000000000000e+00 0.000000000000000000e+00 3.585816695326641585e-14
1.826000000000000000e+03 0.000000000000000000e+00 0.000000000000000000e+00 3.581631868796539916e-14
1.827000000000000000e+03 0.000000000000000000e+00 0.000000000000000000e+00 3.577456233230932960e-14
1.828000000000000000e+03 0.000000000000000000e+00 0.000000000000000000e+00 3.573289740442545778e-14
1.829000000000000000e+03 0.000000000000000000e+00 0.000000000000000000e+00 3.569132363777448342e-14
1.830000000000000000e+03 0.000000000000000000e+00 0.000000000000000000e+00 3.564984054064210614e-14
1.831000000000000000e+03 0.000000000000000000e+00 0.000000000000000000e+00 3.560844784818788494e-14
1.832000000000000000e+03 0.000000000000000000e+00 0.000000000000000000e+00 3.556714505562832201e-14
1.833000000000000000e+03 0.000000000000000000e+00 0.000000000000000000e+00 3.552593189060604699e-14
1.834000000000000000e+03 0.000000000000000000e+00 0.000000000000000000e+00 3.548480784450531995e-14
1.835000000000000000e+03 0.000000000000000000e+00 0.000000000000000000e+00 3.544377263388105286e-14
1.836000000000000000e+03 0.000000000000000000e+00 0.000000000000000000e+00 3.540282575052329583e-14
1.837000000000000000e+03 0.000000000000000000e+00 0.000000000000000000e+00 3.536196690878745252e-14
1.838000000000000000e+03 0.000000000000000000e+00 0.000000000000000000e+00 3.532119559271028836e-14
1.839000000000000000e+03 0.000000000000000000e+00 0.000000000000000000e+00 3.528051150720277494e-14
1.840000000000000000e+03 0.000000000000000000e+00 0.000000000000000000e+00 3.523991413667087089e-14
1.841000000000000000e+03 0.000000000000000000e+00 0.000000000000000000e+00 3.519940318539943205e-14
1.842000000000000000e+03 0.000000000000000000e+00 0.000000000000000000e+00 3.515897813068411711e-14
1.843000000000000000e+03 0.000000000000000000e+00 0.000000000000000000e+00 3.511863867936476984e-14
1.844000000000000000e+03 0.000000000000000000e+00 0.000000000000000000e+00 3.507838429890562695e-14
1.845000000000000000e+03 0.000000000000000000e+00 0.000000000000000000e+00 3.503821469102157427e-14
1.846000000000000000e+03 0.000000000000000000e+00 0.000000000000000000e+00 3.499812933339705270e-14
1.847000000000000000e+03 0.000000000000000000e+00 0.000000000000000000e+00 3.495812790820219972e-14
1.848000000000000000e+03 0.000000000000000000e+00 0.000000000000000000e+00 3.491820990188564408e-14
1.849000000000000000e+03 0.000000000000000000e+00 0.000000000000000000e+00 3.487837499196008849e-14
1.850000000000000000e+03 0.000000000000000000e+00 0.000000000000000000e+00 3.483862266389789268e-14
1.851000000000000000e+03 0.000000000000000000e+00 0.000000000000000000e+00 3.479895259579144591e-14
1.852000000000000000e+03 0.000000000000000000e+00 0.000000000000000000e+00 3.475936426880550453e-14
1.853000000000000000e+03 0.000000000000000000e+00 0.000000000000000000e+00 3.471985735448156750e-14
1.854000000000000000e+03 0.000000000000000000e+00 0.000000000000000000e+00 3.468043133820185618e-14
1.855000000000000000e+03 0.000000000000000000e+00 0.000000000000000000e+00 3.464108589286975899e-14
1.856000000000000000e+03 0.000000000000000000e+00 0.000000000000000000e+00 3.460182050131445938e-14
1.857000000000000000e+03 0.000000000000000000e+00 0.000000000000000000e+00 3.456263483081810598e-14
1.858000000000000000e+03 0.000000000000000000e+00 0.000000000000000000e+00 3.452352835858601714e-14
1.859000000000000000e+03 0.000000000000000000e+00 0.000000000000000000e+00 3.448450076542334854e-14
1.860000000000000000e+03 0.000000000000000000e+00 0.000000000000000000e+00 3.444555152119118659e-14
1.861000000000000000e+03 0.000000000000000000e+00 0.000000000000000000e+00 3.440668030759467628e-14
1.862000000000000000e+03 0.000000000000000000e+00 0.000000000000000000e+00 3.436788659649915979e-14
1.863000000000000000e+03 0.000000000000000000e+00 0.000000000000000000e+00 3.432917006674317518e-14
1.864000000000000000e+03 0.000000000000000000e+00 0.000000000000000000e+00 3.429053019608293075e-14
1.865000000000000000e+03 0.000000000000000000e+00 0.000000000000000000e+00 3.425196666832713537e-14
1.866000000000000000e+03 0.000000000000000000e+00 0.000000000000000000e+00 3.421347894975681641e-14
1.867000000000000000e+03 0.000000000000000000e+00 0.000000000000000000e+00 3.417506672206276791e-14
1.868000000000000000e+03 0.000000000000000000e+00 0.000000000000000000e+00 3.413672946257335157e-14
1.869000000000000000e+03 0.000000000000000000e+00 0.000000000000000000e+00 3.409846684872211264e-14
1.870000000000000000e+03 0.000000000000000000e+00 0.000000000000000000e+00 3.406027835809963018e-14
1.871000000000000000e+03 0.000000000000000000e+00 0.000000000000000000e+00 3.402216366200655445e-14
1.872000000000000000e+03 0.000000000000000000e+00 0.000000000000000000e+00 3.398412224536776941e-14
1.873000000000000000e+03 0.000000000000000000e+00 0.000000000000000000e+00 3.394615377180961508e-14
1.874000000000000000e+03 0.000000000000000000e+00 0.000000000000000000e+00 3.390825772641624327e-14
1.875000000000000000e+03 0.000000000000000000e+00 0.000000000000000000e+00 3.387043378427101219e-14
1.876000000000000000e+03 0.000000000000000000e+00 0.000000000000000000e+00 3.383268142778541293e-14
1.877000000000000000e+03 0.000000000000000000e+00 0.000000000000000000e+00 3.379500034254630992e-14
1.878000000000000000e+03 0.000000000000000000e+00 0.000000000000000000e+00 3.375738999653924440e-14
1.879000000000000000e+03 0.000000000000000000e+00 0.000000000000000000e+00 3.371985008683606886e-14
1.880000000000000000e+03 0.000000000000000000e+00 0.000000000000000000e+00 3.368238009068521133e-14
1.881000000000000000e+03 0.000000000000000000e+00 0.000000000000000000e+00 3.364497968869527488e-14
1.882000000000000000e+03 0.000000000000000000e+00 0.000000000000000000e+00 3.360764837687911363e-14
1.883000000000000000e+03 0.000000000000000000e+00 0.000000000000000000e+00 3.357038582608093660e-14
1.884000000000000000e+03 0.000000000000000000e+00 0.000000000000000000e+00 3.353319153805567856e-14
1.885000000000000000e+03 0.000000000000000000e+00 0.000000000000000000e+00 3.349606518380492313e-14
1.886000000000000000e+03 0.000000000000000000e+00 0.000000000000000000e+00 3.345900626667462393e-14
1.887000000000000000e+03 0.000000000000000000e+00 0.000000000000000000e+00 3.342201446232008224e-14
1.888000000000000000e+03 0.000000000000000000e+00 0.000000000000000000e+00 3.338508928239621632e-14
1.889000000000000000e+03 0.000000000000000000e+00 0.000000000000000000e+00 3.334823040024305856e-14
1.890000000000000000e+03 0.000000000000000000e+00 0.000000000000000000e+00 3.331143732925879623e-14
1.891000000000000000e+03 0.000000000000000000e+00 0.000000000000000000e+00 3.327470974755230259e-14
1.892000000000000000e+03 0.000000000000000000e+00 0.000000000000000000e+00 3.323804717693643058e-14
1.893000000000000000e+03 0.000000000000000000e+00 0.000000000000000000e+00 3.320144929371031189e-14
1.894000000000000000e+03 0.000000000000000000e+00 0.000000000000000000e+00 3.316491563061213173e-14
1.895000000000000000e+03 0.000000000000000000e+00 0.000000000000000000e+00 3.312844585937224234e-14
1.896000000000000000e+03 0.000000000000000000e+00 0.000000000000000000e+00 3.309203951635521620e-14
1.897000000000000000e+03 0.000000000000000000e+00 0.000000000000000000e+00 3.305569627640610609e-14
1.898000000000000000e+03 0.000000000000000000e+00 0.000000000000000000e+00 3.301941567590605686e-14
1.899000000000000000e+03 0.000000000000000000e+00 0.000000000000000000e+00 3.298319739637525403e-14
1.900000000000000000e+03 0.000000000000000000e+00 0.000000000000000000e+00 3.294704097225809427e-14
1.901000000000000000e+03 0.000000000000000000e+00 0.000000000000000000e+00 3.291094609332550978e-14
1.902000000000000000e+03 0.000000000000000000e+00 0.000000000000000000e+00 3.287491229955506860e-14
1.903000000000000000e+03 0.000000000000000000e+00 0.000000000000000000e+00 3.283893928180624262e-14
1.904000000000000000e+03 0.000000000000000000e+00 0.000000000000000000e+00 3.280302658817483688e-14
1.905000000000000000e+03 0.000000000000000000e+00 0.000000000000000000e+00 3.276717391642034446e-14
1.906000000000000000e+03 0.000000000000000000e+00 0.000000000000000000e+00 3.273138081589056838e-14
1.907000000000000000e+03 0.000000000000000000e+00 0.000000000000000000e+00 3.269564700231994215e-14
1.908000000000000000e+03 0.000000000000000000e+00 0.000000000000000000e+00 3.265997202307179765e-14
1.909000000000000000e+03 0.000000000000000000e+00 0.000000000000000000e+00 3.262435559981585056e-14
1.910000000000000000e+03 0.000000000000000000e+00 0.000000000000000000e+00 3.258879729378372739e-14
1.911000000000000000e+03 0.000000000000000000e+00 0.000000000000000000e+00 3.255329682771276292e-14
1.912000000000000000e+03 0.000000000000000000e+00 0.000000000000000000e+00 3.251785376600858762e-14
1.913000000000000000e+03 0.000000000000000000e+00 0.000000000000000000e+00 3.248246783866728088e-14
1.914000000000000000e+03 0.000000000000000000e+00 0.000000000000000000e+00 3.244713860919903400e-14
1.915000000000000000e+03 0.000000000000000000e+00 0.000000000000000000e+00 3.241186582581356981e-14
1.916000000000000000e+03 0.000000000000000000e+00 0.000000000000000000e+00 3.237664906630066105e-14
1.917000000000000000e+03 0.000000000000000000e+00 0.000000000000000000e+00 3.234148806713116180e-14
1.918000000000000000e+03 0.000000000000000000e+00 0.000000000000000000e+00 3.230638242675708091e-14
1.919000000000000000e+03 0.000000000000000000e+00 0.000000000000000000e+00 3.227133189218075488e-14
1.920000000000000000e+03 0.000000000000000000e+00 0.000000000000000000e+00 3.223633606066462818e-14
1.921000000000000000e+03 0.000000000000000000e+00 0.000000000000000000e+00 3.220139468832918390e-14
1.922000000000000000e+03 0.000000000000000000e+00 0.000000000000000000e+00 3.216650737976141476e-14
1.923000000000000000e+03 0.000000000000000000e+00 0.000000000000000000e+00 3.213167390060940712e-14
1.924000000000000000e+03 0.000000000000000000e+00 0.000000000000000000e+00 3.209689386467379034e-14
1.925000000000000000e+03 0.000000000000000000e+00 0.000000000000000000e+00 3.206216703916099184e-14
1.926000000000000000e+03 0.000000000000000000e+00 0.000000000000000000e+00 3.202749304785695398e-14
1.927000000000000000e+03 0.000000000000000000e+00 0.000000000000000000e+00 3.199287165570785992e-14
1.928000000000000000e+03 0.000000000000000000e+00 0.000000000000000000e+00 3.195830249712358259e-14
1.929000000000000000e+03 0.000000000000000000e+00 0.000000000000000000e+00 3.192378534965587961e-14
1.930000000000000000e+03 0.000000000000000000e+00 0.000000000000000000e+00 3.188931985846819906e-14
1.931000000000000000e+03 0.000000000000000000e+00 0.000000000000000000e+00 3.185490580202623492e-14
1.932000000000000000e+03 0.000000000000000000e+00 0.000000000000000000e+00 3.182054282798367354e-14
1.933000000000000000e+03 0.000000000000000000e+00 0.000000000000000000e+00 3.178623073748862311e-14
1.934000000000000000e+03 0.000000000000000000e+00 0.000000000000000000e+00 3.175196917666823577e-14
1.935000000000000000e+03 0.000000000000000000e+00 0.000000000000000000e+00 3.171775796119867973e-14
1.936000000000000000e+03 0.000000000000000000e+00 0.000000000000000000e+00 3.168359674964513382e-14
1.937000000000000000e+03 0.000000000000000000e+00 0.000000000000000000e+00 3.164948535374067342e-14
1.938000000000000000e+03 0.000000000000000000e+00 0.000000000000000000e+00 3.161542344988749962e-14
1.939000000000000000e+03 0.000000000000000000e+00 0.000000000000000000e+00 3.158141086227797589e-14
1.940000000000000000e+03 0.000000000000000000e+00 0.000000000000000000e+00 3.154744726341797416e-14
1.941000000000000000e+03 0.000000000000000000e+00 0.000000000000000000e+00 3.151353249541264236e-14
1.942000000000000000e+03 0.000000000000000000e+00 0.000000000000000000e+00 3.147966623424749266e-14
1.943000000000000000e+03 0.000000000000000000e+00 0.000000000000000000e+00 3.144584833511057767e-14
1.944000000000000000e+03 0.000000000000000000e+00 0.000000000000000000e+00 3.141207847879601534e-14
1.945000000000000000e+03 0.000000000000000000e+00 0.000000000000000000e+00 3.137835653155495723e-14
1.946000000000000000e+03 0.000000000000000000e+00 0.000000000000000000e+00 3.134468217980245183e-14
1.947000000000000000e+03 0.000000000000000000e+00 0.000000000000000000e+00 3.131105530001086466e-14
1.948000000000000000e+03 0.000000000000000000e+00 0.000000000000000000e+00 3.127747559210801499e-14
1.949000000000000000e+03 0.000000000000000000e+00 0.000000000000000000e+00 3.124394293374083174e-14
1.950000000000000000e+03 0.000000000000000000e+00 0.000000000000000000e+00 3.121045703416673969e-14
1.951000000000000000e+03 0.000000000000000000e+00 0.000000000000000000e+00 3.117701778396726660e-14
1.952000000000000000e+03 0.000000000000000000e+00 0.000000000000000000e+00 3.114362489988150136e-14
1.953000000000000000e+03 0.000000000000000000e+00 0.000000000000000000e+00 3.111027828169885283e-14
1.954000000000000000e+03 0.000000000000000000e+00 0.000000000000000000e+00 3.107697766103389056e-14
1.955000000000000000e+03 0.000000000000000000e+00 0.000000000000000000e+00 3.104372295347409901e-14
1.956000000000000000e+03 0.000000000000000000e+00 0.000000000000000000e+00 3.101051389223013421e-14
1.957000000000000000e+03 0.000000000000000000e+00 0.000000000000000000e+00 3.097735039516018835e-14
1.958000000000000000e+03 0.000000000000000000e+00 0.000000000000000000e+00 3.094423221560510160e-14
1.959000000000000000e+03 0.000000000000000000e+00 0.000000000000000000e+00 3.091115927583559430e-14
1.960000000000000000e+03 0.000000000000000000e+00 0.000000000000000000e+00 3.087813134081721774e-14
1.961000000000000000e+03 0.000000000000000000e+00 0.000000000000000000e+00 3.084514834474774536e-14
1.962000000000000000e+03 0.000000000000000000e+00 0.000000000000000000e+00 3.081221005323919678e-14
1.963000000000000000e+03 0.000000000000000000e+00 0.000000000000000000e+00 3.077931640776291435e-14
1.964000000000000000e+03 0.000000000000000000e+00 0.000000000000000000e+00 3.074646718504144296e-14
1.965000000000000000e+03 0.000000000000000000e+00 0.000000000000000000e+00 3.071366233991843433e-14
1.966000000000000000e+03 0.000000000000000000e+00 0.000000000000000000e+00 3.068090165568281684e-14
1.967000000000000000e+03 0.000000000000000000e+00 0.000000000000000000e+00 3.064818509494860418e-14
1.968000000000000000e+03 0.000000000000000000e+00 0.000000000000000000e+00 3.061551245389539351e-14
1.969000000000000000e+03 0.000000000000000000e+00 0.000000000000000000e+00 3.058288370874227232e-14
1.970000000000000000e+03 0.000000000000000000e+00 0.000000000000000000e+00 3.055029866295441632e-14
1.971000000000000000e+03 0.000000000000000000e+00 0.000000000000000000e+00 3.051775729250234609e-14
1.972000000000000000e+03 0.000000000000000000e+00 0.000000000000000000e+00 3.048525942130660885e-14
1.973000000000000000e+03 0.000000000000000000e+00 0.000000000000000000e+00 3.045280503474134476e-14
1.974000000000000000e+03 0.000000000000000000e+00 0.000000000000000000e+00 3.042039395956320747e-14
1.975000000000000000e+03 0.000000000000000000e+00 0.000000000000000000e+00 3.038802619337259571e-14
1.976000000000000000e+03 0.000000000000000000e+00 0.000000000000000000e+00 3.035570157419685866e-14
1.977000000000000000e+03 0.000000000000000000e+00 0.000000000000000000e+00 3.032342009823104251e-14
1.978000000000000000e+03 0.000000000000000000e+00 0.000000000000000000e+00 3.029118161706891611e-14
1.979000000000000000e+03 0.000000000000000000e+00 0.000000000000000000e+00 3.025898614211942763e-14
1.980000000000000000e+03 0.000000000000000000e+00 0.000000000000000000e+00 3.022683352555338819e-14
1.981000000000000000e+03 0.000000000000000000e+00 0.000000000000000000e+00 3.019472379120270228e-14
1.982000000000000000e+03 0.000000000000000000e+00 0.000000000000000000e+00 3.016265680847918416e-14
1.983000000000000000e+03 0.000000000000000000e+00 0.000000000000000000e+00 3.013063260024182669e-14
1.984000000000000000e+03 0.000000000000000000e+00 0.000000000000000000e+00 3.009865105048555405e-14
1.985000000000000000e+03 0.000000000000000000e+00 0.000000000000000000e+00 3.006671218294338540e-14
1.986000000000000000e+03 0.000000000000000000e+00 0.000000000000000000e+00 3.003481589449518341e-14
1.987000000000000000e+03 0.000000000000000000e+00 0.000000000000000000e+00 3.000296221642785945e-14
1.988000000000000000e+03 0.000000000000000000e+00 0.000000000000000000e+00 2.997115104632258616e-14
1.989000000000000000e+03 0.000000000000000000e+00 0.000000000000000000e+00 2.993938243144255733e-14
1.990000000000000000e+03 0.000000000000000000e+00 0.000000000000000000e+00 2.990765626962562832e-14
1.991000000000000000e+03 0.000000000000000000e+00 0.000000000000000000e+00 2.987597261379571362e-14
1.992000000000000000e+03 0.000000000000000000e+00 0.000000000000000000e+00 2.984433136766340355e-14
1.993000000000000000e+03 0.000000000000000000e+00 0.000000000000000000e+00 2.981273259480699325e-14
1.994000000000000000e+03 0.000000000000000000e+00 0.000000000000000000e+00 2.978117620818990657e-14
1.995000000000000000e+03 0.000000000000000000e+00 0.000000000000000000e+00 2.974966228199272921e-14
1.996000000000000000e+03 0.000000000000000000e+00 0.000000000000000000e+00 2.971819073286216495e-14
1.997000000000000000e+03 0.000000000000000000e+00 0.000000000000000000e+00 2.968676163680980245e-14
1.998000000000000000e+03 0.000000000000000000e+00 0.000000000000000000e+00 2.965537492634085412e-14
1.999000000000000000e+03 0.000000000000000000e+00 0.000000000000000000e+00 2.962403068554270491e-14
2.000000000000000000e+03 0.000000000000000000e+00 0.000000000000000000e+00 2.959272885038455013e-14
2.001000000000000000e+03 0.000000000000000000e+00 0.000000000000000000e+00 2.956146950767465697e-14
2.002000000000000000e+03 0.000000000000000000e+00 0.000000000000000000e+00 2.953025260948906278e-14
2.003000000000000000e+03 0.000000000000000000e+00 0.000000000000000000e+00 2.949907824141155854e-14
2.004000000000000000e+03 0.000000000000000000e+00 0.000000000000000000e+00 2.946794636630095094e-14
2.005000000000000000e+03 0.000000000000000000e+00 0.000000000000000000e+00 2.943685707457814301e-14
2.006000000000000000e+03 0.000000000000000000e+00 0.000000000000000000e+00 2.940581032888872810e-14
2.007000000000000000e+03 0.000000000000000000e+00 0.000000000000000000e+00 2.937480623762751467e-14
2.008000000000000000e+03 0.000000000000000000e+00 0.000000000000000000e+00 2.934384475982609078e-14
2.009000000000000000e+03 0.000000000000000000e+00 0.000000000000000000e+00 2.931292601909583006e-14
2.010000000000000000e+03 0.000000000000000000e+00 0.000000000000000000e+00 2.928204997803560008e-14
2.011000000000000000e+03 0.000000000000000000e+00 0.000000000000000000e+00 2.925121675678745256e-14
2.012000000000000000e+03 0.000000000000000000e+00 0.000000000000000000e+00 2.922042633097593263e-14
2.013000000000000000e+03 0.000000000000000000e+00 0.000000000000000000e+00 2.918967883099399872e-14
2.014000000000000000e+03 0.000000000000000000e+00 0.000000000000000000e+00 2.915897423466858199e-14
2.015000000000000000e+03 0.000000000000000000e+00 0.000000000000000000e+00 2.912831267509873670e-14
2.016000000000000000e+03 0.000000000000000000e+00 0.000000000000000000e+00 2.909769414346045407e-14
2.017000000000000000e+03 0.000000000000000000e+00 0.000000000000000000e+00 2.906711877098344045e-14
2.018000000000000000e+03 0.000000000000000000e+00 0.000000000000000000e+00 2.903658655686504564e-14
2.019000000000000000e+03 0.000000000000000000e+00 0.000000000000000000e+00 2.900609763752110534e-14
2.020000000000000000e+03 0.000000000000000000e+00 0.000000000000000000e+00 2.897565201314245446e-14
2.021000000000000000e+03 0.000000000000000000e+00 0.000000000000000000e+00 2.894524982999915825e-14
2.022000000000000000e+03 0.000000000000000000e+00 0.000000000000000000e+00 2.891489108874631836e-14
2.023000000000000000e+03 0.000000000000000000e+00 0.000000000000000000e+00 2.888457594139321554e-14
2.024000000000000000e+03 0.000000000000000000e+00 0.000000000000000000e+00 2.885430439311208891e-14
2.025000000000000000e+03 0.000000000000000000e+00 0.000000000000000000e+00 2.882407659651266228e-14
2.026000000000000000e+03 0.000000000000000000e+00 0.000000000000000000e+00 2.879389255812103677e-14
2.027000000000000000e+03 0.000000000000000000e+00 0.000000000000000000e+00 2.876375243004628720e-14
2.028000000000000000e+03 0.000000000000000000e+00 0.000000000000000000e+00 2.873365622997856889e-14
2.029000000000000000e+03 0.000000000000000000e+00 0.000000000000000000e+00 2.870360411850608804e-14
2.030000000000000000e+03 0.000000000000000000e+00 0.000000000000000000e+00 2.867359610753230766e-14
2.031000000000000000e+03 0.000000000000000000e+00 0.000000000000000000e+00 2.864363236328576418e-14
2.032000000000000000e+03 0.000000000000000000e+00 0.000000000000000000e+00 2.861371290588602051e-14
2.033000000000000000e+03 0.000000000000000000e+00 0.000000000000000000e+00 2.858383789652591005e-14
2.034000000000000000e+03 0.000000000000000000e+00 0.000000000000000000e+00 2.855400736574102043e-14
2.035000000000000000e+03 0.000000000000000000e+00 0.000000000000000000e+00 2.852422147460646175e-14
2.036000000000000000e+03 0.000000000000000000e+00 0.000000000000000000e+00 2.849448024942566495e-14
2.037000000000000000e+03 0.000000000000000000e+00 0.000000000000000000e+00 2.846478386542158811e-14
2.038000000000000000e+03 0.000000000000000000e+00 0.000000000000000000e+00 2.843513234467822818e-14
2.039000000000000000e+03 0.000000000000000000e+00 0.000000000000000000e+00 2.840552585746335136e-14
2.040000000000000000e+03 0.000000000000000000e+00 0.000000000000000000e+00 2.837596443825394365e-14
2.041000000000000000e+03 0.000000000000000000e+00 0.000000000000000000e+00 2.834644825261460775e-14
2.042000000000000000e+03 0.000000000000000000e+00 0.000000000000000000e+00 2.831697733839962937e-14
2.043000000000000000e+03 0.000000000000000000e+00 0.000000000000000000e+00 2.828755186508981021e-14
2.044000000000000000e+03 0.000000000000000000e+00 0.000000000000000000e+00 2.825817186822063299e-14
2.045000000000000000e+03 0.000000000000000000e+00 0.000000000000000000e+00 2.822883752272309208e-14
2.046000000000000000e+03 0.000000000000000000e+00 0.000000000000000000e+00 2.819954886660802420e-14
2.047000000000000000e+03 0.000000000000000000e+00 0.000000000000000000e+00 2.817030607224351561e-14
2.048000000000000000e+03 0.000000000000000000e+00 0.000000000000000000e+00 2.814110917889355276e-14
2.049000000000000000e+03 0.000000000000000000e+00 0.000000000000000000e+00 2.811195836090658780e-14
2.050000000000000000e+03 0.000000000000000000e+00 0.000000000000000000e+00 2.808285365623748620e-14
2.051000000000000000e+03 0.000000000000000000e+00 0.000000000000000000e+00 2.805379523502237849e-14
2.052000000000000000e+03 0.000000000000000000e+00 0.000000000000000000e+00 2.802478314247638625e-14
2.053000000000000000e+03 0.000000000000000000e+00 0.000000000000000000e+00 2.799581754793481683e-14
2.054000000000000000e+03 0.000000000000000000e+00 0.000000000000000000e+00 2.796689849033859290e-14
2.055000000000000000e+03 0.000000000000000000e+00 0.000000000000000000e+00 2.793802614086569045e-14
2.056000000000000000e+03 0.000000000000000000e+00 0.000000000000000000e+00 2.790920053890920090e-14
2.057000000000000000e+03 0.000000000000000000e+00 0.000000000000000000e+00 2.788042185882885710e-14
2.058000000000000000e+03 0.000000000000000000e+00 0.000000000000000000e+00 2.785169014119704391e-14
2.059000000000000000e+03 0.000000000000000000e+00 0.000000000000000000e+00 2.782300555222469669e-14
2.060000000000000000e+03 0.000000000000000000e+00 0.000000000000000000e+00 2.779436813571099796e-14
2.061000000000000000e+03 0.000000000000000000e+00 0.000000000000000000e+00 2.776577806301604645e-14
2.062000000000000000e+03 0.000000000000000000e+00 0.000000000000000000e+00 2.773723537628857303e-14
2.063000000000000000e+03 0.000000000000000000e+00 0.000000000000000000e+00 2.770874024366428320e-14
2.064000000000000000e+03 0.000000000000000000e+00 0.000000000000000000e+00 2.768029270364073142e-14
2.065000000000000000e+03 0.000000000000000000e+00 0.000000000000000000e+00 2.765189292574745204e-14
2.066000000000000000e+03 0.000000000000000000e+00 0.000000000000000000e+00 2.762354094956312393e-14
2.067000000000000000e+03 0.000000000000000000e+00 0.000000000000000000e+00 2.759523694170521403e-14
2.068000000000000000e+03 0.000000000000000000e+00 0.000000000000000000e+00 2.756698094337310962e-14
2.069000000000000000e+03 0.000000000000000000e+00 0.000000000000000000e+00 2.753877311657779383e-14
2.070000000000000000e+03 0.000000000000000000e+00 0.000000000000000000e+00 2.751061350483244290e-14
2.071000000000000000e+03 0.000000000000000000e+00 0.000000000000000000e+00 2.748250226574105906e-14
2.072000000000000000e+03 0.000000000000000000e+00 0.000000000000000000e+00 2.745443943657763245e-14
2.073000000000000000e+03 0.000000000000000000e+00 0.000000000000000000e+00 2.742642517965234537e-14
2.074000000000000000e+03 0.000000000000000000e+00 0.000000000000000000e+00 2.739845953128671101e-14
2.075000000000000000e+03 0.000000000000000000e+00 0.000000000000000000e+00 2.737054264628285226e-14
2.076000000000000000e+03 0.000000000000000000e+00 0.000000000000000000e+00 2.734267456448319257e-14
2.077000000000000000e+03 0.000000000000000000e+00 0.000000000000000000e+00 2.731485544020192543e-14
2.078000000000000000e+03 0.000000000000000000e+00 0.000000000000000000e+00 2.728708529885119831e-14
2.079000000000000000e+03 0.000000000000000000e+00 0.000000000000000000e+00 2.725936430269940597e-14
2.080000000000000000e+03 0.000000000000000000e+00 0.000000000000000000e+00 2.723169247632413468e-14
2.081000000000000000e+03 0.000000000000000000e+00 0.000000000000000000e+00 2.720406997560442553e-14
2.082000000000000000e+03 0.000000000000000000e+00 0.000000000000000000e+00 2.717649682516599479e-14
2.083000000000000000e+03 0.000000000000000000e+00 0.000000000000000000e+00 2.714897317014265769e-14
2.084000000000000000e+03 0.000000000000000000e+00 0.000000000000000000e+00 2.712149903919060071e-14
2.085000000000000000e+03 0.000000000000000000e+00 0.000000000000000000e+00 2.709407457512337199e-14
2.086000000000000000e+03 0.000000000000000000e+00 0.000000000000000000e+00 2.706669980013294145e-14
2.087000000000000000e+03 0.000000000000000000e+00 0.000000000000000000e+00 2.703937485225792317e-14
2.088000000000000000e+03 0.000000000000000000e+00 0.000000000000000000e+00 2.701209975306188049e-14
2.089000000000000000e+03 0.000000000000000000e+00 0.000000000000000000e+00 2.698487463650540158e-14
2.090000000000000000e+03 0.000000000000000000e+00 0.000000000000000000e+00 2.695769951550860495e-14
2.091000000000000000e+03 0.000000000000000000e+00 0.000000000000000000e+00 2.693057452597361378e-14
2.092000000000000000e+03 0.000000000000000000e+00 0.000000000000000000e+00 2.690349967447050344e-14
2.093000000000000000e+03 0.000000000000000000e+00 0.000000000000000000e+00 2.687647508797414223e-14
2.094000000000000000e+03 0.000000000000000000e+00 0.000000000000000000e+00 2.684950077960317970e-14
2.095000000000000000e+03 0.000000000000000000e+00 0.000000000000000000e+00 2.682257687125381658e-14
2.096000000000000000e+03 0.000000000000000000e+00 0.000000000000000000e+00 2.679570336512256663e-14
2.097000000000000000e+03 0.000000000000000000e+00 0.000000000000000000e+00 2.676888038335942921e-14
2.098000000000000000e+03 0.000000000000000000e+00 0.000000000000000000e+00 2.674210792285995582e-14
2.099000000000000000e+03 0.000000000000000000e+00 0.000000000000000000e+00 2.671538610195614424e-14
2.100000000000000000e+03 0.000000000000000000e+00 0.000000000000000000e+00 2.668871491361376910e-14
2.101000000000000000e+03 0.000000000000000000e+00 0.000000000000000000e+00 2.666209447371702750e-14
2.102000000000000000e+03 0.000000000000000000e+00 0.000000000000000000e+00 2.663552476414232607e-14
2.103000000000000000e+03 0.000000000000000000e+00 0.000000000000000000e+00 2.660900589896577378e-14
2.104000000000000000e+03 0.000000000000000000e+00 0.000000000000000000e+00 2.658253785938512970e-14
2.105000000000000000e+03 0.000000000000000000e+00 0.000000000000000000e+00 2.655612075147592914e-14
2.106000000000000000e+03 0.000000000000000000e+00 0.000000000000000000e+00 2.652975455345102033e-14
2.107000000000000000e+03 0.000000000000000000e+00 0.000000000000000000e+00 2.650343936738362755e-14
2.108000000000000000e+03 0.000000000000000000e+00 0.000000000000000000e+00 2.647717516960630805e-14
2.109000000000000000e+03 0.000000000000000000e+00 0.000000000000000000e+00 2.645096205416214591e-14
2.110000000000000000e+03 0.000000000000000000e+00 0.000000000000000000e+00 2.642479998962703738e-14
2.111000000000000000e+03 0.000000000000000000e+00 0.000000000000000000e+00 2.639868907001511536e-14
2.112000000000000000e+03 0.000000000000000000e+00 0.000000000000000000e+00 2.637262925903233163e-14
2.113000000000000000e+03 0.000000000000000000e+00 0.000000000000000000e+00 2.634662064468870092e-14
2.114000000000000000e+03 0.000000000000000000e+00 0.000000000000000000e+00 2.632066318266165045e-14
2.115000000000000000e+03 0.000000000000000000e+00 0.000000000000000000e+00 2.629475695712420391e-14
2.116000000000000000e+03 0.000000000000000000e+00 0.000000000000000000e+00 2.626890191442194895e-14
2.117000000000000000e+03 0.000000000000000000e+00 0.000000000000000000e+00 2.624309813694566422e-14
2.118000000000000000e+03 0.000000000000000000e+00 0.000000000000000000e+00 2.621734556911319169e-14
2.119000000000000000e+03 0.000000000000000000e+00 0.000000000000000000e+00 2.619164428213324768e-14
2.120000000000000000e+03 0.000000000000000000e+00 0.000000000000000000e+00 2.616599421495261455e-14
2.121000000000000000e+03 0.000000000000000000e+00 0.000000000000000000e+00 2.614039543407266103e-14
2.122000000000000000e+03 0.000000000000000000e+00 0.000000000000000000e+00 2.611484787901550467e-14
2.123000000000000000e+03 0.000000000000000000e+00 0.000000000000000000e+00 2.608935160859910680e-14
2.124000000000000000e+03 0.000000000000000000e+00 0.000000000000000000e+00 2.606390655372722595e-14
2.125000000000000000e+03 0.000000000000000000e+00 0.000000000000000000e+00 2.603851276745892426e-14
2.126000000000000000e+03 0.000000000000000000e+00 0.000000000000000000e+00 2.601317017887958854e-14
2.127000000000000000e+03 0.000000000000000000e+00 0.000000000000000000e+00 2.598787883325066857e-14
2.128000000000000000e+03 0.000000000000000000e+00 0.000000000000000000e+00 2.596263865817616188e-14
2.129000000000000000e+03 0.000000000000000000e+00 0.000000000000000000e+00 2.593744968920087868e-14
2.130000000000000000e+03 0.000000000000000000e+00 0.000000000000000000e+00 2.591231184923576936e-14
2.131000000000000000e+03 0.000000000000000000e+00 0.000000000000000000e+00 2.588722516546324207e-14
2.132000000000000000e+03 0.000000000000000000e+00 0.000000000000000000e+00 2.586218955378426513e-14
2.133000000000000000e+03 0.000000000000000000e+00 0.000000000000000000e+00 2.583720504258105361e-14
2.134000000000000000e+03 0.000000000000000000e+00 0.000000000000000000e+00 2.581227153551775285e-14
2.135000000000000000e+03 0.000000000000000000e+00 0.000000000000000000e+00 2.578738905558194634e-14
2.136000000000000000e+03 0.000000000000000000e+00 0.000000000000000000e+00 2.576255750672424319e-14
2.137000000000000000e+03 0.000000000000000000e+00 0.000000000000000000e+00 2.573777690172911888e-14
2.138000000000000000e+03 0.000000000000000000e+00 0.000000000000000000e+00 2.571304713277302960e-14
2.139000000000000000e+03 0.000000000000000000e+00 0.000000000000000000e+00 2.568836820898823627e-14
2.140000000000000000e+03 0.000000000000000000e+00 0.000000000000000000e+00 2.566374002074843019e-14
2.141000000000000000e+03 0.000000000000000000e+00 0.000000000000000000e+00 2.563916257388009067e-14
2.142000000000000000e+03 0.000000000000000000e+00 0.000000000000000000e+00 2.561463574360949856e-14
2.143000000000000000e+03 0.000000000000000000e+00 0.000000000000000000e+00 2.559015953663928941e-14
2.144000000000000000e+03 0.000000000000000000e+00 0.000000000000000000e+00 2.556573382128141293e-14
2.145000000000000000e+03 0.000000000000000000e+00 0.000000000000000000e+00 2.554135859525582760e-14
2.146000000000000000e+03 0.000000000000000000e+00 0.000000000000000000e+00 2.551703372011370536e-14
2.147000000000000000e+03 0.000000000000000000e+00 0.000000000000000000e+00 2.549275918662495709e-14
2.148000000000000000e+03 0.000000000000000000e+00 0.000000000000000000e+00 2.546853485397158770e-14
2.149000000000000000e+03 0.000000000000000000e+00 0.000000000000000000e+00 2.544436070509289609e-14
2.150000000000000000e+03 0.000000000000000000e+00 0.000000000000000000e+00 2.542023658931388083e-14
2.151000000000000000e+03 0.000000000000000000e+00 0.000000000000000000e+00 2.539616248353686815e-14
2.152000000000000000e+03 0.000000000000000000e+00 0.000000000000000000e+00 2.537213823298545520e-14
2.153000000000000000e+03 0.000000000000000000e+00 0.000000000000000000e+00 2.534816380331177672e-14
2.154000000000000000e+03 0.000000000000000000e+00 0.000000000000000000e+00 2.532423903905936863e-14
2.155000000000000000e+03 0.000000000000000000e+00 0.000000000000000000e+00 2.530036389229276355e-14
2.156000000000000000e+03 0.000000000000000000e+00 0.000000000000000000e+00 2.527653820419520554e-14
2.157000000000000000e+03 0.000000000000000000e+00 0.000000000000000000e+00 2.525276192722141674e-14
2.158000000000000000e+03 0.000000000000000000e+00 0.000000000000000000e+00 2.522903489260140962e-14
2.159000000000000000e+03 0.000000000000000000e+00 0.000000000000000000e+00 2.520535704287279827e-14
2.160000000000000000e+03 0.000000000000000000e+00 0.000000000000000000e+00 2.518172820906703254e-14
2.161000000000000000e+03 0.000000000000000000e+00 0.000000000000000000e+00 2.515814832500338411e-14
2.162000000000000000e+03 0.000000000000000000e+00 0.000000000000000000e+00 2.513461721277357448e-14
2.163000000000000000e+03 0.000000000000000000e+00 0.000000000000000000e+00 2.511113480445548697e-14
2.164000000000000000e+03 0.000000000000000000e+00 0.000000000000000000e+00 2.508770091089906086e-14
2.165000000000000000e+03 0.000000000000000000e+00 0.000000000000000000e+00 2.506431545997726683e-14
2.166000000000000000e+03 0.000000000000000000e+00 0.000000000000000000e+00 2.504097825433687526e-14
2.167000000000000000e+03 0.000000000000000000e+00 0.000000000000000000e+00 2.501768921727853066e-14
2.168000000000000000e+03 0.000000000000000000e+00 0.000000000000000000e+00 2.499444814788100448e-14
2.169000000000000000e+03 0.000000000000000000e+00 0.000000000000000000e+00 2.497125496114716581e-14
2.170000000000000000e+03 0.000000000000000000e+00 0.000000000000000000e+00 2.494810945132750926e-14
2.171000000000000000e+03 0.000000000000000000e+00 0.000000000000000000e+00 2.492501152598863720e-14
2.172000000000000000e+03 0.000000000000000000e+00 0.000000000000000000e+00 2.490196097920557632e-14
2.173000000000000000e+03 0.000000000000000000e+00 0.000000000000000000e+00 2.487895770754325393e-14
2.174000000000000000e+03 0.000000000000000000e+00 0.000000000000000000e+00 2.485600149905336191e-14
2.175000000000000000e+03 0.000000000000000000e+00 0.000000000000000000e+00 2.483309224685029946e-14
2.176000000000000000e+03 0.000000000000000000e+00 0.000000000000000000e+00 2.481022972767254961e-14
2.177000000000000000e+03 0.000000000000000000e+00 0.000000000000000000e+00 2.478741382622509971e-14
2.178000000000000000e+03 0.000000000000000000e+00 0.000000000000000000e+00 2.476464431736909528e-14
2.179000000000000000e+03 0.000000000000000000e+00 0.000000000000000000e+00 2.474192107718054341e-14
2.180000000000000000e+03 0.000000000000000000e+00 0.000000000000000000e+00 2.471924386771268815e-14
2.181000000000000000e+03 0.000000000000000000e+00 0.000000000000000000e+00 2.469661256405373444e-14
2.182000000000000000e+03 0.000000000000000000e+00 0.000000000000000000e+00 2.467402692410278479e-14
2.183000000000000000e+03 0.000000000000000000e+00 0.000000000000000000e+00 2.465148681416053439e-14
2.184000000000000000e+03 0.000000000000000000e+00 0.000000000000000000e+00 2.462899198751392844e-14
2.185000000000000000e+03 0.000000000000000000e+00 0.000000000000000000e+00 2.460654230409125951e-14
2.186000000000000000e+03 0.000000000000000000e+00 0.000000000000000000e+00 2.458413751252956691e-14
2.187000000000000000e+03 0.000000000000000000e+00 0.000000000000000000e+00 2.456177746694666514e-14
2.188000000000000000e+03 0.000000000000000000e+00 0.000000000000000000e+00 2.453946191141963353e-14
2.189000000000000000e+03 0.000000000000000000e+00 0.000000000000000000e+00 2.451719069460945172e-14
2.190000000000000000e+03 0.000000000000000000e+00 0.000000000000000000e+00 2.449496355180320281e-14
2.191000000000000000e+03 0.000000000000000000e+00 0.000000000000000000e+00 2.447278032640464178e-14
2.192000000000000000e+03 0.000000000000000000e+00 0.000000000000000000e+00 2.445064074720860219e-14
2.193000000000000000e+03 0.000000000000000000e+00 0.000000000000000000e+00 2.442854465274046009e-14
2.194000000000000000e+03 0.000000000000000000e+00 0.000000000000000000e+00 2.440649176607080610e-14
2.195000000000000000e+03 0.000000000000000000e+00 0.000000000000000000e+00 2.438448192091483591e-14
2.196000000000000000e+03 0.000000000000000000e+00 0.000000000000000000e+00 2.436251483496622951e-14
2.197000000000000000e+03 0.000000000000000000e+00 0.000000000000000000e+00 2.434059033733930914e-14
2.198000000000000000e+03 0.000000000000000000e+00 0.000000000000000000e+00 2.431870814500156099e-14
2.199000000000000000e+03 0.000000000000000000e+00 0.000000000000000000e+00 2.429686808250124154e-14
2.200000000000000000e+03 0.000000000000000000e+00 0.000000000000000000e+00 2.427506985964403072e-14
2.201000000000000000e+03 0.000000000000000000e+00 0.000000000000000000e+00 2.425331329650983388e-14
2.202000000000000000e+03 0.000000000000000000e+00 0.000000000000000000e+00 2.423159810194059851e-14
2.203000000000000000e+03 0.000000000000000000e+00 0.000000000000000000e+00 2.420992408700904138e-14
2.204000000000000000e+03 0.000000000000000000e+00 0.000000000000000000e+00 2.418829095779362612e-14
2.205000000000000000e+03 0.000000000000000000e+00 0.000000000000000000e+00 2.416669851864463982e-14
2.206000000000000000e+03 0.000000000000000000e+00 0.000000000000000000e+00 2.414514647220237159e-14
2.207000000000000000e+03 0.000000000000000000e+00 0.000000000000000000e+00 2.412363461670398240e-14
2.208000000000000000e+03 0.000000000000000000e+00 0.000000000000000000e+00 2.410216265135331285e-14
2.209000000000000000e+03 0.000000000000000000e+00 0.000000000000000000e+00 2.408073036841116418e-14
2.210000000000000000e+03 0.000000000000000000e+00 0.000000000000000000e+00 2.405933746323379629e-14
2.211000000000000000e+03 0.000000000000000000e+00 0.000000000000000000e+00 2.403798373076306780e-14
2.212000000000000000e+03 0.000000000000000000e+00 0.000000000000000000e+00 2.401666885819806344e-14
2.213000000000000000e+03 0.000000000000000000e+00 0.000000000000000000e+00 2.399539263899092849e-14
2.214000000000000000e+03 0.000000000000000000e+00 0.000000000000000000e+00 2.397415476242137779e-14
2.215000000000000000e+03 0.000000000000000000e+00 0.000000000000000000e+00 2.395295501502570141e-14
2.216000000000000000e+03 0.000000000000000000e+00 0.000000000000000000e+00 2.393179308425676696e-14
2.217000000000000000e+03 0.000000000000000000e+00 0.000000000000000000e+00 2.391066875951838021e-14
2.218000000000000000e+03 0.000000000000000000e+00 0.000000000000000000e+00 2.388958172133497279e-14
2.219000000000000000e+03 0.000000000000000000e+00 0.000000000000000000e+00 2.386853175769051131e-14
2.220000000000000000e+03 0.000000000000000000e+00 0.000000000000000000e+00 2.384751854784999204e-14
2.221000000000000000e+03 0.000000000000000000e+00 0.000000000000000000e+00 2.382654187731490255e-14
2.222000000000000000e+03 0.000000000000000000e+00 0.000000000000000000e+00 2.380560142189166150e-14
2.223000000000000000e+03 0.000000000000000000e+00 0.000000000000000000e+00 2.378469696788531228e-14
2.224000000000000000e+03 0.000000000000000000e+00 0.000000000000000000e+00 2.376382818700458921e-14
2.225000000000000000e+03 0.000000000000000000e+00 0.000000000000000000e+00 2.374299486363675803e-14
2.226000000000000000e+03 0.000000000000000000e+00 0.000000000000000000e+00 2.372219667313202333e-14
2.227000000000000000e+03 0.000000000000000000e+00 0.000000000000000000e+00 2.370143339283719350e-14
2.228000000000000000e+03 0.000000000000000000e+00 0.000000000000000000e+00 2.368070470120026365e-14
2.229000000000000000e+03 0.000000000000000000e+00 0.000000000000000000e+00 2.366001037386962148e-14
2.230000000000000000e+03 0.000000000000000000e+00 0.000000000000000000e+00 2.363935008872252439e-14
2.231000000000000000e+03 0.000000000000000000e+00 0.000000000000000000e+00 2.361872362152384012e-14
2.232000000000000000e+03 0.000000000000000000e+00 0.000000000000000000e+00 2.359813064816050792e-14
2.233000000000000000e+03 0.000000000000000000e+00 0.000000000000000000e+00 2.357757094572637373e-14
2.234000000000000000e+03 0.000000000000000000e+00 0.000000000000000000e+00 2.355704419106761587e-14
2.235000000000000000e+03 0.000000000000000000e+00 0.000000000000000000e+00 2.353655016341133372e-14
2.236000000000000000e+03 0.000000000000000000e+00 0.000000000000000000e+00 2.351608853751842439e-14
2.237000000000000000e+03 0.000000000000000000e+00 0.000000000000000000e+00 2.349565909113834978e-14
2.238000000000000000e+03 0.000000000000000000e+00 0.000000000000000000e+00 2.347526150386164698e-14
2.239000000000000000e+03 0.000000000000000000e+00 0.000000000000000000e+00 2.345489555037727843e-14
2.240000000000000000e+03 0.000000000000000000e+00 0.000000000000000000e+00 2.343456090980416858e-14
2.241000000000000000e+03 0.000000000000000000e+00 0.000000000000000000e+00 2.341425735676975821e-14
2.242000000000000000e+03 0.000000000000000000e+00 0.000000000000000000e+00 2.339398456807184953e-14
2.243000000000000000e+03 0.000000000000000000e+00 0.000000000000000000e+00 2.337374232297902654e-14
2.244000000000000000e+03 0.000000000000000000e+00 0.000000000000000000e+00 2.335353029940662652e-14
2.245000000000000000e+03 0.000000000000000000e+00 0.000000000000000000e+00 2.333334827544906135e-14
2.246000000000000000e+03 0.000000000000000000e+00 0.000000000000000000e+00 2.331319593022661863e-14
2.247000000000000000e+03 0.000000000000000000e+00 0.000000000000000000e+00 2.329307304694668064e-14
2.248000000000000000e+03 0.000000000000000000e+00 0.000000000000000000e+00 2.327297930667536769e-14
2.249000000000000000e+03 0.000000000000000000e+00 0.000000000000000000e+00 2.325291449240765653e-14
2.250000000000000000e+03 0.000000000000000000e+00 0.000000000000000000e+00 2.323287829061127261e-14
2.251000000000000000e+03 0.000000000000000000e+00 0.000000000000000000e+00 2.321287048977639143e-14
2.252000000000000000e+03 0.000000000000000000e+00 0.000000000000000000e+00 2.319289077653197846e-14
2.253000000000000000e+03 0.000000000000000000e+00 0.000000000000000000e+00 2.317293894632920934e-14
2.254000000000000000e+03 0.000000000000000000e+00 0.000000000000000000e+00 2.315301468290418615e-14
2.255000000000000000e+03 0.000000000000000000e+00 0.000000000000000000e+00 2.313311778764900862e-14
2.256000000000000000e+03 0.000000000000000000e+00 0.000000000000000000e+00 2.311324795099833444e-14
2.257000000000000000e+03 0.000000000000000000e+00 0.000000000000000000e+00 2.309340497071578715e-14
2.258000000000000000e+03 0.000000000000000000e+00 0.000000000000000000e+00 2.307358854880741483e-14
2.259000000000000000e+03 0.000000000000000000e+00 0.000000000000000000e+00 2.305379848709408521e-14
2.260000000000000000e+03 0.000000000000000000e+00 0.000000000000000000e+00 2.303403449002545030e-14
2.261000000000000000e+03 0.000000000000000000e+00 0.000000000000000000e+00 2.301429636516323419e-14
2.262000000000000000e+03 0.000000000000000000e+00 0.000000000000000000e+00 2.299458382423970130e-14
2.263000000000000000e+03 0.000000000000000000e+00 0.000000000000000000e+00 2.297489668177864554e-14
2.264000000000000000e+03 0.000000000000000000e+00 0.000000000000000000e+00 2.295523465468934147e-14
2.265000000000000000e+03 0.000000000000000000e+00 0.000000000000000000e+00 2.293559756146078604e-14
2.266000000000000000e+03 0.000000000000000000e+00 0.000000000000000000e+00 2.291598512256770630e-14
2.267000000000000000e+03 0.000000000000000000e+00 0.000000000000000000e+00 2.289639716767899055e-14
2.268000000000000000e+03 0.000000000000000000e+00 0.000000000000000000e+00 2.287683341981615281e-14
2.269000000000000000e+03 0.000000000000000000e+00 0.000000000000000000e+00 2.285729371009997987e-14
2.270000000000000000e+03 0.000000000000000000e+00 0.000000000000000000e+00 2.283777776794494922e-14
2.271000000000000000e+03 0.000000000000000000e+00 0.000000000000000000e+00 2.281828543097842921e-14
2.272000000000000000e+03 0.000000000000000000e+00 0.000000000000000000e+00 2.279881643481740455e-14
2.273000000000000000e+03 0.000000000000000000e+00 0.000000000000000000e+00 2.277937062435671302e-14
2.274000000000000000e+03 0.000000000000000000e+00 0.000000000000000000e+00 2.275994774407282160e-14
2.275000000000000000e+03 0.000000000000000000e+00 0.000000000000000000e+00 2.274054764204728213e-14
2.276000000000000000e+03 0.000000000000000000e+00 0.000000000000000000e+00 2.272117007497122705e-14
2.277000000000000000e+03 0.000000000000000000e+00 0.000000000000000000e+00 2.270181489762499728e-14
2.278000000000000000e+03 0.000000000000000000e+00 0.000000000000000000e+00 2.268248186888333326e-14
2.279000000000000000e+03 0.000000000000000000e+00 0.000000000000000000e+00 2.266317085796441549e-14
2.280000000000000000e+03 0.000000000000000000e+00 0.000000000000000000e+00 2.264388163052779721e-14
2.281000000000000000e+03 0.000000000000000000e+00 0.000000000000000000e+00 2.262461405943722180e-14
2.282000000000000000e+03 0.000000000000000000e+00 0.000000000000000000e+00 2.260536792493214330e-14
2.283000000000000000e+03 0.000000000000000000e+00 0.000000000000000000e+00 2.258614310279930612e-14
2.284000000000000000e+03 0.000000000000000000e+00 0.000000000000000000e+00 2.256693938358969966e-14
2.285000000000000000e+03 0.000000000000000000e+00 0.000000000000000000e+00 2.254775665205031970e-14
2.286000000000000000e+03 0.000000000000000000e+00 0.000000000000000000e+00 2.252859470136133751e-14
2.287000000000000000e+03 0.000000000000000000e+00 0.000000000000000000e+00 2.250945342852611983e-14
2.288000000000000000e+03 0.000000000000000000e+00 0.000000000000000000e+00 2.249033263622853872e-14
2.289000000000000000e+03 0.000000000000000000e+00 0.000000000000000000e+00 2.247123223047085697e-14
2.290000000000000000e+03 0.000000000000000000e+00 0.000000000000000000e+00 2.245215202231298023e-14
2.291000000000000000e+03 0.000000000000000000e+00 0.000000000000000000e+00 2.243309192282843305e-14
2.292000000000000000e+03 0.000000000000000000e+00 0.000000000000000000e+00 2.241405175391892244e-14
2.293000000000000000e+03 0.000000000000000000e+00 0.000000000000000000e+00 2.239503143406180487e-14
2.294000000000000000e+03 0.000000000000000000e+00 0.000000000000000000e+00 2.237603079795839949e-14
2.295000000000000000e+03 0.000000000000000000e+00 0.000000000000000000e+00 2.235704977471036886e-14
2.296000000000000000e+03 0.000000000000000000e+00 0.000000000000000000e+00 2.233808820590053718e-14
2.297000000000000000e+03 0.000000000000000000e+00 0.000000000000000000e+00 2.231914602769579461e-14
2.298000000000000000e+03 0.000000000000000000e+00 0.000000000000000000e+00 2.230022309456521965e-14
2.299000000000000000e+03 0.000000000000000000e+00 0.000000000000000000e+00 2.228131935263665226e-14
2.300000000000000000e+03 0.000000000000000000e+00 0.000000000000000000e+00 2.226243466567176938e-14
2.301000000000000000e+03 0.000000000000000000e+00 0.000000000000000000e+00 2.224356898974358673e-14
2.302000000000000000e+03 0.000000000000000000e+00 0.000000000000000000e+00 2.222472219503973489e-14
2.303000000000000000e+03 0.000000000000000000e+00 0.000000000000000000e+00 2.220589424957286972e-14
2.304000000000000000e+03 0.000000000000000000e+00 0.000000000000000000e+00 2.218708503484176386e-14
2.305000000000000000e+03 0.000000000000000000e+00 0.000000000000000000e+00 2.216829452325528139e-14
2.306000000000000000e+03 0.000000000000000000e+00 0.000000000000000000e+00 2.214952260609189607e-14
2.307000000000000000e+03 0.000000000000000000e+00 0.000000000000000000e+00 2.213076927124329352e-14
2.308000000000000000e+03 0.000000000000000000e+00 0.000000000000000000e+00 2.211203441423985097e-14
2.309000000000000000e+03 0.000000000000000000e+00 0.000000000000000000e+00 2.209331803858560967e-14
2.310000000000000000e+03 0.000000000000000000e+00 0.000000000000000000e+00 2.207462004809729959e-14
2.311000000000000000e+03 0.000000000000000000e+00 0.000000000000000000e+00 2.205594045701380641e-14
2.312000000000000000e+03 0.000000000000000000e+00 0.000000000000000000e+00 2.203727918292345616e-14
2.313000000000000000e+03 0.000000000000000000e+00 0.000000000000000000e+00 2.201863624695517821e-14
2.314000000000000000e+03 0.000000000000000000e+00 0.000000000000000000e+00 2.200001157903416488e-14
2.315000000000000000e+03 0.000000000000000000e+00 0.000000000000000000e+00 2.198140521356425583e-14
2.316000000000000000e+03 0.000000000000000000e+00 0.000000000000000000e+00 2.196281709004750315e-14
2.317000000000000000e+03 0.000000000000000000e+00 0.000000000000000000e+00 2.194424725190011316e-14
2.318000000000000000e+03 0.000000000000000000e+00 0.000000000000000000e+00 2.192569565118237754e-14
2.319000000000000000e+03 0.000000000000000000e+00 0.000000000000000000e+00 2.190716234197421076e-14
2.320000000000000000e+03 0.000000000000000000e+00 0.000000000000000000e+00 2.188864728848810795e-14
2.321000000000000000e+03 0.000000000000000000e+00 0.000000000000000000e+00 2.187015055079201211e-14
2.322000000000000000e+03 0.000000000000000000e+00 0.000000000000000000e+00 2.185167210853732878e-14
2.323000000000000000e+03 0.000000000000000000e+00 0.000000000000000000e+00 2.183321203475201375e-14
2.324000000000000000e+03 0.000000000000000000e+00 0.000000000000000000e+00 2.181477031442536613e-14
2.325000000000000000e+03 0.000000000000000000e+00 0.000000000000000000e+00 2.179634703480357502e-14
2.326000000000000000e+03 0.000000000000000000e+00 0.000000000000000000e+00 2.177794219415616676e-14
2.327000000000000000e+03 0.000000000000000000e+00 0.000000000000000000e+00 2.175955589072702335e-14
2.328000000000000000e+03 0.000000000000000000e+00 0.000000000000000000e+00 2.174118813155035437e-14
2.329000000000000000e+03 0.000000000000000000e+00 0.000000000000000000e+00 2.172283902649046153e-14
2.330000000000000000e+03 0.000000000000000000e+00 0.000000000000000000e+00 2.170450859289127855e-14
2.331000000000000000e+03 0.000000000000000000e+00 0.000000000000000000e+00 2.168619694975287374e-14
2.332000000000000000e+03 0.000000000000000000e+00 0.000000000000000000e+00 2.166790412514867678e-14
2.333000000000000000e+03 0.000000000000000000e+00 0.000000000000000000e+00 2.164963024924242520e-14
2.334000000000000000e+03 0.000000000000000000e+00 0.000000000000000000e+00 2.163137535850834934e-14
2.335000000000000000e+03 0.000000000000000000e+00 0.000000000000000000e+00 2.161313959346367058e-14
2.336000000000000000e+03 0.000000000000000000e+00 0.000000000000000000e+00 2.159492300579482678e-14
2.337000000000000000e+03 0.000000000000000000e+00 0.000000000000000000e+00 2.157672574424237783e-14
2.338000000000000000e+03 0.000000000000000000e+00 0.000000000000000000e+00 2.155854786938261184e-14
2.339000000000000000e+03 0.000000000000000000e+00 0.000000000000000000e+00 2.154038954107669557e-14
2.340000000000000000e+03 0.000000000000000000e+00 0.000000000000000000e+00 2.152225083415403706e-14
2.341000000000000000e+03 0.000000000000000000e+00 0.000000000000000000e+00 2.150413191674493653e-14
2.342000000000000000e+03 0.000000000000000000e+00 0.000000000000000000e+00 2.148603287304817556e-14
2.343000000000000000e+03 0.000000000000000000e+00 0.000000000000000000e+00 2.146795388140796978e-14
2.344000000000000000e+03 0.000000000000000000e+00 0.000000000000000000e+00 2.144989503806933495e-14
2.345000000000000000e+03 0.000000000000000000e+00 0.000000000000000000e+00 2.143185653082146154e-14
2.346000000000000000e+03 0.000000000000000000e+00 0.000000000000000000e+00 2.141383846816409542e-14
2.347000000000000000e+03 0.000000000000000000e+00 0.000000000000000000e+00 2.139584104604857206e-14
2.348000000000000000e+03 0.000000000000000000e+00 0.000000000000000000e+00 2.137786437911640227e-14
2.349000000000000000e+03 0.000000000000000000e+00 0.000000000000000000e+00 2.135990867884638624e-14
2.350000000000000000e+03 0.000000000000000000e+00 0.000000000000000000e+00 2.134197406558133135e-14
2.351000000000000000e+03 0.000000000000000000e+00 0.000000000000000000e+00 2.132406076170097531e-14
2.352000000000000000e+03 0.000000000000000000e+00 0.000000000000000000e+00 2.130616890002871913e-14
2.353000000000000000e+03 0.000000000000000000e+00 0.000000000000000000e+00 2.128829870788018112e-14
2.354000000000000000e+03 0.000000000000000000e+00 0.000000000000000000e+00 2.127045032899345439e-14
2.355000000000000000e+03 0.000000000000000000e+00 0.000000000000000000e+00 2.125262399946202080e-14
2.356000000000000000e+03 0.000000000000000000e+00 0.000000000000000000e+00 2.123481987280790919e-14
2.357000000000000000e+03 0.000000000000000000e+00 0.000000000000000000e+00 2.121703819497610152e-14
2.358000000000000000e+03 0.000000000000000000e+00 0.000000000000000000e+00 2.119927912595367936e-14
2.359000000000000000e+03 0.000000000000000000e+00 0.000000000000000000e+00 2.118154292365794576e-14
2.360000000000000000e+03 0.000000000000000000e+00 0.000000000000000000e+00 2.116382975798829094e-14
2.361000000000000000e+03 0.000000000000000000e+00 0.000000000000000000e+00 2.114613989477832547e-14
2.362000000000000000e+03 0.000000000000000000e+00 0.000000000000000000e+00 2.112847351142664480e-14
2.363000000000000000e+03 0.000000000000000000e+00 0.000000000000000000e+00 2.111083088143021405e-14
2.364000000000000000e+03 0.000000000000000000e+00 0.000000000000000000e+00 2.109321219171260662e-14
2.365000000000000000e+03 0.000000000000000000e+00 0.000000000000000000e+00 2.107561772097797956e-14
2.366000000000000000e+03 0.000000000000000000e+00 0.000000000000000000e+00 2.105804766717503576e-14
2.367000000000000000e+03 0.000000000000000000e+00 0.000000000000000000e+00 2.104050231561294473e-14
2.368000000000000000e+03 0.000000000000000000e+00 0.000000000000000000e+00 2.102298186807869095e-14
2.369000000000000000e+03 0.000000000000000000e+00 0.000000000000000000e+00 2.100548662143769771e-14
2.370000000000000000e+03 0.000000000000000000e+00 0.000000000000000000e+00 2.098801678384534468e-14
2.371000000000000000e+03 0.000000000000000000e+00 0.000000000000000000e+00 2.097057265716938307e-14
2.372000000000000000e+03 0.000000000000000000e+00 0.000000000000000000e+00 2.095315445875794963e-14
2.373000000000000000e+03 0.000000000000000000e+00 0.000000000000000000e+00 2.093576249585748270e-14
2.374000000000000000e+03 0.000000000000000000e+00 0.000000000000000000e+00 2.091839699272114159e-14
2.375000000000000000e+03 0.000000000000000000e+00 0.000000000000000000e+00 2.090105826599127234e-14
2.376000000000000000e+03 0.000000000000000000e+00 0.000000000000000000e+00 2.088374654243475846e-14
2.377000000000000000e+03 0.000000000000000000e+00 0.000000000000000000e+00 2.086646214625460031e-14
2.378000000000000000e+03 0.000000000000000000e+00 0.000000000000000000e+00 2.084920531237320311e-14
2.379000000000000000e+03 0.000000000000000000e+00 0.000000000000000000e+00 2.083197636781516492e-14
2.380000000000000000e+03 0.000000000000000000e+00 0.000000000000000000e+00 2.081477555361285849e-14
2.381000000000000000e+03 0.000000000000000000e+00 0.000000000000000000e+00 2.079760320225138336e-14
2.382000000000000000e+03 0.000000000000000000e+00 0.000000000000000000e+00 2.078045955962121751e-14
2.383000000000000000e+03 0.000000000000000000e+00 0.000000000000000000e+00 2.076334496376309230e-14
2.384000000000000000e+03 0.000000000000000000e+00 0.000000000000000000e+00 2.074625966393550524e-14
2.385000000000000000e+03 0.000000000000000000e+00 0.000000000000000000e+00 2.072920400319828364e-14
2.386000000000000000e+03 0.000000000000000000e+00 0.000000000000000000e+00 2.071217823556170127e-14
2.387000000000000000e+03 0.000000000000000000e+00 0.000000000000000000e+00 2.069518270890976965e-14
2.388000000000000000e+03 0.000000000000000000e+00 0.000000000000000000e+00 2.067821768309355808e-14
2.389000000000000000e+03 0.000000000000000000e+00 0.000000000000000000e+00 2.066128350920909565e-14
2.390000000000000000e+03 0.000000000000000000e+00 0.000000000000000000e+00 2.064438044939937977e-14
2.391000000000000000e+03 0.000000000000000000e+00 0.000000000000000000e+00 2.062750885803183306e-14
2.392000000000000000e+03 0.000000000000000000e+00 0.000000000000000000e+00 2.061066900219242380e-14
2.393000000000000000e+03 0.000000000000000000e+00 0.000000000000000000e+00 2.059386123853430226e-14
2.394000000000000000e+03 0.000000000000000000e+00 0.000000000000000000e+00 2.057708583524813542e-14
2.395000000000000000e+03 0.000000000000000000e+00 0.000000000000000000e+00 2.056034314946616772e-14
2.396000000000000000e+03 0.000000000000000000e+00 0.000000000000000000e+00 2.054363345299499313e-14
2.397000000000000000e+03 0.000000000000000000e+00 0.000000000000000000e+00 2.052695710380246171e-14
2.398000000000000000e+03 0.000000000000000000e+00 0.000000000000000000e+00 2.051031437537315663e-14
2.399000000000000000e+03 0.000000000000000000e+00 0.000000000000000000e+00 2.049370562924365896e-14
2.400000000000000000e+03 0.000000000000000000e+00 0.000000000000000000e+00 2.047713113984408371e-14
2.401000000000000000e+03 0.000000000000000000e+00 0.000000000000000000e+00 2.046059126946769362e-14
2.402000000000000000e+03 0.000000000000000000e+00 0.000000000000000000e+00 2.044408629150903445e-14
2.403000000000000000e+03 0.000000000000000000e+00 0.000000000000000000e+00 2.042761657425274227e-14
2.404000000000000000e+03 0.000000000000000000e+00 0.000000000000000000e+00 2.041118239052813453e-14
2.405000000000000000e+03 0.000000000000000000e+00 0.000000000000000000e+00 2.039478410654098742e-14
2.406000000000000000e+03 0.000000000000000000e+00 0.000000000000000000e+00 2.037842200010643386e-14
2.407000000000000000e+03 0.000000000000000000e+00 0.000000000000000000e+00 2.036209643477984463e-14
2.408000000000000000e+03 0.000000000000000000e+00 0.000000000000000000e+00 2.034580768773555465e-14
2.409000000000000000e+03 0.000000000000000000e+00 0.000000000000000000e+00 2.032955612386504418e-14
2.410000000000000000e+03 0.000000000000000000e+00 0.000000000000000000e+00 2.031334201824953194e-14
2.411000000000000000e+03 0.000000000000000000e+00 0.000000000000000000e+00 2.029716573601277356e-14
2.412000000000000000e+03 0.000000000000000000e+00 0.000000000000000000e+00 2.028102755186346870e-14
2.413000000000000000e+03 0.000000000000000000e+00 0.000000000000000000e+00 2.026492782885338251e-14
2.414000000000000000e+03 0.000000000000000000e+00 0.000000000000000000e+00 2.024886684190060356e-14
2.415000000000000000e+03 0.000000000000000000e+00 0.000000000000000000e+00 2.023284495028642585e-14
2.416000000000000000e+03 0.000000000000000000e+00 0.000000000000000000e+00 2.021686242619747239e-14
2.417000000000000000e+03 0.000000000000000000e+00 0.000000000000000000e+00 2.020091963079524295e-14
2.418000000000000000e+03 0.000000000000000000e+00 0.000000000000000000e+00 2.018501683223924139e-14
2.419000000000000000e+03 0.000000000000000000e+00 0.000000000000000000e+00 2.016915438734768553e-14
2.420000000000000000e+03 0.000000000000000000e+00 0.000000000000000000e+00 2.015333256272117961e-14
2.421000000000000000e+03 0.000000000000000000e+00 0.000000000000000000e+00 2.013755171375286426e-14
2.422000000000000000e+03 0.000000000000000000e+00 0.000000000000000000e+00 2.012181210706864720e-14
2.423000000000000000e+03 0.000000000000000000e+00 0.000000000000000000e+00 2.010611409163046475e-14
2.424000000000000000e+03 0.000000000000000000e+00 0.000000000000000000e+00 2.009045793117004229e-14
2.425000000000000000e+03 0.000000000000000000e+00 0.000000000000000000e+00 2.007484397255144783e-14
2.426000000000000000e+03 0.000000000000000000e+00 0.000000000000000000e+00 2.005927247610091002e-14
2.427000000000000000e+03 0.000000000000000000e+00 0.000000000000000000e+00 2.004374378166810662e-14
2.428000000000000000e+03 0.000000000000000000e+00 0.000000000000000000e+00 2.002825814374771615e-14
2.429000000000000000e+03 0.000000000000000000e+00 0.000000000000000000e+00 2.001281589841447084e-14
2.430000000000000000e+03 0.000000000000000000e+00 0.000000000000000000e+00 1.999741729448697095e-14
2.431000000000000000e+03 0.000000000000000000e+00 0.000000000000000000e+00 1.998206265934638598e-14
2.432000000000000000e+03 0.000000000000000000e+00 0.000000000000000000e+00 1.996675223857335774e-14
2.433000000000000000e+03 0.000000000000000000e+00 0.000000000000000000e+00 1.995148635274469496e-14
2.434000000000000000e+03 0.000000000000000000e+00 0.000000000000000000e+00 1.993626524130203868e-14
2.435000000000000000e+03 0.000000000000000000e+00 0.000000000000000000e+00 1.992108922045949706e-14
2.436000000000000000e+03 0.000000000000000000e+00 0.000000000000000000e+00 1.990595852032435988e-14
2.437000000000000000e+03 0.000000000000000000e+00 0.000000000000000000e+00 1.989087345202186932e-14
2.438000000000000000e+03 0.000000000000000000e+00 0.000000000000000000e+00 1.987583423799130632e-14
2.439000000000000000e+03 0.000000000000000000e+00 0.000000000000000000e+00 1.986084118482245195e-14
2.440000000000000000e+03 0.000000000000000000e+00 0.000000000000000000e+00 1.984589450625173796e-14
2.441000000000000000e+03 0.000000000000000000e+00 0.000000000000000000e+00 1.983099450150102875e-14
2.442000000000000000e+03 0.000000000000000000e+00 0.000000000000000000e+00 1.981614137713751243e-14
2.443000000000000000e+03 0.000000000000000000e+00 0.000000000000000000e+00 1.980133542122041599e-14
2.444000000000000000e+03 0.000000000000000000e+00 0.000000000000000000e+00 1.978657683435057374e-14
2.445000000000000000e+03 0.000000000000000000e+00 0.000000000000000000e+00 1.977186589651673646e-14
2.446000000000000000e+03 0.000000000000000000e+00 0.000000000000000000e+00 1.975720279994705278e-14
2.447000000000000000e+03 0.000000000000000000e+00 0.000000000000000000e+00 1.974258781616449911e-14
2.448000000000000000e+03 0.000000000000000000e+00 0.000000000000000000e+00 1.972802112750233349e-14
2.449000000000000000e+03 0.000000000000000000e+00 0.000000000000000000e+00 1.971350299326151466e-14
2.450000000000000000e+03 0.000000000000000000e+00 0.000000000000000000e+00 1.969903358931830376e-14
2.451000000000000000e+03 0.000000000000000000e+00 0.000000000000000000e+00 1.968461316601848531e-14
2.452000000000000000e+03 0.000000000000000000e+00 0.000000000000000000e+00 1.967024188800420594e-14
2.453000000000000000e+03 0.000000000000000000e+00 0.000000000000000000e+00 1.965591999593365644e-14
2.454000000000000000e+03 0.000000000000000000e+00 0.000000000000000000e+00 1.964164764630399774e-14
2.455000000000000000e+03 0.000000000000000000e+00 0.000000000000000000e+00 1.962742506745735814e-14
2.456000000000000000e+03 0.000000000000000000e+00 0.000000000000000000e+00 1.961325240751723159e-14
2.457000000000000000e+03 0.000000000000000000e+00 0.000000000000000000e+00 1.959912988815225135e-14
2.458000000000000000e+03 0.000000000000000000e+00 0.000000000000000000e+00 1.958505764249833039e-14
2.459000000000000000e+03 0.000000000000000000e+00 0.000000000000000000e+00 1.957103588421719849e-14
2.460000000000000000e+03 0.000000000000000000e+00 0.000000000000000000e+00 1.955706473443049593e-14
2.461000000000000000e+03 0.000000000000000000e+00 0.000000000000000000e+00 1.954314439755069721e-14
2.462000000000000000e+03 0.000000000000000000e+00 0.000000000000000000e+00 1.952927498341712871e-14
2.463000000000000000e+03 0.000000000000000000e+00 0.000000000000000000e+00 1.951545668233403984e-14
2.464000000000000000e+03 0.000000000000000000e+00 0.000000000000000000e+00 1.950168959273020898e-14
2.465000000000000000e+03 0.000000000000000000e+00 0.000000000000000000e+00 1.948797389576083456e-14
2.466000000000000000e+03 0.000000000000000000e+00 0.000000000000000000e+00 1.947430967409314677e-14
2.467000000000000000e+03 0.000000000000000000e+00 0.000000000000000000e+00 1.946069709558538666e-14
2.468000000000000000e+03 0.000000000000000000e+00 0.000000000000000000e+00 1.944713623298588723e-14
2.469000000000000000e+03 0.000000000000000000e+00 0.000000000000000000e+00 1.943362724088962281e-14
2.470000000000000000e+03 0.000000000000000000e+00 0.000000000000000000e+00 1.942017018279493906e-14
2.471000000000000000e+03 0.000000000000000000e+00 0.000000000000000000e+00 1.940676519912300250e-14
2.472000000000000000e+03 0.000000000000000000e+00 0.000000000000000000e+00 1.939341234174214970e-14
2.473000000000000000e+03 0.000000000000000000e+00 0.000000000000000000e+00 1.938011173817327637e-14
2.474000000000000000e+03 0.000000000000000000e+00 0.000000000000000000e+00 1.936686342967538875e-14
2.475000000000000000e+03 0.000000000000000000e+00 0.000000000000000000e+00 1.935366753134079378e-14
2.476000000000000000e+03 0.000000000000000000e+00 0.000000000000000000e+00 1.934052406934206300e-14
2.477000000000000000e+03 0.000000000000000000e+00 0.000000000000000000e+00 1.932743314775097767e-14
2.478000000000000000e+03 0.000000000000000000e+00 0.000000000000000000e+00 1.931439477981704047e-14
2.479000000000000000e+03 0.000000000000000000e+00 0.000000000000000000e+00 1.930140905584621422e-14
2.480000000000000000e+03 0.000000000000000000e+00 0.000000000000000000e+00 1.928847597436144208e-14
2.481000000000000000e+03 0.000000000000000000e+00 0.000000000000000000e+00 1.927559561189219991e-14
2.482000000000000000e+03 0.000000000000000000e+00 0.000000000000000000e+00 1.926276795493009667e-14
2.483000000000000000e+03 0.000000000000000000e+00 0.000000000000000000e+00 1.924999306670158923e-14
2.484000000000000000e+03 0.000000000000000000e+00 0.000000000000000000e+00 1.923727091982366527e-14
2.485000000000000000e+03 0.000000000000000000e+00 0.000000000000000000e+00 1.922460156550134926e-14
2.486000000000000000e+03 0.000000000000000000e+00 0.000000000000000000e+00 1.921198496359279455e-14
2.487000000000000000e+03 0.000000000000000000e+00 0.000000000000000000e+00 1.919942114915006044e-14
2.488000000000000000e+03 0.000000000000000000e+00 0.000000000000000000e+00 1.918691007081096873e-14
2.489000000000000000e+03 0.000000000000000000e+00 0.000000000000000000e+00 1.917445174978706779e-14
2.490000000000000000e+03 0.000000000000000000e+00 0.000000000000000000e+00 1.916204611563423682e-14
2.491000000000000000e+03 0.000000000000000000e+00 0.000000000000000000e+00 1.914969317753833824e-14
2.492000000000000000e+03 0.000000000000000000e+00 0.000000000000000000e+00 1.913739284810932309e-14
2.493000000000000000e+03 0.000000000000000000e+00 0.000000000000000000e+00 1.912514511735382571e-14
2.494000000000000000e+03 0.000000000000000000e+00 0.000000000000000000e+00 1.911294988297669317e-14
2.495000000000000000e+03 0.000000000000000000e+00 0.000000000000000000e+00 1.910080712010634967e-14
2.496000000000000000e+03 0.000000000000000000e+00 0.000000000000000000e+00 1.908871671112073438e-14
2.497000000000000000e+03 0.000000000000000000e+00 0.000000000000000000e+00 1.907667861423527671e-14
2.498000000000000000e+03 0.000000000000000000e+00 0.000000000000000000e+00 1.906469270053658681e-14
2.499000000000000000e+03 0.000000000000000000e+00 0.000000000000000000e+00 1.905275891384209832e-14
2.500000000000000000e+03 0.000000000000000000e+00 0.000000000000000000e+00 1.904087710842852756e-14
2.501000000000000000e+03 0.000000000000000000e+00 0.000000000000000000e+00 1.902904721703074013e-14
2.502000000000000000e+03 0.000000000000000000e+00 0.000000000000000000e+00 1.901726907947005276e-14
2.503000000000000000e+03 0.000000000000000000e+00 0.000000000000000000e+00 1.900554261229116318e-14
2.504000000000000000e+03 0.000000000000000000e+00 0.000000000000000000e+00 1.899386764154771114e-14
2.505000000000000000e+03 0.000000000000000000e+00 0.000000000000000000e+00 1.898224406782437195e-14
2.506000000000000000e+03 0.000000000000000000e+00 0.000000000000000000e+00 1.897067170381166463e-14
2.507000000000000000e+03 0.000000000000000000e+00 0.000000000000000000e+00 1.895915043559647780e-14
2.508000000000000000e+03 0.000000000000000000e+00 0.000000000000000000e+00 1.894768006154894915e-14
2.509000000000000000e+03 0.000000000000000000e+00 0.000000000000000000e+00 1.893626045104289511e-14
2.510000000000000000e+03 0.000000000000000000e+00 0.000000000000000000e+00 1.892489138897901312e-14
2.511000000000000000e+03 0.000000000000000000e+00 0.000000000000000000e+00 1.891357273308912930e-14
2.512000000000000000e+03 0.000000000000000000e+00 0.000000000000000000e+00 1.890230426138047062e-14
2.513000000000000000e+03 0.000000000000000000e+00 0.000000000000000000e+00 1.889108579405274829e-14
2.514000000000000000e+03 0.000000000000000000e+00 0.000000000000000000e+00 1.887991710432163549e-14
2.515000000000000000e+03 0.000000000000000000e+00 0.000000000000000000e+00 1.886879802558638912e-14
2.516000000000000000e+03 0.000000000000000000e+00 0.000000000000000000e+00 1.885772828311271888e-14
2.517000000000000000e+03 0.000000000000000000e+00 0.000000000000000000e+00 1.884670771136531721e-14
2.518000000000000000e+03 0.000000000000000000e+00 0.000000000000000000e+00 1.883573601143953014e-14
2.519000000000000000e+03 0.000000000000000000e+00 0.000000000000000000e+00 1.882481301856901278e-14
2.520000000000000000e+03 0.000000000000000000e+00 0.000000000000000000e+00 1.881393843872969578e-14
2.521000000000000000e+03 0.000000000000000000e+00 0.000000000000000000e+00 1.880311206284446912e-14
2.522000000000000000e+03 0.000000000000000000e+00 0.000000000000000000e+00 1.879233359488080781e-14
2.523000000000000000e+03 0.000000000000000000e+00 0.000000000000000000e+00 1.878160280475850209e-14
2.524000000000000000e+03 0.000000000000000000e+00 0.000000000000000000e+00 1.877091939400896138e-14
2.525000000000000000e+03 0.000000000000000000e+00 0.000000000000000000e+00 1.876028311787644625e-14
2.526000000000000000e+03 0.000000000000000000e+00 0.000000000000000000e+00 1.874969365291164035e-14
2.527000000000000000e+03 0.000000000000000000e+00 0.000000000000000000e+00 1.873915076623570788e-14
2.528000000000000000e+03 0.000000000000000000e+00 0.000000000000000000e+00 1.872865409932509043e-14
2.529000000000000000e+03 0.000000000000000000e+00 0.000000000000000000e+00 1.871820342187298269e-14
2.530000000000000000e+03 0.000000000000000000e+00 0.000000000000000000e+00 1.870779835539965222e-14
2.531000000000000000e+03 0.000000000000000000e+00 0.000000000000000000e+00 1.869743862680295877e-14
2.532000000000000000e+03 0.000000000000000000e+00 0.000000000000000000e+00 1.868712388648423225e-14
2.533000000000000000e+03 0.000000000000000000e+00 0.000000000000000000e+00 1.867685384089362544e-14
2.534000000000000000e+03 0.000000000000000000e+00 0.000000000000000000e+00 1.866662810614938110e-14
2.535000000000000000e+03 0.000000000000000000e+00 0.000000000000000000e+00 1.865644639598316950e-14
2.536000000000000000e+03 0.000000000000000000e+00 0.000000000000000000e+00 1.864630831113402085e-14
2.537000000000000000e+03 0.000000000000000000e+00 0.000000000000000000e+00 1.863621356382300307e-14
2.538000000000000000e+03 0.000000000000000000e+00 0.000000000000000000e+00 1.862616174437744143e-14
2.539000000000000000e+03 0.000000000000000000e+00 0.000000000000000000e+00 1.861615254137017459e-14
2.540000000000000000e+03 0.000000000000000000e+00 0.000000000000000000e+00 1.860618553643124486e-14
2.541000000000000000e+03 0.000000000000000000e+00 0.000000000000000000e+00 1.859626040604877923e-14
2.542000000000000000e+03 0.000000000000000000e+00 0.000000000000000000e+00 1.858637672407364487e-14
2.543000000000000000e+03 0.000000000000000000e+00 0.000000000000000000e+00 1.857653415823964169e-14
2.544000000000000000e+03 0.000000000000000000e+00 0.000000000000000000e+00 1.856673227691183817e-14
2.545000000000000000e+03 0.000000000000000000e+00 0.000000000000000000e+00 1.855697071817180355e-14
2.546000000000000000e+03 0.000000000000000000e+00 0.000000000000000000e+00 1.854724904537496724e-14
2.547000000000000000e+03 0.000000000000000000e+00 0.000000000000000000e+00 1.853756690173984708e-14
2.548000000000000000e+03 0.000000000000000000e+00 0.000000000000000000e+00 1.852792384574185586e-14
2.549000000000000000e+03 0.000000000000000000e+00 0.000000000000000000e+00 1.851831951813217540e-14
2.550000000000000000e+03 0.000000000000000000e+00 0.000000000000000000e+00 1.850875345256878376e-14
2.551000000000000000e+03 0.000000000000000000e+00 0.000000000000000000e+00 1.849922526504480721e-14
2.552000000000000000e+03 0.000000000000000000e+00 0.000000000000000000e+00 1.848973449669500331e-14
2.553000000000000000e+03 0.000000000000000000e+00 0.000000000000000000e+00 1.848028077088805431e-14
2.554000000000000000e+03 0.000000000000000000e+00 0.000000000000000000e+00 1.847086360741212275e-14
2.555000000000000000e+03 0.000000000000000000e+00 0.000000000000000000e+00 1.846148260824128894e-14
2.556000000000000000e+03 0.000000000000000000e+00 0.000000000000000000e+00 1.845213730208959452e-14
2.557000000000000000e+03 0.000000000000000000e+00 0.000000000000000000e+00 1.844282727908836123e-14
2.558000000000000000e+03 0.000000000000000000e+00 0.000000000000000000e+00 1.843355204801702729e-14
2.559000000000000000e+03 0.000000000000000000e+00 0.000000000000000000e+00 1.842431121053596194e-14
2.560000000000000000e+03 0.000000000000000000e+00 0.000000000000000000e+00 1.841510426429174078e-14
2.561000000000000000e+03 0.000000000000000000e+00 0.000000000000000000e+00 1.840593079188023374e-14
2.562000000000000000e+03 0.000000000000000000e+00 0.000000000000000000e+00 1.839679028234877936e-14
2.563000000000000000e+03 0.000000000000000000e+00 0.000000000000000000e+00 1.838768232858371090e-14
2.564000000000000000e+03 0.000000000000000000e+00 0.000000000000000000e+00 1.837860643298330128e-14
2.565000000000000000e+03 0.000000000000000000e+00 0.000000000000000000e+00 1.836956217012930994e-14
2.566000000000000000e+03 0.000000000000000000e+00 0.000000000000000000e+00 1.836054902442837710e-14
2.567000000000000000e+03 0.000000000000000000e+00 0.000000000000000000e+00 1.835156658059826023e-14
2.568000000000000000e+03 0.000000000000000000e+00 0.000000000000000000e+00 1.834261431438293179e-14
2.569000000000000000e+03 0.000000000000000000e+00 0.000000000000000000e+00 1.833369181210006329e-14
2.570000000000000000e+03 0.000000000000000000e+00 0.000000000000000000e+00 1.832479854149794131e-14
2.571000000000000000e+03 0.000000000000000000e+00 0.000000000000000000e+00 1.831593408914279481e-14
2.572000000000000000e+03 0.000000000000000000e+00 0.000000000000000000e+00 1.830709791605587691e-14
2.573000000000000000e+03 0.000000000000000000e+00 0.000000000000000000e+00 1.829828960794216349e-14
2.574000000000000000e+03 0.000000000000000000e+00 0.000000000000000000e+00 1.828950863920927769e-14
2.575000000000000000e+03 0.000000000000000000e+00 0.000000000000000000e+00 1.828075459401629623e-14
2.576000000000000000e+03 0.000000000000000000e+00 0.000000000000000000e+00 1.827202692982068894e-14
2.577000000000000000e+03 0.000000000000000000e+00 0.000000000000000000e+00 1.826332522879124280e-14
2.578000000000000000e+03 0.000000000000000000e+00 0.000000000000000000e+00 1.825464895959267040e-14
2.579000000000000000e+03 0.000000000000000000e+00 0.000000000000000000e+00 1.824599768220161208e-14
2.580000000000000000e+03 0.000000000000000000e+00 0.000000000000000000e+00 1.823737088736881895e-14
2.581000000000000000e+03 0.000000000000000000e+00 0.000000000000000000e+00 1.822876814231685857e-14
2.582000000000000000e+03 0.000000000000000000e+00 0.000000000000000000e+00 1.822018892793092133e-14
2.583000000000000000e+03 0.000000000000000000e+00 0.000000000000000000e+00 1.821163281040638007e-14
2.584000000000000000e+03 0.000000000000000000e+00 0.000000000000000000e+00 1.820309926715718791e-14
2.585000000000000000e+03 0.000000000000000000e+00 0.000000000000000000e+00 1.819458788216876172e-14
2.586000000000000000e+03 0.000000000000000000e+00 0.000000000000000000e+00 1.818609812933798770e-14
2.587000000000000000e+03 0.000000000000000000e+00 0.000000000000000000e+00 1.817762959954064509e-14
2.588000000000000000e+03 0.000000000000000000e+00 0.000000000000000000e+00 1.816918176281512155e-14
2.589000000000000000e+03 0.000000000000000000e+00 0.000000000000000000e+00 1.816075421336888093e-14
2.590000000000000000e+03 0.000000000000000000e+00 0.000000000000000000e+00 1.815234641741284297e-14
2.591000000000000000e+03 0.000000000000000000e+00 0.000000000000000000e+00 1.814395797103306489e-14
2.592000000000000000e+03 0.000000000000000000e+00 0.000000000000000000e+00 1.813558833591563916e-14
2.593000000000000000e+03 0.000000000000000000e+00 0.000000000000000000e+00 1.812723712831618706e-14
2.594000000000000000e+03 0.000000000000000000e+00 0.000000000000000000e+00 1.811890380483521992e-14
2.595000000000000000e+03 0.000000000000000000e+00 0.000000000000000000e+00 1.811058799114325615e-14
2.596000000000000000e+03 0.000000000000000000e+00 0.000000000000000000e+00 1.810228915806175091e-14
2.597000000000000000e+03 0.000000000000000000e+00 0.000000000000000000e+00 1.809400691714631747e-14
2.598000000000000000e+03 0.000000000000000000e+00 0.000000000000000000e+00 1.808574074391884184e-14
2.599000000000000000e+03 0.000000000000000000e+00 0.000000000000000000e+00 1.807749026339759648e-14
2.600000000000000000e+03 0.000000000000000000e+00 0.000000000000000000e+00 1.806925497153258221e-14
2.601000000000000000e+03 0.000000000000000000e+00 0.000000000000000000e+00 1.806103447812089618e-14
2.602000000000000000e+03 0.000000000000000000e+00 0.000000000000000000e+00 1.805282830807575037e-14
2.603000000000000000e+03 0.000000000000000000e+00 0.000000000000000000e+00 1.804463606334559658e-14
2.604000000000000000e+03 0.000000000000000000e+00 0.000000000000000000e+00 1.803645728383237948e-14
2.605000000000000000e+03 0.000000000000000000e+00 0.000000000000000000e+00 1.802829156462314916e-14
2.606000000000000000e+03 0.000000000000000000e+00 0.000000000000000000e+00 1.802013845620342907e-14
2.607000000000000000e+03 0.000000000000000000e+00 0.000000000000000000e+00 1.801199758536096032e-14
2.608000000000000000e+03 0.000000000000000000e+00 0.000000000000000000e+00 1.800386849043816638e-14
2.609000000000000000e+03 0.000000000000000000e+00 0.000000000000000000e+00 1.799575079123972534e-14
2.610000000000000000e+03 0.000000000000000000e+00 0.000000000000000000e+00 1.798764405998913799e-14
2.611000000000000000e+03 0.000000000000000000e+00 0.000000000000000000e+00 1.797954793363912938e-14
2.612000000000000000e+03 0.000000000000000000e+00 0.000000000000000000e+00 1.797146198022011112e-14
2.613000000000000000e+03 0.000000000000000000e+00 0.000000000000000000e+00 1.796338586267176081e-14
2.614000000000000000e+03 0.000000000000000000e+00 0.000000000000000000e+00 1.795531914952924746e-14
2.615000000000000000e+03 0.000000000000000000e+00 0.000000000000000000e+00 1.794726151620325289e-14
2.616000000000000000e+03 0.000000000000000000e+00 0.000000000000000000e+00 1.793921253129329822e-14
2.617000000000000000e+03 0.000000000000000000e+00 0.000000000000000000e+00 1.793117187843089521e-14
2.618000000000000000e+03 0.000000000000000000e+00 0.000000000000000000e+00 1.792313916374573930e-14
2.619000000000000000e+03 0.000000000000000000e+00 0.000000000000000000e+00 1.791511407589538650e-14
2.620000000000000000e+03 0.000000000000000000e+00 0.000000000000000000e+00 1.790709621866364292e-14
2.621000000000000000e+03 0.000000000000000000e+00 0.000000000000000000e+00 1.789908528441404791e-14
2.622000000000000000e+03 0.000000000000000000e+00 0.000000000000000000e+00 1.789108091636942018e-14
2.623000000000000000e+03 0.000000000000000000e+00 0.000000000000000000e+00 1.788308280874963394e-14
2.624000000000000000e+03 0.000000000000000000e+00 0.000000000000000000e+00 1.787509060576925753e-14
2.625000000000000000e+03 0.000000000000000000e+00 0.000000000000000000e+00 1.786710402109363380e-14
2.626000000000000000e+03 0.000000000000000000e+00 0.000000000000000000e+00 1.785912272192338102e-14
2.627000000000000000e+03 0.000000000000000000e+00 0.000000000000000000e+00 1.785114644945238028e-14
2.628000000000000000e+03 0.000000000000000000e+00 0.000000000000000000e+00 1.784317486489667648e-14
2.629000000000000000e+03 0.000000000000000000e+00 0.000000000000000000e+00 1.783520772346219157e-14
2.630000000000000000e+03 0.000000000000000000e+00 0.000000000000000000e+00 1.782724470446605919e-14
2.631000000000000000e+03 0.000000000000000000e+00 0.000000000000000000e+00 1.781928559197074266e-14
2.632000000000000000e+03 0.000000000000000000e+00 0.000000000000000000e+00 1.781133005475885138e-14
2.633000000000000000e+03 0.000000000000000000e+00 0.000000000000000000e+00 1.780337791149630167e-14
2.634000000000000000e+03 0.000000000000000000e+00 0.000000000000000000e+00 1.779542884669753947e-14
2.635000000000000000e+03 0.000000000000000000e+00 0.000000000000000000e+00 1.778748268018330404e-14
2.636000000000000000e+03 0.000000000000000000e+00 0.000000000000000000e+00 1.777953913965664231e-14
2.637000000000000000e+03 0.000000000000000000e+00 0.000000000000000000e+00 1.777159803242593410e-14
2.638000000000000000e+03 0.000000000000000000e+00 0.000000000000000000e+00 1.776365910784330849e-14
2.639000000000000000e+03 0.000000000000000000e+00 0.000000000000000000e+00 1.775572220577105564e-14
2.640000000000000000e+03 0.000000000000000000e+00 0.000000000000000000e+00 1.774778707207077185e-14
2.641000000000000000e+03 0.000000000000000000e+00 0.000000000000000000e+00 1.773985358011281960e-14
2.642000000000000000e+03 0.000000000000000000e+00 0.000000000000000000e+00 1.773192149589927238e-14
2.643000000000000000e+03 0.000000000000000000e+00 0.000000000000000000e+00 1.772399069402130541e-14
2.644000000000000000e+03 0.000000000000000000e+00 0.000000000000000000e+00 1.771606095156281550e-14
2.645000000000000000e+03 0.000000000000000000e+00 0.000000000000000000e+00 1.770813216586611452e-14
2.646000000000000000e+03 0.000000000000000000e+00 0.000000000000000000e+00 1.770020414005179740e-14
2.647000000000000000e+03 0.000000000000000000e+00 0.000000000000000000e+00 1.769227678513645815e-14
2.648000000000000000e+03 0.000000000000000000e+00 0.000000000000000000e+00 1.768434993623283529e-14
2.649000000000000000e+03 0.000000000000000000e+00 0.000000000000000000e+00 1.767642350714356814e-14
2.650000000000000000e+03 0.000000000000000000e+00 0.000000000000000000e+00 1.766849734834280789e-14
2.651000000000000000e+03 0.000000000000000000e+00 0.000000000000000000e+00 1.766057139673573015e-14
2.652000000000000000e+03 0.000000000000000000e+00 0.000000000000000000e+00 1.765264551693919387e-14
2.653000000000000000e+03 0.000000000000000000e+00 0.000000000000000000e+00 1.764471966362273657e-14
2.654000000000000000e+03 0.000000000000000000e+00 0.000000000000000000e+00 1.763679371966823123e-14
2.655000000000000000e+03 0.000000000000000000e+00 0.000000000000000000e+00 1.762886765620795358e-14
2.656000000000000000e+03 0.000000000000000000e+00 0.000000000000000000e+00 1.762094137310403600e-14
2.657000000000000000e+03 0.000000000000000000e+00 0.000000000000000000e+00 1.761301485999901878e-14
2.658000000000000000e+03 0.000000000000000000e+00 0.000000000000000000e+00 1.760508803554975266e-14
2.659000000000000000e+03 0.000000000000000000e+00 0.000000000000000000e+00 1.759716090706478149e-14
2.660000000000000000e+03 0.000000000000000000e+00 0.000000000000000000e+00 1.758923341097864016e-14
2.661000000000000000e+03 0.000000000000000000e+00 0.000000000000000000e+00 1.758130557390764707e-14
2.662000000000000000e+03 0.000000000000000000e+00 0.000000000000000000e+00 1.757337735158187801e-14
2.663000000000000000e+03 0.000000000000000000e+00 0.000000000000000000e+00 1.756544878851528026e-14
2.664000000000000000e+03 0.000000000000000000e+00 0.000000000000000000e+00 1.755751985728495040e-14
2.665000000000000000e+03 0.000000000000000000e+00 0.000000000000000000e+00 1.754959062347546196e-14
2.666000000000000000e+03 0.000000000000000000e+00 0.000000000000000000e+00 1.754166107725697695e-14
2.667000000000000000e+03 0.000000000000000000e+00 0.000000000000000000e+00 1.753373130323293106e-14
2.668000000000000000e+03 0.000000000000000000e+00 0.000000000000000000e+00 1.752580130895258745e-14
2.669000000000000000e+03 0.000000000000000000e+00 0.000000000000000000e+00 1.751787119609970661e-14
2.670000000000000000e+03 0.000000000000000000e+00 0.000000000000000000e+00 1.750994099346570155e-14
2.671000000000000000e+03 0.000000000000000000e+00 0.000000000000000000e+00 1.750201081797514753e-14
2.672000000000000000e+03 0.000000000000000000e+00 0.000000000000000000e+00 1.749408071625184450e-14
2.673000000000000000e+03 0.000000000000000000e+00 0.000000000000000000e+00 1.748615082549449688e-14
2.674000000000000000e+03 0.000000000000000000e+00 0.000000000000000000e+00 1.747822120896039022e-14
2.675000000000000000e+03 0.000000000000000000e+00 0.000000000000000000e+00 1.747029202063134566e-14
2.676000000000000000e+03 0.000000000000000000e+00 0.000000000000000000e+00 1.746236334274463899e-14
2.677000000000000000e+03 0.000000000000000000e+00 0.000000000000000000e+00 1.745443534735880113e-14
2.678000000000000000e+03 0.000000000000000000e+00 0.000000000000000000e+00 1.744650813318086379e-14
2.679000000000000000e+03 0.000000000000000000e+00 0.000000000000000000e+00 1.743858189040530166e-14
2.680000000000000000e+03 0.000000000000000000e+00 0.000000000000000000e+00 1.743065673397853608e-14
2.681000000000000000e+03 0.000000000000000000e+00 0.000000000000000000e+00 1.742273287235305383e-14
2.682000000000000000e+03 0.000000000000000000e+00 0.000000000000000000e+00 1.741481043951764645e-14
2.683000000000000000e+03 0.000000000000000000e+00 0.000000000000000000e+00 1.740688965842357507e-14
2.684000000000000000e+03 0.000000000000000000e+00 0.000000000000000000e+00 1.739897068029729906e-14
2.685000000000000000e+03 0.000000000000000000e+00 0.000000000000000000e+00 1.739105374432186772e-14
2.686000000000000000e+03 0.000000000000000000e+00 0.000000000000000000e+00 1.738313901796540512e-14
2.687000000000000000e+03 0.000000000000000000e+00 0.000000000000000000e+00 1.737522675574911762e-14
2.688000000000000000e+03 0.000000000000000000e+00 0.000000000000000000e+00 1.736731714048486200e-14
2.689000000000000000e+03 0.000000000000000000e+00 0.000000000000000000e+00 1.735941044204321297e-14
2.690000000000000000e+03 0.000000000000000000e+00 0.000000000000000000e+00 1.735150685799171473e-14
2.691000000000000000e+03 0.000000000000000000e+00 0.000000000000000000e+00 1.734360667310364152e-14
2.692000000000000000e+03 0.000000000000000000e+00 0.000000000000000000e+00 1.733571010176556005e-14
2.693000000000000000e+03 0.000000000000000000e+00 0.000000000000000000e+00 1.732781744207515115e-14
2.694000000000000000e+03 0.000000000000000000e+00 0.000000000000000000e+00 1.731992892234338941e-14
2.695000000000000000e+03 0.000000000000000000e+00 0.000000000000000000e+00 1.731204485655500527e-14
2.696000000000000000e+03 0.000000000000000000e+00 0.000000000000000000e+00 1.730416548781577247e-14
2.697000000000000000e+03 0.000000000000000000e+00 0.000000000000000000e+00 1.729629114157574479e-14
2.698000000000000000e+03 0.000000000000000000e+00 0.000000000000000000e+00 1.728842207801069299e-14
2.699000000000000000e+03 0.000000000000000000e+00 0.000000000000000000e+00 1.728055863548585426e-14
2.700000000000000000e+03 0.000000000000000000e+00 0.000000000000000000e+00 1.727270108439238207e-14
2.701000000000000000e+03 0.000000000000000000e+00 0.000000000000000000e+00 1.726484977749353147e-14
2.702000000000000000e+03 0.000000000000000000e+00 0.000000000000000000e+00 1.725700499783029178e-14
2.703000000000000000e+03 0.000000000000000000e+00 0.000000000000000000e+00 1.724916711044351252e-14
2.704000000000000000e+03 0.000000000000000000e+00 0.000000000000000000e+00 1.724133640863427833e-14
2.705000000000000000e+03 0.000000000000000000e+00 0.000000000000000000e+00 1.723351327098414151e-14
2.706000000000000000e+03 0.000000000000000000e+00 0.000000000000000000e+00 1.722569800196689628e-14
2.707000000000000000e+03 0.000000000000000000e+00 0.000000000000000000e+00 1.721789099248385245e-14
2.708000000000000000e+03 0.000000000000000000e+00 0.000000000000000000e+00 1.721009255665210814e-14
2.709000000000000000e+03 0.000000000000000000e+00 0.000000000000000000e+00 1.720230309680004306e-14
2.710000000000000000e+03 0.000000000000000000e+00 0.000000000000000000e+00 1.719452293926008028e-14
2.711000000000000000e+03 0.000000000000000000e+00 0.000000000000000000e+00 1.718675249510756810e-14
2.712000000000000000e+03 0.000000000000000000e+00 0.000000000000000000e+00 1.717899209981706072e-14
2.713000000000000000e+03 0.000000000000000000e+00 0.000000000000000000e+00 1.717124217599660796e-14
2.714000000000000000e+03 0.000000000000000000e+00 0.000000000000000000e+00 1.716350306775771176e-14
2.715000000000000000e+03 0.000000000000000000e+00 0.000000000000000000e+00 1.715577520322501144e-14
2.716000000000000000e+03 0.000000000000000000e+00 0.000000000000000000e+00 1.714805893629659211e-14
2.717000000000000000e+03 0.000000000000000000e+00 0.000000000000000000e+00 1.714035470189985088e-14
2.718000000000000000e+03 0.000000000000000000e+00 0.000000000000000000e+00 1.713266286209653244e-14
2.719000000000000000e+03 0.000000000000000000e+00 0.000000000000000000e+00 1.712498385825331301e-14
2.720000000000000000e+03 0.000000000000000000e+00 0.000000000000000000e+00 1.711731805860094315e-14
2.721000000000000000e+03 0.000000000000000000e+00 0.000000000000000000e+00 1.710966591176703043e-14
2.722000000000000000e+03 0.000000000000000000e+00 0.000000000000000000e+00 1.710202779190696745e-14
2.723000000000000000e+03 0.000000000000000000e+00 0.000000000000000000e+00 1.709440415480156312e-14
2.724000000000000000e+03 0.000000000000000000e+00 0.000000000000000000e+00 1.708679537961556198e-14
2.725000000000000000e+03 0.000000000000000000e+00 0.000000000000000000e+00 1.707920192650567275e-14
2.726000000000000000e+03 0.000000000000000000e+00 0.000000000000000000e+00 1.707162418106378953e-14
2.727000000000000000e+03 0.000000000000000000e+00 0.000000000000000000e+00 1.706406260883606824e-14
2.728000000000000000e+03 0.000000000000000000e+00 0.000000000000000000e+00 1.705651760647990637e-14
2.729000000000000000e+03 0.000000000000000000e+00 0.000000000000000000e+00 1.704898963408796028e-14
2.730000000000000000e+03 0.000000000000000000e+00 0.000000000000000000e+00 1.704147908186717494e-14
2.731000000000000000e+03 0.000000000000000000e+00 0.000000000000000000e+00 1.703398642802490487e-14
2.732000000000000000e+03 0.000000000000000000e+00 0.000000000000000000e+00 1.702651206326312419e-14
2.733000000000000000e+03 0.000000000000000000e+00 0.000000000000000000e+00 1.701905646051019652e-14
2.734000000000000000e+03 0.000000000000000000e+00 0.000000000000000000e+00 1.701162001298322751e-14
2.735000000000000000e+03 0.000000000000000000e+00 0.000000000000000000e+00 1.700420319485191020e-14
2.736000000000000000e+03 0.000000000000000000e+00 0.000000000000000000e+00 1.699680641896868510e-14
2.737000000000000000e+03 0.000000000000000000e+00 0.000000000000000000e+00 1.698943014600763059e-14
2.738000000000000000e+03 0.000000000000000000e+00 0.000000000000000000e+00 1.698207478414951504e-14
2.739000000000000000e+03 0.000000000000000000e+00 0.000000000000000000e+00 1.697474079021478716e-14
2.740000000000000000e+03 0.000000000000000000e+00 0.000000000000000000e+00 1.696742857508912151e-14
2.741000000000000000e+03 0.000000000000000000e+00 0.000000000000000000e+00 1.696013860955731943e-14
2.742000000000000000e+03 0.000000000000000000e+00 0.000000000000000000e+00 1.695287127621482160e-14
2.743000000000000000e+03 0.000000000000000000e+00 0.000000000000000000e+00 1.694562707034041216e-14
2.744000000000000000e+03 0.000000000000000000e+00 0.000000000000000000e+00 1.693840636302942597e-14
2.745000000000000000e+03 0.000000000000000000e+00 0.000000000000000000e+00 1.693120963287714782e-14
2.746000000000000000e+03 0.000000000000000000e+00 0.000000000000000000e+00 1.692403726069661554e-14
2.747000000000000000e+03 0.000000000000000000e+00 0.000000000000000000e+00 1.691688972151600795e-14
2.748000000000000000e+03 0.000000000000000000e+00 0.000000000000000000e+00 1.690976740023589300e-14
2.749000000000000000e+03 0.000000000000000000e+00 0.000000000000000000e+00 1.690267075632026488e-14
2.750000000000000000e+03 0.000000000000000000e+00 0.000000000000000000e+00 1.689560017846385059e-14
2.751000000000000000e+03 0.000000000000000000e+00 0.000000000000000000e+00 1.688855611934568007e-14
2.752000000000000000e+03 0.000000000000000000e+00 0.000000000000000000e+00 1.688153894059865429e-14
2.753000000000000000e+03 0.000000000000000000e+00 0.000000000000000000e+00 1.687454910776803936e-14
2.754000000000000000e+03 0.000000000000000000e+00 0.000000000000000000e+00 1.686758697096056652e-14
2.755000000000000000e+03 0.000000000000000000e+00 0.000000000000000000e+00 1.686065298710517493e-14
2.756000000000000000e+03 0.000000000000000000e+00 0.000000000000000000e+00 1.685374750004033548e-14
2.757000000000000000e+03 0.000000000000000000e+00 0.000000000000000000e+00 1.684687096558111574e-14
2.758000000000000000e+03 0.000000000000000000e+00 0.000000000000000000e+00 1.684002372372510806e-14
2.759000000000000000e+03 0.000000000000000000e+00 0.000000000000000000e+00 1.683320621541917893e-14
2.760000000000000000e+03 0.000000000000000000e+00 0.000000000000000000e+00 1.682641876336403463e-14
2.761000000000000000e+03 0.000000000000000000e+00 0.000000000000000000e+00 1.681966180285151654e-14
2.762000000000000000e+03 0.000000000000000000e+00 0.000000000000000000e+00 1.681293566465725315e-14
2.763000000000000000e+03 0.000000000000000000e+00 0.000000000000000000e+00 1.680624076583193013e-14
2.764000000000000000e+03 0.000000000000000000e+00 0.000000000000000000e+00 1.679957742422878552e-14
2.765000000000000000e+03 0.000000000000000000e+00 0.000000000000000000e+00 1.679294604910357473e-14
2.766000000000000000e+03 0.000000000000000000e+00 0.000000000000000000e+00 1.678634695333015744e-14
2.767000000000000000e+03 0.000000000000000000e+00 0.000000000000000000e+00 1.677978052592785168e-14
2.768000000000000000e+03 0.000000000000000000e+00 0.000000000000000000e+00 1.677324707800940406e-14
2.769000000000000000e+03 0.000000000000000000e+00 0.000000000000000000e+00 1.676674697319824514e-14
2.770000000000000000e+03 0.000000000000000000e+00 0.000000000000000000e+00 1.676028052176589291e-14
2.771000000000000000e+03 0.000000000000000000e+00 0.000000000000000000e+00 1.675384808879240642e-14
2.772000000000000000e+03 0.000000000000000000e+00 0.000000000000000000e+00 1.674744995508191888e-14
2.773000000000000000e+03 0.000000000000000000e+00 0.000000000000000000e+00 1.674108646811359207e-14
2.774000000000000000e+03 0.000000000000000000e+00 0.000000000000000000e+00 1.673475791112175880e-14
2.775000000000000000e+03 0.000000000000000000e+00 0.000000000000000000e+00 1.672846462277869669e-14
2.776000000000000000e+03 0.000000000000000000e+00 0.000000000000000000e+00 1.672220687030508307e-14
2.777000000000000000e+03 0.000000000000000000e+00 0.000000000000000000e+00 1.671598497110628808e-14
2.778000000000000000e+03 0.000000000000000000e+00 0.000000000000000000e+00 1.670979918527435283e-14
2.779000000000000000e+03 0.000000000000000000e+00 0.000000000000000000e+00 1.670364980376444740e-14
2.780000000000000000e+03 0.000000000000000000e+00 0.000000000000000000e+00 1.669753708227711572e-14
2.781000000000000000e+03 0.000000000000000000e+00 0.000000000000000000e+00 1.669146128154740256e-14
2.782000000000000000e+03 0.000000000000000000e+00 0.000000000000000000e+00 1.668542265511129958e-14
2.783000000000000000e+03 0.000000000000000000e+00 0.000000000000000000e+00 1.667942144517211101e-14
2.784000000000000000e+03 0.000000000000000000e+00 0.000000000000000000e+00 1.667345787458818281e-14
2.785000000000000000e+03 0.000000000000000000e+00 0.000000000000000000e+00 1.666753218707274000e-14
2.786000000000000000e+03 0.000000000000000000e+00 0.000000000000000000e+00 1.666164459143403618e-14
2.787000000000000000e+03 0.000000000000000000e+00 0.000000000000000000e+00 1.665579529837988307e-14
2.788000000000000000e+03 0.000000000000000000e+00 0.000000000000000000e+00 1.664998450737395304e-14
2.789000000000000000e+03 0.000000000000000000e+00 0.000000000000000000e+00 1.664421242681096302e-14
2.790000000000000000e+03 0.000000000000000000e+00 0.000000000000000000e+00 1.663847922033041111e-14
2.791000000000000000e+03 0.000000000000000000e+00 0.000000000000000000e+00 1.663278509094042902e-14
2.792000000000000000e+03 0.000000000000000000e+00 0.000000000000000000e+00 1.662713018332094982e-14
2.793000000000000000e+03 0.000000000000000000e+00 0.000000000000000000e+00 1.662151466648223545e-14
2.794000000000000000e+03 0.000000000000000000e+00 0.000000000000000000e+00 1.661593867152167818e-14
2.795000000000000000e+03 0.000000000000000000e+00 0.000000000000000000e+00 1.661040236509362896e-14
2.796000000000000000e+03 0.000000000000000000e+00 0.000000000000000000e+00 1.660490585307569473e-14
2.797000000000000000e+03 0.000000000000000000e+00 0.000000000000000000e+00 1.659944928194479269e-14
2.798000000000000000e+03 0.000000000000000000e+00 0.000000000000000000e+00 1.659403272777330113e-14
2.799000000000000000e+03 0.000000000000000000e+00 0.000000000000000000e+00 1.658865632566904547e-14
2.800000000000000000e+03 0.000000000000000000e+00 0.000000000000000000e+00 1.658332013334861418e-14
2.801000000000000000e+03 0.000000000000000000e+00 0.000000000000000000e+00 1.657802426231505073e-14
2.802000000000000000e+03 0.000000000000000000e+00 0.000000000000000000e+00 1.657276875681518465e-14
2.803000000000000000e+03 0.000000000000000000e+00 0.000000000000000000e+00 1.656755369966239367e-14
2.804000000000000000e+03 0.000000000000000000e+00 0.000000000000000000e+00 1.656237910977506115e-14
2.805000000000000000e+03 0.000000000000000000e+00 0.000000000000000000e+00 1.655724506695200860e-14
2.806000000000000000e+03 0.000000000000000000e+00 0.000000000000000000e+00 1.655215157412749882e-14
2.807000000000000000e+03 0.000000000000000000e+00 0.000000000000000000e+00 1.654709867618973049e-14
2.808000000000000000e+03 0.000000000000000000e+00 0.000000000000000000e+00 1.654208634903424140e-14
2.809000000000000000e+03 0.000000000000000000e+00 0.000000000000000000e+00 1.653711463227723177e-14
2.810000000000000000e+03 0.000000000000000000e+00 0.000000000000000000e+00 1.653218348490933516e-14
2.811000000000000000e+03 0.000000000000000000e+00 0.000000000000000000e+00 1.652729291031459444e-14
2.812000000000000000e+03 0.000000000000000000e+00 0.000000000000000000e+00 1.652244286841047900e-14
2.813000000000000000e+03 0.000000000000000000e+00 0.000000000000000000e+00 1.651763332729374990e-14
2.814000000000000000e+03 0.000000000000000000e+00 0.000000000000000000e+00 1.651286421433306850e-14
2.815000000000000000e+03 0.000000000000000000e+00 0.000000000000000000e+00 1.650813548912495456e-14
2.816000000000000000e+03 0.000000000000000000e+00 0.000000000000000000e+00 1.650344706110109217e-14
2.817000000000000000e+03 0.000000000000000000e+00 0.000000000000000000e+00 1.649879886470309170e-14
2.818000000000000000e+03 0.000000000000000000e+00 0.000000000000000000e+00 1.649419078097087061e-14
2.819000000000000000e+03 0.000000000000000000e+00 0.000000000000000000e+00 1.648962272765430733e-14
2.820000000000000000e+03 0.000000000000000000e+00 0.000000000000000000e+00 1.648509456784276419e-14
2.821000000000000000e+03 0.000000000000000000e+00 0.000000000000000000e+00 1.648060620581018232e-14
2.822000000000000000e+03 0.000000000000000000e+00 0.000000000000000000e+00 1.647615747593717736e-14
2.823000000000000000e+03 0.000000000000000000e+00 0.000000000000000000e+00 1.647174825651690360e-14
2.824000000000000000e+03 0.000000000000000000e+00 0.000000000000000000e+00 1.646737837735162993e-14
2.825000000000000000e+03 0.000000000000000000e+00 0.000000000000000000e+00 1.646304768589692182e-14
2.826000000000000000e+03 0.000000000000000000e+00 0.000000000000000000e+00 1.645875598950375125e-14
2.827000000000000000e+03 0.000000000000000000e+00 0.000000000000000000e+00 1.645450312887229856e-14
2.828000000000000000e+03 0.000000000000000000e+00 0.000000000000000000e+00 1.645028888245472405e-14
2.829000000000000000e+03 0.000000000000000000e+00 0.000000000000000000e+00 1.644611306730117073e-14
2.830000000000000000e+03 0.000000000000000000e+00 0.000000000000000000e+00 1.644197544265743714e-14
2.831000000000000000e+03 0.000000000000000000e+00 0.000000000000000000e+00 1.643787580950841615e-14
2.832000000000000000e+03 0.000000000000000000e+00 0.000000000000000000e+00 1.643381391208137360e-14
2.833000000000000000e+03 0.000000000000000000e+00 0.000000000000000000e+00 1.642978952341137453e-14
2.834000000000000000e+03 0.000000000000000000e+00 0.000000000000000000e+00 1.642580237466225863e-14
2.835000000000000000e+03 0.000000000000000000e+00 0.000000000000000000e+00 1.642185222071290819e-14
2.836000000000000000e+03 0.000000000000000000e+00 0.000000000000000000e+00 1.641793876676128238e-14
2.837000000000000000e+03 0.000000000000000000e+00 0.000000000000000000e+00 1.641406173861857243e-14
2.838000000000000000e+03 0.000000000000000000e+00 0.000000000000000000e+00 1.641022082418338391e-14
2.839000000000000000e+03 0.000000000000000000e+00 0.000000000000000000e+00 1.640641574332518878e-14
2.840000000000000000e+03 0.000000000000000000e+00 0.000000000000000000e+00 1.640264615578987292e-14
2.841000000000000000e+03 0.000000000000000000e+00 0.000000000000000000e+00 1.639891177134685077e-14
2.842000000000000000e+03 0.000000000000000000e+00 0.000000000000000000e+00 1.639521223043566936e-14
2.843000000000000000e+03 0.000000000000000000e+00 0.000000000000000000e+00 1.639154721943834917e-14
2.844000000000000000e+03 0.000000000000000000e+00 0.000000000000000000e+00 1.638791636235393858e-14
2.845000000000000000e+03 0.000000000000000000e+00 0.000000000000000000e+00 1.638431932984096770e-14
2.846000000000000000e+03 0.000000000000000000e+00 0.000000000000000000e+00 1.638075573166757616e-14
2.847000000000000000e+03 0.000000000000000000e+00 0.000000000000000000e+00 1.637722521124262450e-14
2.848000000000000000e+03 0.000000000000000000e+00 0.000000000000000000e+00 1.637372736533184302e-14
2.849000000000000000e+03 0.000000000000000000e+00 0.000000000000000000e+00 1.637026180444229423e-14
2.850000000000000000e+03 0.000000000000000000e+00 0.000000000000000000e+00 1.636682811406562078e-14
2.851000000000000000e+03 0.000000000000000000e+00 0.000000000000000000e+00 1.636342589561679938e-14
2.852000000000000000e+03 0.000000000000000000e+00 0.000000000000000000e+00 1.636005471024182729e-14
2.853000000000000000e+03 0.000000000000000000e+00 0.000000000000000000e+00 1.635671414669340662e-14
2.854000000000000000e+03 0.000000000000000000e+00 0.000000000000000000e+00 1.635340374891821489e-14
2.855000000000000000e+03 0.000000000000000000e+00 0.000000000000000000e+00 1.635012307972406371e-14
2.856000000000000000e+03 0.000000000000000000e+00 0.000000000000000000e+00 1.634687166866292278e-14
2.857000000000000000e+03 0.000000000000000000e+00 0.000000000000000000e+00 1.634364907393916490e-14
2.858000000000000000e+03 0.000000000000000000e+00 0.000000000000000000e+00 1.634045481195326203e-14
2.859000000000000000e+03 0.000000000000000000e+00 0.000000000000000000e+00 1.633728841780529622e-14
2.860000000000000000e+03 0.000000000000000000e+00 0.000000000000000000e+00 1.633414939573701054e-14
2.861000000000000000e+03 0.000000000000000000e+00 0.000000000000000000e+00 1.633103726440496864e-14
2.862000000000000000e+03 0.000000000000000000e+00 0.000000000000000000e+00 1.632795153014588515e-14
2.863000000000000000e+03 0.000000000000000000e+00 0.000000000000000000e+00 1.632489168328793418e-14
2.864000000000000000e+03 0.000000000000000000e+00 0.000000000000000000e+00 1.632185721233251836e-14
2.865000000000000000e+03 0.000000000000000000e+00 0.000000000000000000e+00 1.631884761461672102e-14
2.866000000000000000e+03 0.000000000000000000e+00 0.000000000000000000e+00 1.631586235278573804e-14
2.867000000000000000e+03 0.000000000000000000e+00 0.000000000000000000e+00 1.631290092004227063e-14
2.868000000000000000e+03 0.000000000000000000e+00 0.000000000000000000e+00 1.630996277487561553e-14
2.869000000000000000e+03 0.000000000000000000e+00 0.000000000000000000e+00 1.630704739037960171e-14
2.870000000000000000e+03 0.000000000000000000e+00 0.000000000000000000e+00 1.630415421658768484e-14
2.871000000000000000e+03 0.000000000000000000e+00 0.000000000000000000e+00 1.630128272661264232e-14
2.872000000000000000e+03 0.000000000000000000e+00 0.000000000000000000e+00 1.629843234771430120e-14
2.873000000000000000e+03 0.000000000000000000e+00 0.000000000000000000e+00 1.629560256067542301e-14
2.874000000000000000e+03 0.000000000000000000e+00 0.000000000000000000e+00 1.629279277683047178e-14
2.875000000000000000e+03 0.000000000000000000e+00 0.000000000000000000e+00 1.629000246349007091e-14
2.876000000000000000e+03 0.000000000000000000e+00 0.000000000000000000e+00 1.628723104508175913e-14
2.877000000000000000e+03 0.000000000000000000e+00 0.000000000000000000e+00 1.628447796610191747e-14
2.878000000000000000e+03 0.000000000000000000e+00 0.000000000000000000e+00 1.628174262379331941e-14
2.879000000000000000e+03 0.000000000000000000e+00 0.000000000000000000e+00 1.627902447495690057e-14
2.880000000000000000e+03 0.000000000000000000e+00 0.000000000000000000e+00 1.627632291423283716e-14
2.881000000000000000e+03 0.000000000000000000e+00 0.000000000000000000e+00 1.627363738459802210e-14
2.882000000000000000e+03 0.000000000000000000e+00 0.000000000000000000e+00 1.627096728728116318e-14
2.883000000000000000e+03 0.000000000000000000e+00 0.000000000000000000e+00 1.626831205573095053e-14
2.884000000000000000e+03 0.000000000000000000e+00 0.000000000000000000e+00 1.626567107621687524e-14
2.885000000000000000e+03 0.000000000000000000e+00 0.000000000000000000e+00 1.626304378722789328e-14
2.886000000000000000e+03 0.000000000000000000e+00 0.000000000000000000e+00 1.626042957791392036e-14
2.887000000000000000e+03 0.000000000000000000e+00 0.000000000000000000e+00 1.625782788501981041e-14
2.888000000000000000e+03 0.000000000000000000e+00 0.000000000000000000e+00 1.625523809447719801e-14
2.889000000000000000e+03 0.000000000000000000e+00 0.000000000000000000e+00 1.625265963932629166e-14
2.890000000000000000e+03 0.000000000000000000e+00 0.000000000000000000e+00 1.625009191475632106e-14
2.891000000000000000e+03 0.000000000000000000e+00 0.000000000000000000e+00 1.624753434845265956e-14
2.892000000000000000e+03 0.000000000000000000e+00 0.000000000000000000e+00 1.624498633692997147e-14
2.893000000000000000e+03 0.000000000000000000e+00 0.000000000000000000e+00 1.624244730243071709e-14
2.894000000000000000e+03 0.000000000000000000e+00 0.000000000000000000e+00 1.623991665380048220e-14
2.895000000000000000e+03 0.000000000000000000e+00 0.000000000000000000e+00 1.623739380723147004e-14
2.896000000000000000e+03 0.000000000000000000e+00 0.000000000000000000e+00 1.623487817546326052e-14
2.897000000000000000e+03 0.000000000000000000e+00 0.000000000000000000e+00 1.623236918156325733e-14
2.898000000000000000e+03 0.000000000000000000e+00 0.000000000000000000e+00 1.622986622600206346e-14
2.899000000000000000e+03 0.000000000000000000e+00 0.000000000000000000e+00 1.622736875820707484e-14
2.900000000000000000e+03 0.000000000000000000e+00 0.000000000000000000e+00 1.622487617210211569e-14
2.901000000000000000e+03 0.000000000000000000e+00 0.000000000000000000e+00 1.622238792797948750e-14
2.902000000000000000e+03 0.000000000000000000e+00 0.000000000000000000e+00 1.621990341299500127e-14
2.903000000000000000e+03 0.000000000000000000e+00 0.000000000000000000e+00 1.621742210670261936e-14
2.904000000000000000e+03 0.000000000000000000e+00 0.000000000000000000e+00 1.621494340343638000e-14
2.905000000000000000e+03 0.000000000000000000e+00 0.000000000000000000e+00 1.621246677932734967e-14
2.906000000000000000e+03 0.000000000000000000e+00 0.000000000000000000e+00 1.620999165493721322e-14
2.907000000000000000e+03 0.000000000000000000e+00 0.000000000000000000e+00 1.620751750650111630e-14
2.908000000000000000e+03 0.000000000000000000e+00 0.000000000000000000e+00 1.620504376517551805e-14
2.909000000000000000e+03 0.000000000000000000e+00 0.000000000000000000e+00 1.620256991970130347e-14
2.910000000000000000e+03 0.000000000000000000e+00 0.000000000000000000e+00 1.620009540722660165e-14
2.911000000000000000e+03 0.000000000000000000e+00 0.000000000000000000e+00 1.619761972143871422e-14
2.912000000000000000e+03 0.000000000000000000e+00 0.000000000000000000e+00 1.619514231601333708e-14
2.913000000000000000e+03 0.000000000000000000e+00 0.000000000000000000e+00 1.619266269979318140e-14
2.914000000000000000e+03 0.000000000000000000e+00 0.000000000000000000e+00 1.619018033460049704e-14
2.915000000000000000e+03 0.000000000000000000e+00 0.000000000000000000e+00 1.618769473697803489e-14
2.916000000000000000e+03 0.000000000000000000e+00 0.000000000000000000e+00 1.618520538635697901e-14
2.917000000000000000e+03 0.000000000000000000e+00 0.000000000000000000e+00 1.618271181670254672e-14
2.918000000000000000e+03 0.000000000000000000e+00 0.000000000000000000e+00 1.618021351697191604e-14
2.919000000000000000e+03 0.000000000000000000e+00 0.000000000000000000e+00 1.617771004327318499e-14
2.920000000000000000e+03 0.000000000000000000e+00 0.000000000000000000e+00 1.617520090386418117e-14
2.921000000000000000e+03 0.000000000000000000e+00 0.000000000000000000e+00 1.617268566683982292e-14
2.922000000000000000e+03 0.000000000000000000e+00 0.000000000000000000e+00 1.617016385147269854e-14
2.923000000000000000e+03 0.000000000000000000e+00 0.000000000000000000e+00 1.616763506031067735e-14
2.924000000000000000e+03 0.000000000000000000e+00 0.000000000000000000e+00 1.616509881976197003e-14
2.925000000000000000e+03 0.000000000000000000e+00 0.000000000000000000e+00 1.616255475169184774e-14
2.926000000000000000e+03 0.000000000000000000e+00 0.000000000000000000e+00 1.616000240013894075e-14
2.927000000000000000e+03 0.000000000000000000e+00 0.000000000000000000e+00 1.615744141383778213e-14
2.928000000000000000e+03 0.000000000000000000e+00 0.000000000000000000e+00 1.615487135979580760e-14
2.929000000000000000e+03 0.000000000000000000e+00 0.000000000000000000e+00 1.615229190379735243e-14
2.930000000000000000e+03 0.000000000000000000e+00 0.000000000000000000e+00 1.614970262589145860e-14
2.931000000000000000e+03 0.000000000000000000e+00 0.000000000000000000e+00 1.614710321792005802e-14
2.932000000000000000e+03 0.000000000000000000e+00 0.000000000000000000e+00 1.614449328199182642e-14
2.933000000000000000e+03 0.000000000000000000e+00 0.000000000000000000e+00 1.614187253950992023e-14
2.934000000000000000e+03 0.000000000000000000e+00 0.000000000000000000e+00 1.613924060587863152e-14
2.935000000000000000e+03 0.000000000000000000e+00 0.000000000000000000e+00 1.613659723480859006e-14
2.936000000000000000e+03 0.000000000000000000e+00 0.000000000000000000e+00 1.613394206453516770e-14
2.937000000000000000e+03 0.000000000000000000e+00 0.000000000000000000e+00 1.613127487001270917e-14
2.938000000000000000e+03 0.000000000000000000e+00 0.000000000000000000e+00 1.612859531629302297e-14
2.939000000000000000e+03 0.000000000000000000e+00 0.000000000000000000e+00 1.612590319584252219e-14
2.940000000000000000e+03 0.000000000000000000e+00 0.000000000000000000e+00 1.612319820291961533e-14
2.941000000000000000e+03 0.000000000000000000e+00 0.000000000000000000e+00 1.612048015721205233e-14
2.942000000000000000e+03 0.000000000000000000e+00 0.000000000000000000e+00 1.611774878509931983e-14
2.943000000000000000e+03 0.000000000000000000e+00 0.000000000000000000e+00 1.611500393729497568e-14
2.944000000000000000e+03 0.000000000000000000e+00 0.000000000000000000e+00 1.611224536169834486e-14
2.945000000000000000e+03 0.000000000000000000e+00 0.000000000000000000e+00 1.610947292988510607e-14
2.946000000000000000e+03 0.000000000000000000e+00 0.000000000000000000e+00 1.610668641973540706e-14
2.947000000000000000e+03 0.000000000000000000e+00 0.000000000000000000e+00 1.610388573255378714e-14
2.948000000000000000e+03 0.000000000000000000e+00 0.000000000000000000e+00 1.610107066638387445e-14
2.949000000000000000e+03 0.000000000000000000e+00 0.000000000000000000e+00 1.609824115604504274e-14
2.950000000000000000e+03 0.000000000000000000e+00 0.000000000000000000e+00 1.609539704136006654e-14
2.951000000000000000e+03 0.000000000000000000e+00 0.000000000000000000e+00 1.609253827914321629e-14
2.952000000000000000e+03 0.000000000000000000e+00 0.000000000000000000e+00 1.608966473443912183e-14
2.953000000000000000e+03 0.000000000000000000e+00 0.000000000000000000e+00 1.608677639455095328e-14
2.954000000000000000e+03 0.000000000000000000e+00 0.000000000000000000e+00 1.608387315703362366e-14
2.955000000000000000e+03 0.000000000000000000e+00 0.000000000000000000e+00 1.608095504265715904e-14
2.956000000000000000e+03 0.000000000000000000e+00 0.000000000000000000e+00 1.607802198340395584e-14
2.957000000000000000e+03 0.000000000000000000e+00 0.000000000000000000e+00 1.607507402427619052e-14
2.958000000000000000e+03 0.000000000000000000e+00 0.000000000000000000e+00 1.607211112250515694e-14
2.959000000000000000e+03 0.000000000000000000e+00 0.000000000000000000e+00 1.606913336842253481e-14
2.960000000000000000e+03 0.000000000000000000e+00 0.000000000000000000e+00 1.606614074108683443e-14
2.961000000000000000e+03 0.000000000000000000e+00 0.000000000000000000e+00 1.606313334821247171e-14
2.962000000000000000e+03 0.000000000000000000e+00 0.000000000000000000e+00 1.606011121298974215e-14
2.963000000000000000e+03 0.000000000000000000e+00 0.000000000000000000e+00 1.605707446175777419e-14
2.964000000000000000e+03 0.000000000000000000e+00 0.000000000000000000e+00 1.605402314616472386e-14
2.965000000000000000e+03 0.000000000000000000e+00 0.000000000000000000e+00 1.605095744656092743e-14
2.966000000000000000e+03 0.000000000000000000e+00 0.000000000000000000e+00 1.604787743731001471e-14
2.967000000000000000e+03 0.000000000000000000e+00 0.000000000000000000e+00 1.604478331891234123e-14
2.968000000000000000e+03 0.000000000000000000e+00 0.000000000000000000e+00 1.604167522251844638e-14
2.969000000000000000e+03 0.000000000000000000e+00 0.000000000000000000e+00 1.603855338079731005e-14
2.970000000000000000e+03 0.000000000000000000e+00 0.000000000000000000e+00 1.603541797235401471e-14
2.971000000000000000e+03 0.000000000000000000e+00 0.000000000000000000e+00 1.603226925390814534e-14
2.972000000000000000e+03 0.000000000000000000e+00 0.000000000000000000e+00 1.602910743925089958e-14
2.973000000000000000e+03 0.000000000000000000e+00 0.000000000000000000e+00 1.602593280578244111e-14
2.974000000000000000e+03 0.000000000000000000e+00 0.000000000000000000e+00 1.602274560922211401e-14
2.975000000000000000e+03 0.000000000000000000e+00 0.000000000000000000e+00 1.601954615789148253e-14
2.976000000000000000e+03 0.000000000000000000e+00 0.000000000000000000e+00 1.601633471471058785e-14
2.977000000000000000e+03 0.000000000000000000e+00 0.000000000000000000e+00 1.601311163527339561e-14
2.978000000000000000e+03 0.000000000000000000e+00 0.000000000000000000e+00 1.600987719768173289e-14
2.979000000000000000e+03 0.000000000000000000e+00 0.000000000000000000e+00 1.600663180061770649e-14
2.980000000000000000e+03 0.000000000000000000e+00 0.000000000000000000e+00 1.600337574868940316e-14
2.981000000000000000e+03 0.000000000000000000e+00 0.000000000000000000e+00 1.600010947137492665e-14
2.982000000000000000e+03 0.000000000000000000e+00 0.000000000000000000e+00 1.599683331730627375e-14
2.983000000000000000e+03 0.000000000000000000e+00 0.000000000000000000e+00 1.599354775364547153e-14
2.984000000000000000e+03 0.000000000000000000e+00 0.000000000000000000e+00 1.599025316987648339e-14
2.985000000000000000e+03 0.000000000000000000e+00 0.000000000000000000e+00 1.598695005019861463e-14
2.986000000000000000e+03 0.000000000000000000e+00 0.000000000000000000e+00 1.598363882667412273e-14
2.987000000000000000e+03 0.000000000000000000e+00 0.000000000000000000e+00 1.598032002834895130e-14
2.988000000000000000e+03 0.000000000000000000e+00 0.000000000000000000e+00 1.597699409571778548e-14
2.989000000000000000e+03 0.000000000000000000e+00 0.000000000000000000e+00 1.597366160140098918e-14
2.990000000000000000e+03 0.000000000000000000e+00 0.000000000000000000e+00 1.597032301473143052e-14
2.991000000000000000e+03 0.000000000000000000e+00 0.000000000000000000e+00 1.596697891708014965e-14
2.992000000000000000e+03 0.000000000000000000e+00 0.000000000000000000e+00 1.596362982407400456e-14
2.993000000000000000e+03 0.000000000000000000e+00 0.000000000000000000e+00 1.596027633277265177e-14
2.994000000000000000e+03 0.000000000000000000e+00 0.000000000000000000e+00 1.595691898994156113e-14
2.995000000000000000e+03 0.000000000000000000e+00 0.000000000000000000e+00 1.595355843170900318e-14
2.996000000000000000e+03 0.000000000000000000e+00 0.000000000000000000e+00 1.595019521847147825e-14
2.997000000000000000e+03 0.000000000000000000e+00 0.000000000000000000e+00 1.594683002432480096e-14
2.998000000000000000e+03 0.000000000000000000e+00 0.000000000000000000e+00 1.594346342604499448e-14
2.999000000000000000e+03 0.000000000000000000e+00 0.000000000000000000e+00 1.594009612584170859e-14
3.000000000000000000e+03 0.000000000000000000e+00 0.000000000000000000e+00 1.593672872898810598e-14
