3.000000000000000000e+01 0.000000000000000000e+00 0.000000000000000000e+00 3.708398923536938202e-11
3.100000000000000000e+01 0.000000000000000000e+00 0.000000000000000000e+00 3.478370188083994074e-11
3.200000000000000000e+01 0.000000000000000000e+00 0.000000000000000000e+00 3.269277102861258696e-11
3.300000000000000000e+01 0.000000000000000000e+00 0.000000000000000000e+00 3.078652987500676488e-11
3.400000000000000000e+01 0.000000000000000000e+00 0.000000000000000000e+00 2.904383442044462264e-11
3.500000000000000000e+01 0.000000000000000000e+00 0.000000000000000000e+00 2.744649026508701288e-11
3.600000000000000000e+01 0.000000000000000000e+00 0.000000000000000000e+00 2.597875922742185298e-11
3.700000000000000000e+01 0.000000000000000000e+00 0.000000000000000000e+00 2.462698364623215861e-11
3.800000000000000000e+01 0.000000000000000000e+00 0.000000000000000000e+00 2.337925385591018444e-11
3.900000000000000000e+01 0.000000000000000000e+00 0.000000000000000000e+00 2.222515627235882205e-11
4.000000000000000000e+01 0.000000000000000000e+00 0.000000000000000000e+00 2.115554423475462124e-11
4.100000000000000000e+01 0.000000000000000000e+00 0.000000000000000000e+00 2.016236585928915939e-11
4.200000000000000000e+01 0.000000000000000000e+00 0.000000000000000000e+00 1.923850246060950201e-11
4.300000000000000000e+01 0.000000000000000000e+00 0.000000000000000000e+00 1.837764916378805761e-11
4.400000000000000000e+01 0.000000000000000000e+00 0.000000000000000000e+00 1.757419876726073186e-11
4.500000000000000000e+01 0.000000000000000000e+00 0.000000000000000000e+00 1.682315757092612033e-11
4.600000000000000000e+01 0.000000000000000000e+00 0.000000000000000000e+00 1.612006042040391968e-11
4.700000000000000000e+01 0.000000000000000000e+00 0.000000000000000000e+00 1.546091077070766998e-11
4.800000000000000000e+01 0.000000000000000000e+00 0.000000000000000000e+00 1.484211730733842149e-11
4.900000000000000000e+01 0.000000000000000000e+00 0.000000000000000000e+00 1.426045092450842088e-11
5.000000000000000000e+01 0.000000000000000000e+00 0.000000000000000000e+00 1.371299673441582676e-11
5.100000000000000000e+01 0.000000000000000000e+00 0.000000000000000000e+00 1.319712276498478411e-11
5.200000000000000000e+01 0.000000000000000000e+00 0.000000000000000000e+00 1.271044322499436519e-11
5.300000000000000000e+01 0.000000000000000000e+00 0.000000000000000000e+00 1.225079553452060743e-11
5.400000000000000000e+01 0.000000000000000000e+00 0.000000000000000000e+00 1.181621182030563293e-11
5.500000000000000000e+01 0.000000000000000000e+00 0.000000000000000000e+00 1.140490191952270150e-11
5.600000000000000000e+01 0.000000000000000000e+00 0.000000000000000000e+00 1.101523099295378421e-11
5.700000000000000000e+01 0.000000000000000000e+00 0.000000000000000000e+00 1.064570691119335969e-11
5.800000000000000000e+01 0.000000000000000000e+00 0.000000000000000000e+00 1.029496242713630881e-11
5.900000000000000000e+01 0.000000000000000000e+00 0.000000000000000000e+00 9.961745858368292286e-12
6.000000000000000000e+01 0.000000000000000000e+00 0.000000000000000000e+00 9.644906698747778264e-12
6.100000000000000000e+01 0.000000000000000000e+00 0.000000000000000000e+00 9.343388628234960243e-12
6.200000000000000000e+01 0.000000000000000000e+00 0.000000000000000000e+00 9.056217893090767095e-12
6.300000000000000000e+01 0.000000000000000000e+00 0.000000000000000000e+00 8.782498106945885992e-12
6.400000000000000000e+01 0.000000000000000000e+00 0.000000000000000000e+00 8.521400652947697687e-12
6.500000000000000000e+01 0.000000000000000000e+00 0.000000000000000000e+00 8.272160871048182049e-12
6.600000000000000000e+01 0.000000000000000000e+00 0.000000000000000000e+00 8.034070072756852543e-12
6.700000000000000000e+01 0.000000000000000000e+00 0.000000000000000000e+00 7.806472749207032200e-12
6.800000000000000000e+01 0.000000000000000000e+00 0.000000000000000000e+00 7.588759908358472289e-12
6.900000000000000000e+01 0.000000000000000000e+00 0.000000000000000000e+00 7.380367034322390817e-12
7.000000000000000000e+01 0.000000000000000000e+00 0.000000000000000000e+00 7.180768445426768628e-12
7.100000000000000000e+01 0.000000000000000000e+00 0.000000000000000000e+00 6.989475880471526983e-12
7.200000000000000000e+01 0.000000000000000000e+00 0.000000000000000000e+00 6.806033655788438590e-12
7.300000000000000000e+01 0.000000000000000000e+00 0.000000000000000000e+00 6.630017729961058896e-12
7.400000000000000000e+01 0.000000000000000000e+00 0.000000000000000000e+00 6.461031528565587534e-12
7.500000000000000000e+01 0.000000000000000000e+00 0.000000000000000000e+00 6.298705344155174173e-12
7.600000000000000000e+01 0.000000000000000000e+00 0.000000000000000000e+00 6.142692741061227326e-12
7.700000000000000000e+01 0.000000000000000000e+00 0.000000000000000000e+00 5.992670212553866777e-12
7.800000000000000000e+01 0.000000000000000000e+00 0.000000000000000000e+00 5.848334038980321586e-12
7.900000000000000000e+01 0.000000000000000000e+00 0.000000000000000000e+00 5.709400147179315699e-12
8.000000000000000000e+01 0.000000000000000000e+00 0.000000000000000000e+00 5.575601371248529710e-12
8.100000000000000000e+01 0.000000000000000000e+00 0.000000000000000000e+00 5.446687449842113749e-12
8.200000000000000000e+01 0.000000000000000000e+00 0.000000000000000000e+00 5.322422609805777170e-12
8.300000000000000000e+01 0.000000000000000000e+00 0.000000000000000000e+00 5.202585683855512381e-12
8.400000000000000000e+01 0.000000000000000000e+00 0.000000000000000000e+00 5.086967964035792596e-12
8.500000000000000000e+01 0.000000000000000000e+00 0.000000000000000000e+00 4.975373410413703865e-12
8.600000000000000000e+01 0.000000000000000000e+00 0.000000000000000000e+00 4.867616739189255835e-12
8.700000000000000000e+01 0.000000000000000000e+00 0.000000000000000000e+00 4.763523693008067654e-12
8.800000000000000000e+01 0.000000000000000000e+00 0.000000000000000000e+00 4.662929316705176017e-12
8.900000000000000000e+01 0.000000000000000000e+00 0.000000000000000000e+00 4.565678297092190159e-12
9.000000000000000000e+01 0.000000000000000000e+00 0.000000000000000000e+00 4.471623388402209914e-12
9.100000000000000000e+01 0.000000000000000000e+00 0.000000000000000000e+00 4.380625799173021825e-12
9.200000000000000000e+01 0.000000000000000000e+00 0.000000000000000000e+00 4.292553762712370617e-12
9.300000000000000000e+01 0.000000000000000000e+00 0.000000000000000000e+00 4.207282943504852126e-12
9.400000000000000000e+01 0.000000000000000000e+00 0.000000000000000000e+00 4.124695141508696583e-12
9.500000000000000000e+01 0.000000000000000000e+00 0.000000000000000000e+00 4.044678702324854265e-12
9.600000000000000000e+01 0.000000000000000000e+00 0.000000000000000000e+00 3.967127346300317949e-12
9.700000000000000000e+01 0.000000000000000000e+00 0.000000000000000000e+00 3.891940587957392115e-12
9.800000000000000000e+01 0.000000000000000000e+00 0.000000000000000000e+00 3.819022651671603511e-12
9.900000000000000000e+01 0.000000000000000000e+00 0.000000000000000000e+00 3.748282902394321859e-12
1.000000000000000000e+02 0.000000000000000000e+00 0.000000000000000000e+00 3.679634848000516765e-12
1.010000000000000000e+02 0.000000000000000000e+00 0.000000000000000000e+00 3.612996566378349886e-12
1.020000000000000000e+02 0.000000000000000000e+00 0.000000000000000000e+00 3.548289783631131173e-12
1.030000000000000000e+02 0.000000000000000000e+00 0.000000000000000000e+00 3.485440307373928138e-12
1.040000000000000000e+02 0.000000000000000000e+00 0.000000000000000000e+00 3.424377166597705305e-12
1.050000000000000000e+02 0.000000000000000000e+00 0.000000000000000000e+00 3.365033031844240195e-12
1.060000000000000000e+02 0.000000000000000000e+00 0.000000000000000000e+00 3.307343431941582449e-12
1.070000000000000000e+02 0.000000000000000000e+00 0.000000000000000000e+00 3.251247156093550661e-12
1.080000000000000000e+02 0.000000000000000000e+00 0.000000000000000000e+00 3.196685526182289921e-12
1.090000000000000000e+02 0.000000000000000000e+00 0.000000000000000000e+00 3.143602796074565991e-12
1.100000000000000000e+02 0.000000000000000000e+00 0.000000000000000000e+00 3.091945466569837437e-12
1.110000000000000000e+02 0.000000000000000000e+00 0.000000000000000000e+00 3.041662683745458424e-12
1.120000000000000000e+02 0.000000000000000000e+00 0.000000000000000000e+00 2.992705584714722082e-12
1.130000000000000000e+02 0.000000000000000000e+00 0.000000000000000000e+00 2.945027699117968092e-12
1.140000000000000000e+02 0.000000000000000000e+00 0.000000000000000000e+00 2.898584330600751097e-12
1.150000000000000000e+02 0.000000000000000000e+00 0.000000000000000000e+00 2.853332943309897306e-12
1.160000000000000000e+02 0.000000000000000000e+00 0.000000000000000000e+00 2.809232587687666213e-12
1.170000000000000000e+02 0.000000000000000000e+00 0.000000000000000000e+00 2.766244271532605263e-12
1.180000000000000000e+02 0.000000000000000000e+00 0.000000000000000000e+00 2.724330417435237214e-12
1.190000000000000000e+02 0.000000000000000000e+00 0.000000000000000000e+00 2.683455227318060200e-12
1.200000000000000000e+02 0.000000000000000000e+00 0.000000000000000000e+00 2.643584171380348433e-12
1.210000000000000000e+02 0.000000000000000000e+00 0.000000000000000000e+00 2.604684336065431977e-12
1.220000000000000000e+02 0.000000000000000000e+00 0.000000000000000000e+00 2.566723945330901132e-12
1.230000000000000000e+02 0.000000000000000000e+00 0.000000000000000000e+00 2.529672695469363772e-12
1.240000000000000000e+02 0.000000000000000000e+00 0.000000000000000000e+00 2.493501305033604630e-12
1.250000000000000000e+02 0.000000000000000000e+00 0.000000000000000000e+00 2.458181835649495373e-12
1.260000000000000000e+02 0.000000000000000000e+00 0.000000000000000000e+00 2.423687267826027122e-12
1.270000000000000000e+02 0.000000000000000000e+00 0.000000000000000000e+00 2.389991811530606354e-12
1.280000000000000000e+02 0.000000000000000000e+00 0.000000000000000000e+00 2.357070501954527276e-12
1.290000000000000000e+02 0.000000000000000000e+00 0.000000000000000000e+00 2.324899502849899373e-12
1.300000000000000000e+02 0.000000000000000000e+00 0.000000000000000000e+00 2.293455718833860237e-12
1.310000000000000000e+02 0.000000000000000000e+00 0.000000000000000000e+00 2.262717092920741353e-12
1.320000000000000000e+02 0.000000000000000000e+00 0.000000000000000000e+00 2.232662231708287318e-12
1.330000000000000000e+02 0.000000000000000000e+00 0.000000000000000000e+00 2.203270700953377922e-12
1.340000000000000000e+02 0.000000000000000000e+00 0.000000000000000000e+00 2.174522662316304744e-12
1.350000000000000000e+02 0.000000000000000000e+00 0.000000000000000000e+00 2.146399162216400383e-12
1.360000000000000000e+02 0.000000000000000000e+00 0.000000000000000000e+00 2.118881784035931351e-12
1.370000000000000000e+02 0.000000000000000000e+00 0.000000000000000000e+00 2.091952926384343563e-12
1.380000000000000000e+02 0.000000000000000000e+00 0.000000000000000000e+00 2.065595474173986868e-12
1.390000000000000000e+02 0.000000000000000000e+00 0.000000000000000000e+00 2.039793064331533665e-12
1.400000000000000000e+02 0.000000000000000000e+00 0.000000000000000000e+00 2.014529774562486656e-12
1.410000000000000000e+02 0.000000000000000000e+00 0.000000000000000000e+00 1.989790376987021885e-12
1.420000000000000000e+02 0.000000000000000000e+00 0.000000000000000000e+00 1.965560043649520358e-12
1.430000000000000000e+02 0.000000000000000000e+00 0.000000000000000000e+00 1.941824588733115179e-12
1.440000000000000000e+02 0.000000000000000000e+00 0.000000000000000000e+00 1.918570187620479664e-12
1.450000000000000000e+02 0.000000000000000000e+00 0.000000000000000000e+00 1.895783613949621393e-12
1.460000000000000000e+02 0.000000000000000000e+00 0.000000000000000000e+00 1.873451967038509579e-12
1.470000000000000000e+02 0.000000000000000000e+00 0.000000000000000000e+00 1.851562901164472692e-12
1.480000000000000000e+02 0.000000000000000000e+00 0.000000000000000000e+00 1.830104365642321561e-12
1.490000000000000000e+02 0.000000000000000000e+00 0.000000000000000000e+00 1.809064827955024308e-12
1.500000000000000000e+02 0.000000000000000000e+00 0.000000000000000000e+00 1.788433020649789519e-12
1.510000000000000000e+02 0.000000000000000000e+00 0.000000000000000000e+00 1.768198160063946460e-12
1.520000000000000000e+02 0.000000000000000000e+00 0.000000000000000000e+00 1.748349702115675516e-12
1.530000000000000000e+02 0.000000000000000000e+00 0.000000000000000000e+00 1.728877553276730997e-12
1.540000000000000000e+02 0.000000000000000000e+00 0.000000000000000000e+00 1.709771837070880210e-12
1.550000000000000000e+02 0.000000000000000000e+00 0.000000000000000000e+00 1.691023099365555671e-12
1.560000000000000000e+02 0.000000000000000000e+00 0.000000000000000000e+00 1.672622080975473563e-12
1.570000000000000000e+02 0.000000000000000000e+00 0.000000000000000000e+00 1.654559918415476451e-12
1.580000000000000000e+02 0.000000000000000000e+00 0.000000000000000000e+00 1.636827923486373396e-12
1.590000000000000000e+02 0.000000000000000000e+00 0.000000000000000000e+00 1.619417780123327612e-12
1.600000000000000000e+02 0.000000000000000000e+00 0.000000000000000000e+00 1.602321329150022830e-12
1.610000000000000000e+02 0.000000000000000000e+00 0.000000000000000000e+00 1.585530761311698147e-12
1.620000000000000000e+02 0.000000000000000000e+00 0.000000000000000000e+00 1.569038408533032057e-12
1.630000000000000000e+02 0.000000000000000000e+00 0.000000000000000000e+00 1.552836931360653300e-12
1.640000000000000000e+02 0.000000000000000000e+00 0.000000000000000000e+00 1.536919117293059660e-12
1.650000000000000000e+02 0.000000000000000000e+00 0.000000000000000000e+00 1.521278063104652315e-12
1.660000000000000000e+02 0.000000000000000000e+00 0.000000000000000000e+00 1.505906979925226089e-12
1.670000000000000000e+02 0.000000000000000000e+00 0.000000000000000000e+00 1.490799369807362912e-12
1.680000000000000000e+02 0.000000000000000000e+00 0.000000000000000000e+00 1.475948837461385975e-12
1.690000000000000000e+02 0.000000000000000000e+00 0.000000000000000000e+00 1.461349262430531174e-12
1.700000000000000000e+02 0.000000000000000000e+00 0.000000000000000000e+00 1.446994615043464378e-12
1.710000000000000000e+02 0.000000000000000000e+00 0.000000000000000000e+00 1.432879126506832623e-12
1.720000000000000000e+02 0.000000000000000000e+00 0.000000000000000000e+00 1.418997108588665832e-12
1.730000000000000000e+02 0.000000000000000000e+00 0.000000000000000000e+00 1.405343118606738751e-12
1.740000000000000000e+02 0.000000000000000000e+00 0.000000000000000000e+00 1.391911787494200542e-12
1.750000000000000000e+02 0.000000000000000000e+00 0.000000000000000000e+00 1.378697977139067672e-12
1.760000000000000000e+02 0.000000000000000000e+00 0.000000000000000000e+00 1.365696615743708185e-12
1.770000000000000000e+02 0.000000000000000000e+00 0.000000000000000000e+00 1.352902850063144466e-12
1.780000000000000000e+02 0.000000000000000000e+00 0.000000000000000000e+00 1.340311885231131276e-12
1.790000000000000000e+02 0.000000000000000000e+00 0.000000000000000000e+00 1.327919134413927234e-12
1.800000000000000000e+02 0.000000000000000000e+00 0.000000000000000000e+00 1.315720061755882788e-12
1.810000000000000000e+02 0.000000000000000000e+00 0.000000000000000000e+00 1.303710329197785393e-12
1.820000000000000000e+02 0.000000000000000000e+00 0.000000000000000000e+00 1.291885643243195335e-12
1.830000000000000000e+02 0.000000000000000000e+00 0.000000000000000000e+00 1.280241898672299883e-12
1.840000000000000000e+02 0.000000000000000000e+00 0.000000000000000000e+00 1.268775028819772775e-12
1.850000000000000000e+02 0.000000000000000000e+00 0.000000000000000000e+00 1.257481146952891662e-12
1.860000000000000000e+02 0.000000000000000000e+00 0.000000000000000000e+00 1.246356399019664044e-12
1.870000000000000000e+02 0.000000000000000000e+00 0.000000000000000000e+00 1.235397102820251406e-12
1.880000000000000000e+02 0.000000000000000000e+00 0.000000000000000000e+00 1.224599603794576781e-12
1.890000000000000000e+02 0.000000000000000000e+00 0.000000000000000000e+00 1.213960411541453822e-12
1.900000000000000000e+02 0.000000000000000000e+00 0.000000000000000000e+00 1.203476059193194632e-12
1.910000000000000000e+02 0.000000000000000000e+00 0.000000000000000000e+00 1.193143236380284979e-12
1.920000000000000000e+02 0.000000000000000000e+00 0.000000000000000000e+00 1.182958652028156862e-12
1.930000000000000000e+02 0.000000000000000000e+00 0.000000000000000000e+00 1.172919164955044932e-12
1.940000000000000000e+02 0.000000000000000000e+00 0.000000000000000000e+00 1.163021649921695288e-12
1.950000000000000000e+02 0.000000000000000000e+00 0.000000000000000000e+00 1.153263124806745145e-12
1.960000000000000000e+02 0.000000000000000000e+00 0.000000000000000000e+00 1.143640620003522057e-12
1.970000000000000000e+02 0.000000000000000000e+00 0.000000000000000000e+00 1.134151303518780193e-12
1.980000000000000000e+02 0.000000000000000000e+00 0.000000000000000000e+00 1.124792352402591366e-12
1.990000000000000000e+02 0.000000000000000000e+00 0.000000000000000000e+00 1.115561075615916906e-12
2.000000000000000000e+02 0.000000000000000000e+00 0.000000000000000000e+00 1.106454788919388347e-12
2.010000000000000000e+02 0.000000000000000000e+00 0.000000000000000000e+00 1.097470934291881275e-12
2.020000000000000000e+02 0.000000000000000000e+00 0.000000000000000000e+00 1.088606958194064880e-12
2.030000000000000000e+02 0.000000000000000000e+00 0.000000000000000000e+00 1.079860427810239551e-12
2.040000000000000000e+02 0.000000000000000000e+00 0.000000000000000000e+00 1.071228913377951093e-12
2.050000000000000000e+02 0.000000000000000000e+00 0.000000000000000000e+00 1.062710100839228732e-12
2.060000000000000000e+02 0.000000000000000000e+00 0.000000000000000000e+00 1.054301676872772266e-12
2.070000000000000000e+02 0.000000000000000000e+00 0.000000000000000000e+00 1.046001439290295725e-12
2.080000000000000000e+02 0.000000000000000000e+00 0.000000000000000000e+00 1.037807185342823620e-12
2.090000000000000000e+02 0.000000000000000000e+00 0.000000000000000000e+00 1.029716818827701017e-12
2.100000000000000000e+02 0.000000000000000000e+00 0.000000000000000000e+00 1.021728241219301627e-12
2.110000000000000000e+02 0.000000000000000000e+00 0.000000000000000000e+00 1.013839456987418934e-12
2.120000000000000000e+02 0.000000000000000000e+00 0.000000000000000000e+00 1.006048466460585869e-12
2.130000000000000000e+02 0.000000000000000000e+00 0.000000000000000000e+00 9.983533690634172477e-13
2.140000000000000000e+02 0.000000000000000000e+00 0.000000000000000000e+00 9.907522586713917960e-13
2.150000000000000000e+02 0.000000000000000000e+00 0.000000000000000000e+00 9.832433254566859514e-13
2.160000000000000000e+02 0.000000000000000000e+00 0.000000000000000000e+00 9.758247518869739571e-13
2.170000000000000000e+02 0.000000000000000000e+00 0.000000000000000000e+00 9.684948137234950390e-13
2.180000000000000000e+02 0.000000000000000000e+00 0.000000000000000000e+00 9.612517783368001261e-13
2.190000000000000000e+02 0.000000000000000000e+00 0.000000000000000000e+00 9.540940026109700708e-13
2.200000000000000000e+02 0.000000000000000000e+00 0.000000000000000000e+00 9.470198340678554217e-13
2.210000000000000000e+02 0.000000000000000000e+00 0.000000000000000000e+00 9.400277071323632861e-13
2.220000000000000000e+02 0.000000000000000000e+00 0.000000000000000000e+00 9.331160454062440955e-13
2.230000000000000000e+02 0.000000000000000000e+00 0.000000000000000000e+00 9.262833567462458503e-13
2.240000000000000000e+02 0.000000000000000000e+00 0.000000000000000000e+00 9.195281376250993101e-13
2.250000000000000000e+02 0.000000000000000000e+00 0.000000000000000000e+00 9.128489656469538112e-13
2.260000000000000000e+02 0.000000000000000000e+00 0.000000000000000000e+00 9.062444066044235702e-13
2.270000000000000000e+02 0.000000000000000000e+00 0.000000000000000000e+00 8.997131047025768967e-13
2.280000000000000000e+02 0.000000000000000000e+00 0.000000000000000000e+00 8.932536916074828289e-13
2.290000000000000000e+02 0.000000000000000000e+00 0.000000000000000000e+00 8.868648751016931387e-13
2.300000000000000000e+02 0.000000000000000000e+00 0.000000000000000000e+00 8.805453498086096325e-13
2.310000000000000000e+02 0.000000000000000000e+00 0.000000000000000000e+00 8.742938844075769254e-13
2.320000000000000000e+02 0.000000000000000000e+00 0.000000000000000000e+00 8.681092332301363777e-13
2.330000000000000000e+02 0.000000000000000000e+00 0.000000000000000000e+00 8.619902230358310336e-13
2.340000000000000000e+02 0.000000000000000000e+00 0.000000000000000000e+00 8.559356656580268501e-13
2.350000000000000000e+02 0.000000000000000000e+00 0.000000000000000000e+00 8.499444429102547157e-13
2.360000000000000000e+02 0.000000000000000000e+00 0.000000000000000000e+00 8.440154215593742073e-13
2.370000000000000000e+02 0.000000000000000000e+00 0.000000000000000000e+00 8.381475362328089912e-13
2.380000000000000000e+02 0.000000000000000000e+00 0.000000000000000000e+00 8.323397063212153814e-13
2.390000000000000000e+02 0.000000000000000000e+00 0.000000000000000000e+00 8.265909168870305696e-13
2.400000000000000000e+02 0.000000000000000000e+00 0.000000000000000000e+00 8.209001376537198286e-13
2.410000000000000000e+02 0.000000000000000000e+00 0.000000000000000000e+00 8.152664020759714680e-13
2.420000000000000000e+02 0.000000000000000000e+00 0.000000000000000000e+00 8.096887281278799144e-13
2.430000000000000000e+02 0.000000000000000000e+00 0.000000000000000000e+00 8.041661952560119757e-13
2.440000000000000000e+02 0.000000000000000000e+00 0.000000000000000000e+00 7.986978676999277369e-13
2.450000000000000000e+02 0.000000000000000000e+00 0.000000000000000000e+00 7.932828694167608563e-13
2.460000000000000000e+02 0.000000000000000000e+00 0.000000000000000000e+00 7.879203086108474966e-13
2.470000000000000000e+02 0.000000000000000000e+00 0.000000000000000000e+00 7.826093518926552411e-13
2.480000000000000000e+02 0.000000000000000000e+00 0.000000000000000000e+00 7.773491498209310774e-13
2.490000000000000000e+02 0.000000000000000000e+00 0.000000000000000000e+00 7.721389098963405332e-13
2.500000000000000000e+02 0.000000000000000000e+00 0.000000000000000000e+00 7.669778232201122852e-13
2.510000000000000000e+02 0.000000000000000000e+00 0.000000000000000000e+00 7.618651363362601587e-13
2.520000000000000000e+02 0.000000000000000000e+00 0.000000000000000000e+00 7.568000795079962150e-13
2.530000000000000000e+02 0.000000000000000000e+00 0.000000000000000000e+00 7.517819366444626639e-13
2.540000000000000000e+02 0.000000000000000000e+00 0.000000000000000000e+00 7.468099752013810291e-13
2.550000000000000000e+02 0.000000000000000000e+00 0.000000000000000000e+00 7.418835154173597688e-13
2.560000000000000000e+02 0.000000000000000000e+00 0.000000000000000000e+00 7.370018603812514351e-13
2.570000000000000000e+02 0.000000000000000000e+00 0.000000000000000000e+00 7.321643646715730449e-13
2.580000000000000000e+02 0.000000000000000000e+00 0.000000000000000000e+00 7.273703657300381736e-13
2.590000000000000000e+02 0.000000000000000000e+00 0.000000000000000000e+00 7.226192511563711079e-13
2.600000000000000000e+02 0.000000000000000000e+00 0.000000000000000000e+00 7.179103911942349012e-13
2.610000000000000000e+02 0.000000000000000000e+00 0.000000000000000000e+00 7.132432051463906428e-13
2.620000000000000000e+02 0.000000000000000000e+00 0.000000000000000000e+00 7.086170947339229600e-13
2.630000000000000000e+02 0.000000000000000000e+00 0.000000000000000000e+00 7.040315092992890864e-13
2.640000000000000000e+02 0.000000000000000000e+00 0.000000000000000000e+00 6.994858807210250933e-13
2.650000000000000000e+02 0.000000000000000000e+00 0.000000000000000000e+00 6.949796871996582670e-13
2.660000000000000000e+02 0.000000000000000000e+00 0.000000000000000000e+00 6.905123893431852110e-13
2.670000000000000000e+02 0.000000000000000000e+00 0.000000000000000000e+00 6.860834929332725777e-13
2.680000000000000000e+02 0.000000000000000000e+00 0.000000000000000000e+00 6.816924859146983782e-13
2.690000000000000000e+02 0.000000000000000000e+00 0.000000000000000000e+00 6.773389003916714244e-13
2.700000000000000000e+02 0.000000000000000000e+00 0.000000000000000000e+00 6.730222504619167384e-13
2.710000000000000000e+02 0.000000000000000000e+00 0.000000000000000000e+00 6.687420929912286306e-13
2.720000000000000000e+02 0.000000000000000000e+00 0.000000000000000000e+00 6.644979669514276148e-13
2.730000000000000000e+02 0.000000000000000000e+00 0.000000000000000000e+00 6.602894527597460352e-13
2.740000000000000000e+02 0.000000000000000000e+00 0.000000000000000000e+00 6.561161130325404462e-13
2.750000000000000000e+02 0.000000000000000000e+00 0.000000000000000000e+00 6.519775505574323034e-13
2.760000000000000000e+02 0.000000000000000000e+00 0.000000000000000000e+00 6.478733502200108177e-13
2.770000000000000000e+02 0.000000000000000000e+00 0.000000000000000000e+00 6.438031359930963781e-13
2.780000000000000000e+02 0.000000000000000000e+00 0.000000000000000000e+00 6.397665137157992080e-13
2.790000000000000000e+02 0.000000000000000000e+00 0.000000000000000000e+00 6.357631272150059030e-13
2.800000000000000000e+02 0.000000000000000000e+00 0.000000000000000000e+00 6.317926020091145372e-13
2.810000000000000000e+02 0.000000000000000000e+00 0.000000000000000000e+00 6.278546007484814508e-13
2.820000000000000000e+02 0.000000000000000000e+00 0.000000000000000000e+00 6.239487673896369380e-13
2.830000000000000000e+02 0.000000000000000000e+00 0.000000000000000000e+00 6.200747820276564407e-13
2.840000000000000000e+02 0.000000000000000000e+00 0.000000000000000000e+00 6.162323059496504460e-13
2.850000000000000000e+02 0.000000000000000000e+00 0.000000000000000000e+00 6.124210354391497039e-13
2.860000000000000000e+02 0.000000000000000000e+00 0.000000000000000000e+00 6.086406479386284432e-13
2.870000000000000000e+02 0.000000000000000000e+00 0.000000000000000000e+00 6.048908546059350631e-13
2.880000000000000000e+02 0.000000000000000000e+00 0.000000000000000000e+00 6.011713478954060678e-13
2.890000000000000000e+02 0.000000000000000000e+00 0.000000000000000000e+00 5.974818528038559666e-13
2.900000000000000000e+02 0.000000000000000000e+00 0.000000000000000000e+00 5.938220755462940018e-13
2.910000000000000000e+02 0.000000000000000000e+00 0.000000000000000000e+00 5.901917537833052430e-13
2.920000000000000000e+02 0.000000000000000000e+00 0.000000000000000000e+00 5.865906064019901706e-13
2.930000000000000000e+02 0.000000000000000000e+00 0.000000000000000000e+00 5.830183827114733977e-13
2.940000000000000000e+02 0.000000000000000000e+00 0.000000000000000000e+00 5.794748130890591289e-13
2.950000000000000000e+02 0.000000000000000000e+00 0.000000000000000000e+00 5.759596573508696609e-13
2.960000000000000000e+02 0.000000000000000000e+00 0.000000000000000000e+00 5.724726563871049864e-13
2.970000000000000000e+02 0.000000000000000000e+00 0.000000000000000000e+00 5.690135794310702865e-13
2.980000000000000000e+02 0.000000000000000000e+00 0.000000000000000000e+00 5.655821768892996463e-13
2.990000000000000000e+02 0.000000000000000000e+00 0.000000000000000000e+00 5.621782265068073488e-13
3.000000000000000000e+02 0.000000000000000000e+00 0.000000000000000000e+00 5.588014870312169482e-13
3.010000000000000000e+02 0.000000000000000000e+00 0.000000000000000000e+00 5.554517439167867715e-13
3.020000000000000000e+02 0.000000000000000000e+00 0.000000000000000000e+00 5.521287633217202144e-13
3.030000000000000000e+02 0.000000000000000000e+00 0.000000000000000000e+00 5.488323372968416661e-13
3.040000000000000000e+02 0.000000000000000000e+00 0.000000000000000000e+00 5.455622386457404973e-13
3.050000000000000000e+02 0.000000000000000000e+00 0.000000000000000000e+00 5.423182653608293538e-13
3.060000000000000000e+02 0.000000000000000000e+00 0.000000000000000000e+00 5.391001959895515286e-13
3.070000000000000000e+02 0.000000000000000000e+00 0.000000000000000000e+00 5.359078335812687533e-13
3.080000000000000000e+02 0.000000000000000000e+00 0.000000000000000000e+00 5.327409617592208461e-13
3.090000000000000000e+02 0.000000000000000000e+00 0.000000000000000000e+00 5.295993878553378231e-13
3.100000000000000000e+02 0.000000000000000000e+00 0.000000000000000000e+00 5.264828999063855631e-13
3.110000000000000000e+02 0.000000000000000000e+00 0.000000000000000000e+00 5.233913089421239282e-13
3.120000000000000000e+02 0.000000000000000000e+00 0.000000000000000000e+00 5.203244067068206587e-13
3.130000000000000000e+02 0.000000000000000000e+00 0.000000000000000000e+00 5.172820072807874450e-13
3.140000000000000000e+02 0.000000000000000000e+00 0.000000000000000000e+00 5.142639055299275689e-13
3.150000000000000000e+02 0.000000000000000000e+00 0.000000000000000000e+00 5.112699181411442337e-13
3.160000000000000000e+02 0.000000000000000000e+00 0.000000000000000000e+00 5.082998427566743006e-13
3.170000000000000000e+02 0.000000000000000000e+00 0.000000000000000000e+00 5.053534980548996968e-13
3.180000000000000000e+02 0.000000000000000000e+00 0.000000000000000000e+00 5.024306839316879412e-13
3.190000000000000000e+02 0.000000000000000000e+00 0.000000000000000000e+00 4.995312207976997324e-13
3.200000000000000000e+02 0.000000000000000000e+00 0.000000000000000000e+00 4.966549104920931959e-13
3.210000000000000000e+02 0.000000000000000000e+00 0.000000000000000000e+00 4.938015748619062525e-13
3.220000000000000000e+02 0.000000000000000000e+00 0.000000000000000000e+00 4.909710173373214816e-13
3.230000000000000000e+02 0.000000000000000000e+00 0.000000000000000000e+00 4.881630609697473332e-13
3.240000000000000000e+02 0.000000000000000000e+00 0.000000000000000000e+00 4.853775106089911820e-13
3.250000000000000000e+02 0.000000000000000000e+00 0.000000000000000000e+00 4.826141903183905377e-13
3.260000000000000000e+02 0.000000000000000000e+00 0.000000000000000000e+00 4.798729061246563034e-13
3.270000000000000000e+02 0.000000000000000000e+00 0.000000000000000000e+00 4.771534829205279327e-13
3.280000000000000000e+02 0.000000000000000000e+00 0.000000000000000000e+00 4.744557278565554934e-13
3.290000000000000000e+02 0.000000000000000000e+00 0.000000000000000000e+00 4.717794666253345257e-13
3.300000000000000000e+02 0.000000000000000000e+00 0.000000000000000000e+00 4.691245074433944325e-13
3.310000000000000000e+02 0.000000000000000000e+00 0.000000000000000000e+00 4.664906767705802530e-13
3.320000000000000000e+02 0.000000000000000000e+00 0.000000000000000000e+00 4.638777838322732613e-13
3.330000000000000000e+02 0.000000000000000000e+00 0.000000000000000000e+00 4.612856558784324914e-13
3.340000000000000000e+02 0.000000000000000000e+00 0.000000000000000000e+00 4.587141031339554186e-13
3.350000000000000000e+02 0.000000000000000000e+00 0.000000000000000000e+00 4.561629537119198193e-13
3.360000000000000000e+02 0.000000000000000000e+00 0.000000000000000000e+00 4.536320190161952038e-13
3.370000000000000000e+02 0.000000000000000000e+00 0.000000000000000000e+00 4.511211280216558340e-13
3.380000000000000000e+02 0.000000000000000000e+00 0.000000000000000000e+00 4.486300934015806929e-13
3.390000000000000000e+02 0.000000000000000000e+00 0.000000000000000000e+00 4.461587450886139766e-13
3.400000000000000000e+02 0.000000000000000000e+00 0.000000000000000000e+00 4.437068971969365442e-13
3.410000000000000000e+02 0.000000000000000000e+00 0.000000000000000000e+00 4.412743807459556980e-13
3.420000000000000000e+02 0.000000000000000000e+00 0.000000000000000000e+00 4.388610114028721842e-13
3.430000000000000000e+02 0.000000000000000000e+00 0.000000000000000000e+00 4.364666215153966844e-13
3.440000000000000000e+02 0.000000000000000000e+00 0.000000000000000000e+00 4.340910284034809847e-13
3.450000000000000000e+02 0.000000000000000000e+00 0.000000000000000000e+00 4.317340659014655241e-13
3.460000000000000000e+02 0.000000000000000000e+00 0.000000000000000000e+00 4.293955531028028180e-13
3.470000000000000000e+02 0.000000000000000000e+00 0.000000000000000000e+00 4.270753255693114097e-13
3.480000000000000000e+02 0.000000000000000000e+00 0.000000000000000000e+00 4.247732043734623230e-13
3.490000000000000000e+02 0.000000000000000000e+00 0.000000000000000000e+00 4.224890269062904228e-13
3.500000000000000000e+02 0.000000000000000000e+00 0.000000000000000000e+00 4.202226164002800233e-13
3.510000000000000000e+02 0.000000000000000000e+00 0.000000000000000000e+00 4.179738123123872327e-13
3.520000000000000000e+02 0.000000000000000000e+00 0.000000000000000000e+00 4.157424401839825262e-13
3.530000000000000000e+02 0.000000000000000000e+00 0.000000000000000000e+00 4.135283416838956997e-13
3.540000000000000000e+02 0.000000000000000000e+00 0.000000000000000000e+00 4.113313448453440888e-13
3.550000000000000000e+02 0.000000000000000000e+00 0.000000000000000000e+00 4.091512937185353986e-13
3.560000000000000000e+02 0.000000000000000000e+00 0.000000000000000000e+00 4.069880190418134902e-13
3.570000000000000000e+02 0.000000000000000000e+00 0.000000000000000000e+00 4.048413674134112357e-13
3.580000000000000000e+02 0.000000000000000000e+00 0.000000000000000000e+00 4.027111723423457143e-13
3.590000000000000000e+02 0.000000000000000000e+00 0.000000000000000000e+00 4.005972831077970932e-13
3.600000000000000000e+02 0.000000000000000000e+00 0.000000000000000000e+00 3.984995362563083056e-13
3.610000000000000000e+02 0.000000000000000000e+00 0.000000000000000000e+00 3.964177838202865162e-13
3.620000000000000000e+02 0.000000000000000000e+00 0.000000000000000000e+00 3.943518654094991015e-13
3.630000000000000000e+02 0.000000000000000000e+00 0.000000000000000000e+00 3.923016360566252060e-13
3.640000000000000000e+02 0.000000000000000000e+00 0.000000000000000000e+00 3.902669385441722523e-13
3.650000000000000000e+02 0.000000000000000000e+00 0.000000000000000000e+00 3.882476309046863572e-13
3.660000000000000000e+02 0.000000000000000000e+00 0.000000000000000000e+00 3.862435591806508889e-13
3.670000000000000000e+02 0.000000000000000000e+00 0.000000000000000000e+00 3.842545845636753583e-13
3.680000000000000000e+02 0.000000000000000000e+00 0.000000000000000000e+00 3.822805564708420581e-13
3.690000000000000000e+02 0.000000000000000000e+00 0.000000000000000000e+00 3.803213392366527751e-13
3.700000000000000000e+02 0.000000000000000000e+00 0.000000000000000000e+00 3.783767857344065728e-13
3.710000000000000000e+02 0.000000000000000000e+00 0.000000000000000000e+00 3.764467635512573736e-13
3.720000000000000000e+02 0.000000000000000000e+00 0.000000000000000000e+00 3.745311289712237557e-13
3.730000000000000000e+02 0.000000000000000000e+00 0.000000000000000000e+00 3.726297528492236256e-13
3.740000000000000000e+02 0.000000000000000000e+00 0.000000000000000000e+00 3.707424949652582425e-13
3.750000000000000000e+02 0.000000000000000000e+00 0.000000000000000000e+00 3.688692294916628009e-13
3.760000000000000000e+02 0.000000000000000000e+00 0.000000000000000000e+00 3.670098196797477416e-13
3.770000000000000000e+02 0.000000000000000000e+00 0.000000000000000000e+00 3.651641429904873458e-13
3.780000000000000000e+02 0.000000000000000000e+00 0.000000000000000000e+00 3.633320661358851122e-13
3.790000000000000000e+02 0.000000000000000000e+00 0.000000000000000000e+00 3.615134698347838349e-13
3.800000000000000000e+02 0.000000000000000000e+00 0.000000000000000000e+00 3.597082242773351263e-13
3.810000000000000000e+02 0.000000000000000000e+00 0.000000000000000000e+00 3.579162134574690193e-13
3.820000000000000000e+02 0.000000000000000000e+00 0.000000000000000000e+00 3.561373109721887235e-13
3.830000000000000000e+02 0.000000000000000000e+00 0.000000000000000000e+00 3.543714040222337690e-13
3.840000000000000000e+02 0.000000000000000000e+00 0.000000000000000000e+00 3.526183696330050887e-13
3.850000000000000000e+02 0.000000000000000000e+00 0.000000000000000000e+00 3.508780981546864520e-13
3.860000000000000000e+02 0.000000000000000000e+00 0.000000000000000000e+00 3.491504698927217431e-13
3.870000000000000000e+02 0.000000000000000000e+00 0.000000000000000000e+00 3.474353783616147411e-13
3.880000000000000000e+02 0.000000000000000000e+00 0.000000000000000000e+00 3.457327071178124565e-13
3.890000000000000000e+02 0.000000000000000000e+00 0.000000000000000000e+00 3.440423527109767279e-13
3.900000000000000000e+02 0.000000000000000000e+00 0.000000000000000000e+00 3.423642018896984194e-13
3.910000000000000000e+02 0.000000000000000000e+00 0.000000000000000000e+00 3.406981541548513701e-13
3.920000000000000000e+02 0.000000000000000000e+00 0.000000000000000000e+00 3.390440993272164366e-13
3.930000000000000000e+02 0.000000000000000000e+00 0.000000000000000000e+00 3.374019398278997172e-13
3.940000000000000000e+02 0.000000000000000000e+00 0.000000000000000000e+00 3.357715684889745233e-13
3.950000000000000000e+02 0.000000000000000000e+00 0.000000000000000000e+00 3.341528904859973038e-13
3.960000000000000000e+02 0.000000000000000000e+00 0.000000000000000000e+00 3.325458015640839635e-13
3.970000000000000000e+02 0.000000000000000000e+00 0.000000000000000000e+00 3.309502096329971869e-13
3.980000000000000000e+02 0.000000000000000000e+00 0.000000000000000000e+00 3.293660132220854673e-13
3.990000000000000000e+02 0.000000000000000000e+00 0.000000000000000000e+00 3.277931228235394735e-13
4.000000000000000000e+02 0.000000000000000000e+00 0.000000000000000000e+00 3.262314397141523585e-13
4.010000000000000000e+02 0.000000000000000000e+00 0.000000000000000000e+00 3.246808768888689847e-13
4.020000000000000000e+02 0.000000000000000000e+00 0.000000000000000000e+00 3.231413382130508815e-13
4.030000000000000000e+02 0.000000000000000000e+00 0.000000000000000000e+00 3.216127390529673248e-13
4.040000000000000000e+02 0.000000000000000000e+00 0.000000000000000000e+00 3.200949857658215544e-13
4.050000000000000000e+02 0.000000000000000000e+00 0.000000000000000000e+00 3.185879960422973746e-13
4.060000000000000000e+02 0.000000000000000000e+00 0.000000000000000000e+00 3.170916786293114554e-13
4.070000000000000000e+02 0.000000000000000000e+00 0.000000000000000000e+00 3.156059533672818694e-13
4.080000000000000000e+02 0.000000000000000000e+00 0.000000000000000000e+00 3.141307312826375495e-13
4.090000000000000000e+02 0.000000000000000000e+00 0.000000000000000000e+00 3.126659342821255959e-13
4.100000000000000000e+02 0.000000000000000000e+00 0.000000000000000000e+00 3.112114755773803343e-13
4.110000000000000000e+02 0.000000000000000000e+00 0.000000000000000000e+00 3.097672790862402111e-13
4.120000000000000000e+02 0.000000000000000000e+00 0.000000000000000000e+00 3.083332600715441594e-13
4.130000000000000000e+02 0.000000000000000000e+00 0.000000000000000000e+00 3.069093443354347326e-13
4.140000000000000000e+02 0.000000000000000000e+00 0.000000000000000000e+00 3.054954491097677266e-13
4.150000000000000000e+02 0.000000000000000000e+00 0.000000000000000000e+00 3.040915019614228231e-13
4.160000000000000000e+02 0.000000000000000000e+00 0.000000000000000000e+00 3.026974220153280695e-13
4.170000000000000000e+02 0.000000000000000000e+00 0.000000000000000000e+00 3.013131385545886372e-13
4.180000000000000000e+02 0.000000000000000000e+00 0.000000000000000000e+00 2.999385724312190497e-13
4.190000000000000000e+02 0.000000000000000000e+00 0.000000000000000000e+00 2.985736545664583423e-13
4.200000000000000000e+02 0.000000000000000000e+00 0.000000000000000000e+00 2.972183074734934781e-13
4.210000000000000000e+02 0.000000000000000000e+00 0.000000000000000000e+00 2.958724635767756862e-13
4.220000000000000000e+02 0.000000000000000000e+00 0.000000000000000000e+00 2.945360469953790786e-13
4.230000000000000000e+02 0.000000000000000000e+00 0.000000000000000000e+00 2.932089915540871462e-13
4.240000000000000000e+02 0.000000000000000000e+00 0.000000000000000000e+00 2.918912228863055742e-13
4.250000000000000000e+02 0.000000000000000000e+00 0.000000000000000000e+00 2.905826761786443628e-13
4.260000000000000000e+02 0.000000000000000000e+00 0.000000000000000000e+00 2.892832784925027342e-13
4.270000000000000000e+02 0.000000000000000000e+00 0.000000000000000000e+00 2.879929662924941760e-13
4.280000000000000000e+02 0.000000000000000000e+00 0.000000000000000000e+00 2.867116679845461767e-13
4.290000000000000000e+02 0.000000000000000000e+00 0.000000000000000000e+00 2.854393212136834949e-13
4.300000000000000000e+02 0.000000000000000000e+00 0.000000000000000000e+00 2.841758556599535381e-13
4.310000000000000000e+02 0.000000000000000000e+00 0.000000000000000000e+00 2.829212101394671667e-13
4.320000000000000000e+02 0.000000000000000000e+00 0.000000000000000000e+00 2.816753155171270343e-13
4.330000000000000000e+02 0.000000000000000000e+00 0.000000000000000000e+00 2.804381116668335720e-13
4.340000000000000000e+02 0.000000000000000000e+00 0.000000000000000000e+00 2.792095306040976653e-13
4.350000000000000000e+02 0.000000000000000000e+00 0.000000000000000000e+00 2.779895132080336678e-13
4.360000000000000000e+02 0.000000000000000000e+00 0.000000000000000000e+00 2.767779925571578071e-13
4.370000000000000000e+02 0.000000000000000000e+00 0.000000000000000000e+00 2.755749105038335130e-13
4.380000000000000000e+02 0.000000000000000000e+00 0.000000000000000000e+00 2.743802011426154201e-13
4.390000000000000000e+02 0.000000000000000000e+00 0.000000000000000000e+00 2.731938072328524255e-13
4.400000000000000000e+02 0.000000000000000000e+00 0.000000000000000000e+00 2.720156638635082410e-13
4.410000000000000000e+02 0.000000000000000000e+00 0.000000000000000000e+00 2.708457146067664676e-13
4.420000000000000000e+02 0.000000000000000000e+00 0.000000000000000000e+00 2.696838955295030838e-13
4.430000000000000000e+02 0.000000000000000000e+00 0.000000000000000000e+00 2.685301509911250469e-13
4.440000000000000000e+02 0.000000000000000000e+00 0.000000000000000000e+00 2.673844179458081259e-13
4.450000000000000000e+02 0.000000000000000000e+00 0.000000000000000000e+00 2.662466415251255641e-13
4.460000000000000000e+02 0.000000000000000000e+00 0.000000000000000000e+00 2.651167595077079446e-13
4.470000000000000000e+02 0.000000000000000000e+00 0.000000000000000000e+00 2.639947177763466397e-13
4.480000000000000000e+02 0.000000000000000000e+00 0.000000000000000000e+00 2.628804549044200343e-13
4.490000000000000000e+02 0.000000000000000000e+00 0.000000000000000000e+00 2.617739174736692457e-13
4.500000000000000000e+02 0.000000000000000000e+00 0.000000000000000000e+00 2.606750448188788319e-13
4.510000000000000000e+02 0.000000000000000000e+00 0.000000000000000000e+00 2.595837841873923211e-13
4.520000000000000000e+02 0.000000000000000000e+00 0.000000000000000000e+00 2.585000756466864122e-13
4.530000000000000000e+02 0.000000000000000000e+00 0.000000000000000000e+00 2.574238670751244932e-13
4.540000000000000000e+02 0.000000000000000000e+00 0.000000000000000000e+00 2.563550992597921771e-13
4.550000000000000000e+02 0.000000000000000000e+00 0.000000000000000000e+00 2.552937206640881540e-13
4.560000000000000000e+02 0.000000000000000000e+00 0.000000000000000000e+00 2.542396727547291467e-13
4.570000000000000000e+02 0.000000000000000000e+00 0.000000000000000000e+00 2.531929045610325108e-13
4.580000000000000000e+02 0.000000000000000000e+00 0.000000000000000000e+00 2.521533582048641779e-13
4.590000000000000000e+02 0.000000000000000000e+00 0.000000000000000000e+00 2.511209832788004583e-13
4.600000000000000000e+02 0.000000000000000000e+00 0.000000000000000000e+00 2.500957225345674549e-13
4.610000000000000000e+02 0.000000000000000000e+00 0.000000000000000000e+00 2.490775260761865843e-13
4.620000000000000000e+02 0.000000000000000000e+00 0.000000000000000000e+00 2.480663372681141509e-13
4.630000000000000000e+02 0.000000000000000000e+00 0.000000000000000000e+00 2.470621067131776873e-13
4.640000000000000000e+02 0.000000000000000000e+00 0.000000000000000000e+00 2.460647783801650699e-13
4.650000000000000000e+02 0.000000000000000000e+00 0.000000000000000000e+00 2.450743033572007101e-13
4.660000000000000000e+02 0.000000000000000000e+00 0.000000000000000000e+00 2.440906261670508502e-13
4.670000000000000000e+02 0.000000000000000000e+00 0.000000000000000000e+00 2.431136983728477627e-13
4.680000000000000000e+02 0.000000000000000000e+00 0.000000000000000000e+00 2.421434650357132777e-13
4.690000000000000000e+02 0.000000000000000000e+00 0.000000000000000000e+00 2.411798781956480790e-13
4.700000000000000000e+02 0.000000000000000000e+00 0.000000000000000000e+00 2.402228834240727935e-13
4.710000000000000000e+02 0.000000000000000000e+00 0.000000000000000000e+00 2.392724332073005636e-13
4.720000000000000000e+02 0.000000000000000000e+00 0.000000000000000000e+00 2.383284736277272894e-13
4.730000000000000000e+02 0.000000000000000000e+00 0.000000000000000000e+00 2.373909575905011711e-13
4.740000000000000000e+02 0.000000000000000000e+00 0.000000000000000000e+00 2.364598316907872896e-13
4.750000000000000000e+02 0.000000000000000000e+00 0.000000000000000000e+00 2.355350492506871473e-13
4.760000000000000000e+02 0.000000000000000000e+00 0.000000000000000000e+00 2.346165573441768288e-13
4.770000000000000000e+02 0.000000000000000000e+00 0.000000000000000000e+00 2.337043097198415883e-13
4.780000000000000000e+02 0.000000000000000000e+00 0.000000000000000000e+00 2.327982539283184198e-13
4.790000000000000000e+02 0.000000000000000000e+00 0.000000000000000000e+00 2.318983440917254610e-13
4.800000000000000000e+02 0.000000000000000000e+00 0.000000000000000000e+00 2.310045282509627990e-13
4.810000000000000000e+02 0.000000000000000000e+00 0.000000000000000000e+00 2.301167609133278692e-13
4.820000000000000000e+02 0.000000000000000000e+00 0.000000000000000000e+00 2.292349905727722854e-13
4.830000000000000000e+02 0.000000000000000000e+00 0.000000000000000000e+00 2.283591721373274519e-13
4.840000000000000000e+02 0.000000000000000000e+00 0.000000000000000000e+00 2.274892545406225782e-13
4.850000000000000000e+02 0.000000000000000000e+00 0.000000000000000000e+00 2.266251930688448787e-13
4.860000000000000000e+02 0.000000000000000000e+00 0.000000000000000000e+00 2.257669370983811242e-13
4.870000000000000000e+02 0.000000000000000000e+00 0.000000000000000000e+00 2.249144423120717771e-13
4.880000000000000000e+02 0.000000000000000000e+00 0.000000000000000000e+00 2.240676585154124618e-13
4.890000000000000000e+02 0.000000000000000000e+00 0.000000000000000000e+00 2.232265417532098797e-13
4.900000000000000000e+02 0.000000000000000000e+00 0.000000000000000000e+00 2.223910422846080912e-13
4.910000000000000000e+02 0.000000000000000000e+00 0.000000000000000000e+00 2.215611165299959776e-13
4.920000000000000000e+02 0.000000000000000000e+00 0.000000000000000000e+00 2.207367152005148545e-13
4.930000000000000000e+02 0.000000000000000000e+00 0.000000000000000000e+00 2.199177950785367050e-13
4.940000000000000000e+02 0.000000000000000000e+00 0.000000000000000000e+00 2.191043073119450195e-13
4.950000000000000000e+02 0.000000000000000000e+00 0.000000000000000000e+00 2.182962090630368359e-13
4.960000000000000000e+02 0.000000000000000000e+00 0.000000000000000000e+00 2.174934519123567706e-13
4.970000000000000000e+02 0.000000000000000000e+00 0.000000000000000000e+00 2.166959934048354232e-13
4.980000000000000000e+02 0.000000000000000000e+00 0.000000000000000000e+00 2.159037855563159062e-13
4.990000000000000000e+02 0.000000000000000000e+00 0.000000000000000000e+00 2.151167862927674176e-13
5.000000000000000000e+02 0.000000000000000000e+00 0.000000000000000000e+00 2.143349480762505118e-13
5.010000000000000000e+02 0.000000000000000000e+00 0.000000000000000000e+00 2.135582292170317256e-13
5.020000000000000000e+02 0.000000000000000000e+00 0.000000000000000000e+00 2.127865826376534525e-13
5.030000000000000000e+02 0.000000000000000000e+00 0.000000000000000000e+00 2.120199670319050705e-13
5.040000000000000000e+02 0.000000000000000000e+00 0.000000000000000000e+00 2.112583357808320467e-13
5.050000000000000000e+02 0.000000000000000000e+00 0.000000000000000000e+00 2.105016479854497626e-13
5.060000000000000000e+02 0.000000000000000000e+00 0.000000000000000000e+00 2.097498574999155789e-13
5.070000000000000000e+02 0.000000000000000000e+00 0.000000000000000000e+00 2.090029238211729035e-13
5.080000000000000000e+02 0.000000000000000000e+00 0.000000000000000000e+00 2.082608012874155654e-13
5.090000000000000000e+02 0.000000000000000000e+00 0.000000000000000000e+00 2.075234498058830969e-13
5.100000000000000000e+02 0.000000000000000000e+00 0.000000000000000000e+00 2.067908241842636180e-13
5.110000000000000000e+02 0.000000000000000000e+00 0.000000000000000000e+00 2.060628847736707947e-13
5.120000000000000000e+02 0.000000000000000000e+00 0.000000000000000000e+00 2.053395868530927094e-13
5.130000000000000000e+02 0.000000000000000000e+00 0.000000000000000000e+00 2.046208912166744310e-13
5.140000000000000000e+02 0.000000000000000000e+00 0.000000000000000000e+00 2.039067536287404776e-13
5.150000000000000000e+02 0.000000000000000000e+00 0.000000000000000000e+00 2.031971353343764784e-13
5.160000000000000000e+02 0.000000000000000000e+00 0.000000000000000000e+00 2.024919926094748172e-13
5.170000000000000000e+02 0.000000000000000000e+00 0.000000000000000000e+00 2.017912871441578991e-13
5.180000000000000000e+02 0.000000000000000000e+00 0.000000000000000000e+00 2.010949757431155794e-13
5.190000000000000000e+02 0.000000000000000000e+00 0.000000000000000000e+00 2.004030205571074510e-13
5.200000000000000000e+02 0.000000000000000000e+00 0.000000000000000000e+00 1.997153789249472044e-13
5.210000000000000000e+02 0.000000000000000000e+00 0.000000000000000000e+00 1.990320134720333842e-13
5.220000000000000000e+02 0.000000000000000000e+00 0.000000000000000000e+00 1.983528820514732691e-13
5.230000000000000000e+02 0.000000000000000000e+00 0.000000000000000000e+00 1.976779477847093705e-13
5.240000000000000000e+02 0.000000000000000000e+00 0.000000000000000000e+00 1.970071690737996004e-13
5.250000000000000000e+02 0.000000000000000000e+00 0.000000000000000000e+00 1.963405095223329796e-13
5.260000000000000000e+02 0.000000000000000000e+00 0.000000000000000000e+00 1.956779280853300614e-13
5.270000000000000000e+02 0.000000000000000000e+00 0.000000000000000000e+00 1.950193888752794387e-13
5.280000000000000000e+02 0.000000000000000000e+00 0.000000000000000000e+00 1.943648513907479319e-13
5.290000000000000000e+02 0.000000000000000000e+00 0.000000000000000000e+00 1.937142802662001420e-13
5.300000000000000000e+02 0.000000000000000000e+00 0.000000000000000000e+00 1.930676355616603385e-13
5.310000000000000000e+02 0.000000000000000000e+00 0.000000000000000000e+00 1.924248824451307515e-13
5.320000000000000000e+02 0.000000000000000000e+00 0.000000000000000000e+00 1.917859815490677322e-13
5.330000000000000000e+02 0.000000000000000000e+00 0.000000000000000000e+00 1.911508985720904615e-13
5.340000000000000000e+02 0.000000000000000000e+00 0.000000000000000000e+00 1.905195947341301293e-13
5.350000000000000000e+02 0.000000000000000000e+00 0.000000000000000000e+00 1.898920362766162081e-13
5.360000000000000000e+02 0.000000000000000000e+00 0.000000000000000000e+00 1.892681850177166069e-13
5.370000000000000000e+02 0.000000000000000000e+00 0.000000000000000000e+00 1.886480077535105415e-13
5.380000000000000000e+02 0.000000000000000000e+00 0.000000000000000000e+00 1.880314668003369595e-13
5.390000000000000000e+02 0.000000000000000000e+00 0.000000000000000000e+00 1.874185296261844874e-13
5.400000000000000000e+02 0.000000000000000000e+00 0.000000000000000000e+00 1.868091591094534988e-13
5.410000000000000000e+02 0.000000000000000000e+00 0.000000000000000000e+00 1.862033232366558411e-13
5.420000000000000000e+02 0.000000000000000000e+00 0.000000000000000000e+00 1.856009855756764128e-13
5.430000000000000000e+02 0.000000000000000000e+00 0.000000000000000000e+00 1.850021146797186844e-13
5.440000000000000000e+02 0.000000000000000000e+00 0.000000000000000000e+00 1.844066746643865802e-13
5.450000000000000000e+02 0.000000000000000000e+00 0.000000000000000000e+00 1.838146346652194287e-13
5.460000000000000000e+02 0.000000000000000000e+00 0.000000000000000000e+00 1.832259594975780368e-13
5.470000000000000000e+02 0.000000000000000000e+00 0.000000000000000000e+00 1.826406187888382563e-13
5.480000000000000000e+02 0.000000000000000000e+00 0.000000000000000000e+00 1.820585779145671968e-13
5.490000000000000000e+02 0.000000000000000000e+00 0.000000000000000000e+00 1.814798071579700560e-13
5.500000000000000000e+02 0.000000000000000000e+00 0.000000000000000000e+00 1.809042726065763596e-13
5.510000000000000000e+02 0.000000000000000000e+00 0.000000000000000000e+00 1.803319450627208508e-13
5.520000000000000000e+02 0.000000000000000000e+00 0.000000000000000000e+00 1.797627911905338062e-13
5.530000000000000000e+02 0.000000000000000000e+00 0.000000000000000000e+00 1.791967824649581467e-13
5.540000000000000000e+02 0.000000000000000000e+00 0.000000000000000000e+00 1.786338860796461605e-13
5.550000000000000000e+02 0.000000000000000000e+00 0.000000000000000000e+00 1.780740741468462971e-13
5.560000000000000000e+02 0.000000000000000000e+00 0.000000000000000000e+00 1.775173145466150511e-13
5.570000000000000000e+02 0.000000000000000000e+00 0.000000000000000000e+00 1.769635800265844074e-13
5.580000000000000000e+02 0.000000000000000000e+00 0.000000000000000000e+00 1.764128390328565768e-13
5.590000000000000000e+02 0.000000000000000000e+00 0.000000000000000000e+00 1.758650648561234188e-13
5.600000000000000000e+02 0.000000000000000000e+00 0.000000000000000000e+00 1.753202266518633333e-13
5.610000000000000000e+02 0.000000000000000000e+00 0.000000000000000000e+00 1.747782983039513172e-13
5.620000000000000000e+02 0.000000000000000000e+00 0.000000000000000000e+00 1.742392496428826621e-13
5.630000000000000000e+02 0.000000000000000000e+00 0.000000000000000000e+00 1.737030550717157296e-13
5.640000000000000000e+02 0.000000000000000000e+00 0.000000000000000000e+00 1.731696850961436743e-13
5.650000000000000000e+02 0.000000000000000000e+00 0.000000000000000000e+00 1.726391147837194809e-13
5.660000000000000000e+02 0.000000000000000000e+00 0.000000000000000000e+00 1.721113152235948688e-13
5.670000000000000000e+02 0.000000000000000000e+00 0.000000000000000000e+00 1.715862621188145772e-13
5.680000000000000000e+02 0.000000000000000000e+00 0.000000000000000000e+00 1.710639271918304352e-13
5.690000000000000000e+02 0.000000000000000000e+00 0.000000000000000000e+00 1.705442866935970492e-13
5.700000000000000000e+02 0.000000000000000000e+00 0.000000000000000000e+00 1.700273130790363465e-13
5.710000000000000000e+02 0.000000000000000000e+00 0.000000000000000000e+00 1.695129831912076919e-13
5.720000000000000000e+02 0.000000000000000000e+00 0.000000000000000000e+00 1.690012700910786468e-13
5.730000000000000000e+02 0.000000000000000000e+00 0.000000000000000000e+00 1.684921512286247592e-13
5.740000000000000000e+02 0.000000000000000000e+00 0.000000000000000000e+00 1.679856003094055184e-13
5.750000000000000000e+02 0.000000000000000000e+00 0.000000000000000000e+00 1.674815953944047356e-13
5.760000000000000000e+02 0.000000000000000000e+00 0.000000000000000000e+00 1.669801107553171049e-13
5.770000000000000000e+02 0.000000000000000000e+00 0.000000000000000000e+00 1.664811251510670720e-13
5.780000000000000000e+02 0.000000000000000000e+00 0.000000000000000000e+00 1.659846134660282628e-13
5.790000000000000000e+02 0.000000000000000000e+00 0.000000000000000000e+00 1.654905550301675222e-13
5.800000000000000000e+02 0.000000000000000000e+00 0.000000000000000000e+00 1.649989253507053332e-13
5.810000000000000000e+02 0.000000000000000000e+00 0.000000000000000000e+00 1.645097043634675995e-13
5.820000000000000000e+02 0.000000000000000000e+00 0.000000000000000000e+00 1.640228682818571292e-13
5.830000000000000000e+02 0.000000000000000000e+00 0.000000000000000000e+00 1.635383974837986567e-13
5.840000000000000000e+02 0.000000000000000000e+00 0.000000000000000000e+00 1.630562688492687728e-13
5.850000000000000000e+02 0.000000000000000000e+00 0.000000000000000000e+00 1.625764633628672436e-13
5.860000000000000000e+02 0.000000000000000000e+00 0.000000000000000000e+00 1.620989585546892588e-13
5.870000000000000000e+02 0.000000000000000000e+00 0.000000000000000000e+00 1.616237359115577175e-13
5.880000000000000000e+02 0.000000000000000000e+00 0.000000000000000000e+00 1.611507735273449635e-13
5.890000000000000000e+02 0.000000000000000000e+00 0.000000000000000000e+00 1.606800535025048634e-13
5.900000000000000000e+02 0.000000000000000000e+00 0.000000000000000000e+00 1.602115545256075111e-13
5.910000000000000000e+02 0.000000000000000000e+00 0.000000000000000000e+00 1.597452592003848088e-13
5.920000000000000000e+02 0.000000000000000000e+00 0.000000000000000000e+00 1.592811468092435180e-13
5.930000000000000000e+02 0.000000000000000000e+00 0.000000000000000000e+00 1.588192004860750028e-13
5.940000000000000000e+02 0.000000000000000000e+00 0.000000000000000000e+00 1.583594001004736675e-13
5.950000000000000000e+02 0.000000000000000000e+00 0.000000000000000000e+00 1.579017293178147408e-13
5.960000000000000000e+02 0.000000000000000000e+00 0.000000000000000000e+00 1.574461685850313226e-13
5.970000000000000000e+02 0.000000000000000000e+00 0.000000000000000000e+00 1.569927020929745669e-13
5.980000000000000000e+02 0.000000000000000000e+00 0.000000000000000000e+00 1.565413107797890920e-13
5.990000000000000000e+02 0.000000000000000000e+00 0.000000000000000000e+00 1.560919792816548195e-13
6.000000000000000000e+02 0.000000000000000000e+00 0.000000000000000000e+00 1.556446891287350961e-13
6.010000000000000000e+02 0.000000000000000000e+00 0.000000000000000000e+00 1.551994255001538500e-13
6.020000000000000000e+02 0.000000000000000000e+00 0.000000000000000000e+00 1.547561704053187620e-13
6.030000000000000000e+02 0.000000000000000000e+00 0.000000000000000000e+00 1.543149094527329475e-13
6.040000000000000000e+02 0.000000000000000000e+00 0.000000000000000000e+00 1.538756250815103801e-13
6.050000000000000000e+02 0.000000000000000000e+00 0.000000000000000000e+00 1.534383034914463684e-13
6.060000000000000000e+02 0.000000000000000000e+00 0.000000000000000000e+00 1.530029275084912968e-13
6.070000000000000000e+02 0.000000000000000000e+00 0.000000000000000000e+00 1.525694837744630689e-13
6.080000000000000000e+02 0.000000000000000000e+00 0.000000000000000000e+00 1.521379556087222500e-13
6.090000000000000000e+02 0.000000000000000000e+00 0.000000000000000000e+00 1.517083300993134249e-13
6.100000000000000000e+02 0.000000000000000000e+00 0.000000000000000000e+00 1.512805909536390242e-13
6.110000000000000000e+02 0.000000000000000000e+00 0.000000000000000000e+00 1.508547256966653652e-13
6.120000000000000000e+02 0.000000000000000000e+00 0.000000000000000000e+00 1.504307185086996741e-13
6.130000000000000000e+02 0.000000000000000000e+00 0.000000000000000000e+00 1.500085572012453185e-13
6.140000000000000000e+02 0.000000000000000000e+00 0.000000000000000000e+00 1.495882263890464333e-13
6.150000000000000000e+02 0.000000000000000000e+00 0.000000000000000000e+00 1.491697142930106304e-13
6.160000000000000000e+02 0.000000000000000000e+00 0.000000000000000000e+00 1.487530059415771116e-13
6.170000000000000000e+02 0.000000000000000000e+00 0.000000000000000000e+00 1.483380897985700402e-13
6.180000000000000000e+02 0.000000000000000000e+00 0.000000000000000000e+00 1.479249512939242098e-13
6.190000000000000000e+02 0.000000000000000000e+00 0.000000000000000000e+00 1.475135793183849052e-13
6.200000000000000000e+02 0.000000000000000000e+00 0.000000000000000000e+00 1.471039595554047269e-13
6.210000000000000000e+02 0.000000000000000000e+00 0.000000000000000000e+00 1.466960812600121021e-13
6.220000000000000000e+02 0.000000000000000000e+00 0.000000000000000000e+00 1.462899304244908753e-13
6.230000000000000000e+02 0.000000000000000000e+00 0.000000000000000000e+00 1.458854966441099530e-13
6.240000000000000000e+02 0.000000000000000000e+00 0.000000000000000000e+00 1.454827662211329047e-13
6.250000000000000000e+02 0.000000000000000000e+00 0.000000000000000000e+00 1.450817290131027239e-13
6.260000000000000000e+02 0.000000000000000000e+00 0.000000000000000000e+00 1.446823716903044142e-13
6.270000000000000000e+02 0.000000000000000000e+00 0.000000000000000000e+00 1.442846843906954241e-13
6.280000000000000000e+02 0.000000000000000000e+00 0.000000000000000000e+00 1.438886540496381658e-13
6.290000000000000000e+02 0.000000000000000000e+00 0.000000000000000000e+00 1.434942710198609147e-13
6.300000000000000000e+02 0.000000000000000000e+00 0.000000000000000000e+00 1.431015225777078141e-13
6.310000000000000000e+02 0.000000000000000000e+00 0.000000000000000000e+00 1.427103993751391203e-13
6.320000000000000000e+02 0.000000000000000000e+00 0.000000000000000000e+00 1.423208888716597560e-13
6.330000000000000000e+02 0.000000000000000000e+00 0.000000000000000000e+00 1.419329819865793307e-13
6.340000000000000000e+02 0.000000000000000000e+00 0.000000000000000000e+00 1.415466664704583116e-13
6.350000000000000000e+02 0.000000000000000000e+00 0.000000000000000000e+00 1.411619334355084220e-13
6.360000000000000000e+02 0.000000000000000000e+00 0.000000000000000000e+00 1.407787708971878540e-13
6.370000000000000000e+02 0.000000000000000000e+00 0.000000000000000000e+00 1.403971701808482478e-13
6.380000000000000000e+02 0.000000000000000000e+00 0.000000000000000000e+00 1.400171195578649011e-13
6.390000000000000000e+02 0.000000000000000000e+00 0.000000000000000000e+00 1.396386105080203232e-13
6.400000000000000000e+02 0.000000000000000000e+00 0.000000000000000000e+00 1.392616316082572415e-13
6.410000000000000000e+02 0.000000000000000000e+00 0.000000000000000000e+00 1.388861745188536049e-13
6.420000000000000000e+02 0.000000000000000000e+00 0.000000000000000000e+00 1.385122280237200101e-13
6.430000000000000000e+02 0.000000000000000000e+00 0.000000000000000000e+00 1.381397839707253779e-13
6.440000000000000000e+02 0.000000000000000000e+00 0.000000000000000000e+00 1.377688313675873384e-13
6.450000000000000000e+02 0.000000000000000000e+00 0.000000000000000000e+00 1.373993622454383832e-13
6.460000000000000000e+02 0.000000000000000000e+00 0.000000000000000000e+00 1.370313658351062015e-13
6.470000000000000000e+02 0.000000000000000000e+00 0.000000000000000000e+00 1.366648343493575112e-13
6.480000000000000000e+02 0.000000000000000000e+00 0.000000000000000000e+00 1.362997571807774824e-13
6.490000000000000000e+02 0.000000000000000000e+00 0.000000000000000000e+00 1.359361267234558570e-13
6.500000000000000000e+02 0.000000000000000000e+00 0.000000000000000000e+00 1.355739325556853809e-13
6.510000000000000000e+02 0.000000000000000000e+00 0.000000000000000000e+00 1.352131673032264220e-13
6.520000000000000000e+02 0.000000000000000000e+00 0.000000000000000000e+00 1.348538207350260531e-13
6.530000000000000000e+02 0.000000000000000000e+00 0.000000000000000000e+00 1.344958855692380760e-13
6.540000000000000000e+02 0.000000000000000000e+00 0.000000000000000000e+00 1.341393518183364785e-13
6.550000000000000000e+02 0.000000000000000000e+00 0.000000000000000000e+00 1.337842123383301339e-13
6.560000000000000000e+02 0.000000000000000000e+00 0.000000000000000000e+00 1.334304573563645744e-13
6.570000000000000000e+02 0.000000000000000000e+00 0.000000000000000000e+00 1.330780799285592335e-13
6.580000000000000000e+02 0.000000000000000000e+00 0.000000000000000000e+00 1.327270703813108156e-13
6.590000000000000000e+02 0.000000000000000000e+00 0.000000000000000000e+00 1.323774219469387765e-13
6.600000000000000000e+02 0.000000000000000000e+00 0.000000000000000000e+00 1.320291251542524413e-13
6.610000000000000000e+02 0.000000000000000000e+00 0.000000000000000000e+00 1.316821733503413893e-13
6.620000000000000000e+02 0.000000000000000000e+00 0.000000000000000000e+00 1.313365573007587928e-13
6.630000000000000000e+02 0.000000000000000000e+00 0.000000000000000000e+00 1.309922704935131120e-13
6.640000000000000000e+02 0.000000000000000000e+00 0.000000000000000000e+00 1.306493037998626085e-13
6.650000000000000000e+02 0.000000000000000000e+00 0.000000000000000000e+00 1.303076509013997854e-13
6.660000000000000000e+02 0.000000000000000000e+00 0.000000000000000000e+00 1.299673028703008291e-13
6.670000000000000000e+02 0.000000000000000000e+00 0.000000000000000000e+00 1.296282535048192848e-13
6.680000000000000000e+02 0.000000000000000000e+00 0.000000000000000000e+00 1.292904940123998552e-13
6.690000000000000000e+02 0.000000000000000000e+00 0.000000000000000000e+00 1.289540184310110984e-13
6.700000000000000000e+02 0.000000000000000000e+00 0.000000000000000000e+00 1.286188180727900860e-13
6.710000000000000000e+02 0.000000000000000000e+00 0.000000000000000000e+00 1.282848871143117204e-13
6.720000000000000000e+02 0.000000000000000000e+00 0.000000000000000000e+00 1.279522171017047427e-13
6.730000000000000000e+02 0.000000000000000000e+00 0.000000000000000000e+00 1.276208023177494214e-13
6.740000000000000000e+02 0.000000000000000000e+00 0.000000000000000000e+00 1.272906344485568174e-13
6.750000000000000000e+02 0.000000000000000000e+00 0.000000000000000000e+00 1.269617079609798768e-13
6.760000000000000000e+02 0.000000000000000000e+00 0.000000000000000000e+00 1.266340146981114911e-13
6.770000000000000000e+02 0.000000000000000000e+00 0.000000000000000000e+00 1.263075492851913923e-13
6.780000000000000000e+02 0.000000000000000000e+00 0.000000000000000000e+00 1.259823037227433350e-13
6.790000000000000000e+02 0.000000000000000000e+00 0.000000000000000000e+00 1.256582727480438029e-13
6.800000000000000000e+02 0.000000000000000000e+00 0.000000000000000000e+00 1.253354485698174667e-13
6.810000000000000000e+02 0.000000000000000000e+00 0.000000000000000000e+00 1.250138260058917128e-13
6.820000000000000000e+02 0.000000000000000000e+00 0.000000000000000000e+00 1.246933974961364184e-13
6.830000000000000000e+02 0.000000000000000000e+00 0.000000000000000000e+00 1.243741579729262435e-13
6.840000000000000000e+02 0.000000000000000000e+00 0.000000000000000000e+00 1.240561000260806996e-13
6.850000000000000000e+02 0.000000000000000000e+00 0.000000000000000000e+00 1.237392187537852088e-13
6.860000000000000000e+02 0.000000000000000000e+00 0.000000000000000000e+00 1.234235069130934777e-13
6.870000000000000000e+02 0.000000000000000000e+00 0.000000000000000000e+00 1.231089597500774328e-13
6.880000000000000000e+02 0.000000000000000000e+00 0.000000000000000000e+00 1.227955701418712132e-13
6.890000000000000000e+02 0.000000000000000000e+00 0.000000000000000000e+00 1.224833335651262943e-13
6.900000000000000000e+02 0.000000000000000000e+00 0.000000000000000000e+00 1.221722429952130959e-13
6.910000000000000000e+02 0.000000000000000000e+00 0.000000000000000000e+00 1.218622940514323186e-13
6.920000000000000000e+02 0.000000000000000000e+00 0.000000000000000000e+00 1.215534799228990086e-13
6.930000000000000000e+02 0.000000000000000000e+00 0.000000000000000000e+00 1.212457963717301285e-13
6.940000000000000000e+02 0.000000000000000000e+00 0.000000000000000000e+00 1.209392367229286922e-13
6.950000000000000000e+02 0.000000000000000000e+00 0.000000000000000000e+00 1.206337968469052251e-13
6.960000000000000000e+02 0.000000000000000000e+00 0.000000000000000000e+00 1.203294702970384276e-13
6.970000000000000000e+02 0.000000000000000000e+00 0.000000000000000000e+00 1.200262530685565629e-13
6.980000000000000000e+02 0.000000000000000000e+00 0.000000000000000000e+00 1.197241388609503655e-13
6.990000000000000000e+02 0.000000000000000000e+00 0.000000000000000000e+00 1.194231238413551778e-13
7.000000000000000000e+02 0.000000000000000000e+00 0.000000000000000000e+00 1.191232018666037400e-13
7.010000000000000000e+02 0.000000000000000000e+00 0.000000000000000000e+00 1.188243692490415776e-13
7.020000000000000000e+02 0.000000000000000000e+00 0.000000000000000000e+00 1.185266200049683126e-13
7.030000000000000000e+02 0.000000000000000000e+00 0.000000000000000000e+00 1.182299505880101923e-13
7.040000000000000000e+02 0.000000000000000000e+00 0.000000000000000000e+00 1.179343551681860922e-13
7.050000000000000000e+02 0.000000000000000000e+00 0.000000000000000000e+00 1.176398303382834575e-13
7.060000000000000000e+02 0.000000000000000000e+00 0.000000000000000000e+00 1.173463704564584816e-13
7.070000000000000000e+02 0.000000000000000000e+00 0.000000000000000000e+00 1.170539722529731347e-13
7.080000000000000000e+02 0.000000000000000000e+00 0.000000000000000000e+00 1.167626302117259936e-13
7.090000000000000000e+02 0.000000000000000000e+00 0.000000000000000000e+00 1.164723412350386292e-13
7.100000000000000000e+02 0.000000000000000000e+00 0.000000000000000000e+00 1.161830999480101920e-13
7.110000000000000000e+02 0.000000000000000000e+00 0.000000000000000000e+00 1.158949033588352876e-13
7.120000000000000000e+02 0.000000000000000000e+00 0.000000000000000000e+00 1.156077462708258327e-13
7.130000000000000000e+02 0.000000000000000000e+00 0.000000000000000000e+00 1.153216258514716582e-13
7.140000000000000000e+02 0.000000000000000000e+00 0.000000000000000000e+00 1.150365370577746518e-13
7.150000000000000000e+02 0.000000000000000000e+00 0.000000000000000000e+00 1.147524771558106491e-13
7.160000000000000000e+02 0.000000000000000000e+00 0.000000000000000000e+00 1.144694412476272089e-13
7.170000000000000000e+02 0.000000000000000000e+00 0.000000000000000000e+00 1.141874267484085598e-13
7.180000000000000000e+02 0.000000000000000000e+00 0.000000000000000000e+00 1.139064289347745032e-13
7.190000000000000000e+02 0.000000000000000000e+00 0.000000000000000000e+00 1.136264453139251087e-13
7.200000000000000000e+02 0.000000000000000000e+00 0.000000000000000000e+00 1.133474713117072026e-13
7.210000000000000000e+02 0.000000000000000000e+00 0.000000000000000000e+00 1.130695045700452843e-13
7.220000000000000000e+02 0.000000000000000000e+00 0.000000000000000000e+00 1.127925406561799931e-13
7.230000000000000000e+02 0.000000000000000000e+00 0.000000000000000000e+00 1.125165772905036206e-13
7.240000000000000000e+02 0.000000000000000000e+00 0.000000000000000000e+00 1.122416102081989568e-13
7.250000000000000000e+02 0.000000000000000000e+00 0.000000000000000000e+00 1.119676372505865932e-13
7.260000000000000000e+02 0.000000000000000000e+00 0.000000000000000000e+00 1.116946542597945869e-13
7.270000000000000000e+02 0.000000000000000000e+00 0.000000000000000000e+00 1.114226592143652022e-13
7.280000000000000000e+02 0.000000000000000000e+00 0.000000000000000000e+00 1.111516480325787105e-13
7.290000000000000000e+02 0.000000000000000000e+00 0.000000000000000000e+00 1.108816188381482551e-13
7.300000000000000000e+02 0.000000000000000000e+00 0.000000000000000000e+00 1.106125676707737983e-13
7.310000000000000000e+02 0.000000000000000000e+00 0.000000000000000000e+00 1.103444927343004819e-13
7.320000000000000000e+02 0.000000000000000000e+00 0.000000000000000000e+00 1.100773902030849314e-13
7.330000000000000000e+02 0.000000000000000000e+00 0.000000000000000000e+00 1.098112583642859335e-13
7.340000000000000000e+02 0.000000000000000000e+00 0.000000000000000000e+00 1.095460934674478225e-13
7.350000000000000000e+02 0.000000000000000000e+00 0.000000000000000000e+00 1.092818939069744950e-13
7.360000000000000000e+02 0.000000000000000000e+00 0.000000000000000000e+00 1.090186560447431314e-13
7.370000000000000000e+02 0.000000000000000000e+00 0.000000000000000000e+00 1.087563783595117494e-13
7.380000000000000000e+02 0.000000000000000000e+00 0.000000000000000000e+00 1.084950572657778334e-13
7.390000000000000000e+02 0.000000000000000000e+00 0.000000000000000000e+00 1.082346913471636279e-13
7.400000000000000000e+02 0.000000000000000000e+00 0.000000000000000000e+00 1.079752770807903086e-13
7.410000000000000000e+02 0.000000000000000000e+00 0.000000000000000000e+00 1.077168131236101306e-13
7.420000000000000000e+02 0.000000000000000000e+00 0.000000000000000000e+00 1.074592960729595152e-13
7.430000000000000000e+02 0.000000000000000000e+00 0.000000000000000000e+00 1.072027246158776451e-13
7.440000000000000000e+02 0.000000000000000000e+00 0.000000000000000000e+00 1.069470953942261948e-13
7.450000000000000000e+02 0.000000000000000000e+00 0.000000000000000000e+00 1.066924071943541097e-13
7.460000000000000000e+02 0.000000000000000000e+00 0.000000000000000000e+00 1.064386567071652970e-13
7.470000000000000000e+02 0.000000000000000000e+00 0.000000000000000000e+00 1.061858427734876761e-13
7.480000000000000000e+02 0.000000000000000000e+00 0.000000000000000000e+00 1.059339621272683713e-13
7.490000000000000000e+02 0.000000000000000000e+00 0.000000000000000000e+00 1.056830136503382092e-13
7.500000000000000000e+02 0.000000000000000000e+00 0.000000000000000000e+00 1.054329941656019623e-13
7.510000000000000000e+02 0.000000000000000000e+00 0.000000000000000000e+00 1.051839025579027319e-13
7.520000000000000000e+02 0.000000000000000000e+00 0.000000000000000000e+00 1.049357356709207946e-13
7.530000000000000000e+02 0.000000000000000000e+00 0.000000000000000000e+00 1.046884924541796991e-13
7.540000000000000000e+02 0.000000000000000000e+00 0.000000000000000000e+00 1.044421697730713448e-13
7.550000000000000000e+02 0.000000000000000000e+00 0.000000000000000000e+00 1.041967665766905442e-13
7.560000000000000000e+02 0.000000000000000000e+00 0.000000000000000000e+00 1.039522798003362704e-13
7.570000000000000000e+02 0.000000000000000000e+00 0.000000000000000000e+00 1.037087083927623334e-13
7.580000000000000000e+02 0.000000000000000000e+00 0.000000000000000000e+00 1.034660492960640775e-13
7.590000000000000000e+02 0.000000000000000000e+00 0.000000000000000000e+00 1.032243014785635691e-13
7.600000000000000000e+02 0.000000000000000000e+00 0.000000000000000000e+00 1.029834619155988773e-13
7.610000000000000000e+02 0.000000000000000000e+00 0.000000000000000000e+00 1.027435295753986167e-13
7.620000000000000000e+02 0.000000000000000000e+00 0.000000000000000000e+00 1.025045014119898993e-13
7.630000000000000000e+02 0.000000000000000000e+00 0.000000000000000000e+00 1.022663764125383809e-13
7.640000000000000000e+02 0.000000000000000000e+00 0.000000000000000000e+00 1.020291515447481789e-13
7.650000000000000000e+02 0.000000000000000000e+00 0.000000000000000000e+00 1.017928257571699933e-13
7.660000000000000000e+02 0.000000000000000000e+00 0.000000000000000000e+00 1.015573960412362967e-13
7.670000000000000000e+02 0.000000000000000000e+00 0.000000000000000000e+00 1.013228613139712725e-13
7.680000000000000000e+02 0.000000000000000000e+00 0.000000000000000000e+00 1.010892185923164413e-13
7.690000000000000000e+02 0.000000000000000000e+00 0.000000000000000000e+00 1.008564667519594602e-13
7.700000000000000000e+02 0.000000000000000000e+00 0.000000000000000000e+00 1.006246027552164131e-13
7.710000000000000000e+02 0.000000000000000000e+00 0.000000000000000000e+00 1.003936255176850711e-13
7.720000000000000000e+02 0.000000000000000000e+00 0.000000000000000000e+00 1.001635319605847172e-13
7.730000000000000000e+02 0.000000000000000000e+00 0.000000000000000000e+00 9.993432093598865314e-14
7.740000000000000000e+02 0.000000000000000000e+00 0.000000000000000000e+00 9.970598937713200287e-14
7.750000000000000000e+02 0.000000000000000000e+00 0.000000000000000000e+00 9.947853611204722282e-14
7.760000000000000000e+02 0.000000000000000000e+00 0.000000000000000000e+00 9.925195802834600088e-14
7.770000000000000000e+02 0.000000000000000000e+00 0.000000000000000000e+00 9.902625393949555606e-14
7.780000000000000000e+02 0.000000000000000000e+00 0.000000000000000000e+00 9.880142069011230925e-14
7.790000000000000000e+02 0.000000000000000000e+00 0.000000000000000000e+00 9.857745702814733175e-14
7.800000000000000000e+02 0.000000000000000000e+00 0.000000000000000000e+00 9.835435980462480381e-14
7.810000000000000000e+02 0.000000000000000000e+00 0.000000000000000000e+00 9.813212770844579668e-14
7.820000000000000000e+02 0.000000000000000000e+00 0.000000000000000000e+00 9.791075753813914213e-14
7.830000000000000000e+02 0.000000000000000000e+00 0.000000000000000000e+00 9.769024794597129933e-14
7.840000000000000000e+02 0.000000000000000000e+00 0.000000000000000000e+00 9.747059570515242629e-14
7.850000000000000000e+02 0.000000000000000000e+00 0.000000000000000000e+00 9.725179938800937737e-14
7.860000000000000000e+02 0.000000000000000000e+00 0.000000000000000000e+00 9.703385572746045100e-14
7.870000000000000000e+02 0.000000000000000000e+00 0.000000000000000000e+00 9.681676327208734652e-14
7.880000000000000000e+02 0.000000000000000000e+00 0.000000000000000000e+00 9.660051867933946581e-14
7.890000000000000000e+02 0.000000000000000000e+00 0.000000000000000000e+00 9.638512044930985371e-14
7.900000000000000000e+02 0.000000000000000000e+00 0.000000000000000000e+00 9.617056519643060751e-14
7.910000000000000000e+02 0.000000000000000000e+00 0.000000000000000000e+00 9.595685136100139995e-14
7.920000000000000000e+02 0.000000000000000000e+00 0.000000000000000000e+00 9.574397550126083778e-14
7.930000000000000000e+02 0.000000000000000000e+00 0.000000000000000000e+00 9.553193601808478410e-14
7.940000000000000000e+02 0.000000000000000000e+00 0.000000000000000000e+00 9.532072938377417167e-14
7.950000000000000000e+02 0.000000000000000000e+00 0.000000000000000000e+00 9.511035393876761692e-14
7.960000000000000000e+02 0.000000000000000000e+00 0.000000000000000000e+00 9.490080612764568235e-14
7.970000000000000000e+02 0.000000000000000000e+00 0.000000000000000000e+00 9.469208420239091300e-14
7.980000000000000000e+02 0.000000000000000000e+00 0.000000000000000000e+00 9.448418455272753163e-14
7.990000000000000000e+02 0.000000000000000000e+00 0.000000000000000000e+00 9.427710537238994457e-14
8.000000000000000000e+02 0.000000000000000000e+00 0.000000000000000000e+00 9.407084296711101609e-14
8.010000000000000000e+02 0.000000000000000000e+00 0.000000000000000000e+00 9.386539548202075633e-14
8.020000000000000000e+02 0.000000000000000000e+00 0.000000000000000000e+00 9.366075917152995075e-14
8.030000000000000000e+02 0.000000000000000000e+00 0.000000000000000000e+00 9.345693206943853798e-14
8.040000000000000000e+02 0.000000000000000000e+00 0.000000000000000000e+00 9.325391038867117157e-14
8.050000000000000000e+02 0.000000000000000000e+00 0.000000000000000000e+00 9.305169209527193377e-14
8.060000000000000000e+02 0.000000000000000000e+00 0.000000000000000000e+00 9.285027336666621992e-14
8.070000000000000000e+02 0.000000000000000000e+00 0.000000000000000000e+00 9.264965206759467740e-14
8.080000000000000000e+02 0.000000000000000000e+00 0.000000000000000000e+00 9.244982430226800345e-14
8.090000000000000000e+02 0.000000000000000000e+00 0.000000000000000000e+00 9.225078788908175951e-14
8.100000000000000000e+02 0.000000000000000000e+00 0.000000000000000000e+00 9.205253886274992821e-14
8.110000000000000000e+02 0.000000000000000000e+00 0.000000000000000000e+00 9.185507495162300654e-14
8.120000000000000000e+02 0.000000000000000000e+00 0.000000000000000000e+00 9.165839212163616380e-14
8.130000000000000000e+02 0.000000000000000000e+00 0.000000000000000000e+00 9.146248803948019359e-14
8.140000000000000000e+02 0.000000000000000000e+00 0.000000000000000000e+00 9.126735862242022318e-14
8.150000000000000000e+02 0.000000000000000000e+00 0.000000000000000000e+00 9.107300144292195293e-14
8.160000000000000000e+02 0.000000000000000000e+00 0.000000000000000000e+00 9.087941236060209502e-14
8.170000000000000000e+02 0.000000000000000000e+00 0.000000000000000000e+00 9.068658888305301642e-14
8.180000000000000000e+02 0.000000000000000000e+00 0.000000000000000000e+00 9.049452678621654919e-14
8.190000000000000000e+02 0.000000000000000000e+00 0.000000000000000000e+00 9.030322352899428071e-14
8.200000000000000000e+02 0.000000000000000000e+00 0.000000000000000000e+00 9.011267481234543821e-14
8.210000000000000000e+02 0.000000000000000000e+00 0.000000000000000000e+00 8.992287801148559656e-14
8.220000000000000000e+02 0.000000000000000000e+00 0.000000000000000000e+00 8.973382877871620931e-14
8.230000000000000000e+02 0.000000000000000000e+00 0.000000000000000000e+00 8.954552443337036132e-14
8.240000000000000000e+02 0.000000000000000000e+00 0.000000000000000000e+00 8.935796054940177218e-14
8.250000000000000000e+02 0.000000000000000000e+00 0.000000000000000000e+00 8.917113438161760770e-14
8.260000000000000000e+02 0.000000000000000000e+00 0.000000000000000000e+00 8.898504143554249826e-14
8.270000000000000000e+02 0.000000000000000000e+00 0.000000000000000000e+00 8.879967890212886613e-14
8.280000000000000000e+02 0.000000000000000000e+00 0.000000000000000000e+00 8.861504224115933676e-14
8.290000000000000000e+02 0.000000000000000000e+00 0.000000000000000000e+00 8.843112856044550482e-14
8.300000000000000000e+02 0.000000000000000000e+00 0.000000000000000000e+00 8.824793326805286804e-14
8.310000000000000000e+02 0.000000000000000000e+00 0.000000000000000000e+00 8.806545342084140399e-14
8.320000000000000000e+02 0.000000000000000000e+00 0.000000000000000000e+00 8.788368435576148137e-14
8.330000000000000000e+02 0.000000000000000000e+00 0.000000000000000000e+00 8.770262309399257084e-14
8.340000000000000000e+02 0.000000000000000000e+00 0.000000000000000000e+00 8.752226491385677241e-14
8.350000000000000000e+02 0.000000000000000000e+00 0.000000000000000000e+00 8.734260677194779786e-14
8.360000000000000000e+02 0.000000000000000000e+00 0.000000000000000000e+00 8.716364391349570120e-14
8.370000000000000000e+02 0.000000000000000000e+00 0.000000000000000000e+00 8.698537321952200104e-14
8.380000000000000000e+02 0.000000000000000000e+00 0.000000000000000000e+00 8.680778991773583514e-14
8.390000000000000000e+02 0.000000000000000000e+00 0.000000000000000000e+00 8.663089082826806348e-14
8.400000000000000000e+02 0.000000000000000000e+00 0.000000000000000000e+00 8.645467113247560657e-14
8.410000000000000000e+02 0.000000000000000000e+00 0.000000000000000000e+00 8.627912759777458422e-14
8.420000000000000000e+02 0.000000000000000000e+00 0.000000000000000000e+00 8.610425538758468408e-14
8.430000000000000000e+02 0.000000000000000000e+00 0.000000000000000000e+00 8.593005122302386781e-14
8.440000000000000000e+02 0.000000000000000000e+00 0.000000000000000000e+00 8.575651022555385135e-14
8.450000000000000000e+02 0.000000000000000000e+00 0.000000000000000000e+00 8.558362909306339425e-14
8.460000000000000000e+02 0.000000000000000000e+00 0.000000000000000000e+00 8.541140289857213229e-14
8.470000000000000000e+02 0.000000000000000000e+00 0.000000000000000000e+00 8.523982831248637519e-14
8.480000000000000000e+02 0.000000000000000000e+00 0.000000000000000000e+00 8.506890039416865797e-14
8.490000000000000000e+02 0.000000000000000000e+00 0.000000000000000000e+00 8.489861576898121906e-14
8.500000000000000000e+02 0.000000000000000000e+00 0.000000000000000000e+00 8.472896946184247774e-14
8.510000000000000000e+02 0.000000000000000000e+00 0.000000000000000000e+00 8.455995808614560777e-14
8.520000000000000000e+02 0.000000000000000000e+00 0.000000000000000000e+00 8.439157666348486954e-14
8.530000000000000000e+02 0.000000000000000000e+00 0.000000000000000000e+00 8.422382177449370952e-14
8.540000000000000000e+02 0.000000000000000000e+00 0.000000000000000000e+00 8.405668841619309320e-14
8.550000000000000000e+02 0.000000000000000000e+00 0.000000000000000000e+00 8.389017314850268362e-14
8.560000000000000000e+02 0.000000000000000000e+00 0.000000000000000000e+00 8.372427097600108716e-14
8.570000000000000000e+02 0.000000000000000000e+00 0.000000000000000000e+00 8.355897844385774468e-14
8.580000000000000000e+02 0.000000000000000000e+00 0.000000000000000000e+00 8.339429054245565377e-14
8.590000000000000000e+02 0.000000000000000000e+00 0.000000000000000000e+00 8.323020380905557762e-14
8.600000000000000000e+02 0.000000000000000000e+00 0.000000000000000000e+00 8.306671323265041468e-14
8.610000000000000000e+02 0.000000000000000000e+00 0.000000000000000000e+00 8.290381534689164336e-14
8.620000000000000000e+02 0.000000000000000000e+00 0.000000000000000000e+00 8.274150514591216523e-14
8.630000000000000000e+02 0.000000000000000000e+00 0.000000000000000000e+00 8.257977914677801788e-14
8.640000000000000000e+02 0.000000000000000000e+00 0.000000000000000000e+00 8.241863235431823632e-14
8.650000000000000000e+02 0.000000000000000000e+00 0.000000000000000000e+00 8.225806128474778453e-14
8.660000000000000000e+02 0.000000000000000000e+00 0.000000000000000000e+00 8.209806095805299716e-14
8.670000000000000000e+02 0.000000000000000000e+00 0.000000000000000000e+00 8.193862789609452005e-14
8.680000000000000000e+02 0.000000000000000000e+00 0.000000000000000000e+00 8.177975712253200289e-14
8.690000000000000000e+02 0.000000000000000000e+00 0.000000000000000000e+00 8.162144518777148405e-14
8.700000000000000000e+02 0.000000000000000000e+00 0.000000000000000000e+00 8.146368711593844506e-14
8.710000000000000000e+02 0.000000000000000000e+00 0.000000000000000000e+00 8.130647948168436859e-14
8.720000000000000000e+02 0.000000000000000000e+00 0.000000000000000000e+00 8.114981732546298307e-14
8.730000000000000000e+02 0.000000000000000000e+00 0.000000000000000000e+00 8.099369723284101862e-14
8.740000000000000000e+02 0.000000000000000000e+00 0.000000000000000000e+00 8.083811428418253228e-14
8.750000000000000000e+02 0.000000000000000000e+00 0.000000000000000000e+00 8.068306507161688272e-14
8.760000000000000000e+02 0.000000000000000000e+00 0.000000000000000000e+00 8.052854469647945770e-14
8.770000000000000000e+02 0.000000000000000000e+00 0.000000000000000000e+00 8.037454978836880494e-14
8.780000000000000000e+02 0.000000000000000000e+00 0.000000000000000000e+00 8.022107548230460977e-14
8.790000000000000000e+02 0.000000000000000000e+00 0.000000000000000000e+00 8.006811841096558725e-14
8.800000000000000000e+02 0.000000000000000000e+00 0.000000000000000000e+00 7.991567376437486923e-14
8.810000000000000000e+02 0.000000000000000000e+00 0.000000000000000000e+00 7.976373819912259243e-14
8.820000000000000000e+02 0.000000000000000000e+00 0.000000000000000000e+00 7.961230695776286844e-14
8.830000000000000000e+02 0.000000000000000000e+00 0.000000000000000000e+00 7.946137671231842714e-14
8.840000000000000000e+02 0.000000000000000000e+00 0.000000000000000000e+00 7.931094274358943940e-14
8.850000000000000000e+02 0.000000000000000000e+00 0.000000000000000000e+00 7.916100176981226526e-14
8.860000000000000000e+02 0.000000000000000000e+00 0.000000000000000000e+00 7.901154912117936081e-14
8.870000000000000000e+02 0.000000000000000000e+00 0.000000000000000000e+00 7.886258154541843014e-14
8.880000000000000000e+02 0.000000000000000000e+00 0.000000000000000000e+00 7.871409441198858530e-14
8.890000000000000000e+02 0.000000000000000000e+00 0.000000000000000000e+00 7.856608450887124698e-14
8.900000000000000000e+02 0.000000000000000000e+00 0.000000000000000000e+00 7.841854725806174501e-14
8.910000000000000000e+02 0.000000000000000000e+00 0.000000000000000000e+00 7.827147949369043101e-14
8.920000000000000000e+02 0.000000000000000000e+00 0.000000000000000000e+00 7.812487667993344393e-14
8.930000000000000000e+02 0.000000000000000000e+00 0.000000000000000000e+00 7.797873570295822510e-14
8.940000000000000000e+02 0.000000000000000000e+00 0.000000000000000000e+00 7.783305208151870327e-14
8.950000000000000000e+02 0.000000000000000000e+00 0.000000000000000000e+00 7.768782274250820432e-14
8.960000000000000000e+02 0.000000000000000000e+00 0.000000000000000000e+00 7.754304326579576868e-14
8.970000000000000000e+02 0.000000000000000000e+00 0.000000000000000000e+00 7.739871063021454855e-14
8.980000000000000000e+02 0.000000000000000000e+00 0.000000000000000000e+00 7.725482048074079921e-14
8.990000000000000000e+02 0.000000000000000000e+00 0.000000000000000000e+00 7.711136983993849899e-14
9.000000000000000000e+02 0.000000000000000000e+00 0.000000000000000000e+00 7.696835440617265873e-14
9.010000000000000000e+02 0.000000000000000000e+00 0.000000000000000000e+00 7.682577127190085044e-14
9.020000000000000000e+02 0.000000000000000000e+00 0.000000000000000000e+00 7.668361618688474582e-14
9.030000000000000000e+02 0.000000000000000000e+00 0.000000000000000000e+00 7.654188631036030520e-14
9.040000000000000000e+02 0.000000000000000000e+00 0.000000000000000000e+00 7.640057745523712444e-14
9.050000000000000000e+02 0.000000000000000000e+00 0.000000000000000000e+00 7.625968682109082212e-14
9.060000000000000000e+02 0.000000000000000000e+00 0.000000000000000000e+00 7.611921030480103444e-14
9.070000000000000000e+02 0.000000000000000000e+00 0.000000000000000000e+00 7.597914514900069560e-14
9.080000000000000000e+02 0.000000000000000000e+00 0.000000000000000000e+00 7.583948733135608124e-14
9.090000000000000000e+02 0.000000000000000000e+00 0.000000000000000000e+00 7.570023415102994853e-14
9.100000000000000000e+02 0.000000000000000000e+00 0.000000000000000000e+00 7.556138165306581410e-14
9.110000000000000000e+02 0.000000000000000000e+00 0.000000000000000000e+00 7.542292720022554990e-14
9.120000000000000000e+02 0.000000000000000000e+00 0.000000000000000000e+00 7.528486691390149611e-14
9.130000000000000000e+02 0.000000000000000000e+00 0.000000000000000000e+00 7.514719820933316478e-14
9.140000000000000000e+02 0.000000000000000000e+00 0.000000000000000000e+00 7.500991728846383654e-14
9.150000000000000000e+02 0.000000000000000000e+00 0.000000000000000000e+00 7.487302161612238505e-14
9.160000000000000000e+02 0.000000000000000000e+00 0.000000000000000000e+00 7.473650747641536211e-14
9.170000000000000000e+02 0.000000000000000000e+00 0.000000000000000000e+00 7.460037239536467987e-14
9.180000000000000000e+02 0.000000000000000000e+00 0.000000000000000000e+00 7.446461272800772863e-14
9.190000000000000000e+02 0.000000000000000000e+00 0.000000000000000000e+00 7.432922606631634081e-14
9.200000000000000000e+02 0.000000000000000000e+00 0.000000000000000000e+00 7.419420883068197824e-14
9.210000000000000000e+02 0.000000000000000000e+00 0.000000000000000000e+00 7.405955868389610138e-14
9.220000000000000000e+02 0.000000000000000000e+00 0.000000000000000000e+00 7.392527210710345531e-14
9.230000000000000000e+02 0.000000000000000000e+00 0.000000000000000000e+00 7.379134683488137589e-14
9.240000000000000000e+02 0.000000000000000000e+00 0.000000000000000000e+00 7.365777942277529872e-14
9.250000000000000000e+02 0.000000000000000000e+00 0.000000000000000000e+00 7.352456767962538252e-14
9.260000000000000000e+02 0.000000000000000000e+00 0.000000000000000000e+00 7.339170823686878889e-14
9.270000000000000000e+02 0.000000000000000000e+00 0.000000000000000000e+00 7.325919895189639233e-14
9.280000000000000000e+02 0.000000000000000000e+00 0.000000000000000000e+00 7.312703653614705836e-14
9.290000000000000000e+02 0.000000000000000000e+00 0.000000000000000000e+00 7.299521892349339232e-14
9.300000000000000000e+02 0.000000000000000000e+00 0.000000000000000000e+00 7.286374289342540253e-14
9.310000000000000000e+02 0.000000000000000000e+00 0.000000000000000000e+00 7.273260644090424977e-14
9.320000000000000000e+02 0.000000000000000000e+00 0.000000000000000000e+00 7.260180640740579240e-14
9.330000000000000000e+02 0.000000000000000000e+00 0.000000000000000000e+00 7.247134086941442480e-14
9.340000000000000000e+02 0.000000000000000000e+00 0.000000000000000000e+00 7.234120674083908743e-14
9.350000000000000000e+02 0.000000000000000000e+00 0.000000000000000000e+00 7.221140216212420907e-14
9.360000000000000000e+02 0.000000000000000000e+00 0.000000000000000000e+00 7.208192410882481466e-14
9.370000000000000000e+02 0.000000000000000000e+00 0.000000000000000000e+00 7.195277079212439625e-14
9.380000000000000000e+02 0.000000000000000000e+00 0.000000000000000000e+00 7.182393925691805718e-14
9.390000000000000000e+02 0.000000000000000000e+00 0.000000000000000000e+00 7.169542777362332762e-14
9.400000000000000000e+02 0.000000000000000000e+00 0.000000000000000000e+00 7.156723346082265661e-14
9.410000000000000000e+02 0.000000000000000000e+00 0.000000000000000000e+00 7.143935466675604054e-14
9.420000000000000000e+02 0.000000000000000000e+00 0.000000000000000000e+00 7.131178855966782738e-14
9.430000000000000000e+02 0.000000000000000000e+00 0.000000000000000000e+00 7.118453356124371535e-14
9.440000000000000000e+02 0.000000000000000000e+00 0.000000000000000000e+00 7.105758690235423031e-14
9.450000000000000000e+02 0.000000000000000000e+00 0.000000000000000000e+00 7.093094706649595748e-14
9.460000000000000000e+02 0.000000000000000000e+00 0.000000000000000000e+00 7.080461136142089778e-14
9.470000000000000000e+02 0.000000000000000000e+00 0.000000000000000000e+00 7.067857832619399570e-14
9.480000000000000000e+02 0.000000000000000000e+00 0.000000000000000000e+00 7.055284534264285627e-14
9.490000000000000000e+02 0.000000000000000000e+00 0.000000000000000000e+00 7.042741101118396673e-14
9.500000000000000000e+02 0.000000000000000000e+00 0.000000000000000000e+00 7.030227277497038566e-14
9.510000000000000000e+02 0.000000000000000000e+00 0.000000000000000000e+00 7.017742928517907325e-14
9.520000000000000000e+02 0.000000000000000000e+00 0.000000000000000000e+00 7.005287805146050305e-14
9.530000000000000000e+02 0.000000000000000000e+00 0.000000000000000000e+00 6.992861778419370244e-14
9.540000000000000000e+02 0.000000000000000000e+00 0.000000000000000000e+00 6.980464606178545366e-14
9.550000000000000000e+02 0.000000000000000000e+00 0.000000000000000000e+00 6.968096165382581275e-14
9.560000000000000000e+02 0.000000000000000000e+00 0.000000000000000000e+00 6.955756219480242837e-14
9.570000000000000000e+02 0.000000000000000000e+00 0.000000000000000000e+00 6.943444650394793158e-14
9.580000000000000000e+02 0.000000000000000000e+00 0.000000000000000000e+00 6.931161228963835635e-14
9.590000000000000000e+02 0.000000000000000000e+00 0.000000000000000000e+00 6.918905842688620871e-14
9.600000000000000000e+02 0.000000000000000000e+00 0.000000000000000000e+00 6.906678268110764396e-14
9.610000000000000000e+02 0.000000000000000000e+00 0.000000000000000000e+00 6.894478398486732954e-14
9.620000000000000000e+02 0.000000000000000000e+00 0.000000000000000000e+00 6.882306016536384566e-14
9.630000000000000000e+02 0.000000000000000000e+00 0.000000000000000000e+00 6.870161021203512121e-14
9.640000000000000000e+02 0.000000000000000000e+00 0.000000000000000000e+00 6.858043200503748355e-14
9.650000000000000000e+02 0.000000000000000000e+00 0.000000000000000000e+00 6.845952459083921364e-14
9.660000000000000000e+02 0.000000000000000000e+00 0.000000000000000000e+00 6.833888590751209282e-14
9.670000000000000000e+02 0.000000000000000000e+00 0.000000000000000000e+00 6.821851505833947709e-14
9.680000000000000000e+02 0.000000000000000000e+00 0.000000000000000000e+00 6.809841002932905695e-14
9.690000000000000000e+02 0.000000000000000000e+00 0.000000000000000000e+00 6.797856998078497313e-14
9.700000000000000000e+02 0.000000000000000000e+00 0.000000000000000000e+00 6.785899296389028858e-14
9.710000000000000000e+02 0.000000000000000000e+00 0.000000000000000000e+00 6.773967817272961950e-14
9.720000000000000000e+02 0.000000000000000000e+00 0.000000000000000000e+00 6.762062373090842028e-14
9.730000000000000000e+02 0.000000000000000000e+00 0.000000000000000000e+00 6.750182887782951075e-14
9.740000000000000000e+02 0.000000000000000000e+00 0.000000000000000000e+00 6.738329180256824683e-14
9.750000000000000000e+02 0.000000000000000000e+00 0.000000000000000000e+00 6.726501179237958679e-14
9.760000000000000000e+02 0.000000000000000000e+00 0.000000000000000000e+00 6.714698707723250186e-14
9.770000000000000000e+02 0.000000000000000000e+00 0.000000000000000000e+00 6.702921700398340830e-14
9.780000000000000000e+02 0.000000000000000000e+00 0.000000000000000000e+00 6.691169986418379859e-14
9.790000000000000000e+02 0.000000000000000000e+00 0.000000000000000000e+00 6.679443503754984384e-14
9.800000000000000000e+02 0.000000000000000000e+00 0.000000000000000000e+00 6.667742088456635301e-14
9.810000000000000000e+02 0.000000000000000000e+00 0.000000000000000000e+00 6.656065682699339797e-14
9.820000000000000000e+02 0.000000000000000000e+00 0.000000000000000000e+00 6.644414126601028186e-14
9.830000000000000000e+02 0.000000000000000000e+00 0.000000000000000000e+00 6.632787368985473843e-14
9.840000000000000000e+02 0.000000000000000000e+00 0.000000000000000000e+00 6.621185253808545393e-14
9.850000000000000000e+02 0.000000000000000000e+00 0.000000000000000000e+00 6.609607735316954043e-14
9.860000000000000000e+02 0.000000000000000000e+00 0.000000000000000000e+00 6.598054663401970490e-14
9.870000000000000000e+02 0.000000000000000000e+00 0.000000000000000000e+00 6.586525996138993753e-14
9.880000000000000000e+02 0.000000000000000000e+00 0.000000000000000000e+00 6.575021588685020587e-14
9.890000000000000000e+02 0.000000000000000000e+00 0.000000000000000000e+00 6.563541403854767294e-14
9.900000000000000000e+02 0.000000000000000000e+00 0.000000000000000000e+00 6.552085303170158002e-14
9.910000000000000000e+02 0.000000000000000000e+00 0.000000000000000000e+00 6.540653252794162857e-14
9.920000000000000000e+02 0.000000000000000000e+00 0.000000000000000000e+00 6.529245119567546999e-14
9.930000000000000000e+02 0.000000000000000000e+00 0.000000000000000000e+00 6.517860875016985685e-14
9.940000000000000000e+02 0.000000000000000000e+00 0.000000000000000000e+00 6.506500390445938739e-14
9.950000000000000000e+02 0.000000000000000000e+00 0.000000000000000000e+00 6.495163642408567699e-14
9.960000000000000000e+02 0.000000000000000000e+00 0.000000000000000000e+00 6.483850506369617842e-14
9.970000000000000000e+02 0.000000000000000000e+00 0.000000000000000000e+00 6.472560963713173397e-14
9.980000000000000000e+02 0.000000000000000000e+00 0.000000000000000000e+00 6.461294896030133329e-14
9.990000000000000000e+02 0.000000000000000000e+00 0.000000000000000000e+00 6.450052287421305229e-14
1.000000000000000000e+03 0.000000000000000000e+00 0.000000000000000000e+00 6.438833025922229510e-14
1.001000000000000000e+03 0.000000000000000000e+00 0.000000000000000000e+00 6.427637099722518675e-14
1.002000000000000000e+03 0.000000000000000000e+00 0.000000000000000000e+00 6.416464401606073921e-14
1.003000000000000000e+03 0.000000000000000000e+00 0.000000000000000000e+00 6.405314923820231544e-14
1.004000000000000000e+03 0.000000000000000000e+00 0.000000000000000000e+00 6.394188564644259365e-14
1.005000000000000000e+03 0.000000000000000000e+00 0.000000000000000000e+00 6.383085320373035486e-14
1.006000000000000000e+03 0.000000000000000000e+00 0.000000000000000000e+00 6.372005093431248872e-14
1.007000000000000000e+03 0.000000000000000000e+00 0.000000000000000000e+00 6.360947884622814419e-14
1.008000000000000000e+03 0.000000000000000000e+00 0.000000000000000000e+00 6.349913601467784750e-14
1.009000000000000000e+03 0.000000000000000000e+00 0.000000000000000000e+00 6.338902248421088377e-14
1.010000000000000000e+03 0.000000000000000000e+00 0.000000000000000000e+00 6.327913736386406818e-14
1.011000000000000000e+03 0.000000000000000000e+00 0.000000000000000000e+00 6.316948075475422267e-14
1.012000000000000000e+03 0.000000000000000000e+00 0.000000000000000000e+00 6.306005181201530620e-14
1.013000000000000000e+03 0.000000000000000000e+00 0.000000000000000000e+00 6.295085066844966667e-14
1.014000000000000000e+03 0.000000000000000000e+00 0.000000000000000000e+00 6.284187651276277243e-14
1.015000000000000000e+03 0.000000000000000000e+00 0.000000000000000000e+00 6.273312953295793604e-14
1.016000000000000000e+03 0.000000000000000000e+00 0.000000000000000000e+00 6.262460895401604747e-14
1.017000000000000000e+03 0.000000000000000000e+00 0.000000000000000000e+00 6.251631500601245394e-14
1.018000000000000000e+03 0.000000000000000000e+00 0.000000000000000000e+00 6.240824695913286764e-14
1.019000000000000000e+03 0.000000000000000000e+00 0.000000000000000000e+00 6.230040507853851829e-14
1.020000000000000000e+03 0.000000000000000000e+00 0.000000000000000000e+00 6.219278867280790548e-14
1.021000000000000000e+03 0.000000000000000000e+00 0.000000000000000000e+00 6.208539804177915805e-14
1.022000000000000000e+03 0.000000000000000000e+00 0.000000000000000000e+00 6.197823253981588387e-14
1.023000000000000000e+03 0.000000000000000000e+00 0.000000000000000000e+00 6.187129250181166320e-14
1.024000000000000000e+03 0.000000000000000000e+00 0.000000000000000000e+00 6.176457732657036212e-14
1.025000000000000000e+03 0.000000000000000000e+00 0.000000000000000000e+00 6.165808737862512243e-14
1.026000000000000000e+03 0.000000000000000000e+00 0.000000000000000000e+00 6.155182208351438203e-14
1.027000000000000000e+03 0.000000000000000000e+00 0.000000000000000000e+00 6.144578184372825287e-14
1.028000000000000000e+03 0.000000000000000000e+00 0.000000000000000000e+00 6.133996612512435859e-14
1.029000000000000000e+03 0.000000000000000000e+00 0.000000000000000000e+00 6.123437536754921203e-14
1.030000000000000000e+03 0.000000000000000000e+00 0.000000000000000000e+00 6.112900907231333527e-14
1.031000000000000000e+03 0.000000000000000000e+00 0.000000000000000000e+00 6.102386770194912636e-14
1.032000000000000000e+03 0.000000000000000000e+00 0.000000000000000000e+00 6.091895079098784501e-14
1.033000000000000000e+03 0.000000000000000000e+00 0.000000000000000000e+00 6.081425883548190180e-14
1.034000000000000000e+03 0.000000000000000000e+00 0.000000000000000000e+00 6.070979141005783190e-14
1.035000000000000000e+03 0.000000000000000000e+00 0.000000000000000000e+00 6.060554903100519324e-14
1.036000000000000000e+03 0.000000000000000000e+00 0.000000000000000000e+00 6.050153130067217869e-14
1.037000000000000000e+03 0.000000000000000000e+00 0.000000000000000000e+00 6.039773877400038483e-14
1.038000000000000000e+03 0.000000000000000000e+00 0.000000000000000000e+00 6.029417107244488459e-14
1.039000000000000000e+03 0.000000000000000000e+00 0.000000000000000000e+00 6.019082878793361765e-14
1.040000000000000000e+03 0.000000000000000000e+00 0.000000000000000000e+00 6.008771156016800967e-14
1.041000000000000000e+03 0.000000000000000000e+00 0.000000000000000000e+00 5.998482000538878176e-14
1.042000000000000000e+03 0.000000000000000000e+00 0.000000000000000000e+00 5.988215380211782322e-14
1.043000000000000000e+03 0.000000000000000000e+00 0.000000000000000000e+00 5.977971357684642736e-14
1.044000000000000000e+03 0.000000000000000000e+00 0.000000000000000000e+00 5.967749904021821795e-14
1.045000000000000000e+03 0.000000000000000000e+00 0.000000000000000000e+00 5.957551083659358882e-14
1.046000000000000000e+03 0.000000000000000000e+00 0.000000000000000000e+00 5.947374869020561181e-14
1.047000000000000000e+03 0.000000000000000000e+00 0.000000000000000000e+00 5.937221328040764174e-14
1.048000000000000000e+03 0.000000000000000000e+00 0.000000000000000000e+00 5.927090434259337784e-14
1.049000000000000000e+03 0.000000000000000000e+00 0.000000000000000000e+00 5.916982257489288200e-14
1.050000000000000000e+03 0.000000000000000000e+00 0.000000000000000000e+00 5.906896774874719962e-14
1.051000000000000000e+03 0.000000000000000000e+00 0.000000000000000000e+00 5.896834056206625621e-14
1.052000000000000000e+03 0.000000000000000000e+00 0.000000000000000000e+00 5.886794081231348536e-14
1.053000000000000000e+03 0.000000000000000000e+00 0.000000000000000000e+00 5.876776920920214072e-14
1.054000000000000000e+03 0.000000000000000000e+00 0.000000000000000000e+00 5.866782555876754469e-14
1.055000000000000000e+03 0.000000000000000000e+00 0.000000000000000000e+00 5.856811059773181914e-14
1.056000000000000000e+03 0.000000000000000000e+00 0.000000000000000000e+00 5.846862414041726396e-14
1.057000000000000000e+03 0.000000000000000000e+00 0.000000000000000000e+00 5.836936693439771047e-14
1.058000000000000000e+03 0.000000000000000000e+00 0.000000000000000000e+00 5.827033881401822509e-14
1.059000000000000000e+03 0.000000000000000000e+00 0.000000000000000000e+00 5.817154051859076635e-14
1.060000000000000000e+03 0.000000000000000000e+00 0.000000000000000000e+00 5.807297190415033952e-14
1.061000000000000000e+03 0.000000000000000000e+00 0.000000000000000000e+00 5.797463372522104438e-14
1.062000000000000000e+03 0.000000000000000000e+00 0.000000000000000000e+00 5.787652583156998872e-14
1.063000000000000000e+03 0.000000000000000000e+00 0.000000000000000000e+00 5.777864899033414848e-14
1.064000000000000000e+03 0.000000000000000000e+00 0.000000000000000000e+00 5.768100306021198838e-14
1.065000000000000000e+03 0.000000000000000000e+00 0.000000000000000000e+00 5.758358880154073054e-14
1.066000000000000000e+03 0.000000000000000000e+00 0.000000000000000000e+00 5.748640609097155947e-14
1.067000000000000000e+03 0.000000000000000000e+00 0.000000000000000000e+00 5.738945568593578615e-14
1.068000000000000000e+03 0.000000000000000000e+00 0.000000000000000000e+00 5.729273745801324183e-14
1.069000000000000000e+03 0.000000000000000000e+00 0.000000000000000000e+00 5.719625216703483878e-14
1.070000000000000000e+03 0.000000000000000000e+00 0.000000000000000000e+00 5.709999969539032699e-14
1.071000000000000000e+03 0.000000000000000000e+00 0.000000000000000000e+00 5.700398079322956624e-14
1.072000000000000000e+03 0.000000000000000000e+00 0.000000000000000000e+00 5.690819533377980702e-14
1.073000000000000000e+03 0.000000000000000000e+00 0.000000000000000000e+00 5.681264407056612938e-14
1.074000000000000000e+03 0.000000000000000000e+00 0.000000000000000000e+00 5.671732687158929632e-14
1.075000000000000000e+03 0.000000000000000000e+00 0.000000000000000000e+00 5.662224448085364455e-14
1.076000000000000000e+03 0.000000000000000000e+00 0.000000000000000000e+00 5.652739676012659803e-14
1.077000000000000000e+03 0.000000000000000000e+00 0.000000000000000000e+00 5.643278444834418836e-14
1.078000000000000000e+03 0.000000000000000000e+00 0.000000000000000000e+00 5.633840740432293804e-14
1.079000000000000000e+03 0.000000000000000000e+00 0.000000000000000000e+00 5.624426634744589460e-14
1.080000000000000000e+03 0.000000000000000000e+00 0.000000000000000000e+00 5.615036113675188785e-14
1.081000000000000000e+03 0.000000000000000000e+00 0.000000000000000000e+00 5.605669247624902842e-14
1.082000000000000000e+03 0.000000000000000000e+00 0.000000000000000000e+00 5.596326020953766489e-14
1.083000000000000000e+03 0.000000000000000000e+00 0.000000000000000000e+00 5.587006502792880664e-14
1.084000000000000000e+03 0.000000000000000000e+00 0.000000000000000000e+00 5.577710676549899815e-14
1.085000000000000000e+03 0.000000000000000000e+00 0.000000000000000000e+00 5.568438609382544519e-14
1.086000000000000000e+03 0.000000000000000000e+00 0.000000000000000000e+00 5.559190284565910929e-14
1.087000000000000000e+03 0.000000000000000000e+00 0.000000000000000000e+00 5.549965766356132703e-14
1.088000000000000000e+03 0.000000000000000000e+00 0.000000000000000000e+00 5.540765035752853753e-14
1.089000000000000000e+03 0.000000000000000000e+00 0.000000000000000000e+00 5.531588155847986619e-14
1.090000000000000000e+03 0.000000000000000000e+00 0.000000000000000000e+00 5.522435106078792012e-14
1.091000000000000000e+03 0.000000000000000000e+00 0.000000000000000000e+00 5.513305947006812669e-14
1.092000000000000000e+03 0.000000000000000000e+00 0.000000000000000000e+00 5.504200656681381745e-14
1.093000000000000000e+03 0.000000000000000000e+00 0.000000000000000000e+00 5.495119293215429088e-14
1.094000000000000000e+03 0.000000000000000000e+00 0.000000000000000000e+00 5.486061832545587082e-14
1.095000000000000000e+03 0.000000000000000000e+00 0.000000000000000000e+00 5.477028330543976946e-14
1.096000000000000000e+03 0.000000000000000000e+00 0.000000000000000000e+00 5.468018761104872708e-14
1.097000000000000000e+03 0.000000000000000000e+00 0.000000000000000000e+00 5.459033176540131899e-14
1.098000000000000000e+03 0.000000000000000000e+00 0.000000000000000000e+00 5.450071548592614268e-14
1.099000000000000000e+03 0.000000000000000000e+00 0.000000000000000000e+00 5.441133927366603747e-14
1.100000000000000000e+03 0.000000000000000000e+00 0.000000000000000000e+00 5.432220281631198073e-14
1.101000000000000000e+03 0.000000000000000000e+00 0.000000000000000000e+00 5.423330658789491434e-14
1.102000000000000000e+03 0.000000000000000000e+00 0.000000000000000000e+00 5.414465024157873067e-14
1.103000000000000000e+03 0.000000000000000000e+00 0.000000000000000000e+00 5.405623422954507655e-14
1.104000000000000000e+03 0.000000000000000000e+00 0.000000000000000000e+00 5.396805817302893903e-14
1.105000000000000000e+03 0.000000000000000000e+00 0.000000000000000000e+00 5.388012249094259561e-14
1.106000000000000000e+03 0.000000000000000000e+00 0.000000000000000000e+00 5.379242678265676254e-14
1.107000000000000000e+03 0.000000000000000000e+00 0.000000000000000000e+00 5.370497142538487065e-14
1.108000000000000000e+03 0.000000000000000000e+00 0.000000000000000000e+00 5.361775599453147392e-14
1.109000000000000000e+03 0.000000000000000000e+00 0.000000000000000000e+00 5.353078083644383865e-14
1.110000000000000000e+03 0.000000000000000000e+00 0.000000000000000000e+00 5.344404548946163042e-14
1.111000000000000000e+03 0.000000000000000000e+00 0.000000000000000000e+00 5.335755027177258957e-14
1.112000000000000000e+03 0.000000000000000000e+00 0.000000000000000000e+00 5.327129468254777168e-14
1.113000000000000000e+03 0.000000000000000000e+00 0.000000000000000000e+00 5.318527900785133980e-14
1.114000000000000000e+03 0.000000000000000000e+00 0.000000000000000000e+00 5.309950271376463852e-14
1.115000000000000000e+03 0.000000000000000000e+00 0.000000000000000000e+00 5.301396604611923685e-14
1.116000000000000000e+03 0.000000000000000000e+00 0.000000000000000000e+00 5.292866843710702750e-14
1.117000000000000000e+03 0.000000000000000000e+00 0.000000000000000000e+00 5.284361009536267998e-14
1.118000000000000000e+03 0.000000000000000000e+00 0.000000000000000000e+00 5.275879042059495956e-14
1.119000000000000000e+03 0.000000000000000000e+00 0.000000000000000000e+00 5.267420957848918675e-14
1.120000000000000000e+03 0.000000000000000000e+00 0.000000000000000000e+00 5.258986694149508243e-14
1.121000000000000000e+03 0.000000000000000000e+00 0.000000000000000000e+00 5.250576262557014466e-14
1.122000000000000000e+03 0.000000000000000000e+00 0.000000000000000000e+00 5.242189597189340190e-14
1.123000000000000000e+03 0.000000000000000000e+00 0.000000000000000000e+00 5.233826706134626421e-14
1.124000000000000000e+03 0.000000000000000000e+00 0.000000000000000000e+00 5.225487519464455356e-14
1.125000000000000000e+03 0.000000000000000000e+00 0.000000000000000000e+00 5.217172041637971179e-14
1.126000000000000000e+03 0.000000000000000000e+00 0.000000000000000000e+00 5.208880198757587927e-14
1.127000000000000000e+03 0.000000000000000000e+00 0.000000000000000000e+00 5.200611991559877018e-14
1.128000000000000000e+03 0.000000000000000000e+00 0.000000000000000000e+00 5.192367342392110499e-14
1.129000000000000000e+03 0.000000000000000000e+00 0.000000000000000000e+00 5.184146247674823808e-14
1.130000000000000000e+03 0.000000000000000000e+00 0.000000000000000000e+00 5.175948626359823395e-14
1.131000000000000000e+03 0.000000000000000000e+00 0.000000000000000000e+00 5.167774471440740789e-14
1.132000000000000000e+03 0.000000000000000000e+00 0.000000000000000000e+00 5.159623697510922151e-14
1.133000000000000000e+03 0.000000000000000000e+00 0.000000000000000000e+00 5.151496293651719081e-14
1.134000000000000000e+03 0.000000000000000000e+00 0.000000000000000000e+00 5.143392170636517257e-14
1.135000000000000000e+03 0.000000000000000000e+00 0.000000000000000000e+00 5.135311313160105610e-14
1.136000000000000000e+03 0.000000000000000000e+00 0.000000000000000000e+00 5.127253629211033050e-14
1.137000000000000000e+03 0.000000000000000000e+00 0.000000000000000000e+00 5.119219098931288234e-14
1.138000000000000000e+03 0.000000000000000000e+00 0.000000000000000000e+00 5.111207626601364873e-14
1.139000000000000000e+03 0.000000000000000000e+00 0.000000000000000000e+00 5.103219188540537068e-14
1.140000000000000000e+03 0.000000000000000000e+00 0.000000000000000000e+00 5.095253685605640309e-14
1.141000000000000000e+03 0.000000000000000000e+00 0.000000000000000000e+00 5.087311090081425619e-14
1.142000000000000000e+03 0.000000000000000000e+00 0.000000000000000000e+00 5.079391299248206062e-14
1.143000000000000000e+03 0.000000000000000000e+00 0.000000000000000000e+00 5.071494282170154375e-14
1.144000000000000000e+03 0.000000000000000000e+00 0.000000000000000000e+00 5.063619932528271949e-14
1.145000000000000000e+03 0.000000000000000000e+00 0.000000000000000000e+00 5.055768214947137205e-14
1.146000000000000000e+03 0.000000000000000000e+00 0.000000000000000000e+00 5.047939020389721820e-14
1.147000000000000000e+03 0.000000000000000000e+00 0.000000000000000000e+00 5.040132309900389287e-14
1.148000000000000000e+03 0.000000000000000000e+00 0.000000000000000000e+00 5.032347971079261615e-14
1.149000000000000000e+03 0.000000000000000000e+00 0.000000000000000000e+00 5.024585961028826203e-14
1.150000000000000000e+03 0.000000000000000000e+00 0.000000000000000000e+00 5.016846164039705107e-14
1.151000000000000000e+03 0.000000000000000000e+00 0.000000000000000000e+00 5.009128534226645728e-14
1.152000000000000000e+03 0.000000000000000000e+00 0.000000000000000000e+00 5.001432952943368110e-14
1.153000000000000000e+03 0.000000000000000000e+00 0.000000000000000000e+00 4.993759370489175872e-14
1.154000000000000000e+03 0.000000000000000000e+00 0.000000000000000000e+00 4.986107665181208475e-14
1.155000000000000000e+03 0.000000000000000000e+00 0.000000000000000000e+00 4.978477783805260057e-14
1.156000000000000000e+03 0.000000000000000000e+00 0.000000000000000000e+00 4.970869602774537247e-14
1.157000000000000000e+03 0.000000000000000000e+00 0.000000000000000000e+00 4.963283065467291442e-14
1.158000000000000000e+03 0.000000000000000000e+00 0.000000000000000000e+00 4.955718045166306423e-14
1.159000000000000000e+03 0.000000000000000000e+00 0.000000000000000000e+00 4.948174481982461334e-14
1.160000000000000000e+03 0.000000000000000000e+00 0.000000000000000000e+00 4.940652246718458458e-14
1.161000000000000000e+03 0.000000000000000000e+00 0.000000000000000000e+00 4.933151276863033581e-14
1.162000000000000000e+03 0.000000000000000000e+00 0.000000000000000000e+00 4.925671440711877039e-14
1.163000000000000000e+03 0.000000000000000000e+00 0.000000000000000000e+00 4.918212672505514110e-14
1.164000000000000000e+03 0.000000000000000000e+00 0.000000000000000000e+00 4.910774837920661102e-14
1.165000000000000000e+03 0.000000000000000000e+00 0.000000000000000000e+00 4.903357868530496312e-14
1.166000000000000000e+03 0.000000000000000000e+00 0.000000000000000000e+00 4.895961627393930163e-14
1.167000000000000000e+03 0.000000000000000000e+00 0.000000000000000000e+00 4.888586044252855900e-14
1.168000000000000000e+03 0.000000000000000000e+00 0.000000000000000000e+00 4.881230979827261846e-14
1.169000000000000000e+03 0.000000000000000000e+00 0.000000000000000000e+00 4.873896361517714069e-14
1.170000000000000000e+03 0.000000000000000000e+00 0.000000000000000000e+00 4.866582047642665962e-14
1.171000000000000000e+03 0.000000000000000000e+00 0.000000000000000000e+00 4.859287963456282683e-14
1.172000000000000000e+03 0.000000000000000000e+00 0.000000000000000000e+00 4.852013965713326177e-14
1.173000000000000000e+03 0.000000000000000000e+00 0.000000000000000000e+00 4.844759977623463224e-14
1.174000000000000000e+03 0.000000000000000000e+00 0.000000000000000000e+00 4.837525854051797530e-14
1.175000000000000000e+03 0.000000000000000000e+00 0.000000000000000000e+00 4.830311515614861141e-14
1.176000000000000000e+03 0.000000000000000000e+00 0.000000000000000000e+00 4.823116816022507571e-14
1.177000000000000000e+03 0.000000000000000000e+00 0.000000000000000000e+00 4.815941674338322969e-14
1.178000000000000000e+03 0.000000000000000000e+00 0.000000000000000000e+00 4.808785942076750851e-14
1.179000000000000000e+03 0.000000000000000000e+00 0.000000000000000000e+00 4.801649537214997887e-14
1.180000000000000000e+03 0.000000000000000000e+00 0.000000000000000000e+00 4.794532309710094217e-14
1.181000000000000000e+03 0.000000000000000000e+00 0.000000000000000000e+00 4.787434176110189640e-14
1.182000000000000000e+03 0.000000000000000000e+00 0.000000000000000000e+00 4.780354985324784639e-14
1.183000000000000000e+03 0.000000000000000000e+00 0.000000000000000000e+00 4.773294651969138672e-14
1.184000000000000000e+03 0.000000000000000000e+00 0.000000000000000000e+00 4.766253024510925743e-14
1.185000000000000000e+03 0.000000000000000000e+00 0.000000000000000000e+00 4.759230016421779773e-14
1.186000000000000000e+03 0.000000000000000000e+00 0.000000000000000000e+00 4.752225475394631947e-14
1.187000000000000000e+03 0.000000000000000000e+00 0.000000000000000000e+00 4.745239313439959616e-14
1.188000000000000000e+03 0.000000000000000000e+00 0.000000000000000000e+00 4.738271377690110476e-14
1.189000000000000000e+03 0.000000000000000000e+00 0.000000000000000000e+00 4.731321579146240855e-14
1.190000000000000000e+03 0.000000000000000000e+00 0.000000000000000000e+00 4.724389763640022694e-14
1.191000000000000000e+03 0.000000000000000000e+00 0.000000000000000000e+00 4.717475842331754595e-14
1.192000000000000000e+03 0.000000000000000000e+00 0.000000000000000000e+00 4.710579660167336980e-14
1.193000000000000000e+03 0.000000000000000000e+00 0.000000000000000000e+00 4.703701127289417058e-14
1.194000000000000000e+03 0.000000000000000000e+00 0.000000000000000000e+00 4.696840088429253138e-14
1.195000000000000000e+03 0.000000000000000000e+00 0.000000000000000000e+00 4.689996453036341809e-14
1.196000000000000000e+03 0.000000000000000000e+00 0.000000000000000000e+00 4.683170066269435205e-14
1.197000000000000000e+03 0.000000000000000000e+00 0.000000000000000000e+00 4.676360836770962728e-14
1.198000000000000000e+03 0.000000000000000000e+00 0.000000000000000000e+00 4.669568610055021116e-14
1.199000000000000000e+03 0.000000000000000000e+00 0.000000000000000000e+00 4.662793294729050952e-14
1.200000000000000000e+03 0.000000000000000000e+00 0.000000000000000000e+00 4.656034735862005492e-14
1.201000000000000000e+03 0.000000000000000000e+00 0.000000000000000000e+00 4.649292842397954986e-14
1.202000000000000000e+03 0.000000000000000000e+00 0.000000000000000000e+00 4.642567459881417803e-14
1.203000000000000000e+03 0.000000000000000000e+00 0.000000000000000000e+00 4.635858496936699111e-14
1.204000000000000000e+03 0.000000000000000000e+00 0.000000000000000000e+00 4.629165799764459592e-14
1.205000000000000000e+03 0.000000000000000000e+00 0.000000000000000000e+00 4.622489277434505091e-14
1.206000000000000000e+03 0.000000000000000000e+00 0.000000000000000000e+00 4.615828775851793358e-14
1.207000000000000000e+03 0.000000000000000000e+00 0.000000000000000000e+00 4.609184204916097738e-14
1.208000000000000000e+03 0.000000000000000000e+00 0.000000000000000000e+00 4.602555411230034469e-14
1.209000000000000000e+03 0.000000000000000000e+00 0.000000000000000000e+00 4.595942305170558227e-14
1.210000000000000000e+03 0.000000000000000000e+00 0.000000000000000000e+00 4.589344734227156125e-14
1.211000000000000000e+03 0.000000000000000000e+00 0.000000000000000000e+00 4.582762608759446832e-14
1.212000000000000000e+03 0.000000000000000000e+00 0.000000000000000000e+00 4.576195777795176665e-14
1.213000000000000000e+03 0.000000000000000000e+00 0.000000000000000000e+00 4.569644152356565169e-14
1.214000000000000000e+03 0.000000000000000000e+00 0.000000000000000000e+00 4.563107582337064083e-14
1.215000000000000000e+03 0.000000000000000000e+00 0.000000000000000000e+00 4.556585979057754486e-14
1.216000000000000000e+03 0.000000000000000000e+00 0.000000000000000000e+00 4.550079194403094787e-14
1.217000000000000000e+03 0.000000000000000000e+00 0.000000000000000000e+00 4.543587140337862047e-14
1.218000000000000000e+03 0.000000000000000000e+00 0.000000000000000000e+00 4.537109669553804633e-14
1.219000000000000000e+03 0.000000000000000000e+00 0.000000000000000000e+00 4.530646695700822621e-14
1.220000000000000000e+03 0.000000000000000000e+00 0.000000000000000000e+00 4.524198072500692053e-14
1.221000000000000000e+03 0.000000000000000000e+00 0.000000000000000000e+00 4.517763714765753190e-14
1.222000000000000000e+03 0.000000000000000000e+00 0.000000000000000000e+00 4.511343477768508435e-14
1.223000000000000000e+03 0.000000000000000000e+00 0.000000000000000000e+00 4.504937277595143694e-14
1.224000000000000000e+03 0.000000000000000000e+00 0.000000000000000000e+00 4.498544970255074840e-14
1.225000000000000000e+03 0.000000000000000000e+00 0.000000000000000000e+00 4.492166473632847043e-14
1.226000000000000000e+03 0.000000000000000000e+00 0.000000000000000000e+00 4.485801645408706922e-14
1.227000000000000000e+03 0.000000000000000000e+00 0.000000000000000000e+00 4.479450404291485458e-14
1.228000000000000000e+03 0.000000000000000000e+00 0.000000000000000000e+00 4.473112609614604676e-14
1.229000000000000000e+03 0.000000000000000000e+00 0.000000000000000000e+00 4.466788181635487576e-14
1.230000000000000000e+03 0.000000000000000000e+00 0.000000000000000000e+00 4.460476981421771589e-14
1.231000000000000000e+03 0.000000000000000000e+00 0.000000000000000000e+00 4.454178930821288302e-14
1.232000000000000000e+03 0.000000000000000000e+00 0.000000000000000000e+00 4.447893892718152967e-14
1.233000000000000000e+03 0.000000000000000000e+00 0.000000000000000000e+00 4.441621790634953920e-14
1.234000000000000000e+03 0.000000000000000000e+00 0.000000000000000000e+00 4.435362489384114419e-14
1.235000000000000000e+03 0.000000000000000000e+00 0.000000000000000000e+00 4.429115914018474748e-14
1.236000000000000000e+03 0.000000000000000000e+00 0.000000000000000000e+00 4.422881931348779785e-14
1.237000000000000000e+03 0.000000000000000000e+00 0.000000000000000000e+00 4.416660468364156673e-14
1.238000000000000000e+03 0.000000000000000000e+00 0.000000000000000000e+00 4.410451393736302825e-14
1.239000000000000000e+03 0.000000000000000000e+00 0.000000000000000000e+00 4.404254635781844303e-14
1.240000000000000000e+03 0.000000000000000000e+00 0.000000000000000000e+00 4.398070065603914439e-14
1.241000000000000000e+03 0.000000000000000000e+00 0.000000000000000000e+00 4.391897613373160582e-14
1.242000000000000000e+03 0.000000000000000000e+00 0.000000000000000000e+00 4.385737151932165089e-14
1.243000000000000000e+03 0.000000000000000000e+00 0.000000000000000000e+00 4.379588613571180822e-14
1.244000000000000000e+03 0.000000000000000000e+00 0.000000000000000000e+00 4.373451873351936012e-14
1.245000000000000000e+03 0.000000000000000000e+00 0.000000000000000000e+00 4.367326865042159412e-14
1.246000000000000000e+03 0.000000000000000000e+00 0.000000000000000000e+00 4.361213466343135609e-14
1.247000000000000000e+03 0.000000000000000000e+00 0.000000000000000000e+00 4.355111613046412224e-14
1.248000000000000000e+03 0.000000000000000000e+00 0.000000000000000000e+00 4.349021185336296214e-14
1.249000000000000000e+03 0.000000000000000000e+00 0.000000000000000000e+00 4.342942120798825259e-14
1.250000000000000000e+03 0.000000000000000000e+00 0.000000000000000000e+00 4.336874301346081463e-14
1.251000000000000000e+03 0.000000000000000000e+00 0.000000000000000000e+00 4.330817667480642439e-14
1.252000000000000000e+03 0.000000000000000000e+00 0.000000000000000000e+00 4.324772102688244104e-14
1.253000000000000000e+03 0.000000000000000000e+00 0.000000000000000000e+00 4.318737549227863509e-14
1.254000000000000000e+03 0.000000000000000000e+00 0.000000000000000000e+00 4.312713893097679037e-14
1.255000000000000000e+03 0.000000000000000000e+00 0.000000000000000000e+00 4.306701078410592470e-14
1.256000000000000000e+03 0.000000000000000000e+00 0.000000000000000000e+00 4.300698993223938870e-14
1.257000000000000000e+03 0.000000000000000000e+00 0.000000000000000000e+00 4.294707583870467666e-14
1.258000000000000000e+03 0.000000000000000000e+00 0.000000000000000000e+00 4.288726740814358202e-14
1.259000000000000000e+03 0.000000000000000000e+00 0.000000000000000000e+00 4.282756412271688955e-14
1.260000000000000000e+03 0.000000000000000000e+00 0.000000000000000000e+00 4.276796491444427113e-14
1.261000000000000000e+03 0.000000000000000000e+00 0.000000000000000000e+00 4.270846928407755861e-14
1.262000000000000000e+03 0.000000000000000000e+00 0.000000000000000000e+00 4.264907618632002451e-14
1.263000000000000000e+03 0.000000000000000000e+00 0.000000000000000000e+00 4.258978514591153653e-14
1.264000000000000000e+03 0.000000000000000000e+00 0.000000000000000000e+00 4.253059514154461468e-14
1.265000000000000000e+03 0.000000000000000000e+00 0.000000000000000000e+00 4.247150571763434630e-14
1.266000000000000000e+03 0.000000000000000000e+00 0.000000000000000000e+00 4.241251587550472416e-14
1.267000000000000000e+03 0.000000000000000000e+00 0.000000000000000000e+00 4.235362518247830236e-14
1.268000000000000000e+03 0.000000000000000000e+00 0.000000000000000000e+00 4.229483266232062656e-14
1.269000000000000000e+03 0.000000000000000000e+00 0.000000000000000000e+00 4.223613790334839547e-14
1.270000000000000000e+03 0.000000000000000000e+00 0.000000000000000000e+00 4.217753995283686317e-14
1.271000000000000000e+03 0.000000000000000000e+00 0.000000000000000000e+00 4.211903842137755393e-14
1.272000000000000000e+03 0.000000000000000000e+00 0.000000000000000000e+00 4.206063238060166346e-14
1.273000000000000000e+03 0.000000000000000000e+00 0.000000000000000000e+00 4.200232146365688725e-14
1.274000000000000000e+03 0.000000000000000000e+00 0.000000000000000000e+00 4.194410476824826184e-14
1.275000000000000000e+03 0.000000000000000000e+00 0.000000000000000000e+00 4.188598194904822781e-14
1.276000000000000000e+03 0.000000000000000000e+00 0.000000000000000000e+00 4.182795212761619292e-14
1.277000000000000000e+03 0.000000000000000000e+00 0.000000000000000000e+00 4.177001498263968201e-14
1.278000000000000000e+03 0.000000000000000000e+00 0.000000000000000000e+00 4.171216965557788912e-14
1.279000000000000000e+03 0.000000000000000000e+00 0.000000000000000000e+00 4.165441584860775801e-14
1.280000000000000000e+03 0.000000000000000000e+00 0.000000000000000000e+00 4.159675272767918701e-14
1.281000000000000000e+03 0.000000000000000000e+00 0.000000000000000000e+00 4.153918001697040636e-14
1.282000000000000000e+03 0.000000000000000000e+00 0.000000000000000000e+00 4.148169690507171703e-14
1.283000000000000000e+03 0.000000000000000000e+00 0.000000000000000000e+00 4.142430313399075430e-14
1.284000000000000000e+03 0.000000000000000000e+00 0.000000000000000000e+00 4.136699791783577180e-14
1.285000000000000000e+03 0.000000000000000000e+00 0.000000000000000000e+00 4.130978101933295926e-14
1.286000000000000000e+03 0.000000000000000000e+00 0.000000000000000000e+00 4.125265167961491281e-14
1.287000000000000000e+03 0.000000000000000000e+00 0.000000000000000000e+00 4.119560968289898704e-14
1.288000000000000000e+03 0.000000000000000000e+00 0.000000000000000000e+00 4.113865429264675736e-14
1.289000000000000000e+03 0.000000000000000000e+00 0.000000000000000000e+00 4.108178532354312831e-14
1.290000000000000000e+03 0.000000000000000000e+00 0.000000000000000000e+00 4.102500206162850894e-14
1.291000000000000000e+03 0.000000000000000000e+00 0.000000000000000000e+00 4.096830434252085269e-14
1.292000000000000000e+03 0.000000000000000000e+00 0.000000000000000000e+00 4.091169148108795684e-14
1.293000000000000000e+03 0.000000000000000000e+00 0.000000000000000000e+00 4.085516333384823430e-14
1.294000000000000000e+03 0.000000000000000000e+00 0.000000000000000000e+00 4.079871924062055327e-14
1.295000000000000000e+03 0.000000000000000000e+00 0.000000000000000000e+00 4.074235907999490378e-14
1.296000000000000000e+03 0.000000000000000000e+00 0.000000000000000000e+00 4.068608222141920795e-14
1.297000000000000000e+03 0.000000000000000000e+00 0.000000000000000000e+00 4.062988856286184289e-14
1.298000000000000000e+03 0.000000000000000000e+00 0.000000000000000000e+00 4.057377749742896587e-14
1.299000000000000000e+03 0.000000000000000000e+00 0.000000000000000000e+00 4.051774894533178970e-14
1.300000000000000000e+03 0.000000000000000000e+00 0.000000000000000000e+00 4.046180232952200793e-14
1.301000000000000000e+03 0.000000000000000000e+00 0.000000000000000000e+00 4.040593759002817420e-14
1.302000000000000000e+03 0.000000000000000000e+00 0.000000000000000000e+00 4.035015417688887810e-14
1.303000000000000000e+03 0.000000000000000000e+00 0.000000000000000000e+00 4.029445205231260832e-14
1.304000000000000000e+03 0.000000000000000000e+00 0.000000000000000000e+00 4.023883068916744390e-14
1.305000000000000000e+03 0.000000000000000000e+00 0.000000000000000000e+00 4.018329007403185054e-14
1.306000000000000000e+03 0.000000000000000000e+00 0.000000000000000000e+00 4.012782970672845139e-14
1.307000000000000000e+03 0.000000000000000000e+00 0.000000000000000000e+00 4.007244959803441170e-14
1.308000000000000000e+03 0.000000000000000000e+00 0.000000000000000000e+00 4.001714926781114447e-14
1.309000000000000000e+03 0.000000000000000000e+00 0.000000000000000000e+00 3.996192875386728876e-14
1.310000000000000000e+03 0.000000000000000000e+00 0.000000000000000000e+00 3.990678759941908421e-14
1.311000000000000000e+03 0.000000000000000000e+00 0.000000000000000000e+00 3.985172586286096852e-14
1.312000000000000000e+03 0.000000000000000000e+00 0.000000000000000000e+00 3.979674311310461506e-14
1.313000000000000000e+03 0.000000000000000000e+00 0.000000000000000000e+00 3.974183943075035958e-14
1.314000000000000000e+03 0.000000000000000000e+00 0.000000000000000000e+00 3.968701440999330293e-14
1.315000000000000000e+03 0.000000000000000000e+00 0.000000000000000000e+00 3.963226814788370168e-14
1.316000000000000000e+03 0.000000000000000000e+00 0.000000000000000000e+00 3.957760026177069610e-14
1.317000000000000000e+03 0.000000000000000000e+00 0.000000000000000000e+00 3.952301087107641087e-14
1.318000000000000000e+03 0.000000000000000000e+00 0.000000000000000000e+00 3.946849961400251454e-14
1.319000000000000000e+03 0.000000000000000000e+00 0.000000000000000000e+00 3.941406663321078471e-14
1.320000000000000000e+03 0.000000000000000000e+00 0.000000000000000000e+00 3.935971158555778428e-14
1.321000000000000000e+03 0.000000000000000000e+00 0.000000000000000000e+00 3.930543463238809825e-14
1.322000000000000000e+03 0.000000000000000000e+00 0.000000000000000000e+00 3.925123545600528255e-14
1.323000000000000000e+03 0.000000000000000000e+00 0.000000000000000000e+00 3.919711423601507393e-14
1.324000000000000000e+03 0.000000000000000000e+00 0.000000000000000000e+00 3.914307067898857335e-14
1.325000000000000000e+03 0.000000000000000000e+00 0.000000000000000000e+00 3.908910498502375731e-14
1.326000000000000000e+03 0.000000000000000000e+00 0.000000000000000000e+00 3.903521688060945486e-14
1.327000000000000000e+03 0.000000000000000000e+00 0.000000000000000000e+00 3.898140658520222600e-14
1.328000000000000000e+03 0.000000000000000000e+00 0.000000000000000000e+00 3.892767384476433514e-14
1.329000000000000000e+03 0.000000000000000000e+00 0.000000000000000000e+00 3.887401889748377505e-14
1.330000000000000000e+03 0.000000000000000000e+00 0.000000000000000000e+00 3.882044150724061178e-14
1.331000000000000000e+03 0.000000000000000000e+00 0.000000000000000000e+00 3.876694193231100435e-14
1.332000000000000000e+03 0.000000000000000000e+00 0.000000000000000000e+00 3.871351995796934937e-14
1.333000000000000000e+03 0.000000000000000000e+00 0.000000000000000000e+00 3.866017585818040650e-14
1.334000000000000000e+03 0.000000000000000000e+00 0.000000000000000000e+00 3.860690943630320229e-14
1.335000000000000000e+03 0.000000000000000000e+00 0.000000000000000000e+00 3.855372098524391132e-14
1.336000000000000000e+03 0.000000000000000000e+00 0.000000000000000000e+00 3.850061032926594501e-14
1.337000000000000000e+03 0.000000000000000000e+00 0.000000000000000000e+00 3.844757777709340755e-14
1.338000000000000000e+03 0.000000000000000000e+00 0.000000000000000000e+00 3.839462316887848602e-14
1.339000000000000000e+03 0.000000000000000000e+00 0.000000000000000000e+00 3.834174683155156324e-14
1.340000000000000000e+03 0.000000000000000000e+00 0.000000000000000000e+00 3.828894862595783426e-14
1.341000000000000000e+03 0.000000000000000000e+00 0.000000000000000000e+00 3.823622889100445846e-14
1.342000000000000000e+03 0.000000000000000000e+00 0.000000000000000000e+00 3.818358750547251954e-14
1.343000000000000000e+03 0.000000000000000000e+00 0.000000000000000000e+00 3.813102482415662094e-14
1.344000000000000000e+03 0.000000000000000000e+00 0.000000000000000000e+00 3.807854073964695748e-14
1.345000000000000000e+03 0.000000000000000000e+00 0.000000000000000000e+00 3.802613562216684458e-14
1.346000000000000000e+03 0.000000000000000000e+00 0.000000000000000000e+00 3.797380937714505575e-14
1.347000000000000000e+03 0.000000000000000000e+00 0.000000000000000000e+00 3.792156238848088307e-14
1.348000000000000000e+03 0.000000000000000000e+00 0.000000000000000000e+00 3.786939458005548433e-14
1.349000000000000000e+03 0.000000000000000000e+00 0.000000000000000000e+00 3.781730634787763979e-14
1.350000000000000000e+03 0.000000000000000000e+00 0.000000000000000000e+00 3.776529763109714990e-14
1.351000000000000000e+03 0.000000000000000000e+00 0.000000000000000000e+00 3.771336883663808024e-14
1.352000000000000000e+03 0.000000000000000000e+00 0.000000000000000000e+00 3.766151992135401809e-14
1.353000000000000000e+03 0.000000000000000000e+00 0.000000000000000000e+00 3.760975130490194457e-14
1.354000000000000000e+03 0.000000000000000000e+00 0.000000000000000000e+00 3.755806295972498555e-14
1.355000000000000000e+03 0.000000000000000000e+00 0.000000000000000000e+00 3.750645531437310261e-14
1.356000000000000000e+03 0.000000000000000000e+00 0.000000000000000000e+00 3.745492835580237971e-14
1.357000000000000000e+03 0.000000000000000000e+00 0.000000000000000000e+00 3.740348252625512548e-14
1.358000000000000000e+03 0.000000000000000000e+00 0.000000000000000000e+00 3.735211782209665385e-14
1.359000000000000000e+03 0.000000000000000000e+00 0.000000000000000000e+00 3.730083469541611294e-14
1.360000000000000000e+03 0.000000000000000000e+00 0.000000000000000000e+00 3.724963315434098522e-14
1.361000000000000000e+03 0.000000000000000000e+00 0.000000000000000000e+00 3.719851365898339928e-14
1.362000000000000000e+03 0.000000000000000000e+00 0.000000000000000000e+00 3.714747623231439778e-14
1.363000000000000000e+03 0.000000000000000000e+00 0.000000000000000000e+00 3.709652134077419372e-14
1.364000000000000000e+03 0.000000000000000000e+00 0.000000000000000000e+00 3.704564901886577082e-14
1.365000000000000000e+03 0.000000000000000000e+00 0.000000000000000000e+00 3.699485974212783657e-14
1.366000000000000000e+03 0.000000000000000000e+00 0.000000000000000000e+00 3.694415355382415466e-14
1.367000000000000000e+03 0.000000000000000000e+00 0.000000000000000000e+00 3.689353093621272890e-14
1.368000000000000000e+03 0.000000000000000000e+00 0.000000000000000000e+00 3.684299194360499179e-14
1.369000000000000000e+03 0.000000000000000000e+00 0.000000000000000000e+00 3.679253706400514881e-14
1.370000000000000000e+03 0.000000000000000000e+00 0.000000000000000000e+00 3.674216635501728738e-14
1.371000000000000000e+03 0.000000000000000000e+00 0.000000000000000000e+00 3.669188031167180777e-14
1.372000000000000000e+03 0.000000000000000000e+00 0.000000000000000000e+00 3.664167899876438786e-14
1.373000000000000000e+03 0.000000000000000000e+00 0.000000000000000000e+00 3.659156291110633916e-14
1.374000000000000000e+03 0.000000000000000000e+00 0.000000000000000000e+00 3.654153211878175579e-14
1.375000000000000000e+03 0.000000000000000000e+00 0.000000000000000000e+00 3.649158712102695405e-14
1.376000000000000000e+03 0.000000000000000000e+00 0.000000000000000000e+00 3.644172798922289015e-14
1.377000000000000000e+03 0.000000000000000000e+00 0.000000000000000000e+00 3.639195522992429447e-14
1.378000000000000000e+03 0.000000000000000000e+00 0.000000000000000000e+00 3.634226891444883134e-14
1.379000000000000000e+03 0.000000000000000000e+00 0.000000000000000000e+00 3.629266955224121990e-14
1.380000000000000000e+03 0.000000000000000000e+00 0.000000000000000000e+00 3.624315721845329140e-14
1.381000000000000000e+03 0.000000000000000000e+00 0.000000000000000000e+00 3.619373242208259446e-14
1.382000000000000000e+03 0.000000000000000000e+00 0.000000000000000000e+00 3.614439523798366704e-14
1.383000000000000000e+03 0.000000000000000000e+00 0.000000000000000000e+00 3.609514617898147202e-14
1.384000000000000000e+03 0.000000000000000000e+00 0.000000000000000000e+00 3.604598531877939737e-14
1.385000000000000000e+03 0.000000000000000000e+00 0.000000000000000000e+00 3.599691316880799019e-14
1.386000000000000000e+03 0.000000000000000000e+00 0.000000000000000000e+00 3.594792980179537918e-14
1.387000000000000000e+03 0.000000000000000000e+00 0.000000000000000000e+00 3.589903572524167824e-14
1.388000000000000000e+03 0.000000000000000000e+00 0.000000000000000000e+00 3.585023101272374835e-14
1.389000000000000000e+03 0.000000000000000000e+00 0.000000000000000000e+00 3.580151616860540072e-14
1.390000000000000000e+03 0.000000000000000000e+00 0.000000000000000000e+00 3.575289126391657372e-14
1.391000000000000000e+03 0.000000000000000000e+00 0.000000000000000000e+00 3.570435679532316556e-14
1.392000000000000000e+03 0.000000000000000000e+00 0.000000000000000000e+00 3.565591283355779609e-14
1.393000000000000000e+03 0.000000000000000000e+00 0.000000000000000000e+00 3.560755986986304580e-14
1.394000000000000000e+03 0.000000000000000000e+00 0.000000000000000000e+00 3.555929796890242367e-14
1.395000000000000000e+03 0.000000000000000000e+00 0.000000000000000000e+00 3.551112761809663057e-14
1.396000000000000000e+03 0.000000000000000000e+00 0.000000000000000000e+00 3.546304887917879073e-14
1.397000000000000000e+03 0.000000000000000000e+00 0.000000000000000000e+00 3.541506222868446680e-14
1.398000000000000000e+03 0.000000000000000000e+00 0.000000000000000000e+00 3.536716772475106033e-14
1.399000000000000000e+03 0.000000000000000000e+00 0.000000000000000000e+00 3.531936583463644184e-14
1.400000000000000000e+03 0.000000000000000000e+00 0.000000000000000000e+00 3.527165661213795262e-14
1.401000000000000000e+03 0.000000000000000000e+00 0.000000000000000000e+00 3.522404051622090055e-14
1.402000000000000000e+03 0.000000000000000000e+00 0.000000000000000000e+00 3.517651759244715890e-14
1.403000000000000000e+03 0.000000000000000000e+00 0.000000000000000000e+00 3.512908829263983404e-14
1.404000000000000000e+03 0.000000000000000000e+00 0.000000000000000000e+00 3.508175265313960849e-14
1.405000000000000000e+03 0.000000000000000000e+00 0.000000000000000000e+00 3.503451111535550135e-14
1.406000000000000000e+03 0.000000000000000000e+00 0.000000000000000000e+00 3.498736370514696630e-14
1.407000000000000000e+03 0.000000000000000000e+00 0.000000000000000000e+00 3.494031085436541723e-14
1.408000000000000000e+03 0.000000000000000000e+00 0.000000000000000000e+00 3.489335257625278687e-14
1.409000000000000000e+03 0.000000000000000000e+00 0.000000000000000000e+00 3.484648929406481455e-14
1.410000000000000000e+03 0.000000000000000000e+00 0.000000000000000000e+00 3.479972101036969059e-14
1.411000000000000000e+03 0.000000000000000000e+00 0.000000000000000000e+00 3.475304813193281226e-14
1.412000000000000000e+03 0.000000000000000000e+00 0.000000000000000000e+00 3.470647065549985065e-14
1.413000000000000000e+03 0.000000000000000000e+00 0.000000000000000000e+00 3.465998897332370565e-14
1.414000000000000000e+03 0.000000000000000000e+00 0.000000000000000000e+00 3.461360306929202581e-14
1.415000000000000000e+03 0.000000000000000000e+00 0.000000000000000000e+00 3.456731332555038334e-14
1.416000000000000000e+03 0.000000000000000000e+00 0.000000000000000000e+00 3.452111971266044564e-14
1.417000000000000000e+03 0.000000000000000000e+00 0.000000000000000000e+00 3.447502259896641726e-14
1.418000000000000000e+03 0.000000000000000000e+00 0.000000000000000000e+00 3.442902194159022441e-14
1.419000000000000000e+03 0.000000000000000000e+00 0.000000000000000000e+00 3.438311809348867072e-14
1.420000000000000000e+03 0.000000000000000000e+00 0.000000000000000000e+00 3.433731100037600271e-14
1.421000000000000000e+03 0.000000000000000000e+00 0.000000000000000000e+00 3.429160100104367594e-14
1.422000000000000000e+03 0.000000000000000000e+00 0.000000000000000000e+00 3.424598802486278999e-14
1.423000000000000000e+03 0.000000000000000000e+00 0.000000000000000000e+00 3.420047239438089853e-14
1.424000000000000000e+03 0.000000000000000000e+00 0.000000000000000000e+00 3.415505402572892914e-14
1.425000000000000000e+03 0.000000000000000000e+00 0.000000000000000000e+00 3.410973322753278861e-14
1.426000000000000000e+03 0.000000000000000000e+00 0.000000000000000000e+00 3.406450989714939219e-14
1.427000000000000000e+03 0.000000000000000000e+00 0.000000000000000000e+00 3.401938432988981686e-14
1.428000000000000000e+03 0.000000000000000000e+00 0.000000000000000000e+00 3.397435640608567453e-14
1.429000000000000000e+03 0.000000000000000000e+00 0.000000000000000000e+00 3.392942640488392884e-14
1.430000000000000000e+03 0.000000000000000000e+00 0.000000000000000000e+00 3.388459419517393464e-14
1.431000000000000000e+03 0.000000000000000000e+00 0.000000000000000000e+00 3.383986003338254011e-14
1.432000000000000000e+03 0.000000000000000000e+00 0.000000000000000000e+00 3.379522377517035712e-14
1.433000000000000000e+03 0.000000000000000000e+00 0.000000000000000000e+00 3.375068565828867135e-14
1.434000000000000000e+03 0.000000000000000000e+00 0.000000000000000000e+00 3.370624551954861675e-14
1.435000000000000000e+03 0.000000000000000000e+00 0.000000000000000000e+00 3.366190358008511485e-14
1.436000000000000000e+03 0.000000000000000000e+00 0.000000000000000000e+00 3.361765965952687409e-14
1.437000000000000000e+03 0.000000000000000000e+00 0.000000000000000000e+00 3.357351396036900468e-14
1.438000000000000000e+03 0.000000000000000000e+00 0.000000000000000000e+00 3.352946628307462480e-14
1.439000000000000000e+03 0.000000000000000000e+00 0.000000000000000000e+00 3.348551681058476882e-14
1.440000000000000000e+03 0.000000000000000000e+00 0.000000000000000000e+00 3.344166532642075091e-14
1.441000000000000000e+03 0.000000000000000000e+00 0.000000000000000000e+00 3.339791199651980959e-14
1.442000000000000000e+03 0.000000000000000000e+00 0.000000000000000000e+00 3.335425658496452728e-14
1.443000000000000000e+03 0.000000000000000000e+00 0.000000000000000000e+00 3.331069924000743979e-14
1.444000000000000000e+03 0.000000000000000000e+00 0.000000000000000000e+00 3.326723971134420620e-14
1.445000000000000000e+03 0.000000000000000000e+00 0.000000000000000000e+00 3.322387812411313826e-14
1.446000000000000000e+03 0.000000000000000000e+00 0.000000000000000000e+00 3.318061421309009934e-14
1.447000000000000000e+03 0.000000000000000000e+00 0.000000000000000000e+00 3.313744808372297860e-14
1.448000000000000000e+03 0.000000000000000000e+00 0.000000000000000000e+00 3.309437945094685364e-14
1.449000000000000000e+03 0.000000000000000000e+00 0.000000000000000000e+00 3.305140840195361154e-14
1.450000000000000000e+03 0.000000000000000000e+00 0.000000000000000000e+00 3.300853463255819695e-14
1.451000000000000000e+03 0.000000000000000000e+00 0.000000000000000000e+00 3.296575821148458789e-14
1.452000000000000000e+03 0.000000000000000000e+00 0.000000000000000000e+00 3.292307881659650493e-14
1.453000000000000000e+03 0.000000000000000000e+00 0.000000000000000000e+00 3.288049649717620925e-14
1.454000000000000000e+03 0.000000000000000000e+00 0.000000000000000000e+00 3.283801091478862742e-14
1.455000000000000000e+03 0.000000000000000000e+00 0.000000000000000000e+00 3.279562209810849362e-14
1.456000000000000000e+03 0.000000000000000000e+00 0.000000000000000000e+00 3.275332969115918785e-14
1.457000000000000000e+03 0.000000000000000000e+00 0.000000000000000000e+00 3.271113370556472701e-14
1.458000000000000000e+03 0.000000000000000000e+00 0.000000000000000000e+00 3.266903376771330363e-14
1.459000000000000000e+03 0.000000000000000000e+00 0.000000000000000000e+00 3.262702986790421943e-14
1.460000000000000000e+03 0.000000000000000000e+00 0.000000000000000000e+00 3.258512161882340544e-14
1.461000000000000000e+03 0.000000000000000000e+00 0.000000000000000000e+00 3.254330898984219474e-14
1.462000000000000000e+03 0.000000000000000000e+00 0.000000000000000000e+00 3.250159157519200102e-14
1.463000000000000000e+03 0.000000000000000000e+00 0.000000000000000000e+00 3.245996932635301291e-14
1.464000000000000000e+03 0.000000000000000000e+00 0.000000000000000000e+00 3.241844181939554513e-14
1.465000000000000000e+03 0.000000000000000000e+00 0.000000000000000000e+00 3.237700898553524340e-14
1.466000000000000000e+03 0.000000000000000000e+00 0.000000000000000000e+00 3.233567038463861359e-14
1.467000000000000000e+03 0.000000000000000000e+00 0.000000000000000000e+00 3.229442593186411342e-14
1.468000000000000000e+03 0.000000000000000000e+00 0.000000000000000000e+00 3.225327516618416330e-14
1.469000000000000000e+03 0.000000000000000000e+00 0.000000000000000000e+00 3.221221798780992867e-14
1.470000000000000000e+03 0.000000000000000000e+00 0.000000000000000000e+00 3.217125392060287746e-14
1.471000000000000000e+03 0.000000000000000000e+00 0.000000000000000000e+00 3.213038284628126863e-14
1.472000000000000000e+03 0.000000000000000000e+00 0.000000000000000000e+00 3.208960427333668191e-14
1.473000000000000000e+03 0.000000000000000000e+00 0.000000000000000000e+00 3.204891806752787449e-14
1.474000000000000000e+03 0.000000000000000000e+00 0.000000000000000000e+00 3.200832372066624623e-14
1.475000000000000000e+03 0.000000000000000000e+00 0.000000000000000000e+00 3.196782108397156387e-14
1.476000000000000000e+03 0.000000000000000000e+00 0.000000000000000000e+00 3.192740963499292503e-14
1.477000000000000000e+03 0.000000000000000000e+00 0.000000000000000000e+00 3.188708920688961194e-14
1.478000000000000000e+03 0.000000000000000000e+00 0.000000000000000000e+00 3.184685926450039338e-14
1.479000000000000000e+03 0.000000000000000000e+00 0.000000000000000000e+00 3.180671962538675832e-14
1.480000000000000000e+03 0.000000000000000000e+00 0.000000000000000000e+00 3.176666973922652186e-14
1.481000000000000000e+03 0.000000000000000000e+00 0.000000000000000000e+00 3.172670941007861322e-14
1.482000000000000000e+03 0.000000000000000000e+00 0.000000000000000000e+00 3.168683807454725767e-14
1.483000000000000000e+03 0.000000000000000000e+00 0.000000000000000000e+00 3.164705552109222798e-14
1.484000000000000000e+03 0.000000000000000000e+00 0.000000000000000000e+00 3.160736117447285149e-14
1.485000000000000000e+03 0.000000000000000000e+00 0.000000000000000000e+00 3.156775480979602283e-14
1.486000000000000000e+03 0.000000000000000000e+00 0.000000000000000000e+00 3.152823583916434513e-14
1.487000000000000000e+03 0.000000000000000000e+00 0.000000000000000000e+00 3.148880402296031501e-14
1.488000000000000000e+03 0.000000000000000000e+00 0.000000000000000000e+00 3.144945876357053343e-14
1.489000000000000000e+03 0.000000000000000000e+00 0.000000000000000000e+00 3.141019981270293636e-14
1.490000000000000000e+03 0.000000000000000000e+00 0.000000000000000000e+00 3.137102655835525135e-14
1.491000000000000000e+03 0.000000000000000000e+00 0.000000000000000000e+00 3.133193874060279573e-14
1.492000000000000000e+03 0.000000000000000000e+00 0.000000000000000000e+00 3.129293574036511954e-14
1.493000000000000000e+03 0.000000000000000000e+00 0.000000000000000000e+00 3.125401728726633217e-14
1.494000000000000000e+03 0.000000000000000000e+00 0.000000000000000000e+00 3.121518275073949992e-14
1.495000000000000000e+03 0.000000000000000000e+00 0.000000000000000000e+00 3.117643184984057091e-14
1.496000000000000000e+03 0.000000000000000000e+00 0.000000000000000000e+00 3.113776394840315050e-14
1.497000000000000000e+03 0.000000000000000000e+00 0.000000000000000000e+00 3.109917875276194643e-14
1.498000000000000000e+03 0.000000000000000000e+00 0.000000000000000000e+00 3.106067561871217242e-14
1.499000000000000000e+03 0.000000000000000000e+00 0.000000000000000000e+00 3.102225424532797403e-14
1.500000000000000000e+03 0.000000000000000000e+00 0.000000000000000000e+00 3.098391397914726965e-14
1.501000000000000000e+03 0.000000000000000000e+00 0.000000000000000000e+00 3.094565451119404968e-14
1.502000000000000000e+03 0.000000000000000000e+00 0.000000000000000000e+00 3.090747518117662188e-14
1.503000000000000000e+03 0.000000000000000000e+00 0.000000000000000000e+00 3.086937567416119620e-14
1.504000000000000000e+03 0.000000000000000000e+00 0.000000000000000000e+00 3.083135532173382967e-14
1.505000000000000000e+03 0.000000000000000000e+00 0.000000000000000000e+00 3.079341380359123373e-14
1.506000000000000000e+03 0.000000000000000000e+00 0.000000000000000000e+00 3.075555044648001202e-14
1.507000000000000000e+03 0.000000000000000000e+00 0.000000000000000000e+00 3.071776492557150913e-14
1.508000000000000000e+03 0.000000000000000000e+00 0.000000000000000000e+00 3.068005656113994586e-14
1.509000000000000000e+03 0.000000000000000000e+00 0.000000000000000000e+00 3.064242502820459965e-14
1.510000000000000000e+03 0.000000000000000000e+00 0.000000000000000000e+00 3.060486964367954144e-14
1.511000000000000000e+03 0.000000000000000000e+00 0.000000000000000000e+00 3.056739005724880252e-14
1.512000000000000000e+03 0.000000000000000000e+00 0.000000000000000000e+00 3.052998560273667812e-14
1.513000000000000000e+03 0.000000000000000000e+00 0.000000000000000000e+00 3.049265593487199027e-14
1.514000000000000000e+03 0.000000000000000000e+00 0.000000000000000000e+00 3.045540036316932616e-14
1.515000000000000000e+03 0.000000000000000000e+00 0.000000000000000000e+00 3.041821854560117132e-14
1.516000000000000000e+03 0.000000000000000000e+00 0.000000000000000000e+00 3.038110978331377550e-14
1.517000000000000000e+03 0.000000000000000000e+00 0.000000000000000000e+00 3.034407373770754671e-14
1.518000000000000000e+03 0.000000000000000000e+00 0.000000000000000000e+00 3.030710972387726593e-14
1.519000000000000000e+03 0.000000000000000000e+00 0.000000000000000000e+00 3.027021739036940810e-14
1.520000000000000000e+03 0.000000000000000000e+00 0.000000000000000000e+00 3.023339604491782366e-14
1.521000000000000000e+03 0.000000000000000000e+00 0.000000000000000000e+00 3.019664533311978372e-14
1.522000000000000000e+03 0.000000000000000000e+00 0.000000000000000000e+00 3.015996457964117978e-14
1.523000000000000000e+03 0.000000000000000000e+00 0.000000000000000000e+00 3.012335341430911410e-14
1.524000000000000000e+03 0.000000000000000000e+00 0.000000000000000000e+00 3.008681115695201272e-14
1.525000000000000000e+03 0.000000000000000000e+00 0.000000000000000000e+00 3.005033744840518473e-14
1.526000000000000000e+03 0.000000000000000000e+00 0.000000000000000000e+00 3.001393161090685584e-14
1.527000000000000000e+03 0.000000000000000000e+00 0.000000000000000000e+00 2.997759327677808998e-14
1.528000000000000000e+03 0.000000000000000000e+00 0.000000000000000000e+00 2.994132177447558345e-14
1.529000000000000000e+03 0.000000000000000000e+00 0.000000000000000000e+00 2.990511673538591557e-14
1.530000000000000000e+03 0.000000000000000000e+00 0.000000000000000000e+00 2.986897747999306839e-14
1.531000000000000000e+03 0.000000000000000000e+00 0.000000000000000000e+00 2.983290364301740421e-14
1.532000000000000000e+03 0.000000000000000000e+00 0.000000000000000000e+00 2.979689456158946684e-14
1.533000000000000000e+03 0.000000000000000000e+00 0.000000000000000000e+00 2.976094986056857956e-14
1.534000000000000000e+03 0.000000000000000000e+00 0.000000000000000000e+00 2.972506887378825153e-14
1.535000000000000000e+03 0.000000000000000000e+00 0.000000000000000000e+00 2.968925124133921442e-14
1.536000000000000000e+03 0.000000000000000000e+00 0.000000000000000000e+00 2.965349630283574377e-14
1.537000000000000000e+03 0.000000000000000000e+00 0.000000000000000000e+00 2.961780369275121267e-14
1.538000000000000000e+03 0.000000000000000000e+00 0.000000000000000000e+00 2.958217275900357907e-14
1.539000000000000000e+03 0.000000000000000000e+00 0.000000000000000000e+00 2.954660312446375086e-14
1.540000000000000000e+03 0.000000000000000000e+00 0.000000000000000000e+00 2.951109416272278548e-14
1.541000000000000000e+03 0.000000000000000000e+00 0.000000000000000000e+00 2.947564549473507532e-14
1.542000000000000000e+03 0.000000000000000000e+00 0.000000000000000000e+00 2.944025648350414214e-14
1.543000000000000000e+03 0.000000000000000000e+00 0.000000000000000000e+00 2.940492678315179527e-14
1.544000000000000000e+03 0.000000000000000000e+00 0.000000000000000000e+00 2.936965574543239994e-14
1.545000000000000000e+03 0.000000000000000000e+00 0.000000000000000000e+00 2.933444301436203448e-14
1.546000000000000000e+03 0.000000000000000000e+00 0.000000000000000000e+00 2.929928795767424324e-14
1.547000000000000000e+03 0.000000000000000000e+00 0.000000000000000000e+00 2.926419023809352149e-14
1.548000000000000000e+03 0.000000000000000000e+00 0.000000000000000000e+00 2.922914922017317451e-14
1.549000000000000000e+03 0.000000000000000000e+00 0.000000000000000000e+00 2.919416458203922855e-14
1.550000000000000000e+03 0.000000000000000000e+00 0.000000000000000000e+00 2.915923567968707867e-14
1.551000000000000000e+03 0.000000000000000000e+00 0.000000000000000000e+00 2.912436220604611732e-14
1.552000000000000000e+03 0.000000000000000000e+00 0.000000000000000000e+00 2.908954351844987483e-14
1.553000000000000000e+03 0.000000000000000000e+00 0.000000000000000000e+00 2.905477932632266107e-14
1.554000000000000000e+03 0.000000000000000000e+00 0.000000000000000000e+00 2.902006899269660506e-14
1.555000000000000000e+03 0.000000000000000000e+00 0.000000000000000000e+00 2.898541221381636605e-14
1.556000000000000000e+03 0.000000000000000000e+00 0.000000000000000000e+00 2.895080839139867589e-14
1.557000000000000000e+03 0.000000000000000000e+00 0.000000000000000000e+00 2.891625720925345511e-14
1.558000000000000000e+03 0.000000000000000000e+00 0.000000000000000000e+00 2.888175807997622503e-14
1.559000000000000000e+03 0.000000000000000000e+00 0.000000000000000000e+00 2.884731071736301118e-14
1.560000000000000000e+03 0.000000000000000000e+00 0.000000000000000000e+00 2.881291451958671716e-14
1.561000000000000000e+03 0.000000000000000000e+00 0.000000000000000000e+00 2.877856920556787838e-14
1.562000000000000000e+03 0.000000000000000000e+00 0.000000000000000000e+00 2.874427419055865986e-14
1.563000000000000000e+03 0.000000000000000000e+00 0.000000000000000000e+00 2.871002920504845043e-14
1.564000000000000000e+03 0.000000000000000000e+00 0.000000000000000000e+00 2.867583366388454646e-14
1.565000000000000000e+03 0.000000000000000000e+00 0.000000000000000000e+00 2.864168731140698616e-14
1.566000000000000000e+03 0.000000000000000000e+00 0.000000000000000000e+00 2.860758957080329466e-14
1.567000000000000000e+03 0.000000000000000000e+00 0.000000000000000000e+00 2.857354020023553968e-14
1.568000000000000000e+03 0.000000000000000000e+00 0.000000000000000000e+00 2.853953862087264597e-14
1.569000000000000000e+03 0.000000000000000000e+00 0.000000000000000000e+00 2.850558460676405587e-14
1.570000000000000000e+03 0.000000000000000000e+00 0.000000000000000000e+00 2.847167759867974193e-14
1.571000000000000000e+03 0.000000000000000000e+00 0.000000000000000000e+00 2.843781737364444584e-14
1.572000000000000000e+03 0.000000000000000000e+00 0.000000000000000000e+00 2.840400338883675621e-14
1.573000000000000000e+03 0.000000000000000000e+00 0.000000000000000000e+00 2.837023541714948752e-14
1.574000000000000000e+03 0.000000000000000000e+00 0.000000000000000000e+00 2.833651293286967451e-14
1.575000000000000000e+03 0.000000000000000000e+00 0.000000000000000000e+00 2.830283572917619156e-14
1.576000000000000000e+03 0.000000000000000000e+00 0.000000000000000000e+00 2.826920328368411347e-14
1.577000000000000000e+03 0.000000000000000000e+00 0.000000000000000000e+00 2.823561539133494860e-14
1.578000000000000000e+03 0.000000000000000000e+00 0.000000000000000000e+00 2.820207155518876423e-14
1.579000000000000000e+03 0.000000000000000000e+00 0.000000000000000000e+00 2.816857156638565845e-14
1.580000000000000000e+03 0.000000000000000000e+00 0.000000000000000000e+00 2.813511494781515944e-14
1.581000000000000000e+03 0.000000000000000000e+00 0.000000000000000000e+00 2.810170150958975406e-14
1.582000000000000000e+03 0.000000000000000000e+00 0.000000000000000000e+00 2.806833076762821370e-14
1.583000000000000000e+03 0.000000000000000000e+00 0.000000000000000000e+00 2.803500256035456154e-14
1.584000000000000000e+03 0.000000000000000000e+00 0.000000000000000000e+00 2.800171641048519286e-14
1.585000000000000000e+03 0.000000000000000000e+00 0.000000000000000000e+00 2.796847216545830557e-14
1.586000000000000000e+03 0.000000000000000000e+00 0.000000000000000000e+00 2.793526935790320629e-14
1.587000000000000000e+03 0.000000000000000000e+00 0.000000000000000000e+00 2.790210784986249888e-14
1.588000000000000000e+03 0.000000000000000000e+00 0.000000000000000000e+00 2.786898718635273926e-14
1.589000000000000000e+03 0.000000000000000000e+00 0.000000000000000000e+00 2.783590723134925945e-14
1.590000000000000000e+03 0.000000000000000000e+00 0.000000000000000000e+00 2.780286755717745267e-14
1.591000000000000000e+03 0.000000000000000000e+00 0.000000000000000000e+00 2.776986802443666073e-14
1.592000000000000000e+03 0.000000000000000000e+00 0.000000000000000000e+00 2.773690822583030847e-14
1.593000000000000000e+03 0.000000000000000000e+00 0.000000000000000000e+00 2.770398802847051024e-14
1.594000000000000000e+03 0.000000000000000000e+00 0.000000000000000000e+00 2.767110704523529417e-14
1.595000000000000000e+03 0.000000000000000000e+00 0.000000000000000000e+00 2.763826515141716123e-14
1.596000000000000000e+03 0.000000000000000000e+00 0.000000000000000000e+00 2.760546196688517635e-14
1.597000000000000000e+03 0.000000000000000000e+00 0.000000000000000000e+00 2.757269739000596835e-14
1.598000000000000000e+03 0.000000000000000000e+00 0.000000000000000000e+00 2.753997104149886167e-14
1.599000000000000000e+03 0.000000000000000000e+00 0.000000000000000000e+00 2.750728285100217465e-14
1.600000000000000000e+03 0.000000000000000000e+00 0.000000000000000000e+00 2.747463243425542739e-14
1.601000000000000000e+03 0.000000000000000000e+00 0.000000000000000000e+00 2.744201974436987310e-14
1.602000000000000000e+03 0.000000000000000000e+00 0.000000000000000000e+00 2.740944441451180862e-14
1.603000000000000000e+03 0.000000000000000000e+00 0.000000000000000000e+00 2.737690639342663747e-14
1.604000000000000000e+03 0.000000000000000000e+00 0.000000000000000000e+00 2.734440534115874416e-14
1.605000000000000000e+03 0.000000000000000000e+00 0.000000000000000000e+00 2.731194121430983585e-14
1.606000000000000000e+03 0.000000000000000000e+00 0.000000000000000000e+00 2.727951368118353821e-14
1.607000000000000000e+03 0.000000000000000000e+00 0.000000000000000000e+00 2.724712272114521579e-14
1.608000000000000000e+03 0.000000000000000000e+00 0.000000000000000000e+00 2.721476801483456229e-14
1.609000000000000000e+03 0.000000000000000000e+00 0.000000000000000000e+00 2.718244956021819720e-14
1.610000000000000000e+03 0.000000000000000000e+00 0.000000000000000000e+00 2.715016703848203726e-14
1.611000000000000000e+03 0.000000000000000000e+00 0.000000000000000000e+00 2.711792046501576163e-14
1.612000000000000000e+03 0.000000000000000000e+00 0.000000000000000000e+00 2.708570955389976759e-14
1.613000000000000000e+03 0.000000000000000000e+00 0.000000000000000000e+00 2.705353431134630004e-14
1.614000000000000000e+03 0.000000000000000000e+00 0.000000000000000000e+00 2.702139446137530903e-14
1.615000000000000000e+03 0.000000000000000000e+00 0.000000000000000000e+00 2.698929003913286712e-14
1.616000000000000000e+03 0.000000000000000000e+00 0.000000000000000000e+00 2.695722078199672499e-14
1.617000000000000000e+03 0.000000000000000000e+00 0.000000000000000000e+00 2.692518671933317647e-14
1.618000000000000000e+03 0.000000000000000000e+00 0.000000000000000000e+00 2.689318761414451891e-14
1.619000000000000000e+03 0.000000000000000000e+00 0.000000000000000000e+00 2.686122351359577713e-14
1.620000000000000000e+03 0.000000000000000000e+00 0.000000000000000000e+00 2.682929418856486972e-14
1.621000000000000000e+03 0.000000000000000000e+00 0.000000000000000000e+00 2.679739969964596357e-14
1.622000000000000000e+03 0.000000000000000000e+00 0.000000000000000000e+00 2.676553981717263169e-14
1.623000000000000000e+03 0.000000000000000000e+00 0.000000000000000000e+00 2.673371462660993204e-14
1.624000000000000000e+03 0.000000000000000000e+00 0.000000000000000000e+00 2.670192391746376161e-14
1.625000000000000000e+03 0.000000000000000000e+00 0.000000000000000000e+00 2.667016779297605473e-14
1.626000000000000000e+03 0.000000000000000000e+00 0.000000000000000000e+00 2.663844604526932847e-14
1.627000000000000000e+03 0.000000000000000000e+00 0.000000000000000000e+00 2.660675878226242733e-14
1.628000000000000000e+03 0.000000000000000000e+00 0.000000000000000000e+00 2.657510582671518122e-14
1.629000000000000000e+03 0.000000000000000000e+00 0.000000000000000000e+00 2.654348728423202086e-14
1.630000000000000000e+03 0.000000000000000000e+00 0.000000000000000000e+00 2.651190299759428682e-14
1.631000000000000000e+03 0.000000000000000000e+00 0.000000000000000000e+00 2.648035308764413227e-14
1.632000000000000000e+03 0.000000000000000000e+00 0.000000000000000000e+00 2.644883741463047757e-14
1.633000000000000000e+03 0.000000000000000000e+00 0.000000000000000000e+00 2.641735609977796297e-14
1.634000000000000000e+03 0.000000000000000000e+00 0.000000000000000000e+00 2.638590901815636878e-14
1.635000000000000000e+03 0.000000000000000000e+00 0.000000000000000000e+00 2.635449631913079604e-14
1.636000000000000000e+03 0.000000000000000000e+00 0.000000000000000000e+00 2.632311786829042527e-14
1.637000000000000000e+03 0.000000000000000000e+00 0.000000000000000000e+00 2.629177383198508185e-14
1.638000000000000000e+03 0.000000000000000000e+00 0.000000000000000000e+00 2.626046410112398006e-14
1.639000000000000000e+03 0.000000000000000000e+00 0.000000000000000000e+00 2.622918884382448281e-14
1.640000000000000000e+03 0.000000000000000000e+00 0.000000000000000000e+00 2.619794796574536076e-14
1.641000000000000000e+03 0.000000000000000000e+00 0.000000000000000000e+00 2.616674164258072391e-14
1.642000000000000000e+03 0.000000000000000000e+00 0.000000000000000000e+00 2.613556979199755086e-14
1.643000000000000000e+03 0.000000000000000000e+00 0.000000000000000000e+00 2.610443259643912997e-14
1.644000000000000000e+03 0.000000000000000000e+00 0.000000000000000000e+00 2.607332999680064168e-14
1.645000000000000000e+03 0.000000000000000000e+00 0.000000000000000000e+00 2.604226218204828845e-14
1.646000000000000000e+03 0.000000000000000000e+00 0.000000000000000000e+00 2.601122910844859360e-14
1.647000000000000000e+03 0.000000000000000000e+00 0.000000000000000000e+00 2.598023097044102802e-14
1.648000000000000000e+03 0.000000000000000000e+00 0.000000000000000000e+00 2.594926773896298724e-14
1.649000000000000000e+03 0.000000000000000000e+00 0.000000000000000000e+00 2.591833962319375770e-14
1.650000000000000000e+03 0.000000000000000000e+00 0.000000000000000000e+00 2.588744659512476037e-14
1.651000000000000000e+03 0.000000000000000000e+00 0.000000000000000000e+00 2.585658887286143216e-14
1.652000000000000000e+03 0.000000000000000000e+00 0.000000000000000000e+00 2.582576644386226045e-14
1.653000000000000000e+03 0.000000000000000000e+00 0.000000000000000000e+00 2.579497954536218360e-14
1.654000000000000000e+03 0.000000000000000000e+00 0.000000000000000000e+00 2.576422816356563364e-14
1.655000000000000000e+03 0.000000000000000000e+00 0.000000000000000000e+00 2.573351254656391898e-14
1.656000000000000000e+03 0.000000000000000000e+00 0.000000000000000000e+00 2.570283268372740713e-14
1.657000000000000000e+03 0.000000000000000000e+00 0.000000000000000000e+00 2.567218884189011681e-14
1.658000000000000000e+03 0.000000000000000000e+00 0.000000000000000000e+00 2.564158102486506085e-14
1.659000000000000000e+03 0.000000000000000000e+00 0.000000000000000000e+00 2.561100950067457912e-14
1.660000000000000000e+03 0.000000000000000000e+00 0.000000000000000000e+00 2.558047427984765492e-14
1.661000000000000000e+03 0.000000000000000000e+00 0.000000000000000000e+00 2.554997564557860687e-14
1.662000000000000000e+03 0.000000000000000000e+00 0.000000000000000000e+00 2.551951361364020392e-14
1.663000000000000000e+03 0.000000000000000000e+00 0.000000000000000000e+00 2.548908847582324703e-14
1.664000000000000000e+03 0.000000000000000000e+00 0.000000000000000000e+00 2.545870026186295504e-14
1.665000000000000000e+03 0.000000000000000000e+00 0.000000000000000000e+00 2.542834925848831142e-14
1.666000000000000000e+03 0.000000000000000000e+00 0.000000000000000000e+00 2.539803551439556101e-14
1.667000000000000000e+03 0.000000000000000000e+00 0.000000000000000000e+00 2.536775932471821768e-14
1.668000000000000000e+03 0.000000000000000000e+00 0.000000000000000000e+00 2.533752073767467850e-14
1.669000000000000000e+03 0.000000000000000000e+00 0.000000000000000000e+00 2.530732005314258163e-14
1.670000000000000000e+03 0.000000000000000000e+00 0.000000000000000000e+00 2.527715733093076397e-14
1.671000000000000000e+03 0.000000000000000000e+00 0.000000000000000000e+00 2.524703288386524551e-14
1.672000000000000000e+03 0.000000000000000000e+00 0.000000000000000000e+00 2.521694677716932673e-14
1.673000000000000000e+03 0.000000000000000000e+00 0.000000000000000000e+00 2.518689931913652945e-14
1.674000000000000000e+03 0.000000000000000000e+00 0.000000000000000000e+00 2.515689058905918549e-14
1.675000000000000000e+03 0.000000000000000000e+00 0.000000000000000000e+00 2.512692090274029285e-14
1.676000000000000000e+03 0.000000000000000000e+00 0.000000000000000000e+00 2.509699034657579377e-14
1.677000000000000000e+03 0.000000000000000000e+00 0.000000000000000000e+00 2.506709923870445921e-14
1.678000000000000000e+03 0.000000000000000000e+00 0.000000000000000000e+00 2.503724766875310906e-14
1.679000000000000000e+03 0.000000000000000000e+00 0.000000000000000000e+00 2.500743595407904344e-14
1.680000000000000000e+03 0.000000000000000000e+00 0.000000000000000000e+00 2.497766419601829293e-14
1.681000000000000000e+03 0.000000000000000000e+00 0.000000000000000000e+00 2.494793271989491130e-14
1.682000000000000000e+03 0.000000000000000000e+00 0.000000000000000000e+00 2.491824162202990684e-14
1.683000000000000000e+03 0.000000000000000000e+00 0.000000000000000000e+00 2.488859123877137732e-14
1.684000000000000000e+03 0.000000000000000000e+00 0.000000000000000000e+00 2.485898166297069673e-14
1.685000000000000000e+03 0.000000000000000000e+00 0.000000000000000000e+00 2.482941323447067029e-14
1.686000000000000000e+03 0.000000000000000000e+00 0.000000000000000000e+00 2.479988605335701876e-14
1.687000000000000000e+03 0.000000000000000000e+00 0.000000000000000000e+00 2.477040045977790278e-14
1.688000000000000000e+03 0.000000000000000000e+00 0.000000000000000000e+00 2.474095655384207470e-14
1.689000000000000000e+03 0.000000000000000000e+00 0.000000000000000000e+00 2.471155468439341619e-14
1.690000000000000000e+03 0.000000000000000000e+00 0.000000000000000000e+00 2.468219495824273457e-14
1.691000000000000000e+03 0.000000000000000000e+00 0.000000000000000000e+00 2.465287771627392317e-14
1.692000000000000000e+03 0.000000000000000000e+00 0.000000000000000000e+00 2.462360306626589520e-14
1.693000000000000000e+03 0.000000000000000000e+00 0.000000000000000000e+00 2.459437136190913911e-14
1.694000000000000000e+03 0.000000000000000000e+00 0.000000000000000000e+00 2.456518270900997408e-14
1.695000000000000000e+03 0.000000000000000000e+00 0.000000000000000000e+00 2.453603745373479637e-14
1.696000000000000000e+03 0.000000000000000000e+00 0.000000000000000000e+00 2.450693570835688693e-14
1.697000000000000000e+03 0.000000000000000000e+00 0.000000000000000000e+00 2.447787782233022301e-14
1.698000000000000000e+03 0.000000000000000000e+00 0.000000000000000000e+00 2.444886389722312948e-14
1.699000000000000000e+03 0.000000000000000000e+00 0.000000000000000000e+00 2.441989430049153461e-14
1.700000000000000000e+03 0.000000000000000000e+00 0.000000000000000000e+00 2.439096912398082225e-14
1.701000000000000000e+03 0.000000000000000000e+00 0.000000000000000000e+00 2.436208873107119191e-14
1.702000000000000000e+03 0.000000000000000000e+00 0.000000000000000000e+00 2.433325322342011606e-14
1.703000000000000000e+03 0.000000000000000000e+00 0.000000000000000000e+00 2.430446294996665088e-14
1.704000000000000000e+03 0.000000000000000000e+00 0.000000000000000000e+00 2.427571802263668191e-14
1.705000000000000000e+03 0.000000000000000000e+00 0.000000000000000000e+00 2.424701878834637038e-14
1.706000000000000000e+03 0.000000000000000000e+00 0.000000000000000000e+00 2.421836535978184601e-14
1.707000000000000000e+03 0.000000000000000000e+00 0.000000000000000000e+00 2.418975807772479104e-14
1.708000000000000000e+03 0.000000000000000000e+00 0.000000000000000000e+00 2.416119705271901615e-14
1.709000000000000000e+03 0.000000000000000000e+00 0.000000000000000000e+00 2.413268262588069006e-14
1.710000000000000000e+03 0.000000000000000000e+00 0.000000000000000000e+00 2.410421490354265873e-14
1.711000000000000000e+03 0.000000000000000000e+00 0.000000000000000000e+00 2.407579423115058352e-14
1.712000000000000000e+03 0.000000000000000000e+00 0.000000000000000000e+00 2.404742070728844333e-14
1.713000000000000000e+03 0.000000000000000000e+00 0.000000000000000000e+00 2.401909467385781886e-14
1.714000000000000000e+03 0.000000000000000000e+00 0.000000000000000000e+00 2.399081623055053370e-14
1.715000000000000000e+03 0.000000000000000000e+00 0.000000000000000000e+00 2.396258571248941104e-14
1.716000000000000000e+03 0.000000000000000000e+00 0.000000000000000000e+00 2.393440321335067366e-14
1.717000000000000000e+03 0.000000000000000000e+00 0.000000000000000000e+00 2.390626906953877237e-14
1.718000000000000000e+03 0.000000000000000000e+00 0.000000000000000000e+00 2.387818336624931547e-14
1.719000000000000000e+03 0.000000000000000000e+00 0.000000000000000000e+00 2.385014644382114705e-14
1.720000000000000000e+03 0.000000000000000000e+00 0.000000000000000000e+00 2.382215837764760972e-14
1.721000000000000000e+03 0.000000000000000000e+00 0.000000000000000000e+00 2.379421949572585342e-14
1.722000000000000000e+03 0.000000000000000000e+00 0.000000000000000000e+00 2.376632987189707381e-14
1.723000000000000000e+03 0.000000000000000000e+00 0.000000000000000000e+00 2.373848983247856679e-14
1.724000000000000000e+03 0.000000000000000000e+00 0.000000000000000000e+00 2.371069945247046249e-14
1.725000000000000000e+03 0.000000000000000000e+00 0.000000000000000000e+00 2.368295905145447526e-14
1.726000000000000000e+03 0.000000000000000000e+00 0.000000000000000000e+00 2.365526868983947484e-14
1.727000000000000000e+03 0.000000000000000000e+00 0.000000000000000000e+00 2.362762868618554075e-14
1.728000000000000000e+03 0.000000000000000000e+00 0.000000000000000000e+00 2.360003909816259875e-14
1.729000000000000000e+03 0.000000000000000000e+00 0.000000000000000000e+00 2.357250022806975233e-14
1.730000000000000000e+03 0.000000000000000000e+00 0.000000000000000000e+00 2.354501213368216760e-14
1.731000000000000000e+03 0.000000000000000000e+00 0.000000000000000000e+00 2.351757511285253358e-14
1.732000000000000000e+03 0.000000000000000000e+00 0.000000000000000000e+00 2.349018921647649926e-14
1.733000000000000000e+03 0.000000000000000000e+00 0.000000000000000000e+00 2.346285473289430282e-14
1.734000000000000000e+03 0.000000000000000000e+00 0.000000000000000000e+00 2.343557171356833302e-14
1.735000000000000000e+03 0.000000000000000000e+00 0.000000000000000000e+00 2.340834043525359470e-14
1.736000000000000000e+03 0.000000000000000000e+00 0.000000000000000000e+00 2.338116093526057072e-14
1.737000000000000000e+03 0.000000000000000000e+00 0.000000000000000000e+00 2.335403348620179639e-14
1.738000000000000000e+03 0.000000000000000000e+00 0.000000000000000000e+00 2.332695812136403383e-14
1.739000000000000000e+03 0.000000000000000000e+00 0.000000000000000000e+00 2.329993511257670667e-14
1.740000000000000000e+03 0.000000000000000000e+00 0.000000000000000000e+00 2.327296447543328205e-14
1.741000000000000000e+03 0.000000000000000000e+00 0.000000000000000000e+00 2.324604646669706363e-14
1.742000000000000000e+03 0.000000000000000000e+00 0.000000000000000000e+00 2.321918110322233918e-14
1.743000000000000000e+03 0.000000000000000000e+00 0.000000000000000000e+00 2.319236863633548833e-14
1.744000000000000000e+03 0.000000000000000000e+00 0.000000000000000000e+00 2.316560906749342359e-14
1.745000000000000000e+03 0.000000000000000000e+00 0.000000000000000000e+00 2.313890263781779151e-14
1.746000000000000000e+03 0.000000000000000000e+00 0.000000000000000000e+00 2.311224934392227414e-14
1.747000000000000000e+03 0.000000000000000000e+00 0.000000000000000000e+00 2.308564942425663353e-14
1.748000000000000000e+03 0.000000000000000000e+00 0.000000000000000000e+00 2.305910285702794662e-14
1.749000000000000000e+03 0.000000000000000000e+00 0.000000000000000000e+00 2.303260987294028278e-14
1.750000000000000000e+03 0.000000000000000000e+00 0.000000000000000000e+00 2.300617044405013455e-14
1.751000000000000000e+03 0.000000000000000000e+00 0.000000000000000000e+00 2.297978478239606519e-14
1.752000000000000000e+03 0.000000000000000000e+00 0.000000000000000000e+00 2.295345285811269698e-14
1.753000000000000000e+03 0.000000000000000000e+00 0.000000000000000000e+00 2.292717487654632325e-14
1.754000000000000000e+03 0.000000000000000000e+00 0.000000000000000000e+00 2.290095080001573123e-14
1.755000000000000000e+03 0.000000000000000000e+00 0.000000000000000000e+00 2.287478082291806470e-14
1.756000000000000000e+03 0.000000000000000000e+00 0.000000000000000000e+00 2.284866489829154413e-14
1.757000000000000000e+03 0.000000000000000000e+00 0.000000000000000000e+00 2.282260320911204628e-14
1.758000000000000000e+03 0.000000000000000000e+00 0.000000000000000000e+00 2.279659569734768761e-14
1.759000000000000000e+03 0.000000000000000000e+00 0.000000000000000000e+00 2.277064253301314564e-14
1.760000000000000000e+03 0.000000000000000000e+00 0.000000000000000000e+00 2.274474365576810264e-14
1.761000000000000000e+03 0.000000000000000000e+00 0.000000000000000000e+00 2.271889923116120738e-14
1.762000000000000000e+03 0.000000000000000000e+00 0.000000000000000000e+00 2.269310917446234891e-14
1.763000000000000000e+03 0.000000000000000000e+00 0.000000000000000000e+00 2.266737365112569258e-14
1.764000000000000000e+03 0.000000000000000000e+00 0.000000000000000000e+00 2.264169256734779446e-14
1.765000000000000000e+03 0.000000000000000000e+00 0.000000000000000000e+00 2.261606607460890941e-14
1.766000000000000000e+03 0.000000000000000000e+00 0.000000000000000000e+00 2.259049406771731663e-14
1.767000000000000000e+03 0.000000000000000000e+00 0.000000000000000000e+00 2.256497669445455465e-14
1.768000000000000000e+03 0.000000000000000000e+00 0.000000000000000000e+00 2.253951383759948068e-14
1.769000000000000000e+03 0.000000000000000000e+00 0.000000000000000000e+00 2.251410563714529472e-14
1.770000000000000000e+03 0.000000000000000000e+00 0.000000000000000000e+00 2.248875196359397897e-14
1.771000000000000000e+03 0.000000000000000000e+00 0.000000000000000000e+00 2.246345293969695402e-14
1.772000000000000000e+03 0.000000000000000000e+00 0.000000000000000000e+00 2.243820843194839739e-14
1.773000000000000000e+03 0.000000000000000000e+00 0.000000000000000000e+00 2.241301855737594112e-14
1.774000000000000000e+03 0.000000000000000000e+00 0.000000000000000000e+00 2.238788316673443205e-14
1.775000000000000000e+03 0.000000000000000000e+00 0.000000000000000000e+00 2.236280236098745427e-14
1.776000000000000000e+03 0.000000000000000000e+00 0.000000000000000000e+00 2.233777599358814389e-14
1.777000000000000000e+03 0.000000000000000000e+00 0.000000000000000000e+00 2.231280414533623860e-14
1.778000000000000000e+03 0.000000000000000000e+00 0.000000000000000000e+00 2.228788666571597013e-14
1.779000000000000000e+03 0.000000000000000000e+00 0.000000000000000000e+00 2.226302361959452821e-14
1.780000000000000000e+03 0.000000000000000000e+00 0.000000000000000000e+00 2.223821485153980248e-14
1.781000000000000000e+03 0.000000000000000000e+00 0.000000000000000000e+00 2.221346042022956107e-14
1.782000000000000000e+03 0.000000000000000000e+00 0.000000000000000000e+00 2.218876015614622558e-14
1.783000000000000000e+03 0.000000000000000000e+00 0.000000000000000000e+00 2.216411411661017752e-14
1.784000000000000000e+03 0.000000000000000000e+00 0.000000000000000000e+00 2.213952211446021650e-14
1.785000000000000000e+03 0.000000000000000000e+00 0.000000000000000000e+00 2.211498419366954774e-14
1.786000000000000000e+03 0.000000000000000000e+00 0.000000000000000000e+00 2.209050016204744617e-14
1.787000000000000000e+03 0.000000000000000000e+00 0.000000000000000000e+00 2.206607006070806738e-14
1.788000000000000000e+03 0.000000000000000000e+00 0.000000000000000000e+00 2.204169368224696099e-14
1.789000000000000000e+03 0.000000000000000000e+00 0.000000000000000000e+00 2.201737105531648593e-14
1.790000000000000000e+03 0.000000000000000000e+00 0.000000000000000000e+00 2.199310196861413350e-14
1.791000000000000000e+03 0.000000000000000000e+00 0.000000000000000000e+00 2.196888644109849685e-14
1.792000000000000000e+03 0.000000000000000000e+00 0.000000000000000000e+00 2.194472424851911774e-14
1.793000000000000000e+03 0.000000000000000000e+00 0.000000000000000000e+00 2.192061540131985191e-14
1.794000000000000000e+03 0.000000000000000000e+00 0.000000000000000000e+00 2.189655967318848371e-14
1.795000000000000000e+03 0.000000000000000000e+00 0.000000000000000000e+00 2.187255705935984836e-14
1.796000000000000000e+03 0.000000000000000000e+00 0.000000000000000000e+00 2.184860732887883572e-14
1.797000000000000000e+03 0.000000000000000000e+00 0.000000000000000000e+00 2.182471046691654577e-14
1.798000000000000000e+03 0.000000000000000000e+00 0.000000000000000000e+00 2.180086623116822991e-14
1.799000000000000000e+03 0.000000000000000000e+00 0.000000000000000000e+00 2.177707460532353891e-14
1.800000000000000000e+03 0.000000000000000000e+00 0.000000000000000000e+00 2.175333533967807320e-14
1.801000000000000000e+03 0.000000000000000000e+00 0.000000000000000000e+00 2.172964840672788492e-14
1.802000000000000000e+03 0.000000000000000000e+00 0.000000000000000000e+00 2.170601355081535679e-14
1.803000000000000000e+03 0.000000000000000000e+00 0.000000000000000000e+00 2.168243073702392111e-14
1.804000000000000000e+03 0.000000000000000000e+00 0.000000000000000000e+00 2.165889970477120926e-14
1.805000000000000000e+03 0.000000000000000000e+00 0.000000000000000000e+00 2.163542040590420180e-14
1.806000000000000000e+03 0.000000000000000000e+00 0.000000000000000000e+00 2.161199256863677095e-14
1.807000000000000000e+03 0.000000000000000000e+00 0.000000000000000000e+00 2.158861614348497848e-14
1.808000000000000000e+03 0.000000000000000000e+00 0.000000000000000000e+00 2.156529085907951179e-14
1.809000000000000000e+03 0.000000000000000000e+00 0.000000000000000000e+00 2.154201664882289050e-14
1.810000000000000000e+03 0.000000000000000000e+00 0.000000000000000000e+00 2.151879323275437467e-14
1.811000000000000000e+03 0.000000000000000000e+00 0.000000000000000000e+00 2.149562054252384954e-14
1.812000000000000000e+03 0.000000000000000000e+00 0.000000000000000000e+00 2.147249828642051727e-14
1.813000000000000000e+03 0.000000000000000000e+00 0.000000000000000000e+00 2.144942639315749170e-14
1.814000000000000000e+03 0.000000000000000000e+00 0.000000000000000000e+00 2.142640457212283614e-14
1.815000000000000000e+03 0.000000000000000000e+00 0.000000000000000000e+00 2.140343273541362530e-14
1.816000000000000000e+03 0.000000000000000000e+00 0.000000000000000000e+00 2.138051059196491751e-14
1.817000000000000000e+03 0.000000000000000000e+00 0.000000000000000000e+00 2.135763805250335309e-14
1.818000000000000000e+03 0.000000000000000000e+00 0.000000000000000000e+00 2.133481481212646449e-14
1.819000000000000000e+03 0.000000000000000000e+00 0.000000000000000000e+00 2.131204077907036346e-14
1.820000000000000000e+03 0.000000000000000000e+00 0.000000000000000000e+00 2.128931564285561040e-14
1.821000000000000000e+03 0.000000000000000000e+00 0.000000000000000000e+00 2.126663931030635385e-14
1.822000000000000000e+03 0.000000000000000000e+00 0.000000000000000000e+00 2.124401146056533242e-14
1.823000000000000000e+03 0.000000000000000000e+00 0.000000000000000000e+00 2.122143199323393471e-14
1.824000000000000000e+03 0.000000000000000000e+00 0.000000000000000000e+00 2.119890058971198499e-14
1.825000000000000000e+03 0.000000000000000000e+00 0.000000000000000000e+00 2.117641714002339051e-14
1.826000000000000000e+03 0.000000000000000000e+00 0.000000000000000000e+00 2.115398131997880765e-14
1.827000000000000000e+03 0.000000000000000000e+00 0.000000000000000000e+00 2.113159301571530292e-14
1.828000000000000000e+03 0.000000000000000000e+00 0.000000000000000000e+00 2.110925190115158236e-14
1.829000000000000000e+03 0.000000000000000000e+00 0.000000000000000000e+00 2.108695786092528985e-14
1.830000000000000000e+03 0.000000000000000000e+00 0.000000000000000000e+00 2.106471056220137451e-14
1.831000000000000000e+03 0.000000000000000000e+00 0.000000000000000000e+00 2.104250988983702336e-14
1.832000000000000000e+03 0.000000000000000000e+00 0.000000000000000000e+00 2.102035550233722829e-14
1.833000000000000000e+03 0.000000000000000000e+00 0.000000000000000000e+00 2.099824727916792734e-14
1.834000000000000000e+03 0.000000000000000000e+00 0.000000000000000000e+00 2.097618487567566164e-14
1.835000000000000000e+03 0.000000000000000000e+00 0.000000000000000000e+00 2.095416816377047646e-14
1.836000000000000000e+03 0.000000000000000000e+00 0.000000000000000000e+00 2.093219679835876641e-14
1.837000000000000000e+03 0.000000000000000000e+00 0.000000000000000000e+00 2.091027064908841714e-14
1.838000000000000000e+03 0.000000000000000000e+00 0.000000000000000000e+00 2.088838936568992386e-14
1.839000000000000000e+03 0.000000000000000000e+00 0.000000000000000000e+00 2.086655281124280392e-14
1.840000000000000000e+03 0.000000000000000000e+00 0.000000000000000000e+00 2.084476063522276308e-14
1.841000000000000000e+03 0.000000000000000000e+00 0.000000000000000000e+00 2.082301269977572706e-14
1.842000000000000000e+03 0.000000000000000000e+00 0.000000000000000000e+00 2.080130864973028512e-14
1.843000000000000000e+03 0.000000000000000000e+00 0.000000000000000000e+00 2.077964834782487642e-14
1.844000000000000000e+03 0.000000000000000000e+00 0.000000000000000000e+00 2.075803143267877356e-14
1.845000000000000000e+03 0.000000000000000000e+00 0.000000000000000000e+00 2.073645776346950071e-14
1.846000000000000000e+03 0.000000000000000000e+00 0.000000000000000000e+00 2.071492698462833577e-14
1.847000000000000000e+03 0.000000000000000000e+00 0.000000000000000000e+00 2.069343894280152340e-14
1.848000000000000000e+03 0.000000000000000000e+00 0.000000000000000000e+00 2.067199328741180838e-14
1.849000000000000000e+03 0.000000000000000000e+00 0.000000000000000000e+00 2.065058986187209333e-14
1.850000000000000000e+03 0.000000000000000000e+00 0.000000000000000000e+00 2.062922831446402942e-14
1.851000000000000000e+03 0.000000000000000000e+00 0.000000000000000000e+00 2.060790848850791644e-14
1.852000000000000000e+03 0.000000000000000000e+00 0.000000000000000000e+00 2.058663002940014050e-14
1.853000000000000000e+03 0.000000000000000000e+00 0.000000000000000000e+00 2.056539277616313258e-14
1.854000000000000000e+03 0.000000000000000000e+00 0.000000000000000000e+00 2.054419637649804320e-14
1.855000000000000000e+03 0.000000000000000000e+00 0.000000000000000000e+00 2.052304066973470033e-14
1.856000000000000000e+03 0.000000000000000000e+00 0.000000000000000000e+00 2.050192530207999417e-14
1.857000000000000000e+03 0.000000000000000000e+00 0.000000000000000000e+00 2.048085010895388354e-14
1.858000000000000000e+03 0.000000000000000000e+00 0.000000000000000000e+00 2.045981473283924508e-14
1.859000000000000000e+03 0.000000000000000000e+00 0.000000000000000000e+00 2.043881901724459766e-14
1.860000000000000000e+03 0.000000000000000000e+00 0.000000000000000000e+00 2.041786259994579219e-14
1.861000000000000000e+03 0.000000000000000000e+00 0.000000000000000000e+00 2.039694532471733250e-14
1.862000000000000000e+03 0.000000000000000000e+00 0.000000000000000000e+00 2.037606683041535772e-14
1.863000000000000000e+03 0.000000000000000000e+00 0.000000000000000000e+00 2.035522695892675374e-14
1.864000000000000000e+03 0.000000000000000000e+00 0.000000000000000000e+00 2.033442535242679511e-14
1.865000000000000000e+03 0.000000000000000000e+00 0.000000000000000000e+00 2.031366185552523788e-14
1.866000000000000000e+03 0.000000000000000000e+00 0.000000000000000000e+00 2.029293610367372787e-14
1.867000000000000000e+03 0.000000000000000000e+00 0.000000000000000000e+00 2.027224793975812971e-14
1.868000000000000000e+03 0.000000000000000000e+00 0.000000000000000000e+00 2.025159700564876957e-14
1.869000000000000000e+03 0.000000000000000000e+00 0.000000000000000000e+00 2.023098314166027991e-14
1.870000000000000000e+03 0.000000000000000000e+00 0.000000000000000000e+00 2.021040598971195307e-14
1.871000000000000000e+03 0.000000000000000000e+00 0.000000000000000000e+00 2.018986538627866315e-14
1.872000000000000000e+03 0.000000000000000000e+00 0.000000000000000000e+00 2.016936097776066277e-14
1.873000000000000000e+03 0.000000000000000000e+00 0.000000000000000000e+00 2.014889259570387795e-14
1.874000000000000000e+03 0.000000000000000000e+00 0.000000000000000000e+00 2.012845988667033775e-14
1.875000000000000000e+03 0.000000000000000000e+00 0.000000000000000000e+00 2.010806268890331207e-14
1.876000000000000000e+03 0.000000000000000000e+00 0.000000000000000000e+00 2.008770064743450924e-14
1.877000000000000000e+03 0.000000000000000000e+00 0.000000000000000000e+00 2.006737360687773061e-14
1.878000000000000000e+03 0.000000000000000000e+00 0.000000000000000000e+00 2.004708120374157883e-14
1.879000000000000000e+03 0.000000000000000000e+00 0.000000000000000000e+00 2.002682328923374162e-14
1.880000000000000000e+03 0.000000000000000000e+00 0.000000000000000000e+00 2.000659950581352761e-14
1.881000000000000000e+03 0.000000000000000000e+00 0.000000000000000000e+00 1.998640969473873454e-14
1.882000000000000000e+03 0.000000000000000000e+00 0.000000000000000000e+00 1.996625350994628166e-14
1.883000000000000000e+03 0.000000000000000000e+00 0.000000000000000000e+00 1.994613078688902960e-14
1.884000000000000000e+03 0.000000000000000000e+00 0.000000000000000000e+00 1.992604118314471791e-14
1.885000000000000000e+03 0.000000000000000000e+00 0.000000000000000000e+00 1.990598453423624543e-14
1.886000000000000000e+03 0.000000000000000000e+00 0.000000000000000000e+00 1.988596049909286292e-14
1.887000000000000000e+03 0.000000000000000000e+00 0.000000000000000000e+00 1.986596891624983241e-14
1.888000000000000000e+03 0.000000000000000000e+00 0.000000000000000000e+00 1.984600944984623455e-14
1.889000000000000000e+03 0.000000000000000000e+00 0.000000000000000000e+00 1.982608193719514603e-14
1.890000000000000000e+03 0.000000000000000000e+00 0.000000000000000000e+00 1.980618604400154902e-14
1.891000000000000000e+03 0.000000000000000000e+00 0.000000000000000000e+00 1.978632161069495306e-14
1.892000000000000000e+03 0.000000000000000000e+00 0.000000000000000000e+00 1.976648830855070806e-14
1.893000000000000000e+03 0.000000000000000000e+00 0.000000000000000000e+00 1.974668597728473262e-14
1.894000000000000000e+03 0.000000000000000000e+00 0.000000000000000000e+00 1.972691429520193195e-14
1.895000000000000000e+03 0.000000000000000000e+00 0.000000000000000000e+00 1.970717309956692142e-14
1.896000000000000000e+03 0.000000000000000000e+00 0.000000000000000000e+00 1.968746207169285789e-14
1.897000000000000000e+03 0.000000000000000000e+00 0.000000000000000000e+00 1.966778105108408745e-14
1.898000000000000000e+03 0.000000000000000000e+00 0.000000000000000000e+00 1.964812971962925361e-14
1.899000000000000000e+03 0.000000000000000000e+00 0.000000000000000000e+00 1.962850792158853976e-14
1.900000000000000000e+03 0.000000000000000000e+00 0.000000000000000000e+00 1.960891533854674229e-14
1.901000000000000000e+03 0.000000000000000000e+00 0.000000000000000000e+00 1.958935182010492005e-14
1.902000000000000000e+03 0.000000000000000000e+00 0.000000000000000000e+00 1.956981705207697797e-14
1.903000000000000000e+03 0.000000000000000000e+00 0.000000000000000000e+00 1.955031088567201108e-14
1.904000000000000000e+03 0.000000000000000000e+00 0.000000000000000000e+00 1.953083301226631824e-14
1.905000000000000000e+03 0.000000000000000000e+00 0.000000000000000000e+00 1.951138328813112751e-14
1.906000000000000000e+03 0.000000000000000000e+00 0.000000000000000000e+00 1.949196140659445222e-14
1.907000000000000000e+03 0.000000000000000000e+00 0.000000000000000000e+00 1.947256723552396822e-14
1.908000000000000000e+03 0.000000000000000000e+00 0.000000000000000000e+00 1.945320046811052486e-14
1.909000000000000000e+03 0.000000000000000000e+00 0.000000000000000000e+00 1.943386097706768217e-14
1.910000000000000000e+03 0.000000000000000000e+00 0.000000000000000000e+00 1.941454846501123356e-14
1.911000000000000000e+03 0.000000000000000000e+00 0.000000000000000000e+00 1.939526280619194499e-14
1.912000000000000000e+03 0.000000000000000000e+00 0.000000000000000000e+00 1.937600370673001714e-14
1.913000000000000000e+03 0.000000000000000000e+00 0.000000000000000000e+00 1.935677104642231521e-14
1.914000000000000000e+03 0.000000000000000000e+00 0.000000000000000000e+00 1.933756453224188686e-14
1.915000000000000000e+03 0.000000000000000000e+00 0.000000000000000000e+00 1.931838405616620603e-14
1.916000000000000000e+03 0.000000000000000000e+00 0.000000000000000000e+00 1.929922933525101352e-14
1.917000000000000000e+03 0.000000000000000000e+00 0.000000000000000000e+00 1.928010025592241763e-14
1.918000000000000000e+03 0.000000000000000000e+00 0.000000000000000000e+00 1.926099654891861392e-14
1.919000000000000000e+03 0.000000000000000000e+00 0.000000000000000000e+00 1.924191810869830578e-14
1.920000000000000000e+03 0.000000000000000000e+00 0.000000000000000000e+00 1.922286466687485108e-14
1.921000000000000000e+03 0.000000000000000000e+00 0.000000000000000000e+00 1.920383612472029120e-14
1.922000000000000000e+03 0.000000000000000000e+00 0.000000000000000000e+00 1.918483222028982215e-14
1.923000000000000000e+03 0.000000000000000000e+00 0.000000000000000000e+00 1.916585286184320890e-14
1.924000000000000000e+03 0.000000000000000000e+00 0.000000000000000000e+00 1.914689779496758726e-14
1.925000000000000000e+03 0.000000000000000000e+00 0.000000000000000000e+00 1.912796693037952221e-14
1.926000000000000000e+03 0.000000000000000000e+00 0.000000000000000000e+00 1.910906002139524461e-14
1.927000000000000000e+03 0.000000000000000000e+00 0.000000000000000000e+00 1.909017697905839695e-14
1.928000000000000000e+03 0.000000000000000000e+00 0.000000000000000000e+00 1.907131756491369515e-14
1.929000000000000000e+03 0.000000000000000000e+00 0.000000000000000000e+00 1.905248169965025655e-14
1.930000000000000000e+03 0.000000000000000000e+00 0.000000000000000000e+00 1.903366915304196052e-14
1.931000000000000000e+03 0.000000000000000000e+00 0.000000000000000000e+00 1.901487984786993936e-14
1.932000000000000000e+03 0.000000000000000000e+00 0.000000000000000000e+00 1.899611355727032699e-14
1.933000000000000000e+03 0.000000000000000000e+00 0.000000000000000000e+00 1.897737021970812632e-14
1.934000000000000000e+03 0.000000000000000000e+00 0.000000000000000000e+00 1.895864960953350611e-14
1.935000000000000000e+03 0.000000000000000000e+00 0.000000000000000000e+00 1.893995167546052056e-14
1.936000000000000000e+03 0.000000000000000000e+00 0.000000000000000000e+00 1.892127620154308487e-14
1.937000000000000000e+03 0.000000000000000000e+00 0.000000000000000000e+00 1.890262313584062488e-14
1.938000000000000000e+03 0.000000000000000000e+00 0.000000000000000000e+00 1.888399227514639582e-14
1.939000000000000000e+03 0.000000000000000000e+00 0.000000000000000000e+00 1.886538357718014159e-14
1.940000000000000000e+03 0.000000000000000000e+00 0.000000000000000000e+00 1.884679683794944667e-14
1.941000000000000000e+03 0.000000000000000000e+00 0.000000000000000000e+00 1.882823202804940405e-14
1.942000000000000000e+03 0.000000000000000000e+00 0.000000000000000000e+00 1.880968894742600520e-14
1.943000000000000000e+03 0.000000000000000000e+00 0.000000000000000000e+00 1.879116757659803030e-14
1.944000000000000000e+03 0.000000000000000000e+00 0.000000000000000000e+00 1.877266772038800383e-14
1.945000000000000000e+03 0.000000000000000000e+00 0.000000000000000000e+00 1.875418936733917894e-14
1.946000000000000000e+03 0.000000000000000000e+00 0.000000000000000000e+00 1.873573232804546539e-14
1.947000000000000000e+03 0.000000000000000000e+00 0.000000000000000000e+00 1.871729659879530732e-14
1.948000000000000000e+03 0.000000000000000000e+00 0.000000000000000000e+00 1.869888200034153366e-14
1.949000000000000000e+03 0.000000000000000000e+00 0.000000000000000000e+00 1.868048853126009271e-14
1.950000000000000000e+03 0.000000000000000000e+00 0.000000000000000000e+00 1.866211601988954404e-14
1.951000000000000000e+03 0.000000000000000000e+00 0.000000000000000000e+00 1.864376447449056766e-14
1.952000000000000000e+03 0.000000000000000000e+00 0.000000000000000000e+00 1.862543372938613559e-14
1.953000000000000000e+03 0.000000000000000000e+00 0.000000000000000000e+00 1.860712380034156358e-14
1.954000000000000000e+03 0.000000000000000000e+00 0.000000000000000000e+00 1.858883453245487473e-14
1.955000000000000000e+03 0.000000000000000000e+00 0.000000000000000000e+00 1.857056595277092193e-14
1.956000000000000000e+03 0.000000000000000000e+00 0.000000000000000000e+00 1.855231790880556171e-14
1.957000000000000000e+03 0.000000000000000000e+00 0.000000000000000000e+00 1.853409043045926349e-14
1.958000000000000000e+03 0.000000000000000000e+00 0.000000000000000000e+00 1.851588337925300159e-14
1.959000000000000000e+03 0.000000000000000000e+00 0.000000000000000000e+00 1.849769678908766322e-14
1.960000000000000000e+03 0.000000000000000000e+00 0.000000000000000000e+00 1.847953053021924796e-14
1.961000000000000000e+03 0.000000000000000000e+00 0.000000000000000000e+00 1.846138464508593553e-14
1.962000000000000000e+03 0.000000000000000000e+00 0.000000000000000000e+00 1.844325900565888269e-14
1.963000000000000000e+03 0.000000000000000000e+00 0.000000000000000000e+00 1.842515365997642111e-14
1.964000000000000000e+03 0.000000000000000000e+00 0.000000000000000000e+00 1.840706848826864577e-14
1.965000000000000000e+03 0.000000000000000000e+00 0.000000000000000000e+00 1.838900354784927071e-14
1.966000000000000000e+03 0.000000000000000000e+00 0.000000000000000000e+00 1.837095872432696761e-14
1.967000000000000000e+03 0.000000000000000000e+00 0.000000000000000000e+00 1.835293408071451300e-14
1.968000000000000000e+03 0.000000000000000000e+00 0.000000000000000000e+00 1.833492951193105262e-14
1.969000000000000000e+03 0.000000000000000000e+00 0.000000000000000000e+00 1.831694509046830616e-14
1.970000000000000000e+03 0.000000000000000000e+00 0.000000000000000000e+00 1.829898071686042399e-14
1.971000000000000000e+03 0.000000000000000000e+00 0.000000000000000000e+00 1.828103646405480973e-14
1.972000000000000000e+03 0.000000000000000000e+00 0.000000000000000000e+00 1.826311224618152417e-14
1.973000000000000000e+03 0.000000000000000000e+00 0.000000000000000000e+00 1.824520814292502292e-14
1.974000000000000000e+03 0.000000000000000000e+00 0.000000000000000000e+00 1.822732407083113023e-14
1.975000000000000000e+03 0.000000000000000000e+00 0.000000000000000000e+00 1.820946011788545031e-14
1.976000000000000000e+03 0.000000000000000000e+00 0.000000000000000000e+00 1.819161620847339978e-14
1.977000000000000000e+03 0.000000000000000000e+00 0.000000000000000000e+00 1.817379243024741536e-14
1.978000000000000000e+03 0.000000000000000000e+00 0.000000000000000000e+00 1.815598871658795694e-14
1.979000000000000000e+03 0.000000000000000000e+00 0.000000000000000000e+00 1.813820516525134946e-14
1.980000000000000000e+03 0.000000000000000000e+00 0.000000000000000000e+00 1.812044171119420007e-14
1.981000000000000000e+03 0.000000000000000000e+00 0.000000000000000000e+00 1.810269845886498690e-14
1.982000000000000000e+03 0.000000000000000000e+00 0.000000000000000000e+00 1.808497535564207432e-14
1.983000000000000000e+03 0.000000000000000000e+00 0.000000000000000000e+00 1.806727250534280125e-14
1.984000000000000000e+03 0.000000000000000000e+00 0.000000000000000000e+00 1.804958986471771079e-14
1.985000000000000000e+03 0.000000000000000000e+00 0.000000000000000000e+00 1.803192753904183059e-14
1.986000000000000000e+03 0.000000000000000000e+00 0.000000000000000000e+00 1.801428549161032102e-14
1.987000000000000000e+03 0.000000000000000000e+00 0.000000000000000000e+00 1.799666383356215994e-14
1.988000000000000000e+03 0.000000000000000000e+00 0.000000000000000000e+00 1.797906252917238655e-14
1.989000000000000000e+03 0.000000000000000000e+00 0.000000000000000000e+00 1.796148169950015074e-14
1.990000000000000000e+03 0.000000000000000000e+00 0.000000000000000000e+00 1.794392130866892311e-14
1.991000000000000000e+03 0.000000000000000000e+00 0.000000000000000000e+00 1.792638148087082094e-14
1.992000000000000000e+03 0.000000000000000000e+00 0.000000000000000000e+00 1.790886218321322224e-14
1.993000000000000000e+03 0.000000000000000000e+00 0.000000000000000000e+00 1.789136354712895557e-14
1.994000000000000000e+03 0.000000000000000000e+00 0.000000000000000000e+00 1.787388554573716275e-14
1.995000000000000000e+03 0.000000000000000000e+00 0.000000000000000000e+00 1.785642831675803573e-14
1.996000000000000000e+03 0.000000000000000000e+00 0.000000000000000000e+00 1.783899183628020337e-14
1.997000000000000000e+03 0.000000000000000000e+00 0.000000000000000000e+00 1.782157624106939587e-14
1.998000000000000000e+03 0.000000000000000000e+00 0.000000000000000000e+00 1.780418151808989820e-14
1.999000000000000000e+03 0.000000000000000000e+00 0.000000000000000000e+00 1.778680780881562120e-14
2.000000000000000000e+03 0.000000000000000000e+00 0.000000000000000000e+00 1.776945510111421546e-14
2.001000000000000000e+03 0.000000000000000000e+00 0.000000000000000000e+00 1.775212353818505783e-14
2.002000000000000000e+03 0.000000000000000000e+00 0.000000000000000000e+00 1.773481311812757097e-14
2.003000000000000000e+03 0.000000000000000000e+00 0.000000000000000000e+00 1.771752398268552873e-14
2.004000000000000000e+03 0.000000000000000000e+00 0.000000000000000000e+00 1.770025613470486673e-14
2.005000000000000000e+03 0.000000000000000000e+00 0.000000000000000000e+00 1.768300971904608831e-14
2.006000000000000000e+03 0.000000000000000000e+00 0.000000000000000000e+00 1.766578473936983308e-14
2.007000000000000000e+03 0.000000000000000000e+00 0.000000000000000000e+00 1.764858134967664342e-14
2.008000000000000000e+03 0.000000000000000000e+00 0.000000000000000000e+00 1.763139954953075890e-14
2.009000000000000000e+03 0.000000000000000000e+00 0.000000000000000000e+00 1.761423950325496999e-14
2.010000000000000000e+03 0.000000000000000000e+00 0.000000000000000000e+00 1.759710121226173531e-14
2.011000000000000000e+03 0.000000000000000000e+00 0.000000000000000000e+00 1.757998483677781763e-14
2.012000000000000000e+03 0.000000000000000000e+00 0.000000000000000000e+00 1.756289038653016852e-14
2.013000000000000000e+03 0.000000000000000000e+00 0.000000000000000000e+00 1.754581802620011260e-14
2.014000000000000000e+03 0.000000000000000000e+00 0.000000000000000000e+00 1.752876776614462047e-14
2.015000000000000000e+03 0.000000000000000000e+00 0.000000000000000000e+00 1.751173977203107080e-14
2.016000000000000000e+03 0.000000000000000000e+00 0.000000000000000000e+00 1.749473406241031347e-14
2.017000000000000000e+03 0.000000000000000000e+00 0.000000000000000000e+00 1.747775080034589925e-14
2.018000000000000000e+03 0.000000000000000000e+00 0.000000000000000000e+00 1.746079000724033763e-14
2.019000000000000000e+03 0.000000000000000000e+00 0.000000000000000000e+00 1.744385185005364738e-14
2.020000000000000000e+03 0.000000000000000000e+00 0.000000000000000000e+00 1.742693634883110910e-14
2.021000000000000000e+03 0.000000000000000000e+00 0.000000000000000000e+00 1.741004367450509798e-14
2.022000000000000000e+03 0.000000000000000000e+00 0.000000000000000000e+00 1.739317384782724383e-14
2.023000000000000000e+03 0.000000000000000000e+00 0.000000000000000000e+00 1.737632704015584679e-14
2.024000000000000000e+03 0.000000000000000000e+00 0.000000000000000000e+00 1.735950327529530531e-14
2.025000000000000000e+03 0.000000000000000000e+00 0.000000000000000000e+00 1.734270272339585793e-14
2.026000000000000000e+03 0.000000000000000000e+00 0.000000000000000000e+00 1.732592540579406850e-14
2.027000000000000000e+03 0.000000000000000000e+00 0.000000000000000000e+00 1.730917149258327977e-14
2.028000000000000000e+03 0.000000000000000000e+00 0.000000000000000000e+00 1.729244101046748729e-14
2.029000000000000000e+03 0.000000000000000000e+00 0.000000000000000000e+00 1.727573413347940634e-14
2.030000000000000000e+03 0.000000000000000000e+00 0.000000000000000000e+00 1.725905088289015060e-14
2.031000000000000000e+03 0.000000000000000000e+00 0.000000000000000000e+00 1.724239143414134094e-14
2.032000000000000000e+03 0.000000000000000000e+00 0.000000000000000000e+00 1.722575581251456834e-14
2.033000000000000000e+03 0.000000000000000000e+00 0.000000000000000000e+00 1.720914419048304266e-14
2.034000000000000000e+03 0.000000000000000000e+00 0.000000000000000000e+00 1.719255659657959780e-14
2.035000000000000000e+03 0.000000000000000000e+00 0.000000000000000000e+00 1.717599320186201573e-14
2.036000000000000000e+03 0.000000000000000000e+00 0.000000000000000000e+00 1.715945403051442099e-14
2.037000000000000000e+03 0.000000000000000000e+00 0.000000000000000000e+00 1.714293926047241821e-14
2.038000000000000000e+03 0.000000000000000000e+00 0.000000000000000000e+00 1.712644891204391243e-14
2.039000000000000000e+03 0.000000000000000000e+00 0.000000000000000000e+00 1.710998315786576426e-14
2.040000000000000000e+03 0.000000000000000000e+00 0.000000000000000000e+00 1.709354202366952150e-14
2.041000000000000000e+03 0.000000000000000000e+00 0.000000000000000000e+00 1.707712567780356025e-14
2.042000000000000000e+03 0.000000000000000000e+00 0.000000000000000000e+00 1.706073414767802647e-14
2.043000000000000000e+03 0.000000000000000000e+00 0.000000000000000000e+00 1.704436760073874787e-14
2.044000000000000000e+03 0.000000000000000000e+00 0.000000000000000000e+00 1.702802606109472106e-14
2.045000000000000000e+03 0.000000000000000000e+00 0.000000000000000000e+00 1.701170969868955348e-14
2.046000000000000000e+03 0.000000000000000000e+00 0.000000000000000000e+00 1.699541853796816710e-14
2.047000000000000000e+03 0.000000000000000000e+00 0.000000000000000000e+00 1.697915274481521811e-14
2.048000000000000000e+03 0.000000000000000000e+00 0.000000000000000000e+00 1.696291234136760135e-14
2.049000000000000000e+03 0.000000000000000000e+00 0.000000000000000000e+00 1.694669749309010336e-14
2.050000000000000000e+03 0.000000000000000000e+00 0.000000000000000000e+00 1.693050822031871577e-14
2.051000000000000000e+03 0.000000000000000000e+00 0.000000000000000000e+00 1.691434468342032200e-14
2.052000000000000000e+03 0.000000000000000000e+00 0.000000000000000000e+00 1.689820690504753625e-14
2.053000000000000000e+03 0.000000000000000000e+00 0.000000000000000000e+00 1.688209504200983895e-14
2.054000000000000000e+03 0.000000000000000000e+00 0.000000000000000000e+00 1.686600911142181358e-14
2.055000000000000000e+03 0.000000000000000000e+00 0.000000000000000000e+00 1.684994926907009089e-14
2.056000000000000000e+03 0.000000000000000000e+00 0.000000000000000000e+00 1.683391553075609441e-14
2.057000000000000000e+03 0.000000000000000000e+00 0.000000000000000000e+00 1.681790805228140223e-14
2.058000000000000000e+03 0.000000000000000000e+00 0.000000000000000000e+00 1.680192684764843427e-14
2.059000000000000000e+03 0.000000000000000000e+00 0.000000000000000000e+00 1.678597206577133450e-14
2.060000000000000000e+03 0.000000000000000000e+00 0.000000000000000000e+00 1.677004372063689076e-14
2.061000000000000000e+03 0.000000000000000000e+00 0.000000000000000000e+00 1.675414196260057796e-14
2.062000000000000000e+03 0.000000000000000000e+00 0.000000000000000000e+00 1.673826680291941911e-14
2.063000000000000000e+03 0.000000000000000000e+00 0.000000000000000000e+00 1.672241838700307203e-14
2.064000000000000000e+03 0.000000000000000000e+00 0.000000000000000000e+00 1.670659672218470250e-14
2.065000000000000000e+03 0.000000000000000000e+00 0.000000000000000000e+00 1.669080195245794090e-14
2.066000000000000000e+03 0.000000000000000000e+00 0.000000000000000000e+00 1.667503408420605090e-14
2.067000000000000000e+03 0.000000000000000000e+00 0.000000000000000000e+00 1.665929325750516702e-14
2.068000000000000000e+03 0.000000000000000000e+00 0.000000000000000000e+00 1.664357947701614137e-14
2.069000000000000000e+03 0.000000000000000000e+00 0.000000000000000000e+00 1.662789287792906496e-14
2.070000000000000000e+03 0.000000000000000000e+00 0.000000000000000000e+00 1.661223346308152728e-14
2.071000000000000000e+03 0.000000000000000000e+00 0.000000000000000000e+00 1.659660136389121703e-14
2.072000000000000000e+03 0.000000000000000000e+00 0.000000000000000000e+00 1.658099657779459188e-14
2.073000000000000000e+03 0.000000000000000000e+00 0.000000000000000000e+00 1.656541923660253092e-14
2.074000000000000000e+03 0.000000000000000000e+00 0.000000000000000000e+00 1.654986933429611064e-14
2.075000000000000000e+03 0.000000000000000000e+00 0.000000000000000000e+00 1.653434699573519697e-14
2.076000000000000000e+03 0.000000000000000000e+00 0.000000000000000000e+00 1.651885221573105416e-14
2.077000000000000000e+03 0.000000000000000000e+00 0.000000000000000000e+00 1.650338511670323218e-14
2.078000000000000000e+03 0.000000000000000000e+00 0.000000000000000000e+00 1.648794568155632950e-14
2.079000000000000000e+03 0.000000000000000000e+00 0.000000000000000000e+00 1.647253403555674996e-14
2.080000000000000000e+03 0.000000000000000000e+00 0.000000000000000000e+00 1.645715016068324069e-14
2.081000000000000000e+03 0.000000000000000000e+00 0.000000000000000000e+00 1.644179417504858449e-14
2.082000000000000000e+03 0.000000000000000000e+00 0.000000000000000000e+00 1.642646605825709820e-14
2.083000000000000000e+03 0.000000000000000000e+00 0.000000000000000000e+00 1.641116591902735140e-14
2.084000000000000000e+03 0.000000000000000000e+00 0.000000000000000000e+00 1.639589373838895590e-14
2.085000000000000000e+03 0.000000000000000000e+00 0.000000000000000000e+00 1.638064962099583761e-14
2.086000000000000000e+03 0.000000000000000000e+00 0.000000000000000000e+00 1.636543354220610861e-14
2.087000000000000000e+03 0.000000000000000000e+00 0.000000000000000000e+00 1.635024560117366507e-14
2.088000000000000000e+03 0.000000000000000000e+00 0.000000000000000000e+00 1.633508576998679380e-14
2.089000000000000000e+03 0.000000000000000000e+00 0.000000000000000000e+00 1.631995414374856497e-14
2.090000000000000000e+03 0.000000000000000000e+00 0.000000000000000000e+00 1.630485068670870166e-14
2.091000000000000000e+03 0.000000000000000000e+00 0.000000000000000000e+00 1.628977549407727515e-14
2.092000000000000000e+03 0.000000000000000000e+00 0.000000000000000000e+00 1.627472852387578442e-14
2.093000000000000000e+03 0.000000000000000000e+00 0.000000000000000000e+00 1.625970986294394382e-14
2.094000000000000000e+03 0.000000000000000000e+00 0.000000000000000000e+00 1.624471947193756497e-14
2.095000000000000000e+03 0.000000000000000000e+00 0.000000000000000000e+00 1.622975743313033747e-14
2.096000000000000000e+03 0.000000000000000000e+00 0.000000000000000000e+00 1.621482369841307415e-14
2.097000000000000000e+03 0.000000000000000000e+00 0.000000000000000000e+00 1.619991834817973528e-14
2.098000000000000000e+03 0.000000000000000000e+00 0.000000000000000000e+00 1.618504132998623572e-14
2.099000000000000000e+03 0.000000000000000000e+00 0.000000000000000000e+00 1.617019271867541939e-14
2.100000000000000000e+03 0.000000000000000000e+00 0.000000000000000000e+00 1.615537245858474331e-14
2.101000000000000000e+03 0.000000000000000000e+00 0.000000000000000000e+00 1.614058062129315518e-14
2.102000000000000000e+03 0.000000000000000000e+00 0.000000000000000000e+00 1.612581714180109756e-14
2.103000000000000000e+03 0.000000000000000000e+00 0.000000000000000000e+00 1.611108208930239719e-14
2.104000000000000000e+03 0.000000000000000000e+00 0.000000000000000000e+00 1.609637539714445122e-14
2.105000000000000000e+03 0.000000000000000000e+00 0.000000000000000000e+00 1.608169712764290719e-14
2.106000000000000000e+03 0.000000000000000000e+00 0.000000000000000000e+00 1.606704721053474154e-14
2.107000000000000000e+03 0.000000000000000000e+00 0.000000000000000000e+00 1.605242570448860947e-14
2.108000000000000000e+03 0.000000000000000000e+00 0.000000000000000000e+00 1.603783253708530969e-14
2.109000000000000000e+03 0.000000000000000000e+00 0.000000000000000000e+00 1.602326776113961938e-14
2.110000000000000000e+03 0.000000000000000000e+00 0.000000000000000000e+00 1.600873129778334569e-14
2.111000000000000000e+03 0.000000000000000000e+00 0.000000000000000000e+00 1.599422319828691598e-14
2.112000000000000000e+03 0.000000000000000000e+00 0.000000000000000000e+00 1.597974337892339161e-14
2.113000000000000000e+03 0.000000000000000000e+00 0.000000000000000000e+00 1.596529188633361826e-14
2.114000000000000000e+03 0.000000000000000000e+00 0.000000000000000000e+00 1.595086863073792005e-14
2.115000000000000000e+03 0.000000000000000000e+00 0.000000000000000000e+00 1.593647365486532973e-14
2.116000000000000000e+03 0.000000000000000000e+00 0.000000000000000000e+00 1.592210686239275324e-14
2.117000000000000000e+03 0.000000000000000000e+00 0.000000000000000000e+00 1.590776829410062328e-14
2.118000000000000000e+03 0.000000000000000000e+00 0.000000000000000000e+00 1.589345785019153513e-14
2.119000000000000000e+03 0.000000000000000000e+00 0.000000000000000000e+00 1.587917556390181117e-14
2.120000000000000000e+03 0.000000000000000000e+00 0.000000000000000000e+00 1.586492133178577322e-14
2.121000000000000000e+03 0.000000000000000000e+00 0.000000000000000000e+00 1.585069518379395815e-14
2.122000000000000000e+03 0.000000000000000000e+00 0.000000000000000000e+00 1.583649701473846008e-14
2.123000000000000000e+03 0.000000000000000000e+00 0.000000000000000000e+00 1.582232684958875246e-14
2.124000000000000000e+03 0.000000000000000000e+00 0.000000000000000000e+00 1.580818457762996799e-14
2.125000000000000000e+03 0.000000000000000000e+00 0.000000000000000000e+00 1.579407021840290125e-14
2.126000000000000000e+03 0.000000000000000000e+00 0.000000000000000000e+00 1.577998366073561262e-14
2.127000000000000000e+03 0.000000000000000000e+00 0.000000000000000000e+00 1.576592491850546546e-14
2.128000000000000000e+03 0.000000000000000000e+00 0.000000000000000000e+00 1.575189387908361396e-14
2.129000000000000000e+03 0.000000000000000000e+00 0.000000000000000000e+00 1.573789054894060766e-14
2.130000000000000000e+03 0.000000000000000000e+00 0.000000000000000000e+00 1.572391481244938340e-14
2.131000000000000000e+03 0.000000000000000000e+00 0.000000000000000000e+00 1.570996667108765437e-14
2.132000000000000000e+03 0.000000000000000000e+00 0.000000000000000000e+00 1.569604600408485178e-14
2.133000000000000000e+03 0.000000000000000000e+00 0.000000000000000000e+00 1.568215281376178550e-14
2.134000000000000000e+03 0.000000000000000000e+00 0.000000000000000000e+00 1.566828697151287290e-14
2.135000000000000000e+03 0.000000000000000000e+00 0.000000000000000000e+00 1.565444847558403443e-14
2.136000000000000000e+03 0.000000000000000000e+00 0.000000000000000000e+00 1.564063719762408879e-14
2.137000000000000000e+03 0.000000000000000000e+00 0.000000000000000000e+00 1.562685313020921432e-14
2.138000000000000000e+03 0.000000000000000000e+00 0.000000000000000000e+00 1.561309613611123161e-14
2.139000000000000000e+03 0.000000000000000000e+00 0.000000000000000000e+00 1.559936620612453462e-14
2.140000000000000000e+03 0.000000000000000000e+00 0.000000000000000000e+00 1.558566320316139906e-14
2.141000000000000000e+03 0.000000000000000000e+00 0.000000000000000000e+00 1.557198711477813737e-14
2.142000000000000000e+03 0.000000000000000000e+00 0.000000000000000000e+00 1.555833779511708185e-14
2.143000000000000000e+03 0.000000000000000000e+00 0.000000000000000000e+00 1.554471523293076416e-14
2.144000000000000000e+03 0.000000000000000000e+00 0.000000000000000000e+00 1.553111927789153726e-14
2.145000000000000000e+03 0.000000000000000000e+00 0.000000000000000000e+00 1.551754991277274895e-14
2.146000000000000000e+03 0.000000000000000000e+00 0.000000000000000000e+00 1.550400698422652564e-14
2.147000000000000000e+03 0.000000000000000000e+00 0.000000000000000000e+00 1.549049047083359928e-14
2.148000000000000000e+03 0.000000000000000000e+00 0.000000000000000000e+00 1.547700021873545084e-14
2.149000000000000000e+03 0.000000000000000000e+00 0.000000000000000000e+00 1.546353620112481972e-14
2.150000000000000000e+03 0.000000000000000000e+00 0.000000000000000000e+00 1.545009825892938427e-14
2.151000000000000000e+03 0.000000000000000000e+00 0.000000000000000000e+00 1.543668636250519056e-14
2.152000000000000000e+03 0.000000000000000000e+00 0.000000000000000000e+00 1.542330035039755702e-14
2.153000000000000000e+03 0.000000000000000000e+00 0.000000000000000000e+00 1.540994018666263920e-14
2.154000000000000000e+03 0.000000000000000000e+00 0.000000000000000000e+00 1.539660571012658685e-14
2.155000000000000000e+03 0.000000000000000000e+00 0.000000000000000000e+00 1.538329687712534302e-14
2.156000000000000000e+03 0.000000000000000000e+00 0.000000000000000000e+00 1.537001352525091931e-14
2.157000000000000000e+03 0.000000000000000000e+00 0.000000000000000000e+00 1.535675561281637137e-14
2.158000000000000000e+03 0.000000000000000000e+00 0.000000000000000000e+00 1.534352297132361310e-14
2.159000000000000000e+03 0.000000000000000000e+00 0.000000000000000000e+00 1.533031555339978323e-14
2.160000000000000000e+03 0.000000000000000000e+00 0.000000000000000000e+00 1.531713319277796568e-14
2.161000000000000000e+03 0.000000000000000000e+00 0.000000000000000000e+00 1.530397583672352204e-14
2.162000000000000000e+03 0.000000000000000000e+00 0.000000000000000000e+00 1.529084331421428900e-14
2.163000000000000000e+03 0.000000000000000000e+00 0.000000000000000000e+00 1.527773557291686176e-14
2.164000000000000000e+03 0.000000000000000000e+00 0.000000000000000000e+00 1.526465243593583083e-14
2.165000000000000000e+03 0.000000000000000000e+00 0.000000000000000000e+00 1.525159384955938321e-14
2.166000000000000000e+03 0.000000000000000000e+00 0.000000000000000000e+00 1.523855963304150580e-14
2.167000000000000000e+03 0.000000000000000000e+00 0.000000000000000000e+00 1.522554973109689208e-14
2.168000000000000000e+03 0.000000000000000000e+00 0.000000000000000000e+00 1.521256396131953208e-14
2.169000000000000000e+03 0.000000000000000000e+00 0.000000000000000000e+00 1.519960226537069116e-14
2.170000000000000000e+03 0.000000000000000000e+00 0.000000000000000000e+00 1.518666445887604097e-14
2.171000000000000000e+03 0.000000000000000000e+00 0.000000000000000000e+00 1.517375047980888110e-14
2.172000000000000000e+03 0.000000000000000000e+00 0.000000000000000000e+00 1.516086014494105707e-14
2.173000000000000000e+03 0.000000000000000000e+00 0.000000000000000000e+00 1.514799338667634010e-14
2.174000000000000000e+03 0.000000000000000000e+00 0.000000000000000000e+00 1.513515002016479128e-14
2.175000000000000000e+03 0.000000000000000000e+00 0.000000000000000000e+00 1.512232997712472165e-14
2.176000000000000000e+03 0.000000000000000000e+00 0.000000000000000000e+00 1.510953306582824345e-14
2.177000000000000000e+03 0.000000000000000000e+00 0.000000000000000000e+00 1.509675921504528746e-14
2.178000000000000000e+03 0.000000000000000000e+00 0.000000000000000000e+00 1.508400823372161842e-14
2.179000000000000000e+03 0.000000000000000000e+00 0.000000000000000000e+00 1.507128004560230301e-14
2.180000000000000000e+03 0.000000000000000000e+00 0.000000000000000000e+00 1.505857445322767848e-14
2.181000000000000000e+03 0.000000000000000000e+00 0.000000000000000000e+00 1.504589138197636574e-14
2.182000000000000000e+03 0.000000000000000000e+00 0.000000000000000000e+00 1.503323063311245447e-14
2.183000000000000000e+03 0.000000000000000000e+00 0.000000000000000000e+00 1.502059212770028527e-14
2.184000000000000000e+03 0.000000000000000000e+00 0.000000000000000000e+00 1.500797566594920927e-14
2.185000000000000000e+03 0.000000000000000000e+00 0.000000000000000000e+00 1.499538116642647204e-14
2.186000000000000000e+03 0.000000000000000000e+00 0.000000000000000000e+00 1.498280842817955247e-14
2.187000000000000000e+03 0.000000000000000000e+00 0.000000000000000000e+00 1.497025736766007536e-14
2.188000000000000000e+03 0.000000000000000000e+00 0.000000000000000000e+00 1.495772778278221676e-14
2.189000000000000000e+03 0.000000000000000000e+00 0.000000000000000000e+00 1.494521958814394241e-14
2.190000000000000000e+03 0.000000000000000000e+00 0.000000000000000000e+00 1.493273257794018271e-14
2.191000000000000000e+03 0.000000000000000000e+00 0.000000000000000000e+00 1.492026666501734190e-14
2.192000000000000000e+03 0.000000000000000000e+00 0.000000000000000000e+00 1.490782164121745281e-14
2.193000000000000000e+03 0.000000000000000000e+00 0.000000000000000000e+00 1.489539741803408318e-14
2.194000000000000000e+03 0.000000000000000000e+00 0.000000000000000000e+00 1.488299378551784793e-14
2.195000000000000000e+03 0.000000000000000000e+00 0.000000000000000000e+00 1.487061065382124809e-14
2.196000000000000000e+03 0.000000000000000000e+00 0.000000000000000000e+00 1.485824781142211820e-14
2.197000000000000000e+03 0.000000000000000000e+00 0.000000000000000000e+00 1.484590516736117977e-14
2.198000000000000000e+03 0.000000000000000000e+00 0.000000000000000000e+00 1.483358251151548569e-14
2.199000000000000000e+03 0.000000000000000000e+00 0.000000000000000000e+00 1.482127975184269245e-14
2.200000000000000000e+03 0.000000000000000000e+00 0.000000000000000000e+00 1.480899667558054211e-14
2.201000000000000000e+03 0.000000000000000000e+00 0.000000000000000000e+00 1.479673318972595953e-14
2.202000000000000000e+03 0.000000000000000000e+00 0.000000000000000000e+00 1.478448908290222314e-14
2.203000000000000000e+03 0.000000000000000000e+00 0.000000000000000000e+00 1.477226425812255441e-14
2.204000000000000000e+03 0.000000000000000000e+00 0.000000000000000000e+00 1.476005850440739797e-14
2.205000000000000000e+03 0.000000000000000000e+00 0.000000000000000000e+00 1.474787172237456446e-14
2.206000000000000000e+03 0.000000000000000000e+00 0.000000000000000000e+00 1.473570370075496447e-14
2.207000000000000000e+03 0.000000000000000000e+00 0.000000000000000000e+00 1.472355433830082832e-14
2.208000000000000000e+03 0.000000000000000000e+00 0.000000000000000000e+00 1.471142342376624335e-14
2.209000000000000000e+03 0.000000000000000000e+00 0.000000000000000000e+00 1.469931085404442603e-14
2.210000000000000000e+03 0.000000000000000000e+00 0.000000000000000000e+00 1.468721641746963823e-14
2.211000000000000000e+03 0.000000000000000000e+00 0.000000000000000000e+00 1.467514001464085260e-14
2.212000000000000000e+03 0.000000000000000000e+00 0.000000000000000000e+00 1.466308143092418187e-14
2.213000000000000000e+03 0.000000000000000000e+00 0.000000000000000000e+00 1.465104056818452796e-14
2.214000000000000000e+03 0.000000000000000000e+00 0.000000000000000000e+00 1.463901721514143555e-14
2.215000000000000000e+03 0.000000000000000000e+00 0.000000000000000000e+00 1.462701127149104491e-14
2.216000000000000000e+03 0.000000000000000000e+00 0.000000000000000000e+00 1.461502252692862699e-14
2.217000000000000000e+03 0.000000000000000000e+00 0.000000000000000000e+00 1.460305088510545921e-14
2.218000000000000000e+03 0.000000000000000000e+00 0.000000000000000000e+00 1.459109613366220224e-14
2.219000000000000000e+03 0.000000000000000000e+00 0.000000000000000000e+00 1.457915817742475368e-14
2.220000000000000000e+03 0.000000000000000000e+00 0.000000000000000000e+00 1.456723680563224303e-14
2.221000000000000000e+03 0.000000000000000000e+00 0.000000000000000000e+00 1.455533192375987934e-14
2.222000000000000000e+03 0.000000000000000000e+00 0.000000000000000000e+00 1.454344332113116866e-14
2.223000000000000000e+03 0.000000000000000000e+00 0.000000000000000000e+00 1.453157090595499128e-14
2.224000000000000000e+03 0.000000000000000000e+00 0.000000000000000000e+00 1.451971446729962204e-14
2.225000000000000000e+03 0.000000000000000000e+00 0.000000000000000000e+00 1.450787391442215120e-14
2.226000000000000000e+03 0.000000000000000000e+00 0.000000000000000000e+00 1.449604904110252731e-14
2.227000000000000000e+03 0.000000000000000000e+00 0.000000000000000000e+00 1.448423975445556262e-14
2.228000000000000000e+03 0.000000000000000000e+00 0.000000000000000000e+00 1.447244585261949495e-14
2.229000000000000000e+03 0.000000000000000000e+00 0.000000000000000000e+00 1.446066724394569179e-14
2.230000000000000000e+03 0.000000000000000000e+00 0.000000000000000000e+00 1.444890372855614264e-14
2.231000000000000000e+03 0.000000000000000000e+00 0.000000000000000000e+00 1.443715521721500286e-14
2.232000000000000000e+03 0.000000000000000000e+00 0.000000000000000000e+00 1.442542151120348674e-14
2.233000000000000000e+03 0.000000000000000000e+00 0.000000000000000000e+00 1.441370252445453447e-14
2.234000000000000000e+03 0.000000000000000000e+00 0.000000000000000000e+00 1.440199806132999472e-14
2.235000000000000000e+03 0.000000000000000000e+00 0.000000000000000000e+00 1.439030803952409332e-14
2.236000000000000000e+03 0.000000000000000000e+00 0.000000000000000000e+00 1.437863226445212377e-14
2.237000000000000000e+03 0.000000000000000000e+00 0.000000000000000000e+00 1.436697065511333082e-14
2.238000000000000000e+03 0.000000000000000000e+00 0.000000000000000000e+00 1.435532302250761307e-14
2.239000000000000000e+03 0.000000000000000000e+00 0.000000000000000000e+00 1.434368928601465449e-14
2.240000000000000000e+03 0.000000000000000000e+00 0.000000000000000000e+00 1.433206925855951191e-14
2.241000000000000000e+03 0.000000000000000000e+00 0.000000000000000000e+00 1.432046286186058945e-14
2.242000000000000000e+03 0.000000000000000000e+00 0.000000000000000000e+00 1.430886990968141788e-14
2.243000000000000000e+03 0.000000000000000000e+00 0.000000000000000000e+00 1.429729032882543028e-14
2.244000000000000000e+03 0.000000000000000000e+00 0.000000000000000000e+00 1.428572393669992171e-14
2.245000000000000000e+03 0.000000000000000000e+00 0.000000000000000000e+00 1.427417066109861706e-14
2.246000000000000000e+03 0.000000000000000000e+00 0.000000000000000000e+00 1.426263032242331477e-14
2.247000000000000000e+03 0.000000000000000000e+00 0.000000000000000000e+00 1.425110285390360982e-14
2.248000000000000000e+03 0.000000000000000000e+00 0.000000000000000000e+00 1.423958807964759322e-14
2.249000000000000000e+03 0.000000000000000000e+00 0.000000000000000000e+00 1.422808593494911647e-14
2.250000000000000000e+03 0.000000000000000000e+00 0.000000000000000000e+00 1.421659624924992955e-14
2.251000000000000000e+03 0.000000000000000000e+00 0.000000000000000000e+00 1.420511896358776638e-14
2.252000000000000000e+03 0.000000000000000000e+00 0.000000000000000000e+00 1.419365390977947777e-14
2.253000000000000000e+03 0.000000000000000000e+00 0.000000000000000000e+00 1.418220103493689882e-14
2.254000000000000000e+03 0.000000000000000000e+00 0.000000000000000000e+00 1.417076017079491611e-14
2.255000000000000000e+03 0.000000000000000000e+00 0.000000000000000000e+00 1.415933127096452942e-14
2.256000000000000000e+03 0.000000000000000000e+00 0.000000000000000000e+00 1.414791417291914982e-14
2.257000000000000000e+03 0.000000000000000000e+00 0.000000000000000000e+00 1.413650882984125519e-14
2.258000000000000000e+03 0.000000000000000000e+00 0.000000000000000000e+00 1.412511508842139107e-14
2.259000000000000000e+03 0.000000000000000000e+00 0.000000000000000000e+00 1.411373290665299191e-14
2.260000000000000000e+03 0.000000000000000000e+00 0.000000000000000000e+00 1.410236213424028855e-14
2.261000000000000000e+03 0.000000000000000000e+00 0.000000000000000000e+00 1.409100273432916364e-14
2.262000000000000000e+03 0.000000000000000000e+00 0.000000000000000000e+00 1.407965456311559421e-14
2.263000000000000000e+03 0.000000000000000000e+00 0.000000000000000000e+00 1.406831758955037318e-14
2.264000000000000000e+03 0.000000000000000000e+00 0.000000000000000000e+00 1.405699167518985058e-14
2.265000000000000000e+03 0.000000000000000000e+00 0.000000000000000000e+00 1.404567679259625294e-14
2.266000000000000000e+03 0.000000000000000000e+00 0.000000000000000000e+00 1.403437280708263105e-14
2.267000000000000000e+03 0.000000000000000000e+00 0.000000000000000000e+00 1.402307970007170344e-14
2.268000000000000000e+03 0.000000000000000000e+00 0.000000000000000000e+00 1.401179733966795099e-14
2.269000000000000000e+03 0.000000000000000000e+00 0.000000000000000000e+00 1.400052570880769859e-14
2.270000000000000000e+03 0.000000000000000000e+00 0.000000000000000000e+00 1.398926468139035354e-14
2.271000000000000000e+03 0.000000000000000000e+00 0.000000000000000000e+00 1.397801424581994137e-14
2.272000000000000000e+03 0.000000000000000000e+00 0.000000000000000000e+00 1.396677428043541609e-14
2.273000000000000000e+03 0.000000000000000000e+00 0.000000000000000000e+00 1.395554477921360221e-14
2.274000000000000000e+03 0.000000000000000000e+00 0.000000000000000000e+00 1.394432562810812609e-14
2.275000000000000000e+03 0.000000000000000000e+00 0.000000000000000000e+00 1.393311682308522797e-14
2.276000000000000000e+03 0.000000000000000000e+00 0.000000000000000000e+00 1.392191825915003782e-14
2.277000000000000000e+03 0.000000000000000000e+00 0.000000000000000000e+00 1.391072993747869676e-14
2.278000000000000000e+03 0.000000000000000000e+00 0.000000000000000000e+00 1.389955175466831446e-14
2.279000000000000000e+03 0.000000000000000000e+00 0.000000000000000000e+00 1.388838372171892515e-14
2.280000000000000000e+03 0.000000000000000000e+00 0.000000000000000000e+00 1.387722574062635956e-14
2.281000000000000000e+03 0.000000000000000000e+00 0.000000000000000000e+00 1.386607782505648114e-14
2.282000000000000000e+03 0.000000000000000000e+00 0.000000000000000000e+00 1.385493988713078774e-14
2.283000000000000000e+03 0.000000000000000000e+00 0.000000000000000000e+00 1.384381194256822904e-14
2.284000000000000000e+03 0.000000000000000000e+00 0.000000000000000000e+00 1.383269391006405278e-14
2.285000000000000000e+03 0.000000000000000000e+00 0.000000000000000000e+00 1.382158581120121723e-14
2.286000000000000000e+03 0.000000000000000000e+00 0.000000000000000000e+00 1.381048756643950209e-14
2.287000000000000000e+03 0.000000000000000000e+00 0.000000000000000000e+00 1.379939920598398910e-14
2.288000000000000000e+03 0.000000000000000000e+00 0.000000000000000000e+00 1.378832065633694476e-14
2.289000000000000000e+03 0.000000000000000000e+00 0.000000000000000000e+00 1.377725195321494111e-14
2.290000000000000000e+03 0.000000000000000000e+00 0.000000000000000000e+00 1.376619302852785934e-14
2.291000000000000000e+03 0.000000000000000000e+00 0.000000000000000000e+00 1.375514392100598204e-14
2.292000000000000000e+03 0.000000000000000000e+00 0.000000000000000000e+00 1.374410456877107402e-14
2.293000000000000000e+03 0.000000000000000000e+00 0.000000000000000000e+00 1.373307501574267271e-14
2.294000000000000000e+03 0.000000000000000000e+00 0.000000000000000000e+00 1.372205520782263942e-14
2.295000000000000000e+03 0.000000000000000000e+00 0.000000000000000000e+00 1.371104519569817137e-14
2.296000000000000000e+03 0.000000000000000000e+00 0.000000000000000000e+00 1.370004492930440529e-14
2.297000000000000000e+03 0.000000000000000000e+00 0.000000000000000000e+00 1.368905446241797329e-14
2.298000000000000000e+03 0.000000000000000000e+00 0.000000000000000000e+00 1.367807375400733090e-14
2.299000000000000000e+03 0.000000000000000000e+00 0.000000000000000000e+00 1.366710286277983168e-14
2.300000000000000000e+03 0.000000000000000000e+00 0.000000000000000000e+00 1.365614175307624588e-14
2.301000000000000000e+03 0.000000000000000000e+00 0.000000000000000000e+00 1.364519049022791638e-14
2.302000000000000000e+03 0.000000000000000000e+00 0.000000000000000000e+00 1.363424904043593519e-14
2.303000000000000000e+03 0.000000000000000000e+00 0.000000000000000000e+00 1.362331747634916152e-14
2.304000000000000000e+03 0.000000000000000000e+00 0.000000000000000000e+00 1.361239577064106392e-14
2.305000000000000000e+03 0.000000000000000000e+00 0.000000000000000000e+00 1.360148399705194905e-14
2.306000000000000000e+03 0.000000000000000000e+00 0.000000000000000000e+00 1.359058213427168935e-14
2.307000000000000000e+03 0.000000000000000000e+00 0.000000000000000000e+00 1.357969026406785231e-14
2.308000000000000000e+03 0.000000000000000000e+00 0.000000000000000000e+00 1.356880836661298388e-14
2.309000000000000000e+03 0.000000000000000000e+00 0.000000000000000000e+00 1.355793653349937614e-14
2.310000000000000000e+03 0.000000000000000000e+00 0.000000000000000000e+00 1.354707474850255207e-14
2.311000000000000000e+03 0.000000000000000000e+00 0.000000000000000000e+00 1.353622310868107498e-14
2.312000000000000000e+03 0.000000000000000000e+00 0.000000000000000000e+00 1.352538160534710767e-14
2.313000000000000000e+03 0.000000000000000000e+00 0.000000000000000000e+00 1.351455033932213992e-14
2.314000000000000000e+03 0.000000000000000000e+00 0.000000000000000000e+00 1.350372930797010623e-14
2.315000000000000000e+03 0.000000000000000000e+00 0.000000000000000000e+00 1.349291861909632612e-14
2.316000000000000000e+03 0.000000000000000000e+00 0.000000000000000000e+00 1.348211827456585136e-14
2.317000000000000000e+03 0.000000000000000000e+00 0.000000000000000000e+00 1.347132838605818889e-14
2.318000000000000000e+03 0.000000000000000000e+00 0.000000000000000000e+00 1.346054896264176814e-14
2.319000000000000000e+03 0.000000000000000000e+00 0.000000000000000000e+00 1.344978012055561267e-14
2.320000000000000000e+03 0.000000000000000000e+00 0.000000000000000000e+00 1.343902187492396728e-14
2.321000000000000000e+03 0.000000000000000000e+00 0.000000000000000000e+00 1.342827434451959474e-14
2.322000000000000000e+03 0.000000000000000000e+00 0.000000000000000000e+00 1.341753755212088523e-14
2.323000000000000000e+03 0.000000000000000000e+00 0.000000000000000000e+00 1.340681162335168177e-14
2.324000000000000000e+03 0.000000000000000000e+00 0.000000000000000000e+00 1.339609658311820851e-14
2.325000000000000000e+03 0.000000000000000000e+00 0.000000000000000000e+00 1.338539256340168645e-14
2.326000000000000000e+03 0.000000000000000000e+00 0.000000000000000000e+00 1.337469959611976227e-14
2.327000000000000000e+03 0.000000000000000000e+00 0.000000000000000000e+00 1.336401781867378930e-14
2.328000000000000000e+03 0.000000000000000000e+00 0.000000000000000000e+00 1.335334726640715789e-14
2.329000000000000000e+03 0.000000000000000000e+00 0.000000000000000000e+00 1.334268808186388133e-14
2.330000000000000000e+03 0.000000000000000000e+00 0.000000000000000000e+00 1.333204030447081271e-14
2.331000000000000000e+03 0.000000000000000000e+00 0.000000000000000000e+00 1.332140408052492534e-14
2.332000000000000000e+03 0.000000000000000000e+00 0.000000000000000000e+00 1.331077945360873791e-14
2.333000000000000000e+03 0.000000000000000000e+00 0.000000000000000000e+00 1.330016657510792402e-14
2.334000000000000000e+03 0.000000000000000000e+00 0.000000000000000000e+00 1.328956549160762944e-14
2.335000000000000000e+03 0.000000000000000000e+00 0.000000000000000000e+00 1.327897635791956488e-14
2.336000000000000000e+03 0.000000000000000000e+00 0.000000000000000000e+00 1.326839922920050145e-14
2.337000000000000000e+03 0.000000000000000000e+00 0.000000000000000000e+00 1.325783426280277895e-14
2.338000000000000000e+03 0.000000000000000000e+00 0.000000000000000000e+00 1.324728151677623224e-14
2.339000000000000000e+03 0.000000000000000000e+00 0.000000000000000000e+00 1.323674115362453226e-14
2.340000000000000000e+03 0.000000000000000000e+00 0.000000000000000000e+00 1.322621323803216854e-14
2.341000000000000000e+03 0.000000000000000000e+00 0.000000000000000000e+00 1.321569793559780839e-14
2.342000000000000000e+03 0.000000000000000000e+00 0.000000000000000000e+00 1.320519531407944127e-14
2.343000000000000000e+03 0.000000000000000000e+00 0.000000000000000000e+00 1.319470554328540708e-14
2.344000000000000000e+03 0.000000000000000000e+00 0.000000000000000000e+00 1.318422869660876221e-14
2.345000000000000000e+03 0.000000000000000000e+00 0.000000000000000000e+00 1.317376494643477746e-14
2.346000000000000000e+03 0.000000000000000000e+00 0.000000000000000000e+00 1.316331437174671683e-14
2.347000000000000000e+03 0.000000000000000000e+00 0.000000000000000000e+00 1.315287714772992710e-14
2.348000000000000000e+03 0.000000000000000000e+00 0.000000000000000000e+00 1.314245335485533138e-14
2.349000000000000000e+03 0.000000000000000000e+00 0.000000000000000000e+00 1.313204317519076916e-14
2.350000000000000000e+03 0.000000000000000000e+00 0.000000000000000000e+00 1.312164668986440462e-14
2.351000000000000000e+03 0.000000000000000000e+00 0.000000000000000000e+00 1.311126408554662621e-14
2.352000000000000000e+03 0.000000000000000000e+00 0.000000000000000000e+00 1.310089544914626197e-14
2.353000000000000000e+03 0.000000000000000000e+00 0.000000000000000000e+00 1.309054096735401669e-14
2.354000000000000000e+03 0.000000000000000000e+00 0.000000000000000000e+00 1.308020073104484597e-14
2.355000000000000000e+03 0.000000000000000000e+00 0.000000000000000000e+00 1.306987492958923403e-14
2.356000000000000000e+03 0.000000000000000000e+00 0.000000000000000000e+00 1.305956365837788867e-14
2.357000000000000000e+03 0.000000000000000000e+00 0.000000000000000000e+00 1.304926711008309196e-14
2.358000000000000000e+03 0.000000000000000000e+00 0.000000000000000000e+00 1.303898538085158021e-14
2.359000000000000000e+03 0.000000000000000000e+00 0.000000000000000000e+00 1.302871866916952142e-14
2.360000000000000000e+03 0.000000000000000000e+00 0.000000000000000000e+00 1.301846707501029468e-14
2.361000000000000000e+03 0.000000000000000000e+00 0.000000000000000000e+00 1.300823079890168574e-14
2.362000000000000000e+03 0.000000000000000000e+00 0.000000000000000000e+00 1.299800994293668300e-14
2.363000000000000000e+03 0.000000000000000000e+00 0.000000000000000000e+00 1.298780471010092300e-14
2.364000000000000000e+03 0.000000000000000000e+00 0.000000000000000000e+00 1.297761520574868236e-14
2.365000000000000000e+03 0.000000000000000000e+00 0.000000000000000000e+00 1.296744163246011208e-14
2.366000000000000000e+03 0.000000000000000000e+00 0.000000000000000000e+00 1.295728410025413849e-14
2.367000000000000000e+03 0.000000000000000000e+00 0.000000000000000000e+00 1.294714281364702651e-14
2.368000000000000000e+03 0.000000000000000000e+00 0.000000000000000000e+00 1.293701788132760727e-14
2.369000000000000000e+03 0.000000000000000000e+00 0.000000000000000000e+00 1.292690951240532461e-14
2.370000000000000000e+03 0.000000000000000000e+00 0.000000000000000000e+00 1.291681781733809490e-14
2.371000000000000000e+03 0.000000000000000000e+00 0.000000000000000000e+00 1.290674300547597877e-14
2.372000000000000000e+03 0.000000000000000000e+00 0.000000000000000000e+00 1.289668519086425491e-14
2.373000000000000000e+03 0.000000000000000000e+00 0.000000000000000000e+00 1.288664458324661292e-14
2.374000000000000000e+03 0.000000000000000000e+00 0.000000000000000000e+00 1.287662129835524902e-14
2.375000000000000000e+03 0.000000000000000000e+00 0.000000000000000000e+00 1.286661554984428362e-14
2.376000000000000000e+03 0.000000000000000000e+00 0.000000000000000000e+00 1.285662745168272678e-14
2.377000000000000000e+03 0.000000000000000000e+00 0.000000000000000000e+00 1.284665722011694004e-14
2.378000000000000000e+03 0.000000000000000000e+00 0.000000000000000000e+00 1.283670497209524810e-14
2.379000000000000000e+03 0.000000000000000000e+00 0.000000000000000000e+00 1.282677092246686409e-14
2.380000000000000000e+03 0.000000000000000000e+00 0.000000000000000000e+00 1.281685518929299825e-14
2.381000000000000000e+03 0.000000000000000000e+00 0.000000000000000000e+00 1.280695798879434100e-14
2.382000000000000000e+03 0.000000000000000000e+00 0.000000000000000000e+00 1.279707943861290976e-14
2.383000000000000000e+03 0.000000000000000000e+00 0.000000000000000000e+00 1.278721975631299389e-14
2.384000000000000000e+03 0.000000000000000000e+00 0.000000000000000000e+00 1.277737905935951470e-14
2.385000000000000000e+03 0.000000000000000000e+00 0.000000000000000000e+00 1.276755756580549402e-14
2.386000000000000000e+03 0.000000000000000000e+00 0.000000000000000000e+00 1.275775539380507146e-14
2.387000000000000000e+03 0.000000000000000000e+00 0.000000000000000000e+00 1.274797276155167189e-14
2.388000000000000000e+03 0.000000000000000000e+00 0.000000000000000000e+00 1.273820978910504993e-14
2.389000000000000000e+03 0.000000000000000000e+00 0.000000000000000000e+00 1.272846669466645751e-14
2.390000000000000000e+03 0.000000000000000000e+00 0.000000000000000000e+00 1.271874359721541785e-14
2.391000000000000000e+03 0.000000000000000000e+00 0.000000000000000000e+00 1.270904071379621581e-14
2.392000000000000000e+03 0.000000000000000000e+00 0.000000000000000000e+00 1.269935816475815425e-14
2.393000000000000000e+03 0.000000000000000000e+00 0.000000000000000000e+00 1.268969616637174016e-14
2.394000000000000000e+03 0.000000000000000000e+00 0.000000000000000000e+00 1.268005483666786627e-14
2.395000000000000000e+03 0.000000000000000000e+00 0.000000000000000000e+00 1.267043438937229576e-14
2.396000000000000000e+03 0.000000000000000000e+00 0.000000000000000000e+00 1.266083494229442973e-14
2.397000000000000000e+03 0.000000000000000000e+00 0.000000000000000000e+00 1.265125670765851509e-14
2.398000000000000000e+03 0.000000000000000000e+00 0.000000000000000000e+00 1.264169980190046249e-14
2.399000000000000000e+03 0.000000000000000000e+00 0.000000000000000000e+00 1.263216443781877962e-14
2.400000000000000000e+03 0.000000000000000000e+00 0.000000000000000000e+00 1.262265073010437732e-14
2.401000000000000000e+03 0.000000000000000000e+00 0.000000000000000000e+00 1.261315888956172331e-14
2.402000000000000000e+03 0.000000000000000000e+00 0.000000000000000000e+00 1.260368902887046919e-14
2.403000000000000000e+03 0.000000000000000000e+00 0.000000000000000000e+00 1.259424136041585263e-14
2.404000000000000000e+03 0.000000000000000000e+00 0.000000000000000000e+00 1.258481599469602821e-14
2.405000000000000000e+03 0.000000000000000000e+00 0.000000000000000000e+00 1.257541314096748819e-14
2.406000000000000000e+03 0.000000000000000000e+00 0.000000000000000000e+00 1.256603291102231627e-14
2.407000000000000000e+03 0.000000000000000000e+00 0.000000000000000000e+00 1.255667551086631716e-14
2.408000000000000000e+03 0.000000000000000000e+00 0.000000000000000000e+00 1.254734104989766728e-14
2.409000000000000000e+03 0.000000000000000000e+00 0.000000000000000000e+00 1.253802973314978984e-14
2.410000000000000000e+03 0.000000000000000000e+00 0.000000000000000000e+00 1.252874166713677948e-14
2.411000000000000000e+03 0.000000000000000000e+00 0.000000000000000000e+00 1.251947705512141693e-14
2.412000000000000000e+03 0.000000000000000000e+00 0.000000000000000000e+00 1.251023600206781610e-14
2.413000000000000000e+03 0.000000000000000000e+00 0.000000000000000000e+00 1.250101870840701687e-14
2.414000000000000000e+03 0.000000000000000000e+00 0.000000000000000000e+00 1.249182527808667482e-14
2.415000000000000000e+03 0.000000000000000000e+00 0.000000000000000000e+00 1.248265590733654756e-14
2.416000000000000000e+03 0.000000000000000000e+00 0.000000000000000000e+00 1.247351069684132688e-14
2.417000000000000000e+03 0.000000000000000000e+00 0.000000000000000000e+00 1.246438984314969264e-14
2.418000000000000000e+03 0.000000000000000000e+00 0.000000000000000000e+00 1.245529344273039419e-14
2.419000000000000000e+03 0.000000000000000000e+00 0.000000000000000000e+00 1.244622168837862442e-14
2.420000000000000000e+03 0.000000000000000000e+00 0.000000000000000000e+00 1.243717467435082748e-14
2.421000000000000000e+03 0.000000000000000000e+00 0.000000000000000000e+00 1.242815259165621676e-14
2.422000000000000000e+03 0.000000000000000000e+00 0.000000000000000000e+00 1.241915553402420948e-14
2.423000000000000000e+03 0.000000000000000000e+00 0.000000000000000000e+00 1.241018368705199619e-14
2.424000000000000000e+03 0.000000000000000000e+00 0.000000000000000000e+00 1.240123714147463116e-14
2.425000000000000000e+03 0.000000000000000000e+00 0.000000000000000000e+00 1.239231608107146647e-14
2.426000000000000000e+03 0.000000000000000000e+00 0.000000000000000000e+00 1.238342059353205002e-14
2.427000000000000000e+03 0.000000000000000000e+00 0.000000000000000000e+00 1.237455085705609232e-14
2.428000000000000000e+03 0.000000000000000000e+00 0.000000000000000000e+00 1.236570695529913061e-14
2.429000000000000000e+03 0.000000000000000000e+00 0.000000000000000000e+00 1.235688906279339323e-14
2.430000000000000000e+03 0.000000000000000000e+00 0.000000000000000000e+00 1.234809725865812800e-14
2.431000000000000000e+03 0.000000000000000000e+00 0.000000000000000000e+00 1.233933171183661626e-14
2.432000000000000000e+03 0.000000000000000000e+00 0.000000000000000000e+00 1.233059249829399225e-14
2.433000000000000000e+03 0.000000000000000000e+00 0.000000000000000000e+00 1.232187978232074418e-14
2.434000000000000000e+03 0.000000000000000000e+00 0.000000000000000000e+00 1.231319363569018717e-14
2.435000000000000000e+03 0.000000000000000000e+00 0.000000000000000000e+00 1.230453421912377079e-14
2.436000000000000000e+03 0.000000000000000000e+00 0.000000000000000000e+00 1.229590159893005986e-14
2.437000000000000000e+03 0.000000000000000000e+00 0.000000000000000000e+00 1.228729593208674362e-14
2.438000000000000000e+03 0.000000000000000000e+00 0.000000000000000000e+00 1.227871727965854921e-14
2.439000000000000000e+03 0.000000000000000000e+00 0.000000000000000000e+00 1.227016579580555352e-14
2.440000000000000000e+03 0.000000000000000000e+00 0.000000000000000000e+00 1.226164153628181211e-14
2.441000000000000000e+03 0.000000000000000000e+00 0.000000000000000000e+00 1.225314465041783764e-14
2.442000000000000000e+03 0.000000000000000000e+00 0.000000000000000000e+00 1.224467518951467471e-14
2.443000000000000000e+03 0.000000000000000000e+00 0.000000000000000000e+00 1.223623329560721211e-14
2.444000000000000000e+03 0.000000000000000000e+00 0.000000000000000000e+00 1.222781901673196714e-14
2.445000000000000000e+03 0.000000000000000000e+00 0.000000000000000000e+00 1.221943248970735646e-14
2.446000000000000000e+03 0.000000000000000000e+00 0.000000000000000000e+00 1.221107375753910576e-14
2.447000000000000000e+03 0.000000000000000000e+00 0.000000000000000000e+00 1.220274295249587487e-14
2.448000000000000000e+03 0.000000000000000000e+00 0.000000000000000000e+00 1.219444011108667659e-14
2.449000000000000000e+03 0.000000000000000000e+00 0.000000000000000000e+00 1.218616535816960507e-14
2.450000000000000000e+03 0.000000000000000000e+00 0.000000000000000000e+00 1.217791872712970506e-14
2.451000000000000000e+03 0.000000000000000000e+00 0.000000000000000000e+00 1.216970033748347263e-14
2.452000000000000000e+03 0.000000000000000000e+00 0.000000000000000000e+00 1.216151021598984279e-14
2.453000000000000000e+03 0.000000000000000000e+00 0.000000000000000000e+00 1.215334847677530114e-14
2.454000000000000000e+03 0.000000000000000000e+00 0.000000000000000000e+00 1.214521514192919470e-14
2.455000000000000000e+03 0.000000000000000000e+00 0.000000000000000000e+00 1.213711031871765814e-14
2.456000000000000000e+03 0.000000000000000000e+00 0.000000000000000000e+00 1.212903402527611301e-14
2.457000000000000000e+03 0.000000000000000000e+00 0.000000000000000000e+00 1.212098636539951508e-14
2.458000000000000000e+03 0.000000000000000000e+00 0.000000000000000000e+00 1.211296734810313876e-14
2.459000000000000000e+03 0.000000000000000000e+00 0.000000000000000000e+00 1.210497707366595837e-14
2.460000000000000000e+03 0.000000000000000000e+00 0.000000000000000000e+00 1.209701554446061824e-14
2.461000000000000000e+03 0.000000000000000000e+00 0.000000000000000000e+00 1.208908285597299591e-14
2.462000000000000000e+03 0.000000000000000000e+00 0.000000000000000000e+00 1.208117900462804952e-14
2.463000000000000000e+03 0.000000000000000000e+00 0.000000000000000000e+00 1.207330407826737986e-14
2.464000000000000000e+03 0.000000000000000000e+00 0.000000000000000000e+00 1.206545806704997554e-14
2.465000000000000000e+03 0.000000000000000000e+00 0.000000000000000000e+00 1.205764105453157660e-14
2.466000000000000000e+03 0.000000000000000000e+00 0.000000000000000000e+00 1.204985302212043544e-14
2.467000000000000000e+03 0.000000000000000000e+00 0.000000000000000000e+00 1.204209404565257657e-14
2.468000000000000000e+03 0.000000000000000000e+00 0.000000000000000000e+00 1.203436410221082551e-14
2.469000000000000000e+03 0.000000000000000000e+00 0.000000000000000000e+00 1.202666326094958330e-14
2.470000000000000000e+03 0.000000000000000000e+00 0.000000000000000000e+00 1.201899149412613284e-14
2.471000000000000000e+03 0.000000000000000000e+00 0.000000000000000000e+00 1.201134886360359632e-14
2.472000000000000000e+03 0.000000000000000000e+00 0.000000000000000000e+00 1.200373533618812366e-14
2.473000000000000000e+03 0.000000000000000000e+00 0.000000000000000000e+00 1.199615096691909714e-14
2.474000000000000000e+03 0.000000000000000000e+00 0.000000000000000000e+00 1.198859571782291901e-14
2.475000000000000000e+03 0.000000000000000000e+00 0.000000000000000000e+00 1.198106963733465329e-14
2.476000000000000000e+03 0.000000000000000000e+00 0.000000000000000000e+00 1.197357267983034179e-14
2.477000000000000000e+03 0.000000000000000000e+00 0.000000000000000000e+00 1.196610488884358911e-14
2.478000000000000000e+03 0.000000000000000000e+00 0.000000000000000000e+00 1.195866621215310336e-14
2.479000000000000000e+03 0.000000000000000000e+00 0.000000000000000000e+00 1.195125668612389237e-14
2.480000000000000000e+03 0.000000000000000000e+00 0.000000000000000000e+00 1.194387625061909036e-14
2.481000000000000000e+03 0.000000000000000000e+00 0.000000000000000000e+00 1.193652493554372637e-14
2.482000000000000000e+03 0.000000000000000000e+00 0.000000000000000000e+00 1.192920267541329544e-14
2.483000000000000000e+03 0.000000000000000000e+00 0.000000000000000000e+00 1.192190949301415053e-14
2.484000000000000000e+03 0.000000000000000000e+00 0.000000000000000000e+00 1.191464531624155712e-14
2.485000000000000000e+03 0.000000000000000000e+00 0.000000000000000000e+00 1.190741016211213950e-14
2.486000000000000000e+03 0.000000000000000000e+00 0.000000000000000000e+00 1.190020395224136018e-14
2.487000000000000000e+03 0.000000000000000000e+00 0.000000000000000000e+00 1.189302669530992029e-14
2.488000000000000000e+03 0.000000000000000000e+00 0.000000000000000000e+00 1.188587830837226055e-14
2.489000000000000000e+03 0.000000000000000000e+00 0.000000000000000000e+00 1.187875879298275565e-14
2.490000000000000000e+03 0.000000000000000000e+00 0.000000000000000000e+00 1.187166805555991241e-14
2.491000000000000000e+03 0.000000000000000000e+00 0.000000000000000000e+00 1.186460609244264788e-14
2.492000000000000000e+03 0.000000000000000000e+00 0.000000000000000000e+00 1.185757280124686980e-14
2.493000000000000000e+03 0.000000000000000000e+00 0.000000000000000000e+00 1.185056816788639071e-14
2.494000000000000000e+03 0.000000000000000000e+00 0.000000000000000000e+00 1.184359208225387032e-14
2.495000000000000000e+03 0.000000000000000000e+00 0.000000000000000000e+00 1.183664452293488577e-14
2.496000000000000000e+03 0.000000000000000000e+00 0.000000000000000000e+00 1.182972537252824150e-14
2.497000000000000000e+03 0.000000000000000000e+00 0.000000000000000000e+00 1.182283460025944652e-14
2.498000000000000000e+03 0.000000000000000000e+00 0.000000000000000000e+00 1.181597208401096151e-14
2.499000000000000000e+03 0.000000000000000000e+00 0.000000000000000000e+00 1.180913778579338782e-14
2.500000000000000000e+03 0.000000000000000000e+00 0.000000000000000000e+00 1.180233157480136635e-14
2.501000000000000000e+03 0.000000000000000000e+00 0.000000000000000000e+00 1.179555340816987418e-14
2.502000000000000000e+03 0.000000000000000000e+00 0.000000000000000000e+00 1.178880314781173339e-14
2.503000000000000000e+03 0.000000000000000000e+00 0.000000000000000000e+00 1.178208074277562505e-14
2.504000000000000000e+03 0.000000000000000000e+00 0.000000000000000000e+00 1.177538604806703889e-14
2.505000000000000000e+03 0.000000000000000000e+00 0.000000000000000000e+00 1.176871900490044836e-14
2.506000000000000000e+03 0.000000000000000000e+00 0.000000000000000000e+00 1.176207946158321358e-14
2.507000000000000000e+03 0.000000000000000000e+00 0.000000000000000000e+00 1.175546735213225215e-14
2.508000000000000000e+03 0.000000000000000000e+00 0.000000000000000000e+00 1.174888251829088518e-14
2.509000000000000000e+03 0.000000000000000000e+00 0.000000000000000000e+00 1.174232488492761666e-14
2.510000000000000000e+03 0.000000000000000000e+00 0.000000000000000000e+00 1.173579428735541694e-14
2.511000000000000000e+03 0.000000000000000000e+00 0.000000000000000000e+00 1.172929064556527249e-14
2.512000000000000000e+03 0.000000000000000000e+00 0.000000000000000000e+00 1.172281379223952817e-14
2.513000000000000000e+03 0.000000000000000000e+00 0.000000000000000000e+00 1.171636362515961365e-14
2.514000000000000000e+03 0.000000000000000000e+00 0.000000000000000000e+00 1.170993997629277768e-14
2.515000000000000000e+03 0.000000000000000000e+00 0.000000000000000000e+00 1.170354275432258813e-14
2.516000000000000000e+03 0.000000000000000000e+00 0.000000000000000000e+00 1.169717176248944582e-14
2.517000000000000000e+03 0.000000000000000000e+00 0.000000000000000000e+00 1.169082691201334940e-14
2.518000000000000000e+03 0.000000000000000000e+00 0.000000000000000000e+00 1.168450799274058619e-14
2.519000000000000000e+03 0.000000000000000000e+00 0.000000000000000000e+00 1.167821491882647947e-14
2.520000000000000000e+03 0.000000000000000000e+00 0.000000000000000000e+00 1.167194748570592276e-14
2.521000000000000000e+03 0.000000000000000000e+00 0.000000000000000000e+00 1.166570558042802251e-14
2.522000000000000000e+03 0.000000000000000000e+00 0.000000000000000000e+00 1.165948899988322634e-14
2.523000000000000000e+03 0.000000000000000000e+00 0.000000000000000000e+00 1.165329761947461774e-14
2.524000000000000000e+03 0.000000000000000000e+00 0.000000000000000000e+00 1.164713123710884861e-14
2.525000000000000000e+03 0.000000000000000000e+00 0.000000000000000000e+00 1.164098972078980271e-14
2.526000000000000000e+03 0.000000000000000000e+00 0.000000000000000000e+00 1.163487285384304471e-14
2.527000000000000000e+03 0.000000000000000000e+00 0.000000000000000000e+00 1.162878051514688226e-14
2.528000000000000000e+03 0.000000000000000000e+00 0.000000000000000000e+00 1.162271246688259785e-14
2.529000000000000000e+03 0.000000000000000000e+00 0.000000000000000000e+00 1.161666859234265710e-14
2.530000000000000000e+03 0.000000000000000000e+00 0.000000000000000000e+00 1.161064864283959208e-14
2.531000000000000000e+03 0.000000000000000000e+00 0.000000000000000000e+00 1.160465247596719562e-14
2.532000000000000000e+03 0.000000000000000000e+00 0.000000000000000000e+00 1.159867986431218842e-14
2.533000000000000000e+03 0.000000000000000000e+00 0.000000000000000000e+00 1.159273065466601919e-14
2.534000000000000000e+03 0.000000000000000000e+00 0.000000000000000000e+00 1.158680459925639014e-14
2.535000000000000000e+03 0.000000000000000000e+00 0.000000000000000000e+00 1.158090155229772287e-14
2.536000000000000000e+03 0.000000000000000000e+00 0.000000000000000000e+00 1.157502125840161936e-14
2.537000000000000000e+03 0.000000000000000000e+00 0.000000000000000000e+00 1.156916357277583643e-14
2.538000000000000000e+03 0.000000000000000000e+00 0.000000000000000000e+00 1.156332823621782415e-14
2.539000000000000000e+03 0.000000000000000000e+00 0.000000000000000000e+00 1.155751509060127077e-14
2.540000000000000000e+03 0.000000000000000000e+00 0.000000000000000000e+00 1.155172387355171762e-14
2.541000000000000000e+03 0.000000000000000000e+00 0.000000000000000000e+00 1.154595442153615336e-14
2.542000000000000000e+03 0.000000000000000000e+00 0.000000000000000000e+00 1.154020646915575600e-14
2.543000000000000000e+03 0.000000000000000000e+00 0.000000000000000000e+00 1.153447984986875608e-14
2.544000000000000000e+03 0.000000000000000000e+00 0.000000000000000000e+00 1.152877429767454119e-14
2.545000000000000000e+03 0.000000000000000000e+00 0.000000000000000000e+00 1.152308962834654766e-14
2.546000000000000000e+03 0.000000000000000000e+00 0.000000000000000000e+00 1.151742557519959116e-14
2.547000000000000000e+03 0.000000000000000000e+00 0.000000000000000000e+00 1.151178196027428606e-14
2.548000000000000000e+03 0.000000000000000000e+00 0.000000000000000000e+00 1.150615851588555263e-14
2.549000000000000000e+03 0.000000000000000000e+00 0.000000000000000000e+00 1.150055506500975206e-14
2.550000000000000000e+03 0.000000000000000000e+00 0.000000000000000000e+00 1.149497132642700881e-14
2.551000000000000000e+03 0.000000000000000000e+00 0.000000000000000000e+00 1.148940710902334878e-14
2.552000000000000000e+03 0.000000000000000000e+00 0.000000000000000000e+00 1.148386213910969081e-14
2.553000000000000000e+03 0.000000000000000000e+00 0.000000000000000000e+00 1.147833623282029306e-14
2.554000000000000000e+03 0.000000000000000000e+00 0.000000000000000000e+00 1.147282910506393724e-14
2.555000000000000000e+03 0.000000000000000000e+00 0.000000000000000000e+00 1.146734056042539934e-14
2.556000000000000000e+03 0.000000000000000000e+00 0.000000000000000000e+00 1.146187032192990576e-14
2.557000000000000000e+03 0.000000000000000000e+00 0.000000000000000000e+00 1.145641818888749040e-14
2.558000000000000000e+03 0.000000000000000000e+00 0.000000000000000000e+00 1.145098387377489413e-14
2.559000000000000000e+03 0.000000000000000000e+00 0.000000000000000000e+00 1.144556718596084525e-14
2.560000000000000000e+03 0.000000000000000000e+00 0.000000000000000000e+00 1.144016783278801536e-14
2.561000000000000000e+03 0.000000000000000000e+00 0.000000000000000000e+00 1.143478561331214273e-14
2.562000000000000000e+03 0.000000000000000000e+00 0.000000000000000000e+00 1.142942023161550530e-14
2.563000000000000000e+03 0.000000000000000000e+00 0.000000000000000000e+00 1.142407149555600494e-14
2.564000000000000000e+03 0.000000000000000000e+00 0.000000000000000000e+00 1.141873912045375753e-14
2.565000000000000000e+03 0.000000000000000000e+00 0.000000000000000000e+00 1.141342290484540876e-14
2.566000000000000000e+03 0.000000000000000000e+00 0.000000000000000000e+00 1.140812255401230041e-14
2.567000000000000000e+03 0.000000000000000000e+00 0.000000000000000000e+00 1.140283787495972560e-14
2.568000000000000000e+03 0.000000000000000000e+00 0.000000000000000000e+00 1.139756856986706096e-14
2.569000000000000000e+03 0.000000000000000000e+00 0.000000000000000000e+00 1.139231444863828479e-14
2.570000000000000000e+03 0.000000000000000000e+00 0.000000000000000000e+00 1.138707520997017052e-14
2.571000000000000000e+03 0.000000000000000000e+00 0.000000000000000000e+00 1.138185066608754891e-14
2.572000000000000000e+03 0.000000000000000000e+00 0.000000000000000000e+00 1.137664051341371837e-14
2.573000000000000000e+03 0.000000000000000000e+00 0.000000000000000000e+00 1.137144456550269294e-14
2.574000000000000000e+03 0.000000000000000000e+00 0.000000000000000000e+00 1.136626252908033705e-14
2.575000000000000000e+03 0.000000000000000000e+00 0.000000000000000000e+00 1.136109421843978796e-14
2.576000000000000000e+03 0.000000000000000000e+00 0.000000000000000000e+00 1.135593933083011893e-14
2.577000000000000000e+03 0.000000000000000000e+00 0.000000000000000000e+00 1.135079768084727151e-14
2.578000000000000000e+03 0.000000000000000000e+00 0.000000000000000000e+00 1.134566897464024611e-14
2.579000000000000000e+03 0.000000000000000000e+00 0.000000000000000000e+00 1.134055301418899370e-14
2.580000000000000000e+03 0.000000000000000000e+00 0.000000000000000000e+00 1.133544952126395802e-14
2.581000000000000000e+03 0.000000000000000000e+00 0.000000000000000000e+00 1.133035830391712125e-14
2.582000000000000000e+03 0.000000000000000000e+00 0.000000000000000000e+00 1.132527907903623943e-14
2.583000000000000000e+03 0.000000000000000000e+00 0.000000000000000000e+00 1.132021165492995694e-14
2.584000000000000000e+03 0.000000000000000000e+00 0.000000000000000000e+00 1.131515574765878451e-14
2.585000000000000000e+03 0.000000000000000000e+00 0.000000000000000000e+00 1.131011117833611414e-14
2.586000000000000000e+03 0.000000000000000000e+00 0.000000000000000000e+00 1.130507766165057066e-14
2.587000000000000000e+03 0.000000000000000000e+00 0.000000000000000000e+00 1.130005502438418221e-14
2.588000000000000000e+03 0.000000000000000000e+00 0.000000000000000000e+00 1.129504297941798087e-14
2.589000000000000000e+03 0.000000000000000000e+00 0.000000000000000000e+00 1.129004135641377728e-14
2.590000000000000000e+03 0.000000000000000000e+00 0.000000000000000000e+00 1.128504986664964922e-14
2.591000000000000000e+03 0.000000000000000000e+00 0.000000000000000000e+00 1.128006834189696337e-14
2.592000000000000000e+03 0.000000000000000000e+00 0.000000000000000000e+00 1.127509649096205333e-14
2.593000000000000000e+03 0.000000000000000000e+00 0.000000000000000000e+00 1.127013415938223042e-14
2.594000000000000000e+03 0.000000000000000000e+00 0.000000000000000000e+00 1.126518105287811994e-14
2.595000000000000000e+03 0.000000000000000000e+00 0.000000000000000000e+00 1.126023702384004933e-14
2.596000000000000000e+03 0.000000000000000000e+00 0.000000000000000000e+00 1.125530178742046997e-14
2.597000000000000000e+03 0.000000000000000000e+00 0.000000000000000000e+00 1.125037518697103729e-14
2.598000000000000000e+03 0.000000000000000000e+00 0.000000000000000000e+00 1.124545694142948072e-14
2.599000000000000000e+03 0.000000000000000000e+00 0.000000000000000000e+00 1.124054690303357148e-14
2.600000000000000000e+03 0.000000000000000000e+00 0.000000000000000000e+00 1.123564480392728052e-14
2.601000000000000000e+03 0.000000000000000000e+00 0.000000000000000000e+00 1.123075048624910408e-14
2.602000000000000000e+03 0.000000000000000000e+00 0.000000000000000000e+00 1.122586370132423070e-14
2.603000000000000000e+03 0.000000000000000000e+00 0.000000000000000000e+00 1.122098428583718374e-14
2.604000000000000000e+03 0.000000000000000000e+00 0.000000000000000000e+00 1.121611200078379916e-14
2.605000000000000000e+03 0.000000000000000000e+00 0.000000000000000000e+00 1.121124667797963089e-14
2.606000000000000000e+03 0.000000000000000000e+00 0.000000000000000000e+00 1.120638808537702957e-14
2.607000000000000000e+03 0.000000000000000000e+00 0.000000000000000000e+00 1.120153607477536959e-14
2.608000000000000000e+03 0.000000000000000000e+00 0.000000000000000000e+00 1.119669040577971410e-14
2.609000000000000000e+03 0.000000000000000000e+00 0.000000000000000000e+00 1.119185092507381021e-14
2.610000000000000000e+03 0.000000000000000000e+00 0.000000000000000000e+00 1.118701741367568138e-14
2.611000000000000000e+03 0.000000000000000000e+00 0.000000000000000000e+00 1.118218972916465904e-14
2.612000000000000000e+03 0.000000000000000000e+00 0.000000000000000000e+00 1.117736764891932688e-14
2.613000000000000000e+03 0.000000000000000000e+00 0.000000000000000000e+00 1.117255104689697568e-14
2.614000000000000000e+03 0.000000000000000000e+00 0.000000000000000000e+00 1.116773969989808978e-14
2.615000000000000000e+03 0.000000000000000000e+00 0.000000000000000000e+00 1.116293348884015230e-14
2.616000000000000000e+03 0.000000000000000000e+00 0.000000000000000000e+00 1.115813218958058803e-14
2.617000000000000000e+03 0.000000000000000000e+00 0.000000000000000000e+00 1.115333568727016961e-14
2.618000000000000000e+03 0.000000000000000000e+00 0.000000000000000000e+00 1.114854378136614184e-14
2.619000000000000000e+03 0.000000000000000000e+00 0.000000000000000000e+00 1.114375635878453823e-14
2.620000000000000000e+03 0.000000000000000000e+00 0.000000000000000000e+00 1.113897321589719187e-14
2.621000000000000000e+03 0.000000000000000000e+00 0.000000000000000000e+00 1.113419424091592708e-14
2.622000000000000000e+03 0.000000000000000000e+00 0.000000000000000000e+00 1.112941925428736539e-14
2.623000000000000000e+03 0.000000000000000000e+00 0.000000000000000000e+00 1.112464814405660535e-14
2.624000000000000000e+03 0.000000000000000000e+00 0.000000000000000000e+00 1.111988072990945950e-14
2.625000000000000000e+03 0.000000000000000000e+00 0.000000000000000000e+00 1.111511691112784195e-14
2.626000000000000000e+03 0.000000000000000000e+00 0.000000000000000000e+00 1.111035652056197345e-14
2.627000000000000000e+03 0.000000000000000000e+00 0.000000000000000000e+00 1.110559947399676037e-14
2.628000000000000000e+03 0.000000000000000000e+00 0.000000000000000000e+00 1.110084559880427986e-14
2.629000000000000000e+03 0.000000000000000000e+00 0.000000000000000000e+00 1.109609481788439411e-14
2.630000000000000000e+03 0.000000000000000000e+00 0.000000000000000000e+00 1.109134696842303591e-14
2.631000000000000000e+03 0.000000000000000000e+00 0.000000000000000000e+00 1.108660199068681344e-14
2.632000000000000000e+03 0.000000000000000000e+00 0.000000000000000000e+00 1.108185971253674931e-14
2.633000000000000000e+03 0.000000000000000000e+00 0.000000000000000000e+00 1.107712009479977488e-14
2.634000000000000000e+03 0.000000000000000000e+00 0.000000000000000000e+00 1.107238297413031214e-14
2.635000000000000000e+03 0.000000000000000000e+00 0.000000000000000000e+00 1.106764830928565588e-14
2.636000000000000000e+03 0.000000000000000000e+00 0.000000000000000000e+00 1.106291596308728707e-14
2.637000000000000000e+03 0.000000000000000000e+00 0.000000000000000000e+00 1.105818588383496750e-14
2.638000000000000000e+03 0.000000000000000000e+00 0.000000000000000000e+00 1.105345794632527442e-14
2.639000000000000000e+03 0.000000000000000000e+00 0.000000000000000000e+00 1.104873211759219022e-14
2.640000000000000000e+03 0.000000000000000000e+00 0.000000000000000000e+00 1.104400826782647411e-14
2.641000000000000000e+03 0.000000000000000000e+00 0.000000000000000000e+00 1.103928638351973665e-14
2.642000000000000000e+03 0.000000000000000000e+00 0.000000000000000000e+00 1.103456634537818507e-14
2.643000000000000000e+03 0.000000000000000000e+00 0.000000000000000000e+00 1.102984813840463008e-14
2.644000000000000000e+03 0.000000000000000000e+00 0.000000000000000000e+00 1.102513164822765895e-14
2.645000000000000000e+03 0.000000000000000000e+00 0.000000000000000000e+00 1.102041687163586311e-14
2.646000000000000000e+03 0.000000000000000000e+00 0.000000000000000000e+00 1.101570370887567011e-14
2.647000000000000000e+03 0.000000000000000000e+00 0.000000000000000000e+00 1.101099216340671937e-14
2.648000000000000000e+03 0.000000000000000000e+00 0.000000000000000000e+00 1.100628215328685429e-14
2.649000000000000000e+03 0.000000000000000000e+00 0.000000000000000000e+00 1.100157368147565064e-14
2.650000000000000000e+03 0.000000000000000000e+00 0.000000000000000000e+00 1.099686667309282361e-14
2.651000000000000000e+03 0.000000000000000000e+00 0.000000000000000000e+00 1.099216114308034851e-14
2.652000000000000000e+03 0.000000000000000000e+00 0.000000000000000000e+00 1.098745702284098730e-14
2.653000000000000000e+03 0.000000000000000000e+00 0.000000000000000000e+00 1.098275433592331243e-14
2.654000000000000000e+03 0.000000000000000000e+00 0.000000000000000000e+00 1.097805302305742728e-14
2.655000000000000000e+03 0.000000000000000000e+00 0.000000000000000000e+00 1.097335311525342723e-14
2.656000000000000000e+03 0.000000000000000000e+00 0.000000000000000000e+00 1.096865456110264653e-14
2.657000000000000000e+03 0.000000000000000000e+00 0.000000000000000000e+00 1.096395740079648964e-14
2.658000000000000000e+03 0.000000000000000000e+00 0.000000000000000000e+00 1.095926159205253110e-14
2.659000000000000000e+03 0.000000000000000000e+00 0.000000000000000000e+00 1.095456718382975063e-14
2.660000000000000000e+03 0.000000000000000000e+00 0.000000000000000000e+00 1.094987414221284854e-14
2.661000000000000000e+03 0.000000000000000000e+00 0.000000000000000000e+00 1.094518252608551090e-14
2.662000000000000000e+03 0.000000000000000000e+00 0.000000000000000000e+00 1.094049231087799744e-14
2.663000000000000000e+03 0.000000000000000000e+00 0.000000000000000000e+00 1.093580356412051562e-14
2.664000000000000000e+03 0.000000000000000000e+00 0.000000000000000000e+00 1.093111626924868720e-14
2.665000000000000000e+03 0.000000000000000000e+00 0.000000000000000000e+00 1.092643050442123982e-14
2.666000000000000000e+03 0.000000000000000000e+00 0.000000000000000000e+00 1.092174626162976800e-14
2.667000000000000000e+03 0.000000000000000000e+00 0.000000000000000000e+00 1.091706362819024036e-14
2.668000000000000000e+03 0.000000000000000000e+00 0.000000000000000000e+00 1.091238260425626545e-14
2.669000000000000000e+03 0.000000000000000000e+00 0.000000000000000000e+00 1.090770328529368219e-14
2.670000000000000000e+03 0.000000000000000000e+00 0.000000000000000000e+00 1.090302568231950111e-14
2.671000000000000000e+03 0.000000000000000000e+00 0.000000000000000000e+00 1.089834989712768023e-14
2.672000000000000000e+03 0.000000000000000000e+00 0.000000000000000000e+00 1.089367594941538848e-14
2.673000000000000000e+03 0.000000000000000000e+00 0.000000000000000000e+00 1.088900395097083782e-14
2.674000000000000000e+03 0.000000000000000000e+00 0.000000000000000000e+00 1.088433392941355369e-14
2.675000000000000000e+03 0.000000000000000000e+00 0.000000000000000000e+00 1.087966600404949309e-14
2.676000000000000000e+03 0.000000000000000000e+00 0.000000000000000000e+00 1.087500021162711650e-14
2.677000000000000000e+03 0.000000000000000000e+00 0.000000000000000000e+00 1.087033668029732133e-14
2.678000000000000000e+03 0.000000000000000000e+00 0.000000000000000000e+00 1.086567545416598659e-14
2.679000000000000000e+03 0.000000000000000000e+00 0.000000000000000000e+00 1.086101667018126972e-14
2.680000000000000000e+03 0.000000000000000000e+00 0.000000000000000000e+00 1.085636038013333119e-14
2.681000000000000000e+03 0.000000000000000000e+00 0.000000000000000000e+00 1.085170672982154820e-14
2.682000000000000000e+03 0.000000000000000000e+00 0.000000000000000000e+00 1.084705578048090140e-14
2.683000000000000000e+03 0.000000000000000000e+00 0.000000000000000000e+00 1.084240768396188018e-14
2.684000000000000000e+03 0.000000000000000000e+00 0.000000000000000000e+00 1.083776251002949547e-14
2.685000000000000000e+03 0.000000000000000000e+00 0.000000000000000000e+00 1.083312041759579289e-14
2.686000000000000000e+03 0.000000000000000000e+00 0.000000000000000000e+00 1.082848148410184648e-14
2.687000000000000000e+03 0.000000000000000000e+00 0.000000000000000000e+00 1.082384587508914060e-14
2.688000000000000000e+03 0.000000000000000000e+00 0.000000000000000000e+00 1.081921367477958306e-14
2.689000000000000000e+03 0.000000000000000000e+00 0.000000000000000000e+00 1.081458505569728419e-14
2.690000000000000000e+03 0.000000000000000000e+00 0.000000000000000000e+00 1.080996010823403174e-14
2.691000000000000000e+03 0.000000000000000000e+00 0.000000000000000000e+00 1.080533901150475844e-14
2.692000000000000000e+03 0.000000000000000000e+00 0.000000000000000000e+00 1.080072186385357899e-14
2.693000000000000000e+03 0.000000000000000000e+00 0.000000000000000000e+00 1.079610885021522535e-14
2.694000000000000000e+03 0.000000000000000000e+00 0.000000000000000000e+00 1.079150007489433634e-14
2.695000000000000000e+03 0.000000000000000000e+00 0.000000000000000000e+00 1.078689573040468505e-14
2.696000000000000000e+03 0.000000000000000000e+00 0.000000000000000000e+00 1.078229592785469360e-14
2.697000000000000000e+03 0.000000000000000000e+00 0.000000000000000000e+00 1.077770086424526741e-14
2.698000000000000000e+03 0.000000000000000000e+00 0.000000000000000000e+00 1.077311065939943183e-14
2.699000000000000000e+03 0.000000000000000000e+00 0.000000000000000000e+00 1.076852551568331516e-14
2.700000000000000000e+03 0.000000000000000000e+00 0.000000000000000000e+00 1.076394555642739028e-14
2.701000000000000000e+03 0.000000000000000000e+00 0.000000000000000000e+00 1.075937099119843212e-14
2.702000000000000000e+03 0.000000000000000000e+00 0.000000000000000000e+00 1.075480194849858785e-14
2.703000000000000000e+03 0.000000000000000000e+00 0.000000000000000000e+00 1.075023864317128984e-14
2.704000000000000000e+03 0.000000000000000000e+00 0.000000000000000000e+00 1.074568120758158250e-14
2.705000000000000000e+03 0.000000000000000000e+00 0.000000000000000000e+00 1.074112986282178887e-14
2.706000000000000000e+03 0.000000000000000000e+00 0.000000000000000000e+00 1.073658474613937128e-14
2.707000000000000000e+03 0.000000000000000000e+00 0.000000000000000000e+00 1.073204608412121569e-14
2.708000000000000000e+03 0.000000000000000000e+00 0.000000000000000000e+00 1.072751401811209169e-14
2.709000000000000000e+03 0.000000000000000000e+00 0.000000000000000000e+00 1.072298877932451630e-14
2.710000000000000000e+03 0.000000000000000000e+00 0.000000000000000000e+00 1.071847051506977860e-14
2.711000000000000000e+03 0.000000000000000000e+00 0.000000000000000000e+00 1.071395946022788254e-14
2.712000000000000000e+03 0.000000000000000000e+00 0.000000000000000000e+00 1.070945576554893385e-14
2.713000000000000000e+03 0.000000000000000000e+00 0.000000000000000000e+00 1.070495967117965902e-14
2.714000000000000000e+03 0.000000000000000000e+00 0.000000000000000000e+00 1.070047133139887902e-14
2.715000000000000000e+03 0.000000000000000000e+00 0.000000000000000000e+00 1.069599098733725711e-14
2.716000000000000000e+03 0.000000000000000000e+00 0.000000000000000000e+00 1.069151879771714940e-14
2.717000000000000000e+03 0.000000000000000000e+00 0.000000000000000000e+00 1.068705500591682427e-14
2.718000000000000000e+03 0.000000000000000000e+00 0.000000000000000000e+00 1.068259977387470226e-14
2.719000000000000000e+03 0.000000000000000000e+00 0.000000000000000000e+00 1.067815334690145017e-14
2.720000000000000000e+03 0.000000000000000000e+00 0.000000000000000000e+00 1.067371588909056976e-14
2.721000000000000000e+03 0.000000000000000000e+00 0.000000000000000000e+00 1.066928764909038568e-14
2.722000000000000000e+03 0.000000000000000000e+00 0.000000000000000000e+00 1.066486879253719391e-14
2.723000000000000000e+03 0.000000000000000000e+00 0.000000000000000000e+00 1.066045957148442457e-14
2.724000000000000000e+03 0.000000000000000000e+00 0.000000000000000000e+00 1.065606015320045111e-14
2.725000000000000000e+03 0.000000000000000000e+00 0.000000000000000000e+00 1.065167079063379574e-14
2.726000000000000000e+03 0.000000000000000000e+00 0.000000000000000000e+00 1.064729165423898904e-14
2.727000000000000000e+03 0.000000000000000000e+00 0.000000000000000000e+00 1.064292299881978209e-14
2.728000000000000000e+03 0.000000000000000000e+00 0.000000000000000000e+00 1.063856500088140902e-14
2.729000000000000000e+03 0.000000000000000000e+00 0.000000000000000000e+00 1.063421791032286090e-14
2.730000000000000000e+03 0.000000000000000000e+00 0.000000000000000000e+00 1.062988189782231982e-14
2.731000000000000000e+03 0.000000000000000000e+00 0.000000000000000000e+00 1.062555722391018585e-14
2.732000000000000000e+03 0.000000000000000000e+00 0.000000000000000000e+00 1.062124405820579095e-14
2.733000000000000000e+03 0.000000000000000000e+00 0.000000000000000000e+00 1.061694265673488857e-14
2.734000000000000000e+03 0.000000000000000000e+00 0.000000000000000000e+00 1.061265318975390894e-14
2.735000000000000000e+03 0.000000000000000000e+00 0.000000000000000000e+00 1.060837591300709416e-14
2.736000000000000000e+03 0.000000000000000000e+00 0.000000000000000000e+00 1.060411100893821538e-14
2.737000000000000000e+03 0.000000000000000000e+00 0.000000000000000000e+00 1.059985872327019337e-14
2.738000000000000000e+03 0.000000000000000000e+00 0.000000000000000000e+00 1.059561923413079926e-14
2.739000000000000000e+03 0.000000000000000000e+00 0.000000000000000000e+00 1.059139278420053820e-14
2.740000000000000000e+03 0.000000000000000000e+00 0.000000000000000000e+00 1.058717955290282855e-14
2.741000000000000000e+03 0.000000000000000000e+00 0.000000000000000000e+00 1.058297979116083790e-14
2.742000000000000000e+03 0.000000000000000000e+00 0.000000000000000000e+00 1.057879365894747516e-14
2.743000000000000000e+03 0.000000000000000000e+00 0.000000000000000000e+00 1.057462142337786807e-14
2.744000000000000000e+03 0.000000000000000000e+00 0.000000000000000000e+00 1.057046323608346141e-14
2.745000000000000000e+03 0.000000000000000000e+00 0.000000000000000000e+00 1.056631935298512323e-14
2.746000000000000000e+03 0.000000000000000000e+00 0.000000000000000000e+00 1.056218993200226444e-14
2.747000000000000000e+03 0.000000000000000000e+00 0.000000000000000000e+00 1.055807522605723597e-14
2.748000000000000000e+03 0.000000000000000000e+00 0.000000000000000000e+00 1.055397539565411361e-14
2.749000000000000000e+03 0.000000000000000000e+00 0.000000000000000000e+00 1.054989068341903263e-14
2.750000000000000000e+03 0.000000000000000000e+00 0.000000000000000000e+00 1.054582125233557538e-14
2.751000000000000000e+03 0.000000000000000000e+00 0.000000000000000000e+00 1.054176734000836094e-14
2.752000000000000000e+03 0.000000000000000000e+00 0.000000000000000000e+00 1.053772909181556369e-14
2.753000000000000000e+03 0.000000000000000000e+00 0.000000000000000000e+00 1.053370675401175877e-14
2.754000000000000000e+03 0.000000000000000000e+00 0.000000000000000000e+00 1.052970046407118867e-14
2.755000000000000000e+03 0.000000000000000000e+00 0.000000000000000000e+00 1.052571046298001153e-14
2.756000000000000000e+03 0.000000000000000000e+00 0.000000000000000000e+00 1.052173688443405643e-14
2.757000000000000000e+03 0.000000000000000000e+00 0.000000000000000000e+00 1.051777996936196092e-14
2.758000000000000000e+03 0.000000000000000000e+00 0.000000000000000000e+00 1.051383984931439832e-14
2.759000000000000000e+03 0.000000000000000000e+00 0.000000000000000000e+00 1.050991675594009105e-14
2.760000000000000000e+03 0.000000000000000000e+00 0.000000000000000000e+00 1.050601081004969306e-14
2.761000000000000000e+03 0.000000000000000000e+00 0.000000000000000000e+00 1.050212224019767034e-14
2.762000000000000000e+03 0.000000000000000000e+00 0.000000000000000000e+00 1.049825117379847130e-14
2.763000000000000000e+03 0.000000000000000000e+00 0.000000000000000000e+00 1.049439782800783896e-14
2.764000000000000000e+03 0.000000000000000000e+00 0.000000000000000000e+00 1.049056232238890846e-14
2.765000000000000000e+03 0.000000000000000000e+00 0.000000000000000000e+00 1.048674487024607924e-14
2.766000000000000000e+03 0.000000000000000000e+00 0.000000000000000000e+00 1.048294558870148257e-14
2.767000000000000000e+03 0.000000000000000000e+00 0.000000000000000000e+00 1.047916467873778509e-14
2.768000000000000000e+03 0.000000000000000000e+00 0.000000000000000000e+00 1.047540225778303833e-14
2.769000000000000000e+03 0.000000000000000000e+00 0.000000000000000000e+00 1.047165851137400136e-14
2.770000000000000000e+03 0.000000000000000000e+00 0.000000000000000000e+00 1.046793355737614118e-14
2.771000000000000000e+03 0.000000000000000000e+00 0.000000000000000000e+00 1.046422758387712008e-14
2.772000000000000000e+03 0.000000000000000000e+00 0.000000000000000000e+00 1.046054069088474463e-14
2.773000000000000000e+03 0.000000000000000000e+00 0.000000000000000000e+00 1.045687305622031980e-14
2.774000000000000000e+03 0.000000000000000000e+00 0.000000000000000000e+00 1.045322478326047001e-14
2.775000000000000000e+03 0.000000000000000000e+00 0.000000000000000000e+00 1.044959604570874573e-14
2.776000000000000000e+03 0.000000000000000000e+00 0.000000000000000000e+00 1.044598693790387718e-14
2.777000000000000000e+03 0.000000000000000000e+00 0.000000000000000000e+00 1.044239762099797676e-14
2.778000000000000000e+03 0.000000000000000000e+00 0.000000000000000000e+00 1.043882818648611257e-14
2.779000000000000000e+03 0.000000000000000000e+00 0.000000000000000000e+00 1.043527877978904327e-14
2.780000000000000000e+03 0.000000000000000000e+00 0.000000000000000000e+00 1.043174949121202172e-14
2.781000000000000000e+03 0.000000000000000000e+00 0.000000000000000000e+00 1.042824044813388084e-14
2.782000000000000000e+03 0.000000000000000000e+00 0.000000000000000000e+00 1.042475174139137484e-14
2.783000000000000000e+03 0.000000000000000000e+00 0.000000000000000000e+00 1.042128348797310924e-14
2.784000000000000000e+03 0.000000000000000000e+00 0.000000000000000000e+00 1.041783576051343610e-14
2.785000000000000000e+03 0.000000000000000000e+00 0.000000000000000000e+00 1.041440867914749517e-14
2.786000000000000000e+03 0.000000000000000000e+00 0.000000000000000000e+00 1.041100230951307495e-14
2.787000000000000000e+03 0.000000000000000000e+00 0.000000000000000000e+00 1.040761675211804724e-14
2.788000000000000000e+03 0.000000000000000000e+00 0.000000000000000000e+00 1.040425206856579706e-14
2.789000000000000000e+03 0.000000000000000000e+00 0.000000000000000000e+00 1.040090836025889382e-14
2.790000000000000000e+03 0.000000000000000000e+00 0.000000000000000000e+00 1.039758566766884601e-14
2.791000000000000000e+03 0.000000000000000000e+00 0.000000000000000000e+00 1.039428409091175026e-14
2.792000000000000000e+03 0.000000000000000000e+00 0.000000000000000000e+00 1.039100366030035205e-14
2.793000000000000000e+03 0.000000000000000000e+00 0.000000000000000000e+00 1.038774445585966299e-14
2.794000000000000000e+03 0.000000000000000000e+00 0.000000000000000000e+00 1.038450650123325804e-14
2.795000000000000000e+03 0.000000000000000000e+00 0.000000000000000000e+00 1.038128987779203073e-14
2.796000000000000000e+03 0.000000000000000000e+00 0.000000000000000000e+00 1.037809459477907689e-14
2.797000000000000000e+03 0.000000000000000000e+00 0.000000000000000000e+00 1.037492072281256685e-14
2.798000000000000000e+03 0.000000000000000000e+00 0.000000000000000000e+00 1.037176825394812541e-14
2.799000000000000000e+03 0.000000000000000000e+00 0.000000000000000000e+00 1.036863725409397678e-14
2.800000000000000000e+03 0.000000000000000000e+00 0.000000000000000000e+00 1.036552770588206389e-14
2.801000000000000000e+03 0.000000000000000000e+00 0.000000000000000000e+00 1.036243966197513147e-14
2.802000000000000000e+03 0.000000000000000000e+00 0.000000000000000000e+00 1.035937309920463926e-14
2.803000000000000000e+03 0.000000000000000000e+00 0.000000000000000000e+00 1.035632805371096219e-14
2.804000000000000000e+03 0.000000000000000000e+00 0.000000000000000000e+00 1.035330448863657187e-14
2.805000000000000000e+03 0.000000000000000000e+00 0.000000000000000000e+00 1.035030244069635645e-14
2.806000000000000000e+03 0.000000000000000000e+00 0.000000000000000000e+00 1.034732186538670744e-14
2.807000000000000000e+03 0.000000000000000000e+00 0.000000000000000000e+00 1.034436277935215609e-14
2.808000000000000000e+03 0.000000000000000000e+00 0.000000000000000000e+00 1.034142512302563714e-14
2.809000000000000000e+03 0.000000000000000000e+00 0.000000000000000000e+00 1.033850891218274838e-14
2.810000000000000000e+03 0.000000000000000000e+00 0.000000000000000000e+00 1.033561407918693604e-14
2.811000000000000000e+03 0.000000000000000000e+00 0.000000000000000000e+00 1.033274061899568603e-14
2.812000000000000000e+03 0.000000000000000000e+00 0.000000000000000000e+00 1.032988846737299674e-14
2.813000000000000000e+03 0.000000000000000000e+00 0.000000000000000000e+00 1.032705759885892518e-14
2.814000000000000000e+03 0.000000000000000000e+00 0.000000000000000000e+00 1.032424793072330741e-14
2.815000000000000000e+03 0.000000000000000000e+00 0.000000000000000000e+00 1.032145943485753684e-14
2.816000000000000000e+03 0.000000000000000000e+00 0.000000000000000000e+00 1.031869201966187773e-14
2.817000000000000000e+03 0.000000000000000000e+00 0.000000000000000000e+00 1.031594564357419615e-14
2.818000000000000000e+03 0.000000000000000000e+00 0.000000000000000000e+00 1.031322019893108079e-14
2.819000000000000000e+03 0.000000000000000000e+00 0.000000000000000000e+00 1.031051563624288837e-14
2.820000000000000000e+03 0.000000000000000000e+00 0.000000000000000000e+00 1.030783183914185163e-14
2.821000000000000000e+03 0.000000000000000000e+00 0.000000000000000000e+00 1.030516875235113169e-14
2.822000000000000000e+03 0.000000000000000000e+00 0.000000000000000000e+00 1.030252624357585332e-14
2.823000000000000000e+03 0.000000000000000000e+00 0.000000000000000000e+00 1.029990424318643246e-14
2.824000000000000000e+03 0.000000000000000000e+00 0.000000000000000000e+00 1.029730261903494763e-14
2.825000000000000000e+03 0.000000000000000000e+00 0.000000000000000000e+00 1.029472128433753112e-14
2.826000000000000000e+03 0.000000000000000000e+00 0.000000000000000000e+00 1.029216009524409838e-14
2.827000000000000000e+03 0.000000000000000000e+00 0.000000000000000000e+00 1.028961896326413479e-14
2.828000000000000000e+03 0.000000000000000000e+00 0.000000000000000000e+00 1.028709772859864528e-14
2.829000000000000000e+03 0.000000000000000000e+00 0.000000000000000000e+00 1.028459629034556742e-14
2.830000000000000000e+03 0.000000000000000000e+00 0.000000000000000000e+00 1.028211447898267801e-14
2.831000000000000000e+03 0.000000000000000000e+00 0.000000000000000000e+00 1.027965218600244510e-14
2.832000000000000000e+03 0.000000000000000000e+00 0.000000000000000000e+00 1.027720923539335104e-14
2.833000000000000000e+03 0.000000000000000000e+00 0.000000000000000000e+00 1.027478550279482048e-14
2.834000000000000000e+03 0.000000000000000000e+00 0.000000000000000000e+00 1.027238080674445520e-14
2.835000000000000000e+03 0.000000000000000000e+00 0.000000000000000000e+00 1.026999501414606768e-14
2.836000000000000000e+03 0.000000000000000000e+00 0.000000000000000000e+00 1.026762792916433394e-14
2.837000000000000000e+03 0.000000000000000000e+00 0.000000000000000000e+00 1.026527940272975962e-14
2.838000000000000000e+03 0.000000000000000000e+00 0.000000000000000000e+00 1.026294923049075292e-14
2.839000000000000000e+03 0.000000000000000000e+00 0.000000000000000000e+00 1.026063726261905047e-14
2.840000000000000000e+03 0.000000000000000000e+00 0.000000000000000000e+00 1.025834327930165020e-14
2.841000000000000000e+03 0.000000000000000000e+00 0.000000000000000000e+00 1.025606712692698283e-14
2.842000000000000000e+03 0.000000000000000000e+00 0.000000000000000000e+00 1.025380857599502687e-14
2.843000000000000000e+03 0.000000000000000000e+00 0.000000000000000000e+00 1.025156746062094783e-14
2.844000000000000000e+03 0.000000000000000000e+00 0.000000000000000000e+00 1.024934354327708633e-14
2.845000000000000000e+03 0.000000000000000000e+00 0.000000000000000000e+00 1.024713665080746235e-14
2.846000000000000000e+03 0.000000000000000000e+00 0.000000000000000000e+00 1.024494653931262761e-14
2.847000000000000000e+03 0.000000000000000000e+00 0.000000000000000000e+00 1.024277302072781415e-14
2.848000000000000000e+03 0.000000000000000000e+00 0.000000000000000000e+00 1.024061584538403751e-14
2.849000000000000000e+03 0.000000000000000000e+00 0.000000000000000000e+00 1.023847480634074012e-14
2.850000000000000000e+03 0.000000000000000000e+00 0.000000000000000000e+00 1.023634964974421347e-14
2.851000000000000000e+03 0.000000000000000000e+00 0.000000000000000000e+00 1.023424016550853957e-14
2.852000000000000000e+03 0.000000000000000000e+00 0.000000000000000000e+00 1.023214608685287841e-14
2.853000000000000000e+03 0.000000000000000000e+00 0.000000000000000000e+00 1.023006719814710764e-14
2.854000000000000000e+03 0.000000000000000000e+00 0.000000000000000000e+00 1.022800322395664621e-14
2.855000000000000000e+03 0.000000000000000000e+00 0.000000000000000000e+00 1.022595393447855320e-14
2.856000000000000000e+03 0.000000000000000000e+00 0.000000000000000000e+00 1.022391904781469363e-14
2.857000000000000000e+03 0.000000000000000000e+00 0.000000000000000000e+00 1.022189833402361996e-14
2.858000000000000000e+03 0.000000000000000000e+00 0.000000000000000000e+00 1.021989150542711555e-14
2.859000000000000000e+03 0.000000000000000000e+00 0.000000000000000000e+00 1.021789831961508730e-14
2.860000000000000000e+03 0.000000000000000000e+00 0.000000000000000000e+00 1.021591848375874475e-14
2.861000000000000000e+03 0.000000000000000000e+00 0.000000000000000000e+00 1.021395174739550465e-14
2.862000000000000000e+03 0.000000000000000000e+00 0.000000000000000000e+00 1.021199782174755082e-14
2.863000000000000000e+03 0.000000000000000000e+00 0.000000000000000000e+00 1.021005644038206816e-14
2.864000000000000000e+03 0.000000000000000000e+00 0.000000000000000000e+00 1.020812730544814889e-14
2.865000000000000000e+03 0.000000000000000000e+00 0.000000000000000000e+00 1.020621015780311922e-14
2.866000000000000000e+03 0.000000000000000000e+00 0.000000000000000000e+00 1.020430468516567392e-14
2.867000000000000000e+03 0.000000000000000000e+00 0.000000000000000000e+00 1.020241062838858273e-14
2.868000000000000000e+03 0.000000000000000000e+00 0.000000000000000000e+00 1.020052767498201766e-14
2.869000000000000000e+03 0.000000000000000000e+00 0.000000000000000000e+00 1.019865555490660514e-14
2.870000000000000000e+03 0.000000000000000000e+00 0.000000000000000000e+00 1.019679395271485204e-14
2.871000000000000000e+03 0.000000000000000000e+00 0.000000000000000000e+00 1.019494260102780242e-14
2.872000000000000000e+03 0.000000000000000000e+00 0.000000000000000000e+00 1.019310117169223966e-14
2.873000000000000000e+03 0.000000000000000000e+00 0.000000000000000000e+00 1.019126940460994905e-14
2.874000000000000000e+03 0.000000000000000000e+00 0.000000000000000000e+00 1.018944696342585932e-14
2.875000000000000000e+03 0.000000000000000000e+00 0.000000000000000000e+00 1.018763358153266088e-14
2.876000000000000000e+03 0.000000000000000000e+00 0.000000000000000000e+00 1.018582893358807889e-14
2.877000000000000000e+03 0.000000000000000000e+00 0.000000000000000000e+00 1.018403273986633407e-14
2.878000000000000000e+03 0.000000000000000000e+00 0.000000000000000000e+00 1.018224465892968172e-14
2.879000000000000000e+03 0.000000000000000000e+00 0.000000000000000000e+00 1.018046442159305624e-14
2.880000000000000000e+03 0.000000000000000000e+00 0.000000000000000000e+00 1.017869168671796257e-14
2.881000000000000000e+03 0.000000000000000000e+00 0.000000000000000000e+00 1.017692617759486268e-14
2.882000000000000000e+03 0.000000000000000000e+00 0.000000000000000000e+00 1.017516755968440483e-14
2.883000000000000000e+03 0.000000000000000000e+00 0.000000000000000000e+00 1.017341555155046151e-14
2.884000000000000000e+03 0.000000000000000000e+00 0.000000000000000000e+00 1.017166981048598556e-14
2.885000000000000000e+03 0.000000000000000000e+00 0.000000000000000000e+00 1.016993006035132153e-14
2.886000000000000000e+03 0.000000000000000000e+00 0.000000000000000000e+00 1.016819596175143586e-14
2.887000000000000000e+03 0.000000000000000000e+00 0.000000000000000000e+00 1.016646723917663532e-14
2.888000000000000000e+03 0.000000000000000000e+00 0.000000000000000000e+00 1.016474355242557899e-14
2.889000000000000000e+03 0.000000000000000000e+00 0.000000000000000000e+00 1.016302462507447160e-14
2.890000000000000000e+03 0.000000000000000000e+00 0.000000000000000000e+00 1.016131012477286586e-14
2.891000000000000000e+03 0.000000000000000000e+00 0.000000000000000000e+00 1.015959977242508829e-14
2.892000000000000000e+03 0.000000000000000000e+00 0.000000000000000000e+00 1.015789323794420963e-14
2.893000000000000000e+03 0.000000000000000000e+00 0.000000000000000000e+00 1.015619023982107434e-14
2.894000000000000000e+03 0.000000000000000000e+00 0.000000000000000000e+00 1.015449045739120284e-14
2.895000000000000000e+03 0.000000000000000000e+00 0.000000000000000000e+00 1.015279360615413269e-14
2.896000000000000000e+03 0.000000000000000000e+00 0.000000000000000000e+00 1.015109936887137565e-14
2.897000000000000000e+03 0.000000000000000000e+00 0.000000000000000000e+00 1.014940746656004013e-14
2.898000000000000000e+03 0.000000000000000000e+00 0.000000000000000000e+00 1.014771757440312062e-14
2.899000000000000000e+03 0.000000000000000000e+00 0.000000000000000000e+00 1.014602943169442414e-14
2.900000000000000000e+03 0.000000000000000000e+00 0.000000000000000000e+00 1.014434271031779320e-14
2.901000000000000000e+03 0.000000000000000000e+00 0.000000000000000000e+00 1.014265715743543641e-14
2.902000000000000000e+03 0.000000000000000000e+00 0.000000000000000000e+00 1.014097244073235948e-14
2.903000000000000000e+03 0.000000000000000000e+00 0.000000000000000000e+00 1.013928832052139943e-14
2.904000000000000000e+03 0.000000000000000000e+00 0.000000000000000000e+00 1.013760446998404655e-14
2.905000000000000000e+03 0.000000000000000000e+00 0.000000000000000000e+00 1.013592064730877017e-14
2.906000000000000000e+03 0.000000000000000000e+00 0.000000000000000000e+00 1.013423654341953000e-14
2.907000000000000000e+03 0.000000000000000000e+00 0.000000000000000000e+00 1.013255191699439715e-14
2.908000000000000000e+03 0.000000000000000000e+00 0.000000000000000000e+00 1.013086646590537046e-14
2.909000000000000000e+03 0.000000000000000000e+00 0.000000000000000000e+00 1.012917995720797933e-14
2.910000000000000000e+03 0.000000000000000000e+00 0.000000000000000000e+00 1.012749209258871849e-14
2.911000000000000000e+03 0.000000000000000000e+00 0.000000000000000000e+00 1.012580264226468249e-14
2.912000000000000000e+03 0.000000000000000000e+00 0.000000000000000000e+00 1.012411131861943672e-14
2.913000000000000000e+03 0.000000000000000000e+00 0.000000000000000000e+00 1.012241790124962716e-14
2.914000000000000000e+03 0.000000000000000000e+00 0.000000000000000000e+00 1.012072210772719522e-14
2.915000000000000000e+03 0.000000000000000000e+00 0.000000000000000000e+00 1.011902372262095823e-14
2.916000000000000000e+03 0.000000000000000000e+00 0.000000000000000000e+00 1.011732247416876350e-14
2.917000000000000000e+03 0.000000000000000000e+00 0.000000000000000000e+00 1.011561815801710386e-14
2.918000000000000000e+03 0.000000000000000000e+00 0.000000000000000000e+00 1.011391050810408188e-14
2.919000000000000000e+03 0.000000000000000000e+00 0.000000000000000000e+00 1.011219933403708782e-14
2.920000000000000000e+03 0.000000000000000000e+00 0.000000000000000000e+00 1.011048438179741500e-14
2.921000000000000000e+03 0.000000000000000000e+00 0.000000000000000000e+00 1.010876546773745582e-14
2.922000000000000000e+03 0.000000000000000000e+00 0.000000000000000000e+00 1.010704234468797457e-14
2.923000000000000000e+03 0.000000000000000000e+00 0.000000000000000000e+00 1.010531485062238762e-14
2.924000000000000000e+03 0.000000000000000000e+00 0.000000000000000000e+00 1.010358274192354530e-14
2.925000000000000000e+03 0.000000000000000000e+00 0.000000000000000000e+00 1.010184586841013743e-14
2.926000000000000000e+03 0.000000000000000000e+00 0.000000000000000000e+00 1.010010399646456154e-14
2.927000000000000000e+03 0.000000000000000000e+00 0.000000000000000000e+00 1.009835699256128781e-14
2.928000000000000000e+03 0.000000000000000000e+00 0.000000000000000000e+00 1.009660463710786708e-14
2.929000000000000000e+03 0.000000000000000000e+00 0.000000000000000000e+00 1.009484680628286624e-14
2.930000000000000000e+03 0.000000000000000000e+00 0.000000000000000000e+00 1.009308328757108121e-14
2.931000000000000000e+03 0.000000000000000000e+00 0.000000000000000000e+00 1.009131397276744195e-14
2.932000000000000000e+03 0.000000000000000000e+00 0.000000000000000000e+00 1.008953866206663463e-14
2.933000000000000000e+03 0.000000000000000000e+00 0.000000000000000000e+00 1.008775726504202278e-14
2.934000000000000000e+03 0.000000000000000000e+00 0.000000000000000000e+00 1.008596958876551567e-14
2.935000000000000000e+03 0.000000000000000000e+00 0.000000000000000000e+00 1.008417556232256005e-14
2.936000000000000000e+03 0.000000000000000000e+00 0.000000000000000000e+00 1.008237500609229829e-14
2.937000000000000000e+03 0.000000000000000000e+00 0.000000000000000000e+00 1.008056786080603759e-14
2.938000000000000000e+03 0.000000000000000000e+00 0.000000000000000000e+00 1.007875396260920479e-14
2.939000000000000000e+03 0.000000000000000000e+00 0.000000000000000000e+00 1.007693326209140559e-14
2.940000000000000000e+03 0.000000000000000000e+00 0.000000000000000000e+00 1.007510561204345636e-14
2.941000000000000000e+03 0.000000000000000000e+00 0.000000000000000000e+00 1.007327097919670719e-14
2.942000000000000000e+03 0.000000000000000000e+00 0.000000000000000000e+00 1.007142923534640045e-14
2.943000000000000000e+03 0.000000000000000000e+00 0.000000000000000000e+00 1.006958036548039791e-14
2.944000000000000000e+03 0.000000000000000000e+00 0.000000000000000000e+00 1.006772425357164452e-14
2.945000000000000000e+03 0.000000000000000000e+00 0.000000000000000000e+00 1.006586089570528550e-14
2.946000000000000000e+03 0.000000000000000000e+00 0.000000000000000000e+00 1.006399019361082584e-14
2.947000000000000000e+03 0.000000000000000000e+00 0.000000000000000000e+00 1.006211216062927921e-14
2.948000000000000000e+03 0.000000000000000000e+00 0.000000000000000000e+00 1.006022670912455568e-14
2.949000000000000000e+03 0.000000000000000000e+00 0.000000000000000000e+00 1.005833387229820621e-14
2.950000000000000000e+03 0.000000000000000000e+00 0.000000000000000000e+00 1.005643358773523570e-14
2.951000000000000000e+03 0.000000000000000000e+00 0.000000000000000000e+00 1.005452589974052438e-14
2.952000000000000000e+03 0.000000000000000000e+00 0.000000000000000000e+00 1.005261075911070816e-14
2.953000000000000000e+03 0.000000000000000000e+00 0.000000000000000000e+00 1.005068822666557444e-14
2.954000000000000000e+03 0.000000000000000000e+00 0.000000000000000000e+00 1.004875827132015866e-14
2.955000000000000000e+03 0.000000000000000000e+00 0.000000000000000000e+00 1.004682097220647871e-14
2.956000000000000000e+03 0.000000000000000000e+00 0.000000000000000000e+00 1.004487631672130624e-14
2.957000000000000000e+03 0.000000000000000000e+00 0.000000000000000000e+00 1.004292439675082343e-14
2.958000000000000000e+03 0.000000000000000000e+00 0.000000000000000000e+00 1.004096521308649128e-14
2.959000000000000000e+03 0.000000000000000000e+00 0.000000000000000000e+00 1.003899888452360713e-14
2.960000000000000000e+03 0.000000000000000000e+00 0.000000000000000000e+00 1.003702542372711195e-14
2.961000000000000000e+03 0.000000000000000000e+00 0.000000000000000000e+00 1.003504495799181233e-14
2.962000000000000000e+03 0.000000000000000000e+00 0.000000000000000000e+00 1.003305752678268230e-14
2.963000000000000000e+03 0.000000000000000000e+00 0.000000000000000000e+00 1.003106326692197553e-14
2.964000000000000000e+03 0.000000000000000000e+00 0.000000000000000000e+00 1.002906223365154809e-14
2.965000000000000000e+03 0.000000000000000000e+00 0.000000000000000000e+00 1.002705459644711353e-14
2.966000000000000000e+03 0.000000000000000000e+00 0.000000000000000000e+00 1.002504042194402387e-14
2.967000000000000000e+03 0.000000000000000000e+00 0.000000000000000000e+00 1.002301988918205393e-14
2.968000000000000000e+03 0.000000000000000000e+00 0.000000000000000000e+00 1.002099309868488584e-14
2.969000000000000000e+03 0.000000000000000000e+00 0.000000000000000000e+00 1.001896024671418031e-14
2.970000000000000000e+03 0.000000000000000000e+00 0.000000000000000000e+00 1.001692146111398205e-14
2.971000000000000000e+03 0.000000000000000000e+00 0.000000000000000000e+00 1.001487695034423888e-14
2.972000000000000000e+03 0.000000000000000000e+00 0.000000000000000000e+00 1.001282686213202480e-14
2.973000000000000000e+03 0.000000000000000000e+00 0.000000000000000000e+00 1.001077141512406307e-14
2.974000000000000000e+03 0.000000000000000000e+00 0.000000000000000000e+00 1.000871078149633655e-14
2.975000000000000000e+03 0.000000000000000000e+00 0.000000000000000000e+00 1.000664519722207472e-14
2.976000000000000000e+03 0.000000000000000000e+00 0.000000000000000000e+00 1.000457483589459735e-14
2.977000000000000000e+03 0.000000000000000000e+00 0.000000000000000000e+00 1.000249996158596022e-14
2.978000000000000000e+03 0.000000000000000000e+00 0.000000000000000000e+00 1.000042075451440322e-14
2.979000000000000000e+03 0.000000000000000000e+00 0.000000000000000000e+00 9.998337503309687556e-15
2.980000000000000000e+03 0.000000000000000000e+00 0.000000000000000000e+00 9.996250401433369537e-15
2.981000000000000000e+03 0.000000000000000000e+00 0.000000000000000000e+00 9.994159753327920881e-15
2.982000000000000000e+03 0.000000000000000000e+00 0.000000000000000000e+00 9.992065777299093936e-15
2.983000000000000000e+03 0.000000000000000000e+00 0.000000000000000000e+00 9.989968797826369033e-15
2.984000000000000000e+03 0.000000000000000000e+00 0.000000000000000000e+00 9.987869055630316921e-15
2.985000000000000000e+03 0.000000000000000000e+00 0.000000000000000000e+00 9.985766882360824348e-15
2.986000000000000000e+03 0.000000000000000000e+00 0.000000000000000000e+00 9.983662542834724863e-15
2.987000000000000000e+03 0.000000000000000000e+00 0.000000000000000000e+00 9.981556395344626791e-15
2.988000000000000000e+03 0.000000000000000000e+00 0.000000000000000000e+00 9.979448706997777143e-15
2.989000000000000000e+03 0.000000000000000000e+00 0.000000000000000000e+00 9.977339862014589584e-15
2.990000000000000000e+03 0.000000000000000000e+00 0.000000000000000000e+00 9.975230143759281299e-15
2.991000000000000000e+03 0.000000000000000000e+00 0.000000000000000000e+00 9.973119939406685726e-15
2.992000000000000000e+03 0.000000000000000000e+00 0.000000000000000000e+00 9.971009559672583641e-15
2.993000000000000000e+03 0.000000000000000000e+00 0.000000000000000000e+00 9.968899398673378971e-15
2.994000000000000000e+03 0.000000000000000000e+00 0.000000000000000000e+00 9.966789784056915630e-15
2.995000000000000000e+03 0.000000000000000000e+00 0.000000000000000000e+00 9.964681131693918489e-15
2.996000000000000000e+03 0.000000000000000000e+00 0.000000000000000000e+00 9.962573774146030263e-15
2.997000000000000000e+03 0.000000000000000000e+00 0.000000000000000000e+00 9.960468148187521322e-15
2.998000000000000000e+03 0.000000000000000000e+00 0.000000000000000000e+00 9.958364592866126052e-15
2.999000000000000000e+03 0.000000000000000000e+00 0.000000000000000000e+00 9.956263559456878675e-15
3.000000000000000000e+03 0.000000000000000000e+00 0.000000000000000000e+00 9.954165402072475482e-15
